global_signal	global_signal_derivative1	global_signal_power2	global_signal_derivative1_power2	csf	csf_derivative1	csf_power2	csf_derivative1_power2	white_matter	white_matter_derivative1	white_matter_power2	white_matter_derivative1_power2	csf_wm	tcompcor	std_dvars	dvars	framewise_displacement	rmsd	t_comp_cor_00	t_comp_cor_01	t_comp_cor_02	c_comp_cor_00	c_comp_cor_01	c_comp_cor_02	c_comp_cor_03	c_comp_cor_04	c_comp_cor_05	w_comp_cor_00	w_comp_cor_01	w_comp_cor_02	w_comp_cor_03	w_comp_cor_04	w_comp_cor_05	w_comp_cor_06	w_comp_cor_07	w_comp_cor_08	w_comp_cor_09	w_comp_cor_10	w_comp_cor_11	w_comp_cor_12	w_comp_cor_13	w_comp_cor_14	w_comp_cor_15	w_comp_cor_16	w_comp_cor_17	w_comp_cor_18	w_comp_cor_19	w_comp_cor_20	w_comp_cor_21	w_comp_cor_22	w_comp_cor_23	w_comp_cor_24	w_comp_cor_25	w_comp_cor_26	w_comp_cor_27	w_comp_cor_28	w_comp_cor_29	w_comp_cor_30	w_comp_cor_31	w_comp_cor_32	w_comp_cor_33	w_comp_cor_34	w_comp_cor_35	w_comp_cor_36	w_comp_cor_37	w_comp_cor_38	w_comp_cor_39	w_comp_cor_40	w_comp_cor_41	w_comp_cor_42	w_comp_cor_43	w_comp_cor_44	a_comp_cor_00	a_comp_cor_01	a_comp_cor_02	a_comp_cor_03	a_comp_cor_04	a_comp_cor_05	a_comp_cor_06	a_comp_cor_07	a_comp_cor_08	a_comp_cor_09	a_comp_cor_10	a_comp_cor_11	a_comp_cor_12	a_comp_cor_13	a_comp_cor_14	a_comp_cor_15	a_comp_cor_16	a_comp_cor_17	a_comp_cor_18	a_comp_cor_19	a_comp_cor_20	a_comp_cor_21	a_comp_cor_22	a_comp_cor_23	a_comp_cor_24	a_comp_cor_25	a_comp_cor_26	a_comp_cor_27	a_comp_cor_28	a_comp_cor_29	a_comp_cor_30	a_comp_cor_31	a_comp_cor_32	a_comp_cor_33	a_comp_cor_34	a_comp_cor_35	a_comp_cor_36	a_comp_cor_37	a_comp_cor_38	a_comp_cor_39	a_comp_cor_40	a_comp_cor_41	a_comp_cor_42	a_comp_cor_43	a_comp_cor_44	cosine00	cosine01	cosine02	cosine03	cosine04	non_steady_state_outlier00	trans_x	trans_x_derivative1	trans_x_power2	trans_x_derivative1_power2	trans_y	trans_y_derivative1	trans_y_derivative1_power2	trans_y_power2	trans_z	trans_z_derivative1	trans_z_power2	trans_z_derivative1_power2	rot_x	rot_x_derivative1	rot_x_derivative1_power2	rot_x_power2	rot_y	rot_y_derivative1	rot_y_derivative1_power2	rot_y_power2	rot_z	rot_z_derivative1	rot_z_derivative1_power2	rot_z_power2	motion_outlier00	motion_outlier01	motion_outlier02	motion_outlier03	motion_outlier04	motion_outlier05	motion_outlier06	motion_outlier07	motion_outlier08	motion_outlier09	motion_outlier10	motion_outlier11	motion_outlier12	motion_outlier13	motion_outlier14
6105.137910994323	n/a	37272708.91226012	n/a	12778.767581186188	n/a	163296900.8939751	n/a	5459.056894575345	n/a	29801302.17821061	n/a	5636.666239189385	8029.3629928315	n/a	n/a	n/a	n/a	0.0	0.0	0.0	0.0	0.0	0.0	0.0	0.0	0.0	0.0	0.0	0.0	0.0	0.0	0.0	0.0	0.0	0.0	0.0	0.0	0.0	0.0	0.0	0.0	0.0	0.0	0.0	0.0	0.0	0.0	0.0	0.0	0.0	0.0	0.0	0.0	0.0	0.0	0.0	0.0	0.0	0.0	0.0	0.0	0.0	0.0	0.0	0.0	0.0	0.0	0.0	0.0	0.0	0.0	0.0	0.0	0.0	0.0	0.0	0.0	0.0	0.0	0.0	0.0	0.0	0.0	0.0	0.0	0.0	0.0	0.0	0.0	0.0	0.0	0.0	0.0	0.0	0.0	0.0	0.0	0.0	0.0	0.0	0.0	0.0	0.0	0.0	0.0	0.0	0.0	0.0	0.0	0.0	0.0	0.0	0.0	0.0	0.0	0.0	0.0	0.0	0.0	0.0	0.0	1.0	-0.496644	n/a	0.2466552627359999	n/a	-0.379457	n/a	n/a	0.143987614849	-0.971792	n/a	0.944379691264	n/a	-0.00163121	n/a	n/a	2.6608460641e-06	0.0161132	n/a	n/a	0.00025963521424	0.00197551	n/a	n/a	3.902639760100001e-06	0.0	0.0	0.0	0.0	0.0	0.0	0.0	0.0	0.0	0.0	0.0	0.0	0.0	0.0	0.0
5999.771092065978	-105.3668189283444	35997253.15719058	11102.166531078516	12387.458473759292	-391.30910742689593	153449127.4391109	153122.81755523398	5372.804590994058	-86.25230358128647	28867029.17300683	7439.459873078403	5537.923036279185	7589.449199326928	2.533376	97.395676	1.3014494	0.780051	-0.1058702529	-0.0459876875	0.0452327921	-0.2011295995	0.1452491929	-0.1685167579	0.1651556615	-0.369398148	0.0822472458	0.0620263905	-0.0942710347	-0.2248435928	0.1103857586	-0.1111407086	0.0053032506	0.1806071102	-0.0602901286	0.0475353689	-0.0596749364	0.0065126035	-0.0151562223	0.0460688544	-0.0114691401	0.151957536	-0.0049589228	0.0571276686	-0.0405366034	0.0291590683	-0.0184803893	-0.0431135459	0.1482087309	-0.0477912104	-0.073407563	0.0815933125	-0.0802709423	-0.0609596419	0.0210524818	0.0592669229	0.1108472803	-0.0617894448	-0.090807541	0.0827067948	-0.044077704	-0.094639228	-0.0916765736	0.033557307	0.1182027384	-0.000777203	-0.0959493282	-0.0137113959	0.0503840154	0.0477828961	0.0031421941	0.0097480469	0.0521977041	-0.0927048015	0.1680886543	-0.1842335134	0.0364310242	-0.1019953542	-0.1424034197	0.0919579261	-0.0736181143	0.0839862213	-0.0117582633	0.0022643579	-0.0261693984	0.067464044	-0.1355560474	0.0703210117	-0.0114397665	0.0042600373	-0.0579332283	0.11760091	-0.0206401682	-0.0155174176	0.0901059489	0.0455409763	-0.1466408661	-0.1408310542	0.0499111831	0.0213367803	0.0009241778	-0.0695633588	0.0558702333	0.0761421784	-0.1172495527	-0.0612096448	0.0789187937	0.0658136733	-0.0591511414	-0.0593985823	0.1198090512	0.044745037	0.0762558435	-0.0441752317	-0.0392220822	-0.0407571443	0.0579556662	0.1240256802	0.1239985182	0.1239532527	0.1238898902	0.1238084399	0.0	-0.373127	0.1235169999999999	0.1392237581289999	0.0152564492889999	-0.21687	0.1625869999999999	0.0264345325689999	0.0470325969	-1.66009	-0.6882980000000001	2.7558988081000004	0.4737541368040001	-0.000631202	0.001000008	1.000016000064e-06	3.98415964804e-07	0.0108283	-0.0052849	2.7930168010000005e-05	0.00011725208089	0.00223155	0.0002560399999999	6.555648159999995e-08	4.979815402500001e-06	1.0	0.0	0.0	0.0	0.0	0.0	0.0	0.0	0.0	0.0	0.0	0.0	0.0	0.0	0.0
5975.109847392681	-24.66124467329701	35701937.68840899	608.17698883622	12230.84880387224	-156.6096698870515	149593662.46318302	24526.588702131245	5380.92278786368	8.118196869621897	28954330.04895064	65.90512041393877	5539.514017629703	7378.987226364763	1.40054	53.843792	0.7248294	0.380318	-0.0607993995	-0.0924609733	0.0690731349	-0.046093674	0.1269518164	-0.0602768206	0.1569502192	-0.295114924	0.1731023915	0.0791237636	0.0157037821	-0.2102412428	0.0108683008	-0.059777257	0.0620599858	0.1478294677	-0.0906559596	-0.0682112013	-0.0839889189	-0.0102751972	-0.0188405887	-0.0640559541	0.0224008049	-0.0074304939	-0.0142993115	-0.0178880926	-0.1212827964	-0.0724514203	0.0114543875	-0.0357047016	-0.0254107154	-0.0975962508	-0.0353766126	0.0145031613	0.0291320241	-0.05480375	0.0602547783	0.074943103	0.1577773873	0.0192922283	-0.0712560778	0.0217765739	-0.0791275898	-0.0096650272	0.0484620647	0.0866349956	-0.0439410662	0.0241533199	-0.0874188048	0.1902962505	0.0799901136	0.0970260189	-0.0250199671	0.091051289	0.0787767269	-0.0070342322	0.0306846725	-0.2062803738	-0.0246594554	-0.0651799715	-0.0855610693	0.0802851259	-0.1554847485	0.0952726055	-0.0172713011	0.032402379	-0.0368989847	-0.0480557878	-0.0193178084	-0.0441590853	0.0389662253	-0.1271398941	-0.1014331857	0.1066086537	0.0059080417	-0.0418762432	-0.0650756165	-0.0261689056	-0.0517343764	-0.1924969338	-0.0401129785	-0.0275794224	0.0499280513	-0.0596831267	-0.0179736865	0.071104685	-0.0303615181	0.0133773155	0.0126638848	0.0310172683	-0.0603195103	-0.1997320165	-0.0724768814	0.0882138116	-0.0546697805	0.0273112201	0.0377387671	-0.0778276519	0.0984394414	0.1239532527	0.1237089139	0.1233020394	0.1227331636	0.1220030341	0.0	-0.279493	0.093634	0.0781163370489999	0.0087673259559999	-0.169554	0.047316	0.0022388038559999	0.028748558916	-1.40257	0.2575199999999999	1.9672026049	0.0663165503999999	-0.00248451	-0.001853308	3.4347505428640004e-06	6.172789940100001e-06	0.00699134	-0.00383696	1.4722262041600005e-05	4.887883499560001e-05	0.00139463	-0.00083692	7.004350864000002e-07	1.9449928369e-06	0.0	1.0	0.0	0.0	0.0	0.0	0.0	0.0	0.0	0.0	0.0	0.0	0.0	0.0	0.0
6002.382624838327	27.27277744564526	36028597.17496104	743.8043895996968	12184.407982183671	-46.440821688569486	148459797.87630117	2156.7499191095058	5384.245087877207	3.3223000135267284	28990095.16632983	11.0376773798797	5540.4326256380255	7400.277826759385	1.216689	46.775623	0.4613609999999999	0.266243	-0.0686247562	-0.0183908591	0.1044942841	-0.06103679	0.0820129542	-0.0367252576	-0.0447562518	-0.2264604538	0.0292307177	0.0571503234	-0.0428327358	-0.0587038477	-0.018052923	-0.0957435239	0.0283822823	0.0066093807	-0.0162041297	-0.031639163	-0.0818370891	0.0094102391	-0.0225798257	-0.0264054203	0.0239091078	0.0168349779	-0.0455851688	-0.1300213984	-0.0801553028	0.0544648509	0.0716744431	0.069128821	-0.0517353374	-0.0490457284	0.0212710958	-0.021072803	-0.0122681518	0.0184481062	-0.051034846	0.037113288	0.0352147979	0.0993583967	0.0054073312	-0.0374270868	-0.0061632283	-0.0735943576	-0.0529950214	0.115355923	-0.0097920574	-0.0952773399	-0.1043232621	0.0383953299	-0.0657487269	0.0786811402	0.0203828325	0.0108453168	0.0609270078	-0.045964554	-0.0030600606	-0.0414012575	0.0195726842	-0.0955797343	0.0214278338	0.0070773947	-0.0649349223	0.071807124	0.0016797661	0.0401497627	-0.0305941564	0.0013129738	-0.038854912	-0.0459845556	0.1369116131	-0.0290027111	-0.0210481841	0.0457214428	0.052803167	0.1034341014	-0.081314039	0.002731335	0.0455334826	-0.0068236421	0.0292529138	0.0459865988	0.0669482106	-0.0173561302	-0.0989515676	-0.0097257703	0.029107556	-0.0109576684	0.0538378367	0.0792728237	-0.092727443	-0.0182634918	-0.0258083696	-0.0417045435	0.1191563553	0.0721179599	0.0669358432	-0.0726503608	0.0269537677	0.1238084399	0.1231303817	0.1220030341	0.1204305106	0.1184185493	0.0	-0.201745	0.0777479999999999	0.040701045025	0.0060447515039999	-0.177226	-0.0076719999999999	5.885958399999976e-05	0.0314090550759999	-1.56467	-0.1620999999999999	2.4481922089	0.0262764099999999	-0.00290528	-0.00042077	1.770473929e-07	8.4406518784e-06	0.0032219	-0.00376944	1.4208677913600002e-05	1.038063961e-05	0.00148124	8.660999999999999e-05	7.501292099999998e-09	2.1940719376e-06	0.0	0.0	0.0	0.0	0.0	0.0	0.0	0.0	0.0	0.0	0.0	0.0	0.0	0.0	0.0
6019.484225781852	17.101600943525227	36234190.34443654	292.4647548315829	12172.552540626608	-11.855441557063386	148171035.35431528	140.55149451294554	5405.61999527643	21.374907399223048	29220727.53333235	456.8866663253602	5561.187917437498	7602.152215069492	0.998823	38.399757	0.2168515	0.123903	-0.0535383395	0.0125665389	0.03681284	-0.0383422097	0.0191922388	0.0323824582	-0.0951378287	-0.0208851599	-0.076566288	-0.0326628464	-0.0629662689	-0.0843286662	-0.062341835	0.016873464	0.0894101486	-0.0818511399	-0.003139829	-0.0834166436	-0.0725209855	0.0069596416	0.0359588597	-0.0756901607	0.0193286058	0.1015469565	-0.0225519748	-0.0103548672	0.0519937584	-0.0419684742	0.0196797276	0.0934476169	0.0416381443	-0.0613451811	0.0707645801	-0.0229395427	-0.0507620998	-0.0125902371	0.0446483209	0.0261404613	0.1252726331	-0.0059153435	0.0629733698	-0.0440253476	0.0241225368	-0.0322343041	-0.0255705142	-0.1178196746	0.0696895225	0.0735589818	0.0768875749	-0.0782191719	-0.0187863941	0.0461035475	-0.028315697	0.0523655231	-0.027764846	-0.0788751113	-0.0481328434	-0.0532940133	-0.0610255599	-0.0212195463	0.1218609046	-0.0309983329	-0.0370160522	0.0761328723	0.0221261394	0.0533157685	0.0048929763	-0.0524604955	-0.0500523007	0.1053343424	0.0173774149	-0.0662619741	0.0801083974	0.0742811919	-0.0296635013	0.1133033369	-0.0156981916	-0.0062090961	0.0242956451	-0.0698626027	0.0069635519	0.0562369247	0.0231936036	-0.0410562064	0.0425753048	-0.0753780213	0.0399210822	0.0292505352	0.0116431191	0.0005825957	0.0925755212	0.0707606707	0.1243461325	0.0168570532	-0.0594021681	-0.0600422268	-0.0419906899	-0.0423729782	0.0374915563	0.1235913266	0.1222642728	0.1200630614	0.1170034304	0.1131072554	0.0	-0.159183	0.042562	0.0253392274889999	0.001811523844	-0.134831	0.0423949999999999	0.0017973360249999	0.018179398561	-1.56897	-0.0042999999999999	2.4616668609	1.8489999999999747e-05	-0.00231365	0.00059163	3.5002605690000015e-07	5.3529763225e-06	0.00134333	-0.00187857	3.529025244900001e-06	1.8045354889e-06	0.00139955	-8.168999999999993e-05	6.6732560999999894e-09	1.9587402025e-06	0.0	0.0	0.0	0.0	0.0	0.0	0.0	0.0	0.0	0.0	0.0	0.0	0.0	0.0	0.0
6018.445355449564	-1.0388703322878428	36221684.496532425	1.0792515673078529	12161.140489658314	-11.412050968294352	147893338.00920683	130.23490730294805	5405.158250216023	-0.4617450604073383	29215735.709878337	0.2132085008105765	5561.598069948227	7599.705773798471	0.887595	34.123619	0.24033915	0.118933	-0.0539694265	0.0297414109	0.0339686356	-0.0422058674	0.0193667041	0.033980508	-0.1355441228	-0.0102771393	-0.1164426089	-0.048030518	-0.0313103198	-0.0244398322	0.0457401026	0.0487861238	-0.0060677504	-0.124137185	-0.0415912859	-0.0362977299	-0.0125570815	-0.0206022479	0.0084709754	-0.0634785668	-0.1152681889	0.0248143737	0.0114482948	0.0815277826	0.0352828603	0.0712657319	0.0507644961	0.0704070736	0.0745946398	0.0561630141	0.0259602409	0.0114000169	0.0889733694	0.0426045482	-0.0980536101	-0.0817383822	0.0196022102	0.059101585	-0.0489244132	0.0008796018	0.0042521277	0.0637185201	0.1168632547	-0.098524455	-0.1438798116	-0.0664696156	0.0323432083	-0.1485467062	-0.0994558788	-0.0445806758	-0.0465238526	0.0029305337	-0.0469246647	-0.0504230615	0.0248083789	-0.0082342063	-0.0573384857	0.0194096611	0.1020325467	-0.1080486942	-0.0087011973	-0.0214899351	-0.0002375426	0.0892951923	-0.002769628	0.0745239663	0.0637292631	0.0857164249	-0.0704175605	0.0655059417	-0.0051421974	-0.0170731088	0.0207524844	0.0830897111	0.0637673724	0.0553778589	-0.0005644777	0.1159128737	-0.0252399519	-0.014225632	0.1046084666	0.067820011	-0.0450833381	0.014072549	0.0459688787	0.001003115	-0.1243902616	-0.075120972	0.178056421	0.0055585874	-0.0478202271	-0.0523882879	0.0763360771	-0.0410073432	0.0428479199	0.0296615625	0.0423917571	0.1233020394	0.1211126101	0.1174923133	0.1124839207	0.106146603	0.0	-0.11401	0.0451729999999999	0.0129982801	0.0020405999289999	-0.118698	0.016133	0.000260273689	0.014089215204	-1.62986	-0.0608900000000001	2.6564436196	0.0037075921	-0.0027838	-0.0004701499999999	2.2104102249999995e-07	7.74954244e-06	-0.000370613	-0.0017139429999999	2.9376006072489995e-06	1.37353995769e-07	0.00122078	-0.0001787699999999	3.195871289999999e-08	1.4903038084000005e-06	0.0	0.0	0.0	0.0	0.0	0.0	0.0	0.0	0.0	0.0	0.0	0.0	0.0	0.0	0.0
6011.118300068045	-7.327055381519131	36133543.21741294	53.685740563848455	12160.37209833901	-0.7683913193031913	147874649.5700619	0.5904252195804989	5399.266078040602	-5.892172175420456	29152074.181479946	34.71769294479902	5559.121407317996	7692.019496806632	0.860162	33.068932	0.11103845	0.0540763	-0.0345064628	0.0161341219	0.0148523283	-0.0086424808	0.0293462093	0.051215194	-0.1328718831	0.0456812484	-0.1296349468	-0.0194543134	-0.0097040004	0.0327356371	0.0468019695	0.0544034087	0.0763270167	-0.0621929516	0.0165663823	-0.0002699058	-0.1014898691	0.0833377367	0.0130347148	-0.0594452082	0.0673289993	-0.0523082398	-0.0731441252	-0.0062245351	0.0229342463	-0.0059712956	0.0134575696	0.0333744706	-0.010586949	0.0144808736	-0.0954544845	-0.0183456255	-0.023669883	0.070863525	-0.0663618732	-0.0884475713	-0.0623509847	-0.0293501167	0.0363825272	0.0722177566	0.1045948306	0.0064328685	0.0216846169	-0.0110003129	0.0533724648	-0.0595834746	0.0391482676	-0.0232270407	-0.0556341164	-0.0527987139	-0.0293895468	0.010850259	-0.0203370674	-0.0144886226	0.0405922223	0.0345202856	-0.1076003525	0.0118273058	0.0719862429	-0.0228683013	0.0249160228	0.089940415	0.0885470135	0.0201671565	-0.0100593667	-0.0848369794	0.0372147504	-0.0138205042	0.0495375993	0.0473696693	0.017380713	-0.050065999	0.0355224546	-0.015776642	-0.0402139267	0.0867770867	-0.0273492222	0.1147036263	0.0121967003	0.0588729482	-0.0100075613	0.0727658401	0.0455657973	-0.0318570498	-0.0029832221	-0.1070356908	-0.0419039043	0.0146534079	0.014901257	0.0560224193	0.0477445185	-0.0317961673	0.0101345417	-0.0076357268	0.0319748279	0.0390305088	0.011720211	0.1229407472	0.1196780832	0.1143042958	0.1069141789	0.0976380941	0.0	-0.0879049999999999	0.0261050000000001	0.0077272890249999	0.000681471025	-0.0972638	0.0214342	0.00045942492964	0.00946024679044	-1.60528	0.02458	2.5769238784	0.0006041764	-0.00282455	-4.074999999999999e-05	1.660562499999999e-09	7.9780827025e-06	-0.000963528	-0.000592915	3.51548197225e-07	9.28386206784e-07	0.00107606	-0.00014472	2.0943878400000023e-08	1.1579051236e-06	0.0	0.0	0.0	0.0	0.0	0.0	0.0	0.0	0.0	0.0	0.0	0.0	0.0	0.0	0.0
6005.494134955015	-5.6241651130294485	36065959.804979086	31.63123321861755	12131.85339851077	-28.51869982824064	147181866.8829573	813.3162398932928	5374.282618226332	-24.983459814270645	28882913.660569675	624.1732642912763	5531.972842380081	7604.954575382569	0.874391	33.615963	0.0486679999999998	0.0210099	-0.0323252596	0.0180369914	0.0491786874	-0.0006304103	0.0264052304	0.0424939542	-0.1347201098	-0.0281333961	-0.0477119921	0.1005279508	-0.0250673703	-0.0732475914	0.0045904023	0.0672134322	-0.0132887029	-0.0278190211	-0.0594720335	-0.0335244298	0.0311104943	0.0505040084	-0.0488322085	-0.0311499063	0.0036853374	-0.0395262961	-0.0481053534	-0.0254746483	-0.0015298783	-0.0326451731	-0.0365596708	-0.0376675496	0.0008937455	0.0335001617	0.0569154887	-0.0371984898	-0.0239649239	-0.0050588069	-0.0743210106	-0.0163915585	-0.0531695429	-0.0549262058	0.0467223573	-0.0028850804	0.0064873561	0.1030063391	-0.0472424879	-0.1131912696	-0.0155658259	-0.0229162159	0.0047252253	-0.0202675605	-0.0405565776	-0.0436742941	0.1028014232	-0.0013079408	0.0970890267	-0.0339524991	0.0253867138	-0.0655806745	-0.0430261627	0.0543687246	0.0238622127	-0.077924063	-0.0409550256	-0.0262296086	0.057579483	-0.0246886138	-0.0475565222	-0.0194112979	0.0291730027	0.0018042911	0.0464008013	0.0085371567	-0.0035704993	-0.0229787755	-0.0384127434	-0.0265271594	0.0312457645	-0.0207328372	0.0702087782	0.0614847278	0.0625952613	0.0014992254	-0.0154720745	0.008357345	0.0670762911	-0.0114797222	0.0309899189	0.0124482956	0.0196764271	-0.1141624874	0.082606198	0.0309305502	0.0151348117	0.0094248417	0.0067533273	0.0973496412	-0.0453006221	0.0335458514	-0.0529379382	0.1225076612	0.1179640426	0.1105157577	0.1003462082	0.0877058019	0.0	-0.101382	-0.0134770000000001	0.010278309924	0.000181629529	-0.0940004	0.0032633999999999	1.0649779559999995e-05	0.00883607520016	-1.60821	-0.0029299999999998	2.5863394041	8.58489999999928e-06	-0.00261708	0.0002074699999999	4.304380089999998e-08	6.8491077264e-06	-0.00117635	-0.000212822	4.5293203684000045e-08	1.3837993225e-06	0.00123572	0.00015966	2.5491315600000018e-08	1.5270039184e-06	0.0	0.0	0.0	0.0	0.0	0.0	0.0	0.0	0.0	0.0	0.0	0.0	0.0	0.0	0.0
6015.524174603456	10.030039648440834	36186531.0952386	100.60169534929511	12168.728868178086	36.87546966731679	148077962.26723072	1359.800263185201	5376.606849892337	2.3242316660052893	28907901.2183092	5.4020528372617225	5534.45022080876	7660.814582689713	0.875179	33.646259	0.1700632999999999	0.0747597	-0.0301257764	0.0292803729	0.0375674898	-0.0083586624	0.0105444178	0.0942443908	-0.1370065507	0.0507443093	-0.0840580143	0.065537943	-0.019981727	0.0399283658	-0.0450996745	0.0091748603	0.0339328615	-0.0933600467	-0.0280193763	-0.0355621507	0.0706875537	0.0604168142	-0.01849176	-0.0154835572	-0.0356776497	-0.0324801187	0.008570723	0.0469408404	-0.0386332591	-0.024877449	0.0109932511	-0.0468721681	-0.0370682133	0.0503692755	-0.0248306247	-0.0357320244	-0.0520604253	-0.0179909986	-0.1199594928	0.065699944	-0.0683658833	0.0682015634	0.1143058386	-0.0726914605	0.0204045829	0.0082086636	0.0631656889	0.0879892081	-0.0192536663	0.0570911579	-0.0218544073	0.0059322698	0.0516013675	0.0067632071	0.0167229119	-0.0721339254	0.0661523557	-0.0282238277	-0.0203538518	0.0338388085	-0.0444575524	-0.0116802913	0.0626049191	-0.0974630838	0.0042916212	-0.0621586807	0.0604585813	-0.0441502482	0.0072612371	0.0115955848	0.0400299281	0.0093132933	-0.02946643	0.0007261827	-0.0610526351	-0.0339342937	0.0407752663	-0.0666641994	-0.0044340958	0.0276634923	0.0648037863	0.0651356815	0.1227088342	0.00483544	-0.0015612607	-0.054588686	-0.0579239377	-0.0691826128	0.0707593881	-0.018797896	-0.0236247031	0.0355682594	-0.1197089586	-0.0332417941	-0.0891465741	0.0242944954	-0.0064900623	-0.0140245027	-0.0344565318	-0.0195980107	-0.0883236711	0.1220030341	0.1159744915	0.106146603	0.092841332	0.0764945617	0.0	-0.0586406	0.0427414	0.00343871996836	0.00182682727396	-0.0802393	0.0137610999999999	0.0001893678732099	0.00643834526449	-1.64898	-0.0407699999999999	2.7191350403999994	0.0016621928999999	-0.00288768	-0.0002706	7.32243600000001e-08	8.3386957824e-06	-0.00198288	-0.0008065299999999	6.504906408999996e-07	3.931813094399999e-06	0.000857034	-0.000378686	1.4340308659600004e-07	7.34507277156e-07	0.0	0.0	0.0	0.0	0.0	0.0	0.0	0.0	0.0	0.0	0.0	0.0	0.0	0.0	0.0
6016.402115381049	0.8779407775928121	36197094.41396156	0.7707800089602715	12147.086836409086	-21.642031769000823	147551718.6112629	468.3775390904409	5394.225279086903	17.618429194566488	29097666.36154018	310.4090472839528	5550.587419620937	7610.77354373908	0.810566	31.162218	0.1156526499999999	0.0604068	-0.0044306589	0.0287513965	0.0589891844	0.0198755785	-0.008285985	0.076688038	-0.1296348905	0.0035207177	-0.0475598093	0.0008382419	-0.0217418707	0.0493225454	-0.0146410428	0.0471707704	0.0272663707	-0.0657783964	-0.0668820305	-0.1162991266	0.0300797018	0.0307037248	-0.0629079424	-0.1002112688	-0.0201207285	-0.0385119603	-0.0705355636	0.1185314736	-0.0062134544	-0.0198396868	0.0271299531	-0.0455101859	-0.0449880313	0.0202863157	-0.0010447555	0.0093478245	0.0385257063	0.0946607481	-0.0168334375	-0.0233913784	-0.067333283	-0.0986965883	0.0671790875	-0.1229633498	-0.0533844617	-0.0268321624	0.0919808125	0.0398607011	-0.0885733716	0.0620411473	0.0102954982	0.012075641	0.1106525357	0.0380161821	-0.0215340417	0.037041093	0.0049218595	-0.0281777406	-0.0432926463	0.0442573575	-0.0902639458	0.0224640363	0.0659904266	-0.0984345322	-0.0754650022	-0.062105885	0.0574900006	0.0310477838	-0.0720573099	-0.0544910944	0.0739457542	0.075512843	-0.0459453094	0.0484428186	-0.0734438674	-0.0092162834	0.0231224928	-0.0635663257	-0.0119507958	-0.0113888605	0.0239800091	0.1075531426	-0.0442516918	0.011178173	-0.0322686721	0.0285499315	0.0552211872	0.0046183313	0.0790072817	0.1318689266	-0.0089738715	0.0525146171	-0.074736741	-0.0560928683	-0.1080612942	0.0089022936	-0.0643010562	-0.0582111168	-0.0489297913	-0.0314058274	0.0588525642	0.1214271607	0.1137140766	0.1012197857	0.0844696213	0.0641678585	0.0	-0.0407179	0.0179227	0.00165794738041	0.00032122317529	-0.086427	-0.0061877	3.828763129000005e-05	0.007469626329	-1.60256	0.0464199999999999	2.5681985536	0.0021548163999999	-0.00265935	0.00022833	5.213458890000005e-08	7.0721424225e-06	-0.00257791	-0.00059503	3.540607009000004e-07	6.645619968100001e-06	0.000936119	7.9085e-05	6.254437225000001e-09	8.76318782161e-07	0.0	0.0	0.0	0.0	0.0	0.0	0.0	0.0	0.0	0.0	0.0	0.0	0.0	0.0	0.0
6029.868964134847	13.466848753798333	36359319.72463666	181.35601535767967	12202.706757492602	55.6199210835166	148906052.20935562	3093.5756213366144	5401.201666076339	6.976386989435923	29172979.43762582	48.669975426370826	5556.689601390509	7675.999926198132	0.902562	34.699005	0.2710351399999999	0.129115	-0.0220708586	0.0677132887	0.0624514267	-0.0202079019	-0.0337704066	0.0899983997	-0.1745642169	0.0594074234	0.0090281582	-0.0145832768	-0.0330737734	0.1013042069	0.049343492	0.1537470762	0.1040127631	-0.0051370678	-0.0191874952	-0.0409439632	0.0002318294	0.0732554191	-0.0801885588	0.05189142	0.0451860159	-0.0120745749	-0.0200918119	0.117485541	0.1323243403	-0.0327364949	-0.0208851257	-0.0636142342	-0.0412886907	-0.0210727553	-0.0191379689	0.084605313	0.0005862732	0.0426230838	-0.0623466593	0.0036699848	-0.1186069028	-0.0253794983	0.0411791875	-0.0492334366	0.0023547434	-0.0234499116	-0.0047287695	0.0052613936	-0.048974813	-0.0063352129	0.0676344181	-0.1201263655	-0.0309867228	0.0742462767	0.1491272195	0.0333878144	-0.0105043362	-0.0409410545	-0.0004393646	0.0865559722	-0.1923056816	0.1060050744	0.0213420037	-0.0185430466	-0.012682674	0.0055481668	0.0876331412	-0.0879747017	-0.0655821044	-0.0298077383	-0.0081784635	0.0617111308	-0.0932623333	0.1032696737	0.0726395303	-0.0081157916	-0.0333837806	-0.0765679565	0.0057863924	-0.0782275519	-0.0571510311	0.1005312426	0.0365977089	0.0134106613	-0.0384714184	0.0210293852	-0.0302588072	0.0090661317	0.0238958253	0.0750641211	-0.0113303985	0.0211042201	0.0188722897	0.1427072361	-0.0656386404	-0.085411535	0.0404950628	0.0613237339	-0.0970661501	-0.0771906141	-0.0176589024	0.1207803772	0.1111880772	0.09576119	0.0753092405	0.0509054434	0.0	0.00220224	0.04292014	4.8498610176e-06	0.0018421384176196	-0.075828	0.0105989999999999	0.0001123388009999	0.005749885584	-1.71403	-0.1114699999999999	2.9378988409	0.0124255608999999	-0.0035709	-0.00091155	8.309234025000002e-07	1.2751326810000002e-05	-0.00355903	-0.0009811199999999	9.625964543999996e-07	1.26666945409e-05	0.000707869	-0.00022825	5.209806250000002e-08	5.01078521161e-07	0.0	0.0	0.0	0.0	0.0	0.0	0.0	0.0	0.0	0.0	0.0	0.0	0.0	0.0	0.0
6033.928530699271	4.059566564423221	36408293.513586655	16.480080690982955	12197.04781368953	-5.658943803071452	148767975.36942858	32.02364496632079	5392.568313337084	-8.633352739255315	29079793.01400716	74.53477952040726	5546.7896316551005	7587.970622177797	0.993799	38.206627	0.1223245757999998	0.0696667	-0.0117438793	0.1024729922	0.1184383182	-0.0030190277	-0.0942152415	0.0964432538	-0.1955904113	0.0457574925	-0.0160889285	0.0366180036	-0.0469846473	0.0365609094	-0.0001404676	0.0477457601	0.0113471554	-0.0010361967	0.0019062158	-0.0305417471	0.009134836	0.0981744197	0.0520498862	-0.0320898617	-0.0255176525	-0.1165822003	-0.0336103634	-0.014151115	0.1267346329	-0.0191721109	-0.0446579122	0.0366343525	-0.0018788415	-0.0058197309	0.0005026533	0.0129937901	0.0318030688	-0.0221667804	-0.0473954686	-0.0760284029	0.0130357327	-0.0247775368	0.0076662036	-0.0291740744	0.0191280373	0.1160077393	0.0628673444	0.0539881581	-0.0053222784	0.0740598931	0.0622945275	-0.0173217583	-0.077651836	0.0517747073	0.034131652	-0.0935343964	0.0396613962	-0.0436624033	-0.0320675424	0.0504095467	-0.0707450979	0.0356574137	0.0240011618	-0.0257715316	-0.0438292015	-0.0124688456	0.1256034676	-0.0169266664	0.0390179814	-0.0082696651	0.123933556	-0.0137580708	0.0101625971	0.0474417702	0.1043463639	-0.0342675696	-0.0507594685	0.0255703404	-0.0070193605	-0.040690048	-0.0360596231	0.0342196757	0.0245896197	-0.0220312774	0.0583714441	0.0774067566	0.0521095397	0.0015276607	0.0456830028	-0.003404865	-0.0639225086	-0.1127303685	-0.0346631629	0.0824527818	-0.046654971	0.038881185	-0.0433936099	-0.0222576994	0.0712895335	-0.0641193488	-0.1035809516	0.1200630614	0.108402393	0.0897994937	0.0654457176	0.0369007123	0.0	3.87142e-05	-0.0021635257999999	1.49878928164e-09	4.680843887265639e-06	-0.0153821	0.0604459	0.00365370682681	0.0002366090004099	-1.68829	0.0257399999999998	2.8503231241000004	0.0006625475999999	-0.00333301	0.00023789	5.659165210000008e-08	1.11089556601e-05	-0.0032586	0.0003004299999999	9.025818489999996e-08	1.061847396e-05	0.000849052	0.000141183	1.993263948900001e-08	7.20889298704e-07	0.0	0.0	0.0	0.0	0.0	0.0	0.0	0.0	0.0	0.0	0.0	0.0	0.0	0.0	0.0
6130.102963447902	96.17443274863126	37578162.34247275	9249.521514520997	12434.975317557102	237.92750386757143	154628611.14825436	56609.49709665322	5423.091237079673	30.522923742589228	29409918.56569034	931.6488737959172	5576.27551712536	7898.598229656064	2.087626	80.258835	0.9895145142	0.76282	0.0905172765	0.155618961	-0.1116168125	-0.0366352199	-0.267313077	-0.120099423	0.2862505684	0.1228974786	0.1148088172	-0.0655339937	0.0321007763	0.0591483604	-0.1685207173	0.071251052	-0.086351725	0.0435863117	0.1170962532	0.1439151146	0.0351722824	-0.0936045108	0.0639772651	0.0315373393	-0.0693079652	0.0447494056	0.025005601	-0.0378799881	-0.0868394014	0.0297666551	-0.0857653793	0.0086498478	0.0414825917	0.0167400332	0.0079368147	-0.0181666112	0.0571111049	0.0360100221	0.0417454999	-0.0264689214	-0.0859544453	0.0460713186	-0.0966718254	-0.0031352223	0.085565425	-0.0392324888	0.0753699704	0.0110976838	-0.0152716693	-0.0204123431	-0.0321806534	0.284892629	-0.037844613	0.0121890821	0.0580060339	-0.0313973969	-0.0584611875	0.0332823755	-0.1933354336	0.0094648682	0.1543644043	0.1293737845	-0.0723472787	0.1040028914	0.158481814	-0.0280482992	-0.1153186662	0.0376965642	0.076790871	0.080737097	-0.022552015	-0.02171087	0.019469523	-0.0519447082	-0.0670580972	-0.049490739	-0.0787466711	-0.0021969007	0.0237084707	0.0485197909	-0.004837847	0.0193641448	-0.1138346351	-0.0309979755	-0.0406755937	0.0264030953	-0.061887255	0.0920449271	0.03426481	-0.0732521736	-0.0405422333	0.0902378983	-0.039268991	-0.070362994	-0.0205088237	0.0784026251	-0.1148423634	0.1915959987	0.1043562972	-0.0391893749	-0.0513579416	0.1192756321	0.1053635299	0.0833660178	0.0549711457	0.0223578858	0.0	-0.0311046	-0.0311433142	0.00096749614116	0.0009699060193599	-0.0235897	-0.0082076	6.736469776000003e-05	0.00055647394609	-0.945302	0.7429880000000001	0.893595871204	0.5520311681440001	-0.00403712	-0.00070411	4.957708920999999e-07	1.62983378944e-05	-0.000413994	0.002844606	8.091783295236e-06	1.71391032036e-07	0.000254256	-0.000594796	3.53782281616e-07	6.464611353600002e-08	0.0	0.0	1.0	0.0	0.0	0.0	0.0	0.0	0.0	0.0	0.0	0.0	0.0	0.0	0.0
6096.286169308343	-33.816794139558624	37164705.058100194	1143.5755658772864	12357.903976947387	-77.07134060971475	152717790.70345205	5939.991543378666	5461.798813537464	38.70757645779122	29831246.27955925	1498.276475235753	5619.886491970347	8016.155959303271	1.214966	46.709396	0.1373661999999999	0.0725047999999999	0.1652908888	0.0758320148	-0.1917220611	0.0389137179	-0.1749823559	-0.1254157321	0.223140583	0.178736801	-0.0700721831	-0.2327759599	0.1350495117	0.0504836623	-0.0275355961	0.0311734165	-0.0413466418	0.1117075023	0.1062549286	0.1071416831	-0.0696453493	-0.0957720982	0.0625251483	0.1057993436	-0.0821954258	-0.0376491659	0.0612342357	-0.0435553535	-0.092145093	-0.0073888463	-0.1100872275	-0.0523135781	0.0450030755	-0.0300882109	-0.1306293597	0.0153849088	0.0317068062	-0.0370500242	0.030371827	-0.0376207436	-0.0093507235	-0.0047243647	-0.0233210391	-0.0518082875	-0.0197148445	0.0803883264	-0.0874753193	-0.0365245712	0.1047868434	0.0779731055	0.0736738747	0.0448476612	-0.1028141152	0.0131180411	-0.0259032695	0.0325619454	-0.2303255315	0.1336931437	-0.0748567758	0.0223134504	0.0948168488	0.0670032626	-0.0712025799	0.1576626461	0.0828627214	0.073383204	-0.097153426	-0.0077965272	0.0566359322	0.1007868028	0.0409696887	-0.0733143038	0.0101087693	-0.0374783728	-0.0335110985	-0.0166905174	-0.0976051589	-0.0778985882	-0.0017808357	0.0596152693	-0.1319869062	-0.0415691563	0.0264942435	-0.016825074	0.0024600372	0.0562757408	-0.0062251261	-0.0012768784	0.0420513076	0.0501215463	0.0342475472	-0.0999629335	0.0085043168	0.1136270273	0.1060571461	0.055989479	-0.0984191525	0.0426115909	0.067218457	-0.0096511061	0.0539208704	0.1184185493	0.1020785854	0.0764945617	0.043983323	0.0074890309	0.0	-0.0391274	-0.0080228	0.00153095343076	6.436531984e-05	-0.0900437	-0.066454	0.004416134116	0.00810786790969	-0.918946	0.0263559999999999	0.8444617509160001	0.0006946387359999	-0.00363379	0.0004033299999999	1.6267508889999992e-07	1.32044297641e-05	-0.000741332	-0.000327338	1.0715016624400005e-07	5.49573134224e-07	0.000254256	0.0	0.0	6.464611353600002e-08	0.0	0.0	0.0	0.0	0.0	0.0	0.0	0.0	0.0	0.0	0.0	0.0	0.0	0.0	0.0
6019.029465168395	-77.25670413994794	36228715.70256534	5968.5983345674495	12196.02664402426	-161.87733292312805	148743065.90174964	26204.27091430524	5427.321274717284	-34.4775388201806	29455816.21899884	1188.7006830970602	5589.62658977827	7769.03218253198	1.273446	48.957642	0.2763074	0.144148	0.1953424572	-0.0439190893	-0.0863395291	0.1906189031	-0.0579597656	-0.0139723986	0.1547164941	0.1611608437	-0.0583467845	-0.1032028908	0.1486623979	0.1317646864	-0.0004430387	-0.0016754971	-0.1072982341	-0.0204161675	0.0566943489	0.0707204411	-0.0122613835	0.0278377874	0.0390281607	0.14092787	-0.0478713964	-0.0238251001	0.0477801029	0.0282064533	0.1207039116	-0.0085855741	0.0759157027	0.0335337412	0.0062469211	0.0402897829	0.0872751571	-0.0201894784	-0.0180098184	0.021689979	0.052116922	-0.0404597182	0.0824684882	0.0342432905	-0.1030486127	0.0120343548	0.0255575862	-0.0342122184	0.0569398546	-0.1077742925	0.0101346725	-0.0815084282	0.0129552419	0.0773800048	0.0708948455	-0.079416884	-0.0752151475	-0.0369313241	-0.1104018173	0.1792295796	-0.0012822424	0.1209950738	0.1146414483	0.0385649873	-0.0163123164	-2.552e-05	0.0842235214	0.041639341	0.0006120001	-0.0751594185	0.0545096229	0.081736745	0.0222617153	0.015628464	-0.068076933	0.0194246857	0.1008409179	-0.0003676048	0.0560343605	0.0617698192	0.057349466	-0.0547430851	0.0656937216	-0.0343265248	-0.0882422873	0.0331216631	0.0039061003	0.0415644559	-0.0036683285	0.0579170968	-0.0035415855	-0.0454214415	-0.0483620312	0.03624848	0.1219439217	-0.1067914633	0.0696515898	-0.0231894915	-0.0327412652	-0.015381229	0.0145837232	0.0734385288	-0.0156551506	0.1174923133	0.0985552316	0.0692212261	0.0325848399	-0.0074890309	0.0	0.0405217	0.0796491	0.00164200817089	0.00634397913081	-0.142691	-0.0526473	0.00277173819729	0.020360721481	-1.01762	-0.0986739999999999	1.0355504644	0.0097365582759999	-0.00342505	0.00020874	4.357238760000009e-08	1.17309675025e-05	-0.00125017	-0.000508838	2.589161102440001e-07	1.5629250289000003e-06	0.000443418	0.000189162	3.5782262244e-08	1.96619522724e-07	0.0	0.0	0.0	0.0	0.0	0.0	0.0	0.0	0.0	0.0	0.0	0.0	0.0	0.0	0.0
5988.331060904081	-30.698404264314377	35860108.8949886	942.3920243752752	12118.237650605915	-77.78899341834403	146851683.75656277	6051.127497039171	5395.718566550385	-31.602708166898992	29113778.84941654	998.7311634821842	5558.125731676767	7574.328397947278	1.016505	39.079563	0.1347097399999999	0.0682935	0.1917451626	-0.0836278282	0.0133418561	0.2506770485	-0.0091630104	0.0546735077	0.1156934799	0.1028278358	0.0339423369	0.0328625452	0.1777962621	0.1985590681	-0.0047971875	-0.0586467867	-0.0691105827	-0.0307289856	-0.0940440424	0.0092206164	0.0312896575	-0.0106256219	0.0880626852	0.0828548658	0.0734178886	0.0222168032	0.1725818059	-0.0887984418	0.0664524919	0.0343212554	0.0604897534	-0.0218326809	-0.1275697325	0.0330716138	0.0857002522	0.0377951399	-0.0155528248	-0.1033223011	0.0813191746	0.015302003	-0.132690146	0.0657908202	-0.0713936824	0.1354660162	-0.0396383331	0.0724084797	-0.0842354319	0.075261116	0.0148286615	0.018849991	0.0502526613	-0.0053039297	0.0003424431	0.0004562408	-0.1520024878	0.1123420774	0.0267877255	0.2168908853	-0.0235041189	0.1605894178	0.0705804081	-0.0284353747	-0.0404971841	-0.0676887989	-0.0277288949	-0.0093510197	-0.097094526	-0.0124386972	0.1211091965	0.0211190408	-0.1126232325	-0.13431176	-0.065238335	-0.0007626935	0.1042853834	-0.0609541209	0.1138535541	-0.0210621185	-0.0262952983	-0.1269757284	0.0684040161	-0.0354157656	0.00088647	-0.0811115198	-0.1092201011	-0.0091235762	-0.0889452872	0.0282578744	-0.172091379	-0.0799596224	-0.0007325589	-0.1132504971	-0.0485565093	0.0364771676	0.0085327752	-0.0366422437	-0.0345558856	-0.0761764134	0.0740755678	0.0117581184	0.1586455419	0.1164974652	0.0948016975	0.0615842229	0.0208821209	-0.0223578858	0.0	-0.00604494	-0.04656664	3.654129960360001e-05	0.0021684519608896	-0.107662	0.035029	0.001227030841	0.011591106244	-1.01743	0.0001899999999999	1.0351638049	3.609999999996673e-08	-0.00352598	-0.00010093	1.0186864900000077e-08	1.24325349604e-05	-0.00201856	-0.0007683899999999	5.904231920999998e-07	4.0745844736e-06	0.000254256	-0.000189162	3.5782262244e-08	6.464611353600002e-08	0.0	0.0	0.0	0.0	0.0	0.0	0.0	0.0	0.0	0.0	0.0	0.0	0.0	0.0	0.0
6022.446722685768	34.11566178168687	36269864.52758855	1163.87837880245	12178.38426962819	60.146619022274535	148313043.41872734	3617.615779810637	5383.644523939363	-12.074042611021468	28983628.36014229	145.78250497276213	5539.808449391332	7667.974741838263	1.04352	40.118134	0.0601756599999999	0.0310575	0.2008118072	-0.0276424457	-0.0101701767	0.2123882613	-0.0960182188	0.0318883437	0.148823672	0.0780088601	0.0233803792	0.0994714437	0.1506878552	0.1302029427	-0.0918028734	-0.0240054109	-0.0596515702	0.082239087	0.0781463015	0.0874556463	0.0325668765	-0.1047361887	-0.0943974988	0.1130813817	-0.1011831876	0.0294580623	0.0929658002	-0.0615970956	-0.0704847137	-0.0115105523	-0.1090849219	0.0702215186	0.0153137597	0.0387398846	0.0663929597	-0.0216325814	0.0384349566	-0.0137543188	0.0464934564	0.0893830059	0.0235877838	0.0064157494	-0.0310205139	0.055955315	0.0865058807	0.1296362922	-0.0569505516	0.0744052065	-0.0468594661	0.0064360789	-0.0285711736	0.0807720371	0.0818501111	-0.1204133356	0.0649749793	-0.0166419015	0.1001962004	0.1745436448	-0.1026016919	0.0873500383	0.110011422	0.0256887023	-0.0950304239	0.0931030244	0.0905535549	-0.0408446519	-0.1250215655	-0.0451611541	-0.0667574919	0.1384965961	-0.0254448625	-0.0405846759	-0.0118390503	-0.1175138201	-0.0277848759	-0.0639655946	-0.0850639653	0.0541906906	0.0077163672	-0.0016381057	0.0408268495	-0.0267202372	-0.053289109	-0.0592800021	0.0080456307	-0.1138458895	0.0306834618	0.000899693	0.0146760534	-0.1039190202	0.0212596435	-0.0769512944	-0.018745576	-0.0031473893	-0.1155329128	-0.0070009079	-0.0295163998	0.0941919419	-0.0487670562	0.1246167034	-0.027152886	0.1154345858	0.0908267497	0.0536236746	0.0089844312	-0.0369007123	0.0	-0.0191086	-0.01306366	0.00036513859396	0.0001706592125955	-0.120406	-0.012744	0.000162409536	0.014497604836	-1.01922	-0.0017899999999999	1.0388094084	3.204099999999851e-06	-0.00309422	0.00043176	1.864166976000002e-07	9.5741974084e-06	-0.00179876	0.0002198	4.8312040000000015e-08	3.2355375376e-06	0.000254256	0.0	0.0	6.464611353600002e-08	0.0	0.0	0.0	0.0	0.0	0.0	0.0	0.0	0.0	0.0	0.0	0.0	0.0	0.0	0.0
5982.862536933211	-39.58418575255655	35794644.1358389	1566.907761692901	12157.292590713703	-21.091678914486693	147799763.1362223	444.8589194318025	5393.536599620476	9.892075681113056	29090237.05144561	97.85316128086832	5556.950390625079	7652.300377885302	1.065333	40.956764	0.2309221	0.133666	0.2356319697	-0.054120335	0.0188497016	0.2791457169	-0.0338455485	0.0254371349	0.079571803	0.0687640363	0.0148388598	0.0278599112	0.1604989016	0.1850054033	-0.0157960406	-0.0263613001	0.0010534808	-0.078308018	0.0743364968	0.1257307896	0.0411707536	-0.1116468598	-0.0720606649	0.0183268719	0.0099675807	0.0022617344	-0.1092707695	-0.0466756888	-0.0414068721	0.0562063287	-0.015894809	-0.089242511	0.0447189146	-0.0823373462	-0.0652214383	0.0311470278	0.0424337926	-0.0361886135	0.0687049291	0.0987796779	0.0672684826	-0.0383407241	0.021759938	0.0083918307	-0.0980365321	0.0315502059	-0.0024765138	-0.017669323	0.0165071508	0.138125436	-0.0673154841	-0.1057732204	0.0989302166	0.0096567347	0.0366765277	-0.0213942874	0.0230846901	0.2028397026	-0.0206972796	0.1554221156	0.0186411037	-0.029684293	-0.006840127	-0.0213227033	0.1749659562	-0.0427462033	-0.1000502536	-0.0104868696	-0.0685497475	-0.0221924934	0.0156964584	0.0059536606	0.1129694691	0.048843263	-0.0477946144	0.0375097552	-0.0025343196	-0.0695601213	0.0030215846	0.0104040179	-0.1097291631	-0.0851682574	-0.028149514	-0.0327274047	0.0061765004	-0.1153770527	0.035666777	-0.0164750588	-0.0263284381	0.0905149124	0.0259954596	-0.0453672952	-0.0171684121	-0.0321934362	-0.033261028	0.1029731572	0.0435012973	-0.1199184523	-0.1455317627	0.0134019746	-0.0449359993	0.1143042958	0.0866396718	0.0453814036	-0.0029971437	-0.0509054434	0.0	0.0392955	0.0584041	0.0015441363202499	0.00341103889681	-0.110275	0.010131	0.000102637161	0.012160575625	-1.11765	-0.09843	1.2491415225	0.0096884649	-0.00306443	2.9790000000000025e-05	8.874441000000014e-10	9.3907312249e-06	-0.00304811	-0.00124935	1.5608754225000003e-06	9.290974572100002e-06	0.000254256	0.0	0.0	6.464611353600002e-08	0.0	0.0	0.0	0.0	0.0	0.0	0.0	0.0	0.0	0.0	0.0	0.0	0.0	0.0	0.0
5949.172986178533	-33.68955075467784	35392659.21947641	1134.985830052014	12034.259015989075	-123.03357472462812	144823390.06391433	15137.260509520653	5368.713126101122	-24.823473519354597	28823080.63037048	616.2048375660987	5527.153610028886	7411.40424701618	1.097404	42.189701	0.2793720499999999	0.12773	0.2219592428	-0.0811422713	0.1177098297	0.3221634123	-0.014521079	0.1515138992	0.0189643744	-0.0190073074	0.0725879899	0.1243910362	0.1899299553	0.2540502035	-0.0141482332	-0.0285843543	0.0427695543	-0.058912856	-0.0008922282	0.0080012065	0.1851851075	-0.015228666	-0.0731928299	-0.0474193176	0.05782362	-0.0011499191	0.0774564657	0.0803787585	-0.0528771454	-0.0374192271	0.035929488	-0.0025681102	0.0162964146	0.0545928231	-0.0562434736	-0.0093152688	-0.0697301017	-0.1230449952	0.0465571121	-0.0061915585	-0.026374653	-0.0199769041	0.0600589615	-0.0410483223	0.0563558255	-0.0907776325	-0.194247852	-0.1079899288	0.1038755916	-0.0729758803	0.0359499438	-0.0341968814	0.0414785039	-0.0681599633	0.0307989657	-0.0826317763	0.1235951059	0.22557773	-0.0717527938	0.198883441	-0.0733661089	-0.0389610599	-0.0320300327	-0.0649454502	0.065738751	-0.1914984789	-0.0062602442	-0.0234694975	-0.0297472805	-0.0704798345	-0.0349878021	-0.0225268943	-0.1038417712	-0.0495414269	-0.0716305604	-0.0051284735	0.0349323412	-0.016969373	0.008881825	0.0386597576	0.0217811666	-0.0408432417	0.0847138638	-0.0836560905	-0.1021630953	0.0007007519	0.0243771999	-0.0792025631	0.007322484	-0.0234173288	0.1594707191	0.0812541847	0.0601800711	0.0290071227	0.1610921659	-0.0771512025	0.0251904834	0.000415054	-0.0462161122	0.1059431433	-0.1350593233	0.1131072554	0.0822502429	0.0369007123	-0.0149507351	-0.0641678585	0.0	0.0886216999999999	0.0493261999999999	0.0078538057108899	0.0024330740064399	-0.0625721	0.0477028999999999	0.0022755666684099	0.00391526769841	-1.22387	-0.1062199999999999	1.4978577769	0.0112826883999999	-0.00392675	-0.0008623199999999	7.435957823999996e-07	1.54193655625e-05	-0.00354898	-0.00050087	2.5087075690000005e-07	1.25952590404e-05	0.000413525	0.0001592689999999	2.5366614360999993e-08	1.71002925625e-07	0.0	0.0	0.0	0.0	0.0	0.0	0.0	0.0	0.0	0.0	0.0	0.0	0.0	0.0	0.0
6001.948133793886	52.77514761535258	36023381.40075191	2785.2162058222552	12188.584081584711	154.32506559563626	148561581.91386023	23816.225871097435	5378.177669175662	9.464543074540416	28924795.04121976	89.57757560983094	5537.601165577048	7484.1373343276355	1.181013	45.404068	0.2190591499999998	0.108882	0.2524109954	-0.0235476462	0.1283524579	0.2846971539	-0.1008470638	0.0743317769	0.0895873348	-0.0630421987	0.139728408	0.1309213794	0.2114077053	0.1460836621	-0.0408320529	0.0148823237	-0.0027071132	-0.0394432552	0.0561121752	-0.0084995607	0.0144115514	0.0690394248	-0.0044671307	-0.0391261067	0.0629309371	-0.0747887031	-0.0552009015	-0.0203677285	-0.0282173184	0.0132313093	0.0588840914	-0.0099906674	-0.1081589696	-0.0540499543	0.0362075151	0.0067493207	-0.0246775324	-0.0378145747	-0.0590819024	-0.0212036685	0.0145273231	-0.0520698992	0.0849312587	0.065306401	0.0365666915	-0.0819652697	-0.1072887582	0.0869230811	0.0228830947	-0.067195197	-0.0140601788	-0.032611246	-0.0394636449	-0.0234012164	-0.1894474057	-0.0569802867	0.1309238578	0.243954597	-0.074674054	0.1200846364	-0.0061897832	0.0224107779	0.0354494603	-0.0132586844	0.0284807767	-0.0085761714	0.0925539693	-0.0099174632	0.0010156614	-0.073225378	0.0287106435	-0.0445632671	0.0711752808	0.0467713574	-0.0243794874	0.0360143539	0.0428055616	-0.0014856569	-0.0948519026	-0.0761243398	0.0579409468	0.0436677403	0.0786265678	0.0092425115	0.0303255643	0.0025995662	0.0555829736	-0.0743552969	-0.0880717845	-0.0583787479	0.0920146888	0.0799760851	-0.0674454637	0.0268942559	0.0226677525	-0.0739397961	0.0781055664	-0.1180933346	0.1293818915	0.0268785134	0.0097264296	0.1118441635	0.0776687148	0.0282261557	-0.0267647356	-0.0764945617	0.0	0.0667224	-0.0218992999999999	0.00445187866176	0.0004795793404899	-0.0530157	0.0095564	9.132478096000011e-05	0.00281066444649	-1.12993	0.0939399999999999	1.2767418049000003	0.0088247235999999	-0.00294077	0.0009859799999999	9.721565603999992e-07	8.648128192900001e-06	-0.00269599	0.00085299	7.275919401000002e-07	7.268362080100001e-06	0.000379226	-3.4299000000000005e-05	1.1764214010000003e-09	1.4381235907599997e-07	0.0	0.0	0.0	0.0	0.0	0.0	0.0	0.0	0.0	0.0	0.0	0.0	0.0	0.0	0.0
6062.215831418887	60.26769762500135	36750460.78670579	3632.195377018593	12391.086505824314	202.502424239603	153539024.7948214	41007.23182291615	5442.063396462001	63.885727286338806	29616054.01111153	4081.386150904455	5593.567776033197	7601.850929198676	2.783785	107.022675	1.57507685	1.07514	-0.0920116762	0.1293721881	0.0061628763	-0.20743841	-0.0498060344	-0.1101500511	0.0198976181	0.2030374923	0.3076320542	-0.1005029308	-0.1353230672	-0.2258921633	-0.0788995714	0.0390527751	0.0023003529	0.0228106739	-0.0734595064	0.3266877598	0.2168812467	0.0189394013	0.1922175611	-0.1909552332	0.0962113133	0.0614753249	0.040038087	-0.147127632	0.0710908211	0.0830960896	-0.0244567687	0.0936737777	-0.1225168734	0.2186421024	0.0771576716	0.0729211365	0.0229829646	0.0035684439	0.0254087763	-0.0355259992	-0.0966947375	-0.1349353441	0.1034628801	0.0876997631	-0.2085106767	-0.0836958093	-0.0155694414	-0.0569761278	-0.0957018792	0.0387187685	-0.0572432094	-0.0658359885	0.047166512	-0.0148617578	-0.0387694047	-0.1493203079	-0.0936673553	-0.2524465993	-0.0535292379	-0.2997919716	-0.0673823078	0.0405792549	-0.2628854546	-0.1439006334	0.2469553568	-0.1630834005	-0.0248256369	0.1264228294	0.2068693948	-0.0868117318	-0.0851727524	-0.062245774	0.0634897626	0.0123548632	0.0673681027	-0.2747941425	0.0966365302	0.0857530029	0.00018943	-0.1101657139	0.0542988083	0.0949322526	0.03228919	-0.0861515583	-0.0266332043	0.0122786364	0.0596818414	-0.0576029274	-0.1761709754	0.1772970608	0.0595596549	0.0178829401	0.0161386828	-0.0570207585	-0.0647934452	0.0484130381	0.0268689791	-0.1024023834	-0.0272138221	0.0225667769	-0.09438924	0.1105157577	0.0729057878	0.0194033074	-0.0383288409	-0.0877058019	0.0	-0.0220322	-0.0887546	0.0004854178368399	0.00787737902116	0.0112041	0.0642198	0.0041241827120399	0.00012553185681	-0.0419251	1.0880049	0.00175771401001	1.18375466242401	0.000293731	0.003234501	1.0461996719001e-05	8.627790036099998e-08	0.000186886	0.002882876	8.310974031375999e-06	3.4926376996e-08	-0.000185348	-0.000564574	3.18743801476e-07	3.4353881104e-08	0.0	0.0	0.0	1.0	0.0	0.0	0.0	0.0	0.0	0.0	0.0	0.0	0.0	0.0	0.0
6021.304130884534	-40.91170053435326	36256103.43660715	1673.7672406126007	12484.75665308354	93.6701472592249	155869148.6867137	8774.096487564879	5461.100781026103	19.03738456410156	29823621.74052391	362.4220110414923	5623.492207352626	6419.291834813591	2.577606	99.096107	0.3148742	0.154886	-0.2057351191	-0.071658619	-0.3788509504	-0.2124047502	0.0840461249	-0.2112393487	-0.0135716091	0.1988345937	0.0013571202	-0.1970987395	-0.0820993371	-0.0418467107	0.0842775634	0.1786234669	-0.0398245369	0.0038130694	0.1493635144	-0.1392893284	-0.0870769292	0.0917397873	0.0535995455	0.1933904125	0.1069491867	-0.0130264231	-0.0447889	-0.1349760982	0.0543384426	-0.0205323249	-0.0401666673	0.0454930777	0.1240185955	0.2633536877	-0.0268887312	0.0158416638	-0.1072443183	-0.0073975375	0.1324266924	0.0568220888	-0.0860718795	0.0167944193	-0.0121459532	0.0753379677	-0.1265499204	-0.0271359136	0.1133494511	0.0059163304	0.0662912167	-0.0472446555	0.0911876581	-0.0739258761	0.1041624762	-0.0683108735	0.0632957884	-0.0746691351	-0.2032225057	-0.0788486352	0.1514377423	-0.008714919	0.052578991	0.1809142933	0.1593100289	0.1677627288	-0.031555461	0.1161688365	0.0812715439	-0.1490123217	0.0588454098	-0.0697326093	-0.0674946053	-0.0237735546	0.0804684257	-0.037776714	0.0617760453	-0.2102014789	0.0306568722	0.0628279996	0.216976218	0.0532424584	0.0070429647	-0.064826079	0.0172929114	-0.0132360875	-0.1041702907	-0.0276474923	-0.0493716151	-0.0293229676	-0.135133881	0.0773468214	-0.1347732988	0.006428927	-0.0303390616	-0.0220607354	0.0370568513	-0.1271832993	-0.0279416644	-0.0274202955	-0.1386613884	0.0642889595	-0.0916855611	0.1091228139	0.0679725859	0.0104785198	-0.0495350801	-0.0976380941	0.0	-0.0636189	-0.0415867	0.00404736443721	0.00172945361689	-0.0558171	-0.0670212	0.00449184124944	0.00311554865241	0.0501007	0.0920257999999999	0.00251008014049	0.0084687478656399	-0.00100132	-0.001295051	1.677157092601e-06	1.0026417424e-06	-0.000363268	-0.000550154	3.02669423716e-07	1.31963639824e-07	0.000254257	0.000439605	1.93252556025e-07	6.464662204899998e-08	0.0	0.0	0.0	0.0	1.0	0.0	0.0	0.0	0.0	0.0	0.0	0.0	0.0	0.0	0.0
6014.145243806783	-7.158887077751388	36169943.01360375	51.2496641919958	12502.310349361856	17.553696278317148	156307764.0717606	308.1322530314053	5442.948489872035	-18.152291154067825	29625688.263400264	329.50567414204903	5607.142177801897	6306.274818001652	1.260457	48.458309	0.33779965	0.182778	-0.2122391867	-0.1083860756	-0.3075583608	-0.2489673734	0.1064388618	-0.230078456	-0.0451946951	0.0986778132	0.0126159745	-0.0880586558	-0.1299419601	-0.1790350075	0.0944380735	0.0744380232	-0.2380120485	0.1144197254	-0.1816497006	-0.1678320621	0.1339489879	-0.0297932671	-0.136488865	0.0605072852	0.080586646	-0.0803193741	0.1295269471	0.0992094404	0.2036741289	0.0787028685	-0.0864883946	0.0335656474	-0.1504993814	-0.1629983588	0.0530974413	-0.1067727454	0.1748482961	0.0790075945	0.0184824602	0.1013501104	-0.1026029618	0.029807941	-0.0059522219	-0.0255707809	0.1592220406	-0.0864560503	-0.0541595765	-0.0577762256	0.0383135519	0.0169655768	-0.1284118483	0.1470870179	0.0266297752	-0.0207666562	0.0026552906	-0.0982614507	-0.0956974469	-0.126380094	0.1810861982	-0.1472514393	0.1413616166	0.1544310103	-0.0656939317	-0.0545813377	-0.2727234599	-0.2005930042	-0.039710993	-0.1164418479	-0.1270819429	-0.004664565	-0.003590082	-0.1009564931	-0.1844244013	0.1437984933	0.1685388809	0.027493685	-0.0747585249	-0.0276947431	-0.2175194878	-0.0060077651	0.0867685325	0.0662697109	-0.1975172856	-0.0733032796	-0.0443280173	-0.1604740062	-0.03238163	0.0625896685	0.0627042919	-0.1125544723	0.1175585225	0.1348011818	-0.0406316773	-0.0384604249	0.0269966984	0.1230377787	0.0061120226	0.0594416402	-0.0177855408	0.0066886261	-0.1254212117	0.1076661454	0.0628806309	0.0014986813	-0.0602788237	-0.106146603	0.0	-0.070355	-0.0067360999999999	0.004949826025	4.537504320999993e-05	-0.153007	-0.0971899	0.00944587666201	0.023411142049	0.172545	0.1224443	0.029771777025	0.01499260660249	-0.0017712	-0.0007698799999999	5.927152143999999e-07	3.13714944e-06	0.000966086	0.001329354	1.767182057316e-06	9.33322159396e-07	0.000124904	-0.0001293529999999	1.673219860899999e-08	1.5601009216000004e-08	0.0	0.0	0.0	0.0	0.0	0.0	0.0	0.0	0.0	0.0	0.0	0.0	0.0	0.0	0.0
5984.138410661298	-30.00683314548496	35809912.51795192	900.4100354209749	12397.313172422491	-104.99717693936508	153693373.8951202	11024.40716523634	5431.720159429223	-11.228330442811966	29503583.89034982	126.07540453297796	5588.517102183802	6262.791098648277	1.330506	51.151318	0.21738573	0.107413	-0.2161283863	-0.1175492688	-0.2713138493	-0.1719000705	0.1038812523	-0.0459364033	-0.0389793471	0.0627091728	-0.1154170088	-0.012570512	-0.1528947163	-0.0673260802	0.1328943905	-0.0371461816	-0.057542858	0.0128813665	0.0904474643	-0.0719447596	0.0753811853	-0.1498339272	-0.0101674134	0.0884617474	0.0046598643	0.0079279278	-0.0729464392	-0.0135130536	0.0103509462	0.0793873678	0.0198445899	-0.0410860204	0.1086019529	-0.2023029031	-0.0401611073	-0.1803774498	-0.0135787997	-0.0415352337	0.0562879732	-0.1406027816	0.0539625677	-0.0047282254	-0.0285515431	0.0367924977	-0.1667213074	-0.1184877875	0.0887633832	-0.0097931247	0.0078307136	0.0274089681	0.1624783871	0.0050290934	0.048629426	-0.1052013505	-0.0347286543	0.0929996474	-0.0149893916	-0.1359019889	0.1280349542	-0.0137669672	0.0994072017	-0.0260256891	0.0891037641	0.1279327871	-0.0070717146	-0.1173569334	-0.118659509	-0.0196432508	-0.0197929879	0.0173440631	0.0103528539	0.0193253145	0.0790634459	0.1043664474	0.0443630331	0.1860675496	-0.0981487572	0.006643246	-0.022333254	0.1628957863	0.0072550639	-0.089386295	-0.0250357666	0.0294949493	-0.0305952393	0.1484932524	-0.0128479536	0.0279433219	-0.1172017318	0.1737962414	-0.053954632	0.0677772158	0.0832444779	-0.0379078687	0.0061817522	-0.0434401635	-0.1259696079	-0.101598173	0.0105448372	0.1272995903	0.0360173304	0.106146603	0.0576418153	-0.0074890309	-0.0704597601	-0.1131072554	0.0	-0.0565829	0.0137721	0.0032016245724099	0.00018967073841	-0.179718	-0.0267109999999999	0.0007134775209999	0.0322985595239999	0.13428	-0.0382649999999999	0.0180311184	0.0014642102249999	-0.00340827	-0.00163707	2.679998184900001e-06	1.16163043929e-05	-4.02436e-05	-0.0010063296	1.01269926383616e-06	1.61954734096e-09	0.000254257	0.0001293529999999	1.673219860899999e-08	6.464662204899998e-08	0.0	0.0	0.0	0.0	0.0	0.0	0.0	0.0	0.0	0.0	0.0	0.0	0.0	0.0	0.0
5958.546491110947	-25.59191955035112	35504276.28673057	654.946346271644	12312.95057069785	-84.36260172464063	151608751.75644854	7117.048569750337	5432.599837918506	0.8796784892829237	29513140.998952176	0.7738342445070869	5587.525482733779	6182.074337474709	1.109387	42.650414	0.10953897	0.0549539	-0.1950015741	-0.1521056489	-0.1883238024	-0.1280604324	0.1483354842	-0.0572961476	-0.0706505195	0.0534166309	-0.0369084994	-0.0367143048	-0.1670304648	-0.1232221875	0.1215076477	-0.1361535414	-0.1712344128	0.0620303044	0.0624797507	-0.0353691935	0.0081984732	-0.0351416845	0.0134929323	0.0661912254	-0.1948670958	0.1789732811	0.094712995	-0.0667440011	0.0096617917	-0.1244755366	0.2014954394	-0.0299417991	-0.1093518361	0.0816921224	0.1277713018	-0.0668972392	0.1001712038	-0.0259830571	0.1188468893	-0.0565851978	0.0729573365	0.0727052079	0.0822860074	-0.0786632188	0.0548468066	-0.0432574324	-0.0946367211	-0.0286038244	-0.0478581571	-0.0146355279	0.0109556042	-0.0725542975	-0.0694554774	0.0067788672	0.0549749569	0.0762945591	-0.0357859476	-0.1522826829	0.1447744083	-0.0577376152	0.2010616995	-0.0693520086	-0.0108034923	0.084730146	-0.0615114409	-0.0327558567	-0.0208373786	0.0911009402	0.0177016672	0.2099281453	-0.0556778761	0.1246478097	-0.0167157569	-0.1719132897	0.0786818448	0.0811222596	0.1464791517	-0.0218874886	0.0251052845	-0.1131282659	0.1792666468	-0.0330734397	-0.085883347	-0.0681045375	0.0617698744	0.0995941712	-0.0350357286	-0.1342805494	0.1022765367	0.059808245	0.0680095847	0.0244581445	0.0797217455	0.1495533488	-0.0101189479	-0.0727345981	0.0467002954	0.0586141415	0.0094009837	-0.0317792658	0.0576163172	0.1045650739	0.0522683746	-0.0164373979	-0.0799828327	-0.1184185493	0.0	-0.023701	0.0328819	0.000561737401	0.0010812193476099	-0.202463	-0.022745	0.000517335025	0.040991266369	0.124738	-0.009542	0.015559568644	9.104976400000016e-05	-0.00373847	-0.0003301999999999	1.090320399999998e-07	1.39761579409e-05	-0.000597445	-0.0005572014	3.104734001619601e-07	3.5694052802500005e-07	0.000254257	0.0	0.0	6.464662204899998e-08	0.0	0.0	0.0	0.0	0.0	0.0	0.0	0.0	0.0	0.0	0.0	0.0	0.0	0.0	0.0
5945.766509092792	-12.779982018154442	35352139.380649485	163.32794038435088	12263.795924343787	-49.15464635406352	150400690.47395128	2416.17925819305	5426.069443492747	-6.530394425758459	29442229.60560569	42.64605135597715	5579.900320466253	6167.299010560261	1.17109	45.022572	0.1392455	0.0752006	-0.1937230986	-0.1228643347	-0.0276368488	-0.0873091927	0.1615726807	0.0435708995	-0.071574925	0.0456925692	0.0023350386	-0.0008657945	-0.118828141	-0.0451663693	0.0801414907	-0.034141054	0.1020036116	0.0030439955	0.0551191708	-0.188783735	0.0769153623	-0.1438862833	0.0692528789	-0.0717388662	0.0865655988	-0.175944514	-0.1155259063	-0.014300719	0.0112733792	-0.0739478721	-0.0823998353	-0.0415488811	-0.0568924546	0.0179077819	-0.0394976775	-0.0661610508	-0.0616806844	0.1323462877	0.0410010438	0.0483136272	0.0201674013	0.1826034557	-0.0574357997	0.1089255184	0.146720326	0.1404436874	0.1337125494	-0.0341351372	0.1119187554	-0.0785391198	-0.0222953697	-0.0646178961	-0.0792037527	-0.0266128009	0.0603968021	0.0657472203	-0.0005440965	-0.1138432364	0.073630845	0.0021480642	-0.0650067969	-0.08443762	0.1350666269	0.1131420239	-0.1086301498	-0.0984390632	-0.0708800045	-0.0247770033	0.030514802	-0.2013466927	0.1946727303	-0.0120553124	0.0725695514	-0.0059402072	0.0213824449	-0.0499054617	-0.0593155762	-0.0627259422	-0.035554245	0.0395736993	0.0362387859	-0.0832520686	-0.0577734388	0.1577229804	0.0144633804	-0.0007036263	-0.1222449443	-0.0039404695	0.0250902715	-0.1761499236	-0.1936320618	-0.1291161788	0.0270265605	0.0616259081	0.0592844646	-0.0061122436	0.0422658008	0.1096169511	-0.0470422719	0.007241154	0.0077252077	0.1029224817	0.0467728586	-0.0252994078	-0.0887591272	-0.1220030341	0.0	0.036475	0.060176	0.001330425625	0.003621150976	-0.162022	0.040441	0.001635474481	0.026251128484	0.118047	-0.006691	0.013935094209	4.4769481000000034e-05	-0.00401258	-0.00027411	7.513629210000008e-08	1.6100798256399998e-05	-0.0008911429999999	-0.0002936979999998	8.625851520394124e-08	7.941358464488218e-07	0.000183315	-7.094199999999997e-05	5.032767363999996e-09	3.3604389225e-08	0.0	0.0	0.0	0.0	0.0	0.0	0.0	0.0	0.0	0.0	0.0	0.0	0.0	0.0	0.0
5976.423843770399	30.65733467760674	35717641.96038735	939.8721695347888	12346.94125891596	83.14533457217294	152446958.45112124	6913.146661118577	5426.946168388893	0.8767248961457881	29451744.71459089	0.7686465435218429	5579.432904079681	6359.67338669665	1.224019	47.057442	0.187098475	0.0971798	-0.1626538993	-0.0381264659	0.0428811996	-0.0994846688	0.0651527593	0.111671078	-0.0005921734	0.0617269566	-0.0332810976	-0.0082430746	-0.152034146	0.0183414774	0.0779132529	-0.2065565293	0.1237973363	-0.0308767425	0.0675595955	0.0630592989	0.0732199106	-0.0244419544	0.0210906612	0.0200909149	0.0856805838	-0.0862640367	0.1174350654	0.0085118941	-0.167310051	0.0687478244	-0.0707654472	0.0590429342	0.0953358926	-0.1702603086	0.1347442142	0.1065583823	0.0429981427	-0.0139439866	0.0689381601	-0.0958094019	0.0307930155	-0.1294805654	0.0654009914	-0.0909843585	0.1301491235	0.0858644016	-0.0241209296	-0.1082789893	0.077317627	-0.0148603375	-0.0377681374	-0.04508416	-0.1463851513	0.0040210677	0.1305807247	0.0092237943	-0.0027968136	-0.1391751753	0.0281756828	0.0648532222	-0.0315598794	-0.2317549754	0.0137923511	0.06001727	0.0704308126	-0.0610118216	-0.0329045772	0.0091657923	0.0536538753	-0.0113166015	-0.0323889736	-0.1980887761	-0.0361042421	0.0157608189	-0.0999782935	0.1755367435	-0.1633390692	0.1236802719	0.0049198243	-0.0883590232	-0.0822184722	0.0657624926	-0.0802890611	0.0206998817	-0.0111255013	0.0349421348	0.1609016193	-0.1063971642	0.0999735983	-0.0056179934	-0.0258502798	-0.0914862066	0.0419259801	0.1301197088	0.1549138849	0.013416346	0.0903165664	0.1256813158	-0.0227573215	-0.0366081837	-0.0220327462	0.1012197857	0.0411681025	-0.0340285022	-0.0967067016	-0.1238084399	0.0	0.0869845	0.0505095	0.00756630324025	0.00255120959025	-0.143981	0.018041	0.000325477681	0.020730528361	0.128092	0.010045	0.016407560464	0.000100902025	-0.00479421	-0.00078163	6.109454569000002e-07	2.29844495241e-05	-0.00213841	-0.0012472670000001	1.5556749692892494e-06	4.572797328099999e-06	4.21525e-05	-0.0001411625	1.992685140625e-08	1.77683325625e-09	0.0	0.0	0.0	0.0	0.0	0.0	0.0	0.0	0.0	0.0	0.0	0.0	0.0	0.0	0.0
5981.678511196687	5.254667426288506	35780477.81131222	27.61152976089748	12307.845179475193	-39.09607944076743	151483052.96193075	1528.5034276387971	5415.4645673345885	-11.48160105430452	29327256.4800564	131.82716277020666	5567.328036524816	6510.879793635165	1.093835	42.052486	0.087858865	0.0411031	-0.1350815126	0.0066073054	0.1124064318	-0.07019896	0.0488790243	0.1216537658	-0.0598845058	0.0158849752	0.0404596595	0.0561320642	-0.1224083404	0.0441523357	0.0338225014	-0.265205877	0.0591075937	-0.0224575699	-0.0406509201	0.148979352	-0.1054878642	0.0302881473	-0.0819786556	-0.1028078386	0.0381197279	0.007350977	0.0996330278	0.0119860938	0.058966415	-0.0559390633	-0.0760870978	-0.0938360214	-0.0528135467	-0.0575802734	-0.0142074041	-0.1355998705	-0.0034386309	0.0373447002	-0.0551534565	-0.0465760319	0.0183993573	0.0482131428	-0.1030683462	-0.0454433647	-0.0624339045	-0.0976859576	0.0159464952	0.0919350282	0.1310217961	0.0251899523	-0.1206195313	-0.1097998365	0.0923566059	0.0014614773	0.020265487	-0.0922240028	0.0611713521	-0.116775588	0.011411669	0.0672107759	0.0058359449	-0.2621461331	-0.1052219316	-0.0619978844	0.0782297907	0.0941243358	0.017023169	0.1078493498	-0.0717980006	0.0155217051	-0.0293606046	-0.0902613202	-0.086722229	-0.0230200458	0.0852053752	0.0236893847	-0.0762258158	-0.1068143032	-0.0537598526	0.0566395967	0.0919829528	-0.0577115717	0.009108843	0.0759855105	0.0705370552	0.0942419269	-0.0492362191	0.1222738613	0.0067780823	0.0264581606	0.0147234838	0.0674392016	-0.161005346	-0.0145183267	0.0234889466	0.0737886624	0.1302450931	-0.1050791642	-0.086217874	0.0156837219	-0.0799619074	0.0994579802	0.0354671963	-0.042578821	-0.1037513516	-0.1238084399	0.0	0.0917184	0.0047338999999999	0.00841226489856	2.240980920999999e-05	-0.111908	0.032073	0.001028677329	0.0125234004639999	0.118986	-0.009106	0.014157668196	8.29192360000003e-05	-0.00528299	-0.00048878	2.389058884000003e-07	2.7909983340100004e-05	-0.00241135	-0.00027294	7.449624360000009e-08	5.8146088225e-06	-3.50468e-05	-7.71993e-05	5.95973192049e-09	1.2282781902399999e-09	0.0	0.0	0.0	0.0	0.0	0.0	0.0	0.0	0.0	0.0	0.0	0.0	0.0	0.0	0.0
6040.249630356609	58.57111915992118	36484615.59702314	3430.5759996456864	12376.2356637227	68.39048424750763	153171209.20400167	4677.258335608589	5429.731898982544	14.26733164795587	29481988.49482859	203.5567523527632	5578.967157889487	6752.037842354649	1.274385	48.993744	0.1076480049999999	0.0585669	-0.1027369532	0.1253579801	0.1333945761	-0.101286133	-0.0949139832	0.1505682331	-0.0174508495	-0.0088693203	0.0543694647	0.0080151865	-0.1382698233	-0.0525725344	-0.1130448486	-0.1427440221	-0.0403114682	0.089631645	0.1768393606	0.0278889623	0.1076269593	0.0510891548	0.1564228197	0.0396652301	0.0761646219	0.0759637098	-0.0577487716	0.1366705392	0.0567208507	0.0252247035	0.0593430836	-0.1390685717	0.0628715554	-0.0455216499	-0.1619489914	0.2667471807	-0.062207141	-0.0238218723	-0.1054466973	0.0514675559	0.0718154533	-0.0372709179	-0.0858859496	0.0003270526	0.0216974992	0.2120300361	0.0802948701	0.0594194497	-0.0930345642	-0.0080422308	0.019503223	-0.0018240737	-0.0526746814	-0.069619672	-0.0702122883	-0.0092677195	0.0160260244	-0.1463035049	-0.089815618	-0.0165880994	0.1335059772	-0.1241532358	-0.0567810869	0.1199305003	0.0842027606	-0.0680930709	0.0991964303	-0.0509562173	0.1415108166	-0.1007877207	-0.0331885736	0.1503797378	-0.0676333471	0.119015947	-0.0118502437	0.080067754	0.0775019587	-0.1061291593	0.0789070317	-0.0973476412	-0.3122350133	-0.0269402649	0.1260189003	0.0523587016	0.0704288203	-0.0359379504	0.031959094	0.076253836	0.0537864428	-0.0698652146	-0.1100472059	-0.1577047641	0.0071471368	-0.0175682937	-0.1027650089	-0.0187505345	-0.0165475565	0.002332761	0.1230087298	0.058884971	0.025822148	0.0976380941	0.0296834549	-0.0509054434	-0.1098273031	-0.1220030341	0.0	0.0903368	-0.0013816	0.00816073743424	1.908818560000029e-06	-0.0666814	0.0452265999999999	0.0020454453475599	0.00444640910596	0.112437	-0.0065489999999999	0.012642078969	4.288940099999999e-05	-0.00568133	-0.0003983399999999	1.586747555999997e-07	3.22775105689e-05	-0.00174136	0.00066999	4.488866001000001e-07	3.0323346496e-06	-1.35607e-05	2.14861e-05	4.616524932099999e-10	1.8389258449e-10	0.0	0.0	0.0	0.0	0.0	0.0	0.0	0.0	0.0	0.0	0.0	0.0	0.0	0.0	0.0
6077.256424942362	37.0067945857536	36933045.65450322	1369.5028455121617	12469.82124679747	93.5855830747696	155496441.9270816	8758.261359444603	5458.062518219244	28.33061923669993	29790446.4527898	802.6239863348721	5610.785830501921	7405.454319734487	1.464087	56.286869	0.0929691	0.0543285	-0.0226583213	0.1967075991	0.0025870484	-0.0873160668	-0.132632252	0.0779060692	0.0141880662	0.0184095375	-0.1614594519	-0.1076932266	-0.0638723845	0.0485847128	-0.1536217126	-0.0694467259	-0.0125645735	-0.009267356	-0.0948452646	-0.0707375235	-0.1019445695	-0.1655440245	-0.0889883141	0.0419700944	0.0887551045	-0.0501756853	0.0207523376	0.1136646001	-0.1024208424	-0.1448206465	0.1228545571	-0.0133821857	0.0714385774	0.2264384024	0.0523623432	-0.0552109257	-0.1227601072	0.1261727774	-0.0742756064	0.0027069062	0.1181787698	-0.0750031835	-0.0332127168	-0.0335741671	-0.0740934437	0.0259451082	0.0898503998	0.0934672478	-0.2822727281	0.1997366576	-0.0216258174	0.0671120758	-0.1130486318	-0.0701934504	-0.1543167733	0.0183529164	-0.1016828599	-0.0736497578	-0.1018502272	0.0593311255	0.0444819429	-0.0573389417	-0.0135589766	-0.0591974543	-0.0749071402	0.1104422877	-0.1662724257	-0.0807432995	-0.1104096549	-0.1527047814	0.0568182912	0.047297085	-0.1237617814	-0.1380839562	-0.142718481	-0.0485631812	0.1148236757	0.0094113634	0.2063783617	0.0019394846	0.1050975618	0.036304799	0.0639585193	0.135085674	0.0574856085	0.0291164531	0.0823000343	0.0593607963	0.0512651021	0.0999600157	-0.0378986067	-0.0006160758	0.0624928343	-0.0182815442	-0.3082223302	0.1096759708	-0.0917430406	-0.0369908262	0.2031361136	0.0935906372	0.0753801993	0.09576119	0.0238303864	-0.0589646239	-0.1148778268	-0.1184185493	0.0	0.0941997	0.0038629	0.00887358348009	1.492199641000002e-05	-0.0618137	0.0048677	2.3694503290000025e-05	0.0038209335076899	0.0718159	-0.0406210999999999	0.00515752349281	0.0016500737652099	-0.00541583	0.0002655	7.049025000000006e-08	2.93312145889e-05	-0.00232569	-0.00058433	3.414415489000001e-07	5.4088339761e-06	-3.60787e-05	-2.2518e-05	5.070603239999999e-10	1.3016725936899996e-09	0.0	0.0	0.0	0.0	0.0	0.0	0.0	0.0	0.0	0.0	0.0	0.0	0.0	0.0	0.0
6036.064154566089	-41.19227037627297	36434070.47803764	1696.803138751976	12400.31497241884	-69.50627437862931	153767811.41519487	4831.122177997302	5452.960678340715	-5.101839878529063	29734780.159530032	26.028770146149444	5610.175731624705	7271.634919543478	1.345789	51.738876	0.174543365	0.0850456	0.0087572913	0.0662606372	-0.0042164186	-0.0281352036	0.018341822	-0.0206434635	0.0035825284	0.0168338222	-0.0574499898	-0.0971097497	0.0135806101	0.1306616749	0.0672182133	-0.0185424132	-0.0157252677	0.0410966319	-0.2383991962	-0.0110783044	-0.1043589866	-0.0266011027	0.089911069	-0.0825200835	-0.0770161825	0.0336814271	-0.0033035687	0.1578364045	-0.0978293485	-0.0581783145	-0.1670861202	0.0431723395	0.0577847183	-0.1157316561	0.1108006457	0.1169005781	-0.0289821738	0.1174882066	0.2097225384	-0.0362565607	-0.021481977	0.0997965549	0.0588786386	0.0744768402	-0.0771082005	-0.0603749207	-0.0835238162	0.1502530189	-0.0251167937	0.0086051912	0.1336754913	-0.1302708706	0.0214362469	0.1114349302	-0.0500865541	0.1050141806	-0.1023050806	0.0191745433	0.0512120326	0.1024940179	-0.0693881746	0.013420658	-0.1408987117	-0.1250953237	-0.1558631675	0.1214017691	-0.0573174474	0.1152771805	0.0654501693	0.03455094	0.0154598747	0.079297669	-0.0877166225	-0.061123068	-0.121886743	0.015396051	-0.2202850556	0.0271449985	0.001763988	-0.0621775528	-0.060611044	-0.0328816142	-0.1661946074	0.1180021708	-0.1006384876	-0.0076567771	-0.1211613849	-0.1262394765	-0.1483392834	0.0332925139	0.073848503	-0.0227099204	-0.08093836	0.0741254937	-0.0433450831	-0.1442910888	0.0134008863	-0.1523521025	-0.0226187675	-0.0874859091	0.1044920868	0.0938283642	0.0179216609	-0.0667140218	-0.1188557671	-0.1131072554	0.0	0.108853	0.0146533	0.011848975609	0.00021471920089	-0.0921173	-0.0303036	0.00091830817296	0.00848559695929	0.0571202	-0.0146956999999999	0.00326271724804	0.0002159635984899	-0.00438529	0.00103054	1.0620126916e-06	1.92307683841e-05	-0.00126142	0.00106427	1.1326706329e-06	1.5911804164e-06	-0.000239084	-0.0002030053	4.121115182809001e-08	5.7161159056e-08	0.0	0.0	0.0	0.0	0.0	0.0	0.0	0.0	0.0	0.0	0.0	0.0	0.0	0.0	0.0
6045.184303280966	9.12014871487645	36544253.26063457	83.17711258146257	12502.197444748012	101.88247232917092	156304940.94746372	10380.038167904278	5436.920206279555	-16.04047206116047	29560101.32945092	257.29674394486966	5598.768051758235	7700.503439119128	1.930681	74.225052	0.4732051	0.269623	0.1643664875	-0.0183859505	-0.0556067192	0.0228550062	-0.011586227	-0.2463054215	0.1635921341	-0.0880343236	-0.1057221261	-0.0121653689	0.161261307	-0.2355517718	-0.0468400962	0.1426860979	-0.0361243572	-0.0161321197	0.0528394734	0.1560365771	0.0814045741	-0.072783214	0.0516251396	0.0998305447	0.0190268655	-0.0415550319	-0.10280566	-0.0189349412	-0.0650676431	0.0439594141	0.1941288097	-0.1134090647	-0.0614818043	-0.013131483	0.0351868925	-0.0759408496	-0.0822774859	0.0557440172	0.0153073692	-0.0339215649	0.1506811255	-0.1157054684	-0.0167665965	-0.103160032	0.0744143358	0.0294526706	0.121789463	0.0915047094	0.0407883681	-0.1804627782	0.2014948256	0.0003943279	0.2066928968	0.1320481179	-0.0547535918	0.0675957041	-0.0245432612	0.1526215112	0.0377026447	-0.2343422291	0.0647038605	0.1377134162	0.0342124978	0.0186025816	0.1502797288	-0.0169957723	-0.0889411873	-0.1214805643	0.0618805132	-0.0071934571	0.0664751833	-9.88335e-05	0.1176239082	0.0579522104	-0.0602272158	0.1624524947	0.1875685324	-0.0371927277	0.0171656649	-0.0263268423	0.0954999334	-0.0663569769	-0.0465238819	0.1417480151	0.0427608655	0.0379140025	0.1850453539	0.0330959279	0.1470432203	-0.0508971733	-0.0762022941	0.0495694558	-0.104180629	-0.1180834092	0.0495752849	-0.2708995828	-0.0995601016	-0.1161193755	-0.093707855	-0.1204656633	0.0711116211	0.0918407451	0.0119710786	-0.0741129243	-0.1217239831	-0.106146603	0.0	-0.0637667	-0.1726197	0.0040661920288899	0.0297975608280899	-0.0889878	0.0031294999999999	9.79377024999996e-06	0.00791882854884	-0.0528474	-0.1099676	0.00279284768676	0.01209287304976	-0.00423202	0.0001532699999999	2.3491692899999883e-08	1.7909993280400002e-05	0.00104955	0.00231097	5.3405823409e-06	1.1015552025e-06	-0.00152461	-0.001285526	1.6525770966759998e-06	2.3244356521e-06	0.0	0.0	0.0	0.0	0.0	1.0	0.0	0.0	0.0	0.0	0.0	0.0	0.0	0.0	0.0
6031.016496074234	-14.167807206731595	36373159.97591953	200.72676104711573	12466.854186682303	-35.34325806570814	155422453.31199807	1249.1458906992436	5418.795728127527	-18.12447815202813	29363347.14317313	328.4967082833451	5576.095135916454	6791.194025364464	2.17297	83.539871	0.3036637	0.186724	-0.0457487763	-0.0031964026	-0.1337013782	-0.0613315687	0.0019205802	-0.0699261577	-0.0002883367	-0.2192257519	-0.0180813146	0.0828975116	-0.0081295479	-0.1989201269	0.0593979677	0.0267963094	0.0185877655	0.0754426114	0.0987758839	-0.0069034193	-0.2033822779	-0.0999384171	-0.0918216086	-0.2026518625	-0.1263163457	0.0285119382	-0.0101889214	-0.1198331906	-0.1190360317	0.0767943571	0.0109658535	-0.0762034346	0.0737365171	0.0703052293	-0.0905774728	-0.0313313046	-0.0170909755	-0.1589473631	-0.0001298225	-0.0485343644	-0.320970189	-0.0429227652	0.0805239497	0.1149148041	0.1057800813	0.0588773964	-0.0528781577	-0.1072502372	-0.1115597106	0.0847848051	-0.0589768893	-0.0807705807	0.0312095204	-0.1960290596	0.0219210051	0.0819026342	0.0783202655	-0.0465850638	0.0452093654	-0.2158331798	-0.0247857998	-0.0028503656	0.0178984594	0.1379894048	0.0219531545	0.0747752993	-0.0269924846	0.2728220913	-0.1737364817	0.0589508229	0.0499382867	-0.0396922993	0.1088880696	0.0363731388	-0.099088836	-0.0834040525	0.0746163256	-0.1096374024	0.0282949453	0.1504289086	-0.0035732245	0.1397569687	0.1142771671	-0.2097226988	-0.2583105951	0.0024851148	0.0289300819	-0.080126203	-0.052099302	-0.1066605888	0.0161503245	-0.0694002868	0.1183490205	0.0844552372	-0.0756820412	0.0829951039	0.0337184187	0.0113363064	-0.0953890657	0.227047634	0.0549900823	0.0897994937	0.0059925372	-0.0811224597	-0.1234556951	-0.0976380941	0.0	-0.0932548	-0.0294881	0.00869645772304	0.00086954804161	-0.141988	-0.0530002	0.00280902120004	0.020160592144	0.113985	0.1668324	0.012992580225	0.0278330496897599	-0.00476671	-0.00053469	2.858933961e-07	2.2721524224100003e-05	0.00136088	0.00031133	9.692636890000005e-08	1.8519943744e-06	-0.00128377	0.0002408399999999	5.80039056e-08	1.6480654129e-06	0.0	0.0	0.0	0.0	0.0	0.0	1.0	0.0	0.0	0.0	0.0	0.0	0.0	0.0	0.0
6034.428170485364	3.411674411129752	36414323.344747335	11.639522287557542	12451.857071396766	-14.997115285537802	155048744.52649364	224.9134668877116	5432.371918981439	13.576190853912522	29510664.666138083	184.312958101858	5587.562704253078	7223.311611770988	1.633656	62.80595	0.3502797	0.20549	0.0338480847	0.0196101823	0.0144348789	-0.009067643	0.008828117	-0.0613294007	0.016705431	-0.0755449517	-0.0689915074	0.0259636083	0.0515553638	-0.0801712034	-0.1165235948	0.0133861774	-0.0858813567	-0.290931493	-0.0211754733	0.1160649393	-0.133148749	0.1555309936	0.0413903075	0.1194183879	-0.2667117301	0.0455867451	0.0483241943	0.0130999894	0.0987691957	-0.1049904439	-0.0030997168	0.0523306109	0.0897099421	0.0210725097	-0.1971459608	-0.1687711374	0.1162325558	0.0646508917	-0.1595682981	0.0823409835	0.020736809	0.0829655975	-0.0533543803	-0.0734279816	-0.023468679	-0.0147969077	0.0265489297	-0.0882219232	-0.008639246	-0.0486724362	0.0512733678	0.0400694148	-0.0670248304	-0.0579997327	-0.0085883495	0.0002731229	0.02246604	0.0353145373	-0.026865599	-0.0747820386	0.1198047471	0.0250031463	0.1673232762	-0.2420903624	0.1442656284	0.1856088741	0.1119426276	-0.0850558399	0.0617510303	0.2563374604	0.0800788285	0.1027920782	-0.0446054073	-0.0980419132	0.1106857986	-0.0389949996	0.0086178172	-0.0589720456	-0.023584443	0.2600922112	-0.0089669893	0.0872712145	0.030327416	-0.0423856138	0.1169632154	-0.0692033194	-0.0897944572	0.0858205672	0.095515379	0.0292985165	0.0193682457	0.0065001902	0.08441762	-0.0585253222	0.0451146585	-0.0048678985	-0.0293843253	0.0183624975	0.0489694937	0.015011525	-0.0341529059	0.0877058019	0.0	-0.0877058019	-0.1240347346	-0.0877058019	0.0	0.04681	0.1400648	0.0021911760999999	0.0196181481990399	-0.135652	0.006336	4.0144896000000107e-05	0.018401465104	0.0718638	-0.0421212	0.00516440575044	0.0017741954894399	-0.00509258	-0.0003258699999999	1.0619125689999989e-07	2.59343710564e-05	-0.00097822	-0.0023391	5.471388810000001e-06	9.569143683999998e-07	-0.000713586	0.000570184	3.251097938560001e-07	5.09204979396e-07	0.0	0.0	0.0	0.0	0.0	0.0	0.0	1.0	0.0	0.0	0.0	0.0	0.0	0.0	0.0
5990.524921605592	-43.90324887977204	35886388.83637768	1927.4952621992045	12389.10633259694	-62.75073879982483	153489955.72039363	3937.655219923841	5421.74070661781	-10.631212363628949	29395272.28979659	113.02267632057698	5580.965428556942	7078.533172362525	1.132311	43.531734	0.05229635	0.0276611	0.0351862808	-0.0511557675	0.0590087737	0.0150505856	0.0605546448	-0.0259539472	0.057983035	-0.0682894544	-0.1097083295	0.0049806847	0.0243313767	-0.0771908836	0.0402615571	-0.0816622484	0.1429536179	-0.0881279535	0.2011372653	0.0020507722	0.0739563921	0.0479978468	-0.0184988362	0.0419386368	0.0171444519	0.0421133488	-0.1719985087	-0.0770884775	-0.0471072663	0.0597682192	0.0399440846	0.0800040465	-0.1206978754	0.0183556435	-0.0861767864	0.047898902	-0.0825907498	-0.0486710488	-0.1906970586	0.0879429712	0.0311277202	0.1009441103	-0.0248674553	-0.045039847	-0.0744067711	-0.0305011632	-0.0846925498	0.044462831	-0.0357522584	-0.1752509433	-0.1729137948	0.0685718107	0.0179478678	0.0698987664	-0.1232510647	-0.0426947965	-0.0007399591	0.0317229591	0.0603600495	-0.0485187231	-0.0483276989	-0.1430599087	0.1419277211	0.0979662355	0.1476535457	-0.0556125264	0.072447642	-0.0791412078	0.0127757248	-0.0321581109	-0.0412441775	0.0716358191	0.1703347934	0.022938815	-0.074305782	-0.0488084291	0.0782313464	0.0646684402	-0.1273606021	-0.0293646526	-0.0344621497	0.0060941648	0.1921419195	0.0082544062	0.0805389575	-0.0641329906	-0.105363304	0.0655758011	0.0404247484	-0.047805046	0.1065785382	0.0506052977	-0.0400052703	-0.2250748494	0.0059679947	-0.0457395517	0.1501640456	-0.0045533011	0.1113413713	-0.0554557263	-0.0110390911	0.0855608924	-0.0059925372	-0.0938283642	-0.1234556951	-0.0764945617	0.0	0.0631314	0.0163214	0.00398557366596	0.00026638809796	-0.125637	0.0100149999999999	0.0001003002249999	0.015784655769	0.0700645	-0.0017993	0.00490903416025	3.237480490000013e-06	-0.00499548	9.710000000000014e-05	9.428410000000028e-09	2.49548204304e-05	-0.00112273	-0.00014451	2.088314010000001e-08	1.2605226529e-06	-0.000471983	0.000241603	5.8372009609000014e-08	2.2276795228900003e-07	0.0	0.0	0.0	0.0	0.0	0.0	0.0	0.0	0.0	0.0	0.0	0.0	0.0	0.0	0.0
5976.93679835401	-13.588123251582148	35723773.49151828	184.63709350018735	12300.81629588393	-88.29003671301143	151310081.54508364	7795.130582784906	5428.482775218383	6.742068600572566	29468425.240842678	45.45548901482651	5583.064149606606	6830.685773881952	1.240269	47.682182	0.12127705	0.0655526	-0.0012817594	-0.0693427083	0.1020040194	0.0458877189	0.0820685553	0.0639553849	-0.0335790556	-0.0237068345	-0.0651727915	0.0105814983	0.0453612226	0.0707515979	-0.0383155236	-0.1476425424	-0.0334111975	-0.0030859494	-0.1869753709	-0.1279554421	-0.1980194911	0.0622887218	0.0047599253	-0.0153628486	0.0077568679	0.0530798806	-0.0795291407	-0.0077889972	-0.0254398009	0.0194038907	-0.0295834081	0.1084547087	-0.0248832483	0.0436028414	-0.0809699473	0.0331897391	0.0270445929	0.0174905847	-0.0477720375	0.145763319	-0.158466763	0.0713453407	0.0506623114	0.0528121087	-0.1054635977	-0.1331829536	-0.0139003945	-0.1582027014	-0.048670366	-0.1405390104	0.0693317543	0.0259147609	-0.1179486042	0.0210793621	-0.0614908969	-0.0047693366	0.011925786	0.0478193033	-0.0151488652	0.067492912	0.0244457715	-0.1179101944	-0.0261109781	-0.1277991122	-0.2198730987	0.1815043596	0.0281204471	0.0098218017	-0.0251511427	-0.0375802861	-0.0347001222	0.0707781206	0.0517584457	0.0113842161	-0.0319172266	-0.1198427398	-0.0026086071	0.0270198863	-0.0938193533	0.0927903238	-0.0295921904	0.1285845919	0.0557771828	-0.0525223873	-0.0449126987	-0.1388556989	-0.1621226315	-0.0419434562	-0.0833489584	0.0950266801	-0.0273749157	0.0652386146	0.1620672381	-0.0069999145	0.0948851158	-0.09351989	0.0063682259	0.0462091134	0.117661833	-0.042367802	0.0326323255	0.0833660178	-0.0119710786	-0.0994579802	-0.1217239831	-0.0641678585	0.0	0.095337	0.0322056	0.009089143569	0.00103720067136	-0.154427	-0.02879	0.0008288641	0.023847698329	0.0805933999999999	0.0105288999999998	0.0064952961235599	0.0001108577352099	-0.00487943	0.00011605	1.3467602500000082e-08	2.38088371249e-05	-0.00199222	-0.0008694899999999	7.560128600999998e-07	3.968940528399999e-06	-0.000462472	9.51099999999997e-06	9.045912099999944e-11	2.1388035078400002e-07	0.0	0.0	0.0	0.0	0.0	0.0	0.0	0.0	0.0	0.0	0.0	0.0	0.0	0.0	0.0
5975.838528486401	-1.0982698676089058	35710646.118542515	1.2061967020976834	12314.405074670498	13.588778786568582	151644572.3430705	184.6549089102963	5394.108366025233	-34.374409193149404	29096405.06442341	1181.6000073780742	5548.4882213723085	6787.886576027069	1.066942	41.018589	0.07145595	0.0346619	-0.0001236381	-0.050103968	0.1526304365	0.0295262537	0.0647616287	0.0670475891	-0.018997811	-0.038854452	0.0327185942	0.1290767274	-0.02368243	0.1486880981	0.0992582364	0.0676983538	0.0990176046	0.0696266855	0.1030404679	-0.1620850626	-0.0899904621	0.0116214645	0.0770278315	-0.0008384356	0.0424294236	0.1086437819	0.1052103109	-0.1207138043	0.0504024682	0.1396654541	0.0535376495	0.0778085437	0.0285448203	-0.0633201616	-0.0017227788	0.0302513269	0.1133521807	0.193235256	-0.1119975585	-0.0462798588	-0.0624164824	0.0280745223	-0.0475681679	-0.1913464046	-0.0064290305	0.0399223793	0.0278349163	0.0930604926	0.0502714349	0.0899132349	-0.0088599701	-0.1448504075	-0.0508083527	-0.0008151893	0.0011241456	-0.0440518757	0.1258852367	0.0097049271	0.0268595248	0.1419403841	-0.0942586093	0.0267401817	0.1030803443	0.2064631184	-0.1027624583	0.032240755	-0.0038654687	0.1124269863	0.0575808051	0.0371512311	-0.1399739281	-0.0493849715	-0.0042202464	0.0661438587	0.1139955563	-0.0433278676	0.069017324	0.1171651197	-0.0014184742	0.0522293625	-0.0651924076	0.1673717967	-0.0635650865	0.0802129114	0.0940058895	0.0288076521	-0.0883124581	0.0924131598	0.1228028371	0.1174454974	0.0137357919	-0.0393796432	-0.1579155666	0.1254961522	-0.0331159776	0.0589910013	0.0551261594	-0.0631595331	-0.0313247558	0.0187018284	-0.0159730879	0.0811224597	-0.0179216609	-0.1045650739	-0.1188557671	-0.0509054434	0.0	0.103534	0.0081969999999999	0.010719289156	6.719080899999994e-05	-0.125439	0.028988	0.000840304144	0.0157349427209999	0.0740277	-0.0065656999999998	0.00548010036729	4.3108416489998646e-05	-0.00515009	-0.00027066	7.325683560000037e-08	2.6523427008100005e-05	-0.00223025	-0.00023803	5.6658280900000095e-08	4.9740150625e-06	-0.000417057	4.541500000000004e-05	2.0625222250000036e-09	1.73936541249e-07	0.0	0.0	0.0	0.0	0.0	0.0	0.0	0.0	0.0	0.0	0.0	0.0	0.0	0.0	0.0
6002.142567344104	26.304038857702835	36025715.398724064	691.9024602275407	12329.97494089184	15.569866221341726	152028282.04302073	242.4207341504781	5403.777199291745	9.668833266511683	29200808.019585337	93.486336735603	5553.484494539653	6812.332242060869	1.046506	40.232941	0.0909606499999999	0.0413564	-0.014381423	0.0284866657	0.1618198488	0.0231241965	-0.0106001573	0.0970644853	-0.0429422597	-0.0850877062	0.102241725	0.1256889752	-0.0038308561	0.0209984488	-0.0839418687	-0.0022899651	0.0247893664	0.1436122196	0.0261705968	0.0213828298	0.0066937083	0.1653768416	-0.2127827364	-0.160703857	0.0456473824	0.0150675683	0.0251822279	0.1813582424	0.1118294463	-0.147797506	0.009565568	-0.0706537867	0.0160646843	0.0548796839	-0.0042075658	0.0266358386	0.082210566	-0.126745233	0.0850955439	-0.0216349047	0.0053412185	-0.0764460993	-0.0337617652	0.0406633713	-0.0496102873	-0.0529326868	-0.0018447319	-0.2180700108	-0.0083139939	0.0391430416	0.0608933368	0.0478109868	0.0299221987	0.1215568715	0.0384591515	0.0389948586	0.129297787	-0.006171226	-0.0766656911	0.0047363727	-0.0635380455	-0.0007895109	-0.1604865152	-0.0031586754	0.0003043932	-0.0189566583	0.235057088	0.0018552648	-0.2313918572	-0.1069895761	-0.0055824284	0.0930348566	-0.1657682623	-0.0791082186	0.0560820067	0.0373751624	-0.0112949986	-0.0945052683	0.0430595186	-0.0488186323	-0.009847267	-0.0707742429	-0.0549074348	-0.1393948519	-0.0119489281	0.0389468443	0.0604206072	0.0150982523	-0.0506746824	0.0477457975	-0.020890806	0.0185660482	0.1597275822	-0.0146680222	0.1061523818	0.0500527061	-0.0813069048	0.0080436737	-0.0520292605	-0.1582253408	0.0466112812	0.0788315284	-0.0238303864	-0.1091228139	-0.1148778268	-0.0369007123	0.0	0.115488	0.0119539999999999	0.013337478144	0.0001428981159999	-0.0917103	0.0337287	0.00113762520369	0.00841077912609	0.0813232	0.0072954999999999	0.0066134628582399	5.322432024999995e-05	-0.00544474	-0.0002946499999999	8.681862249999977e-08	2.96451936676e-05	-0.00242314	-0.0001928899999999	3.7206552099999935e-08	5.871607459599999e-06	-0.000689166	-0.000272109	7.4043307881e-08	4.749497755559999e-07	0.0	0.0	0.0	0.0	0.0	0.0	0.0	0.0	0.0	0.0	0.0	0.0	0.0	0.0	0.0
6029.598108469144	27.455541125040327	36356053.34965468	753.8067384687806	12394.956345746512	64.98140485467229	153634942.81296173	4222.582976886828	5426.45021087465	22.67301158290502	29446361.89110153	514.0654542385452	5574.747048839305	7097.996775236523	1.154974	44.402996	0.0633292	0.0386063	0.0202404537	0.0910899505	0.1167949249	0.0105008251	-0.0767568209	0.0702100936	-0.0255361443	-0.0942920459	0.0933147968	0.0206622407	0.0073624411	0.0355772689	-0.0298701433	0.1427129582	0.0659163428	-0.0482459245	-0.0411204908	0.0315829512	0.0125139128	0.1142709289	0.0354862012	-0.0020533757	-0.0042321269	0.015107849	-0.047439084	0.221394824	-0.104619709	0.1064549551	-0.054872744	-0.1577087197	-0.074671462	0.0809396439	0.1179284827	0.039977109	0.0893679402	0.0260343598	0.1254473581	-0.0344096466	0.0624695304	0.0759686001	-0.0346684891	0.0310478853	0.1579759331	-0.0311153817	-0.0681621069	0.0345536134	0.026478471	-0.049978796	-0.2269869712	0.1459310664	0.0081735735	-0.0858561477	-0.0224998382	0.1649150628	0.0298028274	-0.014424169	-0.0951905811	0.0062738925	-0.1172827131	0.1072565713	0.0130013677	-0.0390658007	0.0282163605	0.0114697995	0.065259191	0.0025793789	0.0668770511	0.0238486011	-0.0535833487	0.0201259041	-0.093518854	0.1563841437	-0.21378037	-0.0182419203	-0.0279013386	-0.1157246707	0.0226166452	-0.0936986255	0.0995817833	-0.0925195238	-0.2163570665	-0.010809506	0.043800997	0.0250342212	-0.0378290426	-0.031687926	0.0240045915	-0.1611973541	0.0482089832	0.0905753772	-0.0279161775	-0.0751658716	0.0327224903	0.0792468303	0.0997986369	0.1838629163	-5.63468e-05	0.1169763004	0.1671223065	0.0764945617	-0.0296834549	-0.1131072554	-0.1098273031	-0.0223578858	0.0	0.117858	0.00237	0.013890508164	5.616900000000052e-06	-0.10461	-0.0128997	0.00016640226009	0.0109432520999999	0.0739313	-0.0073918999999999	0.00546583711969	5.4640185609999896e-05	-0.00611665	-0.00067191	4.5146304810000054e-07	3.7413407222500006e-05	-0.00253353	-0.00011039	1.2185952100000032e-08	6.4187742609e-06	-0.000720218	-3.1052000000000054e-05	9.642267040000034e-10	5.187139675240001e-07	0.0	0.0	0.0	0.0	0.0	0.0	0.0	0.0	0.0	0.0	0.0	0.0	0.0	0.0	0.0
6054.871592715181	25.273484246036787	36661470.00426927	638.7490059346696	12396.557122903085	1.6007771565728035	153674628.50139922	2.56248750500531	5446.380565097152	19.93035422250159	29663061.25986797	397.219019434387	5594.149004373009	7339.456913255811	1.102108	42.370567	0.0990483	0.0482635	0.035728062	0.1378845468	0.0763544917	0.0143303151	-0.115203141	0.0580214777	-0.0352829755	-0.117116054	0.0622591991	-0.0273779828	-0.0184759518	-0.0264551886	-0.1193702128	0.0672607093	0.101093823	-0.1238877808	0.0048743835	0.0061451691	-0.1201940872	0.0892416567	-0.0078182083	-0.0418619082	0.061501846	-0.1893283663	-0.0463872919	0.0543269019	-0.0841921904	0.0613400435	-0.0229209294	0.0946685774	0.0126944721	-0.0724152474	-0.0139254603	0.0516908987	-0.0610426	-0.1170635661	0.0431116817	-0.0295874112	-0.1048623035	-0.1601617837	-0.0929566149	-0.0461360368	-0.0812797737	0.0782921423	0.0290912802	-0.0041214293	-0.017097056	0.0124095944	-0.0358217602	0.0195875605	0.0645689959	0.04165209	0.202820643	0.1179935919	-0.0164426129	-0.0375580137	-0.1346798259	-0.0237208553	-0.0761027153	0.0262484932	0.0993917528	-0.0686403463	0.0584001294	0.1507979187	0.1024619887	-0.0265192091	-0.0239134235	-0.0957608976	0.0870653428	-0.1079315447	-0.0094525907	0.0459957733	-0.1279115707	0.0392843747	-0.0566030356	0.1120867172	-0.052905612	-0.0323390047	-0.0700727937	-0.0411436134	0.0274224525	-0.0903113506	-0.1612545349	0.0512953443	0.0918484112	0.1281451411	-0.0316095234	0.090189739	-0.0297965012	-0.0572904356	-0.0411205074	-0.0217960299	-0.026267889	0.0062595999	-0.0072183613	0.1482167575	-0.1666546542	-0.0590680177	0.0687763356	0.0741129243	-0.0354671963	-0.1164974652	-0.1037513516	-0.0074890309	0.0	0.10322	-0.0146379999999999	0.0106543684	0.0002142710439999	-0.0699542	0.0346558	0.00120102447364	0.0048935900976399	0.0576065	-0.0163248	0.0033185088422499	0.00026649909504	-0.00620783	-9.117999999999972e-05	8.313792399999951e-09	3.85371533089e-05	-0.00206182	0.00047171	2.225103241000002e-07	4.2511017124e-06	-0.000614514	0.0001057039999999	1.1173335615999995e-08	3.776274561960001e-07	0.0	0.0	0.0	0.0	0.0	0.0	0.0	0.0	0.0	0.0	0.0	0.0	0.0	0.0	0.0
6060.536864921389	5.665272206208101	36730107.09107117	32.09530917043401	12427.371397511535	30.814274608450432	154439559.85168782	949.519519644993	5448.8222020903495	2.4416369931977897	29689663.389992725	5.961591206551943	5600.149781362441	7593.408497383935	1.216178	46.75597	0.0485779999999999	0.0334586	0.0772592624	0.1104716602	-0.0031554255	0.0101907375	-0.0850275684	-0.0047110566	0.0115331772	-0.0636474333	-0.0765571993	-0.0799039688	0.0198783149	0.0724747198	-0.0116050624	0.1175609882	-0.0620175194	-0.0506713286	-0.0933240604	0.0255790715	0.0511957468	-0.1665019081	-0.0510120898	-0.1050734331	-0.0325161521	-0.1257494565	0.0621687546	-0.1254412078	0.0149339395	-0.0260946259	0.1114578798	0.0422889555	0.0963116459	0.0106584233	0.0896399592	0.0967033363	-0.0690175346	0.0337379549	-0.0548995625	0.0751252958	0.0109266756	-0.1282495161	-0.082198766	-0.0298594893	0.0191079843	-0.1121479321	-0.0683800962	-0.0135388765	0.093263898	-0.1799648582	-0.0068319369	-0.1773280364	-0.0972896471	0.1690113958	0.1424180658	0.0035784568	-0.0747775822	0.0146088323	-0.0479251108	0.0532958134	-0.0369579929	0.1214693539	0.0061882471	-0.1204605782	-0.0161004657	-0.0700826186	-0.1352219091	0.1088388028	-0.0700195835	-0.0051394966	0.1252745022	-0.0986870916	0.0381956435	-0.0874725092	0.0464670549	0.0530606648	0.0663107434	0.1313149248	0.1372193121	-0.1023157928	-0.0456632381	0.0434870096	0.0543437011	0.0680247846	-0.0227243916	-0.053276475	0.0733948249	0.1048494881	-0.0235980373	0.0590422962	0.0251489079	0.0761591961	0.038497778	0.116555542	0.1317232752	-0.1369939241	0.2182465147	0.0819829745	-0.0727066942	-0.1581087573	-0.0322030466	0.0716880071	-0.0411681025	-0.1192756321	-0.0967067016	0.0074890309	0.0	0.106112	0.0028919999999999	0.0112597565439999	8.363663999999953e-06	-0.0765804999999999	-0.0066262999999999	4.390785168999874e-05	0.0058645729802499	0.027844	-0.0297624999999999	0.000775288336	0.0008858064062499	-0.00604408	0.0001637499999999	2.681406249999995e-08	3.6530903046400005e-05	-0.00204493	1.6889999999999874e-05	2.852720999999957e-10	4.1817387049e-06	-0.00060921	5.304000000000029e-06	2.813241600000031e-11	3.711368241e-07	0.0	0.0	0.0	0.0	0.0	0.0	0.0	0.0	0.0	0.0	0.0	0.0	0.0	0.0	0.0
6033.688746466485	-26.84811845490367	36405399.8892363	720.821464568539	12381.944431829046	-45.42696568248903	153312547.91290233	2063.6092111180355	5449.691296870892	0.8690947805425822	29699135.231190342	0.755325737566359	5606.715084727897	7522.7841433585245	1.010758	38.858627	0.02280665	0.0128975	0.0824065563	0.0273257549	-0.0242944092	0.0627448879	0.00994709	-0.0278709166	-0.0165818571	-0.0298324494	-0.0822026175	-0.091147176	0.0190766321	-0.0517688816	0.0383830283	0.1326053972	-0.1019490012	-0.070942273	-0.0871934772	-0.1206004104	0.0203866209	0.2716282848	0.0376775529	0.0063020872	-0.0629278766	-0.0688760605	0.1008111918	-0.0217186464	-0.0193331743	0.0680730498	0.0307524412	0.1510152308	-0.0032109205	-0.0445705522	-0.0709679309	0.0872267539	-0.1007152683	-0.0187903028	0.0209759355	-0.0185370068	0.147017942	-0.0472799135	-0.1121978919	0.0061862871	0.0315558121	-0.0052043877	-0.190228524	0.1030091426	0.0343368238	-0.0116296506	-0.121859123	0.0944034706	0.0015686203	0.0018865943	0.0539131841	-0.0429178592	-0.0955755331	0.0357237419	0.0592676739	-0.0222131075	0.0201120695	0.1437714375	0.0769423768	-0.1168771386	-0.133392426	0.005243152	0.2338328398	-0.036934368	0.0868868939	0.0954649809	-0.0373708838	-0.091770111	-0.0590519418	-0.0513860592	-0.0564329308	-0.0341850832	0.0632852716	0.1741955356	-0.0558170033	-0.0427839796	-0.1424026418	-0.1511061928	0.0316867435	0.0423610875	-0.0039775531	0.0151815611	0.0664695389	0.095075634	-0.0276072148	-0.0817052847	0.1863904695	0.0060366997	-0.0370793434	-0.0099423046	-0.0052928214	0.0881207178	0.0392478295	0.0593750431	0.1213155247	0.0253465218	-0.0262614244	0.0692212261	-0.0467728586	-0.1214271607	-0.0887591272	0.0223578858	0.0	0.107006	0.000894	0.011450284036	7.992360000000105e-07	-0.0719186	0.0046618999999998	2.1733311609999065e-05	0.00517228502596	0.0309001	0.0030560999999999	0.00095481618001	9.339747209999996e-06	-0.00582309	0.0002209899999999	4.883658009999996e-08	3.3908377148100003e-05	-0.00207848	-3.3550000000000246e-05	1.1256025000000162e-09	4.3200791104000005e-06	-0.000638563	-2.935299999999997e-05	8.615986089999984e-10	4.07762704969e-07	0.0	0.0	0.0	0.0	0.0	0.0	0.0	0.0	0.0	0.0	0.0	0.0	0.0	0.0	0.0
5985.754039443928	-47.93470702255672	35829251.4207193	2297.7361373383487	12305.540005517283	-76.40442631176302	151426314.8273863	5837.636360029625	5414.216181968712	-35.475114902180394	29313736.865091853	1258.4837773229017	5568.862231198455	7016.168336152063	1.422331	54.681553	0.1268650999999999	0.0546769	0.0416765277	-0.0634523991	0.0326227468	0.0815154184	0.0646532979	0.0111937476	-0.0223068921	-0.0241523779	-0.0291641233	0.0478757378	0.0130812225	0.018910925	0.0519310599	-0.0061173279	0.0676959568	0.0854726005	-0.0194566282	0.1586735338	-0.0421326461	0.0670306525	-0.0588879871	0.0834433917	-0.0392183941	0.0571592148	-0.0084991108	0.1302048888	0.0533698554	-0.0558218357	-0.0539883326	0.1650465211	-0.0717006036	-0.0629421789	-0.0716365047	-0.220555868	-0.0890077683	0.0606190478	-0.0420865443	-0.0183610661	0.1275024607	0.0981966177	0.1797751209	0.0592861149	-0.0411924818	-0.0502907445	0.060812954	-0.0197304264	0.1404553394	0.1620572332	-0.0146644155	0.0674566513	0.0447015224	0.1498174909	0.1677158912	-0.1072677667	0.0437580599	0.0244238433	0.0700617307	0.0250398862	-0.0689969111	-0.0142165397	-0.142256562	0.00846652	0.0942881765	0.0864637906	0.0488576997	-0.1110310993	-0.0447394714	0.0837817706	-0.0160740439	0.1057982139	-0.0795969621	-0.0350248603	0.0431973677	0.0250804247	-0.0777317695	0.0841411091	-0.1654950795	0.1690127528	0.1156973531	-0.0571870238	0.0726493106	0.1411828181	0.0938921617	0.0525697208	-0.0240738399	-0.1367762084	-0.035086796	0.0180205912	-0.0079469701	0.0557820803	-0.0614714137	-0.007250833	0.0054553673	0.1846016714	-0.1258907441	0.0046282593	-0.1155071649	-0.1182690413	-0.188630665	0.0667140218	-0.0522683746	-0.1229407472	-0.0799828327	0.0369007123	0.0	0.122138	0.0151319999999999	0.0149176910439999	0.0002289774239999	-0.0816506	-0.009732	9.471182400000008e-05	0.00666682048036	0.0646233	0.0337231999999999	0.00417617090289	0.0011372542182399	-0.00514339	0.0006797	4.619920900000002e-07	2.64544606921e-05	-0.00251105	-0.0004325699999999	1.8711680489999977e-07	6.3053721025e-06	-0.000385275	0.000253288	6.4154810944e-08	1.4843682562499998e-07	0.0	0.0	0.0	0.0	0.0	0.0	0.0	0.0	0.0	0.0	0.0	0.0	0.0	0.0	0.0
5987.105724467816	1.3516850238875122	35845434.95595529	1.8270524038017848	12312.946456764552	7.406451247268706	151608650.44715074	54.85552007816816	5409.078160574256	-5.138021394455791	29258126.547201376	26.39926384988543	5564.439073988512	6921.322204971075	1.045483	40.193604	0.04534225	0.0231203	0.0229027424	-0.0730783099	0.0636603273	0.0585347651	0.0492872753	0.0229304334	-0.0331620927	0.0071277353	0.0380347494	0.0758508358	-0.006590853	0.0734798868	0.092783548	-0.0200330794	0.0471186186	0.0423886419	-0.0228416767	-0.0426009533	0.0351568057	-0.0753699911	-0.0025191874	0.0340811755	0.0555287344	-0.0561627339	-0.0648302902	-0.0564973194	0.1258718814	0.0851906762	-0.0662126147	0.0641066555	0.0285432722	-0.1021789837	0.0048838015	0.0952618946	-0.0250966678	-0.0742093419	0.043284849	-0.0748084734	-0.0579262323	0.12351988	0.0728226384	-0.0550037998	0.0754868454	-0.0677531138	0.0769153511	-0.0481719442	-0.2115186726	0.0104148715	0.0973562175	0.1902685606	0.075413243	0.0357604458	0.0593723861	-0.1811947207	0.0746184188	0.0188788321	0.0512534433	0.0722095987	-0.0579106813	-0.02504876	-0.0151906474	0.0489030111	-0.0527158539	-0.0568483909	-0.0790709948	-0.0132030536	-0.0085752481	-0.0396092591	-0.0008527659	-0.0270992122	0.0745916279	0.1271361907	0.1088211145	0.0096062193	-0.1112964583	0.1006957148	-0.0227962941	-0.0626612121	-0.0869311176	0.0138906619	-0.0159265437	-0.0629558399	-0.1415241225	0.0539171374	-0.0873518687	-0.0782672517	0.0946880349	-0.0565721527	-0.007842033	0.126990518	0.0699612475	-0.1108664577	-0.1362262556	-0.0037874462	-0.1774299224	0.0264771537	0.0630080854	-0.104073935	-0.1601495727	0.0641678585	-0.0576418153	-0.1238084399	-0.0704597601	0.0509054434	0.0	0.129118	0.00698	0.016671457924	4.872040000000019e-05	-0.0984246	-0.0167739999999999	0.0002813670759999	0.00968740188516	0.073009	0.0083857	0.005330314081	7.031996449000017e-05	-0.00513124	1.2150000000000702e-05	1.4762250000001706e-10	2.63296239376e-05	-0.00250283	8.219999999999755e-06	6.756839999999598e-11	6.264158008900001e-06	-0.000628956	-0.000243681	5.9380429761e-08	3.9558564993600005e-07	0.0	0.0	0.0	0.0	0.0	0.0	0.0	0.0	0.0	0.0	0.0	0.0	0.0	0.0	0.0
5993.112927103937	6.007202636121292	35917402.55702032	36.0864835114226	12347.17301049174	34.22655372718873	152452681.35101566	1171.4569800401366	5404.586483811265	-4.491676762991119	29209555.06099541	20.17516014319438	5556.088330694152	7009.834637623367	1.05752	40.656387	0.06243145	0.0289343	0.0145650995	-0.0221605053	0.0831779287	0.0326285581	0.0058217455	0.0346247227	-0.0196379234	-0.0079677255	0.0688153252	0.1032026254	0.0063064323	0.0390915558	-0.0575375386	0.0677774312	0.0332100703	-0.0559293311	0.0385502318	-0.0475504157	0.1001587758	0.0989187216	-0.0234689803	0.0715895068	-0.1320294361	-0.0367728525	0.0095384556	-0.0833180027	-0.0365266877	0.0889640282	0.0196853166	0.0353576936	0.0248133408	0.0867015276	0.0937647405	0.0014666236	0.0361123599	-0.0156211119	-0.0061606212	-0.1909552556	0.0861989218	0.0094633656	0.0559947481	-0.0515392675	0.0231617993	0.0066709456	0.0618648588	0.1430910825	-0.0035045439	0.162955602	0.0417797425	0.0420736348	-0.011451455	-0.0959222501	-0.0171561564	0.1427524529	0.1084016287	0.0070545644	-0.0638917373	0.0291229298	-0.0221357412	0.0532606395	0.0956677812	0.0017399562	-0.0034149909	-0.0817097557	0.0748685279	-0.0685300461	0.0378506371	0.1556492492	0.0178531699	-0.0422552152	0.0592333957	-0.0083248249	-0.028231209	-0.0441040654	0.0190222541	0.1033631608	0.0897028766	-0.0443927569	0.0589449375	-0.0279645707	-0.0458606169	-0.0045866741	0.1082120954	0.1676788798	0.0542896077	-0.079212874	0.0303008877	-0.0100733702	-0.0392539577	0.0232848079	-0.1258472732	0.061459691	-0.0548370808	0.0612255406	-0.114914411	-0.0083270527	0.0092659194	0.0343543985	0.188673864	0.0615842229	-0.0628806309	-0.1240256802	-0.0602788237	0.0641678585	0.0	0.129017	-0.000101	0.016645386289	1.0201000000003585e-08	-0.0762458	0.0221788	0.00049189916944	0.00581342201764	0.0636573	-0.0093517	0.00405225184329	8.745429289000009e-05	-0.00535227	-0.00022103	4.885426090000023e-08	2.8646794152900003e-05	-0.00276199	-0.00025916	6.716390560000001e-08	7.628588760100001e-06	-0.000493147	0.0001358089999999	1.8444084480999997e-08	2.43193963609e-07	0.0	0.0	0.0	0.0	0.0	0.0	0.0	0.0	0.0	0.0	0.0	0.0	0.0	0.0	0.0
6023.228255756431	30.1153286524941	36279278.62094266	906.933019847732	12408.952403929568	61.77939343782782	153982099.7629894	3816.693453545923	5426.074120015214	21.48763620394948	29442280.355898883	461.7185096332804	5577.020901909256	7145.413279490274	1.063685	40.893394	0.0586474499999999	0.0326807	0.0175105997	0.0424991933	0.0828384876	0.0117506013	-0.0413364658	0.0192021486	-0.0003668402	-0.0197543868	0.1287945016	0.0232003259	0.0531019875	-0.0155182458	-0.0402895444	-0.0322285663	-0.0198544482	-0.0315061809	-0.0165874708	-0.0333203125	-0.0127854401	-0.0633443576	-0.0193287889	0.0703678439	0.00637924	-0.003110264	0.0372359987	-0.0738843966	0.0907672217	0.0594687471	-0.0593039548	-0.1989596054	0.1756390545	0.0407715535	-0.0586471923	-0.0349047144	0.011831835	-0.1124763633	-0.0913485528	-0.0116488776	0.0238929922	0.0395809883	0.0388361967	0.0443600122	-0.1177890304	-0.1013897781	-0.0353407489	0.0520970281	-0.0026038602	0.053544181	0.0091387875	0.1785946031	-0.189016482	0.1440371094	-0.1164112388	-0.0262626221	0.0292087815	0.0287590614	-0.0568001828	-0.0220517022	0.0408071168	-0.0316676209	0.043482013	-0.0172783342	-0.0306357201	-0.0017325366	-0.0601976619	-0.0140693198	-0.0190138864	0.0414020523	-0.002809528	-0.0705066659	0.026754517	0.1068561224	0.1039712475	0.015407115	-0.0558372004	-0.1244183434	0.192068467	0.085534112	-0.0174250782	-0.0678222825	0.1648582639	-0.0779670377	0.0868183822	-0.0157247215	-0.0647792858	-0.0284525103	-0.0929269004	0.0778013763	0.0545350054	0.0671377456	-0.0152644558	0.0009624545	-0.0009765393	0.0591593997	-0.0699427651	0.0381739858	0.2234991195	-0.1236553362	0.0159669193	0.0589646239	-0.0679725859	-0.1235913266	-0.0495350801	0.0764945617	0.0	0.128797	-0.0002199999999999	0.016588667209	4.8399999999999117e-08	-0.0923809	-0.0161351	0.00026034145201	0.00853423068481	0.0569099	-0.0067474	0.00323873671801	4.552740676000001e-05	-0.00583559	-0.0004833199999999	2.3359822239999975e-07	3.40541106481e-05	-0.00281852	-5.652999999999995e-05	3.195640899999994e-09	7.9440549904e-06	-0.000664196	-0.000171049	2.9257760401000018e-08	4.4115632641600004e-07	0.0	0.0	0.0	0.0	0.0	0.0	0.0	0.0	0.0	0.0	0.0	0.0	0.0	0.0	0.0
6060.183007433419	36.95475167698805	36725818.08358476	1365.6536715078514	12441.95391974139	33.00151581182217	154802217.34096816	1089.100045877949	5439.261174973336	13.187054958121736	29585562.12957232	173.89841846852303	5589.618000196893	7473.063136955115	1.147108	44.100582	0.0639687999999999	0.0373304	0.0417976677	0.1080777212	0.0046791521	0.001165913	-0.1100738685	0.0115266036	-0.0106866641	-0.0118956603	0.0152335847	-0.0353234982	0.0725990959	0.0245303971	-0.1073108583	0.0498349422	-0.0306538929	0.0933872534	-0.1002325548	-0.1183811399	-0.0324186673	-0.0583158455	-0.0016562592	-0.098993592	-0.0637903205	0.1288189494	-0.1622335583	-0.0755807181	0.1268556592	-0.2165338628	-0.029905926	-0.1113797919	-0.0176216842	-0.0589282447	-0.0943742361	-0.2039650199	-0.0378156931	-0.1193072116	-0.1314996015	0.0687785387	0.1093293133	-0.179179789	-0.1193382253	0.0610360012	0.2345055382	0.1007445071	0.0139554212	0.0577903754	-0.0425032649	-0.0302150991	-0.0888046176	-0.08056536	0.0730484456	0.0773853662	-0.042626415	-0.0620761652	-0.0278700877	0.0522099091	-0.1187281307	-0.0076904249	0.0009942228	0.0739407765	-0.0414230602	-0.0266743128	-0.15818506	0.0051882955	-0.025334746	0.0588794552	-0.0513937841	-0.0404809659	0.0366683414	0.1940607933	0.1535750917	-0.1083683177	0.1473168336	0.0579007658	-0.0247934315	-0.2081076973	-0.041979105	0.1206380341	0.0737200043	-0.0718926248	0.1197872424	-0.0439700985	0.0337450788	-0.0408886992	0.2514650454	0.1860952816	0.0729902631	-0.2232703156	-0.0312631732	0.0097318385	0.0114558218	0.0059178612	-0.1088782651	0.0052925874	0.1040024549	-0.0848361472	-0.0192518111	-0.0553275868	-0.0539462763	0.0563105911	-0.0729057878	-0.1225076612	-0.0383288409	0.0877058019	0.0	0.133628	0.004831	0.017856442384	2.3338561000000017e-05	-0.0762419	0.016139	0.000260467321	0.00581282731561	0.0308275	-0.0260824	0.00095033475625	0.0006802915897599	-0.00557117	0.0002644199999999	6.991793639999979e-08	3.10379351689e-05	-0.00277741	4.111000000000002e-05	1.6900321000000015e-09	7.7140063081e-06	-0.000631398	3.279800000000001e-05	1.0757088040000002e-09	3.986634344040001e-07	0.0	0.0	0.0	0.0	0.0	0.0	0.0	0.0	0.0	0.0	0.0	0.0	0.0	0.0	0.0
6046.105553317443	-14.077454115976252	36555392.36185602	198.1747143874167	12431.219296456144	-10.734623285246926	154535213.19658357	115.2321370761655	5439.073129543617	-0.1880454297188407	29583516.5085234	0.0353610836381434	5593.972679355307	7552.863989081404	1.015162	39.027939	0.03280055	0.0200483	0.0614033449	0.059556506	-0.0667969052	0.003483477	-0.0609859667	-0.0498234548	0.0086384195	0.0205963098	-0.0617306141	-0.0530338391	0.0103189385	0.0586062164	0.0206553529	0.0488640879	0.0257004274	0.0724091008	-0.1084594585	0.0647022508	0.0284787756	-0.2432578252	0.0012257503	-0.0048008799	-0.0757553625	0.273659331	0.0513285041	-0.0213559818	0.0004308456	0.0306611665	-0.0658923972	0.0614175359	0.0053185193	0.0759107043	-0.0991450009	-0.0169397491	0.063448342	-0.0003986445	-0.0365909509	0.0798613771	-0.0515157194	-0.0517470763	0.2481372669	0.0020564614	0.0508666272	0.039052193	-0.016573926	0.0410503445	0.0703256982	0.0151621888	-0.027362445	0.0071951235	0.0613582496	0.0609986514	-0.0404390643	-0.1283224776	-0.0569153145	0.0206878952	0.0031698611	0.0289278248	-0.0682429368	0.04111181	-0.0957172707	-0.0005443659	-0.0071138702	-0.0541921789	-0.2843623831	0.0880349033	-0.0106927643	0.1040616304	-0.1241493108	0.1501980313	-0.0162956535	-0.0329583024	0.0404631729	-0.0765576996	0.0206268068	-0.0300887047	-0.0363853015	0.132539181	-0.0516271925	0.088373603	0.056041125	-0.0634919623	0.0478785237	-0.11876312	0.0892813519	-0.1873579164	0.0263683735	-0.0343693125	0.0091884435	-0.0253697592	-0.1394618833	0.0037328268	0.051384283	0.0415036053	-0.0045145274	-0.0396392099	-0.0063038995	-0.1002219352	-0.0554020329	0.0536236746	-0.0776687148	-0.1207803772	-0.0267647356	0.0976380941	0.0	0.128901	-0.004727	0.0166154678009999	2.2344529000000083e-05	-0.0949611	-0.0187192	0.00035040844864	0.00901761051321	0.0308497	2.22e-05	0.00095170399009	4.928399999999998e-10	-0.00546341	0.00010776	1.1612217600000033e-08	2.98488488281e-05	-0.00275344	2.3970000000000328e-05	5.745609000000156e-10	7.581431833599999e-06	-0.000686311	-5.491299999999997e-05	3.015437568999996e-09	4.71022788721e-07	0.0	0.0	0.0	0.0	0.0	0.0	0.0	0.0	0.0	0.0	0.0	0.0	0.0	0.0	0.0
6002.288451445507	-43.81710187193585	36027466.65435611	1919.938416455604	12329.983168758436	-101.23612769770808	152028484.9418663	10248.753551226657	5426.41698295186	-12.656146591757532	29446001.27286836	160.17804655205583	5584.951232915131	7208.519680657438	1.226956	47.170326	0.06475955	0.0291606	0.0357154483	-0.0489786287	-0.0233340998	0.0559069385	0.0445736664	-0.0224174947	-0.018497728	0.0293469349	-0.0669002999	-0.0316690344	0.052186052	-0.0280375077	0.0316779293	0.0814269654	-0.0338044268	0.114307823	-0.0094096061	-0.1244385834	-0.0493436892	-0.0787934722	0.0287837047	0.0004568697	0.0323560989	-0.0609427665	0.0472973704	0.0028001111	-0.133873344	0.0190173766	0.0075548897	-0.0351810486	-0.3422187072	0.0246144117	0.0105269291	0.1713336654	-0.0141801067	-0.1396871829	0.0590210458	0.0583019831	0.0845652118	-0.0269097349	0.003437872	0.0739603146	-0.1099983285	0.2537007423	0.0404571905	0.0154417257	0.0463572729	0.2626661935	-0.0566763091	-0.0085794638	0.0332388874	-0.0291366804	0.0813910102	-0.0010217901	-0.0396161595	0.0644821148	0.0391422172	-0.0276368728	-0.0108341484	0.0861699808	-0.0066770944	0.1137403551	-0.1413057059	0.0225640329	-0.0857797214	0.0191525556	0.003712022	-0.0530794426	0.0140084335	-0.0499946202	-0.0490281704	-0.0048422794	-0.1405931851	-0.0957722743	0.1268901325	-0.0619190217	-0.1997714326	-0.2936753189	-0.0504679177	-0.140443852	0.0644524419	-0.0577776039	0.0320092635	-0.0020285164	0.0587991397	-0.0470878373	-0.0387892451	0.007721577	-0.0873387915	-0.2480120191	-0.0670961879	0.0087682378	-0.0922053947	0.185045512	-0.0692207133	-0.0234821524	-0.1273211949	0.0251845179	-0.0134070947	0.0509054434	-0.0822502429	-0.1184185493	-0.0149507351	0.106146603	0.0	0.140471	0.01157	0.019732101841	0.0001338649	-0.0819169	0.0130442	0.00017015115364	0.00671037850561	0.0477772	0.0169274999999999	0.00228266083984	0.0002865402562499	-0.00511779	0.00034562	1.1945318440000033e-07	2.61917744841e-05	-0.00282745	-7.401000000000022e-05	5.477480100000033e-09	7.9944735025e-06	-0.000731038	-4.472700000000005e-05	2.0005045290000044e-09	5.344165574440001e-07	0.0	0.0	0.0	0.0	0.0	0.0	0.0	0.0	0.0	0.0	0.0	0.0	0.0	0.0	0.0
5988.422608843868	-13.865842601639088	35861205.3421124	192.2615910534294	12326.22760476118	-3.755563997256104	151935886.9643765	14.104260937486243	5413.484429269037	-12.9325536828228	29305813.66593831	167.25094475909356	5567.295586995171	6955.392146862201	1.160534	44.616756	0.0498638	0.0251076	0.012273903	-0.0861298226	0.0220266072	0.0386184945	0.0690573323	-0.02597571	-0.0306125616	0.0346127211	0.0618198377	0.0425665861	0.0517278586	0.0204048384	0.0654722802	0.0796716748	0.0646358619	0.0427058985	-0.1356989093	0.1002591097	0.0751425375	0.0356496565	0.0224153727	-0.06403806	0.117767406	-0.0163314667	-0.0727504306	-0.0313255999	0.1225352473	0.1208133634	0.1460710069	0.1246979173	0.1768472903	-0.1057185182	0.0788353005	0.0333088503	0.3196156152	0.0624100988	-0.0789816637	0.1571373871	0.1663079245	-0.0816684446	-0.1122268241	0.0528613244	-0.0417076328	-0.0442438691	-0.0074023443	-0.0810715541	0.0666979991	0.1151054935	0.0330755746	-0.0196554926	-0.075528055	-0.1176275715	-0.0057070405	0.1568496799	0.0373815138	0.0498802912	0.0453162613	0.0039945801	-0.1447849858	0.062861842	-0.1234479098	-0.0967172961	0.0040433958	-0.0368363835	0.019735188	-0.0010011445	0.0312105312	-0.0733716566	-0.0095229455	-0.0315154934	0.0857431581	0.0907876884	0.1302594118	0.1869509173	0.0444941337	0.2135864298	0.0603374477	0.0397539136	-0.0868604042	0.0486119484	-0.201026411	-0.1026506802	0.2811093628	-0.180430775	0.0258834454	0.1422975918	-0.0521903795	0.0654478473	-0.0230030136	-0.0110990022	0.1119514917	0.0637103855	0.0798583865	0.0836452544	-0.0396560322	-0.0355658142	0.0078226524	0.1562441037	0.1099817262	0.0481574848	-0.0866396718	-0.1154345858	-0.0029971437	0.1131072554	0.0	0.144757	0.0042859999999999	0.0209545890489999	1.8369795999999865e-05	-0.0982495	-0.0163326	0.00026675382276	0.00965296425025	0.0621726	0.0143954	0.00386543219076	0.00020722754116	-0.00515546	-3.767000000000007e-05	1.4190289000000046e-09	2.65787678116e-05	-0.0029726	-0.00014515	2.1068522500000043e-08	8.83635076e-06	-0.000616862	0.000114176	1.3036158976000004e-08	3.8051872704400004e-07	0.0	0.0	0.0	0.0	0.0	0.0	0.0	0.0	0.0	0.0	0.0	0.0	0.0	0.0	0.0
5994.5301412922645	6.107532448396341	35934391.61486146	37.30195260821421	12354.92228951383	28.694684752650574	152644104.77992567	823.3849330539973	5409.4540053009305	-4.030423968106334	29262192.63546628	16.244317362686004	5563.6142355768825	6842.864953923791	1.213295	46.645168	0.0841194499999999	0.0441729	-0.0124840577	-0.050245509	0.0034006351	0.0112541364	0.0076494283	-0.0039855999	-0.0343370219	0.0115000482	0.0694381703	0.0609533561	0.0160683861	0.0189312734	0.0892609641	-0.0824790342	0.0090327327	0.1361489332	-0.0550185013	-6.43673e-05	0.1938432681	0.2583467838	0.1052155831	-0.02540728	0.0870928617	0.0972781691	-0.0094192169	-0.003860902	-0.0584168542	-0.1019880323	-0.1579076529	-0.0959355233	-0.0827064897	0.0013012364	0.2494690709	-0.0882028578	-0.0226983871	-0.0674184462	-0.0444400143	0.0637289667	-0.020532145	0.0385971783	0.0557738635	-0.1058490885	0.0120033717	0.194839154	0.0891039465	-0.1280613574	-0.047230513	-0.1935978335	0.1885524924	-0.0323776727	0.0108249551	-0.1436817428	-0.1057787807	-0.0222370124	0.0636148428	0.0118789659	0.054858349	0.0046027858	-0.0357972178	-0.0542179006	-0.1654369211	0.0132060712	-0.0668834558	-0.1490803349	0.2079642108	-0.0180265785	0.1667934408	-0.0275072351	-0.1677261469	-0.013353139	0.0450072401	-0.0213212419	-0.0179412622	0.0234615785	-0.1813170285	-0.1062019282	-0.0083354407	-0.1119914591	0.2779563866	0.0542145966	0.0458630657	0.0086695969	-0.0134459267	-0.0877663079	0.011463307	-0.056500324	0.1705442641	0.0018703018	-0.1424202526	-0.1780609114	0.1404224399	-0.0806263052	0.0564948764	-0.2253993628	-0.0742453092	-0.0400501149	0.0250331852	0.130039364	-0.010180146	0.0453814036	-0.0908267497	-0.1118441635	0.0089844312	0.1184185493	0.0	0.156493	0.0117359999999999	0.0244900590489999	0.0001377336959999	-0.0620347	0.0362148	0.00131151173904	0.00384830400409	0.0829427999999999	0.0207701999999999	0.0068795080718399	0.0004314012080399	-0.00506292	9.253999999999946e-05	8.5636515999999e-09	2.56331589264e-05	-0.00310172	-0.0001291199999999	1.667197439999998e-08	9.6206669584e-06	-0.000703171	-8.630900000000002e-05	7.449243481000003e-09	4.944494552410001e-07	0.0	0.0	0.0	0.0	0.0	0.0	0.0	0.0	0.0	0.0	0.0	0.0	0.0	0.0	0.0
6012.973273721933	18.443132429668367	36155847.59049426	340.149133818285	12378.869038137038	23.946748623207892	153236398.66334778	573.4467696231093	5413.058127326272	3.604122025341894	29301198.28981301	12.989695573554558	5564.525208401759	7043.686314639191	1.168935	44.939732	0.0850537499999999	0.0520171	-0.0153942175	0.0136142268	0.0373548829	-0.0122192323	-0.0199685565	0.0090509692	-0.0164942878	-0.0173162223	0.0922644618	0.055183802	0.0219014304	-0.0441154277	-0.0052766445	0.0151343093	0.0127362974	-0.1168573418	0.0253875128	-0.0198367036	0.0330495654	0.0259906267	0.0211883865	-0.0749939489	0.0610568039	-0.012592618	0.072057521	0.0862773044	-0.1770038377	-0.0956504887	-0.1228661389	-0.0994750455	0.0807074137	0.0003680807	0.0139221706	-0.0667426006	0.0174507116	-0.0612690725	0.0196686519	0.091922799	-0.0781613481	0.1293384505	-0.0153012021	0.1681214055	-0.0582970681	-0.0166745938	0.0101771119	0.0567893583	-0.076345576	-0.0308475708	0.1140674685	-0.0148749061	-0.0510177297	-0.0080897965	0.0501908464	0.0111448503	0.0556339401	0.0091323838	-0.0189460808	-0.0550513253	-0.0080240119	0.0002108949	0.0756363221	-0.0463443043	0.0543621926	-0.0339542095	0.0338792285	0.0427511242	0.0291774485	-0.0755523683	-0.0345562635	-0.0683255061	-0.0777388689	-0.0937976137	-0.150674649	0.0217967691	-0.1395994637	-0.1336107766	0.0379990986	0.0747562453	0.047807538	-0.0413707483	0.0204686367	-0.05478139	-0.0311446819	-0.0883884312	-0.1438426098	-0.0286497431	-0.1673498498	-0.0179090367	-0.0571154004	-0.0393878188	0.0548462772	0.0452394372	-0.0845320209	-0.0701909854	-0.0273050944	0.0280989548	0.0452633543	-0.0006748636	-0.0164966043	0.042578821	-0.0948016975	-0.1076661454	0.0208821209	0.1220030341	0.0	0.145016	-0.0114769999999999	0.021029640256	0.0001317215289999	-0.0788828	-0.0168481	0.00028385847361	0.00622249613584	0.0763206	-0.0066221999999998	0.00582483398436	4.385353283999865e-05	-0.00596219	-0.0008992699999999	8.086865328999995e-07	3.55477095961e-05	-0.00313792	-3.620000000000012e-05	1.3104400000000088e-09	9.8465419264e-06	-0.000636512	6.665900000000005e-05	4.443422281000007e-09	4.05147526144e-07	0.0	0.0	0.0	0.0	0.0	0.0	0.0	0.0	0.0	0.0	0.0	0.0	0.0	0.0	0.0
6048.835831579758	35.86255785782487	36588414.91740318	1286.1230561058362	12413.484130009025	34.615091871986806	154094588.24598593	1198.204585306087	5440.851931010336	27.79380368406328	29602869.7351789	772.4955232282495	5591.491006135941	7298.572822300663	1.145316	44.031693	0.0665866	0.0355982	-0.0025530471	0.0839435321	0.0116043177	-0.0252338055	-0.0945600609	0.0190340479	-0.019072973	-0.0293547077	0.0471588987	-0.0271966355	-0.0180112992	-0.0663998134	-0.1238828975	0.0108712644	-0.0139604478	-0.0218871083	0.0717679647	0.0747032033	-0.1798349052	-0.0211951584	-0.0942933354	-0.0642397792	0.0162775374	-0.133903467	-0.2183459534	-0.1441559855	-0.0471591409	0.0967329489	-0.1111616405	-0.0930330814	-0.0130054866	-0.1015900596	0.0581307959	0.0858086226	-0.0103111256	0.1199229142	0.0844447324	0.0609622485	0.0391876188	-0.0791682017	0.2220988219	-0.008212775	0.0777350022	0.134897884	-0.1200623607	-0.0461568196	0.0539901028	-0.0346777231	0.0526787096	-0.0679732768	-0.0187958527	0.0685593741	-0.213115164	-0.1163475709	-0.0206345681	-0.0322089554	-0.1081635728	-0.0703353255	0.0428697739	0.0030755466	0.0294325012	0.0118358544	0.0709324406	0.1414623435	0.0079728321	0.0436786962	-0.1637266793	-0.0505996087	0.1030744315	-0.0672955182	0.2697407956	0.1365548414	-0.0496249347	-0.0263791326	-0.0826871988	-0.0506815316	-0.0464941223	-0.0934939561	-0.0682213182	0.014796814	-0.0864066427	0.1197437875	-0.0262704586	-0.1582972263	0.1262476398	-0.2193881469	0.0546007112	-0.0308930361	0.126443324	-0.1219554547	-0.007323229	0.0329708474	0.0692646258	-0.0127103055	-0.0042911225	-0.1381929842	0.096477877	-0.0400862474	-0.047565225	0.0397513735	-0.0985552316	-0.1029224817	0.0325848399	0.1238084399	0.0	0.140181	-0.004835	0.019650712761	2.3377225000000056e-05	-0.0548441	0.0240387	0.00057785909769	0.00300787530481	0.0499299	-0.0263907	0.0024929949140099	0.00069646904649	-0.00606242	-0.0001002299999999	1.0046052899999952e-08	3.67529362564e-05	-0.00305867	7.925000000000033e-05	6.280562500000052e-09	9.3554621689e-06	-0.000589548	4.6964000000000033e-05	2.205617296000003e-09	3.47566844304e-07	0.0	0.0	0.0	0.0	0.0	0.0	0.0	0.0	0.0	0.0	0.0	0.0	0.0	0.0	0.0
6054.307050658535	5.471219078777722	36654633.86365365	29.93423820798134	12406.78618949639	-6.697940512634887	153928343.55187836	44.86240711079569	5453.573548916629	12.721617906293432	29741464.45344312	161.83956215372567	5608.4506573649205	7577.406066593865	1.176999	45.249756	0.0600901	0.0336761	0.0433208313	0.0765289991	-0.0963390303	-0.0178363975	-0.0725935608	-0.0480270186	0.0031215982	0.0226202555	-0.0728847984	-0.1401990609	0.020741915	0.0033280106	-0.0242080391	-0.003783892	0.0289512275	-0.119908773	0.0109661601	0.0413646926	-0.0013135105	-0.0337301445	-0.0154331262	0.10630691	-0.0326443602	0.1282230789	-0.0892907161	-0.139006087	0.03356428	-0.153790228	0.044694741	0.0173951566	-0.0560931017	-0.1708805293	0.2266294214	0.0308314846	-0.030293712	0.1209973512	0.0149856073	-0.0106513288	-0.0718824568	0.0694644034	0.0565937757	-0.0299703555	-0.0998384423	0.0289879025	0.0047305054	-0.1331955208	-0.0583320325	0.0714971942	0.0662723489	0.0508715919	0.0697081148	0.0786123663	0.127850119	0.003014385	-0.1352694729	0.0131442694	-0.0372036854	0.017155624	0.0096913814	-0.0092887223	0.0907971334	-0.0500730147	0.0698779859	0.0341895912	-0.0615386844	-0.041922366	0.0028668721	0.0576070466	-0.0955166982	0.0904133106	0.1649355217	-0.0961996679	0.1210660855	0.1362118408	-0.0647884004	0.0070913116	-0.0409191126	-0.1839587729	0.0966440176	0.1459756334	-0.0509425433	0.10942353	-0.0720915013	-0.010407406	-0.100840322	-0.0342214486	-0.029272193	0.099619559	0.0497659859	-0.0641812315	0.0686172403	-0.0627072127	-0.0260311122	0.0164970982	-0.0986177932	0.0399992579	-0.1173796098	-0.0971371673	-0.0676529214	0.0369007123	-0.1020785854	-0.0976380941	0.043983323	0.1238084399	0.0	0.136562	-0.003619	0.0186491798439999	1.309716100000008e-05	-0.066584	-0.0117399	0.00013782525201	0.004433429056	0.0245733	-0.0253566	0.0006038470728899	0.00064295716356	-0.00578605	0.0002763699999999	7.638037689999985e-08	3.34783746025e-05	-0.00313792	-7.925000000000033e-05	6.280562500000052e-09	9.8465419264e-06	-0.000557676	3.1871999999999955e-05	1.015824383999997e-09	3.11002520976e-07	0.0	0.0	0.0	0.0	0.0	0.0	0.0	0.0	0.0	0.0	0.0	0.0	0.0	0.0	0.0
6013.647875841271	-40.6591748172641	36163960.77461024	1653.1684968208433	12345.741361704082	-61.04482779230784	152417329.77009097	3726.47100019252	5442.548524134742	-11.025024781886714	29621334.437561262	121.55117144121618	5602.220109073666	7405.189455977832	1.081684	41.585377	0.0701772	0.0365751	0.030124976	-0.0338442685	-0.0790970452	0.0360428598	0.0426056907	-0.0520887177	-0.0290137798	0.07131205	-0.0768553449	-0.088462552	0.0765865331	-0.0197539358	-0.0362077198	-0.1287830293	0.0667901321	-0.0909000759	-0.1041452566	-0.1409957092	-0.0355544717	-0.147309916	0.1304677853	0.0242299166	0.0134922358	0.006115532	0.0870172284	0.0620575561	0.0532212754	-0.1276879533	-0.0717837262	0.1446809093	0.0599400314	0.1668684917	0.024647199	0.1185911484	-0.0708880817	0.0601538999	-0.089266972	-0.2271991299	-0.0210863449	-0.0006071547	-0.1756678306	-0.0598210733	0.0369637482	0.0453442906	-0.0264807831	-0.0412012165	0.1753764147	-0.0157879027	-0.0001830213	0.0396785194	0.2253640561	0.0605228083	-0.0854367925	-0.0294183828	-0.095481609	0.0657403313	-0.0025107028	-0.0387625084	-0.0130395362	-0.1396680775	0.0811687281	-0.0524968894	-0.1256914802	0.0563148034	-0.1607076856	-0.022205994	0.1331190093	-0.0854489269	0.0339376075	0.0557336668	-0.1563406273	-0.1387741007	0.0180922374	-0.1791182046	-0.056071369	0.0903960146	0.1182064756	-0.0403166301	-0.05418819	0.1233229088	0.0143653498	0.0245128259	-0.024485064	0.175777862	0.0107638362	0.1531245135	0.0554441877	-0.1674341667	0.1119523354	-0.0179552584	-0.0455981237	-0.1560207605	0.1519864413	0.00661644	-0.0675828171	-0.148073056	-0.1051617997	0.0129056644	-0.0244491404	0.0340285022	-0.1053635299	-0.0918407451	0.0549711457	0.1220030341	0.0	0.143744	0.007182	0.020662337536	5.158112400000031e-05	-0.0727098	-0.0061258	3.752542564000001e-05	0.00528671501604	0.0289903	0.004417	0.00084043749409	1.9509889000000008e-05	-0.0051419	0.00064415	4.149292225000006e-07	2.643913561e-05	-0.0028601	0.00027782	7.718395240000015e-08	8.18017201e-06	-0.000684754	-0.0001270779999999	1.6148818083999995e-08	4.68888040516e-07	0.0	0.0	0.0	0.0	0.0	0.0	0.0	0.0	0.0	0.0	0.0	0.0	0.0	0.0	0.0
5981.156324662927	-32.49155117834471	35774230.98005533	1055.7008979749933	12315.98253953838	-29.75882216570244	151683425.91421422	885.5874966899029	5418.741086654493	-23.807437480249064	29362754.96419752	566.7940793759678	5574.746571640339	7072.506383707567	1.288826	49.54895	0.1088577	0.0541763	0.0034670169	-0.0876399584	-0.0320627666	0.041298899	0.0815645536	-0.0408763824	-0.0298055614	0.0528340747	-0.0068177162	0.0047173663	-0.0065827051	-0.0070031955	0.0875972258	0.0095983215	0.0849535026	0.0328402784	0.1413285029	0.0777656076	-0.0261213161	0.0635461031	-0.0707789826	0.1194803771	-0.0016197807	0.0124524128	0.0066898874	-0.002881629	0.0021553623	-0.2007370506	0.1625752141	0.0988839384	0.0217074274	0.0125024163	-0.0318787225	-0.0145125252	0.083028329	-0.1487261341	0.1172350233	0.010491201	-0.185765888	0.0293483649	-0.0489263324	-0.1136035197	-0.0719528889	-0.0321653655	-0.0557355758	0.1158310726	-0.0199750515	-0.0422876195	-0.0527800644	-0.0975771475	0.0286398282	-0.017760032	0.0714119285	0.0344078901	0.0002630198	0.0143777945	0.0988782767	0.020840939	-0.0504706674	-0.0132607112	0.0009043332	0.1094996266	0.1352987721	0.0719466183	0.0825317355	-0.1206594545	-0.05780047	0.0144343484	-0.0221692165	0.0428383737	-0.0165874183	-0.1706040006	0.044035626	0.0974268139	0.0824921297	0.0343020497	0.0108944145	-0.010113764	0.0156636521	0.021408777	-0.0090552	-0.2239535969	-0.1539016393	0.081478618	-0.1027012497	0.0391313364	0.027714435	0.1258635431	0.0013411172	-0.0146794052	-0.1198715032	0.0877754024	-0.0299691421	-0.0720485636	0.1235626295	0.0867907398	-0.0723872306	0.0125396813	0.057619964	0.0311364203	-0.108402393	-0.0855608924	0.0654457176	0.1184185493	0.0	0.156303	0.0125589999999999	0.024430627809	0.0001577284809999	-0.0973646	-0.0246547999999999	0.0006078591630399	0.0094798653331599	0.0591994	0.0302091	0.00350456896036	0.0009125897228099	-0.00542488	-0.00028298	8.007768040000023e-08	2.94293230144e-05	-0.00332322	-0.00046312	2.1448013440000002e-07	1.10437911684e-05	-0.000602158	8.259599999999999e-05	6.822099215999999e-09	3.62594256964e-07	0.0	0.0	0.0	0.0	0.0	0.0	0.0	0.0	0.0	0.0	0.0	0.0	0.0	0.0	0.0
5967.333389465116	-13.822935197810692	35609067.78102523	191.07353748287372	12317.89734693669	1.914807398310586	151730595.04966995	3.666487372624955	5403.078920647622	-15.662166006871304	29193261.82274667	245.30344402679495	5562.179775487003	6773.726407908411	1.241975	47.747765	0.082696	0.0424281	-0.0195256073	-0.1463594851	-0.0161940761	0.0278881761	0.0973400248	-0.0348240214	-0.0043897095	0.0695092575	0.0301908382	0.0665818616	-0.0286482485	-0.0159409553	0.1387901741	0.1010851825	-0.0098184107	0.0568063691	0.0006895734	-0.018680842	0.0183754458	-0.0126348015	0.026918941	-0.0100245401	0.0315148839	-0.1029570486	0.0998472354	0.0980522868	0.0107565995	0.0662836147	0.1316275625	0.0668681356	-0.0264657663	0.0725170091	-0.0314413075	0.0234227448	-0.0855638108	0.1152139656	0.0661016577	-0.0168832311	-0.0970668496	-0.07612836	-0.063325476	0.2677808775	0.0674419847	-0.0491938544	0.173370578	0.0247300903	-0.0262358963	-0.0117156158	-0.0417988225	0.0923542422	-0.1095021018	0.0525666335	-0.0414063005	-0.0768505695	0.0552298541	-0.0091863371	0.1457780422	0.0002951602	-0.0425047891	0.0919752582	-4.76289e-05	0.0560668198	-0.0282020908	-0.0362279164	-0.0066514541	-0.0107449139	0.0144149838	-0.0200614322	0.0726952062	-0.0650996486	-0.1373792664	0.0497255512	-0.0179941921	-0.0162416287	0.1544458899	0.0536251605	-0.0117514588	0.0368420039	-0.0291160386	0.0734827446	-0.0783352144	0.1005292181	-0.0815597315	0.0296916472	0.0435567071	0.0280431308	-0.2275732001	-0.120519126	-0.1851420951	0.0688626416	0.0172024202	-0.0048904156	-0.0271229082	0.0450390689	0.002825131	0.0620326932	0.1364167975	-0.10827274	-0.0234016127	0.0282261557	-0.1111880772	-0.0788315284	0.0753092405	0.1131072554	0.0	0.163396	0.007093	0.026698252816	5.031064900000022e-05	-0.0726852999999999	0.0246793000000001	0.00060906784849	0.0052831528360899	0.0834311999999999	0.0242317999999999	0.0069607651334399	0.0005871801312399	-0.00552828	-0.0001034	1.0691560000000004e-08	3.05618797584e-05	-0.0037127	-0.00038948	1.5169467040000017e-07	1.378414129e-05	-0.0005612	4.095800000000001e-05	1.6775577640000011e-09	3.1494544e-07	0.0	0.0	0.0	0.0	0.0	0.0	0.0	0.0	0.0	0.0	0.0	0.0	0.0	0.0	0.0
5984.670145271184	17.33675580606814	35816276.747700214	300.56310187923737	12310.03699171556	-7.860355221129794	151537010.73740548	61.78518420234241	5411.712027254115	8.63310660649313	29286627.06592685	74.53052967907531	5563.517364186914	6876.258408606313	1.081289	41.570175	0.02695235	0.0146483	-0.0322244015	-0.0796323609	0.0134359826	0.0130051522	0.0490341737	0.0045330196	0.0052644924	0.0098964378	0.0119644821	0.0495083859	0.0160709116	-0.0023431384	-0.0087334855	0.0020668729	-0.1074414421	-0.1006370196	-0.0520662223	0.0462190282	0.0177732036	0.100779388	0.0066950051	-0.004909351	0.066153729	-0.0195788251	-0.0131677545	-0.0542132991	0.0973596201	0.0774213715	0.1207837861	-0.0029494881	-0.0878080958	-0.0568244069	-0.0946844966	-0.0563518018	-0.1097282209	0.0853780519	0.1210659294	-0.1773042072	-0.0926898418	0.0594562539	0.0561373014	0.0058831326	0.0668130276	-0.1606812554	0.1189135391	0.0175618716	0.0456821254	0.1462334927	-0.1332568838	-0.1026805999	0.1952035951	-0.2207569291	-0.2023517162	0.0396437764	0.051688911	0.0090535157	8.29758e-05	-0.001550079	0.0795470948	0.0253787519	0.0204755011	-0.1440335296	0.0332484474	-0.0231840667	0.0639120015	-0.0014326338	0.0266463487	-0.0146101518	-0.0274123524	-0.0529070971	0.0317604408	0.1090268654	0.0973201526	-0.0028614884	0.138463309	0.0049191421	-0.0874511269	0.0624268168	0.0236180883	-0.004723368	-0.0639372171	0.1239610561	-0.1565541653	0.1782005058	-0.0561123965	-0.0691649201	0.01815188	-0.0226849138	-0.0611907727	0.1745478538	-0.0480903895	-0.0084217307	-0.0188308703	0.1312848006	-0.0016347771	-0.2009624474	-0.0836555765	0.2714754173	0.0846980103	0.0252994078	-0.1137140766	-0.0716880071	0.0844696213	0.106146603	0.0	0.15672	-0.006676	0.0245611583999999	4.456897600000021e-05	-0.0789403999999999	-0.0062550999999999	3.912627601e-05	0.0062315867521599	0.0725491999999999	-0.010882	0.0052633864206399	0.000118417924	-0.00553438	-6.1000000000002025e-06	3.721000000000247e-11	3.06293619844e-05	-0.00368179	3.091000000000031e-05	9.554281000000191e-10	1.35555776041e-05	-0.000586975	-2.5775000000000017e-05	6.643506250000008e-10	3.44539650625e-07	0.0	0.0	0.0	0.0	0.0	0.0	0.0	0.0	0.0	0.0	0.0	0.0	0.0	0.0	0.0
5996.500902782908	11.830757511724189	35958023.077076234	139.96682330121828	12357.040508058531	47.003516342971125	152696450.11779946	2209.330548603953	5436.863103478908	25.151076224792632	29559480.4059703	632.5766352653292	5593.278354860706	7047.726223404746	1.104501	42.462543	0.0624268	0.0271365	-0.0164274775	-0.0657009581	-0.0187811576	-0.0032257	0.0447982531	-0.0223555329	0.0126932302	0.0390207488	-0.0348356078	-0.0803942471	0.0156505533	-0.0636114736	0.0265124171	0.0103667842	0.0413761044	-0.0542131575	0.0429675504	-0.042259162	0.1119886935	-0.0926602046	-0.085575474	-0.1100806833	0.039281282	-0.0069851833	0.0648588769	0.0507196026	-0.0134169956	-0.088894336	-0.0692295795	-0.099756087	0.0190938231	0.0714263772	-0.0669247827	-0.0248190488	0.140371447	0.0693391029	0.0326440791	0.0233962565	-0.0278995219	0.0347154098	-0.0026088203	-0.0614651925	0.0339886161	-0.0109027857	0.0483448958	0.1142678557	0.1284950678	-0.1531531109	-0.0505883665	-0.0017247812	-0.0401699129	0.0090982635	-0.0528456915	-0.085608442	-0.0853008747	-0.0001325962	0.0150176476	-0.0570590737	-0.0406183005	-0.0244910159	0.084693992	0.0095452424	0.0186820684	-0.1528008907	-0.0423966776	0.030693771	-0.0774716619	-0.0797982396	0.0389560187	-0.0315563303	-0.0789091112	-0.0768601869	0.0024586386	-0.0505372877	-0.0293579034	-0.1557566335	0.0358842068	0.0772653498	-0.0119310117	0.0205536011	-0.1037293174	-0.0235880754	0.0857022622	-0.0152395064	-0.0482463146	-0.0070433092	0.0291581053	-0.0202346887	-0.0417964799	0.0092919336	-0.1657178796	-0.0282323959	0.1187075459	-0.0845548216	0.1023197071	0.0179910158	0.0863414866	-0.0046359377	-0.0735887259	0.0223578858	-0.1159744915	-0.0641678585	0.092841332	0.0976380941	0.0	0.167084	0.010364	0.027917063056	0.000107412496	-0.095445	-0.0165046000000001	0.00027240182116	0.009109748025	0.0591502	-0.0133989999999998	0.00349874616004	0.0001795332009999	-0.00564185	-0.00010747	1.1549800900000028e-08	3.18304714225e-05	-0.00361235	6.944000000000004e-05	4.8219136000000065e-09	1.30490725225e-05	-0.000853249	-0.000266274	7.090184307600004e-08	7.280338560010001e-07	0.0	0.0	0.0	0.0	0.0	0.0	0.0	0.0	0.0	0.0	0.0	0.0	0.0	0.0	0.0
5989.311742624283	-7.189160158624873	35871855.15033713	51.684023786359205	12336.412789399308	-20.62771865922332	152187080.51045483	425.5027770840699	5422.9492184763385	-13.91388500256926	29408378.22617313	193.59619586472172	5577.591393272347	6895.347345761848	1.145258	44.029457	0.0632302999999999	0.0349549	-0.0356430388	-0.0699006062	-0.0192289751	-0.0036157876	0.0522929431	-0.0193728295	-0.0281271814	0.0191239285	0.0314177468	-0.0092476038	-0.0302564204	0.0056475027	0.1098268545	-0.0176061727	-0.1606886136	-0.0432354522	0.0037046112	0.0624742748	0.1645470223	-0.0017653133	-0.0155257864	-0.1074998765	-0.1103070976	-0.0701894954	-0.0686029064	-0.0357854389	0.020199099	-0.0788729542	0.0603764362	-0.0702101043	0.0565557732	-0.0633846841	-0.197867417	0.0594435078	-0.0814197134	-0.0116338352	-0.0032670048	-0.1207939437	0.0720155802	0.1288201891	-0.0012009728	0.0072757985	-0.0668840161	-0.0386110474	0.0085958457	0.1033933156	0.0878628635	0.0182692054	-0.038541784	-0.0049655271	-0.1367833658	-0.0307149792	0.1562750674	0.1768038379	-0.0160425544	-0.0163980263	0.1177313279	0.0281449464	0.089855989	0.0182812257	-0.0363570244	-0.1092128823	0.0495247787	-0.1684427063	0.0611239049	0.0770241569	-0.011235475	0.0497103861	0.1446807562	0.0325966396	0.0700683119	-0.0641507001	0.0361713044	0.0879055172	0.0262958955	-0.0613631294	0.0237142395	0.0379577354	-0.1711564564	-0.1521189426	0.0753720682	0.0855676323	0.0531702228	0.1861547272	-0.1205857482	-0.0355888725	-0.0697914468	0.0246429848	-0.0321974342	0.0342824369	-0.103191707	0.0629977701	0.0345407346	0.0266659356	0.0435624829	0.1836449496	-0.0356685539	0.0151792645	0.155141323	0.0194033074	-0.1179640426	-0.0563105911	0.1003462082	0.0877058019	0.0	0.167499	0.0004149999999999	0.028055915001	1.7222499999999896e-07	-0.0738965	0.0215484999999999	0.0004643378522499	0.00546069271225	0.0828737999999999	0.0237235999999999	0.0068680667264399	0.0005628091969599	-0.00570382	-6.196999999999973e-05	3.840280899999967e-09	3.25335625924e-05	-0.00370151	-8.916000000000002e-05	7.949505600000003e-09	1.37011762801e-05	-0.000653515	0.000199734	3.9893670756000014e-08	4.270818552250001e-07	0.0	0.0	0.0	0.0	0.0	0.0	0.0	0.0	0.0	0.0	0.0	0.0	0.0	0.0	0.0
6002.408145313406	13.096402689122442	36028903.54292472	171.51576339565352	12372.071906121557	35.659116722248655	153068163.2502423	1271.5726054109537	5396.871944670357	-26.07727380598135	29126226.787170004	680.024209152121	5550.479572654765	6972.445462769676	1.094672	42.084698	0.06339815	0.0303693	-0.0347569848	-0.0154842168	0.0181768355	-0.0200299765	-0.0093542844	0.0096773256	0.0352798984	-0.0246176847	0.0725598133	0.0927665332	-0.0684521431	0.0131455905	0.0069476513	0.1659820309	0.0567356503	0.1012525563	0.0060544937	0.0122285011	0.0143636783	-0.005402761	0.0123287255	-0.0172188762	0.0600369851	0.1255798132	0.1733129	-0.087745649	-0.1315485524	-0.0557643037	0.0648377554	-0.0642790805	0.0095412886	0.0777997986	-0.0597396838	0.0380742374	0.1317318773	-0.1182373851	-0.0582337425	0.0768293425	0.0096280571	0.0818804823	0.0390177824	-0.031873196	-0.0900739547	-0.0553906849	0.0562877099	-0.0600158452	-0.0488437509	-0.0408555514	0.1199137938	0.0639148752	0.0324961078	-0.0196360493	-0.110771524	0.0149018172	0.0944076699	-0.0543921362	-0.0085309941	0.002412388	-0.0946998342	0.1508658511	-0.0462624111	0.1111142032	-0.0005580569	-0.026995664	-0.0431726176	0.0376766136	0.0163264075	0.0011919843	-0.1490656153	-0.1031775715	-0.0326125766	-0.1368596038	-0.0463976745	0.0063524269	0.1097107224	-0.1040339272	0.0367551562	0.0388477998	-0.0201526719	0.0284832086	0.0594425743	-0.1662971544	0.078350463	-0.0585478864	-0.1089015736	-0.0459850771	0.0448261668	0.0617146179	-0.0531881654	0.0452414192	0.0544955428	-0.0966369409	0.0103761206	-0.1020152083	-0.136617716	-0.1292274764	0.0671243047	0.0505327841	-0.0214845967	0.0164373979	-0.1196780832	-0.0481574848	0.1069141789	0.0764945617	0.0	0.165926	-0.001573	0.0275314374759999	2.4743290000000592e-06	-0.0560853	0.0178112	0.00031723884544	0.0031455608760899	0.077014	-0.0058597999999999	0.005931156196	3.433725603999884e-05	-0.00618377	-0.0004799499999999	2.3035200249999985e-07	3.82390114129e-05	-0.00357194	0.0001295699999999	1.6788384899999963e-08	1.27587553636e-05	-0.000807078	-0.000153563	2.3581594969000006e-08	6.513748980840001e-07	0.0	0.0	0.0	0.0	0.0	0.0	0.0	0.0	0.0	0.0	0.0	0.0	0.0	0.0	0.0
6048.215437028418	45.80729171501207	36580909.97270886	2098.307974264213	12406.44107620307	34.36917008151249	153919780.17729878	1181.2398520919337	5419.444534086606	22.57258941624877	29370379.05804119	509.5217929545462	5569.8259345090055	7218.146634611392	1.085133	41.717949	0.0548536999999999	0.0301746	-0.0224545749	0.0682131969	-0.0171712609	-0.03973474	-0.0674698118	0.007956568	0.0286409026	-0.0552596363	0.0053988501	0.0147994188	-0.0462451058	-0.041523344	-0.2040790475	-0.0099730664	-0.0868489405	0.1077719895	0.1178869382	-0.073582357	0.0629415923	-0.0126149514	0.0532508371	0.1556313741	-0.0624381658	0.0967410458	-0.0165439292	0.146041495	-0.0055559455	0.0334161726	-0.0290905133	0.0214123771	-0.0426180697	-0.0523576762	0.0486272147	0.0094848757	-0.1005295845	-0.0420244296	0.0437995589	0.03527458	0.0116574989	0.0025039683	0.0319140386	0.0928938394	0.1834878109	-0.1479138355	0.0613920942	-0.014358984	0.1002407043	-0.1513398593	0.0953867025	-0.207646473	-0.1145071354	-0.1142723829	0.1035663928	0.0209575641	0.0199046062	-0.0589550986	-0.1425849164	-0.0451817155	0.1619937998	0.0339517648	-0.0042700427	0.1351978157	-0.0301399992	-0.0432512644	-0.0096803498	-0.1301884343	0.0584693653	0.0504218611	-0.0258405284	0.1792099037	-0.0917674511	0.0516292816	-0.0496092479	0.026768837	-0.0266620082	0.0276171308	-0.048722888	-0.0212208263	0.0268037445	-0.0348449728	0.0359048375	0.0722047495	-0.0360910807	-0.043338738	0.0253408529	-0.0866148491	-0.0485457876	-0.0808533312	-0.1611694399	0.122098382	0.0787669357	0.1879541798	0.1141548531	-0.1429605798	0.1680232631	0.0143852212	-0.0317899453	0.1058830231	-0.0782827849	0.0134618896	-0.1211126101	-0.0397513735	0.1124839207	0.0641678585	0.0	0.164276	-0.0016499999999999	0.026986604176	2.72249999999995e-06	-0.0809751999999999	-0.0248898999999999	0.0006195071220099	0.0065569830150399	0.0652974	-0.0117165999999999	0.00426375044676	0.0001372787155599	-0.00640172	-0.0002179499999999	4.750220249999989e-08	4.09820189584e-05	-0.00357194	0.0	0.0	1.27587553636e-05	-0.000693084	0.000113994	1.2994632036000017e-08	4.803654310559999e-07	0.0	0.0	0.0	0.0	0.0	0.0	0.0	0.0	0.0	0.0	0.0	0.0	0.0	0.0	0.0
6038.821276746135	-9.394160282283336	36467362.412481815	88.25024740922976	12419.106962619811	12.665886416742069	154234217.74899188	160.42467872181123	5458.441808804579	38.99727471797269	29794586.9801058	1520.7874354290316	5616.353549430287	7374.172008624976	1.157003	44.480991	0.06945205	0.0514495	0.0090163974	0.0296283305	-0.1266240035	-0.0143487785	-0.0419901197	-0.0558136463	0.0733443139	0.0219335197	-0.1149858629	-0.1655425	0.0013047609	0.0129460677	0.018317761	-0.0597351069	-0.0124090662	0.0906339753	0.2889643905	-0.0107521289	0.0023646847	0.0757965879	-0.1661977248	-0.100224977	0.0108097932	-0.150460971	0.0828028333	0.0963000748	0.0555942848	0.03275663	-0.0859643429	-0.0413174049	-0.0167642405	-0.0183587307	-0.0013968383	-0.056636293	-0.1905754501	0.0224277106	-0.1765611087	-0.0672523264	0.0557229769	0.0189917718	-0.0326549982	-0.042801417	-0.0633863026	-0.113184262	-0.0271614063	0.0905924548	-0.1106593317	-0.0682799576	0.0951576047	0.0509205795	0.0448293546	-0.040401732	0.0775252657	-0.0110746358	-0.1690252609	-0.0024511665	-0.0014066716	0.022462069	0.0729243099	-0.054571531	0.0021114369	0.2003561591	0.1144733023	-0.0594177387	0.2097074107	0.0342834399	-0.180635657	-0.048082835	0.1095143003	-0.0752839722	-0.1352254091	0.0476437278	0.0025983611	-0.0331426557	-0.0859522239	0.0120137775	0.0043052574	0.0123958846	0.0495986714	-0.0080490301	0.1850830688	0.1534753252	0.029687924	0.0585176697	0.0020094136	0.0797864708	-0.016426861	0.0137318693	0.0709490926	0.1596662298	-0.0361097505	-0.0874289456	-0.1179888685	-0.1398274041	-0.0553483439	0.0158297143	-0.0273102518	0.0123920702	-0.0322969525	0.0104785198	-0.1222642728	-0.0311364203	0.1170034304	0.0509054434	0.0	0.163052	-0.001224	0.026585954704	1.498176000000007e-06	-0.0835976999999999	-0.0026225	6.877506249999999e-06	0.0069885754452899	0.049914	-0.0153834	0.002491407396	0.00023664899556	-0.00553317	0.00086855	7.543791025000001e-07	3.061597024889999e-05	-0.00350316	6.878000000000006e-05	4.730688400000008e-09	1.22721299856e-05	-0.000760197	-6.711300000000005e-05	4.504154769000006e-09	5.77899478809e-07	0.0	0.0	0.0	0.0	0.0	0.0	0.0	0.0	0.0	0.0	0.0	0.0	0.0	0.0	0.0
6007.365118514328	-31.456158231806512	36088435.66714267	989.4898907044486	12329.771072641746	-89.3358899780651	152023254.7037532	7980.901238172952	5424.816873869926	-33.62493493465263	29428638.11502388	1130.6362493596228	5582.183001717064	7174.046149604251	1.123736	43.202038	0.05794625	0.0311765	-0.0263569411	-0.0458201309	-0.0437864751	0.0014136871	0.0481444182	0.0207158434	0.0065807052	0.0271288009	-0.0770704901	-0.0500716724	-0.000879806	-0.0579215151	0.0794820349	-0.1175369152	0.073789756	0.0429833886	-0.1008048306	0.0303975181	0.0296361995	-0.0212389404	-0.0190933849	0.1179465371	-0.0883582398	-0.0055779493	0.0172906153	0.0087389226	0.0283180001	0.0495360625	-0.0284296118	-0.2225614128	0.1220829161	0.0935396702	-0.0112218807	0.0995141798	-0.1156543176	0.1504142559	-0.0822185488	-0.0007053155	0.0161103306	0.0480443038	-0.0569857796	-0.0535046152	-0.0875823664	0.0471724244	-0.2043043546	-0.0036054883	-0.0279999584	0.0493981687	-0.0023410987	-0.0801072239	-0.0975524711	-0.1570545969	-0.0423142736	-0.148123159	-0.0545537654	0.0014290324	0.0719856803	-0.0424927795	-0.0609331777	-0.1486374257	-0.0690318324	-0.018496534	-0.0443744003	-0.0055385875	-0.0469878289	-0.0760583517	0.0101911654	0.1364594747	0.0106847333	-0.0115181383	-0.010182198	0.084295211	-0.0217794095	-0.0405319114	0.0006564357	-0.1255240618	0.242158423	-0.0368382918	-0.0712818856	-0.0343551554	0.0903083587	0.1679134963	0.0592831118	-0.012391736	-0.0828859229	0.0576034056	-0.0114321612	0.0561594517	0.1975965399	-0.1181711606	0.0164829403	0.1074876086	-0.0149948847	-0.0280796794	0.0438961354	0.0257793458	0.0393591734	0.1408422409	-0.0733075417	0.0074890309	-0.1231303817	-0.0223578858	0.1204305106	0.0369007123	0.0	0.173354	0.010302	0.030051609316	0.000106131204	-0.0907891	-0.0071914	5.171623396000141e-05	0.00824266067881	0.0589445	0.0090304999999999	0.0034744540802499	8.154993024999994e-05	-0.00596006	-0.00042689	1.822350721000001e-07	3.552231520359999e-05	-0.00357194	-6.878000000000006e-05	4.730688400000008e-09	1.27587553636e-05	-0.00062742	0.000132777	1.762973172900001e-08	3.936558563999999e-07	0.0	0.0	0.0	0.0	0.0	0.0	0.0	0.0	0.0	0.0	0.0	0.0	0.0	0.0	0.0
6002.415351914075	-4.949766600253497	36028990.056893766	24.50018939698506	12338.24623233906	8.475159697312847	152232320.089829	71.828331894956	5387.352760122783	-37.46411374714262	29023569.76200257	1403.5598188588406	5541.464091201657	7141.325700604714	1.02329	39.340385	0.0266324499999999	0.0163459	-0.0455004471	-0.016615764	0.0008901752	-0.026989976	0.0243292824	0.0323468467	0.0200243419	-0.0357637239	0.0106333565	0.1002848947	-0.0010106925	-0.0196986317	0.0663063512	0.0124091918	0.1076093923	-0.0142258348	-0.0183197725	-0.0101969949	-0.0416374598	-0.2127634687	-0.0467505963	0.1528594397	-0.0062130509	0.0344224489	-0.1485893253	0.040990369	-0.0797716177	0.1186544257	0.0829371797	0.0704287398	-0.0706712116	0.0688661997	0.0570978301	-0.0474667551	0.0647303708	0.0049989787	-0.0134758235	0.0762965051	0.0523151039	-0.0871380098	-0.0429880559	-0.089217279	-0.0334780266	-0.0582892342	0.060469626	0.0388081028	-0.0921610052	0.0396101818	-0.1182913507	-0.0684227302	-0.0999018255	-0.1445489341	0.0311816385	0.0357406597	0.0969240751	-0.0024803508	0.0650386035	-0.0311398915	-0.0917656986	-0.0303297217	0.0345466226	0.0577460516	0.011825442	0.0560081347	-0.2403003627	-0.0769191179	-0.0519306484	0.0174949872	-0.0104391534	0.1126072365	0.0550170159	0.0812065434	-0.121937736	-0.0117756234	0.0486843989	0.1143503451	-0.0128980771	-0.0389896147	0.0724174312	-0.0147716477	-0.0357707111	-0.045851755	0.085505266	-0.0257855342	0.0434054577	0.0840757226	0.063123763	0.1703986669	-0.0649688781	0.0818453779	0.0078425675	0.079858108	-0.1158509196	0.0833012974	0.1340971736	0.0613629909	0.029607775	0.1013998337	0.0143978392	0.0044951686	-0.1237089139	-0.0134618896	0.1227331636	0.0223578858	0.0	0.169901	-0.003453	0.028866349801	1.192320900000008e-05	-0.0771832999999999	0.0136058	0.00018511779364	0.0059572617988899	0.0562723	-0.0026721999999999	0.00316657174729	7.1406528399999976e-06	-0.00584753	0.0001125299999999	1.2663000899999905e-08	3.41936071009e-05	-0.00357194	0.0	0.0	1.27587553636e-05	-0.000652919	-2.5499000000000008e-05	6.501990010000003e-10	4.26303220561e-07	0.0	0.0	0.0	0.0	0.0	0.0	0.0	0.0	0.0	0.0	0.0	0.0	0.0	0.0	0.0
6003.764272175178	1.348920261103558	36045185.43584715	1.8195858708156911	12350.82572615655	12.579493817491311	152542896.11789048	158.24366470430212	5391.89957062433	4.546810501547043	29072580.97969884	20.67348573697847	5543.29486503227	7139.40604094071	1.028747	39.550201	0.01136125	0.0086132399999999	-0.0441264391	0.0056814956	0.0065763732	-0.0306935707	0.0018860995	0.0406566214	0.0192034487	-0.0302605693	0.0502311204	0.1244090464	0.0034929641	0.1056556355	-0.0370634827	-0.019275887	-0.0165325883	0.0560897863	0.0200624556	0.0756943698	-0.0008886299	-0.1127725278	0.128881733	-0.0027393655	-0.0842104012	0.0065317355	-0.0079589123	-0.0495775079	0.0765847421	0.0881821166	0.0058381476	-0.0324349301	-0.0237647592	0.0154618663	-0.1525687593	0.0091871772	-0.1634530299	0.2144108566	0.1783151934	0.0216991355	-0.047495471	0.0412646418	0.0645771303	-0.1084609453	-0.0534423053	-0.0193539937	0.0741090731	-0.2273964237	0.0095397484	-0.0975392135	-0.1888483434	0.206859184	-0.0252978699	-0.0393909276	0.0454443195	0.0183724783	0.1273029364	-0.0094917006	-0.0445394765	0.0698782092	0.0256740812	-0.0089265951	-0.078647452	0.0513960713	0.0470790387	-0.0072293958	-0.1154531043	0.0480742195	0.10704203	0.0407658735	0.075067191	0.0448562278	0.0183308672	0.0716021701	0.0673750126	-0.1525089095	0.0991797967	-0.0386363477	-0.0373604586	0.0902419029	-0.1007079996	-0.0142626543	-0.0747531063	0.2200074929	-0.1970988002	-0.0277084766	-0.0556619011	-0.0643971135	0.0937126533	0.1205670102	0.0211204576	0.0344594372	0.1124106077	-0.2138480967	0.1093790537	0.1267126946	0.0161973919	0.2040380879	0.016921374	0.0379228994	-0.0408572882	0.0014986813	-0.1239985182	-0.0044951686	0.1238898902	0.0074890309	0.0	0.17064	0.0007389999999999	0.0291180095999999	5.461209999999848e-07	-0.0771485999999999	3.469999999999862e-05	1.2040899999999044e-09	0.0059519064819599	0.0486148	-0.0076574999999999	0.00236339877904	5.863730624999996e-05	-0.00580174	4.5790000000000414e-05	2.096724100000038e-09	3.36601870276e-05	-0.00357194	0.0	0.0	1.27587553636e-05	-0.000640108	1.2810999999999942e-05	1.641217209999985e-10	4.09738251664e-07	0.0	0.0	0.0	0.0	0.0	0.0	0.0	0.0	0.0	0.0	0.0	0.0	0.0	0.0	0.0
6013.139882828084	9.375610652906287	36157851.25045775	87.9020751148899	12372.52306747322	21.697341316668822	153079327.05515692	470.7746202120241	5395.085266955274	3.185696330943756	29106945.03771786	10.14866111298851	5544.756048264209	7065.945314775028	1.05225	40.453766	0.0470511999999999	0.0257483	-0.0577405699	0.0485040342	0.0261015316	-0.0362882317	-0.0409716485	0.0550209093	0.0068101746	0.0078558197	0.0675083158	0.1206573973	-0.0677340459	0.0842812551	-0.110017602	0.0339755374	-0.1359939234	0.0890200394	0.0329829093	-0.0489633112	0.0435789746	0.0304942062	0.051841649	0.0173412411	-0.032700029	-0.1233237179	0.1022612602	0.0394214063	0.062003255	0.0293003987	0.0353411522	-0.1311232089	0.0258687544	-0.0036115026	0.0773631394	-0.0898052678	0.0549323595	0.1616427826	0.0026928087	-0.0634448134	-0.0041921557	-0.0818320077	0.0228331277	0.0614010447	-0.2272783025	0.1218465314	-0.210508825	-0.0819998902	-0.064106342	0.0255729537	-0.0743743773	-0.1172308056	0.0378471525	0.1048268813	0.1208479822	0.0671262359	0.1301127996	-0.0608862638	-0.0932479339	0.0791056687	0.1258055386	0.0910698884	-0.041850233	0.0409323534	-0.0563522304	-0.0628585546	0.0512522081	-0.024128925	0.0379759712	0.0169690673	0.1057902356	-0.0771833185	-0.0996119001	0.0531664301	0.0482952134	0.0043513617	0.0364297511	-0.0699779807	0.0661650662	0.0020558006	0.0827258663	0.0674066899	-0.0736415395	0.0887247211	0.0211888024	0.0090108474	0.0513251396	0.0154749736	-0.1137228439	0.169933434	0.2346202057	-0.2058256503	0.0893293752	-0.0145205273	-0.0624784974	0.0329342451	0.0645583275	-0.0153955869	-0.1309441424	-0.0795018901	0.0657328479	-0.0014986813	-0.1239985182	0.0044951686	0.1238898902	-0.0074890309	0.0	0.177008	0.006368	0.031331832064	4.055142400000016e-05	-0.0588173	0.0183312999999998	0.0003360365596899	0.00345947477929	0.0657738	0.0171589999999999	0.0043261927664399	0.0002944312809999	-0.00575667	4.5069999999999485e-05	2.0313048999999542e-09	3.31392494889e-05	-0.00357194	0.0	0.0	1.27587553636e-05	-0.000698896	-5.878799999999994e-05	3.4560289439999927e-09	4.884556188159999e-07	0.0	0.0	0.0	0.0	0.0	0.0	0.0	0.0	0.0	0.0	0.0	0.0	0.0	0.0	0.0
6058.249120162699	45.10923733461459	36702382.40195212	2034.8432929105868	12448.881783415003	76.35871594178388	154974657.6574419	5830.65350027804	5414.5875963056815	19.502329350407308	29317758.838067334	380.3408500917584	5563.479904068134	7231.358220903893	1.089999	41.905029	0.03938445	0.0281776	-0.0646438795	0.1436831561	0.0235758886	-0.0873355172	-0.1280067918	0.0603670623	0.0273297946	-0.0991224663	-0.0034474022	0.0386817213	-0.0606033559	-0.0639283169	-0.0974711958	-0.0606727319	0.1214679248	-0.0142160088	0.0038372695	0.0927521465	-0.1706110881	-0.0818494294	0.0153409407	-0.0093787037	0.0820425454	-0.0964337843	0.030853857	-0.0539629996	0.1645957188	0.1146570395	0.132341824	-0.0844274017	0.0611336861	-0.0359564557	0.0362617707	0.0406612603	0.1266362804	-0.052319042	0.1532641947	-0.0631747207	-0.0782843697	0.1219177902	-0.204272346	-0.1480289707	0.1008357229	0.0463816112	-0.245504435	-0.0335452661	-0.1487331959	-0.0494545206	0.1761171219	0.1157135519	-0.0016367438	-0.0089565685	0.0238520383	-0.0757910427	0.0478540671	-0.0773261026	-0.1207238895	-0.0675092124	-0.0276146695	-0.0961359161	-0.0059028211	0.0376681137	0.0858872042	0.1657204346	-0.0886569904	0.0289560618	-0.0266859686	-0.0516413965	0.0522445312	-0.1254227886	-0.0020897598	0.1468440512	0.1426654876	0.0790832818	0.0971598312	0.0183637845	0.076536189	-0.0332339564	-0.0118403451	-0.0624259338	-0.1698548276	-0.1586207163	-0.1149885628	0.0561956697	-0.1492409836	0.1357728546	0.158984278	-0.0588353805	0.2437584543	-0.0556060172	0.0995633278	0.0483536882	-0.0331399371	-0.1604705616	-0.0774767283	0.0296785627	0.0943733827	0.0202148543	-0.1086066163	-0.0044951686	-0.1237089139	0.0134618896	0.1227331636	-0.0223578858	0.0	0.173879	-0.0031289999999999	0.030233906641	9.790640999999956e-06	-0.0566602	0.0021571	4.653080410000009e-06	0.00321037826404	0.070039	0.0042652	0.004905461521	1.819193104000009e-05	-0.00626498	-0.0005083099999999	2.583790560999997e-07	3.92499744004e-05	-0.00357194	0.0	0.0	1.27587553636e-05	-0.000610543	8.8353e-05	7.806252609e-09	3.72762754849e-07	0.0	0.0	0.0	0.0	0.0	0.0	0.0	0.0	0.0	0.0	0.0	0.0	0.0	0.0	0.0
6079.00778964672	20.758669484021084	36954335.706585504	430.9223587468282	12444.812646279712	-4.069137135291385	154873361.80100346	16.55787702580738	5435.51872633608	20.93113003039889	29544863.824350204	438.1122043494663	5582.825550123925	7710.838481821916	1.449118	55.711357	0.112382137	0.0709526	-0.0093779083	0.174698749	-0.0340880922	-0.0715076116	-0.1663189986	0.0523714306	0.0763872179	-0.0724635622	-0.0573458229	-0.0522431634	-0.0323333454	-0.0417104537	-0.1053949398	-0.0469362482	-0.1084295527	-0.1481250014	0.1006629509	-0.0014757579	-0.0265530005	0.0895437148	-0.0814334053	0.1244213978	-0.0285060502	0.1520175634	0.0113004216	0.060406757	-0.2231835114	0.0927976865	-0.101032819	0.1679406287	0.0622290156	-0.1553000829	0.1455751285	0.1244927215	0.0351540908	-0.2404631781	-0.0542110551	-0.017885343	-0.0612513545	-0.0419312239	-0.1452366783	0.0011087961	0.0739677923	-0.1427982123	0.081959905	-0.102673821	0.0080486355	0.1131635329	-0.1369688163	-0.100690084	-0.021894559	0.1278827452	-0.054113999	-0.1579107396	-0.038825767	-0.0465093895	-0.1306731733	-0.0297293859	0.1730491069	-0.0108640774	0.1300887476	-0.0313527638	0.0751994626	0.0345140562	0.050673311	-0.0015202054	-0.028517276	0.1363717282	-0.23232197	0.0191764889	-0.0180819423	0.0060358178	-0.2229454286	0.1013446929	-0.1990400885	0.1806487785	-0.0407416373	-0.1229064451	-0.061527577	0.0439797402	0.0557915726	-0.1777209163	-0.0650096507	0.0099385424	0.0015758611	0.1133136063	0.0059485091	-0.0279076359	-0.0989644874	0.1160553327	0.0756958186	0.0744737149	0.0407874404	0.1742624772	0.1505958156	-0.1409620848	-0.0271027508	-0.1032867875	-0.102258463	-0.0074890309	-0.1231303817	0.0223578858	0.1204305106	-0.0369007123	0.0	0.170772	-0.0031069999999999	0.029163075984	9.653448999999992e-06	-0.0754187	-0.0187585	0.00035188132225	0.00568798030969	0.000640613	-0.069398387	4.103850157689999e-07	0.0048161361182017	-0.00661173	-0.0003467499999999	1.202355624999999e-07	4.3714973592899993e-05	-0.00357194	0.0	0.0	1.27587553636e-05	-0.000686158	-7.561500000000001e-05	5.717628225000002e-09	4.7081280096400006e-07	0.0	0.0	0.0	0.0	0.0	0.0	0.0	0.0	0.0	0.0	0.0	0.0	0.0	0.0	0.0
6084.77989635904	5.772106712320237	37024546.38713513	33.31721589841234	12468.318289832649	23.505643552936817	155458960.97657534	552.5152788377202	5435.1977692152	-0.3209571208799389	29541374.79048189	0.1030134734435397	5590.1534174360295	7918.300986559074	1.68718	64.863678	0.387886163	0.280759	0.1278891914	0.1043514234	-0.1412699663	-0.0346292451	-0.1653268442	-0.0877907355	0.0960416272	0.0869407024	-0.0008570837	-0.044623866	0.0718852448	-0.0072340007	-0.0464728242	-0.1397474	-0.1251951557	0.0746844864	-0.0003589878	-0.0335042206	-0.0152889304	-0.023872091	-0.0088273628	0.05526957	0.1665073074	-0.1083643246	0.1825444245	-0.1204216284	-0.1117109335	0.0521980951	-0.1610948147	0.1992425254	-0.1495190516	0.0338926798	-0.0147167204	-0.2641431576	-0.0546713778	-0.0548971819	-0.1269157408	0.103423566	0.028731966	0.0519408962	-0.0583110328	0.1164088435	-0.0743889948	-0.002526215	0.0143697663	-0.0458387201	-0.1248146329	-0.0345011225	0.0399170042	-0.0598127123	-0.0844591311	0.0802221201	0.0373596403	0.0816324378	-0.0440985465	0.07125829	-0.021646358	-0.0176064702	0.1812985982	-0.0728799784	-0.051747881	0.0364929127	-0.0811175362	0.001709732	-0.0553342786	-0.0494623623	0.0020951459	-0.0780255331	-0.0572670731	-0.2567834332	-0.0303225071	-0.0745301748	0.0028521504	-0.1388343683	-0.0942720277	0.133021242	-0.2170996703	0.1363237143	0.1793690734	-0.0318793955	0.1784223833	0.0169178265	0.0980618128	-0.0390784859	-0.0227984896	0.0595300036	-0.1029971833	0.0285657872	-0.1016467564	-0.0658381512	0.1414670178	0.0707778171	-0.0886518201	-0.0371891623	0.0635388708	0.0532067816	0.0380756045	-0.1291133536	0.0619627528	-0.0104785198	-0.1222642728	0.0311364203	0.1170034304	-0.0509054434	0.0	0.17153	0.0007579999999999	0.0294225408999999	5.74563999999971e-07	-0.0937129	-0.0182941999999999	0.0003346777536399	0.00878210762641	-0.0953792	-0.096019813	0.00909719179264	0.0092198044885549	-0.0020536	0.00455813	2.07765490969e-05	4.21727296e-06	-0.00269787	0.0008740699999999	7.639983648999996e-07	7.278502536900001e-06	-0.000662075	2.408299999999994e-05	5.799908889999971e-10	4.383433056250001e-07	0.0	0.0	0.0	0.0	0.0	0.0	0.0	0.0	1.0	0.0	0.0	0.0	0.0	0.0	0.0
6070.184295692133	-14.595600666907558	36847137.3836674	213.0315588278324	12437.14061778288	-31.17767204976917	154682466.7465047	972.0472344429578	5450.710040370373	15.51227115517213	29710239.944194388	240.6305563915853	5609.35208621049	7767.97808369862	1.583799	60.889175	0.29558785	0.146154	0.0924975895	0.0621876078	-0.1991811206	-0.0167774148	-0.0816673149	-0.2311115096	-0.0857545671	0.2129399955	0.0764866408	-0.1378720317	0.0935210458	-0.0558595463	-0.0946531283	-0.159385792	-0.0623332371	0.0025319158	0.0106944598	0.1266088574	-0.010724197	-0.0684841433	0.1397457173	-0.142640324	0.08733437	-0.06742095	0.0542413789	0.0466249454	0.1113217546	-0.0288440617	-0.0871061687	0.0971791661	-0.015249806	0.0892174461	0.0183269569	-0.112676222	0.0363033859	0.0306627519	-0.0512313253	0.040799919	-0.0715924237	-0.2116189459	0.065737174	-0.0382951092	0.0775097096	-0.068338354	0.0558526388	0.0173844322	0.0308687273	-0.0034520617	0.0337246472	0.0309633296	-0.0776840224	-0.0562699794	0.1370186546	0.2445123328	-0.1421795655	0.0629489416	-0.0394193293	-0.0798786243	0.1028658106	-0.111227447	-0.1175104515	-0.0702853188	0.0866581303	0.0341497165	-0.0148273204	0.08154455	0.092898313	-0.1746625877	0.1127506429	-0.0013753622	-0.0916470185	-0.0128387077	0.1112520564	-0.0806671822	-0.0578906369	0.0429622926	-0.0363349063	0.08100992	0.0867159362	0.1107465178	0.008098803	-0.0292179918	-0.0004754514	-0.0794956873	0.2076812539	0.0128132603	-0.0036259193	0.0287748935	-0.0717877117	0.0957566417	-0.0434266131	0.0892558336	0.0731779092	-0.0417751653	-0.0444134116	0.1877811618	-0.0638939808	0.0071571127	0.1758476291	-0.0134618896	-0.1211126101	0.0397513735	0.1124839207	-0.0641678585	0.0	0.148007	-0.0235229999999999	0.021906072049	0.0005533315289999	0.0152177	0.1089306	0.01186587561636	0.00023157839329	-0.0382349	0.0571442999999999	0.00146190757801	0.0032654710224899	-0.000756602	0.001296998	1.6822038120040004e-06	5.72446586404e-07	-0.00211986	0.00057801	3.340955601000004e-07	4.4938064196e-06	-0.000417284	0.000244791	5.9922633681e-08	1.7412593665600006e-07	0.0	0.0	0.0	0.0	0.0	0.0	0.0	0.0	0.0	1.0	0.0	0.0	0.0	0.0	0.0
6020.993502284438	-49.1907934076944	36252362.75455143	2419.7341560784707	12365.677482465564	-71.46313531731539	152909979.6003559	5106.97970938093	5430.82842043463	-19.88161993574249	29493897.332200497	395.2788112693133	5591.235943288954	7599.828162814438	1.37032	52.681965	0.21676095	0.1401	0.0398556696	-0.0276408703	-0.0832301367	0.0114580312	0.045506166	-0.0707458378	0.0111922992	0.0726201079	-0.0617389758	-0.0514473864	0.0527998268	0.0118451293	0.0744020667	-0.1168567621	-0.0291805615	-0.1242780651	0.1459103573	-0.0094900867	-0.1693427202	0.0389941347	0.0042881671	-0.0749580806	0.0047106453	-0.0176305538	-0.0405738953	0.1159798805	-0.002788959	-0.0392909404	-0.0166780488	0.080760334	-0.0777377182	-0.0073437422	-0.0052259832	0.1116567596	0.031569968	0.040970828	0.1364145251	-0.0540953947	0.1127550676	-0.0544647794	-0.009507788	0.1911022619	-0.0165955419	0.0255224535	0.0169327792	0.0354497427	-0.0365492037	-0.0660183423	0.0074678333	0.0249264738	0.0017147718	-0.1120797374	-0.0327585075	-0.0346015169	-0.0593890499	0.0636471312	0.0768449572	0.0173252802	0.0575273973	-0.1062057714	0.1052060296	0.0165590996	0.075568577	0.1322203277	0.0857248511	0.1210927856	-0.0274648304	-0.0714536723	0.0395192545	0.0644220901	-0.0666206922	-0.0159298489	-0.0470327303	-0.0447187726	-0.0266402052	0.0422370082	-0.0855293891	-0.094825701	-0.0846620735	-0.0346017474	-0.1750675923	0.0146699756	0.0201826662	0.0532797819	0.0820772983	-0.0667459149	-0.1413393561	-0.0823530039	-0.0414707981	0.0010449828	0.0488979733	-0.0705168735	-0.0781433047	-0.0810117724	-0.004858283	-0.0121896081	0.0357552266	0.13847323	-0.0404428389	-0.0164373979	-0.1196780832	0.0481574848	0.1069141789	-0.0764945617	0.0	0.152297	0.0042899999999999	0.0231943762089999	1.84040999999999e-05	-0.0810069	-0.0962246	0.00925917364516	0.00656211784761	-0.0275546	0.0106803	0.00075925598116	0.00011406880809	-0.00239956	-0.001642958	2.699310989764e-06	5.757888193599999e-06	-0.00249053	-0.00037067	1.3739624890000006e-07	6.2027396809e-06	-0.000319591	9.769300000000004e-05	9.543922249000008e-09	1.02138407281e-07	0.0	0.0	0.0	0.0	0.0	0.0	0.0	0.0	0.0	0.0	0.0	0.0	0.0	0.0	0.0
5988.788672009401	-32.20483027503724	35865589.757988125	1037.1510930439551	12319.705649172956	-45.9718332926077	151775147.28226405	2113.4094562833134	5433.373433187621	2.5450127529911697	29521546.86446904	6.477089912887693	5593.9755425491	7321.743982148498	1.254093	48.213627	0.07818072	0.0437424	0.0233039805	-0.0984953861	-0.0413299709	0.0404031187	0.0941562148	-0.0811915521	-0.0454812713	0.1369550178	-0.0316252323	-0.0507843838	0.0615480586	0.0537646309	0.0980357716	-0.156243623	-0.0317990268	-0.0951063717	-0.1673810337	0.0787106785	-0.068848969	0.1086889936	0.0281691851	0.0895850428	0.1230170469	0.0675530287	-0.1334211884	-0.0751489188	-0.0353506781	0.1652541427	-0.0574159434	-0.1308730807	0.1120685151	0.0159741513	-0.0105782177	-0.1779742171	0.021070386	0.0268039661	0.1100260907	0.0326625607	-0.0173032608	-0.0596277193	0.0647895521	0.0010252525	-0.0201109362	0.0940423848	0.0569745348	0.1421573297	-0.0614399139	0.0903692521	0.0055109058	-0.0488403367	0.1363513039	0.1223684843	0.1138293278	0.0807432713	-0.0572707583	0.0809644989	0.1110637909	0.0594478029	0.0445121079	-0.1350580097	-0.0512050542	-0.177222964	-0.0085516955	0.1094717521	-0.0003606123	-0.0416198531	0.0576092392	-0.0195351777	-0.1629445018	-0.061265627	0.1713058058	0.1759195106	-0.0316127637	0.0036204322	-0.0429388464	-0.0653697294	0.0956474116	0.1638651763	0.0828328327	-0.1053401287	-0.1099939832	-0.0014331098	-0.0395470617	-0.0275792921	0.0731037366	-0.0333152551	-0.0025603912	0.0734814756	-0.04388586	-0.0482518865	-0.1347533331	0.0557888065	-0.1707873561	0.0119718528	-0.0643361239	0.0277667893	-0.1601582361	-0.1476937877	0.0873014604	-0.0194033074	-0.1179640426	0.0563105911	0.1003462082	-0.0877058019	0.0	0.148592	-0.0037049999999999	0.022079582464	1.3727024999999898e-05	-0.065357	0.0156499	0.00024491937001	0.004271537449	-0.00174658	0.0258080199999999	3.0505416964e-06	0.0006660538963203	-0.00291074	-0.00051118	2.613049924000004e-07	8.472407347600002e-06	-0.00260638	-0.00011585	1.3421222500000056e-08	6.793216704400001e-06	-0.000352917	-3.3326000000000026e-05	1.1106222760000015e-09	1.24550408889e-07	0.0	0.0	0.0	0.0	0.0	0.0	0.0	0.0	0.0	0.0	0.0	0.0	0.0	0.0	0.0
5971.242672954792	-17.54599905460873	35655739.05931629	307.8620828243304	12305.158323927984	-14.547325244971944	151416921.37693417	211.62467178299804	5416.284927828372	-17.08850535924921	29336142.419420797	292.01701541308904	5578.720684623878	7282.22759514202	1.093091	42.023891	0.06919867	0.0363125	0.0046833468	-0.1195662449	0.0004393058	0.04200009	0.1178713401	-0.0178894969	0.0477273163	0.0698732103	-0.0831767534	0.0083778731	0.0128357958	-0.0106796359	0.1456299091	-0.0130076166	-0.0656562569	-0.113051276	0.0772732451	-0.0400600288	-0.0854640289	-0.0526712629	-0.0515067335	-0.0076478462	0.0637284389	0.0269446201	0.1474331639	0.0741547148	0.0195369619	-0.0307135128	0.1237246992	0.1344687306	0.0445695852	-0.1210941053	-0.0671447274	0.0139327175	0.1406302567	-0.0896490122	0.045434849	0.024262839	-0.0115946422	-0.1106957887	0.2123751388	-0.0385085019	0.2033501121	0.145815965	0.1139440847	0.1180424242	-0.0763338524	-0.0831805649	0.0156570811	-0.0508616781	0.0711976059	0.0377683267	-0.1476502133	-0.0421975194	0.001191365	0.0496169147	0.1515428417	0.0323023214	0.0681856074	-0.0098257123	0.1452449841	0.006787669	0.0359155445	0.0320600743	-0.027185438	0.0766150079	-0.0619846287	-0.0307451222	-0.0420720225	-0.0376575727	-0.1453251295	-0.0210127008	0.0535944159	0.1551660374	0.0624481264	0.077596371	-0.0692413561	0.0714571527	-0.0829103081	0.1206981572	-0.0623853488	-0.1606582006	-0.0419818894	-0.0403424336	0.1686147744	-0.1877346211	0.1537358421	-0.1042826745	-0.1007556455	-0.0346872162	-0.0909849413	-0.0390102705	-0.1212648956	-0.0764891316	0.0200801529	-0.1383602017	0.0749435178	0.0053948485	0.0009488882	-0.0223578858	-0.1159744915	0.0641678585	0.092841332	-0.0976380941	0.0	0.14998	0.001388	0.0224940004	1.926544000000001e-06	-0.0829295	-0.0175725	0.00030879275625	0.00687730197025	-0.0114289	-0.00968232	0.00013061975521	9.374732058240002e-05	-0.00317546	-0.0002647199999999	7.007667839999999e-08	1.00835462116e-05	-0.00313679	-0.0005304099999999	2.813347680999998e-07	9.8394515041e-06	-0.000368904	-1.5986999999999967e-05	2.555841689999989e-10	1.36090161216e-07	0.0	0.0	0.0	0.0	0.0	0.0	0.0	0.0	0.0	0.0	0.0	0.0	0.0	0.0	0.0
5941.511303412983	-29.731369541809727	35301556.56858424	883.9543348316511	12216.48751983307	-88.67080409491427	149242567.32223716	7862.511498838666	5413.259710057869	-3.025217770503332	29303380.6885358	9.15194255896915	5574.193259440001	7041.2463008000805	1.25483	48.241974	0.0854557780999999	0.0467987	-0.0090840758	-0.1660315316	0.0213820555	0.0746479987	0.1713490374	0.0067530914	-0.0012296024	0.0885692013	-0.0086135062	0.0046650419	-0.0699936372	0.0247685899	0.0642798761	-0.0432280745	-0.1850199167	0.0855253987	0.0535773641	-0.0442106393	-0.0096841431	0.0474078404	0.0273385834	-0.0654574312	-0.0995606664	-0.033721997	-0.2305036342	-0.0673106916	0.1463635549	0.0236239494	-0.0552377221	0.0835095722	0.0649018574	0.2010784717	0.1347857939	0.0007532717	-0.0957802023	-0.0545329709	0.0864416182	0.137219895	0.0667687855	-0.0485032301	0.0605391556	-0.121739861	0.0813181965	0.1000262442	-0.1390640482	0.0506701209	-0.0012032028	0.0555082461	-0.0598997018	0.0625810956	-0.0606450472	0.2160252632	-0.1385519359	0.0331364139	-0.0011945696	-0.0261796103	0.12826427	0.0549769886	0.1406104306	0.0243494083	-0.0814462636	0.027574193	-0.0490366103	-0.0189418945	0.1106103289	0.0547126925	-0.0169824146	-0.0148033303	0.1225172381	0.177707199	0.1506831417	0.0434178708	0.0422890761	-0.1772100478	-0.019112459	0.1432286833	0.15274508	-0.0868388122	0.1125242699	-0.1088549966	0.0076233093	-0.0340995414	-0.0675499839	-0.1465417629	0.109088696	-0.054715605	0.1545798111	-0.0641471439	0.1341905964	-0.071734857	-0.0533486754	0.0181577163	0.0073692389	0.0957247962	0.0109286044	-0.0682876668	0.180615958	-0.1789897361	0.0817211819	-0.0252994078	-0.1137140766	0.0716880071	0.0844696213	-0.106146603	0.0	0.177775	0.0277949999999999	0.0316039506249999	0.0007725620249999	-0.0807867	0.0021428	4.591591840000001e-06	0.00652649089689	-2.83219e-05	0.0114005781	8.0213001961e-10	0.0001299731810141	-0.00354552	-0.0003700599999999	1.369444035999998e-07	1.25707120704e-05	-0.00362621	-0.00048942	2.395319364e-07	1.31493989641e-05	-0.000391772	-2.2868e-05	5.22945424e-10	1.53485299984e-07	0.0	0.0	0.0	0.0	0.0	0.0	0.0	0.0	0.0	0.0	0.0	0.0	0.0	0.0	0.0
5919.3200528033	-22.19125060968236	35038349.88751926	492.45160362172754	12211.208429204502	-5.279090628568156	149113611.30147508	27.868797864636125	5403.455257639819	-9.80445241804955	29197328.721315403	96.12728721779769	5562.041864986014	6841.009300769231	1.037064	39.869953	0.0802909518999999	0.0375616	-0.0612367603	-0.1652579801	0.1292465826	0.0375567424	0.1883208821	0.1079818513	0.0664437498	-0.0235413252	-0.0053282897	0.0353670163	-0.0654988343	0.0516822425	0.1888315855	-0.025032454	0.0939125277	5.75687e-05	0.0372530396	-0.0140032353	-0.030519792	-0.0080634917	-0.0280317163	-0.0339172419	-0.247822401	0.0064896603	-0.1215616592	0.0324259315	-0.0123576031	-0.0177964601	-0.0857995607	0.0291662432	-0.0471520663	0.0705556747	0.0931758626	-0.0023592483	0.1386306513	-0.0439813362	-0.0881529488	-0.0355031246	0.0072219716	-0.1623440024	-0.1129723915	-0.0060418135	-0.0562394865	-0.051351344	0.0365259808	-0.0811313301	0.1214857609	-0.0951991635	0.0457245039	0.064693122	0.1361243449	-0.0300618572	-0.1516061598	0.0343664315	0.030595282	-0.0370767096	0.1410036823	0.0808840295	-0.1011460693	-0.0611682777	0.0268717697	0.0774680999	0.0124638364	0.0030753259	0.0203750371	0.0793840367	-0.0217315593	0.1731583216	0.1061672869	0.1150353737	0.0635509874	0.0004470875	-0.0883209985	-0.0824448041	-0.0975502731	-0.0130077652	-0.0031860993	-0.0565882868	0.0734204993	0.0812734465	-0.0408130133	-0.1503078613	0.075297697	0.0180263369	0.1151803738	0.1704555063	-0.0300482602	0.023704929	0.0084627653	0.0526858333	0.0054741421	-0.1668551476	0.147940018	-0.0356269881	-0.0702473225	-0.1059514118	-0.0240317988	0.0890895936	0.0171462218	-0.0282261557	-0.1111880772	0.0788315284	0.0753092405	-0.1131072554	0.0	0.187046	0.009271	0.0349862061159999	8.595144100000003e-05	-0.066217	0.0145697	0.00021227615809	0.004384691089	0.00479683	0.0048251519	2.30095780489e-05	2.3282090858073613e-05	-0.00410389	-0.0005583699999999	3.1177705689999984e-07	1.6841913132099997e-05	-0.00386791	-0.0002417	5.841889000000003e-08	1.49607277681e-05	-0.000624204	-0.0002324319999999	5.402463462399999e-08	3.8963063361600005e-07	0.0	0.0	0.0	0.0	0.0	0.0	0.0	0.0	0.0	0.0	0.0	0.0	0.0	0.0	0.0
5960.29289960295	40.97284679964923	35525091.44905733	1678.7741748675264	12239.667705551774	28.459276347271956	149809465.54232702	809.9304102103928	5401.50514777116	-1.9501098686587284	29176257.861398347	3.8029284998401622	5554.462036620197	6895.989285523931	1.129317	43.416615	0.0742207099999999	0.0380479	-0.0702547952	-0.0772911447	0.172831402	0.0217671706	0.1129644282	0.1022795969	-0.0122123331	-0.0392469798	0.1363790857	0.0821434969	-0.0706588953	0.098628382	-0.0314018179	0.016391238	-0.0374524584	0.0036942879	-0.0780120051	-0.0551919266	-0.0417292398	0.0970708131	0.1532762284	-0.0433059892	-0.140775015	-0.0791868324	0.0670934821	-0.1289871165	-0.0365916369	-0.064049653	0.0721244064	-0.1099263629	-0.0823093324	-0.0279862177	-0.1519574475	0.1092992172	0.0181170137	-0.1070600776	0.101834621	-0.0428031558	0.1222919674	0.0383628314	0.024096004	0.0964914549	0.0366739987	-0.1353637016	0.1068735168	-0.0971619364	0.0691672296	0.0713196403	0.0583758126	-0.139327146	0.0214015851	0.0237375399	-0.0588115259	-0.0831448934	0.0870479787	-0.0624440398	-0.0333870501	0.0997834333	0.013679013	0.036779697	-0.0063274522	-0.0472269472	-0.1094519865	0.0526640598	0.074061216	0.0614414631	0.1523702035	0.0948871072	0.0946671183	-0.0744627357	0.0459281616	-0.1073977796	0.0209793631	-0.0117065153	0.1299717756	-0.1324974004	-0.0562868435	-0.0489572902	-0.1451829279	-0.1471697624	0.0103901966	-0.0369568337	0.0103995052	0.0801666095	-0.0135520106	-0.1114232278	-0.06144877	0.0151767242	-0.1042402991	0.1207247224	0.1084102195	0.06767469	0.0790226696	0.0576001949	0.0223358438	-0.1944613475	-0.0585598805	-0.0383617282	-0.0620510556	-0.0311364203	-0.108402393	0.0855608924	0.0654457176	-0.1184185493	0.0	0.18164	-0.0054059999999999	0.0329930896	2.9224835999999936e-05	-0.0394315	0.0267854999999999	0.0007174630102499	0.00155484319225	0.00137832	-0.00341851	1.8997660224e-06	1.1686210620100002e-05	-0.00466372	-0.0005598299999999	3.1340962889999985e-07	2.17502842384e-05	-0.00401973	-0.00015182	2.30493124e-08	1.61582292729e-05	-0.00056364	6.056399999999993e-05	3.6679980959999915e-09	3.176900496e-07	0.0	0.0	0.0	0.0	0.0	0.0	0.0	0.0	0.0	0.0	0.0	0.0	0.0	0.0	0.0
6030.352310037943	70.05941043499388	36365148.98317997	4908.320990498929	12341.253060476103	101.5853549243293	152306527.10271078	10319.584335101954	5423.572672760993	22.06752498983224	29415140.536719818	486.97565917687024	5574.624408705206	7357.401499721574	1.367493	52.573292	0.1081510699999999	0.0620815	-0.0592691416	0.0563656961	0.1143949449	-0.0450534997	-0.0235302282	0.1240509006	0.0544055866	-0.081413816	0.0255285878	-0.0079741255	-0.1284716894	0.024280628	-0.0357817176	0.0571020113	-0.1926393573	0.0697122079	-0.0356068894	0.0754559021	0.070132419	0.0903798275	0.0568524627	-0.051284057	0.0161588277	0.0276409947	0.019844744	0.1017783546	-0.1813813444	0.0451467865	0.0553200433	-0.0469856814	0.0888284084	0.0686178169	-0.0358723174	0.0624902988	0.1304329314	0.1018685011	-0.2517407837	-0.0174553026	-0.1121950804	0.1270642268	-0.0343544773	0.0485484901	0.0194420915	0.177091175	-0.0676219868	0.1372470467	0.1633357345	0.0904150857	0.0535556781	-0.0170395498	0.1541388017	0.0029300079	0.0392547361	-0.1237040117	0.0043195118	-0.1204136903	-0.0268048323	0.0445416202	0.1304024507	0.1326822911	-0.1138660068	-0.0572003393	-0.0142359332	-0.0681087508	0.0893020071	0.0482048422	0.0569978028	0.011334637	-0.0320579443	-0.0321701899	-0.0335283393	0.0553948685	-0.2012261161	0.0621991731	0.0689360055	-0.0514801951	0.0873821423	0.0509297462	-0.0569928636	0.2127048378	0.0486200901	-0.017606305	0.1805783899	-7.25657e-05	-0.1410468591	0.0595072331	-0.0092865204	-0.1656183739	0.0683106207	-0.1851121346	-0.2135938877	0.0589390534	0.016365027	-0.0345690365	-0.0918213251	-0.0658850844	-0.1451648874	-0.0178431829	-0.1463141433	-0.0340285022	-0.1053635299	0.0918407451	0.0549711457	-0.1220030341	0.0	0.168281	-0.013359	0.0283184949609999	0.000178462881	-0.0335249	0.0059065999999999	3.4887923559999975e-05	0.00112391892001	-0.0172762	-0.0186545199999999	0.00029846708644	0.0003479911164303	-0.00438542	0.0002782999999999	7.745088999999977e-08	1.92319085764e-05	-0.00302893	0.0009908	9.8168464e-07	9.1744169449e-06	-0.000699159	-0.0001355189999999	1.836539936099999e-08	4.888233072809999e-07	0.0	0.0	0.0	0.0	0.0	0.0	0.0	0.0	0.0	0.0	0.0	0.0	0.0	0.0	0.0
6047.745786345626	17.39347630768225	36575229.09626127	302.5330180659037	12360.263089141868	19.01002866576528	152776103.63280287	361.3811898732175	5456.9143088872615	33.341636126268895	29777913.77453854	1111.664699576519	5610.873635111548	7643.601384413459	1.196339	45.993259	0.09425385	0.0465073	-0.0124202016	0.0800210806	-0.0041436182	-0.0308235421	-0.0332048505	0.0480940882	0.0143910607	0.0274405301	-0.0323493253	-0.1585273317	-0.0445207785	-0.0320874546	-0.12941964	0.1352354763	0.0528548446	-0.0648116324	-0.0768512997	-0.0800129178	0.1279994812	0.0483460444	0.0558919632	0.2042186219	0.0402195999	-0.0831560061	-0.1225348187	-0.0444337899	0.0342013963	-0.1492421201	-0.0324800713	-0.0776291514	0.0290246813	0.0369175787	-0.1084880074	-0.0029651736	0.1604417707	-0.1678985183	0.0771035829	-0.0136915115	0.0918708232	0.085234395	0.1207113978	-0.1418561214	0.0046661548	-0.0831345768	-0.1788133736	0.0190157065	-0.0053458517	0.0477613751	-0.0782422553	-0.0891645855	-0.0268504277	-0.0403134617	0.0704166346	0.0853176649	-0.1533965734	-0.0464878538	-0.0843316201	-0.006090187	-0.0486405331	0.1149126896	0.079616655	-0.0659501976	-0.046282198	-0.0290894923	0.009120904	-0.2879924607	0.1002589366	-0.059536315	0.0370787738	0.0422520726	0.0960703158	-0.0808582011	0.0334587722	0.0276327739	-0.0435844335	-0.1020235971	0.0462961544	-0.009567975	-0.0325447615	-0.1613715466	2.05556e-05	-0.212406759	0.061043378	0.0373085203	-0.0538735598	-0.1435920103	0.1266841086	0.081596146	0.1704722807	0.0656949314	-0.0150752536	0.0875421585	-0.0038695152	0.058507664	0.0960391635	0.0251656692	-0.0259077577	0.0800481428	0.0680453474	-0.0369007123	-0.1020785854	0.0976380941	0.043983323	-0.1238084399	0.0	0.183292	0.015011	0.033595957264	0.000225330121	-0.0518548	-0.0183298999999999	0.0003359852340099	0.00268892028304	-0.0445527	-0.0272765	0.00198494307729	0.00074400745225	-0.00434089	4.453000000000009e-05	1.982920900000008e-09	1.88433259921e-05	-0.00356543	-0.0005365	2.878322500000001e-07	1.27122910849e-05	-0.00060746	9.1699e-05	8.408706600999999e-09	3.690076516e-07	0.0	0.0	0.0	0.0	0.0	0.0	0.0	0.0	0.0	0.0	0.0	0.0	0.0	0.0	0.0
6016.575191674566	-31.17059467105992	36199177.03707384	971.6059721475089	12337.294085332453	-22.96900380941588	152208825.34797913	527.5751359969612	5431.639674016242	-25.27463487101977	29502709.548347265	638.8071678633686	5587.973333962772	7304.4051811403215	1.423807	54.738297	0.120271902	0.0640889	-0.0507534203	0.0039011723	0.0054116275	-0.0466727432	0.0233706504	0.098700693	0.0582005926	-0.0268477047	-0.0920194203	-0.0768830958	-0.0829509306	0.0627676742	0.0457278084	0.0294983402	0.1372868299	0.0450542886	-0.140717629	0.135299827	0.0484260069	-0.0353827614	-0.0605065439	-0.1487591492	0.0464687109	0.0444196377	-0.2011253259	0.1296659407	-0.1614459786	-0.0637557888	0.1002181613	0.2131792726	0.0007633659	-0.0366023591	-0.0518038954	-0.164689837	-0.0690099997	-0.0112898304	0.0248931367	-0.0627297734	-0.0137341862	0.2205531262	-0.1419883296	-0.0910352425	-0.0930938151	0.1779932449	0.0186117547	-0.0760778133	0.1505891151	0.0226046469	0.1046451478	0.0822553251	-0.0106044028	-0.0702213068	-0.1032632278	0.0370593277	-0.0779917781	-0.0663113948	0.0545657224	0.0682270664	-0.1980892783	-0.0109194973	-0.1527643951	-0.1038458726	0.0541813714	-0.009689164	-0.0349909449	0.0057081253	-0.073516835	-0.1166002033	0.0123200099	0.1474619175	0.0737473673	-0.0980697038	-0.180965071	0.1131024264	0.0126207759	0.1645367965	-0.1200547972	0.1615368158	0.0899988895	-0.0583469915	0.006128641	0.0484262764	-0.0154384399	0.14018061	-0.1950217926	0.1042251911	0.0730454191	-0.0328892778	-0.0417623791	-0.2238655784	-0.0228069931	-0.0574039811	0.1764736173	0.0275742589	-0.160431549	-0.032276839	0.0637020801	0.0343181267	0.0604627512	-0.0397513735	-0.0985552316	0.1029224817	0.0325848399	-0.1238084399	0.0	0.179112	-0.00418	0.0320811085439999	1.747240000000014e-05	-0.0103529	0.0415019	0.00172240770361	0.0001071825384099	-0.000654048	0.043898652	4.2777878630400005e-07	0.0019270916474171	-0.00385851	0.00048238	2.3269046440000013e-07	1.48880994201e-05	-0.00356543	0.0	0.0	1.27122910849e-05	-0.000476013	0.0001314469999999	1.7278313808999995e-08	2.2658837616900002e-07	0.0	0.0	0.0	0.0	0.0	0.0	0.0	0.0	0.0	0.0	0.0	0.0	0.0	0.0	0.0
6035.766112066342	19.19092039177667	36430472.55956845	368.29142548350967	12371.247291047182	33.95320571472985	153047759.53624225	1152.8201783067636	5410.851054854699	-20.78861916154256	29277309.13782221	432.1666866436543	5564.880483031472	7560.238128150649	1.299616	49.963776	0.134831052	0.0794108	-0.0367271429	0.0404637275	0.0132514259	-0.0395506423	0.0050187056	0.0731007321	0.0204202316	0.0426182248	-0.0236862376	0.0310679149	-0.0504801491	0.0262132104	-0.0613287632	0.0448231245	0.1234095493	-0.049373378	-0.0068178395	-0.0176363052	0.0750875355	-0.0858872514	0.0188646354	-0.0001336916	0.0881423486	-0.0203912956	0.0286035762	0.0741586263	0.1001209709	-0.1840335077	0.0717842486	-0.0265340645	-0.1091988255	-0.0885458636	0.0154103072	0.0119593094	-0.1316302376	-0.0126463337	-0.0391111274	-0.0620091779	-0.0441586578	0.1066316464	0.0290423897	-0.0191718298	0.1165018808	-0.0059503282	-0.0983169634	-0.0189447702	-0.1715107799	0.0995454228	-0.0315257497	-0.0176437228	-0.0415255421	0.1392118239	-0.1812286366	0.0537963913	0.0340399409	-0.0448844338	-0.0385532467	0.0304809388	-0.1051834705	0.002196207	0.0515115258	-0.0134114308	0.0366058034	-0.0490212374	-0.082326353	-0.0852379693	0.0122507078	-0.1298994942	0.0286084681	0.0459459849	-0.0841346913	-0.0893601453	0.1003419528	0.0828117216	0.0259196173	-0.0664387266	-0.0888822387	-0.0891172118	0.0529173441	0.0273877104	0.0719612203	0.0743954451	-0.1290037828	0.0670705239	-0.0656566521	-0.0203493347	0.0920336167	-0.1471248698	0.1219359731	0.021343297	0.0874446854	0.0092676647	-0.1197777213	0.0828948652	0.0036728911	-0.137702043	0.1191419824	-0.081786049	0.1056683509	-0.042578821	-0.0948016975	0.1076661454	0.0208821209	-0.1220030341	0.0	0.186247	0.007135	0.034687945009	5.090822500000004e-05	-0.0817486999999999	-0.0713957999999999	0.0050973602576399	0.0066828499516899	-0.0281465	-0.027492452	0.00079222546225	0.0007558349169723	-0.00396302	-0.00010451	1.0922340100000075e-08	1.57055275204e-05	-0.0039006	-0.00033517	1.1233892890000008e-07	1.521468036e-05	-0.000612489	-0.000136476	1.8625698576000004e-08	3.751427751210001e-07	0.0	0.0	0.0	0.0	0.0	0.0	0.0	0.0	0.0	0.0	0.0	0.0	0.0	0.0	0.0
6005.062885541358	-30.70322652498453	36060780.2593063	942.6881190445137	12340.193951203752	-31.05333984343088	152280386.75332567	964.3099154316116	5405.990425082354	-4.860629772345419	29224732.476082087	23.62572178381068	5561.093909241321	7306.286811832188	1.19607	45.982948	0.09156704	0.0513248	-0.0716428353	0.0156167701	0.0504185471	-0.0516036156	0.0413264655	0.0984577715	0.0167266169	-0.0032830843	-0.0762467742	0.0354307084	-0.0639093178	0.0091374033	0.0190154619	0.0600296072	0.0409916468	-0.139299759	0.0671055479	-0.149580236	0.1932962254	0.0995783033	0.033629212	0.0259192957	-0.0570302134	0.1477538426	-0.0492523317	0.0156785225	-0.0855127822	0.184839442	0.0096634606	-0.0225185122	0.0670057547	-0.0824481087	-0.0634433828	-0.0444724181	-0.0817541646	0.1130554018	-0.0493233281	0.2611567918	-0.1295430089	-0.0134115457	-0.0191254091	0.1468159148	0.0211127267	-0.0208938426	-0.1290349273	-0.0892224855	-0.1425257438	-0.014719394	0.0290464224	0.1389374447	0.274247614	0.0539387183	0.0440893524	0.1372643087	0.0390335573	-0.0555843454	0.0008567095	0.0382414927	-0.026738233	0.0198145709	0.2027104455	-0.0118001386	0.0003174793	-0.2038004106	0.0784689883	-0.0180015229	0.0926191846	0.0726665795	-0.1444999229	0.0749499971	0.0536073191	0.1098361923	-0.1277523893	0.0367989605	0.0434050668	0.0010270362	-0.0321794061	0.1444724166	-0.0343593302	0.0274015417	0.0114982702	0.0488413415	-0.1224243539	-0.2933978575	-0.032787551	0.0938855565	-0.094314088	-0.0797198089	0.122514234	0.0368507593	0.096582691	-0.0890118788	-0.1307270249	-0.0370387227	-0.1330313044	0.099516957	-0.1847998551	-0.0640969656	0.1366763508	-0.0453814036	-0.0908267497	0.1118441635	0.0089844312	-0.1184185493	0.0	0.180996	-0.005251	0.032759552016	2.757300100000006e-05	-0.0385364	0.0432122999999999	0.0018673028712899	0.0014850541249599	-0.00442141	0.02372509	1.95488663881e-05	0.0005628798955081	-0.00416016	-0.00019714	3.8864179600000074e-08	1.7306931225600002e-05	-0.00399105	-9.045000000000017e-05	8.18120250000003e-09	1.5928480102500003e-05	-0.000512506	9.9983e-05	9.996600288999998e-09	2.626624000360001e-07	0.0	0.0	0.0	0.0	0.0	0.0	0.0	0.0	0.0	0.0	0.0	0.0	0.0	0.0	0.0
6029.036733030339	23.973847488980937	36349283.92822914	574.7453634249175	12361.855181328145	21.661230124393114	152815463.5241295	469.2088905019157	5418.169074116974	12.17864903462032	29356556.11571759	148.31949230845848	5570.922776330891	7331.063758419053	0.965457	37.117001	0.0492120799999999	0.0229396	-0.0743204077	0.0521451933	0.0760332839	-0.0515094853	0.0157678667	0.103900798	0.0004687815	-0.0231286188	0.0473976205	0.0127693053	-0.1546463596	0.1585628545	0.0142148553	0.0512188265	0.1807591017	0.067340581	-0.055645858	-0.012062792	-0.063024345	-0.0110136804	0.0503389531	0.0566088037	-0.0063541587	-0.1397838744	0.1424254598	-0.0074438134	-0.0469903541	-0.0340490585	0.084455677	-0.0029772389	0.1539352679	0.0373301411	0.0397377176	0.0255695735	-0.0579313266	-0.0566078603	-0.1370143919	-0.0045314857	0.1465427182	-0.1342843392	0.0429852151	0.0800915761	0.062388234	0.0246135871	-0.0103206035	-0.0453248485	0.0744057956	-0.0820399425	-0.0371322326	0.1528105562	0.0448120988	0.0308454907	0.099415228	-0.2230509173	0.0216734582	-0.1268200815	-0.026741355	0.1743791147	-0.1577022297	0.0195984781	-0.0267323912	0.086767772	-0.0666334642	0.0952375778	-0.0388381515	-0.0557549033	0.0660783864	0.0341067869	0.0640796679	-0.1716591018	-0.0656107619	-0.0675447055	-0.0293478122	0.1117870861	0.0308678457	0.0499196733	0.147656778	0.0039296744	-0.0269606537	0.0229196958	0.1087593592	-0.0083024676	0.0990911578	-0.027368326	0.1803329449	-0.0152436859	-0.0608145882	-0.1081143448	0.0458658809	0.0647758322	0.017775678	-0.1254751316	0.0568669814	0.0213346608	-0.0487653226	0.1324387049	-0.0057421624	-0.0556937587	-0.2409884714	-0.0481574848	-0.0866396718	0.1154345858	-0.0029971437	-0.1131072554	0.0	0.201766	0.02077	0.040709518756	0.0004313929	-0.0451329	-0.0065964999999999	4.3513812249999975e-05	0.0020369786624099	-0.00725164	-0.00283023	5.25862826896e-05	8.010201852900002e-06	-0.00423243	-7.226999999999928e-05	5.2229528999998955e-09	1.7913463704899998e-05	-0.00389916	9.189000000000027e-05	8.443772100000052e-09	1.52034487056e-05	-0.000728653	-0.0002161469999999	4.6719525608999995e-08	5.30935194409e-07	0.0	0.0	0.0	0.0	0.0	0.0	0.0	0.0	0.0	0.0	0.0	0.0	0.0	0.0	0.0
6032.634986064862	3.5982530345227133	36392684.8750938	12.947424900451914	12333.664224852631	-28.190956475513303	152119273.21140966	794.7300270042855	5430.15327827008	11.984204153105566	29486564.62550729	143.6211491833127	5580.008167432426	7477.80551046658	1.209538	46.50069	0.07192126	0.0309214	-0.0823968764	0.0818700336	0.0468195183	-0.0710919588	-0.0179264224	0.1441130793	0.0364069469	-0.0930106281	-0.0964016827	-0.0403616235	-0.107154863	0.0428301884	-0.1800151215	0.0524944059	0.0390446762	-0.059544294	-0.1432003696	-0.0125911037	-0.0161879936	0.0360800072	-0.2482251648	-0.0085530583	0.1924469872	0.2780408693	-0.0352285585	0.0564525952	0.0226705452	0.0503120116	-0.0299594461	0.0340214664	-0.1533890874	0.0583214968	-0.1614034461	0.0851766635	-0.0469957909	-0.0128689599	0.0595699752	-0.0571893856	0.0269736295	-0.1094593432	0.0668327132	0.0202026211	0.0362714553	-0.0644013547	-0.0788723651	0.1715150304	0.0285762158	0.0161509413	0.1361391882	0.1236904258	-0.1976814895	-0.1131748782	0.1090425199	0.0320588838	-0.0327362016	-0.1209838985	-0.1286652883	0.0378456969	-0.0641828409	0.0297482069	-0.0189080976	-0.1648289133	-0.0192362777	0.0257210668	-0.0378772471	-0.0893670272	-0.2311890007	-0.1019732381	-0.3096147072	0.1373462693	-0.0437873458	0.0183954904	0.0048269889	-0.1158805268	0.076049209	-0.0174975381	-0.1376235826	0.0064738545	-0.1009093649	-0.0947725523	0.0164998619	0.0147230016	0.0265127473	0.0478190809	0.0970267899	-0.0706066072	-0.0646558075	-0.0149797631	0.0307578446	0.0877908506	-0.1296246216	0.1441713347	0.0109313553	-0.1106257895	-0.1134493614	0.1879674284	0.114045884	0.1109297813	0.043354975	-0.0509054434	-0.0822502429	0.1184185493	-0.0149507351	-0.106146603	0.0	0.211317	0.009551	0.044654874489	9.122160100000008e-05	-0.0640061	-0.0188732	0.0003561976782399	0.00409678083721	-0.0157271	-0.00847546	0.00024734167441	7.183342221160001e-05	-0.00442533	-0.0001929	3.721041000000007e-08	1.95835456089e-05	-0.00356543	0.0003337299999999	1.1137571289999997e-07	1.27122910849e-05	-0.000902455	-0.000173802	3.020713520400001e-08	8.144250270250001e-07	0.0	0.0	0.0	0.0	0.0	0.0	0.0	0.0	0.0	0.0	0.0	0.0	0.0	0.0	0.0
6046.775804686044	14.140818621182008	36563497.63213655	199.9627512771678	12388.512554890947	54.84833003831591	153475243.32269064	3008.339307992027	5417.207679550902	-12.945598719177724	29346139.043385267	167.58852619797594	5573.034381752619	7581.368578366828	1.087141	41.795147	0.0606086	0.0277847	-0.0719642362	0.09615506	0.0432673572	-0.0709906216	-0.025442394	0.0944973974	-0.0276648521	0.0356079495	0.0373839733	-0.032260703	-0.0371693778	0.0627731472	-0.0481914848	0.0826266429	0.1262877586	-0.0553341342	0.0707369122	0.1332836995	-0.0155936147	-0.0176686645	0.2067880896	-0.0246428032	-0.0094352384	0.0194539155	-0.0152612505	0.0081427376	0.0644999382	-0.0624405965	0.0935365614	-0.1529667769	-0.1900111379	-0.1413709262	0.1168302448	-0.0426598752	-0.0173347918	-0.0419989233	0.0587328197	0.1379958995	-0.0835761485	-0.072946735	-0.0599816475	0.0468748357	-0.1277740056	-0.0548070831	0.1694615705	0.0514375418	0.0459227318	-0.0611691356	-0.1696153821	0.0217024179	-0.1546805381	0.0173834262	0.0511430709	-0.0667115622	-0.0335761123	-0.0498225432	-0.0451920406	0.0537506616	-0.1126285159	0.0334828028	0.0109943171	0.0302009067	0.1685807112	0.0615052349	-0.0259584555	0.0285716068	0.1822213666	-0.0260568722	0.0578832583	0.0520501557	0.0109431179	0.0256525041	0.0956096981	0.1035030197	0.1025006365	-0.1799374214	-0.1504983103	-0.131404382	0.1101851245	-0.0089323798	-0.0293851021	0.0354345996	-0.0699091657	-0.1254860222	0.0086444092	0.071251007	-0.1382850937	0.1066684721	-0.1745700799	-0.0091731333	-0.0674302527	-0.0785189601	0.062353845	0.0938846138	0.1885110585	0.0456095539	0.1515709329	-0.0528592933	-0.0662827079	-0.0536236746	-0.0776687148	0.1207803772	-0.0267647356	-0.0976380941	0.0	0.200568	-0.010749	0.040227522624	0.000115541001	-0.0589794	0.0050266999999999	2.5267712889999952e-05	0.00347856962436	-0.0282378	-0.0125107	0.00079737334884	0.00015651761449	-0.00443797	-1.2640000000000394e-05	1.5976960000000996e-10	1.9695577720900003e-05	-0.00399799	-0.0004325599999999	1.8710815359999985e-07	1.59839240401e-05	-0.000701211	0.000201244	4.049914753600002e-08	4.91696866521e-07	0.0	0.0	0.0	0.0	0.0	0.0	0.0	0.0	0.0	0.0	0.0	0.0	0.0	0.0	0.0
6024.734108453941	-22.041696232102368	36297421.07756831	485.8363727882757	12391.949974713169	3.4374198222212726	153560424.1757937	11.815855034199725	5398.09350156524	-19.114177985661627	29139413.45164088	365.3518000675516	5548.868071748737	7393.834058459218	1.199535	46.116138	0.0716302499999999	0.0397083	-0.1174223093	0.1148921699	0.108021623	-0.1106060864	-0.0573257531	0.16365409	0.0704639732	-0.0861826669	-0.0899305525	0.0527833018	-0.1263002252	0.0670813398	0.0460771929	0.1580276856	-0.065967309	-0.0611948817	-0.003361379	-0.0062180621	-0.0385695632	-0.0402358928	-0.2086366306	-0.0854839058	-0.0967994785	0.1212066232	0.0692719549	-0.2999000722	0.0981036824	-0.0963104875	-0.1797031262	-0.1040339842	-0.1857062121	-0.0326130825	0.0286741178	0.1107461849	-0.0503734223	-0.0181715857	-0.032808917	-0.0027379294	0.0701240384	-0.1222403326	-0.206521832	-0.0647912987	-0.0239079317	-0.0592919132	0.1434298678	0.026336256	0.0653142862	0.071997665	0.159622127	0.0878558958	-0.0437056225	-0.0110284782	-0.0288250887	0.0103749068	0.0601680021	-0.1172813605	-0.0033804103	0.0806284061	-0.021597877	0.1474116998	0.0870933891	-0.0289896131	-0.0092857724	-0.0285002964	-0.0440514834	0.1490873344	-0.2053923172	0.1566280002	-0.1030691873	-0.074831748	0.135833015	-0.1367918409	0.1927922107	-0.1473397798	-0.0957172773	-0.1459298166	-0.0729204706	-0.2217471994	-0.0725017284	-0.0814693553	0.058654562	0.0620795134	0.0333399975	0.0177045305	0.0799345342	0.2244609527	0.0306240721	0.0735879267	-0.1529394541	0.0575646583	-0.0134849374	0.0304509082	0.0837357379	-0.0457529322	-0.1742020567	-0.0107407307	0.0692744383	0.0096905858	0.0080539519	-0.0563105911	-0.0729057878	0.1225076612	-0.0383288409	-0.0877058019	0.0	0.197521	-0.0030469999999999	0.039014545441	9.284208999999964e-06	-0.0296307	0.0293487	0.00086134619169	0.0008779783824899	-0.0150475	0.0131903	0.00022642725625	0.00017398401409	-0.00488332	-0.0004453499999999	1.9833662249999978e-07	2.38468142224e-05	-0.00400962	-1.163000000000032e-05	1.3525690000000745e-10	1.6077052544400002e-05	-0.000765116	-6.390500000000006e-05	4.083849025000007e-09	5.854024934560001e-07	0.0	0.0	0.0	0.0	0.0	0.0	0.0	0.0	0.0	0.0	0.0	0.0	0.0	0.0	0.0
6104.086765329595	79.35265687565425	37259875.23867192	6296.844153225317	12440.920408276226	48.97043356305767	154776500.60506392	2398.103363353845	5415.978984805938	17.885483240697795	29332828.36385956	319.8905107532817	5568.919256474816	7583.212983515544	2.015059	77.46897099999998	0.55210604	0.314707	-0.016281755	0.1779749462	0.0399021833	-0.0761432706	-0.1480043045	-0.0305790952	-0.0937934019	0.0943818668	0.2844220038	0.0406145596	-0.1160884339	-0.0140524049	-0.0626401055	0.0740592092	0.094231292	-0.0178049527	-0.1233885044	0.010905119	-0.0465638699	-0.0808259768	-0.1474970639	0.0628246362	-0.0807337167	-0.1535700605	0.1542240794	-0.1672124239	0.0060694291	-0.0412528859	-0.1120445122	-0.0006864823	0.1405844451	-0.0528602021	0.0683214054	0.0715002648	-0.0246810211	0.082677879	-0.1018042004	-0.0254225197	0.0023817019	0.1407764701	0.1996471777	0.1439735028	-0.0428518496	0.0061624745	0.0815246841	-0.0340179723	-0.0422217141	-0.1496150198	-0.1610894759	-0.1262565663	0.1325035456	-0.0293239241	-0.1087564684	0.1362018952	0.0434582751	-0.118558893	-0.0344776991	-0.0060932266	-0.0896310707	0.036372957	0.0367178174	-0.0512297937	-0.0466713562	0.0370661756	-0.1207379938	-0.0816483053	-0.1302167007	0.1452887913	0.0971597846	-0.2153967758	0.035642544	-0.0785132079	0.0998992241	0.0118361306	-0.1180875107	0.0177326429	0.0969271376	0.0248394104	-0.0288734175	0.1341914471	0.0615273704	0.1061085817	0.0308774825	-0.0767399219	-0.0751084764	-0.2367117468	-0.0776662287	-0.1038371822	-0.0308338876	-0.0089845836	0.0427597159	-0.1950159118	-0.0339653726	-0.0195584871	0.1729013103	-0.112097014	-0.1128543397	0.0186853763	0.2001378662	-0.0589646239	-0.0679725859	0.1235913266	-0.0495350801	-0.0764945617	0.0	0.213497	0.0159759999999999	0.0455809690089999	0.0002552325759999	-0.184559	-0.1549283	0.0240027781408899	0.034062024481	-0.0810025	-0.065955	0.00656140500625	0.004350062025	4.32318e-05	0.0049265518	2.427091263808324e-05	1.86898853124e-09	-0.00264406	0.00136556	1.8647541136e-06	6.991053283600001e-06	-0.0007779389999999	-1.2822999999899953e-05	1.6442932899743415e-10	6.051890877208444e-07	0.0	0.0	0.0	0.0	0.0	0.0	0.0	0.0	0.0	0.0	1.0	0.0	0.0	0.0	0.0
6057.943169155453	-46.14359617414266	36698675.44071721	2129.231467882353	12160.773892491105	-280.14651578512166	147884421.66429326	78482.07030654342	5439.293664497842	23.31467969190362	29585915.56864636	543.5742891360632	5585.434396867561	7977.123236548074	2.572838	98.912804	1.69679996	0.883074	0.1867973745	0.163954588	-0.0564549567	0.1619605224	-0.2767085063	-0.1661968018	-0.6194215564	-0.1007489746	0.030429375	-0.1415508921	0.2974305007	-0.2376430106	-0.176849056	-0.0845985319	0.2968580195	0.1598293072	-0.151377385	-0.1497978946	0.0309374152	0.0144585105	0.0057381218	-0.0402757707	-0.2478051852	-0.0107274651	0.1383389536	0.0483141687	0.0460045432	0.2655128948	0.0903689699	-0.0542377381	-0.0541741601	-0.0765773571	0.0429004614	0.0189146916	0.0076705856	-0.0343557767	0.0175115271	-0.05926241	-0.0574779165	0.0310516808	0.0772225955	-0.0362301773	-0.0097458308	-0.0328851809	0.0874413082	0.0738437295	0.0716217157	-0.0707660646	0.1453188075	0.0045450463	-0.0885844105	-0.0268823018	-0.0262455541	0.0296591009	-0.1340436429	0.1913555527	-0.3465938747	-0.3272129542	-0.2426944915	-0.1814335843	-0.0189925359	0.0740142798	-0.2352521492	-0.0566399536	-0.0132215318	0.0438045965	0.0239855411	0.276969016	0.076088495	-0.0221670143	-0.0918195795	0.1919474969	0.0129578661	0.0778123649	0.0976050285	0.0577363299	-0.0567205042	-0.0094171446	0.0243854181	-0.0041657384	0.0085595557	0.0020860098	-0.0074575617	0.0405451248	-0.0383930699	-0.0876118881	-0.0133391703	0.0580834534	-0.1021857794	0.0210325081	-0.0615265062	0.0507505894	0.0733905832	-0.1413417209	-0.0890106507	0.0011506048	0.0941838647	0.0031870519	0.0264612777	-0.0615842229	-0.0628806309	0.1240256802	-0.0602788237	-0.0641678585	0.0	0.15915	-0.0543469999999999	0.0253287225	0.0029535964089999	-0.376427	-0.191868	0.036813329424	0.141697286329	-0.563346	-0.4823435	0.317358715716	0.23265525199225	0.00744693	0.0074036982	5.4814747036683246e-05	5.54567664249e-05	0.00664347	0.00928753	8.625821350090001e-05	4.41356936409e-05	-0.00345154	-0.0026736010000001	7.148142307201535e-06	1.19131283716e-05	0.0	0.0	0.0	0.0	0.0	0.0	0.0	0.0	0.0	0.0	0.0	1.0	0.0	0.0	0.0
6009.8314744501695	-48.1116947052833	36118074.351291895	2314.735167414385	12287.828151358852	127.0542588677472	150990720.6773271	16142.784696432516	5417.108241915293	-22.18542258254911	29345061.704626597	492.19297516628	5575.035754213349	7872.852079898994	2.176335	83.669228	1.1600901	0.65019	0.2220521921	0.0256555608	-0.1404181947	0.1174369108	-0.153404641	-0.2169764186	-0.019090479	-0.2899876754	-0.4033838656	-0.0977416778	0.297338349	-0.0587200119	0.0188299282	-0.0740687558	0.127314745	0.0709184137	0.0293928123	-0.1143913974	0.1411151293	0.0458908049	-0.1108599888	-0.1166650628	-0.114659603	0.1256390916	-0.064642335	0.0164225345	0.120407964	-0.0225983402	-0.1341074653	0.0114507578	0.1037431769	0.0405771756	-0.0168060595	0.043056857	-0.0128721568	0.0446599384	0.1181350811	-0.0058162808	-0.0527774429	0.0211679171	-0.1869975182	-0.0288314813	-0.0338941879	0.0661336969	0.1179660317	-0.0649116954	-0.1051701995	0.127054005	-0.1818032666	-0.1938247934	0.0830096036	0.001802131	0.1361143703	-0.1509758624	-0.1067819568	0.262686939	-0.0800641528	-0.1247003914	-0.1434623674	-0.1272834222	-0.0053548826	0.0517936293	-0.066584183	-0.1751586209	0.1118109943	0.066696648	-0.0855295983	0.0547514269	-0.0184870103	0.1682613258	0.0016551257	-0.0341948191	0.0739858636	-0.1277975167	-0.1060670426	0.0045215444	0.1146063913	0.0313883828	-0.0700662605	-0.0707193599	-0.1017183587	0.0121984062	-0.1013103374	0.0321769484	-0.0457042611	0.1532176413	0.0350317834	0.0315606301	-0.0950767381	-0.0859092892	0.0150493761	-0.0084963475	-0.1240600354	0.1064298153	0.1701366635	-0.0707485925	-0.1979415456	-0.0107800264	-0.1538017405	-0.0641678585	-0.0576418153	0.1238084399	-0.0704597601	-0.0509054434	0.0	0.0822033999999999	-0.0769466000000001	0.0067573989715599	0.00592077925156	-0.22271	0.153717	0.023628916089	0.0495997440999999	-0.402415	0.160931	0.161937832225	0.0258987867609999	-0.00291519	-0.0103621199999999	0.0001073735308943	8.498332736099999e-06	0.00230921	-0.00433426	1.8785809747600004e-05	5.3324508241e-06	-0.00277801	0.0006735299999999	4.536426608999998e-07	7.717339560100001e-06	0.0	0.0	0.0	0.0	0.0	0.0	0.0	0.0	0.0	0.0	0.0	0.0	1.0	0.0	0.0
6002.800521947995	-7.030952502174841	36033614.10629912	49.43429308783866	12315.955113316397	28.126961957545063	151682750.3532243	791.1259889611872	5426.584107096857	9.475865181564586	29447815.071396194	89.79202093918805	5589.263441365629	7705.612979678494	1.819683	69.957733	0.67770525	0.301975	0.1146810663	-0.0741977546	-0.0837647267	0.0857897566	0.0312847461	-0.1960406282	-0.0492130966	0.0344755478	0.0909536267	-0.079408361	0.1727932229	-0.0944803623	0.1623581324	0.1085379016	-0.0752119818	-0.0005703541	-0.1516268861	-0.0076986687	-0.0689368574	0.0896000187	-0.0788966818	0.0813151134	-0.0412656406	-0.106178037	0.0525785631	0.0700453573	-0.0406484072	-0.0409916923	0.1447450066	0.0059485631	-0.0220874366	-0.0354754461	0.0781926895	0.0200199493	-0.0394256901	-0.0085154459	0.0354392563	0.166241939	0.1261663764	0.0361482395	0.1116554236	-0.1142767948	-0.0949985745	0.137841705	0.0613429772	-0.0523270868	0.0075464182	-0.1213848069	-0.03984055	0.0776170434	0.0262467418	-0.0683300358	0.0857262498	-0.0901869566	-0.0933976967	0.161134767	0.1804266889	-0.1063758499	-0.0383474344	0.1186983003	-0.0294122727	-0.1099512626	-0.0989618191	0.0858188711	0.0546396295	-0.0649461527	-0.0599459916	0.0791170913	0.045593179	-0.0716823367	-0.0817450313	-0.0235949314	-0.0618456395	0.1111990753	0.0842557209	0.0355300236	0.0027567586	-0.0913141532	0.0519697646	-0.0571009637	0.007315778	0.0286862188	0.0224867208	-0.1183015514	-0.0163356237	-0.0822530567	0.1097550429	0.1186328644	-0.0579467104	-0.076845335	0.0179422137	-0.1997004118	-0.0122990694	-0.0052224796	0.0212275163	0.1362106296	-0.0305929946	0.0624752358	-0.1233120332	-0.0667140218	-0.0522683746	0.1229407472	-0.0799828327	-0.0369007123	0.0	0.0521346	-0.0300687999999998	0.00271801651716	0.0009041327334399	-0.0396533	0.1830567	0.0335097554148899	0.00157238420089	-0.267966	0.134449	0.0718057771559999	0.018076533601	-0.000642025	0.0022731649999999	5.167279117224999e-06	4.121961006249999e-07	-0.000102185	-0.0024113949999999	5.814825846024999e-06	1.0441774225e-08	-0.000859955	0.001918055	3.6789349830250006e-06	7.395226020250001e-07	0.0	0.0	0.0	0.0	0.0	0.0	0.0	0.0	0.0	0.0	0.0	0.0	0.0	1.0	0.0
5949.242341003103	-53.55818094489132	35393484.43198408	2868.47874612572	12282.985594763555	-32.96951855284169	150871735.121169	1086.9891536061723	5358.840002642639	-67.74410445421836	28717166.17392296	4589.263688304048	5523.911281658731	7457.370829754736	1.561007	60.012947	0.214764	0.139262	0.1396964088	-0.1536230223	-0.0021322491	0.0879204815	0.0769931486	-0.2016135876	0.0049955872	-0.1275456438	-0.053920524	0.1949887778	0.1519573023	-0.1681645259	0.0700740855	0.0250930521	-0.0011606217	-0.0650559924	0.0841849413	0.0711656376	0.0960910789	-0.0039349988	-0.2008662844	0.0298573144	0.1584238344	0.0124975977	0.0988423986	-0.0302658397	-0.1273329553	-0.0103502441	-0.0350063909	0.1496819845	-0.0135760147	0.1481160067	-0.1639547915	-0.0291634839	0.0661896793	0.2311336333	0.0906543007	-0.0575721888	0.129702132	-0.0633058979	0.0260128988	-0.0512981387	-0.0515144288	0.0591084717	-0.0661532127	-0.002597565	0.0374859307	-0.0250332237	0.0557351262	-0.1000505312	-0.1129995361	0.0150676595	-0.0477800815	-0.1058449391	0.174382026	0.1410149296	0.145469465	-0.1888850134	-0.0076718006	-0.0112378048	0.0408875751	-0.0118073437	0.1428311082	-0.1032322432	-0.0123762265	-0.1168139367	-0.1545882436	-0.0893955522	-0.1127255647	-0.1069860562	-0.0606581487	-0.1372676782	-0.0750405638	-0.1954850473	0.0600115786	0.0735913659	-0.0323650773	0.1224734135	-0.1174362945	0.0190303062	-0.109484152	0.1318627718	0.1623112237	0.0654034579	0.0890995756	-0.0555215192	0.0286208829	0.1281611785	0.0498508209	-0.1222978784	0.020023103	0.0888463957	0.0500442312	-0.0503249743	0.0527870291	-0.0362616502	0.1082782724	0.0032641288	-0.1185088517	-0.0692212261	-0.0467728586	0.1214271607	-0.0887591272	-0.0223578858	0.0	0.0530448	0.0009101999999999	0.00281375080704	8.284640399999998e-07	-0.110455	-0.0708017	0.0050128807228899	0.0122003070249999	-0.288032	-0.020066	0.082962433024	0.000402644356	0.00169278	0.002334805	5.451314388025001e-06	2.8655041284000004e-06	-0.000209541	-0.000107356	1.1525310736e-08	4.3907430681e-08	-0.000842394	1.756100000000003e-05	3.0838872100000107e-10	7.09627651236e-07	0.0	0.0	0.0	0.0	0.0	0.0	0.0	0.0	0.0	0.0	0.0	0.0	0.0	0.0	1.0
6001.577055477257	52.33471447415377	36018927.15283106	2738.9223390912	12280.466953377862	-2.518641385693627	150809868.59300575	6.343554429728713	5383.667660418936	24.8276577762972	28983877.4778407	616.4125906569309	5542.814564273632	7535.41270801479	1.33834	51.452499	0.374913	0.180096	0.1564920373	-0.1195104601	-0.0074058851	0.1119217961	0.0224180377	-0.2860643565	-0.0338313273	-0.1413070392	0.1972115478	0.1226170599	0.2051667436	-0.1164463478	0.0705515188	0.0145142995	-0.0588889907	0.0350770461	0.0634682693	-0.0178488313	-0.0160657656	0.0816319507	0.2213692454	-0.0109397685	0.1612273267	0.1859273375	0.0457491521	-0.1206308234	-0.0835156005	-0.2550856032	0.0201718687	-0.037351629	0.0680508421	0.0020998855	0.1007193057	0.0347884487	0.0096749537	0.1931017458	-0.0307822068	-0.1644666673	-0.0976931068	0.037273276	-0.0595597351	0.0114057465	0.167417325	-0.0320130342	-0.00134262	0.0678961712	0.0238603247	0.0745560988	-0.1140163691	0.0520129065	-0.09797733	0.0729413289	0.0564356654	0.0832512904	0.1126487476	0.1838786371	0.0644743531	-0.1700855225	0.0472377428	0.0494524016	-0.0069264939	0.0561301975	-0.0279309621	0.0373251221	0.0715198122	0.0993075212	0.2202671959	-0.1312788184	-0.2045039051	0.0090353862	0.0511301225	-0.2158161233	0.0620694515	0.053349365	-0.0213442461	-0.1032769928	0.1075714202	-0.0338629706	0.016248856	0.2193885239	-0.103783036	0.1430874162	-0.031104289	0.1282138773	-0.0461545063	0.0265550319	0.0402273283	-0.1211585105	0.0072161257	0.0713081147	-0.0600195428	0.1132453916	-0.0306490124	0.1348935669	0.0621415393	0.110151821	0.0219608191	-0.0457450512	0.0582948613	-0.0716880071	-0.0411681025	0.1192756321	-0.0967067016	-0.0074890309	0.0	-0.0555717	-0.1086165	0.00308821384089	0.01179754407225	-0.101443	0.0090119999999999	8.121614399999986e-05	0.010290682249	-0.358423	-0.0703909999999999	0.128467046929	0.0049548928809999	-0.00046387	-0.00215665	4.6511392225e-06	2.1517537690000002e-07	0.000741473	0.000951014	9.04427628196e-07	5.497822097289999e-07	-0.0014726	-0.0006302059999999	3.9715960243599997e-07	2.16855076e-06	0.0	0.0	0.0	0.0	0.0	0.0	0.0	0.0	0.0	0.0	0.0	0.0	0.0	0.0	0.0
5933.966442591199	-67.61061288605833	35211957.741798446	4571.194974828437	12165.72569687064	-114.7412565072209	148004881.73149863	13165.555944855862	5378.817122089808	-4.85053832912763	28931673.632886488	23.527722082336265	5536.130676965284	7456.4605447103795	1.269589	48.80938	0.183899	0.0897691999999999	0.0875056583	-0.1444608358	-0.0020814941	0.1313380045	0.1024144091	-0.1084594602	-0.0750717243	-0.0211573996	0.0811605249	0.1280269544	0.1404937273	-0.1698446078	0.074102133	-0.0406682043	-0.0708864912	-0.1182810041	0.0196858847	0.004631597	-0.0234451064	0.0434940444	-0.0421460722	0.029645057	0.2131890362	-0.0267604652	-0.0425193345	0.0142510874	0.1966200808	-0.0227447172	-0.0890572593	-0.1500901305	0.1830814723	-0.0039173586	-0.0060123742	0.0032537444	-0.0622805917	-0.0724336702	0.0556006256	-0.0295006653	-0.0125606734	-0.0670374728	0.0501995629	0.0919114247	-0.0040234468	-0.0168257022	0.0059997476	-0.1515813072	0.1758549156	0.0688644008	0.0001559324	0.0528055211	-0.0574785697	0.0199131288	-0.0691327718	-0.0006009761	0.1213360153	0.1343398225	0.0868555711	-0.1556443259	0.074518214	-0.045645472	0.0820551371	-0.0843406449	0.0516650367	0.0246481554	0.0613435776	-0.045024524	-0.0594333614	-0.1554116885	-0.0657756173	-0.0291874129	-0.0180450465	0.1446502528	0.1707340076	0.0354417985	-0.1172454186	-0.0852799849	0.1946425878	0.004249936	-0.0448875761	-0.0844843412	0.0369453332	0.0041901461	-0.0764481776	0.0131057003	0.0598863257	-0.0540608651	-0.0842472816	-0.0135716453	-0.0120159213	-0.015132249	0.0478176276	0.0230944171	0.1934174731	0.1642147224	-0.067612998	-0.0388520632	0.0411778647	-0.031259659	-0.0096685737	-0.0741129243	-0.0354671963	0.1164974652	-0.1037513516	0.0074890309	0.0	-0.0258002	0.0297715	0.00066565032004	0.00088634221225	-0.0749674	0.0264756	0.00070095739536	0.00562011106276	-0.312314	0.046109	0.0975400345959999	0.002126039881	-0.00106227	-0.0005983999999999	3.580825599999999e-07	1.1284175528999998e-06	-0.000170975	-0.000912448	8.325613527039999e-07	2.9232450625e-08	-0.00135259	0.0001200099999999	1.4402400099999958e-08	1.8294997081000003e-06	0.0	0.0	0.0	0.0	0.0	0.0	0.0	0.0	0.0	0.0	0.0	0.0	0.0	0.0	0.0
5945.100924600906	11.134482009707426	35344225.00369055	123.97668962449832	12212.301364150637	46.5756672799962	149140304.60883552	2169.2927825769084	5368.580460542721	-10.236661547087351	28821656.161321096	104.7892396296168	5529.065984882576	7248.64078188285	1.388572	53.383671	0.3544737	0.203574	0.0590369451	-0.1787963365	0.0635977912	0.107097536	0.140030699	-0.1003156876	0.0228655549	-0.0139470398	0.1939789379	0.1618043988	0.095191572	-0.0852314595	0.0265075454	-0.0406859298	-0.1021599979	0.0101727848	-0.0371828992	0.0534460823	-0.0635391095	-0.1886859406	0.0617593655	0.0715592891	0.0458650904	-0.1170832432	-0.2229857845	0.0741646061	-0.0472914999	0.004123929	0.0036905062	-0.0431411891	-0.2253884198	0.105799334	-0.0513642963	0.1986313051	0.2124465251	-0.0499656799	-0.2718475051	-0.1641568166	-0.0350407265	0.1224448367	-0.012258391	0.0469712155	-0.0113538492	-0.103034813	-0.0210319273	-0.119870944	-0.0063944695	-0.1084065971	0.0047625365	-0.0141637087	0.0933385124	0.1595486688	0.1988784411	0.0409676595	0.1540921366	0.0862780054	0.0830746576	-0.1005183829	0.1132331704	0.0065428528	-0.0485447003	-0.0246702822	0.0060693282	0.0777654468	-0.1638412817	-0.065334311	0.0132393737	-0.1256644482	0.153240549	0.0657876097	0.0938224737	0.1322101888	-0.1062292673	-0.0717471598	-0.0025534502	-0.1138143048	-0.1122736194	-0.1740171488	-0.0822655386	0.1913283714	0.0699283515	-0.1691555256	0.2435750187	0.1998342432	-0.1690375657	0.0289188837	-0.0381988893	-0.0587502969	0.0410151865	0.1159310648	0.1124739664	-0.025597668	0.0525588583	-0.0863996549	0.0135129158	0.1142662122	-0.1970333026	-0.2008874502	0.0498187963	-0.0764945617	-0.0296834549	0.1131072554	-0.1098273031	0.0223578858	0.0	0.0472879	0.0730881	0.00223614548641	0.00534187036161	0.0972647	0.1722321	0.02966389627041	0.0094604218660899	-0.244475	0.0678389999999999	0.059768025625	0.0046021299209999	-0.00126614	-0.00020387	4.156297690000004e-08	1.6031104996e-06	-0.000406389	-0.000235414	5.541975139600001e-08	1.65152019321e-07	-0.000965584	0.000387006	1.4977364403600005e-07	9.32352461056e-07	0.0	0.0	0.0	0.0	0.0	0.0	0.0	0.0	0.0	0.0	0.0	0.0	0.0	0.0	0.0
5990.954054582621	45.85312998171503	35891530.48411995	2102.5095291200537	12251.682219196357	39.38085504571973	150103717.20017216	1550.8517441319889	5401.187636508939	32.607175966218165	29172827.88477702	1063.2279244919157	5553.37569317555	7424.817226175216	1.464644	56.308262	0.45210255	0.258738	0.0448802232	-0.0893888299	0.0400703983	0.059237343	0.0477303384	-0.0036601621	0.0903433857	-0.0970129103	-0.0279885033	0.0622276353	0.0818033974	-0.0950978247	-0.0104225087	0.0724242183	-0.1854378929	0.0093456609	-0.0024542077	-0.0352666542	-0.0956399323	-0.041518841	0.0802953212	-0.1218809124	0.0201841419	0.0546118411	0.0303448138	0.0463220668	0.028549018	0.0087003452	0.2585030788	0.0882380254	0.1242929811	-0.1290888689	0.091705224	-0.0553743718	-0.2099965657	-0.1122504421	-0.0881674406	-0.107088816	0.0141160105	0.0316395038	0.0374391487	0.0483626187	-0.0597946892	0.0257908179	-0.093480729	-0.0177184703	-0.1564881615	0.0901906164	0.1251881541	-0.0068975958	0.0046245475	-0.038702134	0.0909929681	-0.1809906903	0.06692298	0.0645425322	-0.0142636821	-0.0965165658	0.1199782059	0.1270910871	0.004616846	-0.0422099498	-0.055125294	0.0696162089	0.0127784434	0.1988467453	0.0065862852	-0.0527126454	0.0001336841	0.073152431	-0.0481354953	0.0196343846	0.0388714479	0.2576653173	0.1072293156	0.1985314935	0.0708196812	-0.0100431782	0.0641041459	-0.0253757491	0.2127793766	0.0470542693	-0.0719252897	0.113109029	-0.0167888746	-0.0153000084	-0.0858386505	0.0406403058	0.0779033291	-0.0556723337	0.108120468	0.0729589382	-0.1512564907	-0.034078921	-0.1065960973	0.0056978673	-0.0081184211	0.0221159029	-0.1973712368	-0.0788315284	-0.0238303864	0.1091228139	-0.1148778268	0.0369007123	0.0	0.0607439	0.013456	0.00368982138721	0.000181063936	-0.112606	-0.2098707	0.04404571071849	0.012680111236	-0.277472	-0.032997	0.076990710784	0.001088802009	-0.00252364	-0.0012575	1.5813062500000004e-06	6.368758849600001e-06	-0.00274502	-0.002338631	5.469194954160999e-06	7.535134800399999e-06	-0.00128503	-0.0003194459999999	1.0204574691599996e-07	1.6513021008999998e-06	0.0	0.0	0.0	0.0	0.0	0.0	0.0	0.0	0.0	0.0	0.0	0.0	0.0	0.0	0.0
5973.277061495943	-17.67699308667852	35680038.85339361	312.4760845864802	12245.711987773746	-5.970231422610596	149957462.08750564	35.64366323952694	5393.512478609857	-7.675157899082478	29089976.85692024	58.90804877584816	5550.459768897703	7500.303664631429	1.196903	46.014969	0.3121816	0.180678	0.0276864419	-0.0990160936	0.0218460856	0.075412184	0.0583609226	0.058659207	0.1107971083	0.0300646901	0.0172185967	0.0223880741	0.0206220771	0.1262806977	0.1395797735	-0.010976896	0.1840622691	0.256083667	0.112419911	0.0720100896	-0.0004581991	0.0694537071	-0.0806656726	0.0695102703	-0.0593076776	0.0093853925	0.0231569952	-0.0779846108	-0.0322277978	-0.0398589807	0.0154313456	-0.037691239	0.0029235386	0.0519309604	0.096893823	-0.1168881662	0.0089279082	0.0028143752	-0.0663076427	-0.0951813651	0.1279643965	-0.0444714634	0.0053941555	0.0761573126	0.1074148982	-0.090764129	-0.0527480485	-0.0820266744	-0.1450056607	0.0842330401	0.0018158256	0.0218453913	0.0120597504	-0.066146576	0.0374233093	0.1425894369	0.0215441101	0.0481197286	0.0562893022	0.1166104135	-0.1569689106	-0.0507876825	-0.1609203602	0.2673082732	0.0365622677	-0.0041960028	0.0648403611	-0.0412946785	-0.061448195	0.1064226399	-0.0485983577	-0.0551995121	0.0671005754	-0.0705393313	0.0121887344	0.0208408658	0.0028505231	-0.0210259515	0.0496808522	0.0038303286	0.1351260302	0.0003605221	-0.0160053395	0.0208163297	0.085996894	0.068747235	0.0948068012	0.0027900378	-0.0298575892	-0.0579034617	0.0607470637	0.1149683815	0.2003128966	0.0471186269	-0.0863929152	0.0758379666	-0.0444819949	0.0791406301	-0.0636436183	0.043918103	0.1528545464	-0.0811224597	-0.0179216609	0.1045650739	-0.1188557671	0.0509054434	0.0	0.164331	0.1035871	0.027004677561	0.01073028728641	-0.112188	0.000418	1.7472400000000145e-07	0.012586147344	-0.291759	-0.0142869999999999	0.0851233140809999	0.0002041183689999	-0.00434206	-0.0018184199999999	3.3066512963999994e-06	1.88534850436e-05	-0.0047333	-0.00198828	3.953257358400001e-06	2.240412889e-05	-0.00121394	7.109e-05	5.0537880999999996e-09	1.4736503236e-06	0.0	0.0	0.0	0.0	0.0	0.0	0.0	0.0	0.0	0.0	0.0	0.0	0.0	0.0	0.0
5965.766867370309	-7.510194125633461	35590374.315813355	56.40301580469935	12184.974333667678	-60.737654106067566	148473599.5121401	3689.0626263083054	5381.077851503369	-12.434627106487824	28955998.843940116	154.61995127740175	5534.590517304577	7305.47829445975	1.055168	40.565941	0.1578417499999999	0.0788264999999999	-0.0222164246	-0.0727170339	0.1068398834	0.0510231801	0.0606860206	0.1053805408	0.0568820585	0.003787964	0.0193121937	0.0795798293	0.0111345262	0.0160998769	0.035500021	-0.0439265621	-0.0469242592	-0.0172732837	0.1125216245	-0.21789155	-0.0181491742	0.0332699152	0.2146148456	-0.0960984768	-0.0233593174	-0.1578467073	0.0300420505	-0.0665155181	-0.138208461	0.0976251334	-0.0810680927	0.025655294	-0.021489538	-0.0242178191	0.015840168	-0.0954545304	0.0376372014	0.0011844301	-0.0166240319	0.1530969432	-0.035258513	0.0218999682	-0.0679496507	-0.1984621244	-0.0697597686	-0.1279016989	-0.0337840792	0.0257846495	0.1701029079	0.1983661141	0.0884936083	0.0210583715	-0.0946203105	0.0686945735	-0.1464395463	0.0526984527	0.084077087	0.0197770643	0.0002703064	0.0414732931	0.0844562946	-0.0280666614	0.1565972017	0.1231292841	-0.1285133264	-0.0279877248	0.0730359084	0.122996191	0.1912471361	-0.052890073	0.120908133	-0.1359701682	0.03048377	0.005705725	-0.1215425896	-0.0611076955	-0.053727169	0.0473539776	-0.0705172672	0.0582369594	0.0734133227	-0.0301516486	0.0248269176	-0.0164215905	-0.0053912986	-0.1410448134	-0.0881544871	0.1086616099	0.0928072518	0.1788752064	0.0237504153	0.0566013326	-0.0916759006	0.1302438557	0.1444695674	0.1155744818	-0.1181391179	-0.1348885818	0.0906146694	-0.0029883889	0.0828080609	-0.0833660178	-0.0119710786	0.0994579802	-0.1217239831	0.0641678585	0.0	0.15595	-0.008381	0.0243204025	7.024116099999999e-05	-0.0469048	0.0652831999999999	0.0042618962022399	0.00220006026304	-0.267277	0.024482	0.0714369947289999	0.000599368324	-0.0047608	-0.0004187399999999	1.7534318759999994e-07	2.266521664e-05	-0.0052201	-0.0004867999999999	2.369742399999999e-07	2.724944401e-05	-0.000925569	0.0002883709999999	8.315783364099996e-08	8.56677973761e-07	0.0	0.0	0.0	0.0	0.0	0.0	0.0	0.0	0.0	0.0	0.0	0.0	0.0	0.0	0.0
6046.071025931045	80.30415856073614	36554974.85060288	6448.757882147852	12355.621201070768	170.64686740308937	152661375.26434943	29120.35335448756	5398.207214901012	17.12936339764292	29140641.13500934	293.41509040850895	5547.891961265088	7581.117640712647	1.274674	49.004883	0.1547747699999999	0.0797135999999999	-0.023978737	0.0809392625	0.0382088063	-0.0409602336	-0.0804563586	0.0327068327	0.0496293141	0.003583856	0.1139920189	0.057592043	-0.0239731345	0.1145037284	-0.0490704086	0.0671567492	-0.0922561253	0.041970853	0.1039926064	-0.0507219062	-0.0098113235	-0.0428536779	0.147930065	-0.1031769614	-0.070249694	0.0035072305	-0.0943609301	0.0990702894	0.0258758135	0.1445756549	-0.1410222854	0.0486445585	0.0033967082	-0.0342428183	-0.0068722272	-0.0868052971	-0.0095203316	0.0190631583	0.0359628947	-0.1062566332	0.0949228926	-0.042306723	0.1557152555	-0.1448782117	-0.0811721437	-0.015418072	0.1211204606	-0.0006841892	-0.0814695271	0.0189205333	-0.0450306461	0.0351842113	-0.0559011559	-0.0453845996	0.0716040661	-0.1684837722	0.065873088	-0.0208805986	-0.0792302959	0.0917461295	0.0626115774	0.1108291609	-0.0108072328	0.0761658849	-0.0129106566	-0.0195631574	0.0237559305	0.1519449395	0.1074192405	-0.0270722432	0.0936954599	0.1260457211	-0.0123886769	0.1402827761	-0.0340259211	-0.048287175	-0.1420834398	0.0828062579	-0.0490392471	0.0758884218	0.0225822593	-0.0672753966	-0.0225468553	0.0503262203	0.0568513417	0.0836147982	0.0884021086	-0.1245283879	0.0881278582	0.173963754	-0.0219856797	0.0585703764	-0.0585140016	-0.0653593934	-0.0970355607	0.0233971903	0.0085329739	0.085846601	-0.0357667203	0.0094795163	-0.1637773725	-0.0855608924	-0.0059925372	0.0938283642	-0.1234556951	0.0764945617	0.0	0.15762	0.00167	0.0248440644	2.788900000000016e-06	0.00571692	0.05262172	0.0027690454157584	3.26831742864e-05	-0.214126	0.0531509999999999	0.045849943876	0.0028250288009999	-0.00446113	0.00029967	8.980210890000008e-08	1.99016808769e-05	-0.00465293	0.0005671699999999	3.216818088999996e-07	2.1649757584900004e-05	-0.00100537	-7.9801e-05	6.368199601e-09	1.0107688369e-06	0.0	0.0	0.0	0.0	0.0	0.0	0.0	0.0	0.0	0.0	0.0	0.0	0.0	0.0	0.0
6047.954483071291	1.8834571402458096	36577753.429302126	3.547410799142923	12320.93251550312	-34.68868556764755	151805378.05158204	1203.3049064111196	5442.497328520369	44.290113619356816	29620777.17095135	1961.614164415536	5594.996986934458	7802.655150095647	1.094146	42.064449	0.11592007	0.0620354	0.0139542113	0.069863216	-0.0636569572	0.0034437204	-0.0707215624	0.0494116259	0.0313662749	0.0554407065	-0.0809775495	-0.1218575057	0.0186842211	0.0766244021	-0.0071266577	-0.0131215869	-0.177729897	0.1344700902	-0.0153999952	0.1133349752	0.0532749984	0.0272354621	-0.1578611563	-0.1036847162	0.0641486038	-0.0530136585	-0.0416237018	-0.0246852233	-0.0142733892	0.075467877	-0.122485614	-0.0409115606	0.1306576332	0.007549734	0.089155825	0.158332757	-0.0406929883	-0.0486711299	-0.0667352949	-0.0263966119	0.0012049394	0.1815439624	0.0487194248	-0.1499714914	0.0928016664	-0.1582426691	0.1159495889	0.1725389839	-0.1063303395	-0.1178409123	-0.0463990263	-0.0523890779	0.0728833261	0.0030248952	-0.025853216	0.1186181752	-0.1156177085	0.0044405915	-0.0477729173	0.0545832556	0.1085114752	0.056379047	-0.2016727079	-0.0341157954	0.0161756522	-0.1008194676	0.0614147968	0.0826213489	-0.1621406407	-0.0319884667	-0.005475295	-0.0888388235	0.0590006729	0.0942912739	-0.0457120333	-0.0275666828	-0.1453761435	0.0518095795	0.1541467905	-0.0704915765	-0.0397480807	0.0223400881	0.0559293201	0.0293926173	0.0127979448	0.0215355516	-0.1822389296	-0.0707365945	0.1736819815	-0.0481830102	-0.0936145466	0.2009517043	-0.0914847512	-0.0536585368	-0.0923830005	-0.0961191262	0.1138024824	-0.0606003745	0.0367741539	0.0410983993	0.1118780878	-0.0877058019	-0.0	0.0877058019	-0.1240347346	0.0877058019	0.0	0.154543	-0.0030769999999999	0.023883538849	9.46792899999998e-06	-0.0083301499999999	-0.0140470699999999	0.0001973201755848	6.939139902249835e-05	-0.250647	-0.036521	0.062823918609	0.0013337834409999	-0.00396458	0.00049655	2.4656190250000013e-07	1.5717894576399996e-05	-0.00401142	0.00064151	4.115350801000007e-07	1.60914904164e-05	-0.00111281	-0.00010744	1.154335360000002e-08	1.2383460961000005e-06	0.0	0.0	0.0	0.0	0.0	0.0	0.0	0.0	0.0	0.0	0.0	0.0	0.0	0.0	0.0
6037.836217484857	-10.118265586434063	36455466.18917184	102.37929847761586	12303.252201499969	-17.68031400315158	151370014.73371384	312.5935032500378	5425.358365945031	-17.138962575337246	29434513.39892974	293.7440381588107	5582.947951658541	7799.969822605277	0.940154	36.144257	0.0484133499999999	0.024292	0.0163687053	0.0160749373	-0.0850163298	0.0173512377	-0.0170031116	0.0093698611	0.0282169603	0.0913774784	-0.0159413088	-0.0962981007	0.0113042729	0.0591489093	0.0149351834	0.1055202694	-0.0554548647	0.0927144455	0.0368130118	0.0010870503	-0.1313736637	-0.0339059066	-0.0217038833	-0.0371611803	-0.0773578405	0.009463666	-0.0826816055	0.1079444445	0.123634186	0.0560650567	-0.0380246797	0.0328580036	-0.0726143895	0.0311754793	-0.0272272227	-0.0164706326	0.0972059285	0.0397472364	0.0336171432	-0.004992701	-0.0602488417	0.016837535	-0.1695394773	0.1754753149	-0.1261590592	0.0251869298	-0.1574456925	0.0123252245	0.0152141246	-0.0510658407	-0.0283382963	0.0064356318	-0.0236017008	-0.08094495	-0.1241294423	0.0084531134	-0.0988107318	0.0238469098	0.0206023274	0.0505449357	0.0209861377	0.1243551593	-0.0516642695	0.0723855827	-0.0046445727	0.0887889318	0.0095668623	0.0430516925	-0.081664973	0.0261699451	0.0899102555	0.1189778032	-0.0330584507	0.119369891	0.0361933178	-0.1042210086	-0.0022854131	-0.0148459462	-0.0773125638	0.0401380555	0.0015464399	-0.0044531684	-0.0974274319	-0.061629828	0.0275135427	-0.0018439048	-0.0714050775	0.140128272	-0.2129303046	-0.053607502	0.1191562324	-0.1047163983	0.0140316914	-0.0529173862	0.025493407	-0.0693030928	0.042002592	-0.0421947888	0.0756592119	0.094625609	0.0386401423	-0.0897994937	0.0059925372	0.0811224597	-0.1234556951	0.0976380941	0.0	0.158413	0.0038699999999999	0.025094678569	1.497689999999988e-05	-0.011008	-0.00267785	7.170880622500533e-06	0.000121176064	-0.242616	0.008031	0.058862523456	6.449696100000017e-05	-0.00355281	0.0004117699999999	1.6955453289999973e-07	1.26224588961e-05	-0.00377808	0.0002333399999999	5.4447555599999937e-08	1.42738884864e-05	-0.00108123	3.158000000000002e-05	9.972964000000012e-10	1.1690583129000002e-06	0.0	0.0	0.0	0.0	0.0	0.0	0.0	0.0	0.0	0.0	0.0	0.0	0.0	0.0	0.0
6029.68220869523	-8.154008789627369	36357067.53785578	66.48785934132039	12322.97714035216	19.72493885219228	151855765.60164192	389.0732127227245	5408.445599377429	-16.912766567602375	29251283.80142508	286.04167297020865	5567.612208508689	7801.589267637118	0.918142	35.297989	0.0459271999999999	0.0279875	0.0107615396	0.0028156656	-0.071423921	0.0025131793	-0.0077141628	0.0168297524	0.0364441407	0.0978574504	-0.0878533007	-0.0028817455	-0.0344369354	0.0577788364	-0.0181472059	0.0491681207	-0.1753487788	0.1080475583	0.0108064446	-0.0058971374	0.0213608759	-0.1405768256	-0.1025060825	0.1264674854	0.0417626412	-0.0855794745	-0.1350459004	0.0923190903	-0.0190761826	-0.1341378229	0.0509609399	0.1436773907	0.1171777946	-0.0912443711	-0.0139367992	0.0505885295	0.0106305769	-0.0292642383	-0.0213731865	0.0560634953	-0.2336849643	-0.0657991798	0.0209575363	-0.0837828141	0.0120116075	0.0411844647	0.0203820076	-0.0520271152	0.0514910501	0.0590955384	-0.087075558	0.055234801	-0.0488178804	-0.1368658663	-0.1041010412	0.1142177138	-0.0085146509	-0.0067970862	0.0428113251	0.0677754181	0.1370205212	0.1103652734	-0.0672111473	0.0319334958	-0.0318735848	-0.0323889144	-0.0968841367	-0.148727947	-0.1358025226	-0.083339661	0.1047802012	0.1076766548	0.0071671092	-0.0113793138	-0.039445255	0.0963708064	-0.0552179199	0.0708102072	0.0214606684	0.0132360774	-0.0783183737	0.2245033734	0.0410759551	-0.0740616202	-0.1807675233	-0.026602292	-0.0122370281	0.0359865469	0.0456495538	0.0460719941	-0.0703247043	-0.0631051197	-0.0501780637	0.0135842721	0.0883898435	0.1521088323	0.0111125805	0.0219587118	0.1062496102	0.144324084	0.1069605634	-0.0918407451	0.0119710786	0.0741129243	-0.1217239831	0.106146603	0.0	0.160242	0.0018289999999999	0.025677498564	3.34524099999999e-06	-0.0189612	-0.0079532	6.325339024000001e-05	0.00035952710544	-0.233735	0.008881	0.054632050225	7.8872161e-05	-0.00349983	5.297999999999978e-05	2.8068803999999767e-09	1.22488100289e-05	-0.00426435	-0.00048627	2.3645851290000005e-07	1.81846809225e-05	-0.00108726	-6.029999999999968e-06	3.6360899999999606e-11	1.1821343076e-06	0.0	0.0	0.0	0.0	0.0	0.0	0.0	0.0	0.0	0.0	0.0	0.0	0.0	0.0	0.0
5997.271666138075	-32.41054255715517	35967267.43746255	1050.4432688491663	12310.713048087508	-12.2640922646533	151553655.752352	150.40795907592891	5391.435856501832	-17.009742875597112	29067580.594773643	289.3313526939267	5547.038490915537	7653.8268929641	1.046381	40.228123	0.1383010999999999	0.0756576999999999	-0.0267466614	-0.0560539266	-0.0307826339	-0.0438310621	0.0612850663	-0.0222444321	0.0239596894	0.0766126437	0.0031270963	0.0642027623	-0.0348188957	-0.0248135316	0.0594657522	-0.0252901655	0.0864218102	-0.0982582306	0.0420220169	-0.0103555443	0.0426847183	-0.1487824254	0.1269150178	0.1116616532	-0.0361604364	0.0368414857	0.1005528454	0.0709312415	0.1791272281	-0.0730139552	-0.1456671156	0.0476608551	0.0659816721	-0.0737779485	-0.0157883536	0.0412588284	-0.0719582798	-0.151561263	-0.027895888	0.1639995912	-0.0279988858	-0.0529356863	0.075420957	0.0713864095	-0.0937191428	0.1337409597	-0.0611981265	0.1476332736	0.1226484181	-0.0549050025	0.019216147	0.001967802	-0.0068372884	-0.2042993143	0.0200339578	0.0623664709	0.061040131	-0.0189906165	0.0776721134	0.0122496945	-0.0410668074	-0.0477025226	0.1010370805	0.0299954472	0.0489386586	0.0080402491	-0.1227150829	-0.0525792387	0.1382089296	0.0272330744	0.0337495767	0.0946577026	-0.1453397669	-0.0224794702	0.1786064094	0.0587428528	-0.1777989421	0.0324557749	0.0210894018	-0.0212119589	-0.0499454383	-0.0815319857	0.1828921571	-0.0785742435	-0.0304067153	-0.1683807025	0.03918157	-0.0562709698	-0.0943434333	-0.0217299315	-0.007565198	-0.1197821784	-0.1875737388	0.0186449127	0.0176495042	-0.0744411813	0.0027576672	0.0602633123	-0.0203309561	0.1664409995	0.0425365419	-0.0938283642	0.0179216609	0.0667140218	-0.1188557671	0.1131072554	0.0	0.185965	0.0257229999999999	0.034582981225	0.0006616727289999	-0.0375843	-0.0186231	0.00034681985361	0.00141257960649	-0.171219	0.0625159999999999	0.029315945961	0.0039082502559999	-0.00340582	9.401000000000027e-05	8.837880100000052e-09	1.15996098724e-05	-0.00474653	-0.0004821799999999	2.324975523999996e-07	2.25295470409e-05	-0.00103467	5.259000000000015e-05	2.7657081000000155e-09	1.0705420088999997e-06	0.0	0.0	0.0	0.0	0.0	0.0	0.0	0.0	0.0	0.0	0.0	0.0	0.0	0.0	0.0
5989.7213883101385	-7.550277827936043	35876762.30957993	57.00669527902261	12275.177806467898	-35.535241619609224	150679990.18040204	1262.7533969640076	5401.294704260153	9.858847758320737	29173984.48226877	97.19687912174578	5558.625597592984	7470.294520659569	0.985729	37.896358	0.0393916	0.0198472	-0.0542512798	-0.076495161	0.0344813454	-0.034606084	0.0813053353	0.0411836582	0.0229365681	0.0321046523	0.0101879431	0.0221253836	-0.0683011102	0.0534526687	-0.0239750966	0.0010206833	0.0050391691	0.1629585788	-0.04013836	0.0449815894	-0.1502342247	0.1789027284	0.1686208716	0.021333772	-0.056616265	0.032932557	-0.0640962172	0.0227869421	-0.0665075934	-0.0796941775	-0.0262446843	0.0529634194	-0.0176306752	-0.0380130441	-0.2073542438	0.0183937074	0.0102850736	0.0241150205	0.0639729417	0.0008631846	-0.0320097918	-0.0701645784	0.0738324638	-0.0338801131	-0.0749452436	-0.0750657929	-0.0223301016	0.1321053539	-0.1206098047	-0.1594222287	0.0467118899	-0.1112212642	0.0038176152	0.0171227811	0.0005076486	-0.0015574212	0.021635959	-0.0544970147	0.0141941065	0.0591644422	-0.0004957778	0.0364503539	-0.1619803959	0.0544445245	-0.0523656834	0.1970015343	0.1470706767	-0.031449715	0.1412997004	0.0153104945	0.00578563	0.0785774806	0.047436555	-0.064283685	-0.0510771711	-0.0245042442	0.0126816601	-0.0604021457	-0.1117986817	0.1252797432	-0.1411930621	0.033497711	-0.0136128808	-0.0148492667	-0.0662427395	0.0145212085	0.0543087613	-0.0731072074	-0.0017539849	0.0979294574	0.0364299416	0.0388758968	-0.0380702236	-0.0212886117	-0.0871807736	-0.2123893654	0.1076967115	-0.0500153483	0.0548999831	-0.0238400627	-0.0001892443	-0.09576119	0.0238303864	0.0589646239	-0.1148778268	0.1184185493	0.0	0.184899	-0.0010659999999999	0.034187640201	1.1363559999999652e-06	-0.0327558	0.0048284999999999	2.3314412249999997e-05	0.00107294243364	-0.158437	0.012782	0.025102282969	0.000163379524	-0.00356522	-0.0001594	2.5408360000000027e-08	1.27107936484e-05	-0.00484909	-0.00010256	1.0518553600000135e-08	2.3513673828100003e-05	-0.000882328	0.0001523419999999	2.320808496399996e-08	7.785026995840001e-07	0.0	0.0	0.0	0.0	0.0	0.0	0.0	0.0	0.0	0.0	0.0	0.0	0.0	0.0	0.0
6010.399761795935	20.678373485796328	36124905.29659663	427.5951300180846	12312.71881912207	37.541012654171936	151603044.7187628	1409.3276311006975	5390.378224026048	-10.91648023410471	29056177.39805421	119.16954070159883	5543.939322234991	7530.36369243925	1.039704	39.971424	0.099248	0.0460882	-0.0822016486	0.0119908034	0.0562548783	-0.0562864219	0.0214589513	0.0948624709	0.0269309879	0.0208053123	0.0577582673	0.0511875684	-0.1068267631	-0.0008614574	-0.1303386191	-0.1225079715	0.0141758873	-0.076193363	-0.0879187489	-0.0077360821	0.0974006201	-0.0283055894	-0.0546655146	-0.0226899856	-0.1252649147	-0.0854660788	-0.0527254863	-0.0383937346	-0.0748073996	0.0585738741	0.1869541462	-0.0783854645	0.0481617352	0.1077084491	0.104283692	-0.2082658988	-0.0600861769	-0.0807187887	0.0703923936	0.1027605023	-0.053493471	0.1189379214	-0.0086075319	0.1076457907	0.1284455538	0.0155499205	-0.0030530032	0.1023184315	0.1045646906	0.0642272034	-0.0870779549	-0.0345640317	-0.0679296283	-0.024954269	0.0640601394	-0.1704319904	0.0553552587	-0.1089843103	-0.0629698731	0.0183181496	0.043746793	-0.1279005395	0.0163078621	-0.1117408169	-0.0125886692	-0.0830889788	-0.0505993601	-0.0520325478	-0.0258218635	0.0741441068	0.1268000851	-0.0150944639	0.0890121034	-0.0268560151	-0.1024503916	0.0345291667	0.1890580804	0.0090948394	0.1008161524	0.0828056938	0.246306785	-0.1270720313	-0.0281700144	-0.0345050792	-0.0622252887	-0.0685316248	-0.064559018	-0.0238409926	-0.0746089668	-0.1466308117	-0.0417347489	-0.0203466653	-0.0874914828	0.1071356828	-0.0068421131	0.0952327662	0.0910215561	0.0119121162	0.0174980865	0.0255754317	-0.1929532328	-0.0976380941	0.0296834549	0.0509054434	-0.1098273031	0.1220030341	0.0	0.196301	0.0114019999999999	0.038534082601	0.0001300056039999	-0.0281027	0.0046531	2.1651339610000003e-05	0.00078976174729	-0.18901	-0.030573	0.0357247801	0.000934708329	-0.00429368	-0.00072846	5.306539716000003e-07	1.84356879424e-05	-0.0050961	-0.0002470099999999	6.101394009999989e-08	2.597023521e-05	-0.000959256	-7.692799999999998e-05	5.9179171839999965e-09	9.20172073536e-07	0.0	0.0	0.0	0.0	0.0	0.0	0.0	0.0	0.0	0.0	0.0	0.0	0.0	0.0	0.0
6030.760444748787	20.360682952852585	36370071.54194659	414.55741030658186	12336.33142494075	23.61260581868009	152185073.02598068	557.5551535483651	5422.591341441247	32.21311741519912	29404496.856273584	1037.684933605405	5575.909505518927	7631.37962263521	0.975266	37.494125	0.0584933999999999	0.0262936	-0.0772546625	0.0665410661	0.0311717511	-0.0642032784	-0.0309295425	0.0818927535	0.025402505	0.023932801	-0.0276503973	-0.0807247503	-0.0719597237	0.0320952575	-0.0913702605	-0.1208613489	0.05384997	0.0197352277	0.066165704	0.042520677	0.0563280891	0.1422793766	-0.1145620252	0.0840073934	0.0732348349	-0.0082003575	-0.0769549429	-0.1829129379	0.1602583911	-0.0646765468	0.0969347554	0.0864150761	-0.0843445721	-0.0889420348	0.0720320302	0.0449568473	0.1108082752	0.0954792341	0.0090172972	0.0906663564	-0.0930087031	0.083706028	-0.1033176388	0.1233529875	-0.0621768125	0.1549244096	0.014368781	0.1159646863	-0.0155479214	-0.04861134	0.0097757959	-0.0183897818	-0.0586992417	0.0021198499	-0.0031054477	-0.0769949671	-0.0749126099	-0.0712082485	-0.0657229694	0.0590637633	0.0380784038	-0.1206262707	-0.0216142232	0.0231447073	0.0560128655	-0.0109578862	0.1273181802	-0.1660586827	-0.0700486165	-0.0250036338	-0.0564966073	-0.0277988152	0.1645936063	-0.058060786	0.2059565905	0.0244988984	0.0752021484	0.0668389505	-0.0801205362	-0.1091682027	0.009876414	0.0789815184	-0.1119755287	-0.0191244521	0.0143418801	-0.0815005934	-0.125960993	0.0993043739	-0.1018112565	-0.0372399498	-0.0450115978	-0.1587646859	-0.0797365736	-0.0024636612	-0.1124094506	-0.0505549872	0.0467884569	0.0322544365	0.02170983	0.0196935542	-0.0589116486	-0.0994579802	0.0354671963	0.042578821	-0.1037513516	0.1238084399	0.0	0.217951	0.02165	0.047502638401	0.0004687225	-0.0326194	-0.0045166999999999	2.0400578889999987e-05	0.00106402525636	-0.198348	-0.0093379999999999	0.039341929104	8.719824399999972e-05	-0.00443863	-0.0001449499999999	2.101050249999988e-08	1.97014362769e-05	-0.00484909	0.0002470099999999	6.101394009999989e-08	2.3513673828100003e-05	-0.00102707	-6.781399999999992e-05	4.598738595999988e-09	1.0548727848999998e-06	0.0	0.0	0.0	0.0	0.0	0.0	0.0	0.0	0.0	0.0	0.0	0.0	0.0	0.0	0.0
6047.924890464979	17.16444571619195	36577395.48070584	294.61819674410015	12340.465927905112	4.134502964361673	152287099.317787	17.09411476231546	5429.112136689311	6.5207952480641325	29475258.592747174	42.52077066717577	5582.296097871856	7709.213412787153	0.955887	36.749107	0.0411295	0.0224836	-0.0596643315	0.0875118671	-0.0118029051	-0.0814468921	-0.0590747452	0.0371954816	0.0028306555	0.0284267973	-0.0163627258	-0.1023758305	-0.1080190423	0.06840109	-0.1142682881	-0.0056228125	-0.0334736446	-0.069905347	0.0263998423	0.0371100945	-0.0083124095	-0.1430180782	0.0364910091	-0.0488389005	0.124960415	0.1570772194	-0.0105991666	0.0620124439	0.0299448207	0.1511949024	0.0529143573	-0.0467820419	-0.0192971959	-0.0035722603	0.0319686912	-0.0328447922	-0.0391556913	-0.0650752479	-0.0104495145	-0.0180393551	0.0736381262	0.1541566123	-0.0507646778	0.0473060543	0.0797885719	0.040204117	0.0274834401	-0.1170808612	0.1536530376	0.0704449491	0.1697927667	-0.0385694225	0.1193196432	0.089760557	0.0070431305	0.0317788904	-0.0934480434	-0.0995257586	-0.1000292967	0.0790601522	0.0613460592	0.0040260038	0.0285120126	-0.025956254	0.0755297409	0.0018125712	-0.1491003677	0.0848846384	0.007164826	-0.1056502957	-0.1272813242	0.0757356873	-0.0412893252	0.1117287132	0.0018348346	0.044039016	0.0582534746	0.0309564305	-0.0003365692	0.0126230543	0.0581365347	-0.1223616283	0.0192308471	0.0201518874	0.0600204087	0.010403187	-0.0917329724	0.0107077756	0.0121249872	-0.1248664941	-0.0439074621	-0.0245885955	0.0640465358	0.0548260967	0.1322283532	-0.0012571023	-0.1688666971	-0.1109541903	-0.1589482808	-0.0730157433	-0.0120839734	-0.1012197857	0.0411681025	0.0340285022	-0.0967067016	0.1238084399	0.0	0.202936	-0.015015	0.041183020096	0.000225450225	-0.0200779	0.0125415	0.00015728922225	0.0004031220684099	-0.198257	9.100000000000774e-05	0.0393058380489999	8.281000000001411e-09	-0.00433634	0.0001022899999999	1.0463244099999931e-08	1.88038445956e-05	-0.00470404	0.00014505	2.103950250000021e-08	2.21279923216e-05	-0.00100477	2.229999999999984e-05	4.972899999999927e-10	1.0095627529000005e-06	0.0	0.0	0.0	0.0	0.0	0.0	0.0	0.0	0.0	0.0	0.0	0.0	0.0	0.0	0.0
6047.997052916873	0.072162451893746	36578268.35209119	0.0052074194633172	12357.850952918214	17.385025013101767	152716480.1745416	302.2390947061741	5413.273739625269	-15.83839706404251	29303532.58011654	250.8548215582704	5566.30420614463	7747.566702427453	0.969721	37.28093	0.0605142	0.026147	-0.0535556797	0.0869689458	-0.0469868067	-0.0779739664	-0.0442684379	0.0090232788	0.0312619354	-0.0027155653	-0.0143546355	-0.0274733532	-0.090310019	-0.0156173525	0.0415764456	0.1496904872	0.1520010448	-0.0238562483	0.0622924831	0.1811713182	-0.1421059636	0.0035238294	0.1292224056	-0.0789252615	-0.0006173606	-0.071876334	0.1496934252	-0.0084596309	0.082986598	0.0328127598	-0.060640133	0.100342222	0.0504996844	0.1898445687	-0.0715439606	-0.0821596106	0.0196552915	-0.0836983931	0.094411834	0.1285444766	0.049467886	0.0742474866	-0.0241679711	-0.0319300531	0.2216240219	0.0224452696	-0.0072617272	0.0618521965	-0.0501405437	0.0392418252	0.0151076775	-0.0257567962	0.1472261924	0.1118336992	0.0580603239	0.1237670529	-0.0264079392	-0.0988241026	0.0311636853	-0.0109160051	-0.1685883679	0.0958482906	-0.024531804	0.0461224087	0.1972148165	0.1719272095	0.0071936248	0.0932916979	0.09618705	-0.0023439228	0.0797210293	-0.1015030486	-0.1097685269	-0.054200199	0.0750579241	-0.1329501589	0.0398810101	0.0929962891	0.0489205617	0.1194529276	0.0260975606	-0.1567499481	-0.0453696916	-0.1077563611	-0.003414789	-0.1008916241	0.0059518546	-0.0188478343	0.1470489543	-0.1927823302	-0.0288350164	0.0391506291	-0.029840248	0.0859397166	-0.0585321187	-0.0522770822	-0.024439499	0.0176216259	-0.1204018806	-0.1259709684	0.0967480185	-0.1029224817	0.0467728586	0.0252994078	-0.0887591272	0.1220030341	0.0	0.192389	-0.010547	0.037013527321	0.000111239209	-0.0128824	0.0071954999999999	5.177522024999999e-05	0.00016595622976	-0.177843	0.0204139999999999	0.031628132649	0.0004167313959999	-0.00410327	0.00023307	5.4321624900000076e-08	1.68368246929e-05	-0.00484909	-0.00014505	2.103950250000021e-08	2.3513673828100003e-05	-0.000935736	6.903400000000015e-05	4.765693156000021e-09	8.756018616959999e-07	0.0	0.0	0.0	0.0	0.0	0.0	0.0	0.0	0.0	0.0	0.0	0.0	0.0	0.0	0.0
6051.447380426308	3.450327509434828	36620015.39806843	11.904759922362745	12327.916145828103	-29.934807090110557	151977516.49856925	896.092675522133	5386.707153889602	-26.566585735667104	29016613.96176541	705.7834776505508	5537.38069965505	7772.303209755214	1.015863	39.054882	0.0730012999999999	0.0333588	-0.0567499379	0.0948572437	-0.0320214695	-0.0667635837	-0.0539511745	0.080403394	0.019929563	-0.0278903375	0.0134756128	0.0852284254	-0.0575163901	-0.0710265605	-0.1224139948	-0.0933786154	-0.0072655904	-0.1145792587	-0.0176173272	0.0502582376	0.0593482764	-0.0132400614	-0.0475476531	0.0524150459	0.0229738264	-0.1006206181	0.1612128976	0.0455598188	-0.0335349916	-0.0188174475	-0.0778749437	-0.0285020733	0.0069250581	0.0274750304	-0.0499045225	0.1482073544	0.1137902061	0.0782258969	0.1536775575	0.1868721949	0.0878227706	0.0671488773	-0.1179240955	-0.1192829456	-0.0174592818	-0.0603139076	0.2004439827	-0.019759658	-0.154626876	0.0877389147	0.0401019051	-0.0284033699	0.0798412539	0.029090513	-0.0301207366	-0.074675765	0.0896823109	-0.0756314959	-0.0808452802	-0.0727592581	0.0554689363	-0.0888064131	0.027350469	-0.1017321862	0.0802258199	-0.0328907137	-0.0370979382	-0.0828353156	-0.0028168008	0.0002358482	0.0280032821	-0.1253630292	-0.1650147401	-0.0824247991	-0.0451734809	-0.0679743227	-0.0300698979	-0.0214209469	0.033182739	-0.0679643676	-0.1428762643	-0.0968946316	-0.1705572249	-0.0132791326	0.0151777652	-0.1522373169	-0.1046095883	0.064436739	0.1534821304	0.1213194418	-0.1503894998	0.0810893331	0.0520660526	-0.0390389329	-0.1320647079	-0.0036514789	-0.047430452	-0.1394173895	-0.0146673625	-0.0480359721	-0.0187654857	-0.1045650739	0.0522683746	0.0164373979	-0.0799828327	0.1184185493	0.0	0.194782	0.002393	0.037940027524	5.726449000000029e-06	-0.0243672	-0.0114847999999999	0.0001319006310399	0.00059376043584	-0.193679	-0.0158359999999999	0.037511555041	0.0002507788959999	-0.00438661	-0.00028334	8.02815556e-08	1.92423472921e-05	-0.00529994	-0.00045085	2.0326572250000007e-07	2.80893640036e-05	-0.0008041759999999	0.00013156	1.7308033600026294e-08	6.466990389758392e-07	0.0	0.0	0.0	0.0	0.0	0.0	0.0	0.0	0.0	0.0	0.0	0.0	0.0	0.0	0.0
6066.602583011708	15.15520258539982	36803666.90020432	229.6801654045094	12411.0194268599	83.10328103179745	154033403.21389386	6906.155318249906	5396.607598084602	9.900444195000093	29123373.56770445	98.018795258311	5550.003566686816	7811.1350752632	0.970362	37.305584	0.05531905	0.0273849	-0.0810900223	0.1313669424	-0.0241170014	-0.1103223618	-0.089906765	0.0448260165	0.0168759902	0.0081504637	0.0154932811	0.0356469097	-0.0841158312	-0.0580766594	-0.0340229958	0.0295946108	0.0111215347	-0.1294702304	0.1195028737	-0.0174393625	-0.150098904	0.0286269299	-0.0628897086	0.1103027779	-0.0415401561	0.1854892746	0.0638406234	0.1203191361	-0.00794256	0.0206861519	-0.0666359395	-0.0595589797	-0.0896188608	0.0130587292	0.2055010231	0.0271523896	-0.056914418	0.2136046696	-0.0505926572	-0.0623545669	0.0243563784	-0.0581248533	0.1412927408	-0.0062504266	-0.0575401959	0.0480665679	-0.1048432245	-0.0170910491	0.0626838198	-0.0353114212	-0.017494419	0.0606718895	-0.0233205373	0.0733899823	-0.003525125	0.1097129761	0.0374852533	-0.0827890852	-0.0393279204	-0.0391328717	0.0392866075	0.0040524333	0.1716895668	0.055410299	0.07721651	0.1320487199	-0.0059150622	-0.0021089401	-0.0604925058	0.1077944146	-0.1779121618	0.0989657613	-0.1299409987	0.054682901	-0.0442391179	-0.0565591968	-0.0674490867	-0.0567174868	0.0021837703	-0.1360924763	0.1135286893	0.1361486261	-0.059713056	0.1901180683	0.0452905946	-0.0131179114	0.0779375104	-0.0918894087	-0.0410432861	0.0269552403	0.1580851791	-0.0598260039	-0.0175182924	-0.0494772964	0.0544600539	0.0236038703	-0.0461244831	0.0542087007	0.0265965271	-0.0504004598	0.0888535712	-0.106146603	0.0576418153	0.0074890309	-0.0704597601	0.1131072554	0.0	0.175716	-0.019066	0.030876112656	0.0003635123559999	-0.0255018	-0.0011346	1.2873171600000067e-06	0.00065034180324	-0.184746	0.0089329999999999	0.034131084516	7.979848899999994e-05	-0.00418617	0.0002004399999999	4.0176193599999865e-08	1.7524019268900003e-05	-0.00502294	0.000277	7.672900000000018e-08	2.52299262436e-05	-0.000757907	4.626899999989997e-05	2.140820360990743e-09	5.744230206490001e-07	0.0	0.0	0.0	0.0	0.0	0.0	0.0	0.0	0.0	0.0	0.0	0.0	0.0	0.0	0.0
6072.288869558303	5.686286546595511	36872692.11536166	32.3338546899931	12424.472445847638	13.453018987736868	154367515.55762717	180.9837198844087	5413.615371898108	17.00777381350599	29307231.394851487	289.26437009138016	5567.806189888109	7815.503050865865	0.963192	37.029949	0.08442022	0.0365905	-0.0551887027	0.1340396646	-0.0213129342	-0.0953903945	-0.1225455958	0.0358249914	-0.0138421637	0.0559833446	0.0584239732	-0.0352802477	-0.0514983045	0.1070431999	-0.143158129	-0.0661975692	-0.0232882929	0.0248609494	-0.1010447984	-0.1250877914	0.1450400345	-0.0180225242	0.0448447399	0.0813550951	-0.0249389318	0.0686096578	-0.044725998	-0.1029581896	-0.1797612222	-0.0438074445	0.0372879606	-0.0117875775	0.1107324533	-0.1035797767	-0.1838177994	-0.0494995635	0.1235599113	0.1465622232	0.1138263981	-0.1436071422	0.0612485339	-0.1936335473	-0.0718978166	0.1499892649	0.0382292429	0.0660174472	0.0712265072	-0.1280802418	-0.1256046229	-0.1518030764	0.0152800171	0.0076625527	-0.0442600257	0.0942705432	0.0098743351	-0.000497054	-0.0298105459	-0.0531417254	-0.126468266	0.0839975449	0.071161283	-0.0452072209	-0.0013301727	-0.0449515943	-0.1393224567	-0.1298652872	-0.0717398405	-0.0946237277	0.0825826611	0.0183074847	-0.0588282217	0.0081228044	0.1401446844	-0.1209919992	-0.0768685857	0.069518403	0.0382889369	-0.0771768783	-0.0074746739	0.2051814143	-0.1881553821	0.0754990585	-0.2197562185	0.0399191004	-0.0061882785	0.0995287573	0.2113159091	0.026712538	-0.0724701628	0.0097732328	-0.0432261736	-0.0471586403	0.1864741012	-0.0792146097	-0.0718926167	-0.0747334968	0.06167999	0.0020256823	0.0138069156	-0.0781793773	-0.0368629786	-0.1076661454	0.0628806309	-0.0014986813	-0.0602788237	0.106146603	0.0	0.191946	0.0162299999999999	0.036843266916	0.0002634128999999	-0.00656148	0.01894032	0.0003587357217024	4.30530197904e-05	-0.171422	0.013324	0.0293855020839999	0.000177528976	-0.00431792	-0.0001317499999999	1.735806249999998e-08	1.8644433126400004e-05	-0.00539897	-0.00037603	1.4139856090000022e-07	2.9148877060900004e-05	-0.000968645	-0.0002107379999999	4.441050464399997e-08	9.38273136025e-07	0.0	0.0	0.0	0.0	0.0	0.0	0.0	0.0	0.0	0.0	0.0	0.0	0.0	0.0	0.0
6096.998936941851	24.71006738354754	37173396.03707006	610.5874300994599	12479.864272184972	55.39182633733435	155747012.25215894	3068.2544249854072	5437.559166928178	23.94379503006985	29567049.693844657	573.3053204419977	5592.8412406084335	8026.496358199316	1.039994	39.982609	0.02987192	0.0179662	-0.0142725812	0.1533309858	-0.1198036346	-0.1167081189	-0.1633190729	-0.0489222174	0.0467400483	0.0348036827	-0.0916960297	-0.1436725912	-0.0813341818	0.0737088808	-0.0393823703	-0.0139135999	0.0552882468	0.0845844025	0.0868936945	-0.0209544218	0.0086009566	0.0851774148	-0.0124621936	-0.0945527331	0.1297773553	0.0241815688	0.0550215585	0.0533390813	-0.0727845177	0.0311522003	0.1306317565	-0.0367877828	0.0707153364	0.0397397067	0.0278787856	-0.1576484046	0.0095615894	-0.0067710129	0.1189393936	-0.0231918887	-0.0086737108	-0.0917230674	-0.0526695475	-0.0821473008	-0.0340288797	-0.1085017826	-0.0835804632	-0.0890304102	0.0347302516	-0.1089092711	-0.1700628845	-0.0195248399	0.0126910125	0.0572332174	-0.1794515366	-0.0448925441	-0.1377609754	-0.0670537893	-0.0643813717	0.0646087867	-0.0105010313	-0.0169599475	-0.0356867313	0.1121582874	0.017096853	-0.0393107345	0.093971842	0.0377139661	-0.021718563	-0.1164443142	-0.0962026374	-0.0701240632	-0.0529133455	0.0067633233	-0.0725286843	0.0627518884	0.1130182686	-0.0072127579	0.0497635754	0.1270122862	0.127878416	-0.0193195332	-0.0940023786	-0.0243107102	-0.0922111154	0.0234675351	0.0853531975	0.04302632	0.0061419198	0.0413555682	0.1321483462	0.0439327749	0.0329567265	-0.1077797748	0.1637063861	0.0248047752	0.1650235954	-0.1232778835	0.1246546518	-0.0821170606	0.0307685479	-0.1091228139	0.0679725859	-0.0104785198	-0.0495350801	0.0976380941	0.0	0.190754	-0.0011919999999999	0.036387088516	1.4208639999999967e-06	-0.0169499	-0.01038842	0.0001079192700964	0.00028729911001	-0.185277	-0.013855	0.0343275667289999	0.000191961025	-0.00431792	0.0	0.0	1.8644433126400004e-05	-0.00532779	7.118000000000055e-05	5.0665924000000785e-09	2.83853462841e-05	-0.000986195	-1.7550000000000074e-05	3.0800250000000263e-10	9.72580578025e-07	0.0	0.0	0.0	0.0	0.0	0.0	0.0	0.0	0.0	0.0	0.0	0.0	0.0	0.0	0.0
6040.514345677058	-56.48459126479247	36487813.56033034	3190.50905035067	12310.280170883832	-169.58410130113953	151542997.88565567	28758.76741411515	5449.873435114336	12.314268186158188	29701120.45876493	151.64120096062766	5608.895645400121	7969.0174414796575	1.214247	46.681728	0.07680725	0.0407873	0.0301185615	0.0275290107	-0.1511935164	0.009598969	-0.0196975497	-0.0240413194	0.0174362646	0.0956263862	-0.1639545677	-0.2300196717	-0.001176842	-0.0207305367	0.0671126103	-0.0821238804	0.0529255561	-0.0195469381	-0.0646571995	0.0027843044	0.073214532	0.0802764908	-0.0900808959	0.1131771387	0.0085549652	-0.1977910608	-0.075315593	-0.1975561131	-0.1877407546	-0.0931765196	0.0531315076	-0.035389158	-0.0613896591	0.0097432655	-0.0443637505	0.004681641	-0.0392570729	-0.0001960088	-0.0389021958	-0.0762481626	-0.1299543168	-0.1385723693	0.0728472494	0.0720683251	0.0405038954	-0.0645756069	-0.002485121	-0.0919136063	0.0828678854	0.1081979624	0.0936028572	0.1167273009	0.0341262404	-0.041117648	-0.0293482252	-0.0181342258	-0.2326906035	0.0053341085	0.0550923511	-0.0012743684	-0.0271007496	-0.0969334589	0.0096158466	-0.0433117228	-0.0310183481	-0.0364239103	0.0414804193	-0.1651374416	-0.030618533	0.0296147597	0.0523247348	-0.1963371965	0.2169543418	-0.0837592281	-0.1161879199	0.0080254458	0.0455423522	-0.0745460532	-0.031164802	-0.0421173506	0.0032578772	0.1304500592	0.073173638	-0.0255096435	-0.1227362079	0.0860590889	0.0979586252	-0.0251919365	-0.0535735603	0.0068156834	0.0074874961	0.0902396584	0.0053854826	0.052518602	0.0585142946	0.0847670329	-0.1870600698	-0.0032941015	-0.0248667256	0.0499498729	-0.0596782079	-0.1105157577	0.0729057878	-0.0194033074	-0.0383288409	0.0877058019	0.0	0.185399	-0.0053549999999999	0.034372789201	2.8676024999999983e-05	-0.0340834	-0.0171335	0.0002935568222499	0.00116167815556	-0.212145	-0.026868	0.045005501025	0.000721889424	-0.00391447	0.00040345	1.627719025000004e-07	1.5323075380899997e-05	-0.00539897	-7.118000000000055e-05	5.0665924000000785e-09	2.9148877060900004e-05	-0.00091181	7.438500000000005e-05	5.533128225000008e-09	8.313974761e-07	0.0	0.0	0.0	0.0	0.0	0.0	0.0	0.0	0.0	0.0	0.0	0.0	0.0	0.0	0.0
5963.982421957755	-76.53192371930345	35569086.32942109	5857.135348177282	12217.688788356048	-92.59138252778394	149271919.32912108	8573.164118406412	5425.788359879216	-24.085075235119803	29439179.32620079	580.0908490813812	5587.138235773387	7589.915723759781	1.243884	47.821152	0.0801906	0.0447311	-0.0112977904	-0.1091350053	-0.0411066157	0.0289836131	0.1350008618	-0.0082076247	-0.0434614209	0.0882522162	-0.1058154652	-0.1375266061	0.0093125495	0.0421031413	0.1278278622	0.0278110549	0.0195240744	-0.2339911019	-0.0081567418	0.0548032789	-0.0603331828	0.0230386003	-0.046017813	-0.0096697762	-0.0157590978	0.0549802919	0.1387672028	0.097334673	-0.0251501812	0.1013047112	0.0480095568	-0.2369091955	-0.0949422484	0.0163686964	-0.0275324183	-0.0754204425	-0.0711597058	-0.0606896109	-0.1681990752	0.0184728168	-0.0672978832	-0.0346344544	-0.0178956528	-0.0542598063	0.0223953682	0.0893808661	0.0592464251	-0.1412873918	-0.0245402566	0.0580898955	-0.1016223721	-0.0628154864	-0.1388029651	0.0596759802	-0.0075810013	0.1066145355	-0.1441632786	0.0181639763	0.0980802421	0.0546878028	-0.0641879844	-0.0225648648	0.1617492852	-0.1235966415	0.1088022476	0.0269282489	-0.0269967791	0.0914822911	-0.024075786	0.0969244339	-0.0814991556	-0.0678634066	-0.1516466958	0.1464905247	-0.0496221641	0.0155892516	0.0817883924	-0.2027168977	-0.0245012982	0.0012984527	0.0978469235	0.0393136961	0.1731330378	0.0366807712	0.0112652095	0.0047437816	0.0226347365	0.0628334448	0.0900338764	0.0305778101	-0.0728516749	-0.067001288	0.1089948192	0.0453218261	0.0174633044	0.1468724568	0.0724492913	0.0399526105	0.0218913677	-0.0622196364	0.1036082497	-0.1118441635	0.0776687148	-0.0282261557	-0.0267647356	0.0764945617	0.0	0.184105	-0.001294	0.033894651025	1.6744360000000448e-06	-0.036842	-0.0027586	7.609873959999999e-06	0.001357332964	-0.179502	0.032643	0.032220968004	0.001065565449	-0.00318029	0.0007341799999999	5.390202723999995e-07	1.01142444841e-05	-0.00539897	0.0	0.0	2.9148877060900004e-05	-0.00104753	-0.00013572	1.8419918400000026e-08	1.0973191009e-06	0.0	0.0	0.0	0.0	0.0	0.0	0.0	0.0	0.0	0.0	0.0	0.0	0.0	0.0	0.0
5954.952797791791	-9.029624165963469	35461462.82392828	81.53411257855147	12204.783836704328	-12.904951651720694	148956748.50067922	166.53777713324865	5400.552367851737	-25.23599202747937	29165965.877909	636.8552936110023	5560.038106530457	7316.663632842394	1.177949	45.286255	0.11355485	0.0803865	-0.0403080924	-0.1412713959	0.0146863751	0.0260556572	0.1450736312	-0.0048646532	-0.0372058318	0.0681594213	-0.0185992416	-0.0202560794	-0.0239809564	0.0622381497	0.160434407	-0.1432345988	-0.1058142027	-0.0284084225	-0.1734363678	0.1982894508	0.0265742142	0.0583643293	0.0952620403	0.0516027176	-0.0155877553	-0.0509446765	-0.0288894027	0.0298076942	0.072786689	0.088011037	-0.0404493799	0.0424609304	-0.0822762855	-0.0015665081	-0.0453970338	0.0372023027	0.0070819959	-0.172090241	-0.0997279621	-0.0571715213	0.1499088765	-0.011567267	0.0235249071	-0.0051726936	0.0422438465	0.0928593659	0.0326658797	-0.0881676733	-0.1091584377	-0.0289946221	-0.0642836163	-0.0634946467	-0.0980802371	-0.0860109251	-0.071356546	0.010406838	-0.0304800555	-5.55138e-05	0.1743118906	0.0756535305	0.0460806671	-0.087226867	-0.1887830229	-0.1865579891	0.0441511238	0.0211489631	-0.0032591914	-0.0051903209	0.1333602134	0.0828029152	0.0214955376	-0.0331574232	-0.0032764246	0.1595892098	0.0310174822	-0.007147562	-0.0433896258	0.0451353321	-0.086460221	-0.0645879156	-0.0409967321	-0.0531408596	0.1281650706	-0.1007945089	0.1068711222	0.0812169285	0.090370911	-0.0380069025	0.0973128543	-0.0568438124	-0.0616475796	-0.0479804056	0.1514451714	-0.05888634	-0.0581089324	0.0261797567	0.0911687723	0.0227140745	0.0612805489	0.1267850846	-0.0067321347	-0.1131072554	0.0822502429	-0.0369007123	-0.0149507351	0.0641678585	0.0	0.193925	0.0098199999999999	0.0376069056249999	9.643239999999992e-05	-0.0237886	0.0130534	0.00017039125156	0.00056589748996	-0.099845	0.0796569999999999	0.009969024025	0.0063452376489999	-0.00307659	0.0001036999999999	1.0753689999999994e-08	9.4654060281e-06	-0.00533706	6.191000000000009e-05	3.832848100000011e-09	2.8484209443600003e-05	-0.000992651	5.487900000000008e-05	3.011704641000009e-09	9.85356007801e-07	0.0	0.0	0.0	0.0	0.0	0.0	0.0	0.0	0.0	0.0	0.0	0.0	0.0	0.0	0.0
5965.5997492477545	10.646951455963062	35588380.368224874	113.35757530563396	12241.87963035493	37.09579365060199	149863616.88409895	1376.0979065680428	5362.873380203882	-37.67898764785423	28760410.89209941	1419.7061101671516	5519.628898143569	7399.93931534542	1.165473	44.806633	0.09646835	0.0504939	-0.05830947	-0.0893364416	0.0591769514	-0.0033839122	0.1086421058	0.0455986364	-0.0011907814	-0.002991351	0.0321508906	0.1856900129	-0.0617380907	-0.0657238762	0.0084657745	-0.081517792	0.0697951997	-0.1415094128	0.0191717781	-0.0606048383	0.1804229623	-0.134328495	0.0546329957	0.0795761753	-0.0999386011	-0.1237516257	-0.0852957058	0.1372281414	0.0445796975	-0.1075722036	-0.0791972263	0.0702108228	-0.0389430797	0.1039386267	0.1165340304	-0.0816482196	0.0642233077	-0.0890687015	0.1136738686	-0.09445618	-0.0345133488	-0.0984991252	0.0255671812	0.0860672177	-0.1210801221	-0.1160861356	-0.1111815558	0.1773957103	-0.0469029724	0.0071890601	0.1220478823	0.0219538235	0.0738056012	0.0340259525	-0.031730033	-0.1065507795	0.179384685	-0.0493918247	0.0582006567	-0.0432059273	-0.0190562492	-0.1088811268	0.1169762013	-0.0356654216	0.0393453052	-0.1336007682	-0.0988543824	-0.1330172342	0.0808484209	-0.0195121927	0.1827914626	0.1256696605	-0.0646960806	-0.065538874	-0.04457861	-0.0423772792	-0.140245302	0.0331792608	0.0225785872	-0.0755413292	0.1407649601	-0.0487241045	-0.077258058	-0.1491549736	-0.0379929635	0.0918152633	0.0771484349	-0.0135980331	-0.2163049312	0.0650596548	0.1125887082	0.0863822391	-0.1065625885	0.0286789793	-0.0747605202	-0.1120121938	-0.0969445356	-0.0691223873	0.0595025595	-0.0224465358	-0.0416278877	-0.1143042958	0.0866396718	-0.0453814036	-0.0029971437	0.0509054434	0.0	0.195657	0.001732	0.038281661649	2.9998240000000397e-06	-0.0480127	-0.0242241	0.0005868070208099	0.00230521936129	-0.13434	-0.0344949999999999	0.0180472355999999	0.0011899050249999	-0.00370971	-0.00063312	4.008409344000001e-07	1.37619482841e-05	-0.00539897	-6.191000000000009e-05	3.832848100000011e-09	2.9148877060900004e-05	-0.000967336	2.531500000000004e-05	6.408492250000018e-10	9.35738936896e-07	0.0	0.0	0.0	0.0	0.0	0.0	0.0	0.0	0.0	0.0	0.0	0.0	0.0	0.0	0.0
5980.096070283601	14.49632103584645	35761549.00982137	210.14332357432428	12261.524118955964	19.644488601034027	150344973.7197388	385.90593239615583	5384.590166008705	21.716785804822397	28993811.25587765	471.6187856925354	5538.464179905905	7440.21280026905	0.994715	38.241837	0.0876484	0.0394894	-0.0558876113	-0.0389228896	0.0780523604	-0.0036135318	0.0654129571	0.0676367994	-0.0292023436	-0.0148298431	0.0638551568	0.0863549801	-0.0672494779	-0.0429733393	-0.0236068078	-0.1521620712	-0.061949621	-0.0289737095	-0.1406694146	0.0245493646	-0.0535781411	0.0375145878	0.057024494	-0.0410095357	-0.0314111506	0.0022321824	0.1219578491	-0.0484104262	-0.0496550644	-0.1142474206	-0.0313082422	-0.0306778867	-0.0472565759	-0.0866136292	-0.0526741982	0.0872663311	-0.1537734835	0.0364568694	0.0085899894	0.0207158024	-0.0665261752	-0.1695636406	-0.0461242673	-0.203652435	0.0255954023	0.010988119	-0.0740586422	-0.0086682106	0.0236271026	-0.0280763039	0.0007550926	0.149823448	0.1866247197	-0.2244068427	0.049140733	0.0367252471	0.0915795661	-0.0640417295	0.0015184809	-0.0170083422	0.0858438682	-0.1173069191	-0.0539661777	-0.1247446467	-0.0758555535	0.0712337355	0.0039943796	0.0604009205	0.0604789518	0.048992851	0.0012420977	-0.0889686619	-0.0385870536	-0.1280814645	0.0035851774	0.0350051628	-0.0020765553	-0.0831512513	-0.0613697396	-0.0542506717	-0.0829255459	0.0237039032	0.0545547066	0.0826839889	-0.1667010374	-0.0353355634	0.1241451134	0.1032253389	0.1386904621	0.019803007	0.0910171608	0.0334015957	-0.1078081225	-0.0950115685	0.063561556	-0.0925728233	-0.1075147145	0.0955240869	-0.1028461755	0.2273222684	-0.0018257256	-0.1154345858	0.0908267497	-0.0536236746	0.0089844312	0.0369007123	0.0	0.199773	0.004116	0.039909251529	1.694145600000007e-05	-0.0177495	0.0302631999999999	0.0009158612742399	0.00031504475025	-0.150709	-0.016369	0.022713202681	0.000267944161	-0.00413002	-0.0004203099999999	1.7666049609999978e-07	1.70570652004e-05	-0.00539897	0.0	0.0	2.9148877060900004e-05	-0.00128503	-0.000317694	1.00929477636e-07	1.6513021008999998e-06	0.0	0.0	0.0	0.0	0.0	0.0	0.0	0.0	0.0	0.0	0.0	0.0	0.0	0.0	0.0
6018.236358672123	38.140288388522094	36219168.86884309	1454.6815983596332	12334.942743900869	73.41862494490488	152150812.4953127	5390.294488800609	5400.091361189614	15.501195180909235	29160986.709194697	240.2870520366437	5553.206526142329	7559.826504698699	0.962363	36.998077	0.0461673	0.0290476	-0.0469991123	0.0212028548	0.0475224542	-0.0394922776	-0.0079145089	0.0253786058	0.0186339014	-0.0629533643	0.0255537769	0.0105772148	-0.0384807086	0.0035786001	-0.0629212722	0.0069540101	0.0501150041	0.0276344168	-0.0075544471	-0.0001106481	0.0278178537	-0.0108794445	-0.0695376652	0.0780742949	0.0090796873	0.0268232038	0.0249137736	-0.1274565797	0.0937881333	0.20322262	-0.0353551126	0.1087184976	-0.1329301694	-0.0528452359	-0.0526636422	-0.0398280794	-0.0548964302	0.0313723932	-0.0655773121	-0.1482001591	0.0851572158	-0.00737004	-0.1033142298	0.1130666983	0.0616131696	0.0407296496	-0.1263697509	0.0745851748	0.0265831261	-0.0232415151	-0.0183285547	-0.1176369604	0.1231979742	-0.0473619863	0.0066204783	0.0466577255	0.0171188684	-0.0462335269	-0.0656288216	0.0010604393	-0.0074398103	-0.0099065231	0.0120301601	0.0495550821	-0.0147963326	-0.0290885994	-0.061005156	-0.0708872667	-0.0348516396	0.0921375453	-0.085016388	-0.0740223058	0.0734066562	0.1094938609	0.1042675442	-0.092444754	0.0390976319	0.1331592417	-0.162162256	0.0227051893	-0.0134401712	-0.0659590646	0.0382955069	0.0811924332	0.0769429294	0.1051695424	0.0654692682	0.0796196598	-0.0769367712	-0.1493262714	0.1115688353	-0.0192859794	-0.0186770133	0.0380665789	-0.0372307924	-0.0408348474	0.0684479317	-0.0973950099	-0.1043358716	0.0852956048	0.0401630903	-0.1164974652	0.0948016975	-0.0615842229	0.0208821209	0.0223578858	0.0	0.223438	0.0236649999999999	0.049924539844	0.0005600322249999	-0.0177803	-3.0799999999997496e-05	9.486399999998455e-10	0.0003161390680899	-0.150639	7.00000000000145e-05	0.022692108321	4.900000000002029e-09	-0.00384951	0.0002805099999999	7.868586009999993e-08	1.48187272401e-05	-0.00532205	7.692000000000029e-05	5.916686400000044e-09	2.83242162025e-05	-0.00119443	9.059999999999993e-05	8.208359999999987e-09	1.4266630249e-06	0.0	0.0	0.0	0.0	0.0	0.0	0.0	0.0	0.0	0.0	0.0	0.0	0.0	0.0	0.0
6034.590139505137	16.353780833013843	36416278.15181263	267.44614753425094	12335.03919278152	0.0964488806512235	152153191.88745618	0.0093023865788739	5437.911136776996	37.81977558738163	29570877.53148328	1430.3354254799074	5595.854036276249	7780.158602788774	1.075094	41.332027	0.0662505999999999	0.0416899	0.0154909608	0.018443703	-0.059871802	0.006710526	-0.0044137755	-0.019169673	0.047603632	0.0342979027	-0.1035976133	-0.1741592919	0.0015439941	0.0553624438	0.0704789407	-0.0741519907	-0.0247195581	-0.0739405579	0.0500792019	-0.2292121808	0.0516345393	-0.0061954055	0.0203540253	-0.0466820174	0.063417603	0.1281302938	0.0111447316	-0.006137423	0.0182914097	0.0613832603	0.0542441908	-0.0014263886	0.0241102739	0.2574097009	0.0261702657	0.0889121032	0.0851515755	-0.1197924375	0.0144661975	-0.0899668855	0.1334770181	0.0365628171	0.1127859335	0.0246685296	-0.0842487327	-0.0019519467	0.0400845456	-0.1011423039	-0.0137703238	-0.040999224	-0.1143807854	0.0488948117	0.0422224953	0.0226895786	0.0322482495	0.0614729306	-0.1733392107	0.0170118155	0.0339663757	0.0870037041	0.0318855615	-0.0809708654	0.1554549704	0.0283926247	-0.1233972695	-0.1007090347	0.0106110996	0.0735347167	0.0242949972	-0.0817596081	-0.1210378279	0.0775811255	-0.0415189003	0.0243245124	-0.0106496032	-0.1432590866	0.1134795999	0.0303325111	0.1420254865	-0.0517764995	0.0044945855	-0.0506987664	0.0131847788	-0.1569456836	0.1348527237	0.0837277484	0.0176116714	-0.1578669475	-0.0020221169	0.0240780806	-0.0009525212	-0.0022839928	0.0919150382	-0.1907016344	0.0554768756	0.0646365727	0.0642189176	0.0289779257	-0.0430414426	-0.042316882	0.0272159187	-0.1174923133	0.0985552316	-0.0692212261	0.0325848399	0.0074890309	0.0	0.220814	-0.0026239999999999	0.048758822596	6.885375999999934e-06	-0.0177869	-6.600000000002437e-06	4.3560000000032166e-11	0.00031637381161	-0.186023	-0.035384	0.034604556529	0.0012520274559999	-0.00388896	-3.94499999999999e-05	1.556302499999992e-09	1.5124009881599998e-05	-0.00580248	-0.0004804299999999	2.308129848999996e-07	3.36687741504e-05	-0.00114959	4.4839999999999984e-05	2.0106255999999987e-09	1.3215571681e-06	0.0	0.0	0.0	0.0	0.0	0.0	0.0	0.0	0.0	0.0	0.0	0.0	0.0	0.0	0.0
5980.101910577079	-54.48822892805765	35761618.86088763	2968.9670917164185	12245.466523086974	-89.57266969454577	149951450.36804378	8023.263156208198	5413.818431426272	-24.09270535072392	29309430.008450817	580.4584511168009	5573.187801219983	7585.310468795745	1.077516	41.425129	0.0584129999999999	0.0260432	0.0260709421	-0.0811348663	-0.0215128463	0.0621658874	0.0850442348	-0.0287805138	0.0047191687	0.0337723536	-0.0573077931	-0.0628360596	0.0219889235	0.050111991	0.0998035187	-0.0073892206	-0.0019329055	0.1048726328	0.021692802	-0.1147121303	-0.0537212777	-0.0513354378	0.0263241857	0.0710706314	0.1419865507	0.0333137732	-0.0044103691	-0.0134782617	-0.0352115351	0.0620324933	0.0453770937	-0.1206555572	-0.1293136586	0.0383179334	-0.1495067191	-0.0581714094	0.018431107	0.0078427657	0.0312745244	0.0257366696	-0.0896155892	0.0081868019	0.025519469	-0.2403725432	0.0162017671	-0.0489961037	-0.0664272917	-0.0442095318	0.0520258209	-0.0205091242	0.0653744488	-0.0634324341	0.014400158	-0.0129854131	0.1138599439	-0.1418188416	-0.0666165145	0.0469042714	0.088577042	0.0625773883	-0.0039555106	-0.000380472	-0.0146780146	0.1270449285	-0.0980979865	0.0148342593	-0.0559244288	-0.0411132387	-0.0016613789	-0.1083451794	-0.0807575806	-0.0217643212	-0.0033002362	0.104414359	-0.0177424744	-0.055362395	0.115219355	-0.1402576864	-0.0880473017	0.0544509141	-0.0043011395	-0.0183694939	0.0362988249	-0.0357941066	-0.0608614716	0.0159697653	-0.0497850119	0.0009965104	0.1925881403	0.1560008886	0.0827046035	0.0249385032	-0.0176781789	0.1300260834	0.0777727635	-0.0728091196	-2.86183e-05	0.0424217257	-0.0713256104	-0.0342152618	-0.1153299755	-0.1184185493	0.1020785854	-0.0764945617	0.043983323	-0.0074890309	0.0	0.228505	0.007691	0.052214535025	5.915148100000005e-05	-0.0178329	-4.599999999999743e-05	2.115999999999764e-09	0.0003180123224099	-0.17165	0.0143729999999999	0.0294637224999999	0.0002065831289999	-0.00353384	0.00035512	1.261102144e-07	1.24880251456e-05	-0.00554267	0.0002598099999999	6.750123609999958e-08	3.0721190728900006e-05	-0.00103846	0.00011113	1.2349876900000018e-08	1.0783991715999998e-06	0.0	0.0	0.0	0.0	0.0	0.0	0.0	0.0	0.0	0.0	0.0	0.0	0.0	0.0	0.0
5978.113263857416	-1.9886467196629385	35737838.19550797	3.954715775626165	12254.67122028911	9.20469720213623	150176966.7173822	84.72645058301455	5386.597624810774	-27.22080661549808	29015433.97161707	740.9723127983439	5543.695234964208	7421.313204545218	1.010356	38.843159	0.0899037	0.0522673	-0.0083963763	-0.0818857023	0.0513608028	0.0323541751	0.0783247863	0.0311917242	-0.0146285972	0.0358197953	-0.0044829159	0.0658382071	-0.0154720815	0.0332320508	0.0666026842	-0.0634882558	-0.1100226948	-0.0619520917	0.0375818496	0.073594816	0.0353595461	0.0160304249	-0.185464977	-0.1627000112	-0.2426050276	0.0070648593	-0.0029236856	-0.0349300769	-0.0611656787	-0.00438177	0.1267414936	0.0569303494	-0.0249474142	0.0782708743	0.0296653498	0.1057297208	-0.0875103998	0.0144389421	0.18502026	0.0211695902	-0.069718415	0.1163559656	-0.0017508257	0.0232439241	0.0092093945	0.1009289457	0.0248682078	0.0034377865	0.0841280364	-0.0696863497	0.0682537761	0.0437684569	-0.1235742788	0.1233221158	0.0782518273	0.0191825715	0.0630043498	0.01005249	0.0771507458	0.0521297683	0.0832572368	-0.0456650489	-0.0083577029	-0.0725175246	0.081753693	-0.0915021428	0.0474933678	0.1503073646	-0.1792762834	0.1789710466	0.0792089062	0.0616623578	0.0357265712	-0.1143804477	-0.0888524003	-0.0610307092	0.143776999	0.0794632972	0.0143130387	-0.0924514499	-0.0267564939	-0.0621962641	-0.0839138495	0.037180625	-0.1436279033	0.0074593877	-0.1126631719	-0.0814288053	-0.0185121791	-0.0517634039	-0.067898111	-0.1039889354	-0.0154928549	-0.0051590149	0.0978044863	-0.0541121665	-0.0330338358	0.1084393158	0.066965796	-0.1351546647	-0.0436703829	-0.1192756321	0.1053635299	-0.0833660178	0.0549711457	-0.0223578858	0.0	0.21	-0.018505	0.0440999999999999	0.000342435025	-0.0150332	0.0027996999999999	7.838320089999992e-06	0.00022599710224	-0.130982	0.040668	0.0171562843239999	0.001653886224	-0.00386194	-0.0003281	1.0764961e-07	1.49145805636e-05	-0.00575219	-0.0002095199999999	4.389863039999979e-08	3.30876897961e-05	-0.00105946	-2.099999999999997e-05	4.409999999999987e-10	1.1224554916e-06	0.0	0.0	0.0	0.0	0.0	0.0	0.0	0.0	0.0	0.0	0.0	0.0	0.0	0.0	0.0
6004.629884039658	26.51662018224124	36055580.04430211	703.1311458892435	12262.781611234012	8.110390944901155	150375812.844819	65.77844127913465	5392.539515803999	5.94189099322557	29079482.429507628	35.30606857537515	5543.955546999813	7515.746908845267	1.058041	40.676403	0.1558881	0.0804203	0.0060176084	-0.0167854518	0.045117511	0.0273742756	0.0136733131	0.0045776694	-0.0608480442	-0.0141848177	0.0648872798	0.0594729574	0.0277852578	0.0127658848	-0.0173001038	0.0060012085	-0.1375333098	-0.1115891647	0.0509536939	-0.1106453771	0.0311871142	-0.065996803	-0.0643969032	-0.2045083939	-0.0014084718	-0.0112350853	0.0525128557	-0.03394351	0.0253029337	0.0398170372	-0.0097596453	-0.0422676362	-0.033535249	-0.0564357519	-0.0795818906	-0.1194843949	0.1218725426	-0.0176099667	0.0506287197	0.0047159526	0.0860797398	-0.0408121136	-0.0640627573	-0.0305294095	-0.0543981585	0.1334383359	-0.0648748159	0.0172716278	-0.087313509	-0.1298061764	0.0549714072	-0.0116700518	0.0751074684	-0.0260915488	0.0515405221	0.0649726555	0.068650771	0.0202364613	-0.0402982717	0.0192854653	0.1130499505	0.0361182161	0.1367639972	-0.0645604169	-0.0436114858	-0.1202081477	0.0052823212	0.1959828126	-0.0872888411	-0.0481874845	0.0441683799	-0.0563012785	-0.0103261401	-0.0055590576	0.0616353579	0.0333940908	-0.0080056826	-0.0314196655	-0.0899074736	0.0894857434	0.0150797561	-0.1160344328	-0.0542041646	-0.063055958	0.1002561572	0.010370102	0.0606575696	0.0525197837	0.0296339049	0.0623993653	0.0514291477	-0.138205057	0.028064165	-0.0202540095	-0.0519305164	-0.1658549794	0.0178716281	0.0918740348	-0.0581543655	-0.0164670092	0.0933632197	-0.1200630614	0.108402393	-0.0897994937	0.0654457176	-0.0369007123	0.0	0.226247	0.016247	0.051187705009	0.000263965009	-0.0030426	0.0119906	0.00014377448836	9.25741476e-06	-0.148661	-0.017679	0.0221000929209999	0.000312547041	-0.00299297	0.0008689699999999	7.551088608999995e-07	8.9578694209e-06	-0.0046473	0.0011048899999999	1.2207819120999995e-06	2.159739729e-05	-0.00128503	-0.00022557	5.088182490000002e-08	1.6513021008999998e-06	0.0	0.0	0.0	0.0	0.0	0.0	0.0	0.0	0.0	0.0	0.0	0.0	0.0	0.0	0.0
6025.584433752097	20.954549712439075	36307667.76827557	439.0931536510805	12371.118387803848	108.33677656983672	153044570.1650585	11736.857157542723	5437.568766105873	45.02925030187362	29567154.086130142	2027.6333827487847	5595.104118102182	7688.936739776449	1.148724	44.16272	0.2983239000000001	0.159531	0.0821052304	-0.0252739168	-0.0710964335	0.0146630632	-0.0103365086	-0.172316223	0.0181366934	-0.0197127301	0.003038141	-0.1418373159	0.0737468019	-0.0690600239	0.0793140034	0.2478661118	0.0551142695	-0.0630826331	0.0859400217	0.058530588	0.0721682083	-0.1281948101	0.0821059349	-0.1801788412	0.0611431295	0.0333157002	0.0335308855	-0.0230043	-0.1024839454	-0.1192238779	-0.1157178936	0.0209456892	0.0198061539	-0.2161447199	-0.0088518136	0.0334094263	-0.0370653229	0.0365893026	0.0059493542	0.0455262977	0.1802667422	0.1680052257	0.0410432947	0.0644234735	-0.0495422201	-0.0990923617	-0.1792006125	-0.0755805941	-0.1030290791	0.0322892931	-0.055207609	-0.008161719	-0.0355855818	-0.1276768871	-0.0629418105	-0.0759171109	-0.1404718301	0.0584086394	0.0309968376	-0.0903776325	-0.1350595004	0.2177480874	0.0657848128	0.0323924736	0.1260613121	-0.0875442428	-0.068678535	0.175509352	0.0572266294	-0.1259179418	-0.0038091293	-0.0203770598	0.0233249997	-0.153069763	-0.0158617922	0.1510344651	-0.1830654004	0.0012345078	-0.1022078053	1.19034e-05	-0.0666855982	-0.1118788827	0.0383997393	0.1216590447	0.08399927	-0.0643162725	-0.1392533095	-0.0999626717	-0.0262980297	-0.0001548552	0.1733879508	0.0371243135	0.1498697808	0.0016584835	-0.0643223225	0.0419979596	0.0561528212	-0.0360575974	0.0503235249	0.1299992527	-0.0316255753	-0.1207803772	0.1111880772	-0.09576119	0.0753092405	-0.0509054434	0.0	0.144916	-0.081331	0.0210006470559999	0.006614731561	0.0127468	0.0157894	0.00024930515236	0.00016248091024	-0.208379	-0.059718	0.043421807641	0.003566239524	-0.00168225	0.00131072	1.7179869184000006e-06	2.8299650625e-06	-0.00312831	0.00151899	2.3073306201e-06	9.7863234561e-06	-0.00128503	0.0	0.0	1.6513021008999998e-06	0.0	0.0	0.0	0.0	0.0	0.0	0.0	0.0	0.0	0.0	0.0	0.0	0.0	0.0	0.0
5980.730679787782	-44.85375396431482	35769139.464154825	2011.8592446912876	12267.401558327523	-103.71682947632507	150489140.99325654	10757.180716621093	5428.193076958202	-9.375689147670528	29465280.080736957	87.9035469937469	5588.794354782678	7623.526372078953	1.149457	44.19088	0.2414009	0.124413	0.0570065746	-0.0930705336	-0.0493848007	0.0731169427	0.0729403528	-0.0328759748	0.0112403665	0.0446485777	-0.075612021	-0.1144006868	0.0305009678	-0.0665786967	0.113955122	0.0462770072	0.0163070873	0.047432432	0.0170046506	0.1312272479	0.1179886232	-0.0019303612	0.0497558443	0.0367293991	-0.2015594469	-0.0859992826	-0.0108997408	0.1487864453	-0.0428768139	-0.0539046349	-0.0316599304	-0.0172038348	-0.0737997424	-0.0825241581	-0.0519880552	-0.0046763283	0.0435559961	0.1343168359	-0.0908574286	0.0543230865	-0.140640321	-0.1583868026	-0.05532898	0.0031381232	0.1192226058	-0.0886186364	-0.0758971924	0.045436979	-0.1079133483	0.17421167	0.0977485136	-0.0746265562	-0.0329567428	0.1058582521	-0.1087796716	-0.0696666443	-0.1228020006	0.0361243127	0.1273713753	-0.0648935018	-0.0763698246	0.0279644483	-0.0883277935	0.008777356	0.0949389477	-0.0960372368	0.0286710549	-0.0533842812	0.0562999763	0.1472095392	0.1823825121	0.0666288846	-0.0702612278	-0.0129082815	-0.0905497778	0.0349620153	-0.0443995804	-0.0964817547	-0.1125598673	-0.0009706527	-0.0453937241	0.1529046315	-0.014861399	0.0538782768	-0.0240972429	-0.0863204433	0.0679339196	0.1333449698	-0.0075995389	0.0135838876	0.0762607914	0.0639958779	0.0167821046	0.2646013815	-0.0873216934	0.0381045072	-0.0631085545	-0.1403733399	0.0857886523	-0.0860844485	0.0246480779	-0.1214271607	0.1137140766	-0.1012197857	0.0844696213	-0.0641678585	0.0	0.189567	0.044651	0.035935647489	0.001993711801	-0.0199726	-0.0327194	0.00107055913636	0.00039890475076	-0.164738	0.043641	0.0271386086439999	0.001904536881	-0.00238648	-0.0007042299999999	4.959398928999999e-07	5.6952867904e-06	-0.0047249	-0.0015965899999999	2.5490996280999992e-06	2.232468001e-05	-0.00117806	0.0001069699999999	1.1442580899999968e-08	1.3878253636000003e-06	0.0	0.0	0.0	0.0	0.0	0.0	0.0	0.0	0.0	0.0	0.0	0.0	0.0	0.0	0.0
5963.584317549104	-17.146362238678194	35564337.91251761	293.99773801996946	12249.388929934645	-18.01262839287847	150047529.15680543	324.4547816199316	5389.10177952537	-39.09129743283211	29042417.990083512	1528.129534982146	5548.972339722668	7376.925359769734	1.033436	39.730453	0.0863046	0.0467573	0.0201418242	-0.1312916275	0.044013263	0.053018711	0.0960979702	-0.0324652119	-0.0113491891	0.0150490167	-0.0298126157	0.0335907646	0.0602455174	0.082453929	0.2576835054	-0.0455899438	0.069039356	-0.0333913045	-0.0834050858	0.0020656911	0.0961958414	-0.0306896365	0.0399271915	-0.0192547615	0.0468882735	0.1034848917	-0.0565468795	-0.0587652684	0.0650894236	0.0708176236	0.0764993404	0.0179236839	0.1116620832	0.0239231223	0.0078873992	0.138891231	-0.1112508231	0.0196074155	-0.05941046	0.1396324572	-0.0357522662	-0.0621751895	-0.0185727713	0.0670988628	0.0607818425	-0.114630871	0.0545947897	0.1384833685	-0.0604910069	0.0032615756	0.0980150391	0.0957247808	-0.08695829	0.0894820032	0.0814793666	0.0602686012	0.0257704387	0.0770819616	0.1642542097	0.061809938	-0.1437826609	-0.071845241	-0.029523025	-0.0476912967	-0.0137887147	-0.0978976903	-0.0515729613	0.0964736914	0.0659974271	-0.0036587407	-0.1139982577	0.036809881	0.0705429719	0.0739790998	0.0283028633	0.015326944	0.0450391074	0.0836403234	0.1527616888	-0.0629459942	-0.112318632	0.0392827126	0.0570771679	0.0336573517	-0.0718847282	-0.114749836	0.0029297449	0.0759271224	-0.0619564026	-0.0428330578	-0.0613592126	0.1783812366	-0.03656308	0.044833798	-0.1167931683	-0.0746430744	-0.0940635388	0.0967008666	0.073127287	-0.103105629	0.0140813548	-0.1220030341	0.1159744915	-0.106146603	0.092841332	-0.0764945617	0.0	0.199104	0.0095369999999999	0.039642402816	9.09543689999998e-05	-0.0234002	-0.0034275999999999	1.1748441759999997e-05	0.00054756936004	-0.143614	0.021124	0.020624980996	0.000446223376	-0.0026784	-0.00029192	8.521728640000013e-08	7.1738265600000005e-06	-0.00537033	-0.00064543	4.165798849000008e-07	2.8840444308900003e-05	-0.00128503	-0.0001069699999999	1.1442580899999968e-08	1.6513021008999998e-06	0.0	0.0	0.0	0.0	0.0	0.0	0.0	0.0	0.0	0.0	0.0	0.0	0.0	0.0	0.0
5966.748374232893	3.164056683789568	35602086.16141088	10.011254698233436	12210.461521759087	-38.9274081755575	149095370.57435924	1515.3431072664612	5376.979002627591	-12.12277689777875	28911903.19469801	146.96171971331816	5532.480343479744	7322.047410496617	1.013212	38.952972	0.0904595999999999	0.0622961	0.0016282886	-0.1009122429	0.0762808089	0.0779334164	0.1047439188	0.0387393646	-0.0497048754	-0.0074152992	0.0723149427	0.1239912946	0.0351324602	-0.007845402	-0.0901418525	-0.0351337613	-0.0084525667	0.0894448824	0.0024327516	-0.0121760839	-0.1398520194	-0.0164219542	-0.0116422514	0.0961538504	0.0394875232	-0.0500644288	-0.0605793447	0.0738236197	0.011745145	-0.0574848665	0.055455488	0.0285546963	-0.049315179	0.1003720421	0.0318583416	0.1047972146	-0.1524450264	0.1339145206	0.0014145676	0.2803523535	0.123702847	0.0633429557	-0.058782625	-0.0051091449	0.1242596224	-0.1514837409	-0.0076428962	-0.1490782514	0.0152199739	0.0994562466	0.0642783466	-0.1864817307	0.0777784829	-0.0911590911	0.031147921	0.04516229	0.1214762532	0.0311861026	-0.0142986502	-0.0144780863	0.0427783862	-0.0225454358	-0.0708279175	0.0437583807	-0.0387213457	0.1780696081	-0.0112997269	-0.1246883061	-0.0441065249	-0.0841929632	0.0647293824	0.0927742304	-0.0485422708	-0.045238183	-0.0541875972	-0.0818394553	0.1035339828	0.0537120518	0.0468496468	-0.1057749113	-0.0045065309	-0.0673040924	0.0133351751	0.1833858572	0.0143067751	-0.2363451512	-0.0724324633	0.0426292443	0.0796227421	-0.0388788368	-0.0339627036	0.1466569106	0.168287208	0.1409368862	0.0270219113	0.0001927225	0.0163799652	-0.1029175779	-0.1810230726	0.0920181228	-0.0050375882	-0.1225076612	0.1179640426	-0.1105157577	0.1003462082	-0.0877058019	0.0	0.201312	0.0022079999999999	0.040526521344	4.875263999999946e-06	-0.0444463	-0.0210461	0.00044293832521	0.00197547358369	-0.123893	0.0197209999999999	0.015349475449	0.0003889178409999	-0.00360326	-0.00092486	8.553660196e-07	1.29834826276e-05	-0.00539516	-2.482999999999999e-05	6.165288999999996e-10	2.9107751425600004e-05	-0.00128503	0.0	0.0	1.6513021008999998e-06	0.0	0.0	0.0	0.0	0.0	0.0	0.0	0.0	0.0	0.0	0.0	0.0	0.0	0.0	0.0
5994.219351950145	27.470977717252023	35930665.63929362	754.6546167417573	12290.46061156579	79.99908980670261	151055422.04445013	6399.85436990087	5383.904440135414	6.925437507822608	28986427.020509824	47.96168467475621	5537.385710244187	7297.402226263921	1.075062	41.330791	0.1020864	0.0626059	-0.020070827	-0.0330832953	0.0967596702	-0.0056141208	0.0268366572	0.0286225259	0.0016963874	-0.0758861044	0.1091843432	0.1153422834	0.0084179702	-0.0420352131	-0.0993663893	0.1489837894	-0.02223247	0.180748885	0.0247799805	0.0873102176	0.0430782952	0.0747180133	-0.1153051229	0.1127342298	0.0112710585	-0.0267861217	0.0367278582	0.0917829962	0.0358729872	0.0785320406	0.0039310564	-0.0253697697	0.1102612411	0.0374874235	0.0193945906	0.0026683936	-0.0632215849	-0.029617965	-0.014431704	0.0010520755	-0.0649273768	-0.0113679832	0.0054354803	0.0002331443	-0.1183375112	0.0562232635	0.1433574674	-0.0254033112	0.1657212871	0.0092600591	0.0655599014	-0.0469156667	-0.0461685534	0.122862669	-0.1414711031	0.0719873466	0.1164637715	-0.0139882949	-0.0571655867	-0.0591291918	0.0087782559	0.1586542341	-0.1327062906	0.0773485046	0.0435735949	-0.0163764312	0.0668077523	-0.1713519567	-0.1004749508	0.052976113	-0.0129232744	-0.005292526	-0.0684745554	0.1022576507	0.0023274597	0.0202223791	0.016603492	0.0300465717	0.1106170654	0.0503931758	0.0047477782	0.0241329163	0.0644561678	0.0378723634	-0.0320146119	-0.0148170695	-0.0076964779	-0.0200892793	-0.0645362383	0.0451582353	-0.1586449308	-0.0962226132	-0.0583546913	-0.0385026905	0.1675962187	-0.007807547	-0.0346834522	-0.109028883	0.0095851069	-0.1058595786	0.1107584841	-0.1229407472	0.1196780832	-0.1143042958	0.1069141789	-0.0976380941	0.0	0.203103	0.001791	0.041250828609	3.207681000000053e-06	0.0121421	0.0565884	0.0032022470145599	0.0001474305924099	-0.106462	0.017431	0.011334157444	0.000303839761	-0.00333143	0.00027183	7.389154890000014e-08	1.1098425844899998e-05	-0.00528914	0.00010602	1.1240240400000015e-08	2.7975001939600003e-05	-0.00113736	0.0001476699999999	2.1806428899999976e-08	1.2935877696e-06	0.0	0.0	0.0	0.0	0.0	0.0	0.0	0.0	0.0	0.0	0.0	0.0	0.0	0.0	0.0
6055.257914733595	61.03856278344938	36666148.41394384	3725.706146669092	12362.870408645316	72.40979707952647	152840564.740958	5243.1787130982	5427.658476600417	43.75403646500308	29459476.53861236	1914.4157069808196	5581.939630244729	7653.007663205145	1.285632	49.426136	0.1652895	0.0848377	0.0158474382	0.0785671376	0.0261828281	-0.0041861844	-0.078036296	0.0515109263	0.0150631232	-0.0732223604	-0.0210284479	-0.0595021164	0.0638569617	0.0093418436	-0.1867266602	-0.1029746431	0.0132661559	0.015018295	0.107569466	-0.0692703305	-0.0726769582	0.0858633768	0.0213927031	-0.2025676803	0.0043513989	-0.0211613611	-0.0900200517	-0.0719508382	0.0393706966	-0.0943287071	0.0931908238	0.0180994418	0.0829645131	0.0078991464	0.1233367529	0.0463601617	0.235662999	0.0863072222	-0.1543243264	0.0874215136	0.0621670814	0.0239112332	0.19830617	0.0967729151	0.0176553617	-0.0952918543	0.048016932	0.0615720981	0.1264079554	0.1013146957	0.0224014526	0.1324028875	0.061584579	-0.2268462151	0.1165980295	-0.0684081758	-0.0569375371	0.0370663916	-0.1704672105	-0.0078333307	0.0522908511	-0.103819226	0.0378007841	0.0291198252	-0.0402201202	0.051438334	0.1553587875	0.1228284336	-0.0425754304	-0.1261671286	0.0918117629	0.0521320859	0.1053092007	-0.1004479372	0.0668373882	0.0687009196	0.0629809817	0.0103949751	0.0567411618	-0.0321427536	0.0290884131	0.1639211586	-0.0787581455	-0.047648631	0.2674379848	-0.1681327116	-0.0339255495	-0.1306242133	-0.1172579685	-0.005316818	-0.0346052276	0.1222034597	-0.1264411602	0.0056960649	0.0482400271	0.1455727848	-0.146391982	0.1037566811	-0.0610657428	0.1742036003	-0.0701454215	-0.1233020394	0.1211126101	-0.1174923133	0.1124839207	-0.106146603	0.0	0.218595	0.015492	0.047783774025	0.000240002064	-0.0494839	-0.061626	0.003797763876	0.00244865635921	-0.158362	-0.0519	0.025078523044	0.00269361	-0.00380317	-0.00047174	2.225386276e-07	1.4464102048899998e-05	-0.00539516	-0.00010602	1.1240240400000015e-08	2.9107751425600004e-05	-0.00128503	-0.0001476699999999	2.1806428899999976e-08	1.6513021008999998e-06	0.0	0.0	0.0	0.0	0.0	0.0	0.0	0.0	0.0	0.0	0.0	0.0	0.0	0.0	0.0
6050.997618889745	-4.260295843849235	36614572.18380937	18.150120677119062	12351.795243103748	-11.075165541567912	152566845.7275604	122.65929177313328	5416.789746122026	-10.868730478390717	29341611.15369273	118.1293022118993	5571.381841735569	7759.573680856018	1.064868	40.938854	0.0623251999999999	0.0380494	0.0568841951	0.0708537847	-0.0375536463	0.0201879757	-0.1073618024	-0.0451111762	0.0010488298	-0.0056902511	0.0125364279	-0.0472855243	0.0478271522	0.0398846025	-0.0228229692	-0.0757435278	-0.0134410422	0.0858271417	0.0663332415	-0.0303608653	-0.118930851	-0.0646491408	-0.0271842994	0.04625246	0.0567151877	0.0025986984	0.1017679072	0.0531298764	0.076990468	-0.0614632299	0.1260083939	-0.071158037	0.0186991442	-0.1557434694	-0.0117628036	-0.0033219491	0.0870786613	-0.0432887969	-0.0201929283	-0.0563215653	-0.0490603384	0.019151512	0.0851655178	0.0375877339	-0.179401532	0.0376661512	0.1075850113	0.1164967729	0.0652730954	-0.0516705044	-0.1484693569	0.0259418568	0.1065377826	0.1277086159	-0.0407566208	0.0388315715	-0.0473261452	0.0537831945	-0.0374696701	0.0319626535	0.0612483753	-0.0495789205	-0.0367453624	0.1054026733	-0.0248779956	0.0906275559	-0.0317098127	0.0103076799	-0.0629718993	-0.0250341481	-0.0026147861	-0.0204809399	-0.1208648885	0.0206566328	0.1187165199	0.1804331992	0.0401921342	-0.0598327678	-0.0230466866	-0.0002673352	-0.0156337861	0.0595136596	0.0122688705	-0.070532804	-0.0015049413	0.0619095993	-0.0549393086	-0.0550989966	-0.0689141611	0.10888191	-0.0251148745	-0.0411961591	-0.1487206345	-0.1783343621	-0.0678906373	0.0637378018	0.0860658636	-0.0506029512	-0.0528830347	-0.0662533692	0.0387235929	-0.1235913266	0.1222642728	-0.1200630614	0.1170034304	-0.1131072554	0.0	0.217684	-0.000911	0.0473863238559999	8.299210000000418e-07	-0.0328187	0.0166651999999999	0.0002777288910399	0.00107706706969	-0.186658	-0.0282959999999999	0.0348412089639999	0.0008006636159999	-0.00358506	0.0002181099999999	4.757197209999985e-08	1.2852655203600002e-05	-0.00539516	0.0	0.0	2.9107751425600004e-05	-0.00117408	0.0001109499999999	1.2309902499999966e-08	1.3784638464000002e-06	0.0	0.0	0.0	0.0	0.0	0.0	0.0	0.0	0.0	0.0	0.0	0.0	0.0	0.0	0.0
6039.505373360926	-11.492245528819694	36475625.1548555	132.07170729467626	12369.859067111	18.06382400725124	153013413.3401882	326.3017377649463	5404.766652992617	-12.023093129409062	29211502.573301017	144.5547683984434	5561.909919472091	7677.172129092851	1.026272	39.455048	0.1189104819999999	0.0679552	0.0277343271	0.0707461756	-0.0119499207	-0.0106296709	-0.0788004334	-0.0170878551	-0.0436331863	0.0031298475	-0.0198414358	0.0044346603	0.0153396314	-0.0473863161	0.0865478176	0.0497181249	0.0529852742	-0.0050000037	-0.0260278628	0.0291814603	-0.160371817	0.1135084969	0.0130438814	0.1386488389	0.0174272912	-0.0279321773	-0.0589088312	0.0058057752	-0.0024810006	0.0120696016	-0.1707235524	-0.0815904909	0.0165616127	0.0132672436	-0.0058085378	-0.0756656237	0.1168396423	-0.0130471772	0.083534387	-0.1339125518	0.0013938069	0.1324641905	-0.0148776407	0.1211796551	0.1540036133	0.0721747136	0.0317376296	0.0015413619	-0.0645389642	0.0449180814	0.028304897	0.0884162236	-0.1157677299	0.025654894	0.0188165348	-0.1373704664	-0.0018827585	0.0181675987	0.051010699	-0.0378526484	-0.0597446232	0.0264829569	0.0277180112	0.018980079	-0.0007665812	0.1736919466	0.0636419314	-0.0809647746	0.0164470637	0.0585675056	-0.0340356514	-0.0593867477	0.0510059979	0.0945808598	0.0003783433	-0.052222379	-0.1620690323	-0.122090762	0.0250335493	0.059711994	0.0158643608	-0.0230486928	-0.161831639	-0.05243444	0.0375441707	0.1416651081	-0.0562632728	-0.0560136633	-0.0056403469	-0.1701279312	-0.0717461014	-0.0542409717	0.0661140586	0.0692546806	-0.0890150458	0.040271626	-0.0599590669	0.0223100307	0.1402743889	-0.0391195613	-0.1812358771	-0.1238084399	0.1231303817	-0.1220030341	0.1204305106	-0.1184185493	0.0	0.223042	0.005358	0.049747733764	2.870816400000002e-05	-2.718e-06	0.032815982	0.0010768886746243	7.387524e-12	-0.126939	0.0597189999999999	0.0161135097209999	0.0035663589609999	-0.00327566	0.0003094	9.572836000000004e-08	1.07299484356e-05	-0.00539516	0.0	0.0	2.9107751425600004e-05	-0.00128503	-0.0001109499999999	1.2309902499999966e-08	1.6513021008999998e-06	0.0	0.0	0.0	0.0	0.0	0.0	0.0	0.0	0.0	0.0	0.0	0.0	0.0	0.0	0.0
6036.623268900447	-2.882104460478331	36440820.49063032	8.306526121109092	12381.696681623776	11.83761451277678	153306412.71573323	140.12911735310348	5380.230662538592	-24.535990454025523	28946881.98212045	602.0148275600316	5533.1410254472885	7684.559926454906	0.98729	37.956367	0.0479061179999999	0.0237849	0.0267413004	0.0926449131	0.0129691096	-0.0103143728	-0.0974178464	-0.0111795188	-0.0163046175	-0.0656311617	0.0489625312	0.1476161316	0.0179642073	-0.0274669836	-0.0487541089	0.2252712705	-0.04649606	-0.0119410475	-0.1911842992	-0.001938629	-0.10385033	-0.0471677693	0.0415219466	0.0167241947	0.0856057992	0.0536058202	-0.1030520034	-0.0571726688	-0.0894594727	0.0115704952	-0.1236657313	-0.0284193032	0.0887548218	0.0175694511	0.2168858898	-0.1191690609	-0.0820728126	-0.0878415762	-0.0158087979	-0.1162843794	-0.048329712	-0.0349650524	-0.1791725993	-0.1112557928	-0.0783171289	-0.0195833042	0.0598680084	0.1062331192	0.0004170183	-0.160556893	-0.0999398737	-0.0545597198	-0.0531718405	-0.1193459666	0.0581196957	-0.0988860071	0.1498067458	0.0058811691	-0.0492104468	-0.0473941442	-0.0530929326	0.2314031498	-0.0028659822	-0.1053610234	-0.0944919512	0.1310924139	-0.1108299596	0.0256297799	0.025667775	-0.0442995465	-0.0963548683	-0.0224882525	0.1202051277	0.042047084	-0.0753366473	0.0089024073	-0.170325208	0.0182052026	0.1316429463	-0.0042485337	0.1828731924	-0.0227804618	0.0384448845	0.019437404	-0.051926315	0.1324351881	0.0384222911	0.1765728116	-0.0058570183	0.0556246322	-0.0804058263	-0.0245977683	-0.1136692317	-0.0745876881	0.0461716685	-0.0664088059	0.1928972112	0.0399709922	0.0823112869	0.0950176597	-0.0841245258	-0.1239532527	0.1237089139	-0.1233020394	0.1227331636	-0.1220030341	0.0	0.21978	-0.0032619999999999	0.0483032484	1.0640643999999917e-05	0.0156659	0.015668618	0.0002455055900299	0.00024542042281	-0.144512	-0.017573	0.020883718144	0.000308810329	-0.00350371	-0.00022805	5.200680250000002e-08	1.22759837641e-05	-0.00539516	0.0	0.0	2.9107751425600004e-05	-0.00128503	0.0	0.0	1.6513021008999998e-06	0.0	0.0	0.0	0.0	0.0	0.0	0.0	0.0	0.0	0.0	0.0	0.0	0.0	0.0	0.0
6046.748741087549	10.125472187101876	36563170.33784386	102.52518701177368	12413.12347518991	31.42679356613371	154085634.41031083	987.6433538483832	5394.369759017852	14.139096479259932	29099225.09700632	199.91404924982064	5543.910213098104	7680.372186755404	1.065507	40.963421	0.05079027	0.0302234	0.0197272261	0.1176083399	-0.005910152	-0.0401993765	-0.1107572153	-0.0066691497	0.025049614	-0.1070260476	0.0551589817	0.1005911742	0.0055991785	-0.0807177684	-0.1749791751	0.028039876	0.1129629704	0.0764026804	-0.0108193195	-0.0511671574	0.1362719344	0.065049159	0.0361630541	0.0029066464	-0.0564653811	0.0075932866	0.0186034971	-0.0660403342	0.0946662026	-0.02909043	-0.0616361792	0.2356579585	0.0139131313	-0.0258810362	-0.110798391	0.0329540557	-0.0915703312	-0.0886654776	-0.0370210626	-0.0906753986	-0.0535640163	0.0719076374	0.0715254047	-0.1030288391	-0.029583855	0.156075412	0.0082678415	-0.088728635	-0.0093851783	0.0523086287	-0.110362507	0.0402199559	-0.0764303804	0.116412598	-0.0545376791	0.1523802398	0.1087028969	-0.0329932246	-0.1705342412	-0.1124974214	-0.0624383914	0.0081597857	-0.0245927576	0.0380570469	-0.0379858418	-0.0931603504	0.0683562389	-0.1085182851	0.07675094	0.0289083166	0.0129198705	0.0506073182	0.017694815	-0.0882193328	0.1179395129	-0.0810099187	-0.0501022678	0.1789434616	-0.0867347735	0.0691495906	-0.0832073761	0.0222592269	0.1399559329	-0.0455849884	-0.1000243229	0.0935210078	-0.0323390172	-0.0656381303	0.1192594521	-0.0322120294	0.0203682082	-0.1271793273	0.0023686171	-0.0930532398	0.0149772297	0.1101958002	0.0017054332	0.0615587085	-0.009006436	-0.0829183454	0.1619458649	-0.1240256802	0.1239985182	-0.1239532527	0.1238898902	-0.1238084399	0.0	0.221955	0.002175	0.049264022025	4.730625000000045e-06	0.00310213	-0.01256377	0.0001578483166129	9.6232105369e-06	-0.118982	0.0255299999999999	0.014156716324	0.0006517808999999	-0.00358292	-7.92099999999997e-05	6.274224099999952e-09	1.2837315726399998e-05	-0.00527081	0.00012435	1.5462922500000123e-08	2.77814380561e-05	-0.00127816	6.869999999999966e-06	4.719689999999954e-11	1.6336929856e-06	0.0	0.0	0.0	0.0	0.0	0.0	0.0	0.0	0.0	0.0	0.0	0.0	0.0	0.0	0.0
