global_signal	global_signal_derivative1	global_signal_power2	global_signal_derivative1_power2	csf	csf_derivative1	csf_derivative1_power2	csf_power2	white_matter	white_matter_derivative1	white_matter_derivative1_power2	white_matter_power2	csf_wm	tcompcor	std_dvars	dvars	framewise_displacement	rmsd	t_comp_cor_00	t_comp_cor_01	c_comp_cor_00	c_comp_cor_01	c_comp_cor_02	c_comp_cor_03	c_comp_cor_04	c_comp_cor_05	c_comp_cor_06	w_comp_cor_00	w_comp_cor_01	w_comp_cor_02	w_comp_cor_03	w_comp_cor_04	w_comp_cor_05	w_comp_cor_06	w_comp_cor_07	w_comp_cor_08	w_comp_cor_09	w_comp_cor_10	w_comp_cor_11	w_comp_cor_12	w_comp_cor_13	w_comp_cor_14	w_comp_cor_15	w_comp_cor_16	w_comp_cor_17	w_comp_cor_18	w_comp_cor_19	w_comp_cor_20	w_comp_cor_21	w_comp_cor_22	w_comp_cor_23	w_comp_cor_24	w_comp_cor_25	w_comp_cor_26	w_comp_cor_27	w_comp_cor_28	w_comp_cor_29	w_comp_cor_30	w_comp_cor_31	w_comp_cor_32	w_comp_cor_33	w_comp_cor_34	w_comp_cor_35	w_comp_cor_36	w_comp_cor_37	w_comp_cor_38	w_comp_cor_39	w_comp_cor_40	w_comp_cor_41	w_comp_cor_42	w_comp_cor_43	w_comp_cor_44	w_comp_cor_45	w_comp_cor_46	w_comp_cor_47	w_comp_cor_48	w_comp_cor_49	w_comp_cor_50	w_comp_cor_51	w_comp_cor_52	w_comp_cor_53	w_comp_cor_54	w_comp_cor_55	w_comp_cor_56	w_comp_cor_57	w_comp_cor_58	w_comp_cor_59	w_comp_cor_60	w_comp_cor_61	w_comp_cor_62	w_comp_cor_63	w_comp_cor_64	w_comp_cor_65	w_comp_cor_66	w_comp_cor_67	w_comp_cor_68	w_comp_cor_69	w_comp_cor_70	w_comp_cor_71	w_comp_cor_72	w_comp_cor_73	w_comp_cor_74	w_comp_cor_75	a_comp_cor_00	a_comp_cor_01	a_comp_cor_02	a_comp_cor_03	a_comp_cor_04	a_comp_cor_05	a_comp_cor_06	a_comp_cor_07	a_comp_cor_08	a_comp_cor_09	a_comp_cor_10	a_comp_cor_11	a_comp_cor_12	a_comp_cor_13	a_comp_cor_14	a_comp_cor_15	a_comp_cor_16	a_comp_cor_17	a_comp_cor_18	a_comp_cor_19	a_comp_cor_20	a_comp_cor_21	a_comp_cor_22	a_comp_cor_23	a_comp_cor_24	a_comp_cor_25	a_comp_cor_26	a_comp_cor_27	a_comp_cor_28	a_comp_cor_29	a_comp_cor_30	a_comp_cor_31	a_comp_cor_32	a_comp_cor_33	a_comp_cor_34	a_comp_cor_35	a_comp_cor_36	a_comp_cor_37	a_comp_cor_38	a_comp_cor_39	a_comp_cor_40	a_comp_cor_41	a_comp_cor_42	a_comp_cor_43	a_comp_cor_44	a_comp_cor_45	a_comp_cor_46	a_comp_cor_47	a_comp_cor_48	a_comp_cor_49	a_comp_cor_50	a_comp_cor_51	a_comp_cor_52	a_comp_cor_53	a_comp_cor_54	a_comp_cor_55	a_comp_cor_56	a_comp_cor_57	a_comp_cor_58	a_comp_cor_59	a_comp_cor_60	a_comp_cor_61	a_comp_cor_62	a_comp_cor_63	a_comp_cor_64	a_comp_cor_65	a_comp_cor_66	a_comp_cor_67	a_comp_cor_68	a_comp_cor_69	a_comp_cor_70	a_comp_cor_71	a_comp_cor_72	a_comp_cor_73	a_comp_cor_74	cosine00	cosine01	cosine02	cosine03	cosine04	non_steady_state_outlier00	trans_x	trans_x_derivative1	trans_x_power2	trans_x_derivative1_power2	trans_y	trans_y_derivative1	trans_y_derivative1_power2	trans_y_power2	trans_z	trans_z_derivative1	trans_z_power2	trans_z_derivative1_power2	rot_x	rot_x_derivative1	rot_x_power2	rot_x_derivative1_power2	rot_y	rot_y_derivative1	rot_y_power2	rot_y_derivative1_power2	rot_z	rot_z_derivative1	rot_z_derivative1_power2	rot_z_power2	motion_outlier00	motion_outlier01	motion_outlier02	motion_outlier03	motion_outlier04	motion_outlier05	motion_outlier06	motion_outlier07	motion_outlier08	motion_outlier09	motion_outlier10	motion_outlier11	motion_outlier12
3652.8778839656575	n/a	13343516.83516542	n/a	8450.35056458372	n/a	n/a	71408424.66436039	3590.681799977871	n/a	n/a	12892995.788692323	3702.772994252539	6279.605255241394	n/a	n/a	n/a	n/a	0.0	0.0	0.0	0.0	0.0	0.0	0.0	0.0	0.0	0.0	0.0	0.0	0.0	0.0	0.0	0.0	0.0	0.0	0.0	0.0	0.0	0.0	0.0	0.0	0.0	0.0	0.0	0.0	0.0	0.0	0.0	0.0	0.0	0.0	0.0	0.0	0.0	0.0	0.0	0.0	0.0	0.0	0.0	0.0	0.0	0.0	0.0	0.0	0.0	0.0	0.0	0.0	0.0	0.0	0.0	0.0	0.0	0.0	0.0	0.0	0.0	0.0	0.0	0.0	0.0	0.0	0.0	0.0	0.0	0.0	0.0	0.0	0.0	0.0	0.0	0.0	0.0	0.0	0.0	0.0	0.0	0.0	0.0	0.0	0.0	0.0	0.0	0.0	0.0	0.0	0.0	0.0	0.0	0.0	0.0	0.0	0.0	0.0	0.0	0.0	0.0	0.0	0.0	0.0	0.0	0.0	0.0	0.0	0.0	0.0	0.0	0.0	0.0	0.0	0.0	0.0	0.0	0.0	0.0	0.0	0.0	0.0	0.0	0.0	0.0	0.0	0.0	0.0	0.0	0.0	0.0	0.0	0.0	0.0	0.0	0.0	0.0	0.0	0.0	0.0	0.0	0.0	0.0	0.0	0.0	0.0	0.0	0.0	0.0	0.0	0.0	0.0	0.0	0.0	0.0	0.0	0.0	0.0	0.0	0.0	0.0	0.0	0.0	0.0	0.0	1.0	0.0195525	n/a	0.00038230025625	n/a	-0.329761	n/a	n/a	0.108742317121	0.610019	n/a	0.3721231803609999	n/a	-0.00305216	n/a	9.3156806656e-06	n/a	0.000469174	n/a	2.20124242276e-07	n/a	0.000316164	n/a	n/a	9.995967489600001e-08	0.0	0.0	0.0	0.0	0.0	0.0	0.0	0.0	0.0	0.0	0.0	0.0	0.0
3646.646207607732	-6.231676357925608	13298028.563459853	38.833790229928965	8370.248453832872	-80.10211075084771	6416.348146741073	70061059.17889158	3576.203315020782	-14.478484957088767	209.6265266526457	12789230.150365632	3689.1596947973903	6239.611590401786	0.950234	41.916737	0.0643579499999999	0.0392514	-0.0039757455	-0.009285616	0.0131440618	-0.0477794871	0.0710361954	-0.0557826122	0.0836131595	-0.0573905486	0.1081447228	-0.0123075237	-0.0393788968	-0.0098931961	0.0479305961	-0.058776286	-0.0210600331	0.0409376097	-0.0093980655	0.0160243788	-0.0881291834	0.0066960197	-0.0540749071	0.0735003668	-0.0065675051	0.1138358376	-0.0363637716	0.0026954577	0.0641110686	-0.1218516567	0.0610720245	-0.0400040954	-0.0908670495	0.0292100823	-0.0246881284	0.0008315786	-0.0908429828	0.0218885953	-0.0379557972	0.0478680789	-0.0787031967	0.0277998646	-0.1163175645	0.1404323145	-0.0368041929	0.0132557718	-0.068475181	0.0778313536	-0.0295327569	0.0588249308	-0.0109774176	0.0618507965	-0.0181560293	0.0431618889	-0.0831045766	-0.0607906109	0.059851894	-0.0108942384	-0.0699858805	0.1090899018	-0.0140208073	-0.0328309696	0.1563698524	-0.0139743024	-0.0033605138	0.1051297441	0.023753658	-0.027151772	-0.0169766349	0.0067908989	0.0133412792	-0.0671157762	-0.0164409888	-0.0502979552	0.0362480164	0.091065522	-0.0143929734	-0.0633766407	0.0072026997	0.0767272442	-0.0721685257	0.0030113134	0.0867031919	-0.0296081051	-0.0131202866	-0.0556646507	0.150257395	-0.0140287018	-0.0416935802	0.0392290363	-0.0055960743	0.0674928718	-0.0329262652	-0.0283508282	0.0522575512	-0.0140616332	0.049511567	-0.0030518158	0.0603388503	-0.0863794279	0.0450727148	-0.0526943098	0.0132886572	-0.0310486172	0.0289030338	0.1059017301	-0.0504281052	0.116591447	0.0052327729	-0.1218590011	0.0416925465	-0.0446070479	0.0737174679	-0.0564780668	0.0634886862	-0.1248891023	0.0181151334	-0.0124558862	0.0007063941	-0.1417844713	0.0681563918	-0.0398956312	0.0043294611	-0.0658510963	0.0756689413	-0.0534074423	0.0110460831	-0.0630035222	0.004745914	-0.0890896582	0.0939800448	-0.0548683945	0.0535206277	0.0054398036	0.0810188622	-0.0662125988	0.0558507834	-0.1251246059	-0.0628280415	0.0644648435	-0.0888979526	-0.0181882445	0.0474518004	0.0082092276	-0.0604993782	-0.0079414149	-0.0331034439	-0.0037846944	0.0398450326	-0.0652457976	-0.0201145084	0.0024147917	0.0537948943	-0.124313577	-0.0367719901	0.0105282632	0.0164746471	-0.013562295	-0.1019379326	0.0654184529	-0.1002153008	-0.0248726311	0.0855906817	0.0855864312	0.0855793473	0.0855694302	0.0855566802	0.0	-0.0102413	-0.0297938	0.00010488422569	0.00088767051844	-0.332952	-0.0031909999999999	1.0182480999999996e-05	0.110857034304	0.608691	-0.0013279999999999	0.370504733481	1.763583999999989e-06	-0.0029353	0.0001168599999999	8.61598609e-06	1.3656259599999972e-08	0.0008794509999999	0.0004102769999999	7.734340614008241e-07	1.6832721672891797e-07	0.00038993	7.376599999999996e-05	5.441422755999994e-09	1.5204540489999997e-07	0.0	0.0	0.0	0.0	0.0	0.0	0.0	0.0	0.0	0.0	0.0	0.0	0.0
3634.735769229184	-11.910438378547951	13211304.112114068	141.85854236918794	8340.209889351816	-30.0385644810558	902.3153560825472	69559100.99844183	3575.7845473015445	-0.4187677192376213	0.1753664026754792	12786235.128720513	3685.143884296507	6233.066385639736	0.968607	42.727211	0.13180745	0.0652642	-0.0174391937	0.0084962904	0.0323146849	-0.0271728081	0.0995417344	0.0078946585	0.1133085101	-0.0176538415	0.002966636	0.0130770701	0.0041095085	-0.0373737658	0.0124039223	0.0168451255	-0.0180198434	-0.0104044451	0.0457994753	0.0013876751	0.0167022216	0.0015613509	0.0642405826	0.0090167706	0.0549658992	0.0498355547	0.0084815589	-0.0104922086	-0.0561244507	0.0419898519	0.0898403667	-0.0263620722	0.0248048606	-0.0390604677	-0.0060534361	0.0481518039	0.0766142143	0.0668002826	0.0240563534	0.0225949719	-0.0434091669	-0.0099367752	0.022637346	-0.0187387356	0.1017929672	-0.0695223529	0.0511003004	-0.0179891961	0.068492138	-0.0202679574	-0.007267851	0.0457259885	0.0360316635	-0.0010488065	-0.0116237522	0.0948914977	0.0823027191	0.0384613747	0.0460070311	-0.0999179874	-0.016589763	0.0025616164	-0.0107644119	-0.092447858	0.0668570918	-0.0503991566	-0.0295341507	-0.0662055721	0.1472146332	-0.0018331473	0.0196119007	-0.0510319511	-0.1814725661	0.0122616126	-0.0074071039	0.0819990614	0.0346194301	0.0394311686	0.017010554	0.033984663	-0.0393813401	0.0489820515	-0.0713958197	0.0782857726	-0.0315637685	0.0856655389	-0.0057671118	0.0163152899	0.0077750244	0.0167276224	0.0148570696	0.0240096314	0.0182555025	0.0100539205	0.0141379729	0.0056681972	-0.0203710409	-0.0318426621	-0.0510749112	-0.0015343542	0.0953405502	0.0296296949	-0.0012480064	0.0204317215	-0.0647453527	-0.0595738438	-0.0488719251	0.0411324603	0.0105416344	0.0671767308	-0.0005577133	0.0498679171	0.0110823215	0.0509069346	-0.0594025571	-0.0766862349	0.0398416369	-0.0280566505	-0.0014361324	0.0592293988	-0.0090227693	0.0516845739	0.06884627	-0.0582438459	-0.0906642221	-0.0151981963	-0.070876414	-0.0173929532	-0.0014554299	-0.0393817622	-0.0083664831	-0.0106898019	-0.0904935198	0.0838525414	-0.0535755445	0.0069695441	-0.0528427961	0.0458546292	0.0424503601	0.1174500021	0.0136715724	-0.0179041133	0.0545360476	-0.0023454645	0.1512465031	-0.0276105323	-0.0957159093	0.0557020274	0.1313135848	0.0854632793	-0.0239829169	0.0433423705	0.0917915364	0.0499801648	0.0099096704	0.0419487664	0.075801588	-0.0104984095	0.039530831	-0.0450172226	-0.0064942771	-0.0310562417	0.0855793473	0.0855410976	0.0854773608	0.0853881558	0.0852735093	0.0	0.0121152	0.0223565	0.00014677807104	0.00049981309225	-0.287834	0.045118	0.002035633924	0.0828484115559999	0.635807	0.027116	0.404250541249	0.000735277456	-0.0035	-0.0005647	1.225e-05	3.1888609e-07	0.000776103	-0.0001033479999999	6.02335866609e-07	1.0680809103979331e-08	0.000466221	7.629100000000003e-05	5.820316681000005e-09	2.17362020841e-07	0.0	0.0	0.0	0.0	0.0	0.0	0.0	0.0	0.0	0.0	0.0	0.0	0.0
3626.599124245804	-8.136644983379938	13152221.207980432	66.20499158556191	8278.638545895541	-61.57134345627492	3791.030335010568	68535856.17358744	3568.52288748204	-7.26165981950453	52.73170333420656	12734355.598483156	3679.159270138344	6192.792055010114	0.925196	40.812244	0.191322	0.101344	-0.0134659951	-0.0012668276	0.014563391	-0.049379702	0.0247266455	0.0381232305	0.0602912134	-0.0969943612	-0.0314978712	0.0317455035	-0.0528120799	0.0141620951	0.031436504	-0.002910684	-0.0194149847	0.0653321609	-0.0323725466	-0.073515568	0.0477154773	0.0104218374	-0.0372805734	0.0353765366	-0.0489223978	-0.0093687066	-0.0395813122	0.0723350389	-0.015721484	0.004296407	0.0381600258	-0.0227279891	-0.0771382843	-0.0802726769	0.0147906221	0.0069332405	0.0632786223	0.0618305099	6.7089e-05	0.0733857739	0.0268315482	0.064755897	0.1046790402	0.0348269643	0.0871378829	-0.1281442817	-0.0014601167	-0.0276140483	-0.0264494491	-0.0300517879	-0.0081435523	-0.0657294225	0.0060660545	0.0061255372	0.0465303392	0.0110073982	-0.0226136106	-0.0114125615	0.035752855	0.0627426737	0.0368105928	0.0288142791	-0.0592190098	-0.0649191578	-0.067269217	0.0305039808	0.0251340258	0.0809765146	0.061763996	0.0060474126	0.0161490644	0.0627133526	-0.0170093817	0.0215707975	0.0175170052	0.0681810921	0.0905377705	0.0354602927	-0.0666189294	-0.121105978	0.0450495675	0.2014254588	0.0151604848	0.0502063966	-0.0251470684	0.0218352729	0.0352185443	0.0252211341	-0.0422892104	0.0162106189	-0.0663551922	0.0632903558	-0.0425421655	0.0647642414	0.0131150477	-0.0056524355	-0.0318897443	0.0520644129	-0.017616975	-0.0512137877	-0.0366077362	-0.0633326662	-0.0226164576	-0.0621535694	-0.0270847576	-0.0243058257	-0.0472308143	-0.0077739405	-0.0184253809	-0.0288698692	-0.0800206311	0.0259446811	0.0409754875	0.0795549756	-0.0418708904	-0.0560333314	0.001272862	0.0337840464	0.0698150323	0.1384031471	0.05934511	0.1243380935	0.0313962238	0.0581967731	0.0100269719	-0.0406498545	0.0442920908	0.0356570007	0.0008786509	-0.016913394	-0.0139305661	-0.0261889648	-0.0260291107	-0.0260559422	-0.0028532503	0.0521371325	0.0549833199	0.0357428252	0.0810479793	0.0677788606	-0.0550156659	0.0197302307	-0.035119572	-0.022370698	0.0184728748	0.139251298	-0.0302971467	0.0473630324	0.0207502611	-0.0062795177	-0.003334817	-0.0558042708	-0.0019563551	0.1509539795	0.1520995442	-0.0757744678	-0.0503572716	0.0141380991	-0.047581354	-0.0244138082	-0.0336383454	0.0195850222	0.0855566802	0.0854504545	0.0852735093	0.0850259911	0.0847081048	0.0	-0.0066636	-0.0187788	4.440356496000001e-05	0.0003526433294399	-0.367878	-0.080044	0.006407041936	0.135334222884	0.609705	-0.0261019999999999	0.371740187025	0.0006813144039999	-0.00431273	-0.0008127299999999	1.85996400529e-05	6.605300528999996e-07	0.000284169	-0.000491934	8.075202056100003e-08	2.41999060356e-07	0.000442941	-2.327999999999998e-05	5.41958399999999e-10	1.9619672948100006e-07	0.0	0.0	0.0	0.0	0.0	0.0	0.0	0.0	0.0	0.0	0.0	0.0	0.0
3630.920574537461	4.321450291657129	13183584.218599446	18.674932623263487	8255.528808127661	-23.10973776787978	534.059979700169	68153755.90182573	3575.339046785201	6.81615930316093	46.460027646067296	12783049.29946691	3682.9442357133657	6114.743604677105	0.96665	42.640877	0.2889060499999999	0.131534	-0.0304174598	0.0354088271	0.0408198394	0.0144452208	0.0225688209	0.0392670623	0.0262992152	0.0644279878	0.0479162309	0.0328984987	0.0309112521	-0.03001875	0.0992682869	-0.0498600253	0.0839735334	0.0328999746	-0.046718678	0.0700147314	0.0069964939	0.0609397269	-0.0897359497	-0.0123353478	-0.0216440828	0.0662810825	-0.0538685114	0.0223382338	0.0741513631	0.0056594993	-0.0286181703	0.0046369482	-0.0020301145	0.0538762908	0.0425972044	-0.0734136493	-0.0558025411	-0.0386135065	0.0535017915	0.0526229789	-0.0315766466	0.0456921665	0.1166203107	0.0329138017	0.0069509117	-0.0256517653	-0.0989098603	0.0307408929	0.0239304322	0.064940899	-0.0491375418	-0.0429146023	-0.0080960548	-0.0715722158	0.1079455599	0.0528785075	-0.1156074381	-0.0625576726	0.0117371153	0.0313623595	0.0008468677	-0.0552679521	0.1394707382	0.0341936828	0.0220470498	-0.0318784024	0.0166447016	-0.0147823267	-0.1048272568	-0.0037939559	0.0788451785	-0.0074855124	-0.0621568426	0.1105719501	-0.0365740109	-0.0671264902	0.0596612428	-0.0343206491	0.1141639343	0.0014731464	0.0025188186	0.0311359746	-0.0264776759	-0.027334727	0.1242185901	0.1064710977	-0.0367096101	0.035641418	0.0362516979	-0.0357024814	0.0270175252	0.1087836248	0.0709675345	0.0141848417	-0.0122487937	-0.0839975468	0.0608375212	0.0040357535	0.0483716153	-0.0709416763	-0.0064855722	-0.0460335155	-0.0022855061	-0.0106056961	-0.0732468514	0.0827190806	-0.0103309164	-0.0302085573	-0.0203943785	-0.0036459672	-0.0449940827	-0.0877249524	-0.050010565	-0.0839228214	0.0303460158	0.0297303317	-0.0139710931	0.0044220527	0.0787194425	0.0871862467	0.0656641273	0.0418368178	-0.0633090679	-0.0470432956	0.0603424806	-0.0238819164	0.0835107289	-0.0341483837	0.0236079731	0.0416270587	-0.086841441	-0.0176440486	-0.0740990301	-0.0825508659	-0.0243729589	0.0564147887	0.0892446544	-0.1701581858	-0.0550515804	-0.0292793363	0.0522665616	-0.0131796466	-0.0203842594	-0.0411366722	-0.0466350879	-0.0303294228	0.0844530029	0.0469608357	0.0957567148	0.0689946338	0.0617932935	-0.0512925087	-0.0036134336	0.0503521084	-0.1087930691	-0.0298882645	0.0826254058	0.0116318467	-0.0153241035	0.1056925884	0.104986547	-0.0196453532	0.0855226832	0.0853145497	0.0849680357	0.0844837033	0.083862338	0.0	0.0575155	0.0641791	0.0033080327402499	0.00411895687681	-0.285686	0.0821919999999999	0.0067555248639999	0.081616490596	0.642444	0.0327389999999999	0.412734293136	0.0010718421209999	-0.00398695	0.0003257799999999	1.5895770302500005e-05	1.0613260839999967e-07	0.00166449	0.001380321	2.7705269601e-06	1.905286063041e-06	0.000932759	0.0004898179999999	2.39921673124e-07	8.70039352081e-07	0.0	0.0	0.0	0.0	0.0	0.0	0.0	0.0	0.0	0.0	0.0	0.0	0.0
3641.013371307824	10.092796770362838	13256978.370042363	101.86454664784654	8226.831540120002	-28.69726800765966	823.5331911034466	67680757.18951324	3583.091479171477	7.7524323862762685	60.10020790378516	12838544.548111243	3686.12709455026	6113.689085388183	0.971736	42.865242	0.19139755	0.0975305	-0.0248693128	0.0200621765	0.0307274053	0.0133815294	-0.0430302932	-0.0024156655	-0.0693264153	0.0180274189	0.0389640039	0.020166045	0.0057249449	-0.0161264904	-0.0149698372	-0.0002330968	-0.0412555427	-0.0607474464	-0.0483055042	-0.014537545	-0.088587744	-0.0469599807	-0.0018462824	-0.1196984026	0.0488861633	0.0805635253	-0.0885916855	0.0002458244	0.0292356775	0.0792963261	-0.0132695938	0.0135311583	0.0063624693	0.0196922832	0.0616627836	-0.0322046351	-0.0362150614	-0.0107088502	0.0159823308	-0.0354427089	0.0061261185	-0.0344440026	0.0023216305	-0.1708441795	-0.0212052174	-0.02085504	0.0017072121	0.0472394636	0.2177645551	-0.0751533197	0.0344129432	0.0070472127	0.002214788	-0.1250504895	-0.0683042522	0.0496113664	0.0057510067	-0.0366839836	0.0096213375	-0.0574274427	0.0997603775	-0.2081298877	-0.0258003571	0.0420105616	0.0365893846	-0.0307683835	-0.063375029	0.0203847753	-0.1106143238	-0.0734705891	0.0054475775	0.0091061065	0.0537116286	-0.0185985228	0.0220100544	-0.0418380452	-0.0326814311	0.0480666895	0.0017896041	0.0058933858	0.064296903	0.062201977	0.0616130537	-0.0187232731	-0.0460692559	0.0046517682	0.0366486348	0.0224370443	0.0074000881	-0.0223739904	0.0044597625	-0.0060807175	0.0377035378	-0.0075155626	-0.0261292877	0.0988708968	0.0099963946	0.0128835929	0.1081648512	0.0845595615	0.1194778356	-0.023164304	-0.0446609328	0.0080335648	-0.1110733054	0.0448018275	0.0192016417	-0.0613880963	0.0077046021	0.0366629482	0.0052256951	-0.0594069397	0.0127763767	-0.0214545406	-0.0316122992	0.0691291816	-0.0094152539	0.0081430385	0.0142964574	0.0270196597	-0.1304696809	0.0496120939	-0.0311324311	-0.1591319561	-0.1181884933	0.1204112754	-0.072373955	0.1227434327	0.0080682761	0.1407866344	-0.0067223955	-0.0430043678	-0.0258650862	0.0677961413	-0.025763941	0.0341861892	-0.1035004292	-0.0688701379	0.0804087802	-0.0698506963	-0.0319010507	-0.1047284872	-0.0109591284	-0.0324483117	-0.1149404917	-0.0619872039	0.1093672649	0.0118214524	-0.0166056166	0.0149598446	-0.0279049368	0.0009793677	-0.022728584	6.86463e-05	-0.0073697343	0.0083143125	-0.0041556681	0.0264556757	-0.1089944202	-0.0209873482	-0.0063914926	0.0692217358	0.0854773608	0.0851334554	0.0845613042	0.0837624412	0.0827390082	0.0	0.0404901	-0.0170253999999999	0.00163944819801	0.0002898642451599	-0.345497	-0.059811	0.003577355721	0.119368177009	0.623876	-0.018568	0.389221263376	0.000344770624	-0.00390029	8.666000000000056e-05	1.5212262084099998e-05	7.509955600000096e-09	0.000270439	-0.001394051	7.313725272099999e-08	1.943378190601e-06	0.000493607	-0.000439152	1.9285447910400009e-07	2.43647870449e-07	0.0	0.0	0.0	0.0	0.0	0.0	0.0	0.0	0.0	0.0	0.0	0.0	0.0
3652.332880065261	11.319508757437234	13339535.466805806	128.13127850969823	8269.919135152295	43.08759503229339	1856.5408456669145	68391562.50195809	3584.9993148828767	1.907835711399457	3.639837101691072	12852220.087710695	3689.520280727225	6178.500457240513	0.898587	39.638451	0.05456175	0.0248748	-0.0233829725	0.017216778	0.0260648091	0.0337340445	-0.03876077	-0.0668625227	-0.0075476217	0.03731563	-0.0040591338	0.0127870512	-0.0424418849	0.0355413967	-0.0410407848	-0.0636239937	0.0066463642	-0.0718099298	0.0154094265	-0.0505207281	0.0639086452	0.070796909	-0.0388522618	0.0618400455	0.0216997465	0.027473108	-0.0511779181	-0.039186627	-0.0209697738	-0.0047250647	-0.0061288725	0.0571845501	0.0539197809	-0.0371449845	0.0269335972	-0.0980118319	-0.0695729991	0.0008509306	0.0777393944	0.0211910223	0.0665239995	0.0097832383	-0.0255565873	-0.0441797018	0.0447288113	-0.0573306752	0.0025553851	-0.0068374936	-0.0332446193	-0.0478580404	-0.0184432369	-0.0500695433	-0.0483963335	-0.0045232789	0.0020790211	-0.0141148909	-0.0413926566	0.016207272	-0.0231935349	0.0222648826	0.0508525945	-0.0171286261	-0.0085414151	-0.0823337284	0.1157839167	0.0303204546	-0.092526302	0.0442148313	-0.0322406865	0.0227857064	0.0205975543	0.0973230919	-0.0955580266	0.0421293754	0.0469744296	-0.0281872789	0.0664311285	-0.1721413935	-0.0359819518	0.0352872294	-0.0207885009	-0.1315069772	0.0174931779	-0.0507797387	0.0992054242	0.0378768987	0.1195539265	0.0233671311	-0.0368836501	-0.0258480911	-0.0498802713	-0.0094567706	0.0560141012	-0.0573803403	-0.014672275	0.0127024008	-0.0786936945	0.0069786082	-0.0286705979	-0.1110027945	0.0191928312	0.0026607635	-0.0207677427	0.0333230374	-0.0173845937	0.0103282859	0.0714261474	0.0357248035	-0.0506622116	0.0150314218	-0.0734241191	-0.0263575427	-0.0186937668	-0.0372476418	-0.0103630544	0.087185574	0.018901001	0.116799311	0.0079245479	-0.0171264025	-0.0584766061	0.0518887283	0.0371189668	0.0390792326	0.0196457226	-0.0532196879	0.0168440805	0.0413571658	0.0283510727	-0.0068933725	0.0105716759	-0.0210655725	-0.0071634749	-0.0390243954	-0.0143302705	-0.0206118056	0.0393132347	-0.0236588861	0.0551705751	0.0383317011	0.0067433041	-0.1123217464	-0.0664429089	0.092649627	-0.0455801067	-0.0557110932	-0.0392893111	0.1112455268	-0.0182740474	0.1007825743	-0.0586833876	-0.1183414902	-0.0324090969	-0.0257997715	-0.0655710262	0.0058482968	-0.0193156871	0.0392966149	0.0636951077	0.1354604227	-0.0460257147	-0.1239773408	0.0854207191	0.0849072673	0.0840537993	0.0828637327	0.0813418333	0.0	0.0408603	0.0003702	0.00166956411609	1.370480400000008e-07	-0.363413	-0.0179159999999999	0.0003209830559999	0.132069008569	0.636641	0.012765	0.405311762881	0.000162945225	-0.0038198	8.04899999999999e-05	1.459087204e-05	6.478640099999984e-09	0.000512407	0.000241968	2.62560933649e-07	5.8548513024000014e-08	0.00064136	0.000147753	2.1830949009000012e-08	4.113426496e-07	0.0	0.0	0.0	0.0	0.0	0.0	0.0	0.0	0.0	0.0	0.0	0.0	0.0
3641.43823253616	-10.894647529101348	13260072.401376072	118.69334478335412	8293.028722368805	23.10958721650968	534.0530213174676	68774325.39003398	3583.932705182356	-1.0666097005205302	1.1376562532444952	12844573.635275722	3691.472154171164	6214.5172920881	0.960695	42.378201	0.11085625	0.0577203	-0.005677775	0.0016059481	0.0021594374	-0.0127726565	0.025654975	-0.043457538	0.0432677052	-0.0573280438	-0.0354060001	0.003638121	-0.0209853416	-0.0790134085	0.0150694255	-0.0028269839	0.0713797563	0.0930417998	-0.0137420091	0.0022677277	-0.0401687908	-0.119129348	-0.0164123621	0.0345230764	0.0125696088	0.0036338855	0.109759757	-0.0075447079	0.0343738393	-0.0831262764	-0.0440686025	-0.0600687534	0.0120597205	0.0058378285	-0.0680410553	0.0507558406	-0.1531896617	-0.0152297873	0.1200287543	-0.0921717683	0.0317333039	-0.1137382381	-0.0237812663	-0.0189887655	0.0423899036	-0.0794220409	0.0121216097	-0.0049076623	-0.0590334998	-0.1120890285	0.0482075011	-0.0745385342	-0.061344537	0.0319411911	0.0033889757	-0.0565650198	-0.0223991874	-0.0587335722	0.037194924	0.0823530477	0.0660239987	-0.0164943146	-0.0236070501	-0.0110251477	-0.037552647	-0.1061843329	-0.0199991125	-0.0883888942	0.0440720338	0.0798156523	-0.0137666833	0.0028066251	-0.0342031467	0.0665237671	-0.106468448	-0.10324378	-0.056139937	0.0631744569	-0.0498895927	-0.027337253	-0.0869897466	0.0209115094	-0.004168281	-0.0043735238	-0.0219097524	-0.001544668	-0.0515402292	0.0104148362	-0.02820551	0.0331100036	0.0514692651	0.0238054597	-0.0012335517	-0.0206829548	-0.0057852902	-0.0796511829	0.1027631961	0.1163168397	0.0071636531	-0.0003561934	0.0381890705	0.0100405552	0.0769214426	0.0047253102	0.1166963744	-0.0071979612	0.0130736489	0.0153623961	0.0315541877	-0.1010076627	-0.0345895927	0.0369856048	0.0230179762	-0.1701767767	-0.1159639312	0.0741853213	0.1027066299	-0.0107369801	-0.0899282187	0.0160585216	-0.0359322333	0.0364476874	-0.0088113794	0.0747948832	0.0127378632	-0.0456179015	-0.0105067329	0.1104901754	0.0298529322	0.068549688	0.0544035152	0.0655436191	0.0374189784	-0.0026427142	-0.0385851259	0.0006523963	0.0384151188	-0.0574347934	0.1148840746	0.0452285772	0.0195800384	0.1455565436	-0.0109978675	-0.0097569366	0.0689858325	-0.0788703324	-0.0182430727	-0.0784600775	-0.033387472	0.0642637695	0.0617272881	0.0082407546	-0.001983244	0.1001633458	0.0005355781	0.0630802545	-0.052498888	-0.0896311922	-0.0137318741	-0.02483203	0.0576236027	0.008431968	0.0853527656	0.0846361055	0.0834461259	0.0817894817	0.0796754376	0.0	0.0301717	-0.0106886	0.0009103314808899	0.00011424616996	-0.334157	0.029256	0.000855913536	0.1116609006489999	0.599542	-0.0370989999999999	0.359450609764	0.0013763358009999	-0.00342141	0.0003983899999999	1.1706046388100002e-05	1.5871459209999981e-07	0.000297699	-0.0002147079999999	8.8624694601e-08	4.609952526399999e-08	0.000704515	6.315499999999996e-05	3.988554024999995e-09	4.963413852249999e-07	0.0	0.0	0.0	0.0	0.0	0.0	0.0	0.0	0.0	0.0	0.0	0.0	0.0
3631.3477565702296	-10.090475965930182	13186686.52914764	101.81770521901464	8225.68340548723	-67.34531688157404	4535.3917058796205	67661867.48730801	3591.330548566746	7.397843384389944	54.72808673996206	12897655.109068723	3697.584519414737	6148.451862822066	0.957442	42.234703	0.2037282999999999	0.0972781	-0.0298401332	0.0246809397	0.0461085597	0.0285330296	0.0088903097	0.0497770923	-0.0226849796	-0.0320764289	0.0248961948	0.0392833232	0.0414307775	-0.030498878	-0.0750129311	-0.0731715	-0.0423015441	-0.027442975	-0.0321905606	-0.0002803224	0.0026209515	0.0066578421	-0.0154699677	-0.0215134456	0.0149980604	-0.0406569254	-0.0500247285	0.0017857272	-0.1253169851	-0.0042455402	-0.0145058107	0.0107841006	-0.0472040664	0.0861489829	-0.09073842	0.016699175	-0.028533203	-0.0123556465	-0.0026136358	0.0101307299	0.0735405722	-0.0283411741	-0.0098141969	-0.081778821	-0.1072597076	0.1138179508	-0.0439982651	0.0236541333	0.118046798	-0.0865940345	0.0051522796	-0.0385090588	0.0375489049	-0.0771925072	-0.0946389624	-0.0390226883	-0.0581824195	0.1712580107	-0.0130732414	-0.0554456462	0.0650999918	0.0796354546	-0.1187057603	0.0536548786	-0.0735221369	-0.061482679	-0.0410057703	-0.0191876721	-0.0258570196	-0.0393337379	-0.0301697527	-0.0490541819	0.0299010013	-0.0066344993	-0.037063855	0.031878673	-0.0109091787	0.0278963263	0.0566262265	-0.0270775741	-0.017634835	0.0121408182	-0.0829828349	0.0296885498	-0.0472179462	0.0545821848	0.0338772156	0.0417123997	0.0544360002	0.0469422246	-0.0487048889	-0.0063484567	0.0663648851	-0.041336114	0.0135873772	0.0525272864	-0.0116123303	0.0078453769	0.0244218349	0.0033014553	-0.0240453859	0.0028127677	-0.0962360242	-0.0265216825	0.0161728323	-0.0825836346	0.0328867653	0.0304747286	0.0021934531	-0.0936118083	0.1032185784	0.0184324917	-0.0787769758	-0.008789521	-0.0229136736	0.058333678	-0.0471045459	0.0501807902	-0.0132906248	-0.0068594154	-0.0276976333	-0.0762312763	-0.049575977	-0.0901063105	-0.0497828649	0.1116251727	0.0043745678	0.1306963536	-0.0089001168	0.0107734918	0.0462657807	-0.0947254215	0.0455496	-0.1118130162	-0.0561208653	0.0208168901	-0.0992671524	0.1748965541	0.0603759204	-0.0856856627	-0.0090485749	0.0263196297	-0.0321827718	-0.0870424614	-0.0087351314	-0.0446181894	0.0300258761	-0.0575217551	0.0133899942	0.0043661974	0.0333062986	0.0248580969	-0.005073564	-0.0099475749	0.0265630734	-0.011778344	0.0767136694	-0.0211680252	0.0644964803	-0.0683440558	0.0011374083	0.0171993074	0.0852735093	0.0843201134	0.0827390082	0.080541964	0.0777453364	0.0	0.0536423	0.0234705999999999	0.0028774963492899	0.0005508690643599	-0.307352	0.0268049999999999	0.0007185080249999	0.094465251904	0.666743	0.0672009999999999	0.4445462280489999	0.0045159744009999	-0.00400358	-0.0005821699999999	1.6028652816399997e-05	3.389219088999994e-07	0.0013862	0.001088501	1.92155044e-06	1.1848344270009998e-06	0.000758878	5.436300000000009e-05	2.955335769000009e-09	5.75895818884e-07	0.0	0.0	0.0	0.0	0.0	0.0	0.0	0.0	0.0	0.0	0.0	0.0	0.0
3630.528263661784	-0.8194929084456817	13180735.473247048	0.6715686269927624	8196.886005081944	-28.79740040528668	829.2902701024054	67188940.18030824	3580.927237675108	-10.403310891638284	108.22887750807976	12823039.88152348	3689.4006702177567	6147.644643075126	0.937055	41.335354	0.187063	0.0886268999999999	-0.0214823416	0.0105883986	0.0235398307	-0.0055794456	-0.0293760458	0.0704376345	-0.0570866727	-0.0055088071	0.0440156242	0.0189862248	0.0344840644	-0.0912512578	-0.0345881308	-0.0455212898	-0.0148209083	-0.0160990349	-0.0416139281	-0.0443784281	-0.0108768538	-0.0147472833	-0.0466884087	0.103193926	0.0241019649	-0.0633029997	-0.0047875095	-0.0123288519	0.0581719752	0.0390439926	-0.0313809265	-0.0016330185	0.0509015913	0.0099842131	0.0765567411	-0.0257400126	0.0219647452	-0.0296097595	-0.0919530583	-0.0226581539	-0.0492273807	-0.0252708365	-0.064710368	0.0585248408	0.0366023635	0.103011775	0.0833786919	0.0475938058	0.007302458	0.0630349582	-0.0434694436	-0.0225027804	-0.0678084109	-0.0218052458	-0.0296987319	0.001687893	0.0119873376	0.0701296019	-0.0036104888	-0.0375796182	0.0443271835	-0.0778538605	0.0763826584	-0.1336323305	-0.0102054361	-0.00707613	0.0240235912	0.032355563	0.0986147222	-0.0423059041	-0.0041092212	0.0910118305	-0.1242172574	-0.0028222502	-0.0500792393	0.0152052392	-0.0279889194	0.0491255889	0.0621921014	0.0400577393	0.0856363806	-0.0418839477	-0.0320245564	-0.0384872156	0.0276621416	-0.1377328621	-0.0017808863	0.0145950415	0.0317077762	0.080683783	0.0265657997	0.016441372	0.0192377708	-0.0310466901	-0.0168844654	0.054160597	0.0120600908	0.0525066458	0.0100906525	-0.0579995197	-0.067229744	0.0400032807	0.0286876485	-0.009496998	-0.0065979362	0.0339522803	0.0892851113	0.002839467	0.0107473761	0.0819660794	-0.0306671388	-0.0880593308	0.0724130495	0.0277360755	0.054973833	-0.038036769	-0.0244846198	-0.0831383432	-0.0449931415	-0.0448250852	0.013508439	-0.0921693525	0.0899982596	0.002908696	0.0160462737	0.0782657066	0.0469741586	-0.0316077676	0.0226645704	0.0211111494	-0.0032737574	-0.0411124202	-0.0157456437	-0.0141105018	-0.0310877353	-0.0265310423	-0.0824788258	-0.0577297332	0.0762995591	0.1190250956	0.0262949405	-0.0283725849	0.0852625945	-0.0239136066	0.0325631839	0.0523863385	0.014018374	-0.0046249949	-0.0910717533	0.1026086245	-0.0809905578	0.1047020462	0.0477239429	0.0708455325	-0.0284354092	-0.0344533279	0.0283050123	0.0882550734	0.0703352942	0.066895745	-0.1030446385	-0.0107953516	0.0851829606	0.0839594584	0.0819332888	0.0791238224	0.075557918	0.0	0.0349198	-0.0187224999999999	0.00121939243204	0.0003505320062499	-0.366042	-0.0586899999999999	0.0034445160999999	0.133986745764	0.637979	-0.028764	0.407017204441	0.000827367696	-0.00428794	-0.00028436	1.83864294436e-05	8.086060959999999e-08	0.000294932	-0.001091268	8.698488462399998e-08	1.1908658478240002e-06	0.000516776	-0.000242102	5.861337840400001e-08	2.67057434176e-07	0.0	0.0	0.0	0.0	0.0	0.0	0.0	0.0	0.0	0.0	0.0	0.0	0.0
3631.476734037856	0.9484703760722368	13187623.269858254	0.8995960542866104	8215.627336214375	18.741331132430787	351.23749261541946	67496532.5275529	3574.970505888239	-5.956731786868659	35.48265358069148	12780414.117970811	3683.664325037407	6154.199701430221	0.901067	39.74786	0.12375875	0.0542724	-0.0195649696	0.014973291	0.0191382529	0.010036154	-0.0262744658	0.0048379177	-0.0427678267	-0.0440165617	0.075660547	0.0227516423	-0.0332809081	0.0563814795	-0.0213082846	0.0314872898	-0.0344775361	-0.0262874833	-0.0078544672	0.0190925692	-0.0720349636	0.0227497999	0.0666276906	0.0431225678	-0.0188268779	-0.0052395435	0.0089517073	-0.0127648362	-0.1230342664	0.0310637966	-0.1312696077	-0.0398609203	0.1097176469	0.0016340907	-0.0860846913	-0.0105574657	-0.0042957752	-0.0156228936	-0.0410855179	0.1385098975	-0.0261840579	-0.0041240027	-0.048761631	-0.008494891	0.0134571859	0.0098677524	0.0691815521	-0.0143406501	0.0581270636	0.0372916917	-0.0382149763	0.0232741477	0.0473050945	-0.0397157323	0.0002863425	-0.0580320491	0.0634390495	-0.0131397343	-0.0526707527	-0.0220633931	-0.02351225	0.02302065	0.116993985	-0.1092045172	-0.0852574741	-0.0017971895	0.0435618269	-0.0163456277	-0.0610860889	0.0300099779	-0.0210408905	-0.0234458198	0.1043955449	0.0239211578	0.0107936356	0.0072084421	0.1027144368	0.0514737564	0.0497789917	-0.0989423889	0.0197977787	0.021891963	0.0430214545	0.0395607677	0.0254299437	-0.0143760975	-0.0892868577	0.0234900197	-0.0200087579	-0.0255559589	-0.0488981288	-0.0204749022	-0.0149888914	0.0188520382	0.0020207098	0.032852009	0.0298644537	-0.1015105863	-0.0007752463	0.0168020932	0.0394915413	-0.0150348173	-0.0013895547	-0.0254994387	0.0823552797	-0.0765834438	0.1695723635	0.0213858853	0.0546832014	0.0514863421	0.0017997804	0.0534241416	-0.0858426444	-0.0260358991	0.0591137312	-0.0958835115	-0.090125597	0.0420678292	-0.0053816845	0.0027533357	-0.0119036745	-0.0132970083	0.0584196912	-0.0265407234	-0.0718106047	0.0501800218	-0.0161562395	-0.038178911	-0.0063451177	-0.0352184139	-0.0376630647	-0.0602201595	0.0066458786	-0.0202135877	-0.0233651594	-0.0923647333	0.0505803025	-0.0523901567	-0.0223970606	0.1115971429	0.0339732027	-0.0044330866	0.0626123069	-0.0598643683	-0.0639934995	0.0491765809	0.0142401158	0.005871903	0.0065310252	-0.0942047657	0.1179436112	-0.0480561241	-0.0401353707	0.0660385003	-0.0075729661	-0.0739691866	-0.0154032909	0.0056232141	-0.0493528708	-0.073805211	0.0566097668	0.0040889951	0.0850811316	0.0835543317	0.081029928	0.077538061	0.0731204221	0.0	0.0308478	-0.0040719999999999	0.00095158676484	1.6581183999999993e-05	-0.37493	-0.008888	7.899654400000013e-05	0.1405725048999999	0.670965	0.032986	0.450194031225	0.001088076196	-0.00361424	0.0006736999999999	1.30627307776e-05	4.538716899999997e-07	0.000943767	0.000648835	8.906961502889999e-07	4.2098685722500006e-07	0.000750496	0.0002337199999999	5.4625038399999993e-08	5.63244246016e-07	0.0	0.0	0.0	0.0	0.0	0.0	0.0	0.0	0.0	0.0	0.0	0.0	0.0
3626.554616087809	-4.922117950047323	13151898.383467795	24.227245114178057	8234.643691266017	19.01635505164268	361.6217594501359	67809356.72210722	3580.149354530673	5.178848642433877	26.82047326123921	12817469.400746394	3689.005547779509	6183.14465297154	0.91698	40.44981	0.14735755	0.0800083	-0.0070770939	-0.0038249012	0.0112477126	-0.0189820978	-0.0086362048	0.0336965871	-0.0283160743	-0.0322187661	0.0209693883	0.0146214763	-0.0285168432	-0.033151667	0.0176571594	-0.0552968836	0.1103706945	-0.0060532948	0.0245849549	-0.0225450932	-0.033783346	0.0472947563	0.0229850913	0.0973888796	-0.0805456079	-0.0314832976	-0.0361018558	0.0025333976	-0.0742787475	0.0534663588	-0.0053347141	-0.0278411783	0.0791396279	0.0206416949	0.1343623735	0.0394292782	0.0415928046	0.0812543591	0.0216002092	0.024946035	-0.0064466966	0.0689530098	-0.0549706292	0.0545485297	0.1221915916	-0.0062714075	-0.1325536038	-0.0344999929	-0.0385105528	0.0888512534	0.1029117669	-0.2183769951	-0.0260374321	-0.0297325215	0.0879967584	-0.051792267	-0.0641964566	-0.0415599424	0.0854747536	-0.1062325405	0.0774048038	0.0257735589	0.0203276224	0.1111747522	0.0528369296	0.0235402278	0.0548033242	-0.0293531515	0.0197915675	-0.0476650023	-0.0457479727	0.0273560145	0.0136359465	0.0214444698	0.016551968	0.0234032217	-0.1286586115	0.0198907704	0.0093393906	-0.0346841238	-0.0699044422	-0.039397094	-0.012373319	0.0315952818	-0.0021643296	-0.0434046277	0.0476597319	0.0140943777	-0.0287375511	0.0229725982	-0.0071596349	0.0541027206	0.0021081799	-0.0764412427	-0.0598824323	-0.0826373071	0.0041500184	-0.0490749505	-0.030166797	-0.0630188921	-0.0353731753	-0.0328311015	0.0360422013	-0.0251168843	-0.0173754775	-0.0513522656	0.0935718631	0.0227230837	0.0263973401	0.1238638432	0.0377717646	-0.0312814904	0.0848482608	0.0441253317	-0.0477799897	-0.0819360033	0.1002181074	0.0374446872	0.0821920728	0.0439043786	-0.0683823988	-0.0025840896	-0.0569162905	0.0665462687	0.0641105004	-0.1088579513	0.2495462675	0.017958246	-0.0923457711	0.0685749775	-0.0899494484	-0.0040794538	0.0254067938	-0.0062468885	-0.1466978128	-0.0398270012	0.0356045219	-0.0077816327	0.0120941646	-0.1361816035	-0.0066498495	0.0032142131	0.0423431419	-0.0100866582	0.0060016261	0.0134693206	-0.0375742143	-0.0024524975	0.0178190558	0.0456665527	-0.0462676138	0.0799027771	0.0076152505	-0.0552867324	0.0310717247	-0.0301722802	0.0152510991	-0.1055418258	-0.0215165615	-0.0289378627	-0.0488691145	-0.0075633176	0.0849680357	0.0831049477	0.0800300023	0.0757880394	0.0704409161	0.0	0.0420356	0.0111877999999999	0.00176699166736	0.0001251668688399	-0.312458	0.0624719999999999	0.0039027507839999	0.097630001764	0.63561	-0.035355	0.4040000721	0.001249976025	-0.00353688	7.735999999999984e-05	1.25095201344e-05	5.9845695999999764e-09	0.000304202	-0.0006395649999999	9.2538856804e-08	4.0904338922499993e-07	0.000700566	-4.9930000000000005e-05	2.4930049000000003e-09	4.90792720356e-07	0.0	0.0	0.0	0.0	0.0	0.0	0.0	0.0	0.0	0.0	0.0	0.0	0.0
3625.6297898595294	-0.9248262282794713	13145191.373116856	0.8553035525136327	8170.297643906577	-64.34604735944049	4140.413810783359	66753763.590025365	3574.956947264021	-5.192407266652026	26.961093222780764	12780317.174791288	3682.087918603439	6103.256049137705	0.92346	40.735676	0.1257220999999999	0.0728955	-0.0216049576	0.0207080302	0.0281274779	0.0122492077	-0.019855713	0.0563285509	-0.1095140029	-0.0229088766	0.0607302627	0.0358661068	-1.39495e-05	0.0083387499	0.0322923454	0.0029164383	-0.0244475771	-0.1270371743	-0.0697122169	-0.0503537353	-0.0429910123	0.0411409245	0.094700328	-0.0053099505	-0.0063082324	-0.123123402	-0.0949304546	-0.002827876	0.0402234319	-0.0648984986	0.0359554526	-0.0600949032	0.0025255566	-0.001758716	-0.0978040394	0.0674561717	0.0044698962	-0.085101763	-0.0648346988	0.1444938904	-0.0656682825	0.027851624	0.0682797419	0.0498650472	0.0229981833	0.043420333	-0.0298400622	-0.0512917142	0.0435326111	-0.0060416417	0.0190893427	-0.0635657769	-0.0686266825	0.0658506561	0.0802671351	-0.0618460216	0.0369965542	-0.1277906276	0.0403575364	0.0137665139	-0.0385269216	0.0163511874	0.020076662	-0.0330640385	0.0519849915	0.0260778547	-0.0223651946	0.0026628945	-0.0372351976	0.1141445008	0.1339384486	-0.0331959777	0.0370213836	-0.0672075129	-0.0192920082	-0.000869865	0.0673863273	0.008622886	0.0573015303	-0.0338653204	0.0995903046	-0.1175167185	0.000471145	0.0157606484	0.0163143955	0.0582629091	-0.0367779909	0.0336871171	0.0116517752	-0.0015542947	-0.0104777917	0.0374263832	-0.0382337187	-0.0266660411	-0.0972728743	0.1014739045	-0.0415694989	-0.1114646111	0.0135734252	0.0657556233	-0.0834875339	0.0536797559	-0.0518560124	0.0129874329	-0.0021392317	0.0823988385	0.0155976538	0.1104035132	0.0250843565	-0.045112207	0.0090805431	0.0859248975	-0.0349022864	-0.0361695536	0.0776033821	-0.1463534612	-0.0432690062	-0.0382145753	0.0037777147	0.1164273887	0.0133075847	-0.0212266893	-0.0353516103	0.0037362394	-0.0109872974	-0.0536258839	0.0740447801	0.0351943653	0.031672683	0.0589636956	-0.0578597166	0.100995135	0.0538454964	0.0389540896	-0.0175540427	-0.0455140408	0.0782445802	-0.0501778531	-0.0472596122	0.0637679462	-0.0025340922	-0.040539249	-0.0485640223	0.1136849596	0.0292443827	-0.0327499338	0.053789571	0.03614384	0.0375482086	-0.1417273764	0.036446331	-0.0077851653	0.0277973253	0.0372083747	-0.0653691382	-0.0665763768	-0.008339884	0.0960616412	0.060350764	-0.0229804543	0.0644595394	-0.0207845344	0.084843688	0.0826115445	0.0789347034	0.0738774647	0.0675282686	0.0	0.0446642	0.0026286	0.00199489076164	6.9095379600000095e-06	-0.330213	-0.0177549999999999	0.0003152400249999	0.1090406253689999	0.655763	0.0201529999999999	0.4300251121689999	0.0004061434089999	-0.00384551	-0.0003086299999999	1.47879471601e-05	9.525247689999993e-08	0.0015835	0.001279298	2.50747225e-06	1.6366033728040004e-06	0.000584784	-0.000115782	1.3405471524000008e-08	3.41972326656e-07	0.0	0.0	0.0	0.0	0.0	0.0	0.0	0.0	0.0	0.0	0.0	0.0	0.0
3636.824665030338	11.1948751708087	13226493.644173032	125.32523008998912	8218.276566675053	47.97892276847597	2301.9770300233818	67540069.72636029	3572.97044575508	-1.986501508940819	3.946188245024151	12766117.806239257	3680.7167884431415	6136.606953517369	0.92908	40.983578	0.0963127499999999	0.0617735	-0.0163916769	0.0160569197	0.0193922591	0.032381886	-0.021181653	0.0062628593	-0.0242532892	0.0512672693	0.1135904908	0.0245645299	0.0145708855	0.0060091619	0.0462366846	0.0204402962	-0.0724328907	0.0279685642	0.0267725867	-0.0509448469	0.0161010722	0.106166578	-0.0374729007	0.0161072405	0.1213656449	0.0801490632	0.0759215329	0.0101326545	-0.0594166604	0.0172286169	0.0201812166	-0.0214068112	0.0226074475	0.0661344039	-0.0192900201	0.0685515882	0.1264504033	0.0510686883	0.0422301604	-0.0390934438	-0.0363458718	0.0123419562	0.0481905965	-0.0109002833	0.0050518603	0.0172562988	-0.0536211868	0.0656872349	-0.1428976069	0.1303983185	-0.0586610519	0.0424432503	0.0156785251	0.0121047742	-0.0266682227	-0.0079079479	0.026555633	-0.0845136807	0.0134565072	-0.0878051671	0.0296987261	0.0244787078	-0.1324666392	0.0455886634	0.0347800457	-0.0164851751	0.0788990794	0.0161186536	0.0428046575	0.0935371133	0.0522147098	-0.0143321826	0.0327100365	-0.010956654	0.0292264364	0.0277259601	-0.1041160323	0.0473785348	-0.0536735071	-0.0108419756	0.0290452687	-0.0503628512	-0.0929348837	-0.0629254934	-0.06864222	0.0122235663	-0.0083733453	0.0236803768	0.0224095941	-0.0192878375	0.0098223985	0.0374240842	-0.0095366623	0.0623048876	0.0357405329	0.0323878156	-0.0753880393	-0.0107454598	0.0307112349	-0.1098177013	0.0938606347	0.0952828461	0.0085453418	-0.0260382268	0.0014101082	-0.0613990979	-0.0627359001	-0.0145756511	0.0439683279	0.0759990877	0.1035757237	0.0136942101	-0.0591271323	0.0697316235	-0.0798822787	-0.009248733	0.0370970729	-0.0518659516	0.0076808492	0.0233106132	0.044540446	0.0203753253	-0.0117981611	-0.0216258449	0.13671062	0.0664506707	0.0031848684	-0.1448897014	-0.0104169024	-0.0370733407	0.0037568983	0.0589108666	0.0313113115	0.0721138017	0.0019482202	-0.0586427453	-0.0043168543	0.0341031848	0.0355222878	-0.0856590213	0.0782089436	0.0561608096	-0.0579719389	0.1228686397	0.0527621926	0.0384384438	-0.0235401775	0.0211725582	0.0134672365	-0.0570525133	-0.0498647035	0.0970355338	-0.0045911317	-0.0220467701	0.0607634666	0.0145327296	-0.0515707947	-0.0061314601	0.0516598048	-0.0328247349	0.052688539	0.0871917198	0.0847081048	0.0820743834	0.0777453364	0.0718103845	0.0643921198	0.0	0.0415096	-0.0031546	0.00172304689216	9.951501160000005e-06	-0.314996	0.0152169999999999	0.0002315570889999	0.099222480016	0.637167	-0.0185959999999999	0.405981785889	0.0003458112159999	-0.00379803	4.747999999999992e-05	1.44250318809e-05	2.254350399999992e-09	0.000444384	-0.001139116	1.97477139456e-07	1.2975852614560005e-06	0.000584477	-3.069999999999549e-07	9.42489999999723e-14	3.4161336352900005e-07	0.0	0.0	0.0	0.0	0.0	0.0	0.0	0.0	0.0	0.0	0.0	0.0	0.0
3639.8814609502606	3.056795919922479	13248737.049769403	9.344001296054714	8206.019902959217	-12.256663715836112	150.2258054430935	67338762.64776279	3577.00232775458	4.031881999500001	16.256072457892127	12794945.652761685	3683.165920958227	6155.3994174303325	0.8786359999999999	38.758389	0.0659370999999999	0.0525096	-0.0181173181	0.0165775162	0.0191525985	0.0230822275	-0.0287052099	-0.0091586699	-0.055815185	0.0494839235	0.0353723118	0.0140543091	-0.0162527396	-0.0088326794	0.0660150405	0.0238882823	-0.0067360065	0.0246980369	0.0556574531	0.0204687387	-0.07357438	0.0108172668	-0.0108766332	-0.0982165224	-0.0267905801	-0.0803394931	0.0101151985	0.0135227869	-0.0095870697	-0.0540257851	0.0192988077	-0.0018931605	0.019511401	0.010353477	-0.0259916635	-0.0256586877	0.0200029087	-0.006448533	0.0036610762	-0.0907674804	-0.0259015385	-0.021169944	-0.0132273754	0.1006405894	0.0403317194	-0.0785855778	-0.0038991677	-0.0293333748	-0.1196388293	-0.0801196092	-0.0810980519	-0.017353801	-0.004479594	0.1184497021	-0.0566844858	-0.0393205815	0.0249075174	-0.0420239092	0.0045885728	-0.0478693343	-0.0096652911	-0.0869439901	-0.0579733888	0.0817734174	-0.1340681501	0.005663126	-0.1303911118	-0.0107858208	-0.0049410302	0.0009978527	-0.0142383181	0.0652615135	0.0335092341	0.0744218843	0.0351521066	0.0103347627	0.0524608458	0.0028776966	-0.0848605053	0.0428379041	0.031930057	0.0324147331	0.0804546308	0.0465549697	0.0056647308	-0.0515725984	-0.0529523732	0.0162163619	-0.0130309716	-0.0463619617	0.0545068401	0.028108374	-0.008274689	0.0169008533	0.0543273067	-0.0515244972	-0.0148456242	-0.0483856875	0.089801213	0.0876645002	-0.0419112203	-0.0115588067	-0.0075117926	-0.0115578733	0.0396981733	-0.01968015	0.0186889198	0.0480580615	-0.0043508058	-0.0079218985	-0.0344755442	-0.0157676009	0.0178604465	0.0174477543	-0.0519232272	0.0231538251	0.0534814966	-0.0788098583	-0.0643724652	0.0081661201	0.0282802034	0.0545836329	-0.0199094638	0.1148773473	0.0737021752	-0.0502371013	-0.0402315216	0.0323992625	0.0806689606	-0.1061004314	0.0244225624	0.0744980885	0.0571218302	0.067172235	-0.0146496706	-0.0481109058	-0.0458990547	-0.0139748441	-0.0293866599	-0.007852412	-0.0667991501	0.0361227627	-0.1680739598	-0.0870033386	-0.0541953118	0.0078518699	-0.0262553588	0.0956507705	-0.0855081388	0.0353617517	0.0078847656	-0.0050053361	-0.0217909948	0.0089523626	0.0314818056	0.0558989534	-0.0798366183	0.04313495	-0.0763553092	-0.049528563	-0.0200508582	-0.0143775886	0.0845613042	0.081493749	0.0764633189	0.0695911778	0.0610428493	0.0	0.0407079	-0.0008017	0.0016571331224099	6.427228900000038e-07	-0.364572	-0.049576	0.002457779776	0.132912743184	0.638057	0.0008899999999999	0.407116735249	7.920999999999046e-07	-0.0040131	-0.00021507	1.6104971610000003e-05	4.625510490000016e-08	0.000495786	5.1402000000000034e-05	2.45803757796e-07	2.6421656040000035e-09	0.000611393	2.6915999999999984e-05	7.24471055999999e-10	3.73801400449e-07	0.0	0.0	0.0	0.0	0.0	0.0	0.0	0.0	0.0	0.0	0.0	0.0	0.0
3636.27780484806	-3.6036561022006026	13222516.274030626	12.98633730292764	8245.201783926128	39.1818809669112	1535.2197961051977	67983352.4576586	3586.6207970930827	9.618469338502564	92.51495241571396	12863848.74214062	3693.7096508750737	6178.214723815918	0.904995	39.921143	0.1531271	0.0888156999999999	-0.0097702214	-0.0015591207	0.0067742633	0.0071686514	0.0063919577	-0.0153550426	-0.0119290757	0.0599049948	0.0811110175	0.0024649777	0.0119214603	-0.0129314126	-0.028466691	0.0170760802	0.0858302173	0.0196996137	0.0754439744	0.0479358086	0.0466607747	0.0390505291	-0.0234001267	-0.0184164128	0.0825662105	-0.0624851189	0.0007272799	-0.0680155426	0.041981265	0.0038464866	0.0176507127	-0.0372740164	0.0154653877	0.0258497894	0.0218120173	0.0100920349	0.1079299439	-0.0366372916	-0.0425022485	-0.0163987342	0.05139453	0.038020259	-0.0652269951	0.0925822699	0.0043922242	0.0404438209	0.0029248253	-0.0782075328	0.0017898646	-0.0437224332	0.0137303446	-0.0111950449	0.0028574326	-0.1355852627	-0.0250537911	-0.0392614563	0.0172928289	0.003675035	-0.0690061676	0.0962776206	-0.0358368898	-0.0423414931	-0.1026323297	-0.0032898116	0.0135574537	0.1200483109	-0.0176189915	-0.0521264329	-0.032353131	0.0546126887	-0.1312666421	-0.029388921	0.0377951059	-0.0872751108	0.0512314056	-0.0267996852	0.0232615371	-0.0193007559	-0.0373234785	-0.044619906	0.0782640697	0.057947055	-0.0613370753	-0.1214250438	-0.0671845891	0.1262654483	0.1404957616	0.0060328906	0.0098413762	0.001932082	0.0404368095	-0.052465713	0.046446917	-0.017252707	0.0051245526	-0.1097317904	-0.0224921163	-0.0114737189	-0.00151015	-0.0194593099	-0.0415484761	0.0912970855	-0.0353497266	0.0852193568	-0.009679567	0.0262284084	-0.0130504605	0.0050139986	0.0630946395	0.0539534507	0.0422239934	-0.0154146803	0.0305086673	0.1021520851	0.0453979037	-0.0209117167	0.033549521	-0.0119304733	-0.0348351015	0.0294520392	0.0191387167	-0.0573276026	-0.0344690898	0.0796169758	-0.0124519533	0.0256030654	-0.0108186196	0.0678656892	-0.0188552479	0.0492767354	0.0054268592	-0.1144222429	0.0250283937	-0.0271104033	0.1295768714	-0.0306664424	-0.0436657948	0.0399921856	-0.0262447621	0.0198267689	-0.0865500953	0.0171623737	-0.0193872621	0.093485466	-0.0953848545	-0.010417933	-0.1235436245	-0.0549448729	0.0083155031	-0.0477569824	-0.0368987466	-0.0983326174	-0.0167164763	0.0053149532	0.0289793971	-0.0054403464	-0.0320277706	0.0605391178	0.0199803309	0.0054484271	0.071807444	0.1937215687	0.0844033055	0.0808699489	0.0750901786	0.0672245457	0.0574915426	0.0	0.056024	0.0153161	0.0031386885759999	0.0002345829192099	-0.288664	0.075908	0.005762024464	0.0833269048959999	0.60666	-0.031397	0.3680363556	0.000985771609	-0.00378846	0.00022464	1.43524291716e-05	5.046312960000016e-08	0.000207855	-0.000287931	4.3203701025e-08	8.2904260761e-08	0.000708942	9.754899999999994e-05	9.515807400999987e-09	5.025987593639999e-07	0.0	0.0	0.0	0.0	0.0	0.0	0.0	0.0	0.0	0.0	0.0	0.0	0.0
3639.309757806821	3.0319529587609395	13244575.513267942	9.192738744139216	8230.34292785815	-14.858856067978197	220.7856036488924	67738544.71014465	3583.4671121731963	-3.153684919886473	9.945728573919348	12841236.544026908	3689.888188576212	6155.3545558384485	0.937766	41.366722	0.1202617	0.06986	-0.0119084814	0.0093707731	0.0136416146	0.0093898663	-0.0045585496	-0.039570849	-0.0161128742	0.0020225916	0.040909495	0.007398742	-0.0684609706	0.0385227867	-0.036761362	0.0312225212	-0.02890086	-0.0091857255	0.0804342048	0.0833216911	0.0586925956	0.0048455488	-0.0033700306	-0.0209765771	-0.0210194879	0.1104395107	0.0365309158	0.1385275836	-0.0226865186	0.0646380773	0.0462961737	-0.0504805618	-0.0551618321	-0.0301517305	0.0527570661	-0.0135977511	0.0060651148	0.0186177854	-0.0837556473	0.0055864107	0.0061358109	0.0527328101	0.1143919739	-0.0543470856	0.0244425094	0.0324266852	-0.012283766	0.0143320961	0.0433710517	-0.0486204366	-0.0507562844	-0.007950809	0.0685500285	-0.0026286874	-0.0709873974	0.0293112904	0.0724662658	0.0025531849	0.0022415264	0.0593131636	0.0214047416	-0.0322564536	-0.025239962	0.1505208287	-0.0849788768	-0.0268607337	-0.025740231	0.0445170411	0.0183596185	0.0929374408	-0.052377807	0.0350371033	0.0169816525	-0.0169561303	0.0515358312	0.0086826007	-0.0338493937	-0.1384171488	-0.0309540502	0.0492317233	-0.0088681254	0.0812313825	0.0035755078	-0.039551263	-0.0559529129	-0.0278438582	-0.0808276958	0.012116063	-0.0555148437	-0.0475055086	-0.0320806841	-0.0477766364	0.0579294833	0.01182569	0.0565313871	-0.0077411475	-0.0144096876	-0.0315214886	-0.0677208094	-0.0113885162	0.0543035999	-0.0566944573	0.0319881569	-0.107437419	-0.0761703492	-0.061846072	-0.1337646113	-0.0600349485	0.0405514624	0.0062509639	-0.0105347094	-0.0240793121	0.0548714435	0.02092417	-0.0048603895	-0.0188485339	-0.1042682663	-0.0057794761	0.05607993	0.0945549305	-0.0172691236	-0.0262239121	0.0118040651	-0.0628942158	0.0015918361	0.0037451551	-0.059374453	0.047106968	0.0591245109	-0.0620277531	0.003188677	-0.0596337961	0.0518707164	0.0879323964	0.0584708611	0.006990125	-0.0051194069	-0.0473347528	0.0003783712	-0.105226194	-0.0032940195	0.1027615472	-0.1269430059	-0.0384947992	0.007263553	-0.0169141119	-0.0514649904	-0.0324655971	-0.0671188661	-0.01491052	-0.0365154921	-0.0630571013	-0.0876238506	-0.0502357422	0.1078379437	0.0455985091	0.0558894388	0.0099880439	0.0029685687	0.0202656639	-0.0070498357	0.0391074876	0.0842341297	0.0802033134	0.0736275519	0.064715502	0.0537499534	0.0	0.0483888	-0.0076351999999999	0.00234147596544	5.829627903999992e-05	-0.356428	-0.067764	0.004591959696	0.127040919184	0.625319	0.0186589999999999	0.3910238517609999	0.0003481582809999	-0.00340843	0.0003800299999999	1.16173950649e-05	1.4442280089999997e-07	0.000330543	0.0001226879999999	1.09258674849e-07	1.5052345343999994e-08	0.00068759	-2.135199999999998e-05	4.559079039999992e-10	4.727800081e-07	0.0	0.0	0.0	0.0	0.0	0.0	0.0	0.0	0.0	0.0	0.0	0.0	0.0
3640.0072392009897	0.6974813941687898	13249652.70143561	0.4864802952116387	8258.76267195547	28.41974409732029	807.6818545571715	68207160.87168506	3584.972848676108	1.5057365029115315	2.2672424162002494	12852030.325744888	3694.160408055951	6184.6825049536565	0.973119	42.926247	0.16062445	0.097219	-0.0078528876	0.0092114316	0.0060354056	0.0039131515	0.068610977	0.0120316384	0.0634892211	0.0458100436	-0.0229390593	-0.0061089076	0.0335929846	-0.0438787096	-0.0751884061	0.0481007977	0.0080449139	-0.059320808	-0.0270934313	0.0696703749	-0.0283576367	-0.0785835967	0.0749098215	0.0543268506	0.0326911427	0.0440694564	-0.0124473785	-0.0064773761	-0.0196513271	-0.0142594378	-0.0047338443	-0.0392463216	-0.056442845	-0.0838103079	-0.0079642347	0.0538581215	0.0297054889	0.0103549925	0.011970429	0.0113495489	0.0660239597	-0.0198493523	0.0026411754	-0.0405309814	0.0564247222	0.0505584156	0.0084589674	-0.0517819572	-0.0762788259	0.0593968033	-0.0678330402	0.0536368732	0.1240816156	0.0106624202	-0.0662748325	0.012901968	0.0250242049	-0.0393943774	-0.0882010127	-0.0477536381	-0.007726822	0.007084011	0.0758065993	0.0275652643	-0.0631077595	0.0042774867	-0.0428072908	0.0273860389	-0.0291730367	-0.0635774477	0.0780548577	-0.0202690113	0.0539629947	0.0207370126	0.0338960463	-0.0516978763	-0.0730528647	0.0004420617	0.0578184763	0.0191476329	0.0839641443	0.0564363515	-0.029717124	-0.0466478878	0.0443544706	0.0016094706	-0.282000212	-0.0090456456	0.0246720949	0.0528682025	0.0133284356	-0.0681699984	0.011675428	-0.0395105616	-0.058921269	0.0619682364	0.102380182	-0.0249842872	-0.0706837753	0.0261558312	0.0794160515	-0.0034394347	-0.0241434643	0.0085714122	0.0276587065	-0.0067381001	-0.027822198	-0.0199388735	0.0267366111	-0.0271326433	-0.0073160188	0.0500921809	0.0581490745	0.0475940394	-0.0074496551	-0.0133588724	0.0242495835	0.0468510478	-0.0301559766	0.0736053951	-0.0476797736	-0.0258591757	0.0060841247	0.0439360395	0.0201180841	0.1144245703	-0.0471382039	-0.0939990624	-0.0089138817	-0.1153675058	0.009464441	0.0037401366	-0.0037575856	0.0279997441	0.035590173	-0.0733279981	0.0419314278	-0.0204831826	-0.0432525311	3.31701e-05	-0.0013416345	-0.0067071884	0.0096846876	-0.0849943596	-0.027815414	-0.007074657	0.1451827459	0.0097051791	-0.0064330569	-0.0014160479	-0.0057277245	0.0730165495	-0.0988178858	0.0044697992	0.0071617067	-0.0112756734	0.0479744881	0.0247599806	0.0241608122	0.0562276876	0.0465637132	0.045785645	0.0840537993	0.0794941956	0.0720771819	0.0620693619	0.0498304656	0.0	0.0506245	0.0022357	0.00256284000025	4.998354490000001e-06	-0.291051	0.065377	0.004274152129	0.084710684601	0.640725	0.015406	0.410528525625	0.000237344836	-0.00352178	-0.0001133499999999	1.24029343684e-05	1.284822249999998e-08	0.00173423	0.001403687	3.0075536929e-06	1.970337193969e-06	0.000722668	3.507800000000002e-05	1.2304660840000011e-09	5.222490382239999e-07	0.0	0.0	0.0	0.0	0.0	0.0	0.0	0.0	0.0	0.0	0.0	0.0	0.0
3641.345752477702	1.3385132767120922	13259398.8890874	1.791617791934542	8246.653177829356	-12.10949412611444	146.63984799040017	68007288.635403	3584.6438511439733	-0.3289975321345082	0.1082393761505967	12849671.539544296	3691.358465317467	6162.2255034092495	0.923449	40.735203	0.09484905	0.0628859	-0.0098551882	0.0086161051	0.0033920267	0.0050423666	0.0707288085	-0.0085284323	0.0677412655	-0.034113476	-0.0731941568	-0.0226248474	-0.0207888545	-0.0157205216	-0.0096307508	0.015606247	0.0668468009	-0.04819532	0.046585305	-0.0663103318	-0.026766582	0.0055965255	-0.0324428246	-0.1036935474	0.0173868368	0.03791971	-0.0249939366	0.0366761371	0.0470050739	0.0572484951	0.031482138	-0.0256815925	-0.0972177693	0.064293153	0.0717088411	-0.1045651108	0.0074258597	0.0014872131	0.0662848578	-0.1090536006	-0.0350493432	-0.0323921701	0.0078244154	-0.00754145	-0.0396636555	0.0372462908	-0.0451706322	0.0026228446	-0.0068382953	0.0439936064	-0.012252114	0.0009310127	0.1265428878	0.0269779473	0.0734681695	0.0154474883	0.0276951563	-0.0653813069	-0.0578061931	0.0220397783	-0.008954011	0.0559005102	-0.0651598717	0.053008822	-0.0486110055	-0.0477615807	0.0598422898	-0.0760514152	-0.0009715622	0.0510537586	0.0108670334	-0.0685822922	0.0349734455	0.1329126681	-0.0441304658	-0.0701331097	-0.0308154279	-0.1342715493	-0.0105432436	-0.0478106302	-0.0134152727	-0.0281852752	0.0554127652	0.0430486348	-0.0485483797	-0.0612253536	-0.0401190365	-0.0101903642	-0.023660299	0.0063055912	0.0110628616	-0.0121234474	0.0042423762	-0.0386120895	-0.0659227526	-0.0384719518	-0.0781876692	0.0137307948	0.0610546785	0.0351960453	0.0476695301	-0.0198952345	-0.0164066861	-0.0142471326	-0.0986492721	0.0084674179	-0.0535542353	-0.0498508561	0.0343399523	-0.0619490148	-0.0283922607	-0.137847289	-0.0137228284	0.0136773218	-0.0425604574	0.0704462285	0.0663981043	-0.0583283565	-0.0024005937	-0.02738681	-0.0093958575	-0.0195689978	-0.0792295701	-0.0236706479	-0.0029791359	0.018940169	-0.0103875402	-0.0232197766	-0.0562963935	-0.068752112	-0.0946232674	0.0560341198	0.0384082922	0.0124091381	0.0717270885	-0.0322415519	0.0475987988	-0.0074193523	-0.0166103448	-0.0698825688	0.1258687603	0.173251109	-0.0282113374	0.0237256234	-0.0027626935	-0.0107553402	0.0030989995	-0.0106232201	0.0209567071	0.0669359882	0.1212544428	-0.0503019007	-0.0875216784	-0.0922227918	-0.0047185332	-0.0288323651	-0.0449794921	0.0051413899	-0.0279367379	-0.0442130648	-0.0737253651	-0.0310292285	0.083862338	0.0787429712	0.0704409161	0.0592917311	0.0457460516	0.0	0.053883	0.0032584999999999	0.002903377689	1.0617822249999984e-05	-0.346301	-0.05525	0.0030525625	0.119924382601	0.639477	-0.001248	0.4089308335289999	1.5575040000000671e-06	-0.00388212	-0.00036034	1.50708556944e-05	1.2984491560000017e-07	0.00152876	-0.0002054699999999	2.3371071376000004e-06	4.221792089999997e-08	0.000586627	-0.0001360409999999	1.8507153680999985e-08	3.441312371290001e-07	0.0	0.0	0.0	0.0	0.0	0.0	0.0	0.0	0.0	0.0	0.0	0.0	0.0
3642.5006081594806	1.1548556817788267	13267810.680442186	1.3336916457368386	8260.145233751009	13.492055921653446	182.0355729930238	68229999.28265952	3581.752489312333	-2.891361831640097	8.359973241465177	12828950.894695096	3691.346584062561	6219.838745247977	0.918544	40.518803	0.1851257	0.0921011	-0.0036556063	-0.0118359962	-0.0035863653	-0.0318292165	0.0483517719	-0.0095934624	0.0502583942	0.0236274949	-0.1204306127	0.007144833	0.0138520241	-0.0193405172	0.0184550098	-0.0659374472	0.093815446	-0.0293375253	-0.0510390302	-0.0821231136	0.0397307944	-0.0479163634	-0.0359390339	-0.0987617915	-0.0949401545	-0.0132375599	0.0103269002	-0.0417262929	0.0587378459	0.0724389122	0.0362203882	-0.0658227468	-0.0256439152	-0.1200993777	-0.0368524035	0.016877814	0.0164638634	-0.0478271776	0.0222353492	0.0943976505	0.0153854148	0.0507686891	-0.0645337359	0.1257303346	0.1103608922	0.0831521928	0.0188571084	-0.0372650354	0.0555825353	-0.0494191062	0.0644498999	0.0548448517	-0.0281449375	0.0414455818	-0.0150321987	-0.0299613953	-0.0172837632	0.0815712182	-0.0420219891	-0.0661127441	-0.0268580624	0.1604811889	-0.1020105079	-0.0259833588	0.0807754561	-0.0012625059	0.1053246228	0.0319888808	-0.0670703112	0.0293211244	0.0029913329	-0.0617796174	-0.053432836	0.1177767011	0.0382887562	0.0726933092	0.0175670819	-0.0602104782	-0.0707210915	-0.0112180656	-0.0257862455	-0.0058918487	0.0330774862	0.051259442	0.0782178938	0.0084914184	-0.0702087248	0.0029709393	0.0084363312	0.0368147865	-0.0045662197	0.0412165346	0.0249731882	-0.028288743	-0.0942923213	-0.0418173266	-0.0618352125	0.0970001298	0.0531565972	0.0890804104	-0.0676513231	-0.0591562738	0.0459714631	0.0609753288	-0.0627097669	0.0134447245	-0.0012455594	-0.0132205654	0.0604795959	-0.0415515461	-0.0669774534	0.1050115781	0.0255536555	0.0279598207	0.121593372	-0.1107618109	0.0646895182	0.0684744755	-0.0208279947	0.0170883153	0.0213509839	-0.1058595661	0.0725182397	0.0205989838	-0.0497300914	-0.1320958304	-0.0064082056	0.0121691818	-0.0080668775	-0.0529567569	0.0463892047	-0.0202264414	0.000635611	-0.0577807933	-0.0306105072	-0.0362595811	-0.0245781237	0.1317775505	-0.0303426025	-0.0591109231	0.1115592722	-0.0169288301	0.0167432693	0.08610465	-0.0340423004	0.0504285618	-0.0051812525	0.0323937895	0.1349684264	0.0604154316	0.0326604548	-0.0309251124	-0.0040336073	-0.0408959224	0.0826390863	-0.004002515	-0.0617199806	0.0178769896	-0.027867663	0.0224236682	0.1234650347	-0.1405415106	0.0836597713	0.077950038	0.0687207046	0.0563884939	0.0415102298	0.0	0.0371529	-0.0167300999999999	0.00138033797841	0.0002798962460099	-0.290164	0.056137	0.003151362769	0.0841951468959999	0.610047	-0.0294299999999999	0.372157342209	0.0008661248999999	-0.00380976	7.236000000000005e-05	1.45142712576e-05	5.2359696000000066e-09	0.000203326	-0.001325434	4.1341462276e-08	1.7567752883560003e-06	0.000327849	-0.000258778	6.696605328400002e-08	1.0748496680100001e-07	0.0	0.0	0.0	0.0	0.0	0.0	0.0	0.0	0.0	0.0	0.0	0.0	0.0
3633.44176917385	-9.0588389856307	13201899.089977195	82.06256376758266	8230.560775969947	-29.58445778106216	875.2401421994491	67742130.68693501	3576.35782556894	-5.3946637433932665	29.10239690428185	12790335.296508197	3685.2928457215216	6186.394200341361	0.937792	41.367874	0.15590655	0.0836014	-0.0040087802	0.0004219104	0.0043390684	-0.0181698355	0.0240570559	0.0215025011	0.0257274338	-0.0546709086	-0.1093970936	0.0092511396	-0.0133672083	-0.0248300521	-0.0365400138	-0.0437285904	-0.0559719806	0.0001273992	-0.0670842429	-0.0909400306	0.0207785062	-0.1025002968	0.0871575702	-0.0933484163	-0.067958766	-0.0590720091	-0.0105679821	0.1376993779	0.0311827109	-0.0163362141	-0.0194932219	0.0957554057	-0.0189319619	0.0234993302	0.0215979776	0.013964347	-0.0214517101	0.0703148054	0.1006182767	-0.0173346598	-0.0722298892	-0.0005330013	0.0008254092	0.0188794755	-0.0044667213	-0.0129667897	-0.0639912249	-0.0170728245	-0.0210843648	0.0577636434	-0.0228477145	0.1309370343	-0.0196232098	0.0266160134	0.0992540196	-6.17055e-05	-0.046284377	0.1414835801	-0.0193703519	-0.0001414372	-0.0194275531	0.0538495758	0.0766398925	0.0086962568	0.0259950233	0.0998565628	-0.0202340208	-0.0358541977	-0.0074407935	0.1114905992	0.035228075	-0.0147588987	0.0166203623	-0.1026425187	-0.1018342348	-0.0482038132	0.0072079225	0.0477694502	0.0069713226	0.000181945	-0.0028972588	-0.0854563049	-0.0016995733	0.055993469	0.0477256845	0.0002932133	0.005729029	0.0061840034	-0.0155367661	0.0575046181	-0.044515915	0.0113348027	-0.0192856968	0.0107502201	-0.0025293649	0.0736618057	-0.0375993223	0.0710219355	-0.0213310877	0.1686208992	-0.0361283393	-0.0247817732	0.0104503283	-0.1183185552	-0.0045273372	0.0190562383	-0.0043317459	-0.0207623367	-0.1167634531	-0.016372286	-0.026806534	-0.0231691366	-0.0333354216	-0.0479239964	-0.0598003375	-0.0128326359	0.0951260593	-0.0131740197	0.0487497535	-0.0242772418	0.0261283016	0.0141405714	-0.0364536263	-0.0192344451	-0.0037400298	-0.0517889688	-0.0159185597	-0.1325479466	-0.000578633	-0.0521469527	-0.0248905908	0.0019200567	-0.0703346982	-0.1525802362	-0.0346132845	-0.0082136602	-0.0568565598	0.0246738593	-0.0623176382	0.0083200856	-0.0584156296	0.0041737998	0.0287559645	0.0881352538	0.0046443941	-0.0553876349	0.0088748368	-0.1020510226	-0.0108445257	-0.118276373	0.0427248876	0.0315013685	0.0556330432	0.0671279122	-0.0984301938	-0.0022643624	-0.0053356478	-0.0019543515	0.0502936516	0.0033092474	-0.0268411372	-0.0864815241	0.0834461259	0.0771158161	0.0669185973	0.0533658005	0.0371370197	0.0	0.0528819	0.015729	0.00279649534761	0.000247401441	-0.330896	-0.040732	0.001659095824	0.109492162816	0.62846	0.018413	0.3949619716	0.000339038569	-0.00379608	1.3680000000000287e-05	1.44102233664e-05	1.8714240000000789e-10	0.00161523	0.001411904	2.6089679529e-06	1.993472905216e-06	0.000522916	0.000195067	3.8051134489e-08	2.73441143056e-07	0.0	0.0	0.0	0.0	0.0	0.0	0.0	0.0	0.0	0.0	0.0	0.0	0.0
3633.8339930754014	0.3922239015514606	13204749.489230316	0.1538395889482498	8263.83357485979	33.272798889842306	1107.0791459638915	68290945.35297993	3580.4926627523987	4.134837183458785	17.09687853371338	12819927.708023762	3691.864303421188	6197.078618709019	0.991092	43.719074	0.1772635000000001	0.0904699	-0.0009693325	-0.0143015492	-0.0011129358	-0.0461750577	0.0071883339	0.0653242317	-0.0453314509	0.072710507	-0.0032046602	-0.0028790996	0.0125568288	-0.0318567368	-0.0169003205	0.0311039111	-0.0509399989	-0.0490842382	0.1030002249	0.0059453734	0.0317315925	-0.0368645216	-0.0216089057	-0.0589465504	-0.0125606973	-0.0294186624	0.031014468	-0.0734408848	0.0310298744	-0.0411872517	0.0020457612	0.1478227571	-0.0530710439	-0.0012756577	0.0487739596	0.0734147559	-0.0352678701	-0.0958353327	-0.0878347873	0.0060938953	0.021304926	-0.1639731843	-0.0079257038	-0.0561137563	-0.0369085558	-0.019003315	0.0534908364	-0.0553255431	0.037537152	0.0796777756	-0.0533358284	-0.0229800537	-0.0760080856	0.0312392115	-0.018506023	0.0081356603	-0.0286458928	0.0134158794	0.0147451248	-0.0627679939	-0.0668193679	0.0735044087	-0.0170623642	-0.0037239332	0.0129142505	0.0608123281	0.1200302563	0.0012477046	0.0225538055	0.0198310136	-0.0161893062	-0.1087177691	-0.0317443827	-0.0316967766	-0.022860675	-0.035770579	0.1323750107	-0.0738443283	-0.0219997841	0.0599219632	0.0091485562	-0.0535188934	0.135206421	0.1014475148	-0.0335392657	-0.0761401044	-0.0086282462	-0.0134812192	0.0002459323	0.0598130375	0.0476578026	-0.0426249983	-0.0383004909	-0.0449638973	0.0532558376	0.0280791749	-0.0657516497	-0.0147680008	-0.0210092907	0.0391062027	-0.0218349324	-0.0332749476	-0.0286324634	0.1011949943	0.0661307963	0.0042103899	-0.0881766497	-0.0865162749	-0.1317789259	-0.003918741	0.0407540212	-0.0255796059	0.0106250734	-0.0596814696	0.0597850018	0.0224252234	-0.087725459	-0.0173996933	-0.151512414	-0.0336084171	-0.0389428833	0.039239932	0.0259347902	0.0426053985	-0.0772558971	0.0582478494	0.0822732264	-0.0485468583	0.0825498336	0.0181124854	0.0201779591	0.0333670972	-0.0169387437	0.0180227599	-0.0414600583	-0.0014837514	-0.0169380553	0.060101138	-0.0855461111	-0.043456052	0.0426051022	0.0004088179	0.0460772273	0.0541632568	0.0303557825	0.085466602	-0.0608139832	-0.0530491755	0.0577791565	-0.0457880187	0.030136585	-0.0650450198	0.0416125084	-0.0674673317	-0.1090673047	0.0571862011	-0.0529179645	0.1039635688	-0.038409275	-0.0441727085	-0.0747839692	-0.1172668872	0.0832214302	0.0762407473	0.0650367418	0.0502300546	0.0326408955	0.0	0.0367085	-0.0161734	0.00134751397225	0.00026157886756	-0.286611	0.044285	0.001961161225	0.082145865321	0.602219	-0.026241	0.3626677239609999	0.000688590081	-0.0034481	0.0003479799999999	1.188939361e-05	1.2109008039999993e-07	0.000211837	-0.001403393	4.4874914569e-08	1.969511912449e-06	0.000463007	-5.9909000000000026e-05	3.589088281000003e-09	2.1437548204900002e-07	0.0	0.0	0.0	0.0	0.0	0.0	0.0	0.0	0.0	0.0	0.0	0.0	0.0
3632.026775887203	-1.8072171881985923	13191618.500761587	3.2660339653204264	8227.826116743034	-36.007458116755515	1296.5370400299023	67697122.60735875	3574.0483564805904	-6.444306271808273	41.52908332486744	12773821.65446161	3684.007494580615	6198.827532108852	0.953359	42.054596	0.0613724999999999	0.0389382	0.0082221443	-0.0276241287	-0.0191923234	-0.0295124246	0.0119086838	0.0237758762	-0.0678974094	-0.0611335594	-0.058155805	0.0037141722	-0.0355696178	-0.0397413809	0.0684733426	-0.031085675	0.1031234842	0.103120788	0.0286645974	0.0541763045	-0.0209203715	-0.0860560404	0.0740496802	-0.0803654043	0.0410982534	-0.0589515622	0.0492362087	0.0242832704	-0.0823068736	0.1181226935	0.028492346	0.0298262743	0.0974150905	-0.126771661	-0.0317836816	0.019169011	0.0474430154	0.0265073275	-0.0033050894	-0.1091328992	-0.0914787116	-0.073709872	-0.0182883939	-0.0404028969	0.0190443382	0.0892363113	-0.0840661663	0.0645909604	0.0419857227	0.0957402233	-0.0129085807	-0.0328784132	0.0137508264	-0.016478853	0.0365105651	-0.011963663	-0.0541358801	0.0559556277	0.0439292113	0.0828680009	-0.006233438	0.1062339982	-0.0397104947	0.0140949359	-0.0706997647	0.0620708761	0.0460248957	0.0336408067	-0.0226260413	-0.0922366655	-0.0624626079	0.0311975455	-0.0423459247	-0.0756083452	0.0362203335	0.0222882153	-0.0012543688	-0.0667906574	0.0767280667	-0.0944473932	0.0078159633	-0.0431954554	-0.1012623818	-0.1000009713	-0.0601600458	0.0522623148	0.04833903	0.0016135191	-0.0427827303	0.0275823434	0.0330696052	0.068179207	-0.0375792416	-0.0220937317	0.0188931976	-0.1232353484	0.0960331888	0.0477505889	-0.0076527706	0.1201374151	0.0185309519	0.0541245156	-0.0262203387	0.0048915056	-0.0479545675	-0.1321327021	-0.0125179705	-0.0548595195	-0.0236116469	0.1106409518	-0.0754858555	0.1312802589	-0.0197540299	0.0336566354	-0.0434420813	0.0156468179	0.0134635235	-0.1166406299	-0.0442070825	-0.0632661803	-0.0755130955	-0.0937753444	-0.0019444787	-0.0945227939	0.0079969944	-0.0249744426	0.1125627156	-0.063387184	-0.0306730159	-0.010769086	-0.0428886808	-0.0407660025	0.0102472248	-0.087036588	-0.0117590609	0.0802836222	0.0641058305	0.1074016289	-0.0229731481	-0.031793386	-0.0340108281	0.0538475146	0.0152877076	-0.0102935436	-0.0525296042	0.0573764254	-0.0024773627	-0.0599420451	-0.0371809637	0.0143638453	-0.0964496571	-0.0698393347	0.0361921524	-0.0800848357	-0.0388925972	-0.1269933682	0.0382675424	-0.0127891598	0.083866902	0.0105383201	0.0432818982	0.1088411485	0.0829857139	0.0753252952	0.0630773808	0.0469878988	0.0280367383	0.0	0.0398451	0.0031366	0.00158763199401	9.83825956000002e-06	-0.32202	-0.0354089999999999	0.0012537972809999	0.1036968803999999	0.592927	-0.0092919999999999	0.351562427329	8.634126399999938e-05	-0.00358236	-0.00013426	1.28333031696e-05	1.8025747600000054e-08	0.000198522	-1.3315000000000016e-05	3.9410984484e-08	1.7728922500000047e-10	0.000339884	-0.000123123	1.5159273129e-08	1.1552113345600001e-07	0.0	0.0	0.0	0.0	0.0	0.0	0.0	0.0	0.0	0.0	0.0	0.0	0.0
3626.622956678069	-5.403819209133872	13152394.06990438	29.20126204500422	8219.671023747109	-8.15509299592486	66.50554177218272	67562991.73862785	3573.201104726306	-0.8472517542845708	0.7178355351382827	12767766.134817293	3682.918563770911	6163.928502879276	0.998843	44.060959	0.2322506999999999	0.116084	-0.0068223171	-0.0061384721	0.0063219885	-0.0195071217	0.020910246	0.0650712515	-0.0639941464	0.0467507886	0.0536865532	0.0283422198	0.0688757068	-0.0167957084	-0.00444083	0.00995704	0.017550402	-0.0221616846	0.0460267431	0.0112135582	-0.1645016375	0.0314620184	0.0351994297	0.0281648091	0.0025025975	0.0434985444	0.0140236544	-0.0491189122	-0.076146326	0.0428321089	0.0208761944	0.003044722	-0.1311444024	0.1426612278	0.0223370448	-0.0159875188	0.0021459667	0.0230496027	-0.0409293326	0.1446288361	0.1354030921	-0.0110826214	0.0836089701	-0.0147570624	-0.1554086665	-0.0488749282	-0.0258427732	0.0225670922	-0.1250237554	0.0684414298	-0.0106375973	0.0629633059	-0.1369191244	0.1002587176	0.0445298139	-0.00810434	-0.0303507988	0.0802226369	0.0312066555	-0.0455150057	-0.0066410262	-0.0763259587	-0.0266939179	0.0478486853	-0.0285571987	-0.0178353979	-0.0835228406	0.0426823183	0.033098973	-0.0026514321	-0.1032086348	0.0148187509	0.1515283442	0.0603297737	-0.0678619073	0.0271219835	-0.0651412591	0.1214050183	-0.0119646812	0.0119852432	0.0014020203	-0.0184512102	-0.0352691088	-0.0224427389	0.0922280841	0.0133679248	-0.0254214309	0.0157614497	0.0635497761	0.0498670159	0.0215044524	-0.0123462476	-0.0926292875	-0.0785183483	-0.0109231206	-0.0178125955	0.0449427797	-0.1157767498	0.0644549436	-0.0087029035	0.0727028119	-0.0040374241	0.0231978664	0.0200959558	0.0009976351	-0.0656937484	-0.0108759017	-0.0097954662	0.0181864384	-0.0832441423	0.1161575328	-0.0991382402	-0.050700091	0.0476496242	0.012478919	0.0065145938	-0.1239546168	0.1679718476	0.0243109755	-0.0225563438	0.1164515209	0.1129888387	-0.0758347324	0.0184605836	0.0905795669	0.0012212743	0.0493706698	-0.1052533903	0.0505275854	0.0714896386	0.0325407611	0.1089446987	0.024523522	-0.0244625698	-0.0344295684	0.0515667665	-0.1537662214	0.0162413922	-0.0005862186	0.0066664445	-0.0474627011	-0.0340361782	-0.0331928113	-0.0460630069	-0.0252293683	-0.0206237537	-0.01390469	-0.0795464459	-0.117986585	0.0147101414	0.103375426	0.1613738401	-0.0437922841	0.0352959904	0.0757477827	0.0188809643	-0.0052542328	-0.0262137107	0.018867644	0.0159870778	0.0421627225	-0.010699206	0.0827390082	0.0743699446	0.0610428493	0.0436462017	0.0233397865	0.0	0.053943	0.0140978999999999	0.0029098472489999	0.0001987507844099	-0.236174	0.0858459999999999	0.0073695357159999	0.0557781582759999	0.62862	0.0356929999999999	0.3951631043999999	0.0012739902489999	-0.00321863	0.00036373	1.03595790769e-05	1.3229951290000005e-07	0.00144894	0.0012504179999999	2.0994271236e-06	1.5635451747239996e-06	0.000658012	0.000318128	1.0120542438400005e-07	4.3297979214400004e-07	0.0	0.0	0.0	0.0	0.0	0.0	0.0	0.0	0.0	0.0	0.0	0.0	0.0
3632.5960706436977	5.973113965628727	13195754.212456033	35.678090446388936	8193.090416815236	-26.580606931873263	706.528664866749	67126730.57810965	3565.951277909804	-7.249826816501809	52.55998886926876	12716008.516426563	3673.0174457064977	6144.873447636196	1.035493	45.67767	0.2059879499999999	0.130444	0.0114856176	-0.0192515402	-0.0176758616	-0.0315702602	-0.0285774613	-0.0134444572	-0.0730474619	-0.1101298158	-0.0029743347	-0.0110081162	-0.0592830665	0.0508883461	0.0133860619	0.0951028502	-0.1168263741	0.0406840774	-0.0626978179	0.0959829123	0.0707273484	-0.0584635687	0.0173901986	0.0231044723	0.0193440188	0.0325977614	0.063092167	-0.0749649916	-0.1027860514	-0.0732247926	0.0723031931	0.1317339043	-0.0075726817	-0.0093777074	-0.0639286057	-0.0252022402	-0.051246814	0.0058309057	-0.0368333262	0.0611758088	0.0609943999	-0.0169910374	0.0593902944	0.0580613142	-0.1506340943	0.0421008068	-0.0075092512	-0.0196613022	-0.0344682412	-0.027725688	0.0756904085	-0.0026669843	0.0284566597	-0.0493128634	-0.0703866674	0.1034330903	0.0878830029	-0.0456212605	-0.0168557281	-0.0109791225	-0.0669992428	-0.043951825	0.0182281048	0.1990082882	0.0022007346	0.0141283234	0.0066484166	-0.0645321795	-0.0660274346	-0.076553139	0.0364363951	0.0911911402	-0.1332004265	-0.0684072031	-0.0453235126	0.0083634974	-0.1031715033	0.0455383325	0.0195440198	-0.0797593649	-0.0317283981	0.0247254895	0.0049283615	-0.0545218551	-0.0325710803	-0.0125356137	-0.0546291668	-0.0118239432	-0.0632678675	-0.0589105847	0.0061568182	-0.0360863504	-0.0091873425	0.1232679254	0.0544330949	0.0840223721	0.0753764426	-0.0001867825	-0.0752732648	0.0114236614	0.0054573545	-0.001238007	-0.0052725031	0.0888822755	0.0728315636	-0.0856770641	-0.0685193638	0.0739374211	-0.1342752872	-0.0397690572	0.0462622045	0.0452985113	-0.0107624644	0.0033847838	0.0196266346	0.042244324	-0.1207094303	0.0913485502	-0.0196190711	-0.0491386303	0.110409357	-0.0574021992	-0.1133282616	0.0158517698	0.0234933019	-0.0005932622	-0.0694379377	0.0243309427	-0.0489101678	0.0451940807	0.0172908961	-0.0389434737	-0.0284516474	0.1689621423	0.0517980421	-0.0089035262	-0.037106525	-0.0484362588	-0.1015555792	-0.1280269892	-0.0228838956	0.0611786908	0.0037503871	-0.0532292163	-9.98314e-05	-0.0735513104	0.0977838338	-0.0385873816	0.0127974575	0.0725649309	-0.1407521823	-0.0006580461	0.1409425946	0.04798653	0.0124944442	-0.0541040208	-0.0082380475	-0.1074429079	-0.0297558305	0.0085959899	0.0409771668	0.0773790464	0.0824813458	0.0733752016	0.0589355719	0.0402120424	0.018565586	0.0	0.0414846	-0.0124583999999999	0.00172097203716	0.0001552117305599	-0.35773	-0.121556	0.0147758611359999	0.1279707528999999	0.600606	-0.0280139999999999	0.3607275672359999	0.0007847841959999	-0.00351772	-0.0002990899999999	1.23743539984e-05	8.945482809999982e-08	0.00113981	-0.0003091299999999	1.2991668361e-06	9.556135689999995e-08	0.000387041	-0.000270971	7.3425282841e-08	1.49800735681e-07	0.0	0.0	0.0	0.0	0.0	0.0	0.0	0.0	0.0	0.0	0.0	0.0	0.0
3631.847569206382	-0.7485014373155536	13190316.765950307	0.5602544016634496	8250.657201879629	57.56678506439312	3313.9347426500344	68073344.26292819	3577.3270937163256	11.375815806521588	129.40918526390638	12797269.135436893	3685.4692723919497	6166.982283804758	1.084674	47.847134	0.23057015	0.127454	-0.0070644198	0.0054829748	0.0107214409	0.0229723799	0.0178812329	0.0387361303	-0.0019862616	0.1410322143	0.0616344036	0.0237906401	0.0824438523	-0.0485756315	-0.0128053476	0.0355817456	-0.0906777538	-0.0158751807	-0.0249576024	0.0056040628	-0.0051348852	-0.0030070861	0.0297007889	-0.0145794551	-0.0221374411	0.013944719	0.1013315489	0.0639839916	0.0768282438	-0.1450422471	-0.0216641926	0.0384087876	0.1825375287	-0.0752878439	-0.0464708649	-0.0359986174	-0.0023236224	-0.0145199821	0.0380607707	0.0843611521	-0.0948648847	0.0346632829	0.0550040243	-0.0085518062	0.0378032502	-0.0192874623	0.0614948452	-0.0962396043	0.0507637607	0.0353861125	-0.0475954441	-0.0211643036	-0.0486695708	0.0439315102	0.0061361367	-0.1033074069	0.0445194994	0.0015406301	-0.0181871488	0.1050813644	0.0115339721	-0.0282138681	0.1050923301	0.0775308182	-0.0646295493	0.0258764377	0.0035662299	0.056004828	0.1722066392	-0.0827551281	-0.0499077924	0.0809399363	0.0719250501	0.1506657388	0.0212135467	0.0629928548	0.0279191831	0.0311478875	-0.0479554518	0.0180941877	0.0595950549	-0.0220631126	-0.1239737752	-0.0104081468	-0.103516496	-0.0019226789	0.0583951642	0.0165638352	0.085426985	0.0187110244	0.0516302073	-0.0161547793	0.0214887009	0.0483202877	0.0410567224	0.0735073571	0.0019257162	-0.0235717694	0.002312975	0.0192928648	0.0138748736	0.0086562127	0.0846548542	-0.0637260774	0.1370092898	0.0789585287	-0.0378003722	0.0757298162	-0.0741071269	0.1070643101	-0.1518501618	0.0716186332	-0.0935565102	-0.0965564706	0.0243866561	-0.0327018545	-0.0293395362	-0.0214103862	0.0474811767	0.040534371	0.0190593245	0.0131544766	0.0409100494	0.0384987478	-0.104302567	-0.0724382149	0.0500282966	-0.032871568	0.094194473	-0.0326384583	-0.0031352806	-0.0210784116	0.0805355632	-0.0332194427	0.0933947383	-0.0327709761	0.0461954649	-0.0933334373	0.0011760954	-0.0137442496	-0.1001725637	-0.0008745939	0.0137006573	-0.1110300826	0.056374051	0.0763837419	-0.0584124867	0.0664170736	-0.0962135742	0.0765898935	0.03105556	0.1298683428	-0.0549585028	0.0084635185	0.0473066799	-0.0041260411	0.0080268604	0.0417697397	0.1148832178	-0.1151961309	-0.0125731385	0.0779742503	0.0822127608	0.0723415931	0.0567580599	0.0366926959	0.0137299382	0.0	0.0752691	0.0337845	0.00566543741481	0.00114139244025	-0.246209	0.1115209999999999	0.0124369334409999	0.060618871681	0.626359	0.025753	0.392325596881	0.000663217009	-0.00354663	-2.8910000000000047e-05	1.2578584356899998e-05	8.357881000000027e-10	0.00185956	0.0007197499999999	3.4579633935999994e-06	5.180400624999999e-07	0.0008286139999999	0.0004415729999999	1.949867143289117e-07	6.866011609958343e-07	0.0	0.0	0.0	0.0	0.0	0.0	0.0	0.0	0.0	0.0	0.0	0.0	0.0
3636.011487303429	4.163918097046917	13220579.535802497	17.338213918914818	8247.942055511903	-2.715146367725538	7.372019798173182	68028548.15108192	3580.7475730257083	3.4204793093826997	11.699678705915147	12821753.1817295	3686.96417380053	6152.213826468332	1.09062	48.109421	0.2944975	0.1527	0.0181999484	-0.0149608329	-0.0209857689	-0.0253777159	0.0049916761	-0.0407255448	0.0583300906	-0.0979634054	-0.0701566232	-0.0065359814	-0.0853455817	0.0425449692	-0.0360280082	0.0273132112	0.0187763203	0.0750425584	0.0786690833	-0.0199098307	0.0853551281	-0.083811945	0.0105901557	0.0085903174	-0.0339497206	0.0770489909	-0.0759370826	-0.0743202967	-0.0073066454	-0.06053927	-0.0504884837	-0.009912081	0.0394603295	-0.1503789817	-0.0856452301	-0.0490678575	0.0152245327	0.0002189256	-0.0625283358	-0.1126407661	0.1213277015	-0.0090242133	-0.059040476	-0.0023796311	0.0479527403	-0.0425428864	-0.0496138653	-0.0729622275	-0.0837737502	-0.0592689857	0.1093254109	-0.0353227202	0.0429037862	0.1125955406	-0.0035617311	-0.0290617052	-0.0966365615	0.063091293	-0.0165284335	0.0324894259	-0.0141365023	0.0539296479	-0.038587448	-0.1143139396	0.096167305	-0.0300189255	0.0020428287	-0.078299302	-0.1534693119	0.0632093842	0.0321735032	0.0419693222	0.1157645847	-0.0313913589	-0.0015869285	0.0497436189	0.0465390208	0.0785471887	-0.0228396187	0.0259195891	0.0238661176	0.0245532598	-0.085048677	0.014241383	-0.0742922001	-0.0935482892	0.0453872245	-0.0051832412	-0.0892609898	-0.0301084089	-0.0256971392	-0.039162002	-0.0109044982	0.0157906188	0.0464298305	-0.0648646478	-0.0234941326	0.0778941288	-0.1031980137	-0.0007718162	0.0820465127	-0.1047970288	-0.0562816511	0.0557935354	0.0713761287	0.050979851	0.0585000453	0.0130966061	0.0223166617	-0.0373645449	-0.0749951047	0.1234372181	0.0592107928	0.1001036994	-0.0134396017	0.1158116175	-0.0260567735	0.0045176007	-0.0524268008	-0.0100060673	-0.0923084988	-0.020662925	-0.0151250425	0.1358070156	0.0185262271	-0.1030651722	0.0140029034	0.0688694156	-0.1109408829	-0.0683714753	0.0916589081	0.0302037868	0.0004525292	-0.0979003397	-0.0126659576	0.0468400458	-0.0105495061	0.041427671	-0.0023521221	0.0372094085	0.0582452179	-0.0344941112	0.0403792902	0.0914238721	-0.0868865722	-0.0905503277	0.0085037119	0.0739491232	0.0046256656	-0.1535895643	0.0655417953	-0.021114235	0.0518171859	0.020609359	0.034019226	0.0442691357	-0.0107953248	-0.0178123862	0.0270107991	-0.0674193823	-0.1071656416	0.0755689369	0.0819332888	0.0712696665	0.0545129082	0.0330956179	0.0088488477	0.0	0.03629	-0.0389791	0.0013169641	0.00151937023681	-0.369005	-0.122796	0.015078857616	0.136164690025	0.58487	-0.041489	0.3420729169	0.0017213371209999	-0.00361701	-7.03800000000001e-05	1.30827613401e-05	4.953344400000013e-09	0.000411978	-0.0014475819999999	1.69725872484e-07	2.0954936467239994e-06	0.000521908	-0.0003067059999999	9.406857043593868e-08	2.72387960464e-07	0.0	0.0	0.0	0.0	0.0	0.0	0.0	0.0	0.0	0.0	0.0	0.0	0.0
3636.721654418213	0.7101671147838715	13225744.391714344	0.5043373309204485	8240.516932503471	-7.42512300843191	55.13245169034494	67906119.31487642	3577.630111919835	-3.11746110587319	9.71856374663209	12799437.217715532	3684.127416685575	6157.526154758641	1.061245	46.813644	0.29317975	0.151284	-0.0085546356	0.0159976962	0.0062240896	0.0227380624	0.042744811	0.0190347408	0.0333414458	0.1105385136	-0.0573960537	0.0017784522	0.0729604272	-0.0499321609	-0.0246048338	0.0104318598	-0.0438338335	-0.0720731861	0.0307416648	0.0168250749	-0.0241168795	0.0060166341	0.0225580552	0.015212122	-0.0152215043	-0.0009714427	0.1401670213	0.0393385764	0.0821028901	-0.0339789174	-0.0705486208	0.0505820221	-0.0527750885	-0.0174040227	0.009675792	-0.0137699477	0.1324447363	0.032945551	-0.0868753767	-0.0604523582	0.0322121426	-0.0041844903	0.0570806808	-0.022547504	0.0158156091	-0.0207461522	0.0784161917	0.070641405	-0.046477202	0.021728202	0.0232035355	0.012132318	0.1078479403	-0.0161928301	0.037443168	0.1191587173	0.00098985	-0.0146173461	-0.0569614287	-0.0134501938	0.0038973245	-0.0168461991	-0.0388991443	-0.1297011275	0.0383286712	-0.0522592532	-0.148438503	0.0643709476	-0.0217131797	0.0713969266	0.0316588922	0.0334945643	-0.0047763437	-0.0077624526	0.057020214	-0.0010921985	-0.0904215344	0.0125211442	0.056434314	-0.0308672511	-0.0404041029	0.0154515747	0.0870357177	-0.0037937235	-0.0289687166	-0.0637872412	0.1320733949	-0.0005615074	0.0665181412	0.020025992	0.0468875269	-0.026904423	0.0056550575	-0.0641626058	0.0026391828	0.0675605734	0.0003872501	-0.0328586636	-0.0211660223	0.0078911171	0.0044033542	0.0244261893	0.1169896097	-0.034829086	0.0861845012	0.0339963579	-0.070152439	-0.1067922944	-0.0225778711	0.0062390616	-0.0165547911	-0.040104657	-0.029676382	0.1352499741	-0.0363623573	0.0277698871	-0.0561307991	-0.0747382871	-0.0224627656	0.0352816543	0.0186504857	0.0135083804	0.0884418917	0.0250063979	0.0386558898	0.0745867035	-0.0569113537	0.0089674377	-0.131285319	-0.0380254482	-0.0290693299	0.0349383067	-0.1233599196	0.0157259149	0.0382410773	0.0117582762	0.0186077825	0.0207029101	0.0572429269	0.1073156376	0.0900868161	-0.0759128328	-0.0957702257	0.064104042	-0.0121556155	-0.0607057267	-0.0002402578	0.026792497	-0.0304015527	0.0091996224	-0.0204341402	0.031178071	-0.0447323117	-0.0167087097	-0.0184963409	-0.0428120665	0.0066331717	-0.0880266943	-0.0743385027	0.0160162522	-0.0907778517	0.0335517273	0.0816429668	0.0701599896	0.0522027924	0.0294284286	0.0039384698	0.0	0.0672539	0.0309639	0.00452308706521	0.00095876310321	-0.24575	0.123255	0.015191795025	0.0603930625	0.647018	0.0621479999999999	0.4186322923239999	0.0038623739039999	-0.00367848	-6.14700000000001e-05	1.35312151104e-05	3.7785609000000125e-09	0.00169724	0.001285262	2.8806236176e-06	1.6518984086440004e-06	0.000332383	-0.0001895249999999	3.5919725624999984e-08	1.10478458689e-07	0.0	0.0	0.0	0.0	0.0	0.0	0.0	0.0	0.0	0.0	0.0	0.0	0.0
3635.328049382504	-1.393605035708788	13215610.026627202	1.942134995552892	8241.413642791034	0.8967102875631099	0.8040893398215152	67920898.83158219	3581.718580624936	4.088468705100695	16.715576352587753	12828707.990793904	3687.169863235258	6171.004693995885	1.067893	47.106915	0.23297885	0.118494	0.0178218692	-0.0250572723	-0.0222029339	-0.0261169548	-0.0012410198	0.0078311034	-0.047400275	-0.0722482766	-0.0848752682	-0.00170494	-0.0478828502	-0.0185140311	0.0217457094	0.0511921562	0.0260912363	0.0683646509	-0.0224405907	0.0202213217	0.0561129048	-0.0517340656	-0.1020644991	0.0445557607	-0.129489322	0.0045545531	-0.0465944196	-0.0089076954	-0.0301328406	-0.0065739514	-0.0657134379	0.0414391375	-0.0119027032	0.022909499	0.0037153572	-0.0520752985	-0.0149067895	0.0006589536	-0.0272535061	-0.0429733186	-0.0675299746	6.46096e-05	0.0437054878	-0.0980581043	-0.0541717432	0.0386866902	0.0534704118	-0.0113504073	-0.0099374015	-0.0309639221	0.0150264117	0.0722957932	0.000649456	-0.0516494524	-0.1036322673	-0.0138831084	-0.0476321132	0.0810060495	-0.0468145947	0.0500052038	-0.0609154431	0.0717859368	-0.0441886542	0.0006561147	0.1028179367	-0.0775245174	-0.0116407115	-0.0833574718	0.0132096751	-0.0616259113	-0.030541661	-0.0729270564	-0.0535483936	-0.0854094405	0.0992941143	-0.1484969049	-0.0604552661	0.1132617561	-0.0479537439	0.0349189809	0.0990470181	-0.0579782088	-0.0071523415	-0.0141792874	0.0354130052	0.0181201316	0.0433180597	-0.0012260818	-0.0510475889	-0.0130165185	0.0336798953	0.0051166518	-0.0128048534	0.041017587	0.003560711	-0.0346824249	0.0526740506	0.0706404753	-0.0369324856	-0.0567649882	-0.0731713155	-0.1669183153	-0.0125066742	0.0006213614	0.0175387213	-0.002966327	0.0394571409	-0.0256759803	-0.0281933082	-0.0119659023	0.0032195375	-0.0311150356	-0.0514713684	-0.0136843884	-0.0018728522	0.0404568428	-0.04684314	-0.0634083168	0.0620615167	-0.0258541443	-0.0436775949	-0.0229905847	-0.0042328551	0.0123118575	-0.022820247	0.0695423744	-0.0993013786	-0.0011221673	-0.0189418644	0.0411251029	0.0744595882	-0.0225516918	0.0272917633	-0.0372149728	0.0549496127	0.0451911432	-0.039066586	0.1387092861	-0.0110633383	-0.0221602819	0.0686755118	-0.0159787519	0.1021071176	0.0132927541	0.0542913054	-0.165183188	0.0311050924	-0.1035865261	0.0219119201	0.0010933207	-0.1571948693	0.0475615549	-0.0780602216	-0.0041112153	-0.0976069603	0.0299731446	-0.0915628021	0.0591774002	0.0467076523	0.0012996918	-0.0127487459	0.0246813912	0.0813418333	0.0690131503	0.0498304656	0.0256988967	-0.0009849435	0.0	0.0436281	-0.0236258	0.00190341110961	0.00055817842564	-0.308377	-0.062627	0.003922141129	0.095096374129	0.568963	-0.0780549999999999	0.323718895369	0.0060925830249999	-0.00368955	-1.1070000000000175e-05	1.36127792025e-05	1.2254490000000389e-10	0.000342698	-0.001354542	1.1744191920400001e-07	1.834784029764e-06	0.000340192	7.809000000000006e-06	6.09804810000001e-11	1.15730596864e-07	0.0	0.0	0.0	0.0	0.0	0.0	0.0	0.0	0.0	0.0	0.0	0.0	0.0
3634.8075060335673	-0.5205433489368261	13211825.60591796	0.2709653781223662	8229.104827710371	-12.308815080663408	151.50692868996694	67718166.26544614	3582.1570960735453	0.4385154486094507	0.1922957986691477	12831849.460950054	3687.697187630312	6133.3297771635935	1.012644	44.669746	0.2350181999999999	0.110595	-0.0073202806	0.0067933279	0.0103700023	0.0146290365	0.0053102826	0.0261256411	-0.0347052661	0.0927978024	-0.040218838	-0.0145435734	0.0541548426	0.0239703592	0.0028455126	-0.0719377091	0.0680651995	0.0301875819	0.1026857131	0.005965903	0.0684987017	0.0255946958	0.0380284043	-0.0518314493	0.0812668816	-0.1207763006	-0.0283342118	-0.0217213052	-0.0461074439	-0.03545824	-0.1150148006	0.0546006887	-0.0808230003	0.0862354747	0.0526164493	-0.0473411728	-0.1519969588	-0.0207582832	-0.0521610788	0.0403323709	0.0175145394	0.0015786766	-0.0670985429	-0.136411344	-0.0407848959	0.0356579859	-0.0048909648	-0.0177079638	0.0924402267	-0.0783372186	-0.0263225877	-0.0036860151	0.1343808363	-0.0334201612	-0.00108282	-0.0388635378	-0.0318513869	-0.0522001612	-0.047703638	0.013369881	-0.1224308136	0.1045963229	-0.099812037	0.0133903932	-0.0493044416	0.0359211868	-0.0711983687	0.1216845737	0.054877257	-0.0698086812	0.06156625	0.0628034969	0.0619063052	-0.0746589223	-0.0492938774	0.0966434583	0.0838134521	0.04398918	-0.0705551201	0.1554076006	0.0464576223	-0.0615454589	0.0811921478	0.0729450296	-0.0187996269	0.0621303933	-0.0020596431	-0.0069774304	0.0498713757	-0.0085760081	-0.0028979229	-0.0064857047	0.0114535291	-0.0560096798	0.0303628713	-0.1158321291	-0.0665712767	0.0021654963	-0.0406198864	0.0494286988	-0.0629719115	0.118396872	-0.1074598473	0.0251075906	0.0637890598	-0.0218054915	0.06014797	-0.0488644567	-0.0225914184	-0.1067935773	0.0431019761	-0.1189172532	-0.0029251253	-0.1154230934	0.0246064571	0.0205697231	-0.0773155227	0.0702586928	0.0205071284	-0.0197038732	-0.1608134779	-0.0102581392	-0.0424837255	-0.0582754027	-0.0736691295	0.0973286792	-0.0628955406	0.0948990799	-0.0550964268	-0.0499538323	-0.0616124955	0.0151864436	0.0337071197	-0.0306406469	0.1096400044	0.0099733972	0.0707140367	0.1657858438	-0.0994988045	-0.0235266824	-0.0269395205	-0.081301252	-0.0965222542	-0.0242158647	0.0573426577	0.0922504152	0.0411285596	0.0516011654	-0.0872592303	-0.0616519714	-0.0070414954	0.0461159542	0.1277786623	-0.0241170988	-0.0048997469	0.0986016814	-0.0215743704	0.1035520918	-0.0072231953	-0.0685095879	0.0438006676	-0.0667009858	0.081029928	0.0678297559	0.0473987549	0.021914923	-0.0059050968	0.0	0.0665756	0.0229474999999999	0.0044323105153599	0.0005265877562499	-0.260624	0.0477529999999999	0.0022803490089999	0.067924869376	0.635334	0.0663709999999999	0.4036492915559999	0.0044051096409999	-0.00374409	-5.453999999999962e-05	1.40182099281e-05	2.974611599999959e-09	0.00175867	0.001415972	3.0929201689e-06	2.004976704784e-06	0.0008286139999999	0.0004884219999999	2.385560500839023e-07	6.866011609958343e-07	0.0	0.0	0.0	0.0	0.0	0.0	0.0	0.0	0.0	0.0	0.0	0.0	0.0
3638.997145000059	4.189638966491657	13242300.22131858	17.55307466954528	8219.921198897604	-9.183628812766983	84.3390381706839	67567104.51608622	3578.4289588865586	-3.7281371869867135	13.899006884993211	12805153.81379794	3685.657295742065	6141.629137033735	1.008199	44.473671	0.2479953499999999	0.119428	0.0169990016	-0.0238992866	-0.0298686084	-0.0145040449	-0.0238244658	-0.0214535509	-0.0562513388	-0.0370515474	-0.0762625256	-0.0067004795	-0.0020537143	0.1077533052	-0.0528925517	0.1277136824	-0.0642672524	-0.0004855438	-0.1096877385	-0.0918795718	0.0448513003	-0.0447804428	-0.0551261028	-0.0393750038	-0.0290268457	0.0027280179	0.1371939677	-0.1157832712	0.0199698766	-0.0039459188	0.0071269335	0.01240305	-0.0273542188	-0.0671790587	-0.0049390758	0.1037829967	-0.0459292698	0.0048152652	0.0646159655	0.0086637551	0.0504320675	0.0724147406	-0.0930696225	-0.037515291	-0.0146060319	0.0148456159	0.0128006694	0.0971357017	-0.0896513692	0.0456842882	0.1131853857	-0.0206475549	0.0146690809	-0.0847959996	0.0587260012	-0.130216539	0.0053067657	0.0600624387	0.0796059429	-0.0398981119	0.0535697701	0.0477687726	0.0422068269	0.003748756	-0.0786966482	0.0878514509	-0.0153216362	0.0617361955	-0.08754257	0.0515336473	-0.0279977258	-0.055433213	0.0410913066	-0.0920339402	0.0743819286	-0.0093215506	0.1001746592	0.0657754144	-0.0284361865	-0.0268493049	0.0055904664	-0.0108654147	0.0116779646	-0.0710243921	-0.0380178499	0.0608500781	-0.0027103308	-0.0107243449	-0.0107894527	-0.0426956947	-0.0254969296	-0.1151309488	-0.0784629226	0.1280016438	-0.0665849431	0.106106872	-0.0263848174	0.094186507	0.0357023148	0.0028556424	-0.0169344884	-0.0094925266	0.0762719766	0.1265795092	0.0867093631	-0.0344946115	-0.0595104322	-0.0602639532	0.0055749521	-0.010012107	0.0363096088	0.1028776427	0.012737922	-0.0414600943	0.0369019199	0.0276183966	0.0740907099	0.0830316578	0.0450668073	-0.1033632267	-0.0176204721	0.0146339821	0.0986531032	-0.0121965418	0.0967091877	-0.0176596085	0.0284633243	-0.0406520821	-0.1210237571	0.0609988561	-0.0501977323	-0.0898359487	0.0811567687	-0.0595942072	-0.1186544173	-0.0416306787	0.0079573139	0.0242735411	0.0171831338	5.95446e-05	-0.0966142219	-0.0234498494	-0.0466691654	-0.010132	-0.0598791866	0.0638335208	-0.0006186444	-0.0484050543	0.0569037007	-0.1532467763	-0.0089842522	-0.0257569644	-0.0443298738	0.0504724443	-0.0421302474	0.0110480579	-0.0410871417	0.0079657449	0.0086154974	-0.0003527399	0.0863314007	0.0701740602	0.0807072924	0.0666104333	0.0449105582	0.0180845237	-0.0108057058	0.0	0.0466361	-0.0199395	0.00217492582321	0.00039758366025	-0.302853	-0.0422289999999999	0.0017832884409999	0.0917199396089999	0.576994	-0.0583399999999999	0.332922076036	0.0034035555999999	-0.00346678	0.0002773099999999	1.20185635684e-05	7.690083609999988e-08	-0.000106011	-0.001864681	1.1238332121e-08	3.477035231761e-06	0.000420868	-0.0004077459999999	1.6625680051591844e-07	1.77129873424e-07	0.0	0.0	0.0	0.0	0.0	0.0	0.0	0.0	0.0	0.0	0.0	0.0	0.0
3643.9492169596056	4.952071959546629	13278365.895780522	24.52301669252799	8212.260917109485	-7.660281788119391	58.67991707339362	67441229.37068391	3575.956996773656	-2.4719621129024745	6.110596687625266	12787468.442774463	3681.9294933756255	6123.978568442209	0.967106	42.660969	0.2223314499999999	0.118556	-0.0020506622	0.0108621645	-0.0023839378	0.0370537567	-0.0352063641	-0.0534313846	-0.0175047828	0.0743217841	-0.0003546979	0.0044306193	0.0320465444	0.0433220109	0.0065702599	0.0104391665	0.0907963694	-0.007711238	0.0437394184	-0.0659733175	-0.0157626495	0.0342789899	0.1336421263	0.0467876148	0.0752717152	0.0876628155	0.0811826499	-0.0452116207	0.0824198113	-0.0377515799	0.0551212134	0.0349267186	-0.010245372	0.0828865691	0.052775981	-0.0337095806	-0.0322017566	-0.0017367022	0.052750986	-0.0127784636	0.0331100713	0.0997374855	0.0402911337	-0.0161873428	0.0285631653	-0.0071755717	-0.0339167887	0.0688745684	-0.0147587819	0.006500983	0.011857266	0.066102653	-0.0060143601	0.0404002911	0.0747595512	-0.0561068113	0.061539033	-0.0775619932	0.0296104729	0.0217443285	0.0062717644	-0.0913611535	-0.0302682677	-0.0650462312	-0.0145739639	0.0275025051	-0.0326811302	-0.0838463823	0.0261532248	-0.0470853625	0.0264907409	-0.0198000211	-0.0396777817	-0.0258942035	0.0561051015	-0.0516614203	0.0127602489	0.0483796963	0.0928033803	0.0122257271	-0.0392125807	-0.0694445029	-0.0572332729	-0.0177855338	0.1463401994	-0.1052471662	-0.0254767992	0.0018820089	0.0285646283	-0.0266942905	-0.0048899171	-0.0200501317	-0.0459905678	-0.0172047197	-0.0753863216	-0.0654707356	-0.0405639427	-0.021633988	-0.0525583627	0.0017998259	0.1313234107	0.1334093747	0.1296612182	0.0391303438	-0.0008611548	0.0685378245	-0.024123232	0.0473409833	-0.0298266735	0.0006666731	0.0535431722	-0.0720950362	0.0283809503	-0.0150131622	0.0067706187	0.063432432	0.0443134423	0.0382641386	0.0762434072	0.0318332767	0.0108434799	0.0218770638	0.005100331	-0.0859213384	0.0658831538	-0.0399233974	-0.0411264771	-0.0324439627	-0.0032663992	0.02448852	-0.0521363157	0.0832539298	0.063527547	0.043272731	0.0293923241	0.0060337135	-0.0300415273	-0.0323132281	0.0234444105	0.0916346541	-0.0442333287	0.0315282583	0.038094924	0.0298100128	-0.0243767887	-0.0101219579	-0.0079361774	0.0344611082	0.0167696896	0.0007310035	-0.0353478821	0.0301212338	-0.0052675203	-0.0195838699	-0.1306878755	-0.0536514521	0.0216963703	-0.0398135944	0.0717405106	0.089508844	-0.0218953497	-0.0289116902	0.0803739691	0.0653558284	0.0423688407	0.0142158133	-0.0156705506	0.0	0.0586541	0.012018	0.00344030344681	0.000144432324	-0.2777	0.0251529999999999	0.0006326734089999	0.07711729	0.661585	0.0845909999999999	0.4376947122249999	0.0071556372809999	-0.0036228	-0.0001560199999999	1.3124679839999998e-05	2.4342240399999928e-08	0.00153658	0.001642591	2.3610780964e-06	2.6981051932810004e-06	0.000633646	0.0002127779999999	4.5274477283999985e-08	4.01507253316e-07	0.0	0.0	0.0	0.0	0.0	0.0	0.0	0.0	0.0	0.0	0.0	0.0	0.0
3645.098722136863	1.1495051772576517	13286744.694123792	1.3213621525421453	8256.143481095449	43.88256398596423	1925.6794219822443	68163905.18043488	3586.212051767434	10.255054993777776	105.16615292540652	12860916.880241988	3689.6677882315785	6167.158499145507	0.969938	42.785919	0.17612655	0.0855435999999999	0.0173480098	-0.0264012544	-0.0199796013	-0.0161024704	-0.0253429578	-0.0682417414	0.0499830835	-0.0311931113	0.0754118324	-0.0312773723	0.0008346956	0.0740202185	-0.025853473	-0.0062042285	0.077168147	0.0755766195	-0.0241927808	-0.0092108343	-0.0190340586	0.0688688673	-0.0853074428	0.011829417	-0.0687766225	-0.0860048589	0.0128839137	0.0197631901	-0.0033388773	-0.0296047594	0.0228326726	0.0309213801	-0.0266303636	-0.0467746013	0.0664443311	0.008914917	0.0007073562	-0.0436166917	-0.0383437914	0.0047483842	0.0475807368	0.0743322385	-0.0689327717	0.0613979996	-0.0703812761	-0.0867814483	-0.0149693794	0.0610152448	0.1053844132	-0.0050327643	-0.0318252249	-0.0992489219	-0.0412761014	0.0858101519	-0.0077740987	0.1522334638	0.0703251452	-0.0158918317	0.1196147187	0.0580207106	-0.0787955629	-0.1064913587	0.0115027749	-0.0421148654	-0.0264834183	-0.1487660594	-0.0348451136	0.132757881	-0.075856493	-0.0197634034	0.017115593	-0.0203575858	-0.0119100788	-0.043115539	0.0196609469	-0.0448206415	0.0732127384	0.044248659	0.0157230711	0.0232852912	0.0535515838	0.0925018876	0.0918671972	-0.0398247474	0.0142795315	-0.1310794634	0.0603933971	-0.0255314944	0.0012227878	-0.0462934991	-0.034603117	-0.0576937846	-0.0202323357	0.0371263838	-0.0143204356	-0.1015187388	0.001788419	0.0091619032	0.075169224	-0.0456407969	-0.1446308881	-0.0130870708	0.0152176294	-0.0449345591	0.0285374616	-0.0016248038	-0.0004873335	0.0001955636	-0.0294358842	-0.0028758042	-0.0051255018	-0.0068158173	0.1033634877	0.04079044	0.0866899739	0.0214356169	0.0166199708	0.0217030771	0.0148489752	-0.0658845485	0.0499193038	0.0838021672	0.0027801426	-0.0776176603	-0.0208767436	-0.0049628461	0.1107602544	0.1085423309	0.0247123701	-0.0126076482	-0.0005527424	0.0182145203	-0.0564118503	0.1473652954	0.0371556067	0.2114441229	-0.0333307826	-0.041349276	0.0129501272	0.0879446217	0.0580028793	-0.1094224171	-0.0844820677	-0.0853382166	0.0308120178	0.0241433673	0.0878579192	0.0053744954	-0.0112217747	-0.0527839579	-0.0145010411	-0.0529621521	-0.034233104	0.0659170909	-0.0106711591	0.0381669296	-0.0321014054	0.0795640273	-0.0968253576	0.0724576753	-0.0968437809	0.0332487972	0.0800300023	0.0640666057	0.0397766315	0.0103169874	-0.0204835299	0.0	0.0305469	-0.0281072	0.0009331130996099	0.00079001469184	-0.303599	-0.025899	0.000670758201	0.092172352801	0.595652	-0.065933	0.3548013051039999	0.004347160489	-0.00320563	0.0004171699999999	1.0276063696900002e-05	1.7403080889999977e-07	0.000837907	-0.000698673	7.02088140649e-07	4.881439609290001e-07	0.000625742	-7.903999999999984e-06	6.247321599999974e-11	3.91553050564e-07	0.0	0.0	0.0	0.0	0.0	0.0	0.0	0.0	0.0	0.0	0.0	0.0	0.0
3644.4732649467423	-0.6254571901208692	13282185.378911568	0.3911966966738931	8250.018093428798	-6.125387666650568	37.52037406675488	68062798.54190254	3579.8715730112763	-6.340478756157609	40.20167085728593	12815480.479254227	3683.793938413706	6147.642816454847	1.002961	44.242615	0.20182435	0.0912195	-0.0056719098	0.0095344821	0.005437	0.0266908618	0.0180513157	-0.0622954673	0.0389273731	0.0588659765	0.0148115017	0.0073611726	0.0283348158	0.0444713379	-0.043334195	-0.0422535333	-0.0668031494	0.0198783731	0.083617677	-0.0540421465	0.1268145326	0.0016383385	-0.1008411884	-0.0407943613	0.0192723352	-0.079701568	-0.1031586047	-0.0143548663	0.0412208606	-0.0653650802	-0.000909122	-0.0958085585	0.0266631454	0.0529757406	-0.088458547	-0.0089866921	-0.0096481343	0.0048081132	-0.0438396441	0.0398194678	0.0812112293	-0.0419955545	-0.0925351353	-0.013169618	0.0189024862	0.0427624246	0.108190857	0.0652827043	-0.0678805688	-0.0363509315	-0.0257124208	-0.0224253305	0.0322416608	0.0546650892	0.0762438617	0.0160460285	-0.1178158915	0.0028107796	-0.0587402989	-0.0463365593	0.0539680852	-0.040623462	0.0392248522	0.0322134992	-0.04592021	0.0395853883	0.0182356077	0.0482010741	0.0507112581	-0.0736419745	0.0155943465	0.0972135821	0.016359425	-0.0575609298	0.0813022963	0.0396768302	-0.0354598227	-0.0780071942	-0.0346983153	-0.0061792839	-0.0350098633	-0.0218550862	-0.0841777308	-0.0952589082	0.0541946859	-0.003018116	-0.0717689815	0.0150195318	0.0310670337	-0.0266538033	-0.0235547893	-0.0406098707	0.0273395861	-0.0011159499	0.099219579	-0.0052075866	-0.1362635082	0.0830629256	-0.0195962538	-0.0204946385	-0.0960215978	-0.0133239705	-0.1172228341	0.0193638986	0.0046271733	0.0753549526	0.0299256577	0.0753723487	0.1055688879	-0.0485703392	0.0182253232	0.0164980836	-0.0482042084	-0.0161826213	-0.020761589	-0.0117091436	-0.0460719448	0.053540133	-0.0871625061	-0.0398268835	-0.0375909763	-0.026536005	0.0922745655	0.0825671142	0.0619584624	0.0550702659	-0.015876375	0.0533588976	-0.0212512524	-0.0464127945	-0.0419496567	0.0890249685	-0.0703966675	-0.0947768733	0.017637324	-0.0316801797	-0.0171924546	-0.0700591215	0.0083360551	-0.059080701	-0.0638501503	-0.0061623075	0.0144918038	-0.0616150849	-0.0035072006	0.0928782345	-0.018150687	0.0725171102	-0.0814245849	-0.0003059691	-0.0987376561	0.0069048485	-0.0286931554	-0.0669243854	0.0503172791	-0.0130929476	0.0296009701	-0.0644758767	0.1175441046	0.113051739	0.012190227	0.0243881954	0.0796754376	0.062743448	0.0371370197	0.0063963055	-0.0252287139	0.0	0.0648807	0.0343338	0.00420950523249	0.0011788098224399	-0.253538	0.050061	0.002506103721	0.0642815174439999	0.651216	0.055564	0.424082278656	0.003087358096	-0.00361445	-0.0004088199999999	1.30642488025e-05	1.671337923999999e-07	0.00164249	0.0008045829999999	2.6977734001e-06	6.473538038889998e-07	0.00064965	2.3908e-05	5.715924640000001e-10	4.220451225e-07	0.0	0.0	0.0	0.0	0.0	0.0	0.0	0.0	0.0	0.0	0.0	0.0	0.0
3642.4218204971658	-2.051444449576593	13267236.718433889	4.208424329698611	8238.694936641732	-11.323156787066182	128.21387962448293	67876094.25904611	3582.296970210835	2.4253971995585744	5.882551575626575	12832851.582781726	3689.7900848628215	6184.57105695452	1.012988	44.684914	0.133456	0.0656919	0.0237835578	-0.023716658	-0.041128387	-0.0221969266	0.0402181173	-0.0105922479	0.0404519859	-0.0200043501	-0.1128547229	-0.0331693401	7.63237e-05	0.0349903542	-0.0514951008	0.0204403888	-0.0528263023	0.0423232784	-0.0549788653	0.0078472103	0.0958652847	-0.0935888929	-0.058177404	0.0837449082	-0.0113070961	0.0186247551	0.0205487002	0.0114444523	0.0668493375	-0.0302841366	-0.0313822419	0.0928890293	-0.0543197112	0.0245633556	-0.0778866139	0.0075901101	-0.0214179734	0.0400145599	0.092935168	-0.0587199938	0.0055208582	0.062163022	0.005750149	-0.0934314108	-0.0975397987	-0.0085124838	0.0483413114	-0.0830417908	-0.1163112517	0.0195213832	0.0799674342	0.0011922433	-0.0129293236	0.027660702	-0.0261384759	0.0007660576	-0.1017201063	-0.0653048811	0.018133115	-0.0397634484	-0.08865274	-0.0882744171	0.0273001277	-0.038989864	0.0202703601	-0.0791836123	0.0323470239	0.1184560154	-0.0119686962	-0.0973653995	0.1150138949	-0.0161191438	0.019318547	0.0621837209	-0.0915461332	0.0405844203	-0.0209796048	-0.0962734423	0.0916555453	0.0177921406	0.0782360008	0.0918702281	-0.0351632593	0.1068191912	0.0589009479	-0.0298029094	0.0329978638	-0.0329074299	-0.0140810644	-0.0035436677	-0.0072774222	-0.0718690692	-0.0161337686	0.0179744752	0.0288357638	0.0602087698	0.053915973	0.1447432715	-0.0878771775	-0.0617634469	-0.0200047381	-0.0163853683	0.0280447198	0.0116154337	0.0205903335	0.0608003403	-0.0110940204	-0.0396635075	-0.0958738578	-0.0808863863	0.028354273	0.0343276394	-0.0800129919	-0.007035583	-0.0558840847	0.0812908489	0.0460417697	0.012543321	0.1125590399	-0.0476918965	-0.0099715493	0.0243362518	-0.0446934475	0.1074479473	0.0141691919	0.0745015456	-0.0446123266	-0.0363204096	-0.0477055551	0.0705243912	0.0850802866	0.0767890794	0.0149285576	-0.0068625396	-0.042449795	0.0231220241	-0.0038191103	-0.0907790359	-0.0434860265	0.0358993672	0.0708119967	-0.0854437155	-0.0296873124	-0.0259479705	0.0748655172	0.0851314919	0.1601467219	0.030769953	0.0204493568	0.0575739428	0.0634830765	-0.0108341359	0.0153210484	-0.0314723985	0.0933111132	-0.0321909287	0.1495088126	0.0668722148	0.0010970327	-0.0124510986	-0.078749356	-0.0871796689	0.0793103218	0.0613870563	0.0344531511	0.0024620734	-0.0298903973	0.0	0.0380382	-0.0268425	0.00144690465924	0.0007205198062499	-0.296364	-0.042826	0.001834066276	0.087831620496	0.611069	-0.040147	0.3734053227609999	0.001611781609	-0.00340231	0.0002121399999999	1.15757133361e-05	4.500337959999999e-08	0.00138182	-0.0002606699999999	1.9094265124e-06	6.794884889999998e-08	0.00064965	0.0	0.0	4.220451225e-07	0.0	0.0	0.0	0.0	0.0	0.0	0.0	0.0	0.0	0.0	0.0	0.0	0.0
3642.6614586878536	0.2396381906878559	13268982.502609922	0.0574264624361492	8226.398124481713	-12.296812160018815	151.21158929878663	67673626.10247625	3584.596330113403	2.299359902568085	5.287055961537914	12849330.849862477	3688.498372651344	6149.821243765695	1.013986	44.728973	0.1372578	0.0670591	-0.0047585687	0.0039880385	0.0032900647	0.0286767735	-0.0145921799	-0.024542151	-0.0435125404	0.0505081059	-0.0463738039	-0.0025658497	0.0293257129	0.0029887787	-0.0142593265	-0.0651379076	0.022427787	0.0149233539	-0.0327010063	0.0363100757	0.0499953085	-0.0548658924	-0.0352014642	-0.0062281669	-0.0090785763	-0.0606391555	-0.0471006248	0.0464584318	0.0030096733	0.0205568002	-0.0161069163	-0.0113538391	0.0824526169	0.0295703762	-0.1289104191	0.0697485754	-0.0431423357	-0.1252436365	0.0916389502	-0.0022813097	0.0377089323	0.0655253652	-0.0183133891	0.1701975502	-0.0385170742	-0.1002052477	-0.0152572088	0.0683462307	0.0338752252	0.0152705401	0.0276656718	-0.0784399456	0.0123309367	0.0489643426	0.0777524867	0.09762928	0.0032628011	0.0068409339	-0.046553103	0.0457602956	0.1058065339	0.0490802369	-0.0650321433	0.0219186399	-0.0173101334	-0.0261211958	0.0242136051	-0.0353477621	0.0031438035	-0.0959251607	0.0889371273	-0.0724717549	-0.0205003634	-0.0939856202	0.0931618739	0.0145291037	-0.0628844983	-0.029408676	0.0107059213	0.1679479795	-0.0722212356	-0.0595455048	0.0777853119	-0.0055533283	-0.0361730451	0.0383103188	-0.0724856105	0.0020711401	0.0272852795	-0.0193910129	-6.64605e-05	-0.0139090788	0.0577189188	-0.024259797	0.0158342496	-0.009355107	0.0372314245	0.0959185838	0.0012085107	0.0433975791	-0.0844510418	0.0124496296	-0.0255077674	-0.043515226	-0.0337457026	0.0304684231	0.1052613733	0.0574550874	0.0195003093	-0.0273029328	0.0554629157	0.1238282154	-0.0252992498	-0.0840613406	0.0866817252	0.0298099596	0.0815288701	-0.0111572674	-0.0603987141	0.0204342124	0.1514342292	0.0418726589	-0.032090112	-0.0478330249	0.0259379894	-0.0502486151	0.0813792496	0.0677840875	-0.0771852588	-0.037088613	-0.0293339081	0.04404022	-0.136157809	0.0329266855	0.0709067244	0.0022487811	0.0232441795	0.0461079412	0.1181029836	-0.0277421155	-0.0375557848	0.0608490883	0.0090421877	-0.011116512	0.0515239494	-0.0095775801	0.0503283459	0.0439994532	0.0421796672	-0.0556084726	-0.115492384	-0.0071084435	-0.006057198	-0.1734564483	-0.0520417826	0.0730710952	0.0579971984	-0.0057013184	-0.0715860945	0.0041726359	0.0077989835	-0.0333825704	0.0789347034	0.0599981489	0.0317282239	-0.0014773745	-0.0344531511	0.0	0.063321	0.0252828	0.004009549041	0.00063921997584	-0.276202	0.020162	0.000406506244	0.076287544804	0.656331	0.045262	0.430770381561	0.002048648644	-0.00399452	-0.0005922099999999	1.5956190030399996e-05	3.507126840999997e-07	0.00172063	0.0003388099999999	2.9605675968999995e-06	1.1479221609999997e-07	0.00064965	0.0	0.0	4.220451225e-07	0.0	0.0	0.0	0.0	0.0	0.0	0.0	0.0	0.0	0.0	0.0	0.0	0.0
3645.1967315026254	2.5352728147718158	13287459.211357424	6.427608245321004	8227.800366493246	1.4022420115325076	1.9662826589067333	67696698.87086639	3577.317736595918	-7.278593517484751	52.97792359277104	12797202.188563744	3685.216802623994	6170.077702353341	1.020171	45.001785	0.12486185	0.0723150999999999	0.0206745036	-0.0332372056	-0.0245464672	-0.0243146043	-0.0326889094	-0.0201137575	-0.031188358	0.0130277712	-0.0586912167	-0.0211697902	0.0358649077	0.0065970762	-0.0081751678	0.0474741396	0.0267531943	0.0219771583	0.0082055938	0.0295690824	-0.0512874845	-0.0547781054	-0.0817556517	-0.0148332189	0.0296625056	0.0151302887	0.021792408	0.0552567261	0.0221861493	0.0937595214	-0.0103457897	0.0456487677	0.0391351236	-0.0733690049	-0.00557951	0.0200319569	-0.053610012	0.0076072836	-0.066858022	-0.0867987948	-0.0154648303	0.0193750291	-0.0037601815	0.0024025405	-0.1144772424	-0.0406389083	-0.0098779455	-0.0399292692	-0.0431598212	0.065510362	0.0329052679	0.0011206505	-0.0994571069	-0.0073401111	-0.0505421906	-0.012568987	0.0718059872	-0.0994686851	-0.0895601662	-0.1049041501	0.0355977657	0.0332608527	0.1004958267	0.0087590179	0.030427907	0.0878487391	0.0014673098	0.0661052125	-0.0446546507	-0.0284983731	-0.0995764135	0.0340152456	0.0558881873	0.0715442863	0.0045322428	-0.074436984	0.0101809445	-0.0591035384	0.0170802368	-0.1034321461	-0.0912635727	-0.0388637747	-0.0228878016	-0.0061460358	0.110162133	0.0149332945	-0.0334151847	-0.0225183901	0.0239877728	-0.0072853214	0.045228183	-0.0661015884	-0.0310516582	-0.0043206595	0.0009209502	-0.0193087466	0.0530495573	0.0631419402	0.0642420919	-0.0008787163	0.0046513475	-0.0014009139	0.0094347011	-0.0336423026	-0.0470409639	-0.0256524028	-0.0016736096	-0.0908526427	-0.0471561517	0.0350943319	-0.0147283384	0.0614103334	0.0670942219	-0.0181369454	0.0116185798	0.043703529	-0.0765352669	-0.0517749154	0.023867933	-0.1080776057	0.0251174761	0.0071663324	-0.0728311503	0.0183874974	0.0100413427	-0.0148242282	0.0362292391	-0.0720183084	0.0342213812	0.0490995554	0.0680075706	0.007126737	-0.0327271752	0.0901462913	-0.022434497	-0.18509708	0.0780502861	-0.0305822608	-0.0332046356	-0.0447831407	-0.0156162827	-0.0819007898	0.06084373	-0.0062011273	-0.0953674405	0.0571572624	-0.0238931039	-0.0120661595	-0.0582073869	0.0628545725	0.0534739707	-0.0602407395	-0.0829075369	0.0013555124	-0.0031454068	-0.0103001384	-0.002747584	-0.1049389894	0.0173614186	0.0259189275	0.1077607634	-0.0537120255	0.078548632	0.0585774616	0.0289654857	-0.0054136926	-0.0389018737	0.0	0.0483061	-0.0150149	0.00233347929721	0.00022544722201	-0.301356	-0.025154	0.000632723716	0.090815438736	0.594568	-0.061763	0.353511106624	0.003814668169	-0.00376233	0.0002321899999999	1.41551270289e-05	5.3912196099999885e-08	0.00168658	-3.404999999999988e-05	2.8445520964e-06	1.1594024999999919e-09	0.000457291	-0.0001923589999999	3.700198488099999e-08	2.09115058681e-07	0.0	0.0	0.0	0.0	0.0	0.0	0.0	0.0	0.0	0.0	0.0	0.0	0.0
3645.662666067972	0.4659345653467426	13290856.274761835	0.2170950191848579	8262.963461764031	35.16309527078556	1236.4432690223418	68276565.17044742	3573.8063477765163	-3.5113888194018728	12.329851441020478	12772091.811407724	3681.190550033114	6221.312405264718	0.995106	43.89613	0.1207112499999999	0.0658674	0.0122493739	-0.023395007	-0.012680852	-0.030443836	0.0150038433	-0.0536585758	-0.021326915	-0.0302840364	-0.0444885659	-0.0056826409	-0.0278907386	0.0094175433	0.0030525284	-0.0051707811	-0.0089694027	0.0046437364	-0.008393185	0.0505346941	-0.1217000403	0.0528173413	0.0344487329	-0.0681417126	0.0680016565	-0.0019507692	-0.0405607169	-0.0059929316	-0.1138171876	-0.0487816214	0.0405562947	0.002315975	-0.0536167996	-0.0258738443	0.0711847082	0.0288480391	0.1150709059	-0.0008199525	-0.1250398789	-0.0113479177	-0.0155025251	0.0219827827	-0.1003109682	-0.0500345728	0.0243710029	-0.0985537774	0.0204215664	0.0101802537	0.1333874157	-0.0630030533	0.0351579594	0.0825848181	0.0674241002	0.0338419842	0.0322654668	0.052153046	-0.0721117363	0.1049829823	-0.0771472773	-0.0694415296	-0.1033572698	0.0153830125	0.0284883925	0.0075097313	0.0094930252	-0.0810754086	-0.0183687894	-0.0295846718	0.0477718632	-0.0245543171	-0.0019698938	0.0474407951	-0.0892590018	-0.0531048662	0.0916101727	-0.0406783172	-0.0846069446	-0.0381778994	-0.0003738885	-0.0165312885	-0.0312644525	-0.0759895021	-0.0342627869	-0.0127690076	0.079958919	-0.007922349	0.1401956413	-0.005431077	-0.0255917052	0.0001391076	-0.0110470791	0.003505437	-0.0166585041	-0.0157979923	0.0107624817	0.0006170226	0.0478373018	-0.0968516758	0.0962013492	0.0405235543	0.0425012422	0.0276416162	-0.1038905874	-0.0313753726	0.0256763145	-0.0539520765	-0.0539378654	0.0336573801	0.0103899251	0.024530356	0.0678380184	-0.0198243644	0.0776378886	0.1324004976	0.0536858441	-0.038586431	-0.0219512032	-0.0419747528	-0.0054934192	-0.0476235243	-0.0833149598	0.1031870265	0.0636118072	-0.0582162716	-0.1235197159	-0.0294074383	-0.0754207354	0.0623245463	-0.0645362035	-0.0609124089	0.0127556476	0.0358930692	-0.0867642497	-0.0962445142	0.0073600632	0.0224965369	-0.0768581302	0.0556332288	-0.0673140478	-0.0041384525	0.0978216615	-0.0467209735	0.0129005896	-0.0711021737	0.0536175271	-0.0437036343	-0.0444234185	0.0094898355	-0.0045943863	0.0279292951	-0.1193409886	0.0054170327	-0.0135367183	-0.0458520152	-0.0810574374	-0.067214264	-0.0082822733	-0.0781166748	0.0567373845	0.0887868723	-0.0734961391	-0.0499593101	0.0781521589	0.0571257468	0.0261682287	-0.0093385422	-0.0432218409	0.0	0.0553819	0.0070758	0.00306715484761	5.006694564e-05	-0.286438	0.0149179999999999	0.0002225467239999	0.082046727844	0.655986	0.0614179999999999	0.4303176321959999	0.0037721707239999	-0.00335428	0.00040805	1.1251194318399998e-05	1.665048025000001e-07	0.001541	-0.0001455799999999	2.374681e-06	2.1193536399999992e-08	0.00064965	0.0001923589999999	3.700198488099999e-08	4.220451225e-07	0.0	0.0	0.0	0.0	0.0	0.0	0.0	0.0	0.0	0.0	0.0	0.0	0.0
3623.9067715974656	-21.75589447050652	13132700.289229969	473.3189442118161	8264.651293109915	1.687831345883751	2.8487746521477546	68304460.99670339	3585.906195479269	12.099847702752868	146.40631442981385	12858723.242776606	3694.9967964687376	6195.807751094273	0.967002	42.656391	0.03840895	0.019081	0.0202398331	-0.0326246966	-0.0196620386	-0.0311543436	0.0172880005	0.0929449617	0.0165259701	0.0023822874	-0.0125359222	-0.0046894427	-0.0199804032	0.0039317879	-0.0229195222	0.0304483973	0.0691483557	0.0490644758	-0.042169945	0.0103544034	0.0306593161	-0.03180714	0.0722036118	-0.0291542896	-0.0535657409	-0.0802560933	-0.0631984161	0.0754431638	0.1283234169	0.0402092438	0.0013123401	-0.0982222733	0.0198638768	0.0659806892	0.0222713772	-0.0162652132	-0.0338365034	0.1063852515	-0.013581889	-0.08627434	-0.0954376983	0.106013284	-0.0039496579	-0.0747180449	-0.0585572535	-0.051042083	0.1396066095	0.0239869628	0.0173808203	0.0040776703	0.0837518233	-0.007539992	0.0140309062	-0.0194765009	0.0437073223	-0.0031722041	-0.0375781347	0.05709924	0.0063346356	-0.0589575205	0.0083135629	-0.0023991054	0.0251721424	-0.0258244437	0.0296948467	-0.0479328015	0.0748793837	0.0467270275	-0.0884283041	0.0885696519	-0.1206137449	0.0062789832	0.0733992706	0.0739063158	-0.0831049342	0.0629455263	0.0083508423	0.0014916343	-0.0490328961	0.1014245392	-0.0835113075	-0.0904467654	-0.0473303257	0.0937633519	-0.0101635752	0.0424282059	0.0029929001	-0.0127854821	-0.0246530598	0.0378082301	-0.0129961993	-0.0280639056	-0.0530366603	0.0197053648	-0.0399259853	-0.053220713	0.0524433374	0.0037630641	-0.0573422422	0.0911301641	-0.0973375567	0.0051702428	0.0027480601	-0.0532695675	-0.0805565538	0.1058321725	0.0063653042	-0.0180566055	0.0763060255	0.0088160146	-0.0200446981	-0.0188458454	-0.015319508	-0.0468187801	-0.095047228	0.017704667	-0.0050810496	-0.086186727	0.1878022848	-0.0844704239	0.0043665662	0.0336209408	0.1054607471	0.0312509705	-0.0588843842	-0.0040178323	-0.0217077229	0.0295845701	-0.0766735258	0.0595383478	-0.0278093865	-0.0119496106	-0.0062447667	-0.0434606923	-0.0367657407	0.0065989559	-0.0590431078	-0.0490736916	0.0086374369	-0.0540576844	0.1074506363	-0.0091555186	0.0161106101	0.0186253107	-0.0673411303	0.0316827622	-0.0740299594	-0.0315229956	-0.0265987537	-0.029385006	0.1096863537	0.0220709413	0.0409729866	-0.039310061	0.0662728575	0.1647102392	0.0266110239	-0.0390260318	0.0442777934	-0.0835683165	0.0355938466	-0.0704523998	0.0777453364	0.0556437736	0.0233397865	-0.0132436085	-0.0473987549	0.0	0.0521433	-0.0032386	0.00271892373489	1.0488529960000007e-05	-0.271329	0.015109	0.000228281881	0.073619426241	0.657729	0.001743	0.432607437441	3.0380490000001743e-06	-0.00340675	-5.247000000000021e-05	1.16059455625e-05	2.7531009000000213e-09	0.00134	-0.000201	1.7956000000000002e-06	4.0401000000000006e-08	0.000536753	-0.000112897	1.2745732609000011e-08	2.88103783009e-07	0.0	0.0	0.0	0.0	0.0	0.0	0.0	0.0	0.0	0.0	0.0	0.0	0.0
3625.617340148236	1.7105685507704038	13145101.09718357	2.92604476688476	8180.252845593671	-84.39844751624423	7123.097943152232	66916536.61784335	3564.1623485045284	-21.74384697474079	472.7948812609442	12703253.246497314	3671.228140598938	6112.099474618094	0.982904	43.357845	0.16526715	0.096378	0.0048817334	-0.010979867	-0.0108026732	-0.0114641799	-0.0649063228	0.0418888516	-0.111967551	-0.0518719878	0.0263665651	0.0078475401	-0.0013448303	0.0433787862	0.0432776377	-0.0404254419	-0.0480157605	0.0905542143	0.043419295	0.0922408634	-0.1366793882	-0.0419556058	0.0280788541	0.0719056222	0.0369762146	0.0828087419	-0.0296103947	0.018952981	-0.0165059493	0.0640633073	-0.0943065865	-0.0184162897	-0.0361051236	0.0507177449	0.0269375929	0.082395387	0.0808341254	-0.0077519114	-0.0516249715	0.0025504521	-0.115126831	-0.0609732574	0.0309341727	0.0792596349	0.0033606529	0.0531704356	0.1415689436	-0.0449840591	0.0215812429	-0.1068095575	-0.0271581725	0.1271416381	-0.0936156608	-0.0141648547	0.04875516	-0.0304651235	0.0175476642	0.0114920342	0.0443201942	0.0398754627	0.0397126918	0.0829116699	0.0387380534	0.0709658292	-0.0171579156	-0.0403396716	0.0075773184	-0.0170430204	0.0796532452	-0.0652679476	-0.0210892158	-0.110957366	0.0501557157	0.0465463502	0.0681118866	0.0864530722	-0.0363127524	0.0395984568	-0.0891592133	-0.0110638585	-0.0401143641	0.0040979508	0.0008378359	0.0437664783	0.0159697167	-0.1122486983	0.0090588651	0.002434636	-0.0061370805	-0.0243872244	-0.0170156613	0.03171795	-0.0917201512	-0.0345028412	0.1225439471	-0.012250791	0.1390994212	-0.0308341255	0.0164104667	-0.0332818483	0.100197704	-0.0052630129	-0.0184903773	-0.053252053	-0.0114881377	-0.0058485416	0.0475614428	-0.0769081803	0.0370689286	0.0172740939	0.0801424376	-0.0456158363	-0.0155691164	0.0175150136	0.061520647	-0.1210825298	-0.0113075469	-0.0916432971	-0.0410343325	-0.0272224654	0.084647062	-0.0696236841	0.0745601923	0.0468113078	-0.0892930974	-0.065549501	-0.1207113733	-0.0390704335	0.1268292917	0.0739825966	-0.0384928917	0.046275973	0.0158627942	-0.0393408918	0.0202864842	0.0093723598	0.0419040036	0.0983542132	0.0252334007	-0.0439385965	-0.0957750616	0.0039020892	0.0489799821	-0.0974405836	0.0489073669	-0.0166346683	-0.0296417539	-0.0050391308	0.0705442045	-0.0283339715	0.0391774475	0.1162787841	-0.0291614815	-0.09512564	0.0691665982	0.0027830506	-0.0862290598	-0.0273167199	0.0058775222	-0.0149432018	-0.0359533104	-0.0358621225	0.0773282186	0.0541323269	0.0204835299	-0.0171206189	-0.0514187911	0.0	0.042583	-0.0095602999999999	0.001813311889	9.139933608999988e-05	-0.351185	-0.079856	0.006376980736	0.123330904225	0.677284	0.0195549999999999	0.458713616656	0.0003823980249999	-0.00403077	-0.00062402	1.6247106792900002e-05	3.894009604000004e-07	0.001729	0.000389	2.989441e-06	1.51321e-07	0.00064965	0.000112897	1.2745732609000011e-08	4.220451225e-07	0.0	0.0	0.0	0.0	0.0	0.0	0.0	0.0	0.0	0.0	0.0	0.0	0.0
3632.524817367557	6.907477219320754	13195236.548791202	47.71324153543517	8211.585927854037	31.33308226036661	981.7620439349008	67430143.45053045	3573.705979521052	9.543631016523705	91.08089297955328	12771374.428064523	3682.164503447864	6123.153444671631	0.940799	41.500519	0.1326080999999999	0.0829472	0.007204288	-0.0112708079	-0.0145610332	-0.0148391758	-0.0214549664	0.0533075681	-0.0054440128	0.0284128507	-0.0158208861	0.0023561509	0.0545384697	-0.0174004462	-0.0437456574	-0.0178828482	-0.0027050977	-0.0299234818	0.0068815721	0.0844887601	0.0042182196	0.0653215945	0.0604948937	-0.062158337	0.0029229731	-0.0484391197	0.0051646944	-0.0384032715	0.1092304026	-0.0308987369	0.0797266854	0.0251039212	-0.0212684908	-0.0627543594	0.1147043401	0.0859588039	0.0743961721	-0.0321041295	0.0484316985	0.0384659858	-0.0433046075	-0.1368400303	0.0118860948	0.0199164243	-0.0132646477	-0.0734679398	0.0281524074	-0.0652561435	-0.0250460609	-0.0389482411	0.0166569764	0.1623520906	-0.0443087063	-0.0362503031	-0.0298721114	0.097706495	0.0020761925	-0.0496848284	-0.0081419951	0.0986005561	0.0499512785	0.1260306456	-0.0205826444	-0.0172351704	0.1358000307	0.0300448223	0.071521922	0.0345170372	0.0005951463	0.0360364011	0.0011118374	0.1238188814	0.0083572163	0.022181527	-0.0419080085	0.0383713339	0.0954715025	0.0789580998	-0.0056049671	-0.0379154479	-0.1691509957	-0.1174130425	0.0130779225	-0.0122834962	0.0245967299	0.018893411	-0.0989955801	-0.0016397682	0.0463798594	0.0527677125	-0.0087346013	-0.02425754	0.0235988363	-0.0135123451	0.010343641	-0.0030207689	0.0212733328	-0.1085498728	-0.0126616554	0.0568376636	-0.0544818255	0.0463212434	-0.016693672	0.0582401467	-0.0250305724	0.0753664083	-0.1294066757	-0.0517637389	-0.0340875536	0.070661785	-0.0384346212	-0.0050558035	0.0213096234	-0.0145819702	0.0349520621	-0.0643736604	0.0712040152	0.0083274714	-0.1209423248	-0.0348043987	0.046050327	0.0909735354	-0.0038131713	0.0761774026	-0.0430011221	-0.0522153042	-0.1122908381	-0.073845301	0.0579574768	0.056352433	0.067942548	-0.0016252051	-0.0566738211	0.011342037	0.0878332103	0.0915163139	0.1289059119	0.0799662974	0.0233146734	-0.0975809784	0.0269948767	-0.042336555	0.0801877563	0.1082623125	-0.0513651704	0.0072466849	-0.0420800412	0.0464744819	-0.0138587554	-0.0182930478	0.0648008224	0.0237266782	0.088094006	0.0840715436	-0.072775241	-0.0009930904	-0.0314391501	-0.1517509986	0.0597464012	-0.0073084232	0.0862865488	-0.0887051443	0.0769008606	0.0525922072	0.0176028627	-0.0209613602	-0.0552686441	0.0	0.0661476	0.0235645999999999	0.00437550498576	0.0005552903731599	-0.272882	0.078303	0.006131359809	0.074464585924	0.658185	-0.0190989999999999	0.433207494225	0.0003647718009999	-0.00419379	-0.0001630199999999	1.7587874564100003e-05	2.6575520399999946e-08	0.00165919	-6.981000000000001e-05	2.7529114561000003e-06	4.873436100000002e-09	0.00064965	0.0	0.0	4.220451225e-07	0.0	0.0	0.0	0.0	0.0	0.0	0.0	0.0	0.0	0.0	0.0	0.0	0.0
3641.446222414281	8.921405046723976	13260130.590735236	79.59146800771202	8195.815103157938	-15.770824696099226	248.71891159509323	67171385.20515177	3571.4456157715645	-2.260363749487624	5.10924427999775	12755223.786413928	3678.7549941513566	6089.670668116978	0.953377	42.055389	0.2426558499999999	0.136286	0.0020610787	0.0007300378	-0.009214691	0.0233814776	-0.1135172381	-0.0736689029	-0.0465356529	-0.0222664389	0.0156077282	-0.0248010438	-0.0688895489	0.0449974043	0.066432725	0.0176503222	0.0379920438	0.0328986243	-0.0902379994	0.0115116603	-0.0899795941	0.0432478682	0.012924429	0.0099149167	-0.048407138	-0.0216043777	-0.0450231815	-0.002859891	-0.0661316	0.1483117692	-0.0226219662	0.0120324973	0.0370133235	-0.0832380409	-0.0720695456	-0.1119347216	0.005631735	0.0372500246	-0.0004841643	-0.0682229134	-0.0062269436	-0.0038083066	0.0388378719	-0.0554934801	-0.1203126413	0.0391962681	-0.044410533	0.0148112169	0.0112272971	-0.0133789694	0.0490436098	0.0419613548	-0.0608938988	-0.0457235312	0.0122207963	-0.0200483935	0.196028897	-0.072694133	0.0427429924	0.088625123	-0.0869656285	-0.017701506	0.0276520517	0.0726236197	-0.0430140128	0.0581334334	0.0723322837	-0.0215357053	0.05302522	0.0413734982	-0.0217412994	-0.0252736879	-0.0366810718	-0.1109441129	-0.128267238	-0.0188378674	0.0333786799	0.0018185154	-0.0398220417	-0.0126876212	-0.0716498496	0.0400854681	0.0046960728	0.0947622941	0.0514430152	0.0218556256	-0.0063872918	-0.0243441464	-0.0641799967	-0.0400425601	-0.029321832	0.0525405393	-0.050279511	0.0581133343	-0.0537359529	-0.0156335669	0.0692475434	-0.0527286315	0.0646397166	0.0096009108	-0.031650744	-0.0093348665	0.0119672616	-0.0196409688	-0.0902716397	-0.067524179	0.109975569	-0.0451829297	-0.0071756729	0.0083416771	-0.0641454274	0.0681670812	-0.035514457	0.0822869032	-0.0115953018	0.0763728652	-0.0676163323	-0.0013754462	0.0459811113	-0.0858555362	-0.0076871419	-0.0549922731	-0.1042599044	-0.1015053143	-0.0005314444	-0.0615395925	-0.0671108358	-0.0389418568	0.0471349035	0.1071673541	-0.0181891047	-0.034614048	0.0810782488	0.1524244375	0.0758619948	-0.0242694467	0.0332717441	-0.044047216	-0.0788277524	0.0182829292	-0.0872893813	0.0912227665	0.0387136784	0.0117032189	0.0867430006	0.0317068862	-0.0149191629	-0.1358257692	-0.0220317281	-0.0495034368	0.0251908626	-0.0934588038	0.0896584044	0.0618996456	0.0314646361	0.0420944802	0.003532444	-0.0527144994	-0.0121288448	-0.0140562746	0.0072123984	-0.1126547851	0.0764633189	0.0510242304	0.0147012178	-0.0247576959	-0.0589355719	0.0	0.035623	-0.0305246	0.001268998129	0.00093175120516	-0.383826	-0.1109439999999999	0.0123085711359999	0.147322398276	0.677877	0.0196919999999999	0.4595172271289999	0.0003877748639999	-0.00489846	-0.00070467	2.39949103716e-05	4.965598089000002e-07	0.000733955	-0.000925235	5.38689942025e-07	8.560598052250002e-07	0.00064965	0.0	0.0	4.220451225e-07	0.0	0.0	0.0	0.0	0.0	0.0	0.0	0.0	0.0	0.0	0.0	0.0	0.0
3645.0042838982367	3.558061483955953	13286056.229636498	12.659801523610838	8232.530578357548	36.7154751996095	1348.0261191331404	67774559.72359206	3582.1486742242023	10.703058452637832	114.55546024058218	12831789.12424621	3689.21079607474	6143.355714765276	0.952079	41.998104	0.24442675	0.144836	0.0052602671	0.0009902184	-0.0079402291	0.0360573857	-0.0343296664	-0.0594202125	0.0340416884	0.0856367451	0.0258151111	-0.0031954471	0.0555090625	-0.0390253357	0.0037763406	0.0467510535	0.0652584627	-0.0722476527	-0.0379911759	0.0972549973	0.0413926735	-0.0466167242	-0.0550118958	0.0338182495	0.0204430532	-0.0285645158	-0.035069552	0.0291834409	0.0398303261	-0.1068679908	-0.1582693781	-0.0285622198	-0.025480493	0.0402183839	0.0207494308	-0.0149585789	0.0208243513	0.0203832768	-0.1150245682	-0.0080241576	0.0260172139	-0.0301795826	0.0366735171	9.06991e-05	-0.0072585555	-0.0437454549	-0.0300682778	-0.0152076018	0.0091606487	0.0267110189	0.0217500515	0.0380492918	-0.0674338306	-0.0486864522	0.0330866265	0.0205246938	-0.0453768083	-0.0929243922	-0.0229106946	0.0360532734	-0.0266585001	0.0208240283	0.0681175166	-0.1076076121	-0.060690787	0.0730561822	-0.0407082195	-0.0555503675	0.0058775674	-0.0302419103	0.0173697114	-0.1145557564	0.0412571337	0.0636623196	-0.1453664572	-0.0980458373	-0.1021933223	-0.1447089861	0.1250173865	0.0215152561	-0.0173988745	0.0224587327	0.0312730789	-0.0316181904	-0.0664272661	0.0136490263	0.0367961798	-0.0013509017	0.0532604374	-0.0147537986	0.0763879786	-0.022240905	0.074286292	-0.0227234332	-0.076415895	0.0007277448	0.0656603495	0.0093570703	-0.0424614841	-0.0148840099	-0.0554434013	-0.0319915197	-0.0710176361	-0.0312674524	0.1314392197	0.1064282818	0.0290845002	-0.0469677315	0.0290312135	-0.0013887297	0.0245398232	-0.0938507524	0.0176440473	0.026066569	-0.0064978828	-0.0344287556	-0.0914932901	-0.0325465985	-0.0188071793	0.0454244292	-0.0064909103	0.0122075237	-0.0376281271	-0.0083586307	-0.0024706409	0.0034157758	-0.0229158696	-0.0323601462	0.008753897	0.0997302882	0.0379449935	0.0167513067	-0.0758228788	-0.0385946926	-0.0267365478	-0.0567464522	0.1147218491	-0.0485017229	-0.0650894612	0.134585354	-0.0206147757	0.0915526553	0.0199066474	0.0491717995	-0.0110340756	-0.005462052	0.0721031592	-0.0540805256	-0.0329773079	0.0911853325	0.145217496	-0.0525138899	-0.0509717868	-0.1206502752	-0.0411584559	0.001084194	0.1067790675	0.0006897738	-0.0801078687	0.0267345251	-0.0635548405	0.0558245776	0.0760156516	0.049429227	0.0117820532	-0.0285015838	-0.062407438	0.0	0.0676545	0.0320315	0.00457713137025	0.00102601699225	-0.25717	0.126656	0.0160417423359999	0.0661364089	0.687578	0.009701	0.472763506084	9.410940100000136e-05	-0.00430293	0.00059553	1.85152065849e-05	3.546559809000004e-07	0.00165919	0.000925235	2.7529114561000003e-06	8.560598052250002e-07	0.00064965	0.0	0.0	4.220451225e-07	0.0	0.0	0.0	0.0	0.0	0.0	0.0	0.0	0.0	0.0	0.0	0.0	0.0
3643.056306380781	-1.9479775174559109	13271859.251460778	3.7946164085136935	8202.126792865092	-30.403785492455427	924.390172271243	67274883.92623541	3574.4562216572376	-7.6924525669646755	59.17382649500143	12776737.280544136	3681.3428178963895	6151.648817182268	0.931009	41.068687	0.2393492	0.13443	0.008459543	-0.0137529203	-0.0176271981	0.0188007416	-0.0781535086	-0.0675275414	0.0006087413	-0.0526596636	0.0131306272	-0.0225551129	-0.0482367873	0.0244849494	0.0166546466	-0.0587725259	-0.1284418744	-0.0363762386	0.0673453489	0.0023325033	0.0613952555	-0.0166943533	0.0053378967	0.0565771044	-0.0649966778	-0.0058509954	-0.0110927882	-0.0154938102	0.045887136	0.0608367355	-0.0524265317	0.0530358031	0.0701355593	0.0731163157	0.0002200702	-0.0292420756	-0.0196348011	-0.1324986214	0.1078251386	-0.1839638023	-0.0865525092	-0.1118859383	-0.0044981042	-0.0391872691	-0.0841800672	0.045984639	-0.0242886264	-0.1008704665	-0.0580668177	0.0527090921	0.0267335548	0.0856182919	-0.0499357008	-0.0976471002	-0.0609536473	-0.0355363912	0.1160356828	0.0985192628	0.0769613896	-0.0257883631	-0.0673620813	0.0449825102	0.047208502	0.0584088309	-0.0050901431	0.0368564955	0.0577598903	0.0370319936	0.0533154789	-0.0244792995	0.0052178562	-0.0040544298	-0.1683659918	-0.0465251228	0.0439282376	0.0022982098	-0.0777868898	-0.0183612176	0.0467323414	0.1217334938	0.0184631807	0.0333812006	0.0148816955	-0.0187735042	-0.0482597849	0.0103754534	-0.1235003513	-0.0209632901	-0.0491115342	-0.0131994958	-0.0268884315	0.0190692486	-0.0207023054	-0.0408542198	0.1182248893	0.082067898	-0.0593555926	-0.0114824909	-0.080787356	0.0030350515	-0.0507751863	-0.032605478	0.0548153412	0.0154397061	-0.0549456055	0.0265996819	0.0717978033	-0.0545231121	-0.0279302015	0.05226668	0.0277665235	-0.044445061	-0.0760542873	-0.0936529498	0.0463622243	0.1570925643	0.0729160959	-0.1253222661	-0.0884124647	-0.0888049878	-0.002574089	-0.0626467709	-0.0959804557	0.0299804789	-0.0451646906	-0.0234833266	-0.0929373731	-0.1684267496	0.0372633134	0.0378672651	0.0545407045	-0.1486765434	0.0620754803	0.0475409602	-0.0388519416	-0.0414721532	-0.0237086806	0.0019366396	-0.0533440347	-0.0029786967	-0.0050444723	0.037695578	0.0226587718	0.0223816871	0.1485682873	0.0411233505	0.0065379839	-0.0462890193	0.0482355218	0.0496822144	-0.1693118142	0.0136395378	0.0175920885	-0.031188355	0.0023845067	0.0642770955	0.1013852352	0.030539199	-0.0186752148	-0.011418496	0.0322243516	0.0502317978	0.075557918	0.0478080418	0.0088488477	-0.0321850925	-0.0656727513	0.0	0.0395261	-0.0281284	0.00156231258121	0.00079120688656	-0.372091	-0.114921	0.0132068362409999	0.138451712281	0.669076	-0.018502	0.447662693776	0.000342324004	-0.00487247	-0.00056954	2.37409639009e-05	3.243758116000004e-07	0.000672774	-0.000986416	4.52624855076e-07	9.730165250559998e-07	0.00064965	0.0	0.0	4.220451225e-07	0.0	0.0	0.0	0.0	0.0	0.0	0.0	0.0	0.0	0.0	0.0	0.0	0.0
3637.362257917252	-5.694048463528816	13230404.19532089	32.422187905014866	8244.280110210013	42.15331734492065	1776.9021631815883	67968154.53560442	3579.8315980908123	5.375376433574729	28.894671802630576	12815194.27068942	3688.126379375368	6179.402148219518	0.957234	42.225529	0.2569765	0.138162	0.0079182007	-0.0046954122	-0.0022076982	0.0161763008	-0.0152136872	-0.0027904656	0.0690852817	0.0481927813	0.0375285379	-0.0182388084	0.0673766895	0.0128642086	-0.0350619893	-0.0008801945	0.0020795556	-0.0823102322	0.0244760932	-0.0230747368	-0.0074030726	0.0850629513	0.0582717515	0.0246117025	0.0104274715	-0.0245328886	0.0459993177	-0.0488649353	0.0293297098	-0.0743441418	0.0575035743	0.0637890007	-0.0213593033	0.0434104216	-0.0297304487	-0.0652919334	0.0426388232	0.0117002775	0.1348110526	-0.0297566014	0.0260867449	-0.0327616218	-0.0220190227	0.0898605459	-0.0037994547	0.0432430119	-0.0389062206	-0.0178567094	0.0450575417	0.0241526442	-0.0427269954	0.0368656526	0.0851232151	0.0127632721	-0.131989155	0.0973012313	0.0218459081	0.0037741229	0.0442037438	-0.0605737399	-0.0071975819	-0.074098185	0.0368595801	0.0191088758	-0.0784577121	0.0616907214	0.0610610503	-0.0768712409	0.106309558	0.0211324577	-0.0479574301	0.0037438566	0.0117778638	0.1037298204	-0.0406930443	-0.0632152394	-0.0150998751	0.1153371957	0.0295886211	-0.036505451	-0.0083703354	0.1527796371	0.0504645136	0.0034056375	-0.0145310903	0.1150811872	0.1117570202	-0.0211666861	0.0646591641	0.0128213169	-0.0087201474	-0.0393335895	0.0270029193	-0.0184662768	-0.033447288	0.0089544694	-0.0739761711	-0.0897245406	0.0005331959	-0.0167752678	-0.0023890233	0.0677080079	0.0566741839	0.0510940284	0.0206132759	0.0360681286	-0.0101723111	0.0859441621	-0.0682833436	-0.0280647747	-0.0165475957	-0.0425744368	-0.0515960529	0.0472088491	-0.0318209988	0.0349518476	0.1273781099	0.0225720453	-0.0489716373	0.0122029062	0.0710146163	-0.0550247269	-0.0676679374	-0.0495155382	-0.0369388566	0.0703774985	-0.0311987395	-0.0238896209	-0.0005976903	-0.1054138756	0.0644400571	-0.0405266395	-0.0283141265	0.1040819237	-0.0490317544	0.0468360236	-0.061455488	-0.0284314132	-0.0410704677	0.0047252997	-0.0427960046	0.0824384035	0.0545684405	-0.0589152346	-0.0031712096	0.0644333072	-0.0670884975	-0.0191748664	0.0046320902	0.0710639102	0.0685173058	0.093689387	-0.0346935362	0.1246870236	-0.03554155	-0.0047209786	0.0293298287	-0.0172249544	-0.1487839899	-0.023857035	0.017538695	0.0409961419	0.0750901786	0.0461615335	0.0059050968	-0.0358004188	-0.0687207046	0.0	0.0708548	0.0313286999999999	0.00502040268304	0.0009814874436899	-0.258216	0.113875	0.012967515625	0.066675502656	0.695306	0.0262299999999999	0.483450433636	0.0006880128999999	-0.00401553	0.00085694	1.61244811809e-05	7.343461636000008e-07	0.00152669	0.000853916	2.3307823561e-06	7.29172535056e-07	0.00064965	0.0	0.0	4.220451225e-07	0.0	0.0	0.0	0.0	0.0	0.0	0.0	0.0	0.0	0.0	0.0	0.0	0.0
3634.880710564161	-2.481547353091173	13212357.780031418	6.158077265633808	8229.465399736799	-14.81471047321429	219.4756464051652	67724100.76546514	3571.845302237274	-7.986295853538195	63.780921460241366	12758078.863114484	3679.339290505114	6169.501744417463	0.929763	41.013729	0.2375685	0.119954	0.019783339	-0.0273389951	-0.0289198451	-0.0136821691	-0.0424917885	-0.0577906184	0.0064748956	-0.0408495616	0.0514561566	-0.0448236778	-0.0509124226	0.0678663188	0.0414602653	0.0730516348	0.0471851059	0.0337449449	0.0776262965	-0.1224829478	-0.0359273467	0.0687255268	-0.0639798237	0.0471578748	-0.0202758989	-0.0397826573	0.0313759668	-0.1131005768	-0.0278215473	-0.0110737078	-0.0197551975	-0.0695252463	0.001659157	0.0787433594	0.0628586445	0.0082850537	-0.0116836477	-0.0481534165	-0.0267931192	-0.0260129118	0.0212590005	0.0293777369	-0.0707088223	-0.0468437847	-0.0188765178	-0.0398364921	0.0556038647	0.0252441271	-0.029032184	0.0031288874	-0.0002547915	-0.0249700339	0.008559438	0.0614666809	-0.0841609806	0.0317143702	0.0305453575	0.0291252441	0.0613332354	0.0567717759	0.0575398654	0.0019627066	0.0393908924	-0.0170889266	0.0562548866	0.063269431	0.1292784873	-0.0459392644	0.0192924952	0.0120056409	-0.0402990207	0.0607654792	0.1102435141	-0.0025133326	0.0351865181	0.0212870803	0.0306832336	0.0734564274	-0.0437773091	-0.1040044566	0.0645644154	0.0194636645	-0.0421088975	0.1210585113	-0.0385760048	0.0514242886	-0.0810765263	-0.0392479193	-0.0537821484	-0.0456137624	-0.0035225864	-0.0112117558	-0.1147094011	0.0409326918	-0.0292697784	-0.0860939271	-0.1125939691	-0.0221692754	0.0470610896	-0.0875624499	-0.0277138787	-0.0135082503	0.0198588876	0.0759144564	0.0377687622	-0.0490005263	0.043431489	0.009218042	0.0911370194	0.0266778211	0.0530832036	-0.0769191492	0.0231278563	-0.0232475523	0.0453338962	0.0432263725	0.0137541882	-0.0086456142	0.0222840015	-0.0560795852	-0.028017556	0.0480139908	0.0633704529	0.0445658159	0.016638234	0.0453971893	0.0249729681	0.0245214452	0.007266068	-0.0517586372	0.0927794468	-0.000440265	0.0039053593	0.0423069684	-0.0161682955	0.0704078284	-8.41146e-05	-0.0525585508	0.048470792	-0.0272108474	-0.0572346894	0.0193883947	0.1618685036	0.0418103889	-0.0155731078	0.0417137003	-0.0311251162	0.0160966485	-0.0311792462	-0.0775383177	0.0349402897	0.0210001544	-0.0280432707	0.0916872891	0.0768726155	-0.06574864	-0.02463565	0.0164757343	0.0410805258	-0.1563329638	0.0679051034	-0.0355780478	0.0746124954	0.0444905743	0.0029543088	-0.0393399038	-0.0715412097	0.0	0.0386259	-0.0322289	0.0014919601508099	0.0010387019952099	-0.355947	-0.097731	0.009551348361	0.126698266809	0.656863	-0.038443	0.4314690007689999	0.001477864249	-0.00421085	-0.00019532	1.77312577225e-05	3.814990240000022e-08	0.000588698	-0.000937992	3.465653352040001e-07	8.798289920640001e-07	0.00039965	-0.00025	6.25e-08	1.597201225e-07	0.0	0.0	0.0	0.0	0.0	0.0	0.0	0.0	0.0	0.0	0.0	0.0	0.0
3629.7163768427977	-5.164333721363164	13174840.976320809	26.670342785608707	8230.72988955535	1.2644898185517377	1.5989345012210066	67744914.51481983	3573.7913760230654	1.9460737857912136	3.7872031797437455	12771984.799336836	3680.901002509628	6156.426097645295	0.95682	42.207264	0.2678556800000001	0.157313	0.0156964185	-0.0103798871	-0.0212533737	-0.008208085	0.0302594657	0.0053226226	0.0034631704	0.0448643696	0.0315709582	-0.0048302901	0.0341159178	-0.0356146883	0.0054325293	-0.0662791579	-0.0187386739	-0.0468710671	-0.0738333951	-0.1414833176	0.0425830369	0.0425912626	0.0267645269	0.0749836815	0.0559035041	0.0774271859	-0.0221043021	0.1029855694	0.0254929926	-0.0004030468	0.018660478	-0.025342824	0.0052223877	-0.0065839629	-0.0714966012	0.0135887157	-0.0003708648	-0.0358446521	-0.1502425368	-0.0212015746	-0.0608816097	0.086606195	-0.027097607	-0.0053734701	0.0210182715	0.0628467276	0.0311163566	-0.1221143368	-0.0361071952	-0.0893461918	-0.0886020314	0.0410128708	-0.1249626715	0.0232243711	0.0305487894	0.0207214315	-0.0110016316	0.0721663976	0.0444061934	0.0704410748	-0.0966373531	0.0283705299	0.0623601206	-0.0784815446	0.0234549206	-0.1808463724	0.0266866293	0.0176505981	0.0718452149	0.0499577452	0.0352110375	-0.1141905185	-0.0802083868	-0.0754760896	-0.057128615	-0.0291846706	-0.0283391157	-0.008300642	-0.0714343143	-0.0535875442	0.0572634373	0.0438102785	0.0408187968	0.0520427361	0.0196107041	0.0674377918	0.0305681367	-0.0105479451	0.0279022945	0.0461243317	-0.002956833	0.0459354874	0.0076016244	-0.0112207556	-0.0646825305	0.0653750914	-0.0934778687	0.0715513843	-0.0206355662	-0.0554807067	0.0431951512	0.0699873326	0.0330485324	-0.1258243069	-0.048259608	0.0641453342	0.0172821817	0.0739282291	0.0028090742	-0.0349449357	0.032890439	0.0598051123	0.0300834573	0.0379113468	0.0830685632	-0.0577299488	-0.095401002	-0.0865565505	0.0849524021	-0.0355198604	-0.043455253	-0.0740429148	0.0108881919	0.1044378065	-0.0256820402	-0.0530249923	-0.0515188781	-0.0184614539	0.1584525029	0.014341692	0.0431710489	0.0017370192	-0.0395696004	-0.0571091245	0.0038299396	0.0809541752	-0.0084236611	0.0070572797	0.0202517653	0.1494113876	0.0998167004	-0.0158160678	0.0023614768	-0.0532647711	0.2037332695	-0.0556399456	0.0246238658	-0.0964236177	0.0537070547	-0.037947835	-0.003129208	-0.0609356699	0.0337141245	0.0299584028	0.0398116087	-0.0093702469	-0.0886242825	0.0656455714	-0.0508084696	0.0170910482	0.0554207282	-0.0415192937	0.0741249317	0.0427960493	0.0	-0.0427960493	-0.0741249317	0.0	0.0497575	0.0111316	0.00247580880625	0.00012391251856	-0.222853	0.133094	0.017714012836	0.0496634596089999	0.686575	0.029712	0.471385230625	0.000882802944	-0.00319	0.00102085	1.01761e-05	1.0421347225000005e-06	5.74834e-05	-0.0005312146	3.30434127556e-09	2.8218895125316e-07	0.000725947	0.000326297	1.0646973220900001e-07	5.26999046809e-07	0.0	0.0	0.0	0.0	0.0	0.0	0.0	0.0	0.0	0.0	0.0	0.0	0.0
3634.325263276995	4.608886434197302	13208320.1192934	21.241834163327923	8206.001682196249	-24.72820735910136	611.4842391947147	67338463.60820767	3568.6595036047825	-5.13187241828291	26.336114517532884	12735330.652668731	3675.3003495005273	6150.410465044294	0.974666	42.994469	0.20817793	0.130514	0.0193806194	-0.022348492	-0.0233420586	-0.0279660169	-0.0317127103	-0.0270180138	0.0064427904	-0.0358363195	0.0375076605	-0.0313088904	-0.0567687715	0.0556160591	-0.0021024029	0.0187700307	-0.0894167487	-0.0828235567	0.0189519064	-0.0373262193	0.0627007133	0.0505932475	0.0218849999	-0.0001603306	0.0618861003	-0.0278249503	0.0096322764	0.0056369213	-0.120686284	0.0786305519	0.0273897278	0.0754975188	-0.0118129229	-0.0792707346	0.086296082	0.0584343033	-0.0373011493	0.0106624074	-0.0670652603	-0.0922151562	-0.0538817163	0.0354098536	-0.0377716534	0.0903899141	0.0044925415	0.1141382711	0.017049818	-0.0178402808	-0.06332395	-0.0748833228	-0.06693314	-0.0181047816	0.0459871502	0.0283886714	-0.0428361904	-0.0165609408	0.0748365262	-0.0120943794	-0.0084491753	-0.0532713914	0.0890068039	-0.1084189786	-0.1062473903	-0.0226207282	0.0202371244	-0.0385994456	-0.0178760363	-0.1292085275	0.011960185	-0.1120257675	-0.0689322598	0.0375612904	0.0525753756	0.045778047	0.0260500557	-0.0459383753	0.0109962436	0.0010638194	0.0488011277	-0.0051656339	-0.0922165464	-0.0070438698	0.0467946229	-0.0548284474	0.064575235	-0.0495521657	0.1168765591	-0.0268606824	-0.0512022353	-0.0513048238	-0.0368541512	-0.017212825	0.0224330225	0.0194420793	0.0129487447	0.0985307454	-0.1030724954	-0.0408582701	-0.0319679971	-0.0190110967	0.0063307061	0.0516500935	-0.0674105993	0.0027109646	-0.0341625178	-0.1504168191	0.0093306961	-0.0385617357	-0.0764883045	0.0447259248	-0.0038584692	0.0159959957	0.1371490932	0.0122461624	0.0198427064	-0.0199173913	0.0191773802	-0.0659653892	0.0220166332	-0.0521250668	0.0056833857	-0.1201721276	-0.0038275675	0.0636653082	0.0532548275	0.0569432736	-0.0326573114	0.0421052346	0.0537383191	-0.0610240495	-0.0269687946	0.0303369709	0.0722950039	0.0901667397	0.0093457593	-0.0089538047	-0.1104935931	0.0691095108	0.1159272801	-0.0152707138	-0.0392951058	0.0049815109	0.039546127	-0.042674681	-0.06577595	-0.0312870537	-0.0576359782	0.0892051868	-0.0223790433	0.0796338634	0.0554658372	-0.0457384379	-0.0165351845	-0.0289977332	-0.0683479397	-0.0216041258	0.0026015972	-0.0802977975	-0.087609805	0.059965767	-0.0401096893	0.0413554434	0.0736275519	0.0410788559	-0.0029543088	-0.0461615335	-0.0764633189	0.0	0.0308823	-0.0188752	0.00095371645329	0.00035627317504	-0.340343	-0.11749	0.0138039001	0.115833357649	0.666754	-0.019821	0.4445608965159999	0.000392872041	-0.00379702	-0.0006070199999999	1.44173608804e-05	3.684732803999997e-07	0.000414001	0.0003565176	1.71396828001e-07	1.2710479910976e-07	0.00064965	-7.629700000000002e-05	5.821232209000003e-09	4.220451225e-07	0.0	0.0	0.0	0.0	0.0	0.0	0.0	0.0	0.0	0.0	0.0	0.0	0.0
3636.424236195042	2.098972918046911	13223581.225586694	4.405687310694366	8249.576427182672	43.57474498642296	1898.7584006317925	68055511.22792801	3573.117516428379	4.4580128235966185	19.873878335351897	12767168.786207307	3681.5598629363103	6169.105408281599	0.921178	40.635021	0.16766475	0.0897323	0.0132870874	-0.0091710519	-0.0163049003	0.0114238467	-0.004498589	-0.0083654898	0.0502030978	0.070024695	0.0301714786	-0.0280663303	0.0691019667	-0.0278366558	0.050644021	0.0095722409	-0.0005642119	-0.0073436556	0.0379927781	0.02392328	0.033568503	0.0413336987	0.0202099638	-0.0240575014	0.0768369544	-0.006121937	0.0800925416	-0.0559604619	-0.0455994509	-0.0188124843	0.0972720341	-0.02100228	-0.0139090569	-0.0890582719	-0.0073770853	0.0143491149	0.0228632294	0.0210816426	0.0257678332	-0.0700108254	0.0267907568	0.0334771306	-0.0527091418	0.0405664588	-0.0351020317	0.1210709483	0.0421454115	0.0688922671	-0.0120007845	0.0034376303	-0.0260566136	0.1523263193	0.007091825	-0.0051772736	0.0140492768	-0.14838164	-0.0536219554	0.0345679773	0.0857621782	0.0531297115	0.0986573184	-0.0739185671	0.0178696336	-0.0299222806	0.0552296152	0.0852493578	-0.0140155941	0.0676051864	-0.0047355883	-0.0549316817	0.0245637081	0.0411430986	-0.0030687455	-0.0845737849	-0.0342992382	-0.0656964438	-0.0429324305	-0.036609072	0.012230331	-0.076198965	0.0622336699	0.0039361308	0.0231283556	0.1293110003	-0.0480987649	-0.0026764028	-0.1148756096	-0.0284624597	0.0667112209	0.0134368785	0.0490917015	0.0330961949	0.0158459982	0.0094492367	0.0134614829	-0.0251830596	-0.0389927885	-0.0326299782	-0.006467654	-0.0010406266	0.0107432322	0.0835229794	-0.0070180149	0.0647390261	0.0199414863	-0.0660837166	-0.0972524579	0.0244144588	0.0170089523	0.0208489093	-0.0063260062	0.055909976	0.0669017572	0.0820722876	0.0055500809	0.0293531433	0.0607829972	0.0124566466	-0.0129083056	-0.0796904079	0.0371972175	-0.1307006498	0.0547917544	-0.0518511749	0.0253863574	0.0351871435	-0.1018295429	-0.071273741	0.0227216262	0.0087048236	0.0025433003	0.008207818	0.0960052529	-0.1134839511	-0.055569233	0.0301590582	0.0110767536	-0.099524959	0.094486998	-0.0048922484	-0.1134906242	-0.061883992	0.0067662018	0.1017647914	-0.0026319544	0.0133497507	0.086669037	-0.0266980509	-0.0984977506	0.0023507726	-0.0703285518	-0.0668206291	0.0107002586	0.0079572507	0.0314501206	-0.0525548225	-0.0165952389	0.0287109094	-0.0156034792	-0.1117941333	0.0068540144	-0.0340465877	0.0731204221	0.0393399038	-0.0059050968	-0.049429227	-0.078548632	0.0	0.0581101	0.0272277999999999	0.00337678372201	0.0007413530928399	-0.267517	0.072826	0.005303626276	0.071565345289	0.68409	0.017336	0.4679791281	0.000300536896	-0.00387242	-7.54000000000002e-05	1.49956366564e-05	5.685160000000031e-09	0.0013441	0.000930099	1.80660481e-06	8.65084149801e-07	0.00064965	0.0	0.0	4.220451225e-07	0.0	0.0	0.0	0.0	0.0	0.0	0.0	0.0	0.0	0.0	0.0	0.0	0.0
3632.416068674661	-4.008167520380994	13194446.49596588	16.065406871437123	8230.722494981197	-18.85393220147489	355.4707594578118	67744792.7893895	3572.709405708	-0.4081107203792271	0.1665543600884517	12764252.497634407	3678.583311167766	6184.590401916504	0.924542	40.783405	0.16450965	0.0775049	0.0199612414	-0.0311624549	-0.0214034904	-0.0362147011	-0.0233597939	-0.0409594317	0.0183872612	-0.0442491529	0.0386702532	-0.0218825321	-0.0750495058	0.0249941978	0.0155875264	0.035545938	-0.022124499	0.0754081226	-0.0302386645	0.0846461438	-0.0210040161	-0.0107637316	0.0001637176	-0.0176012848	-0.0507269357	-0.0251408322	-0.0054224828	0.0115004937	-0.0186352935	0.0882844831	0.050210424	-0.0714705627	0.0705713233	0.0419661367	0.0478742656	-0.0379414346	-0.070289184	-0.0577694342	0.0566700857	-0.0001322971	-0.0509625962	0.0187012998	0.0343204874	0.0155366555	-0.0168550559	0.0115158074	0.0662507053	0.0137135081	-0.0105354836	0.0842151938	0.0032731722	-0.0946868511	-0.0620299564	0.0179767828	-0.0440011286	0.0438958313	-0.0180077584	-0.01186708	0.0338583576	-0.0806308429	-0.1551508114	-0.0516062715	0.0429051019	0.0071712165	0.0450881625	-0.0848989549	0.0273105822	0.0517953307	0.0336424507	0.0383053272	-0.0922668174	-0.0403055187	0.0161232363	-0.0732791152	0.0651490729	0.0509267226	0.0014821393	0.0427025514	-0.0285889704	-0.0599133402	-0.1455264966	0.0371379442	0.0393876544	-0.0201826167	-0.0005427192	0.0446919906	-0.0736688593	-0.0214748325	-0.0695785741	-0.0483235859	-0.0059936204	-0.0072393077	0.0079477346	0.0766963117	0.0699840095	-0.0193507993	0.0924553316	-0.0251661365	0.0116235261	0.0352096708	-0.0385493739	-0.0372899176	0.0182728836	-0.0044041016	-0.1010703413	-0.0632911986	0.022301902	0.0274545152	0.0657104985	0.0529760367	-0.0479151221	-0.0359470332	-0.0261352441	-0.1013785908	0.031768073	0.0382723011	0.0243170997	-0.0243077274	0.044233104	-0.002714906	0.0477902277	-0.0063788565	0.0284209896	0.0272546249	0.0102554203	0.0552319775	0.1075854718	-0.0102899403	0.0181289286	0.0481745581	0.0196653324	0.0184296862	-0.0103495662	0.0862566562	-0.0386272636	0.0320075283	-0.06619338	-0.0384474525	-0.1022433951	0.0292906423	0.0811819472	-0.1089010029	0.0107898352	-0.0699898921	0.0748338099	0.0185286612	-0.1070136131	-0.0543258807	0.0414800662	-0.0696387323	-0.0350400803	-0.0143806015	-0.0214708256	0.0168426875	0.0991181502	-0.0050924961	-0.0242410758	-0.1298242762	-0.0233835625	0.0297050809	0.035939575	0.0057080994	0.0726036092	0.0375801141	-0.0088488477	-0.0525922072	-0.0803739691	0.0	0.0276078	-0.0305023	0.0007621906208399	0.00093039030529	-0.327983	-0.060466	0.003656137156	0.107572848289	0.662721	-0.0213689999999999	0.439199123841	0.0004566341609999	-0.00366379	0.00020863	1.34233571641e-05	4.3526476900000004e-08	0.000759283	-0.000584817	5.765106740890001e-07	3.42010923489e-07	0.00039965	-0.00025	6.25e-08	1.597201225e-07	0.0	0.0	0.0	0.0	0.0	0.0	0.0	0.0	0.0	0.0	0.0	0.0	0.0
3628.014901799105	-4.4011668755561	13162492.127676368	19.370269866492247	8226.676253590504	-4.046241390693467	16.372069391761002	67678202.18138988	3576.7597988986813	4.050393190681461	16.40568499911875	12793210.659017736	3684.5353641719607	6162.236540156773	0.9256	40.830063	0.26387405	0.122558	0.0127185559	-0.0070023998	-0.0062866438	0.0076344032	-0.0175109555	0.0429887866	0.0535407393	0.006676433	0.0283585521	0.005176038	0.0743513149	-0.0411527477	-0.0377644154	-0.0829005952	-0.0398989015	-0.0167856183	-0.0042284992	-0.0038961822	0.0366862056	0.0849144754	0.0222161243	0.0152733374	-0.0772983466	0.0137209041	0.091519125	-0.0411178492	0.029333581	0.0484295795	0.1410104825	0.0455328772	-0.0345375586	-0.0003065022	-0.0730137422	-0.0049127029	0.0743971556	0.0363360834	-0.0269843329	0.0175839908	0.0259987967	0.0271057358	0.0179498207	-0.0708495415	0.0042560701	0.0498300658	-0.1092234464	0.0376963129	0.0974635316	-0.117573672	0.0355516784	0.0252880229	0.0864783586	0.0302080924	-0.0163739065	0.0454260578	-0.00838963	-0.1488341924	0.0985195391	-0.0114572665	-0.0075590997	0.0204732422	-0.0549776127	-0.0572700935	0.0821048533	-0.0777932986	0.0097738702	0.0117888238	0.0834664763	0.0072140449	-0.1251503573	-0.0276583208	0.1077589734	-0.0220230156	-0.0021305798	0.0007635145	0.0723857762	-0.1392451904	-0.0357678151	0.050620058	0.0210868551	0.0079355905	0.0459519086	0.0415394283	-0.0735824813	0.0544251062	-0.0769685849	-0.0043651537	0.0807075875	0.0542595729	-0.0338289892	0.024379139	0.0841133934	0.0033471626	0.0246212394	0.0291832934	-0.0496606153	-0.0298271728	-0.0090662878	-0.0229729892	-0.0362576252	0.0284097617	0.1531321884	0.0580805549	-0.0713720433	-0.016163823	-0.0733250079	0.0412980801	-0.0334194529	-0.0285548183	0.0413731825	0.0679135271	-0.0181140779	0.1228317875	-0.0289719534	-0.0296814541	-0.0167919428	0.0050925005	0.0200569466	0.0330796983	-0.0675000045	-0.0184381627	-0.0837890154	-0.1128915753	0.0073003633	0.0133309487	-0.0619835597	0.1019717864	-0.0161849043	0.0124813099	-0.0071767817	0.0722985394	0.03306118	0.0743000305	-0.0174165353	0.1387569626	0.0921430703	0.0457310555	0.0243799003	-0.0429207812	0.0533910642	-0.0976836304	0.0389960512	-0.0033859843	0.0148616867	0.0132823373	-0.144956554	0.0176813298	-0.0473200135	-0.0298705679	0.1001060209	-0.0950775985	-0.0269887067	-0.0795563886	0.0583532154	0.0318605428	0.0077406043	0.0719733987	0.0025546594	-0.0378094301	0.0397546607	-0.0110720349	0.0720771819	0.0358004188	-0.0117820532	-0.0556437736	-0.0819332888	0.0	0.0653255	0.0377176999999999	0.0042674209502499	0.0014226248932899	-0.246588	0.081395	0.006625146025	0.060805641744	0.725952	0.063231	0.527006306304	0.003998159361	-0.00386585	-0.00020206	1.49447962225e-05	4.08282436e-08	0.00193783	0.0011785469999999	3.7551851089e-06	1.3889730312089995e-06	0.00064965	0.00025	6.25e-08	4.220451225e-07	0.0	0.0	0.0	0.0	0.0	0.0	0.0	0.0	0.0	0.0	0.0	0.0	0.0
3625.38922980541	-2.625671993694596	13143447.067589063	6.894153418472152	8215.212993600515	-11.463259989988728	131.40632959807638	67489724.53022273	3565.594867073648	-11.164931825033364	124.65570265764283	12713466.756101944	3672.134554828542	6155.9995193481445	0.926461	40.868053	0.2991765	0.15139	0.0239412372	-0.0280390741	-0.0299804513	-0.0362654669	-0.0209235139	0.0114329061	0.0150312137	-0.0126290325	0.0688569625	-0.0319570886	-0.0530182349	0.0806097089	0.0126508323	0.1515757255	-0.0299233866	-0.0016467705	-0.0700209727	0.0280419228	-0.0092464245	0.1136021402	0.0132491071	0.0243843004	-0.0242090858	-0.0279915321	-0.0531435599	0.0249650508	0.0526907858	0.0219534875	-0.001078664	0.0418893973	-0.0407933039	0.1130492491	0.0232018412	0.0030036985	-0.0091583303	0.047023901	-0.0019140348	0.0822716653	0.0239367306	-0.0460236296	0.1165355293	-0.0141002628	-0.0226165307	-0.070371734	0.0293919174	-0.021425554	-0.0317198937	-0.0162354922	0.0935694635	-0.0355047335	0.0734875767	-0.0199978116	-0.0834416911	-0.0371361855	0.0776502663	0.026584731	0.1349492403	0.1166728785	-0.0574774227	0.0468813987	0.0106171204	-0.0511847127	0.1545082299	0.0595128103	0.0263025478	-0.1025963699	-0.0291267542	-0.0438105622	0.067461041	-0.0392512031	-0.0480368934	-0.0797387837	0.0534142829	0.0278296677	0.0532807462	-0.0677029496	-0.0042316753	0.0286052245	-0.1435743815	0.0458495285	-0.0015496789	-0.0663017307	-0.0575495761	0.0555984225	0.0378345168	-0.0307568429	-0.0527549762	-0.0423269683	-0.0242827246	-0.0480413643	-0.0836102921	0.1154092456	-0.0463465321	0.0347524988	0.0235697737	-0.126484017	0.0080153532	-0.0577670034	-0.0637435873	-0.0007742408	-0.0225144137	-0.0098492258	-0.0696042227	0.040180208	-0.0247932957	-0.0452284969	-0.0461012879	-0.0221870665	0.0394928588	-0.075076873	-0.0708010684	-0.0535934844	-0.0624006573	-0.0257568207	-0.0702818581	0.0529659722	0.0123356209	0.0631856217	0.0628799593	0.0514427101	0.0265348464	0.0584510234	-0.0252288559	-0.03758348	-0.0236686115	0.0324774055	-0.0794655834	-0.0031769148	0.0673923282	-0.0905365788	0.120244295	0.0888634528	0.0061194999	0.1094383491	0.055300213	0.0141343358	-0.0387339438	0.0382849485	-0.0785313164	0.005610587	0.1228216127	0.1113289264	0.0813409219	-0.0860886531	-0.0215885121	0.0812180742	0.1171864615	-0.0478502576	-0.0475372589	-0.1344727318	0.0558714552	-0.0569846154	-0.0086696574	0.0449532956	0.0436672098	-0.0782520022	-0.0308119092	0.0403347715	0.0280247179	0.0721365878	0.0715412097	0.0340017607	-0.0147012178	-0.0585774616	-0.0832214302	0.0	0.0375341	-0.0277913999999999	0.00140880866281	0.0007723619139599	-0.361653	-0.115065	0.013239954225	0.130792892409	0.654045	-0.071907	0.427774862025	0.005170616649	-0.00354789	0.0003179599999999	1.25875234521e-05	1.0109856159999996e-07	0.000567528	-0.001370302	3.22088030784e-07	1.877727571204e-06	0.00064965	0.0	0.0	4.220451225e-07	0.0	0.0	0.0	0.0	0.0	0.0	0.0	0.0	0.0	0.0	0.0	0.0	0.0
3619.989734949338	-5.399494856072124	13104325.68113858	29.154544700749327	8212.142354144731	-3.0706394557837484	9.428826667415915	67439282.04473777	3574.6389168174005	9.044049743752566	81.79483576747086	12778043.385625478	3683.1749827146905	6125.275088938398	0.937505	41.355221	0.2556228	0.135771	0.0170645213	-0.0015411642	-0.0161340325	-0.0156566234	0.0336787318	0.0370648674	0.0009754915	0.0656128191	0.0399164372	-0.0081483545	0.0433922663	-0.0043861379	0.0364740847	-0.0331152873	0.0549810403	-0.0708280415	-0.0169225442	-0.0748941298	0.0140574996	0.0091647613	0.0351283728	-0.0084774869	-0.060590988	0.0234795325	-0.0229954301	-0.0351979399	0.0311328877	0.0308666277	-0.0174042667	0.0100085949	0.0034537591	-0.0053510727	-0.0117195495	-0.0493725754	-0.0483298163	0.084449927	0.1127526581	0.1222524901	0.0082794623	0.0608171742	0.1208024679	-0.019834074	0.0396047511	0.0444510144	0.1130260924	0.0440504365	0.0916135934	0.0124104542	0.005054986	-0.0390648782	0.0019992764	0.1122258998	-0.0661110727	0.051296808	-0.0092094223	0.0914754476	-0.1208712436	0.0588840798	0.046358416	-0.0538253291	0.0606501681	0.0731915185	-0.054869788	0.0424136028	-0.0213871097	0.0258821679	-0.0125880969	-0.0105916918	0.024129863	-0.0285781609	0.0725038387	-0.055507464	-0.0177732615	0.0531172663	-0.0242125878	-0.0181892445	0.1065208082	0.0497892917	-0.0704481524	-0.0411468315	-0.0189879307	0.0236451948	-0.0444471223	-0.0203568947	0.0104878594	-0.0059793453	0.0468472534	0.01708924	-0.0184764272	0.0585574155	-0.0137815893	-0.0363723252	-0.0775283533	-0.0073319427	-0.0628637397	-0.0247429601	-0.0135032343	0.0146702345	0.0055612112	-0.0451775548	0.0305191375	0.0509601341	-0.0572541189	0.0170546218	0.0172734481	-0.002172401	-0.0233605505	-0.0166076538	-0.0905895596	-0.0157218915	-0.1080131777	-0.066400793	-0.0335804541	-0.0229335187	-0.0019657084	0.1081569293	0.1173107521	0.079697643	0.0749057789	-0.0594861823	0.124598393	-0.0556766974	-0.0683098355	-0.0048703713	0.0408910071	0.0432582864	0.0020289387	-0.0752546031	0.0667888983	0.0354370648	-0.0775738247	0.006313242	0.0729306939	-0.0272630462	-0.053614596	-0.0448434777	-3.97081e-05	-0.0363502634	-0.0800058306	-0.0171903988	-0.0119180393	-0.0565448669	-0.0421424538	-0.0348100957	0.0538534708	-0.0825695285	-0.043389337	-0.0692409731	0.0134306167	0.049633873	0.004256186	-0.0865938224	-0.0389944819	-0.0308845468	0.1110376394	-0.0600599923	-0.0054705782	-0.0062872208	-0.070389984	-0.0170524836	0.0709957637	0.0321850925	-0.0176028627	-0.0613870563	-0.0842341297	0.0	0.0770393	0.0395052	0.00593505374449	0.00156066082704	-0.246127	0.1155259999999999	0.0133462566759999	0.060578500129	0.699088	0.045043	0.4887240317440001	0.002028871849	-0.00329378	0.00025411	1.08489866884e-05	6.457189210000004e-08	0.00142439	0.000856862	2.0288868721e-06	7.342124870440001e-07	0.00064965	0.0	0.0	4.220451225e-07	0.0	0.0	0.0	0.0	0.0	0.0	0.0	0.0	0.0	0.0	0.0	0.0	0.0
3628.3572678841424	8.36753293480433	13164976.46340768	70.01560741503518	8215.355073385399	3.212719240667866	10.32156491935751	67492058.98179922	3570.096849062564	-4.542067754836353	20.630379489524145	12745591.51168645	3678.443250335741	6120.276695371208	0.958475	42.280235	0.1837492	0.100587	0.0301606354	-0.0114625513	-0.0354825803	-0.0280485523	0.0337080754	0.031298003	0.102655637	-0.06925561	-0.0688132431	-0.0444271539	-0.0101692661	-0.007471554	0.0314166254	0.1441036766	-0.0238407947	0.0329436108	-0.0501850348	0.0755358094	0.0152865615	0.0412249762	-0.0189569996	-0.0030941166	0.0931257254	0.0027726941	0.0419092237	0.0897965861	-0.0147548373	0.0187852546	-0.0280596143	-0.0729403297	0.0143361893	0.0215795578	0.0314686941	0.0561466921	-0.0620428029	-0.0949305464	0.0842133624	-0.0928777763	-0.0518345137	-0.1389180861	0.0069864342	-0.1095285458	0.0242816712	0.0850032408	0.0238949968	0.0574714549	0.026333617	-0.0295567732	-0.0153888926	0.0085989943	0.0314943892	0.0494686244	0.1157759119	0.0803444578	0.0414966851	0.020582779	-0.0105569771	-0.0036699128	-0.065520955	0.0596329255	0.0686921302	-0.0750160412	-0.0167364303	0.0112387833	-0.0105222173	-0.0995656147	-0.0541432317	0.0161414947	-0.089313708	0.0394565873	0.0094401504	0.0895792274	-0.0391592593	0.0591695134	0.1264932198	0.0216507984	-0.020111076	0.0129791651	-0.1265743631	-0.0630487542	0.0324144087	-0.0167279112	-0.0871808361	-0.0302172597	0.0351667097	-0.0439966885	-0.0256256973	-0.0145910743	0.0595065286	-0.0258474358	-0.0578394998	0.0919069906	-0.0207713518	0.036510035	0.0893361437	-0.0234394132	-0.0193023696	-0.0557266987	0.0103644033	0.0612226764	-0.0537309352	-0.064139667	-0.0288768214	-0.0532645337	-0.1113458163	-0.0909662971	0.075068762	0.0302320539	-0.0030590285	-0.0066881673	-0.0837303979	-0.1643237263	-0.0062335569	0.0750777061	0.0391045025	-0.0635706476	-0.1066519056	-0.0261180579	-0.0868913598	-0.0794758356	0.0300099695	-0.0343325446	-0.0147144017	-0.0331513054	-0.0451253787	-0.0108038662	-0.0028664537	-0.0259882268	-0.1006609347	0.0533140086	-0.0619623942	-0.0163179311	0.0105750056	0.0332920211	0.0111684719	0.0143367004	-0.0733100585	0.0589646395	0.0187243425	0.0344557252	0.0735727682	-0.0582427034	-0.0538103732	-0.0277628715	-0.1280801829	0.0750917135	0.0066676586	0.0169683391	0.1087247032	-0.0483873602	0.0497493752	0.0237361251	-0.0384242032	0.0840154913	-0.0034397019	-0.0635740594	-0.0157467666	-0.0688542127	0.000451878	-0.0085827186	0.0704409161	0.0303513764	-0.0204835299	-0.0640666057	-0.0849680357	0.0	0.0428131	-0.0342262	0.00183296153161	0.00117143276644	-0.32549	-0.0793629999999999	0.0062984857689999	0.1059437401	0.67566	-0.023428	0.4565164356	0.000548871184	-0.00405158	-0.0007577999999999	1.6415300496399998e-05	5.742608399999998e-07	0.00124755	-0.0001768399999999	1.5563810025e-06	3.127238559999998e-08	0.00064965	0.0	0.0	4.220451225e-07	0.0	0.0	0.0	0.0	0.0	0.0	0.0	0.0	0.0	0.0	0.0	0.0	0.0
3633.314885839747	4.957617955604746	13200977.059664696	24.577975793734584	8231.356053528172	16.000980142773187	256.03136552942186	67755222.47995488	3576.5202205764444	6.423371513880284	41.25970160532869	12791496.88819218	3684.618775563861	6111.363231887817	0.932082	41.115986	0.1692200999999999	0.0907645	0.0154600427	0.0150703575	-0.0119023967	0.0161127201	0.0187270879	0.0104827976	0.0771994478	0.0275667867	-0.0309502642	-0.0100029039	0.0111711274	-0.0350062069	-0.0041775726	-0.0653852017	-0.0338029862	-0.0808417705	-0.0611489286	0.0680593592	-0.0439489535	0.0918890877	0.0340733858	-0.0632485534	-0.0087466398	0.0020285858	0.008299981	-0.0380926908	0.0582573853	-0.0027509454	0.1083726674	0.004050723	0.0566925643	-0.0012654125	0.0094849301	-0.0422069112	-0.0534193827	0.0193748248	0.1213481048	0.0070609623	0.087948229	-0.0446843392	0.0330884595	0.0330987848	0.0877609631	-0.0253563096	-0.0094200649	0.0328018869	-0.0460102584	-0.1183408424	-0.0672402071	-0.0715752836	0.1104399828	-0.1071315695	0.0803842079	-0.050709297	-0.0261379532	0.0484843148	-0.0435502283	0.0089401528	0.0138721036	0.0151780539	-0.1030453978	-0.0792435227	0.1017026298	-0.0395425395	-0.0092373926	0.1347531294	0.008322076	0.0301633696	0.054596841	0.0004445852	-0.0737467219	0.000970055	-0.0189396599	0.0696979411	-0.0325921985	0.0605079065	-0.0577487152	-0.0662902843	-0.037665457	0.053283886	0.0785343178	-0.0569145781	-0.0446389736	-0.0943949094	-0.06600928	-0.0165713214	0.023096559	0.0132992211	-0.0254352525	0.0506557776	0.1051263126	-0.0110125377	-0.0067768131	0.0642301603	0.0199678038	-0.1005752613	0.0704393029	0.0305281449	-0.0030329619	0.0336545717	0.0408647061	0.042509913	-0.0695557276	0.0370982846	-0.0438340568	0.0663638256	-0.0056041869	-0.0001309314	-0.0615171902	-0.0030045757	-0.0146629619	-0.0521226948	-0.0792954229	0.0770329681	0.0683818387	0.0963998955	-0.0686055064	0.0598357398	0.0125882687	0.0128796763	0.0288251211	0.0253509359	0.062731052	-0.016033074	-0.0183991794	0.1046909591	-0.0013460928	-0.0624237691	-0.1192529697	-0.0818581736	0.0197369689	-0.0864045776	0.0499449639	0.0109068892	0.0195451721	0.081603369	0.1127992671	0.0332002436	0.0614411832	-0.1277736663	-0.0584647826	0.0816981556	0.0757632852	0.0575124778	0.0128433277	-0.0172605241	0.0711957009	0.0363824473	-0.0061752194	0.0113086707	0.0701195046	0.0307110876	0.0505400214	-0.0040585162	-0.0841767782	-0.1009969484	-0.0446767939	0.0314426932	-0.0246089879	0.0472605785	0.0698767404	0.0285015838	-0.0233397865	-0.0666104333	-0.0854207191	0.0	0.0615232	0.0187101	0.00378510413824	0.00035006784201	-0.268883	0.056607	0.003204352449	0.0722980676889999	0.736417	0.0607569999999999	0.542309997889	0.0036914130489999	-0.00459071	-0.0005391299999999	2.10746183041e-05	2.906611568999996e-07	0.00137134	0.0001237899999999	1.8805733956e-06	1.5323964099999982e-08	0.00064965	0.0	0.0	4.220451225e-07	0.0	0.0	0.0	0.0	0.0	0.0	0.0	0.0	0.0	0.0	0.0	0.0	0.0
3632.580369353231	-0.7345164865159859	13195640.139810458	0.5395144689637885	8203.955677480006	-27.40037604816644	750.780607580933	67304888.75805642	3575.981477583962	-0.5387429924826392	0.290244011949149	12787643.528023576	3683.730101389264	6123.368380333651	0.937426	41.35173	0.1964585499999999	0.0901566	0.02344224	-0.0029075473	-0.026299583	-0.0122992222	0.0015228758	0.0173265637	0.0542503745	-0.0274788575	-0.0941071959	-0.0344493856	-0.0284570673	0.0107181033	0.0276873353	0.0144366344	0.0292166209	0.0161082277	0.0723088124	-0.0054166611	0.036211909	-0.1341389193	-0.0717863424	0.0032743496	0.0225170949	0.036736174	-0.0905863209	-0.0447587185	-0.0670491769	0.0525775918	-0.0472026326	-0.0747072353	-0.0116506511	0.0389481262	0.0434669442	0.0348864892	0.0018315859	0.041651276	0.0241605069	-0.0144928752	0.1069202532	-0.0960485297	0.1618538959	-0.021717822	0.070852665	-0.0145760121	0.0375034109	-0.0223099585	0.0262935962	0.078348316	0.0244693946	0.0591277307	-0.0273544459	0.0664839756	-0.048217945	-0.0157926294	-0.0328542143	-0.0890842066	0.075376314	-0.0075774118	0.0607745485	0.0312435946	-0.05790611	0.0479633286	-0.0821057931	-0.1135726247	-0.0547828682	-0.0432734957	0.0040123452	0.0806132026	0.0083540053	0.0357206465	-0.0839669377	0.0364913812	-0.0376856598	-0.0426111783	0.0178961796	-0.0070401097	-0.0481865265	0.1896391966	0.0301440254	-0.1403689054	-0.0108082932	-0.049018768	0.0370683315	0.0206937327	0.0544317078	-0.0406217091	-0.0303870063	-0.0167180001	0.028005401	-0.002208127	-0.0396821681	-0.0361765811	0.0240437085	-0.0302664153	0.004148375	0.1096450508	-0.0366146009	0.0009709397	0.0505245685	-0.0964668154	-0.1012969106	0.0564581006	-0.033948831	-0.0344380387	0.0294833218	-0.044853762	0.0810712124	0.0202130758	0.0382980235	-0.042958569	0.0209625622	-0.0129392682	-0.0932978646	0.0299626934	-0.0298320819	0.053939992	-0.0580249201	0.1599166192	0.0291530743	-0.0068945336	0.044512696	-0.022568468	-0.0822917014	-0.0168766507	-0.0048933221	-0.0956338042	0.0176435554	0.0401772527	0.0697478272	0.1072684488	0.0588252262	0.0575839889	-0.0558849777	0.0338123183	0.0603885157	0.0066745628	0.0290393458	-0.0239441483	0.0781458146	0.1158373449	-0.1365760278	-0.0239524288	-4.16592e-05	-0.0598974697	-0.0407794077	0.0156666289	-0.0273364769	0.03130558	-0.0117390099	0.0518376064	0.0541704465	-0.0366968426	-0.136815441	0.1403599033	-0.0255898735	0.0593340325	0.0454426693	0.06174068	-0.0262976057	-0.0218429027	0.0693033112	0.0266366943	-0.0261682287	-0.0690131503	-0.0855906817	0.0	0.0327042	-0.0288189999999999	0.00106956469764	0.0008305347609999	-0.334068	-0.0651849999999999	0.0042490842249999	0.1116014286239999	0.699878	-0.0365389999999999	0.489829214884	0.0013350985209999	-0.00409933	0.0004913799999999	1.68045064489e-05	2.414543043999996e-07	0.000544409	-0.0008269309999999	2.963811592810001e-07	6.838148787609999e-07	0.00064965	0.0	0.0	4.220451225e-07	0.0	0.0	0.0	0.0	0.0	0.0	0.0	0.0	0.0	0.0	0.0	0.0	0.0
3635.532427169064	2.952057815832632	13217096.028997784	8.714645348018527	8200.811829039505	-3.143848440500733	9.88378301683889	67253314.65531427	3576.306298266882	0.32482068292029	0.1055084760528035	12789966.739023369	3682.570926875858	6131.055198623112	0.8971259999999999	39.574017	0.17026485	0.0966007	0.0183825255	-0.00049824	-0.0245642476	0.0152974005	0.0345910785	-0.010266168	0.0112359558	-0.0071938503	-0.0865546116	-0.0241412477	0.0055128196	-0.0213965905	-0.0505217497	-0.0409169666	-0.0068184556	0.0613274075	-0.0700738851	-0.0824045656	-0.0263424777	-0.0308244601	0.0072206896	0.0744893101	-0.0148958143	0.0524656784	0.0287106897	-0.0210480696	0.1131737432	0.061928568	-0.0583014977	-0.0457396822	-0.0021918829	0.0676880335	0.0041967811	0.0324492736	0.0277823492	0.0711752478	-0.0004689017	-0.0101454905	0.0736081014	0.0883926993	0.0760745225	0.12779448	0.0079979323	-0.0637000176	0.0407488229	-0.02219804	0.0528115064	0.0042761116	-0.0780259859	0.0608660396	-0.0808422284	0.071223441	-0.0221404453	-0.0164386101	-0.1058992978	0.0177501072	-0.0138961067	0.016545526	0.0225837544	-0.0125434339	-0.0332943676	-0.0703691366	0.0756335573	0.024090911	0.0657820861	-0.147072036	-0.0201145067	-0.077135813	-0.0878045208	0.071634153	-0.0387487274	-0.0749481023	0.1465989161	0.0248312044	0.0215730364	0.0523981416	-0.0213027604	-0.0068408675	0.0855381599	0.1095786237	-0.0116889852	-0.0670031718	0.0179013514	-0.0174154759	0.0713794057	-0.0182389045	-0.005128623	0.0394476035	-0.0188771449	-0.0053371822	-0.0079504762	0.016691031	-0.0078226916	0.0200699775	0.0193790636	0.0989286973	0.0198710369	-0.0376585009	0.043069638	0.0239530536	0.1154421138	-0.0099612034	-0.0163827612	0.0809240065	0.109669143	-0.0313325751	0.0516002888	-0.0317924337	0.035932085	-0.0193131587	0.054976575	0.0425329025	-0.0428835492	0.0076708854	0.0162604999	0.0154007632	0.0794329485	0.0667700695	0.1784671569	0.0329691714	0.0522300929	0.0345849046	-0.0347126397	0.0055658362	0.0441932118	0.0102820694	0.0942183742	0.0021313687	0.0596747916	0.060251602	-0.0145842797	-0.1027301977	0.014016504	0.0754518258	-0.0633237854	0.0522536408	0.0133994902	0.0012904319	-0.0197065854	0.0008973264	0.1799063994	0.0183576547	-0.1065896083	-0.0399207152	-0.0937656572	0.080667798	-0.000250725	-0.0329739271	-0.1571393477	-0.007901284	0.0112651422	0.0570864835	0.0331788441	-0.0206608404	-0.017350803	0.0786491999	-0.0441786897	0.0380203196	-0.0364678257	0.0693775773	0.0687207046	0.0247576959	-0.0289654857	-0.0712696665	-0.0854773608	0.0	0.0538984	0.0211941999999999	0.00290503752256	0.0004491941136399	-0.253445	0.080623	0.006500068129	0.0642343680249999	0.70725	0.007372	0.5002025625000001	5.4346384000000666e-05	-0.00399205	0.00010728	1.59364632025e-05	1.1508998400000085e-08	0.00146598	0.0009215709999999	2.1490973604e-06	8.492931080409998e-07	0.000842312	0.000192662	3.7118646244000006e-08	7.09489505344e-07	0.0	0.0	0.0	0.0	0.0	0.0	0.0	0.0	0.0	0.0	0.0	0.0	0.0
3631.039502288539	-4.492924880524697	13184447.867179802	20.186373982037864	8210.249419484058	9.43759044455328	89.06811339912338	67408195.53013831	3582.291384241264	5.985085974381946	35.82125412074348	12832811.561609192	3688.8673454057102	6138.861870662145	0.936421	41.307396	0.1699556500000001	0.0821545	0.0207392315	-0.0126564016	-0.0272002413	-0.0210885571	-2.58011e-05	0.0340693552	-0.0206577884	-0.0042444127	-0.0861002269	-0.028973729	-0.0424903158	-0.0324456931	-0.0524168497	0.0434037858	-0.0282055163	-0.0688897876	0.060921798	0.0069748743	0.040506978	0.0338384204	-0.0643032922	-0.0363223005	-0.0074216418	-0.0497227219	0.0257824453	-0.0473622507	0.0198632771	0.0831557133	0.0341302525	-0.170649361	0.0538639792	-0.0651102098	0.0605034845	-0.0661875433	0.0433214601	-0.00089083	-0.0133806161	0.0060249527	-0.0582708642	-0.0532227581	-0.0059173505	-0.076510385	0.1409173857	-0.0193621187	0.0767751786	0.1140492571	-0.0043869758	0.0572104985	-0.0153030129	-0.0195324246	-0.0897408684	-0.0456001054	-0.0533005074	0.0820933084	-0.0712303117	-0.0066532812	0.0579367971	-0.016627189	-0.0739143153	-0.0076020011	0.039499219	-0.0214406137	-0.0865944465	-0.0571939284	0.0731908111	0.0072400208	-0.0177204274	-0.0096505863	0.0875183372	-0.1035362773	0.0382105811	-0.0339508733	-0.048891919	-0.0389621946	-0.0806369856	0.0692360081	0.0794791564	0.0725120501	0.0486449864	0.0376508477	0.0320000696	0.0625450771	0.0082923537	-0.0459189798	0.0537783226	-0.0228889661	-0.0448503926	-0.0001005162	0.042189441	-0.0619758563	0.0585192255	-0.0124786385	0.0198082211	0.0284426771	-0.0680508952	-0.0297660397	0.0111140688	-0.0228761772	-0.0390330624	-0.0293081481	-0.0051655323	0.0683197604	-0.0521491746	-0.0371735353	-0.0200100614	-0.0160672329	0.1653353657	0.0957213087	-0.1406779586	-0.0278897834	-0.0029488162	0.0165773646	-0.0256417021	-0.038324039	0.0107896057	-0.0543110748	-0.0337824404	0.0187158545	-0.0814109547	0.042695189	0.1482849883	-0.0357491909	0.0541256939	0.0371144571	0.0391697081	-0.0233600146	0.0383781716	0.0941641385	0.0286225073	-0.0120267262	-0.0665881387	0.0127820097	-0.0618366222	0.0712235259	-0.0185794968	-0.0220637592	-0.0592369605	0.0442496301	0.0877654941	0.0602305023	0.0227437888	-0.0430728758	0.0261972431	0.0485950095	0.1255459098	-0.0879094705	0.0243543623	-0.0618465156	-0.0011176923	0.108521433	-0.0184455786	-0.0129484936	-0.0207648666	0.0277463483	0.0566931176	0.0454564756	-0.0567047518	-0.0012368201	-0.0815711581	-0.0340299903	0.0681289976	0.0228655838	-0.0317282239	-0.0733752016	-0.0850811316	0.0	0.0270382	-0.0268602	0.0007310642592399	0.00072147034404	-0.30864	-0.055195	0.003046488025	0.0952586496	0.680348	-0.026902	0.4628734011039999	0.000723717604	-0.00402515	-3.310000000000032e-05	1.62018325225e-05	1.095610000000021e-09	0.000471773	-0.000994207	2.2256976352900003e-07	9.88447558849e-07	0.00064965	-0.000192662	3.7118646244000006e-08	4.220451225e-07	0.0	0.0	0.0	0.0	0.0	0.0	0.0	0.0	0.0	0.0	0.0	0.0	0.0
3632.222394110672	1.182891822133115	13193039.520279065	1.3992330628694012	8185.545049059991	-24.704370424067747	610.3059180495533	67003147.750190526	3576.971011207217	-5.320373034046952	28.30636922141397	12794721.61501678	3683.1585129957934	6094.948403887068	0.937223	41.342766	0.1799478000000001	0.0819436999999999	0.0098289845	0.0126117277	-0.0045063288	0.0357821457	-0.0397172714	0.0111840759	-0.0302587826	-0.0091559979	-0.0662180133	-0.004724141	0.0442003804	0.0073761179	-0.0007139447	-0.0224914961	0.0597035981	0.0395439933	-0.0111031055	0.0448466643	-0.060298344	0.1852410279	0.0383699646	0.0689504775	-0.0345708559	0.0130615392	-0.0174013393	0.0271341811	0.0124104909	-0.0525979245	-0.0353821753	-0.0477593069	0.0498310932	-0.1232166811	-0.1008027289	0.047035134	-0.0704024998	-0.0071539978	-0.021154717	0.0089887333	-0.0056282362	-0.0802984614	0.0447424488	-0.0016188094	0.0121083653	0.0574166966	-0.0930992041	-0.0225673224	-0.1360915188	-0.0019220102	-0.0011436117	-0.0320759671	-0.0731624511	-0.0185888483	0.033303223	-0.0258387345	-0.1062407443	-0.0540253505	0.1293945401	-0.0845122965	0.0034289243	0.0217401851	-0.0667581133	0.1421855202	-0.0260982476	0.03115449	-0.0183594799	-0.0233269175	0.0521113486	0.0235575498	0.0198151365	0.0053125514	0.0256881307	0.0439946531	-0.0460708095	-0.0354326523	0.0616434716	-0.0151730537	0.0735905812	-0.0822165116	0.0187363636	0.054508275	0.0640978371	-0.0098168064	0.0453846826	-0.043951676	0.0293417845	-0.0115262144	0.046671039	0.0052610714	-0.0328008749	0.0278574895	0.0112027918	0.0054827754	-0.0248212162	-0.0746119379	0.0461801557	-0.1376482183	0.013085198	-0.1049917563	0.0022338691	0.0195292839	0.0170208174	-0.066896891	0.0444078501	0.0541594407	0.0369945441	0.002476074	0.0379329093	-0.0312273395	-0.0631559156	0.1634426907	0.0104683294	-0.0441293784	-0.0402736586	0.0015579485	-0.0334138254	-0.0004269174	-0.0512842012	0.0072677934	-0.0399305722	-0.0300559882	-0.0879343006	0.0807707333	0.1405016574	-0.0132497932	0.0322371146	-0.0473429589	0.0476994061	0.0916705388	-0.0287178601	0.0639258632	0.0347262662	-0.00326791	-0.1595274981	0.0299763491	0.025093393	0.0532402503	-0.0449804655	-0.1150508909	-0.0400979061	0.0157116951	-0.0883937338	0.0052335735	0.0263964468	0.0093188041	-0.0083078808	-0.0120406375	-0.0020488077	0.0390421937	0.0619741773	0.0115064465	-0.0198672984	0.0484593297	-0.0600625853	-0.1447162298	0.000112982	0.0312738429	-0.0431288349	0.0659796012	-0.0458289214	-0.0434314192	0.0675282686	0.0209613602	-0.0344531511	-0.0753252952	-0.0844033055	0.0	0.0583999	0.0313617	0.0034105483200099	0.0009835562268899	-0.28658	0.02206	0.0004866436	0.0821280964	0.736241	0.055893	0.5420508100810001	0.003124027449	-0.00430011	-0.00027496	1.8490946012100003e-05	7.560300160000016e-08	0.00140986	0.000938087	1.9877052196e-06	8.80007219569e-07	0.000849265	0.000199615	3.9846148225e-08	7.212510402249999e-07	0.0	0.0	0.0	0.0	0.0	0.0	0.0	0.0	0.0	0.0	0.0	0.0	0.0
3629.633802216616	-2.588591894056208	13174241.53819345	6.7008079939735055	8198.358207319036	12.81315825904494	164.17702457133154	67213077.29551539	3576.7727712246	-0.1982399826169967	0.0392990907079871	12793303.456973704	3687.060469071944	6142.455897504203	0.965445	42.587704	0.17760305	0.0933269	0.0238364222	-0.0176802883	-0.027612216	-0.0187178741	-0.0621491845	0.0494490172	0.0061838398	0.036060125	-0.0376098424	-0.0277260598	-0.0052603651	0.021423666	-0.044875532	0.0650202261	-0.0270747877	-0.0005344065	-0.0140396646	0.0420919059	0.0462317244	-0.0115883042	-0.0410985675	0.0250676159	0.0467288356	-0.1340725856	-0.0190951322	0.0465165309	-0.0534438994	-0.0993772113	0.0185427161	-0.0199916457	-0.0332709491	0.0673078028	-0.0161197254	-0.0275780589	0.0070734347	-0.036749449	-0.0511748788	-0.0262381535	0.0104730626	-0.0063929908	0.0988876613	0.0568657678	-0.0075328926	0.0209822799	-0.0950911151	0.0469180295	0.0045700914	-0.0162484519	-0.0131617057	-0.0105369664	0.0312843308	0.0205835307	0.0083205789	0.0719722022	0.0490117169	0.0092030916	-0.009922707	0.019639053	-0.084065799	0.0589988258	-0.034666663	-0.0321027254	0.0966896608	0.036888208	-0.072997451	0.0203908197	-0.0354918508	0.0028233764	0.0024943634	-0.0853075202	-0.0516199664	0.0849408676	-0.0467961153	0.1161988546	0.0087127054	-0.0135521975	0.0537630709	-0.0004325577	0.0076826121	-0.0038065422	-0.0821746457	-0.117847119	0.0395316788	-0.018143527	0.0397351777	-0.0305701264	-0.0068255727	0.0190718026	0.0069900419	-0.0762345373	-0.0275303626	0.0284853856	0.0003252378	0.0262766396	0.0102859587	-0.0050522599	-0.031083391	-0.0156818381	-0.1295984904	0.0441760971	-0.1018362504	-0.0296799405	0.0556508413	-0.0318202735	-0.0598209982	0.0655289749	0.0046832832	-0.0263104896	0.0340008967	-0.0594241783	-0.0158048812	0.0026204871	-0.0031465891	0.030895018	-0.0591523449	-0.0562341793	-0.0217939176	0.0796191838	0.0540217632	-0.0370974299	-0.0627553317	-0.0584722333	0.0655499043	-0.0517540785	0.0044539468	0.0189758635	-0.0101021647	-0.0544261869	-0.0086454357	-0.0146286773	-0.0457367059	0.0290068701	0.0188152056	0.0263445695	0.0283537574	0.0419108839	-0.0775678932	0.0571003183	0.0070652149	-0.0452738441	-0.0286043188	0.0787479158	-0.0049685303	-0.0367775029	0.0058939709	0.0026657753	0.1050260829	0.0911400093	0.0902917259	0.0010923585	0.0566702182	-0.017845555	0.0609851903	-0.0235667273	0.0639777032	0.0301867659	0.0508116025	0.0574752416	0.0474724413	0.0642605484	0.0669185973	0.0190460337	-0.0371370197	-0.0771158161	-0.0834461259	0.0	0.0519975	-0.0064023999999999	0.00270374000625	4.099072575999994e-05	-0.352448	-0.0658679999999999	0.0043385934239999	0.1242195927039999	0.697441	-0.0388	0.4864239484809999	0.00150544	-0.00446557	-0.00016546	1.9941315424900003e-05	2.7377011600000028e-08	0.000327023	-0.001082837	1.0694404252900003e-07	1.1725359685689997e-06	0.0007669089999999	-8.235600000009997e-05	6.782510736016467e-09	5.881494142808466e-07	0.0	0.0	0.0	0.0	0.0	0.0	0.0	0.0	0.0	0.0	0.0	0.0	0.0
3633.256596892237	3.622794675621208	13200553.49886096	13.124641261709373	8182.053463813313	-16.3047435057224	265.8446607873968	66945998.88469944	3572.640939095533	-4.131832129066879	17.07203674278934	12763763.279701414	3679.574455225299	6104.49413848877	0.957376	42.231758	0.1221363500000001	0.0587945	0.0158475833	0.0013653237	-0.0180386805	0.0346494163	-0.0224629429	-0.0532555048	-0.0430660871	-0.0478929415	0.0338769118	-0.0157882078	-0.0035978248	0.007873856	-0.0062903695	0.0075161814	-0.0596930458	-0.0112678865	0.0162071801	0.0781281022	-0.0458107344	-0.0095951679	0.1203471901	-0.0014952677	-0.1002824481	-0.0140389807	0.0081703975	-0.022179352	-0.0067407007	-0.0345410667	-0.0162996058	-0.0503642278	0.0692956966	0.0486774898	0.0256687464	-0.0089063665	0.0129212708	0.0273866013	-0.008896288	0.072514987	0.0269986607	0.0058936817	-0.1231644161	-0.0062528891	-0.014314824	0.0078884314	0.084528882	0.096085395	-0.0220796187	0.003340495	-0.1258870942	-0.1034049967	0.0231431675	-0.0302410874	0.1006128654	-0.0109862018	0.1061599793	0.0041718691	-0.0177454674	0.0600651293	0.1444414423	0.0505097018	-0.0213684508	0.0559043484	-0.0661456252	-0.0118871568	0.0043749315	-0.0365570424	-0.0350386228	-0.0193859984	0.0328436876	0.0411086622	0.0445247219	-0.0053704976	-0.1635672354	-0.0454265416	0.0135343113	-0.0240776777	-0.0055080644	0.0047528064	0.0181521226	0.0256541008	0.0497255047	0.0566581823	0.0289528822	-0.0418166546	0.0956823904	-0.017403579	-0.0017098454	-0.0095360119	-4.68783e-05	-0.0125983238	-0.0052983109	0.0070707658	0.049441075	0.0332877929	0.0481181536	-0.1195907269	-0.0480547318	0.089866838	-0.0106321558	-0.0380185131	0.0580371306	-0.0071291997	0.0489381175	0.0289998266	0.0531208103	0.0492755523	0.0529806947	0.0470487104	0.0357227857	-0.0209059855	-0.0149830975	0.0066576136	0.0069674918	-0.0334583171	0.0059032526	0.0815838904	-0.0067929759	-0.0844835456	-0.0210014701	0.0199219582	0.0786514795	-0.0077230893	0.0465475187	0.0537009116	0.0766343492	0.0434164059	0.0477530797	-0.0294650931	-0.1716160122	-0.0229309991	-0.002749906	0.0253905254	0.0457753122	-0.0407698632	0.0219618174	0.0097836333	0.1475412888	-0.0370845597	-0.0510288766	0.1304036519	0.0061922528	-0.029930305	-0.0097482395	-0.0181871834	0.1007251063	-0.0509087622	-0.0858528856	0.0098018327	0.0900749516	-0.0472799841	0.0522094488	0.0699534084	0.0179914561	0.0180437838	0.0355489631	0.0449726457	-0.0516230095	0.0025893147	-0.0444690866	-0.0937566334	0.0663000642	0.0171206189	-0.0397766315	-0.0787429712	-0.0822127608	0.0	0.0358972	-0.0161003	0.0012886089678399	0.00025921966009	-0.329281	0.0231669999999999	0.0005367098889999	0.108425976961	0.741168	0.043727	0.549330004224	0.001912050529	-0.0043377	0.00012787	1.881564129e-05	1.6350736900000105e-08	0.000864735	0.000537712	7.477666202250001e-07	2.891341949440001e-07	0.00064965	-0.0001172589999999	1.3749673080976552e-08	4.220451225e-07	0.0	0.0	0.0	0.0	0.0	0.0	0.0	0.0	0.0	0.0	0.0	0.0	0.0
3628.170970424827	-5.085626467410293	13163624.59063343	25.863596566024096	8206.030301994451	23.97683818113819	574.8887691644861	67338933.31725115	3567.7211358833	-4.919803212233092	24.204463647099047	12728634.103428423	3675.897163714494	6129.845403695681	0.964384	42.540905	0.0948162499999999	0.0499187	0.0122226955	0.0067145886	-0.0068005687	0.0286662838	-0.0197661613	0.0419623661	0.0550415676	0.0305417791	0.056520297	-0.0011245183	0.0340653117	-0.0208123502	0.0596740776	0.0199798302	-0.0213321781	0.0678607591	-0.0349252739	-0.0500457406	0.0512739435	0.0519286574	-0.0931103207	0.0515421031	0.0088464805	-0.0386420038	-0.0006256711	0.1017049355	0.0042232724	0.0074605785	0.044076852	-0.0143305216	-0.0339784162	-0.0281116475	0.012884051	0.0028780175	0.0828350352	0.0638623455	0.0512171611	-0.0753644862	-0.0072452637	-0.0464776065	-0.1005918254	-0.1009892474	0.0847563198	-0.0500691178	-0.0500609389	-0.0249866397	-0.0318161005	0.0440115904	0.0898664861	-0.0167301451	0.088956084	-0.0120024629	-0.0044016985	0.0543789097	-0.0176817797	0.0544197662	-0.0635598944	0.0199407636	0.0509177215	0.004847686	0.0137948731	0.0450412651	0.0314259869	-0.0089908718	-0.0374413514	-0.01160866	-0.0926576137	0.008556857	-0.0101166222	0.0479140589	0.0377196734	-0.0008870547	0.0127531358	-0.0627782145	-0.0181410709	0.0101386337	-0.0629112083	-0.0782443122	0.1554856261	0.0474793643	0.0680677366	0.0525664945	0.0127593728	0.0304442602	-0.0753796732	-0.0080850512	0.033146973	0.0090375561	0.0201548463	0.0592485645	-0.0448866288	0.0567703373	0.0056370759	-0.001994365	-0.016543849	0.0569936383	0.0024754257	-0.1115103808	-0.075716942	0.0150374984	-0.0024201828	-0.0829188881	-0.0388516617	-0.01243711	-0.0635752263	-0.0197483211	0.0069388748	0.0192638147	-0.006918949	0.0031702326	0.0007215892	0.0812717612	-0.1095762805	0.0145502999	0.0854421894	-0.0219936568	-0.027615598	-0.0117083725	-0.1438591583	0.0632951155	0.0050504888	0.038174657	-0.0052894612	-0.0060715848	0.0065362946	-0.0311513273	-0.1365900912	-0.0459662049	0.0139470982	-0.0551625224	-0.0623980789	-0.0273310489	0.0019028453	-0.0112610552	-0.0113681515	-0.0264758654	0.0144185808	-0.0769775571	0.0044859135	0.0009145133	0.0105091638	-0.003738347	-0.0701376788	-0.0900903109	0.0728355062	-0.0302737158	-0.0262323954	-0.0011159695	-0.0161792636	-0.0622016189	-0.0641170229	0.083297956	0.0595882342	-0.031665357	-0.0877887247	0.0775030913	-0.0534946997	-0.0714559399	0.0497330237	-0.0040780656	0.0656727513	0.0151861356	-0.0423688407	-0.0802033134	-0.0807072924	0.0	0.0527682	0.016871	0.00278448293124	0.000284630641	-0.317155	0.0121259999999999	0.0001470398759999	0.100587294025	0.751557	0.0103889999999999	0.564837924249	0.0001079313209999	-0.00393005	0.0004076499999999	1.54452930025e-05	1.661785224999999e-07	0.00016378	-0.000700955	2.6823888400000003e-08	4.913379120250001e-07	0.00064965	0.0	0.0	4.220451225e-07	0.0	0.0	0.0	0.0	0.0	0.0	0.0	0.0	0.0	0.0	0.0	0.0	0.0
3629.388507576041	1.2175371512139463	13172460.93892504	1.482396714586172	8186.542450249528	-19.48785174492332	379.7763656321108	67019477.289737545	3571.964742726293	4.243606842992904	18.008199037896198	12758932.123279711	3675.979793243169	6089.956576058524	0.999273	44.079952	0.1666501999999999	0.105905	0.0185755729	0.0068182077	-0.0100165657	0.0392073363	-0.0373038348	-0.0568732412	-0.0023040345	-0.1101730778	0.0298097353	-0.0186753448	-0.0687820285	0.0901331617	-0.0605266923	-0.0284048871	-0.0040825473	0.0794862045	0.0589795135	0.0448234421	0.0232304695	0.036667337	0.0143918326	-0.0204566957	0.0238210355	-0.0575510789	-0.0262291047	-0.0236391997	0.0066695557	0.0564311447	-0.1021396935	-0.1437144682	-0.0337501305	-0.1104963711	-0.0681270516	-0.0580549211	0.1314375892	0.0037437152	-0.0107808987	-0.0045128587	0.076808306	0.034574408	0.0200145812	0.0543181779	-0.0157631523	-0.0732810233	0.0230543432	0.0498399748	-0.0202258118	-0.0057514245	0.027544428	-0.036287573	0.0776748153	-0.1240179758	0.0764220123	-0.0140863317	-0.0216407626	0.0538373356	0.0424931623	0.0114226495	-0.0228922225	-0.072784572	0.0617616388	0.0168475816	0.1339989796	0.0773438161	-0.063990475	-0.089407282	0.0710180882	-0.0093130232	0.0351810028	0.0656935967	-0.1249366863	0.0263110889	0.0624341019	-0.071392518	-0.0326268381	-0.0497912776	-0.0601207931	0.0058803698	0.0609425537	-0.0513366057	-0.0095470917	-0.065442374	0.0725568875	-0.0829506091	-0.1025247953	-0.0141940564	-0.0605897827	-0.0566605366	-0.0843178903	-0.0566903801	0.0174334236	0.0102254218	0.0777992622	-0.0645828432	0.0019052189	-0.0209416065	-0.0200850004	0.0070671866	-0.0322549593	0.0386878833	-0.0481381956	-0.0039652019	0.0262035045	0.0052247271	0.0751274919	-0.0864083423	0.1696208645	-0.0283355092	-0.0783415834	0.0682094872	0.0038841885	0.168515783	0.0142572284	0.0215919043	0.0017272229	0.0156521929	-0.0138922625	0.039398343	0.0675649276	0.0599404337	0.0223597487	0.010339359	0.0361458686	0.0042698978	-0.0376218694	0.0428292995	-0.0897265721	0.0155282374	-0.0944450147	-0.1005565591	-0.0090140183	-0.0380491075	-0.0100370513	-0.0143860393	-0.0123217571	-0.1161717104	-0.0493557647	-0.0163960815	-0.0852093877	-0.0075364144	0.0511945824	0.0937077592	0.0934510996	-0.0994918497	-0.0325625123	0.0663775966	-0.0048069017	0.1334539659	-0.1026751365	-0.0146662923	-0.0300650941	0.011956299	-0.0398866138	-0.009990279	-0.0827144698	0.0371223869	0.0612748737	0.0999947578	0.0115743371	-0.0050116193	0.0650367418	0.0132436085	-0.0449105582	-0.081493749	-0.0789347034	0.0	0.0492872	-0.0034809999999999	0.00242922808384	1.2117360999999988e-05	-0.393604	-0.0764489999999999	0.0058444496009999	0.154924108816	0.749017	-0.0025399999999999	0.5610264662890001	6.4515999999999324e-06	-0.00407097	-0.00014092	1.65727967409e-05	1.985844640000003e-08	0.00155916	0.0013953799999999	2.4309799056e-06	1.9470853444e-06	0.000796954	0.000147304	2.1698468416000003e-08	6.35135678116e-07	0.0	0.0	0.0	0.0	0.0	0.0	0.0	0.0	0.0	0.0	0.0	0.0	0.0
3625.705374102203	-3.6831334738376422	13145739.459793596	13.56547218610334	8207.681594848633	21.13914459910484	446.86343438186327	67366037.162417	3568.876778337952	-3.087964388340879	9.53552406366146	12736881.45895988	3674.0664472594926	6105.702111827305	1.038203	45.797192	0.20497775	0.13528	0.007470402	0.0360811948	0.004274561	0.0724005055	-0.0017872324	0.0361632314	0.0660442474	0.0966049251	0.0075676305	0.020555401	0.0795830487	-0.0107404939	-0.0252760369	-0.0308940678	-0.0359238837	-0.0972698298	-0.0365778306	0.0280353544	0.0162682377	0.025796295	-0.0181876126	0.0002540347	0.0912295903	-0.0396222344	0.000837894	-0.0025243758	-0.057719876	-0.0750231164	0.0410139274	0.0500024653	0.0649555797	-0.0621247391	0.014289129	-0.0575218123	-0.008663072	0.0122655374	-0.0283064882	0.0793428522	0.0167108277	-0.0922556117	-0.0258792852	0.0128259382	-0.004350914	-0.0413349879	-0.0152844983	0.0185708765	0.0634320587	0.0616258516	-0.0855286328	0.0437594118	-0.0669139128	-0.1134434273	-0.0444494192	0.0987987976	-0.0029540805	-0.0761391359	0.0224533302	-0.0083422186	-0.0003861989	-0.0659364828	0.0069734874	-0.0770658823	-0.1203668184	-0.0259522376	-0.0946921718	-0.0334267479	0.0098705787	-0.0367298403	-0.0933398044	-0.0273740566	-0.012450461	0.1068427132	0.0887559874	0.0044743199	0.0129244162	-0.0042632199	-0.0558998202	-0.0361213565	0.0597206938	-0.013810782	0.0151991614	-0.0978979865	-0.0586126206	0.0401688129	-0.0154889904	0.0139439864	0.0870541627	-0.0081147939	-0.0095201118	-0.0008431835	0.0744896733	-0.0281458926	-0.0132274988	0.0818372626	0.0016397122	-0.0201057979	0.0149246754	-0.0148600312	-0.0042776078	0.0570486145	-0.0657528109	0.0077365245	0.054661694	-0.0263272859	-0.0067847407	0.0855503475	-0.0581451586	0.0702075264	-0.0822951357	-0.0137888787	0.0122716056	0.0037744258	-0.0012621188	-0.0296408069	-0.0583608533	0.0552070892	-0.1029334616	-0.0200551756	-0.0009710562	0.0557177398	-0.0112877197	-0.0662288448	-0.0169093592	0.0823540465	-0.0042251416	-0.0585828709	0.0671194482	0.0699638294	-0.010792661	-0.0687059569	-0.0830360068	0.0457039508	-0.0001806182	0.0441012253	0.0317382087	-0.0125228737	-0.018579224	0.0937044132	0.005747322	0.007325423	-0.0665324031	-0.1064581536	-0.1104492062	0.0022659808	-0.0874595949	0.0819399355	-0.0061262657	0.0979091202	-0.0062931843	0.0104073492	-0.0779647844	-0.0696519148	-0.0287298443	-0.005628229	-0.12975065	0.044169537	-0.0055206453	-0.0109059986	0.0326611886	0.1275135826	0.0643921198	0.0112940664	-0.0473987549	-0.0826115445	-0.0769008606	0.0	0.0633032	0.014016	0.00400729513024	0.000196448256	-0.269358	0.124246	0.015437068516	0.0725537321639999	0.801173	0.0521559999999999	0.641878175929	0.0027202483359999	-0.00415962	-8.865000000000001e-05	1.73024385444e-05	7.858822500000002e-09	0.00174505	0.0001858899999999	3.0451995025e-06	3.455509209999999e-08	0.0008136089999999	1.6654999999900005e-05	2.773890249966692e-10	6.619596048808373e-07	0.0	0.0	0.0	0.0	0.0	0.0	0.0	0.0	0.0	0.0	0.0	0.0	0.0
3630.543709298421	4.83833519621794	13180847.62512634	23.40948747096129	8174.58546652341	-33.09612832522271	1095.3537101196089	66823847.54949576	3563.8327061444866	-5.044072193465581	25.44266429289268	12700903.557385134	3667.8870650310905	6045.578104596819	1.048231	46.239574	0.29565155	0.143993	0.0180770255	0.0241806348	-0.0117024416	0.0272444115	0.022521544	-0.0712968092	0.0288412637	-0.1052394895	-0.0607205144	0.0006903114	-0.0753310798	0.0247107795	0.0415414203	0.1064857565	-0.041626716	-0.0350396382	-0.0301854962	-0.0257401722	-0.1176443741	-0.027960964	0.1011515455	-0.0268956978	0.0654894946	0.0578464333	-0.0338986524	-0.0352659991	-0.1044756757	0.0328124885	0.0809322402	0.0624013148	0.0386323893	0.0351090878	0.0603854128	0.0319371163	0.0143774879	-0.0075994329	-0.0526280643	0.0431910077	-0.0236214582	-0.0553142468	-0.0520011292	-0.0159426849	0.044260874	0.0794385406	-0.1103139579	-0.0280989608	-0.0049563767	0.0954777847	0.0010375764	0.0504281591	0.0203568653	-0.0216976151	0.0891473894	0.001310264	-0.0258859625	-0.1055629531	0.0379006596	0.0718950026	-0.0667949421	-0.1180044244	-0.053708412	-0.0752890031	0.0008183454	-0.0760588192	-0.0367547206	0.0617729992	-0.0730287595	-0.0578542618	0.0863721793	0.0070556767	0.0433323505	0.0086316091	-0.0447357855	0.1272790844	-0.0787972409	0.0312003411	-0.0249538249	0.0236088656	-0.0042425992	0.0316518494	-0.0575759126	-0.0333542218	-0.091625999	0.0867259442	0.0806973096	-0.0018675264	-0.0687742641	-0.0561269741	0.0104047406	-0.0014486124	-0.0617588271	0.0577169161	-0.0471877723	0.0765048528	0.0332775125	-0.0633783201	0.046509248	0.0592724142	0.1554482121	0.0216436689	-0.0305040806	0.0250475567	-0.0368034627	-0.0803084211	0.013529441	0.069309279	-0.073954848	0.064830281	0.0605814707	-0.0268601693	0.0608642012	0.0188104981	-0.0037243428	-0.0815200863	0.0035530804	-0.0031730866	-0.0539333773	0.0266971051	-0.1033723028	-0.0302998219	-0.0896897349	-0.0280056021	0.0212628517	0.0330704932	0.055869758	-0.0896771813	-0.0371923729	0.0637688491	-0.0629839412	0.0664118573	0.0633741613	-0.0336995547	0.0967874732	0.1217568448	0.002574131	-0.0463449873	0.0085908604	0.0956059723	0.0578864347	-0.0534133707	-0.0660747517	0.0050617383	-0.0227291417	0.0176682286	0.0954377819	0.0697263035	0.0268609577	0.0016242926	0.0193109693	0.0711156377	0.0888529962	-0.0583043796	0.0873384192	0.01707551	0.0052583467	-0.0519035593	0.0213724474	-0.0186429744	-0.0015420155	0.0870730096	0.0637389706	0.0093385422	-0.0498304656	-0.0835543317	-0.0746124954	0.0	0.0423745	-0.0209287	0.00179559825025	0.00043801048369	-0.380188	-0.11083	0.0122832889	0.144542915344	0.749353	-0.0518199999999999	0.561529918609	0.0026853123999999	-0.00352363	0.00063599	1.24159683769e-05	4.044832801000004e-07	0.000303542	-0.001441508	9.2137745764e-08	2.077945314064e-06	0.00064965	-0.0001639589999999	2.688255368096721e-08	4.220451225e-07	0.0	0.0	0.0	0.0	0.0	0.0	0.0	0.0	0.0	0.0	0.0	0.0	0.0
3632.7854982039153	2.2417889054941043	13197130.475960668	5.025617496796454	8202.193797361917	27.608330838506845	762.219931688448	67275983.0894823	3571.512531750308	7.6798256058214065	58.979721335830135	12755701.764449494	3676.000638713268	6093.296341023264	1.00655	44.40094	0.2885620999999999	0.141253	0.006846803	0.0392466334	0.0021983851	0.0713525169	0.0098251106	-0.0101064029	0.0733902547	0.0515919469	-0.0758630829	-0.0019836538	0.0843620408	0.0026806039	0.0607949975	0.0213787736	0.0559806131	0.0226701457	0.0399027326	-0.0367863405	0.0705443645	0.0325981369	0.014042073	0.0237142189	0.0085950986	0.0741393296	-0.0186759237	0.006445169	0.0148901971	-0.0022467786	0.0091519007	-0.0412818058	0.0421734526	-0.0626502191	-0.0137778347	-0.0200546845	-0.0584931081	-0.0508492876	0.06828687	-0.0024770116	0.0614195455	0.0366409411	-0.0325648091	-0.0379255506	0.0769794178	0.0322529129	-0.0142119985	-0.0258334627	0.0219653949	-0.1041387559	0.0296475134	0.0403887345	0.0350479246	-0.0455711774	-0.0756918659	0.0517053039	-0.0639517948	0.0389805422	-0.0900218084	0.0310352621	-0.0051946298	0.0591598758	-0.0722813625	-0.0034919132	-0.0578470792	0.0473995173	0.0219575458	0.154138438	-0.005777348	-0.0296120814	0.0627770135	0.0102728512	-0.0526801711	0.0232973177	0.0404893341	-0.0629995097	0.0161830301	0.0341237723	-0.0381750267	0.0574602533	0.0024787731	-0.0005414166	-0.0711563888	0.0086442319	0.0148234043	-0.1003341146	-0.0300061268	0.001054228	0.0886696508	-0.0367570319	0.014134821	0.0514948426	0.0045358719	0.0284415959	-0.0392171292	-0.0613446758	-0.051432181	0.0150964678	-0.0578506647	-0.0491586687	0.0611523	0.0008562377	0.0174420633	0.0069203374	-0.0351322947	0.0264184823	-0.0017014757	0.019710483	0.0423756679	-0.0004485166	-0.0456165294	0.0537501956	0.0232605545	-0.0491383105	0.0308986306	0.0524585232	0.0495818982	0.063873144	-0.0088612714	0.0646323665	-0.0883125446	-0.0543938861	-0.008534746	-0.0021933893	-0.0144375314	-0.0032258342	-0.0944636393	0.0698273964	-0.0281419335	-0.0393546826	0.0795364609	-0.0650598821	-0.0776853268	-0.0577507985	0.0658380377	-0.0145068509	0.0256562186	0.0724789476	0.0054774632	-0.0241757609	0.0116891661	-0.0101627295	-0.0697014533	0.0055049134	-0.01096883	0.1293158835	0.0862139721	-0.0103081342	0.006344174	0.0379900107	-0.0761313624	0.0151612821	-0.0515315195	0.0209026947	-0.0160961551	0.0676637476	-0.007882962	0.0250789823	0.0730845875	-0.0083782445	-0.013397525	-0.0155814444	0.0630773808	0.0073780714	-0.0522027924	-0.0843201134	-0.0720771819	0.0	0.0638977	0.0215232	0.00408291606529	0.00046324813824	-0.2721	0.108088	0.011683015744	0.07403841	0.8096179999999998	0.0602649999999997	0.6554813059239998	0.0036318702249999	-0.00426593	-0.0007423	1.81981587649e-05	5.510092900000007e-07	0.00153496	0.001231418	2.3561022016e-06	1.516390290724e-06	0.00064965	0.0	0.0	4.220451225e-07	0.0	0.0	0.0	0.0	0.0	0.0	0.0	0.0	0.0	0.0	0.0	0.0	0.0
3627.855679093428	-4.929819110487188	13161336.82833044	24.303116462124684	8167.056532023339	-35.13726533857789	1234.6274154736273	66700812.39726509	3572.2618937374923	0.7493619871843293	0.561543387836847	12761055.037448974	3676.65852257745	6053.905796552385	0.986021	43.495373	0.1452027	0.0878402999999999	0.0144982221	0.023448067	-0.0137211442	0.0478711784	-0.0115242892	-0.0235057449	-0.0140528327	-0.0779674198	-0.0533909224	-0.0093531844	-0.0512230556	0.0112927586	0.070384956	-0.0458644187	-0.0702611855	0.0344530618	-0.0605466484	0.0090590609	0.0172646561	-0.1217448663	-0.016758234	0.0913646096	-0.083059951	0.0478684871	0.0204079501	-0.0425066514	0.0605342194	-0.0158534149	-0.0265898245	0.089842	-0.0882899343	-0.0101065623	-0.0010974158	-0.0880084869	0.0569383705	-0.1895521914	0.0639815754	0.007243034	-0.1017157924	-0.0050998399	-0.0154510848	0.0962627758	0.0419412175	-0.0800864697	-0.0765636644	-0.0720380886	0.0148117054	-0.0584193645	-0.1222300294	-0.003118003	0.0193048184	-0.0171951161	0.0549380878	-0.0879743641	0.0229419514	-0.0408263637	-0.0061837698	-0.065423521	0.065737251	-0.046414495	-0.1085997465	0.0563226712	-0.0222677095	-0.0699858959	0.0244928959	-0.0006988461	-0.1501042576	-0.0101110033	-0.0001874831	0.0290892939	-0.0557467921	0.0118713098	-0.0263905406	0.0013873915	-0.0446831813	-0.0624064674	-0.0585659329	0.0454697672	-0.0987060529	-0.0356423494	-0.0212000624	-0.016092568	-0.0790394035	-0.0422026401	-0.0124508894	-0.0051385798	-0.0389821458	-0.0640896108	-0.0170433916	0.0842215487	0.0174501615	0.0259480308	0.0509289765	0.0654077948	0.0702849655	0.0993401028	-0.0449666863	-0.0225755324	0.014425957	-0.0699145281	0.0977167762	0.0455436779	0.0292329671	0.0452356088	0.0548094434	0.0224129457	-0.0975399331	-0.0841678908	-0.0482374743	-0.0710689087	-0.0210585849	0.0328004077	0.1748223004	-0.016664792	0.1207172352	-0.0950543893	-0.0486094441	0.0719288409	0.01468929	0.0887759186	-0.1095278184	0.0202424055	-0.0216855102	-0.0310247869	-0.015381298	0.022231255	0.1010012522	-0.0453534449	-0.1225729117	0.0003304458	0.0927502034	-0.017971696	-0.0252288667	-0.0452231938	-0.0451777144	0.0101534759	0.0744799655	-0.0553745868	0.0601974482	0.0352798583	-0.0691786665	0.0034290664	-0.0951848351	-0.0136491176	0.0501175522	0.0245718982	0.0419076056	0.0433220396	-0.0473725631	-0.0503314722	0.0597690075	-0.058547519	0.0204486728	0.0973537159	0.0020271267	-0.0979536495	0.0313369091	-0.0004799729	-0.0509726025	-0.0153659589	0.062407438	0.0054136926	-0.0545129082	-0.0849072673	-0.0693033112	0.0	0.0578305	-0.0060672	0.00334436673025	3.681091584000002e-05	-0.353546	-0.081446	0.006633450916	0.124994774116	0.7848319999999999	-0.0247859999999999	0.6159612682239998	0.0006143457959999	-0.00379031	0.00047562	1.4366449896099998e-05	2.262143844000004e-07	0.00171741	0.00018245	2.9494971081e-06	3.3288002500000016e-08	0.00064965	0.0	0.0	4.220451225e-07	0.0	0.0	0.0	0.0	0.0	0.0	0.0	0.0	0.0	0.0	0.0	0.0	0.0
3635.4955000504383	7.639820957010215	13216827.530886987	58.36686425517248	8162.721537669943	-4.334994353395814	18.79217604397359	66630022.90154076	3574.099039913985	1.837146176492752	3.3751060738019367	12774183.947114067	3676.578593543036	6051.779372253418	0.986065	43.497292	0.0731045	0.0418737	-0.0035245391	0.0548370724	0.0130977245	0.1252549038	-0.0646464024	0.0164319379	-0.0220545827	0.0595034045	-0.0450982526	-0.008905857	0.0022124047	0.0484422864	0.0769568658	-0.0486023138	-0.0129898299	0.0262395831	0.0165798152	0.0130069263	0.0068342556	0.0451588902	0.0312568779	-0.070372727	0.0866956805	0.0057850403	0.111162652	-0.1034386021	-0.0168988568	-0.0485550678	-0.0819575336	0.1377990182	-0.0084414075	0.0671797329	-0.0479169015	-0.0316888856	-0.1406785755	0.1027913761	0.0181797186	0.0968216905	-0.0441312021	0.0404411736	0.0387119266	-0.0230673129	0.0386261698	-0.0900060553	-0.0187831598	0.0710908291	-0.0259403662	-0.0094935764	-0.0285552427	-0.0011785202	-0.007136225	-0.0115039871	-0.0169105178	-0.0618721951	0.0176090822	-0.0525314449	-0.0944649585	-0.1279659221	0.0365460958	0.0394557107	-0.032697102	-0.0385292951	0.0953194154	0.0172307577	0.0235203127	-0.0584245881	0.0177318351	0.052747187	0.057572629	-0.0151900145	0.0743450626	0.0848596365	-0.0928611059	-0.0662606767	-0.052169839	0.0501015234	0.0196880616	0.0415456756	0.0139016886	0.0395908728	-0.1283405076	0.0596930289	-0.1239093502	0.0043004272	-0.0167276063	0.006787529	0.0222495713	-0.1045698335	-0.0344786365	0.0853937702	0.086526494	0.0465738809	0.0378945964	-0.0432933088	-0.0299066927	-0.0114736466	0.040041275	0.013432636	0.0754652488	0.1053260732	0.0274526288	0.1001882153	0.1352741305	-0.030286913	0.0592756617	-0.0156908751	-0.1214268846	-0.0797497694	-0.0022164843	-0.049187584	-0.0434627721	-0.1064239187	-0.0893898053	-0.0513423934	-0.0445960195	0.0534520903	0.0690082793	0.0159566205	0.0026378466	0.0838481404	0.0335282716	-0.0624489112	0.0789361541	0.0059717368	-0.0172390049	0.0156937568	0.0057738061	-0.0069767341	-0.0071898226	0.0310181455	-8.06059e-05	0.0077623914	-0.0348742323	-0.160908187	0.0008681313	0.0369805801	0.0353659229	-0.0197995305	0.1023275017	0.0035246173	0.066160315	0.1215019196	0.0099697474	-0.0348700925	0.0290581605	0.023106115	-0.0117606031	0.0289643622	0.1000347129	0.0669767574	-0.0394716676	0.0375814725	0.0041689286	0.0597395152	0.0686336691	-0.0244871231	0.081618673	-0.1156617193	-0.0843336486	0.0814215482	0.0617292309	0.0034464463	-0.0567580599	-0.0853145497	-0.0663000642	0.0	0.0559085	-0.001922	0.00312576037225	3.694084e-06	-0.332665	0.020881	0.000436016161	0.1106660022249999	0.8116999999999999	0.026868	0.6588568899999998	0.000721889424	-0.00420765	-0.00041734	1.7704318522500004e-05	1.741726756000004e-07	0.00176874	5.133000000000004e-05	3.1284411876e-06	2.6347689000000038e-09	0.00064965	0.0	0.0	4.220451225e-07	0.0	0.0	0.0	0.0	0.0	0.0	0.0	0.0	0.0	0.0	0.0	0.0	0.0
3643.711652052045	8.216152001606588	13276634.60329984	67.50515371350394	8183.411280456202	20.68974278625865	428.0654565615418	66968220.18509781	3578.0841499416306	3.9851100276455327	15.88110193244098	12802686.18406352	3682.181900862809	6087.226561628069	0.98738	43.555328	0.11513055	0.0662236	0.0142086534	0.0083701912	-0.0129945561	0.0412204381	-0.0174865572	-0.0744171438	-0.0283494458	-0.0296895115	-0.0082466959	-0.0253675515	-0.0332288494	0.0123554742	-0.0175802998	-0.0826376277	-0.0388977579	-0.0583952207	-0.0109923629	-0.0270755819	-0.0297738482	0.0167438976	-0.0601986402	-0.0111855544	0.0731732048	0.0549025434	-0.0041076222	-0.04877601	-0.0342878682	-0.0528240393	0.1129237523	-0.1378978309	0.0769450199	-0.0266067882	-0.0456490737	0.0445531321	-0.0329482926	-0.0625565321	-0.0014694791	-0.0125724658	0.050397459	-0.0592825247	-0.0514918633	0.0615181625	-0.0589970436	-0.0471030014	-0.0001551697	-0.0061500032	0.0894870927	-0.067996675	-0.0018922679	0.0717311324	-0.0354463946	0.0239705147	0.0387601221	-0.0949511412	0.020835774	0.0097404369	-0.0084392068	-0.0723618145	0.0391154204	-0.0886226059	0.0519869542	0.0588284172	0.05023015	0.0542509418	0.0043436909	-0.0100962197	-0.0155490309	0.0343631635	0.0619003306	-0.1380563905	0.0428657928	-0.0088995788	-0.0947965565	0.0140495334	-0.0609321792	-0.0566185446	0.0144646738	0.0290928724	-0.0062783344	0.0245389362	0.0034387524	0.0575441674	0.0436060065	0.0140052468	0.0662151416	-0.012430759	-0.0237987517	-0.0457498577	-0.0286776809	0.0192365359	0.0783938676	-0.0442756267	0.0021771024	0.052694709	-0.0534177996	0.0218733352	0.081111571	-0.0350093262	0.0493904725	0.0199972474	-0.0259059139	0.0179160327	0.0135203641	0.0073947446	-0.0227961589	0.1414303513	0.1287113293	0.0132910411	0.0363054591	0.0825561173	0.0817847236	-0.0268021633	0.0204156554	0.0346864647	0.0055746955	0.0206800666	-0.1132006509	-0.0539683129	0.0601270273	0.0379608334	-0.0393254666	-0.0513059228	-0.070589422	-0.0280457033	-0.044235811	0.0390997598	0.0719487188	0.0300943896	-0.0221533673	0.0447325822	0.0500084303	-0.0340781191	-0.0574796696	-0.0889798259	-0.0773772473	-0.0986213332	0.0138759992	-0.0383777903	-0.0506145582	-0.0290510722	0.0306151013	0.0503048965	0.0129699463	-0.0209610502	0.0775686742	-0.0672061592	0.0584828965	-0.0263758944	0.0926340867	0.0359765877	0.0052886788	-0.0403021834	0.0462363009	0.0129596014	0.0452760802	0.019459772	-0.0115976134	0.0344752838	-0.062025906	-0.0791942994	0.0610428493	0.0014773745	-0.0589355719	-0.0855410976	-0.0630773808	0.0	0.0411223	-0.0147862	0.00169104355729	0.00021863171044	-0.338347	-0.005682	3.228512400000023e-05	0.114478692409	0.7520299999999999	-0.05967	0.5655491208999998	0.0035605089	-0.0039846	0.00022305	1.5877037159999996e-05	4.97513025000003e-08	0.00139149	-0.00037725	1.9362444201e-06	1.423175625e-07	0.000550103	-9.954699999999996e-05	9.909605208999992e-09	3.026133106090001e-07	0.0	0.0	0.0	0.0	0.0	0.0	0.0	0.0	0.0	0.0	0.0	0.0	0.0
3645.093210603593	1.381558551548096	13286704.51398841	1.9087040313556731	8170.243139256312	-13.16814119988976	173.39994266023413	66752872.95456484	3579.472283223972	1.3881332823416417	1.9269140095445796	12812621.826368636	3683.05728796176	6091.910980181013	0.920791	40.61795	0.1327288	0.0695655	0.0075451303	0.0321583853	0.0043551364	0.1079595934	-0.0389656864	-0.0729058764	-0.015685418	0.0242412275	-0.0098250921	-0.0122315693	0.0147885854	0.046065817	-0.0058054475	-0.0602306614	0.0522383288	-0.079332835	-0.0182269396	0.012948919	0.1381509738	0.0301734299	-0.10955335	0.0535626497	-0.0169905154	0.0575089583	-0.0477251584	-0.0025369387	-0.0480255511	-0.0831503813	-0.0491199388	0.1223953659	0.0317984203	0.0822083688	-0.0171404941	0.0057067493	-0.0199898602	-0.0136668106	-0.0163679114	-0.0612000789	-0.0784455548	0.0975726501	0.0438045879	0.0090723259	-0.0188615515	-0.0552437517	-0.0683631173	-0.0493238796	0.1405245676	-0.0225699493	0.0624793711	0.050241606	-0.0474154696	0.0266626034	-0.0136871249	-0.0336989659	0.0222999121	-0.0106028067	-0.0247171423	-0.1138506397	0.0580122434	0.0113413062	0.0064558906	-0.0047539358	-0.0084272821	-0.0176407983	0.1375814639	-0.0118376396	0.0192925204	0.0532326421	-0.0125181976	0.0838323097	-0.03970413	-0.0101699988	-0.0086175669	-0.0953449822	0.0193106648	-0.0095900467	0.0369662992	-0.1340501705	-0.0100983876	-0.1308705105	0.0298782814	-0.0673695351	-0.0110608433	0.0740001114	-0.0335090762	-0.0060399761	0.0286563544	-0.078628696	-0.0411212013	0.0067984745	0.1358303063	-0.0280088972	-0.0581742138	-0.00410283	-0.0604676546	0.0723336011	-0.0534339556	-0.1028041158	-0.0354458902	-0.059407149	-0.0422062173	-0.0083439452	0.0637106694	0.0410189284	0.0402220919	0.0287277809	-0.1199503382	0.0095176687	0.113008517	-0.0201518699	-0.0028650774	-0.0301413803	0.0243168864	0.040820251	-0.0197208085	-0.080696505	0.0921078875	0.0123925343	0.0169704821	0.019226091	-0.0696596382	-0.0878359352	-0.1059250875	-0.114198912	-0.0274927843	0.0025793543	0.0131269647	0.0174834316	0.0420342812	0.0188992438	0.006012483	0.0265159987	-0.0761247235	-0.0795608109	-0.014117152	-0.0071976773	0.03496753	-0.0815575327	0.1101202872	0.0156023181	0.0647729099	0.0276305178	-0.0205376036	0.0767025103	-0.024800188	0.0119445731	-0.0700037486	0.0109448258	-0.0249786397	-0.0469381621	-0.0118807757	0.0360581668	-0.1419067361	-0.114796941	-0.058220235	-0.0404213023	0.0296043588	0.0149214323	0.0834881575	-0.0287376248	0.0603483841	-0.0004924799	-0.0610428493	-0.0855864312	-0.0596459273	0.0	0.0465331	0.0054108	0.00216532939561	2.9276756640000003e-05	-0.308703	0.029644	0.000878766736	0.095297542209	0.809165	0.0571350000000001	0.654747997225	0.003264408225	-0.00420563	-0.00022103	1.7687323696900002e-05	4.885426090000023e-08	0.00174399	0.0003524999999999	3.0415011201e-06	1.2425624999999998e-07	0.0007873529999999	0.0002372499999998	5.628756249995254e-08	6.199247466088425e-07	0.0	0.0	0.0	0.0	0.0	0.0	0.0	0.0	0.0	0.0	0.0	0.0	0.0
3641.341444126117	-3.75176647747594	13259367.512710476	14.07575170151222	8195.372119293026	25.128980036713983	631.46563768557	67164124.17368546	3577.6843576415613	-1.787925582410935	3.1966778882394813	12799825.362913111	3682.843861722122	6125.177793786185	0.930521	41.047165	0.1763751	0.086137	0.0199046167	-0.0034049477	-0.0221631856	0.0291900598	-0.0373862494	-0.1039533277	0.0332257619	-0.0532440042	0.0273608023	-0.0082278166	-0.0465852361	0.0389647391	-0.0044931322	-0.0289300587	-0.1150736866	-0.0047668913	0.042259819	0.0766044569	-0.0233619537	-0.0249678128	0.0392770164	-0.0142673784	0.0144622208	0.021652698	-0.0287626977	0.0104600992	0.0012769198	-0.0591606359	-0.0659216389	0.0585387777	0.055558456	0.1235759061	0.0853980981	0.0706512723	0.0606761851	0.0226913475	0.0092899063	0.0978531943	0.0130618279	-0.0302443099	0.0054003984	0.0585616106	0.0418485654	0.0206451108	-0.053390384	0.1406704257	0.0254598074	0.021061838	0.0681489163	-0.0490753567	0.0194543333	-0.1046334529	0.0734444758	-0.0217101565	-0.0933416207	0.1390035267	0.0163249746	-0.0223741706	-0.0578669096	0.0739589865	0.0450399305	0.0355370108	0.0245637793	-0.0568199488	-0.0340657326	-0.0308976243	0.1031832758	0.0965390971	-0.0633399432	0.0872969041	0.0803073476	-0.0107924441	-0.0647508517	-0.0700148641	-0.0158543524	-0.0153354509	-0.0774307389	0.0060137503	0.0364172929	0.0514593481	-0.0256606456	0.1189848653	0.0530735965	-0.1399912232	-0.0842830276	-0.0074403706	-0.0353575985	-0.0371674975	-0.0218520188	-0.0087497561	0.0202651975	-0.0089799933	0.1195799003	0.0534159783	0.0202334177	-0.0516774128	-0.0133252768	0.0534678265	0.0328236305	-0.0062513975	-0.0268143167	-0.0218446071	0.0680825396	0.0556979445	0.0252179998	-0.0097650342	-0.0461812619	0.1015489693	0.1310754212	-0.1031616289	-0.0166244127	-0.0047538994	-0.0131027783	-0.0922846281	0.0157748698	0.054940911	-0.0600262818	0.0474976181	0.0550107392	-0.01700905	0.0429883207	-0.0604838156	0.0831049263	-0.0285744526	0.0376688813	0.0364021816	-0.1116534993	0.0616572574	-0.069656792	-0.0947138245	-0.0297273309	-0.1445068624	-0.0815118669	0.0092326869	-0.0198280444	0.0105102049	-0.0602760769	-0.0583145728	0.0624628556	0.017407209	0.0072693303	0.0022612383	0.1130119513	-0.0827984766	-0.0631375318	-0.070915415	-0.1586763094	-0.004070543	0.0422965216	0.0025670712	-0.0622036456	0.0785066279	0.0619212262	0.0198273087	-0.0412950936	0.0321732134	0.0162603335	-0.0245915672	-0.1113622023	-0.1104323021	0.0596459273	-0.0024620734	-0.0630773808	-0.0854504545	-0.056017061	0.0	0.0359836	-0.0105495	0.0012948194689599	0.00011129195025	-0.370058	-0.0613549999999999	0.0037644360249999	0.136942923364	0.7615389999999999	-0.0476260000000001	0.5799416485209998	0.002268235876	-0.00400434	0.0002012899999999	1.6034738835600003e-05	4.051766409999992e-08	0.000963227	-0.000780763	9.27806253529e-07	6.09590862169e-07	0.000942192	0.0001548390000001	2.3975115921030968e-08	8.87725764864e-07	0.0	0.0	0.0	0.0	0.0	0.0	0.0	0.0	0.0	0.0	0.0	0.0	0.0
3637.121408631652	-4.2200354944652645	13228652.14112669	17.80869957454669	8190.786270738314	-4.585848554712356	21.03000696675741	67088979.73291525	3576.129617224381	-1.5547404171802557	2.417217764813835	12788703.039189398	3680.049333078333	6117.160693097796	0.957987	42.258728	0.18689575	0.10265	0.007660033	0.0298731797	0.0067167331	0.1088486953	-0.0125399875	-0.0368791713	0.0099065151	0.0399839678	0.1040520407	-0.0315455496	0.0409688305	-0.0225899713	-0.0575853303	-0.0704176698	-0.041010001	-0.0139667431	0.0689244389	-0.0163416522	0.0681826586	-0.0573295851	-0.0221186239	-0.0392112751	-0.1023079013	-0.0271565902	-0.0656896831	-0.0410861281	-0.0910466737	0.0102915698	-0.0782461246	-0.0688612471	-0.0227549742	-0.0041927905	-0.0101451688	-0.1596173651	-0.0155173137	0.0250425853	-0.0268590484	0.0924690245	-0.0526007936	0.0027371993	-0.0406093007	-0.0212832317	0.1209323692	0.0049550002	-0.053960998	-0.059890032	0.0382515215	0.0128222357	-0.0628986499	-0.0977361696	-0.056815456	0.0411848409	0.0233425379	-0.0223364839	0.0788696714	0.011612398	-0.0410355594	0.0166556427	0.0544913579	-0.0385549541	0.025314497	-0.0246796137	0.0437379935	-0.0086776062	-0.0557242593	-0.0455846238	-0.0003734093	-0.0408605103	0.0171032944	-0.0804990012	-0.0133798324	-0.0162582221	0.0104260232	-0.0134371336	-0.0146034324	0.0869007495	-0.006262442	0.0066498896	0.019090547	0.0330496861	0.0537681138	-0.0115418268	-0.0233594218	0.0903655863	-0.0151252068	-0.0201603629	0.0475133763	-0.0127581971	-0.0195387854	-0.0095986327	0.1061505339	-0.0340926326	0.0732487845	0.0006206744	-0.0803636136	0.02909417	-0.0484066869	0.0402674269	-0.0298880975	-0.1255036709	-0.0326767754	0.0210029633	0.0270065891	-0.056706256	0.1119667081	0.0367853134	0.0684666032	-0.0600440546	-0.0980069485	-0.0823791385	-0.0340006089	0.0362347032	0.0017085058	-0.067756887	-0.0241154171	0.0185146791	0.0422701134	0.0533316676	-0.1214433533	0.0059454437	-0.0365998179	-0.0116772634	-0.0169915348	-0.0497363089	0.1047040962	0.0150755839	0.062065222	-0.0327394274	-0.060000631	0.0026373249	-0.0136514526	0.0342836352	0.0292596531	-0.0632337956	-0.0506622308	-0.0200620995	0.0610066055	0.0785049935	-0.0572476797	-0.0232425846	0.069673771	-0.0156328073	0.0058141275	-0.0996466679	0.0432983804	-0.018649962	0.044123079	-6.45999e-05	-0.0359914294	0.0559111312	-0.0161018966	0.0274486985	0.0032928752	0.0295805466	-0.0031035392	0.0482210285	-0.0453264561	-0.0184345246	0.1043676927	0.0023556026	0.0589355719	-0.0044303628	-0.0650367418	-0.0851334554	-0.0522027924	0.0	0.0466001	0.0106165	0.0021715693200099	0.00011271007225	-0.297392	0.072666	0.005280347556	0.088442001664	0.832237	0.0706980000000001	0.692618424169	0.004998207204	-0.00390058	0.00010376	1.52145243364e-05	1.07661376000001e-08	0.00141608	0.0004528529999999	2.0052825664e-06	2.05075839609e-07	0.0008405	-0.000101692	1.0341262864000004e-08	7.0644025e-07	0.0	0.0	0.0	0.0	0.0	0.0	0.0	0.0	0.0	0.0	0.0	0.0	0.0
3630.7855552368633	-6.335853394788501	13182603.748116655	40.14303824025297	8219.666042903282	28.879772164968017	834.0412403004615	67562909.8568573	3573.079757013932	-3.049860210448969	9.30164730327983	12766898.94998274	3679.9232714307177	6139.06842766898	0.968648	42.729019	0.1640588000000001	0.101358	0.0139869788	0.0049597427	-0.0079295857	0.0002465624	0.0050156022	-0.0441826699	0.0736778889	-0.0619385858	0.0234720384	-0.0013803486	0.0015922839	0.0035063154	-0.0042005407	0.0033261295	0.0633386124	0.013378743	0.0357728385	0.0236684467	0.0454331723	0.0372773285	-0.0626347258	0.0025915356	0.0765688641	0.0790886438	-0.0302256512	0.1620532207	-0.0039230587	0.0365917474	0.0666739218	0.0277116676	0.0253097114	-0.0072103522	-0.0487134705	-0.009891374	-0.0216858735	0.0661842693	0.0508774412	0.0780697557	0.0687099659	-0.1101922128	-0.020238242	0.0262658212	-0.0607391773	-0.0395963742	-0.0129301355	-0.0867113114	-0.085473339	0.0167585461	-0.0947668717	0.005661429	0.0245273049	0.0247628694	-0.0828943621	0.0542880612	0.0725002963	-0.0691791192	-0.1096104988	0.1014981539	-0.0267609919	0.0563799668	0.0402364739	-0.0319782745	-0.0301314936	-0.0396234617	-0.0666760705	0.0085171423	-0.0043165372	-0.0706189734	0.0222333978	-0.0214580742	-0.0165538806	-0.0491556599	0.0028894313	-0.0348659999	-0.024062859	-0.0260132462	0.0530918394	0.0038629631	-0.0241963286	-0.0110021908	-0.0237543052	0.0646396784	0.05400952	0.0560186446	0.0408507956	0.0041054926	0.0031563831	-0.0227614354	-0.0016497334	-0.0136332611	0.0617007337	-0.0030393196	-0.0115400107	-0.0707259289	-0.0126956095	0.0424643063	-0.011211382	-0.0681192662	0.056341109	0.0117256601	-0.0382943813	-0.1250335517	-0.1049007611	-0.0028547924	-0.0594008955	0.0085483289	-0.0426032873	0.0060439571	-0.0155249918	0.0378664133	-0.0399368552	-0.0231630115	-0.0838726234	-0.0343524385	-0.0354828754	0.1146882483	-0.0891012311	-0.0258620987	0.0343535197	0.0347610229	-0.093785678	0.0743822253	-0.0042826988	0.0683800987	-0.0157932593	-0.0433392194	0.045261112	-0.0965720634	0.0548082175	-0.0212033729	-0.0486854875	0.0721884129	0.1021274355	-0.050985195	0.1049999285	0.0058162449	0.0007417301	0.1056202594	0.0230319102	0.0349870473	-0.0100246367	-0.0528101576	-0.00054591	-0.0591091398	0.0746965258	-0.0491065308	-0.0118233339	0.0144353487	-0.0286876344	-0.0513903208	0.0002616649	-0.0143678353	0.0078798705	-0.0199556089	0.0605090162	-0.0022470779	0.0127541676	-0.0338281245	0.0387388388	-0.0198282636	0.058217412	-0.0063963055	-0.0669185973	-0.0846361055	-0.0482157459	0.0	0.0385329	-0.0080671999999999	0.00148478438241	6.507971583999994e-05	-0.382487	-0.085095	0.007241159025	0.146296305169	0.7793639999999998	-0.0528730000000001	0.6074082444959997	0.002795554129	-0.00398564	-8.506000000000052e-05	1.5885326209600003e-05	7.235203600000088e-09	0.00160633	0.00019025	2.5802960689e-06	3.619506250000004e-08	0.000925662	8.516199999999995e-05	7.252566243999992e-09	8.568501382439999e-07	0.0	0.0	0.0	0.0	0.0	0.0	0.0	0.0	0.0	0.0	0.0	0.0	0.0
3627.371014387081	-3.4145408497824974	13157820.476015558	11.65908921483338	8166.745650648405	-52.92039225487679	2800.567916410023	66695734.52238464	3567.8612499518936	-5.218507062038498	27.23281595654567	12729633.89890829	3672.81991869389	6080.903595057896	0.95777	42.249165	0.2126732000000001	0.120376	0.0059244319	0.0507441934	0.0076196802	0.1005454989	0.0121670427	0.0399815913	0.019180859	-0.004389226	-0.0486461466	0.0040301222	0.0162400514	0.0210678102	0.024422299	-0.0104500868	0.0351527121	-0.0143541106	0.0157684258	-0.0556899087	-0.0470277149	-0.017688893	0.0909038289	-0.0333317226	-0.081904554	0.120710372	0.0344490777	0.0068618878	-0.059441767	0.0123530104	-0.0715011035	0.0198116516	0.0317499433	-0.0265965583	0.0066635053	-0.0079007255	-0.0156515474	0.0805005462	-0.0070557929	0.0753679258	-0.0600319901	0.011278484	-0.0821533078	0.0157344836	-0.0906599744	0.1278708634	-0.0447857764	-0.0456058558	-0.0822447363	0.0028669028	-0.0542941493	-0.0768729836	0.0246582097	0.0491636595	-0.0280817966	-0.0134778908	0.0179651292	0.0793423579	-0.1180505348	0.007288969	-0.0023494102	0.0761277052	-0.0490735124	-0.0312357686	0.0297957878	0.015225307	-0.0314053584	0.0343026936	-0.0372920387	-0.0101546247	-0.0043484438	-0.0398714736	0.0382219641	-0.038584514	0.016331447	-0.0735568371	0.0340869195	-0.0560936374	-0.0091565329	-0.0417286337	0.0530972462	0.0343950353	-0.1050221776	-0.2044380348	0.0980498926	0.0099278653	0.1294387789	0.0032073708	0.0303334709	-0.0331095282	-0.046227124	0.0514081426	-0.0017846532	0.0004939672	-0.0340960753	-0.0254786156	-0.0274423781	-0.0360734813	-0.0157243091	0.0619626249	0.1354531818	-0.0958444289	0.0519083309	-0.036793421	0.0449880648	-0.0474794158	0.0487593828	-0.0207150761	-0.0185696169	0.0183560002	-0.0288215035	0.0124238938	-0.0484305273	-0.017821363	-0.0015634854	-0.088284056	-0.0154845073	0.0431568702	0.0566808664	-0.1192592405	-0.0063294218	-0.1001768629	-0.0727182589	0.0599002899	0.0513238689	0.064925021	0.0721498531	0.0108818052	0.0007673206	-0.1074697033	0.012710531	-0.0173367986	0.006977993	-0.0407608337	0.0557568208	-0.0650976807	-0.0404541707	0.1230838609	0.0153702996	0.0155942458	0.0006017374	-0.0262724506	0.0100726647	0.0084834955	-0.014441741	-0.0237867826	0.0564641844	-0.0497932354	0.0016283522	-0.0257359251	0.0246667417	-0.0857031725	-0.0827919519	0.0318436879	0.0307449521	-0.0213562128	-0.0064173618	0.0437217792	0.0959869452	0.1868637804	-0.010116852	0.124511292	0.0574915426	-0.0083588602	-0.0687207046	-0.0839594584	-0.0440691175	0.0	0.0388465	0.0003135999999999	0.0015090505622499	9.834495999999825e-08	-0.326323	0.056164	0.003154394896	0.1064867003289999	0.861201	0.0818370000000001	0.741667162401	0.006697294569	-0.0040936	-0.0001079599999999	1.675756096e-05	1.1655361599999962e-08	0.000416833	-0.0011894969999999	1.73749749889e-07	1.4149031130089997e-06	0.000735947	-0.0001897149999999	3.5991781224999964e-08	5.416179868090001e-07	0.0	0.0	0.0	0.0	0.0	0.0	0.0	0.0	0.0	0.0	0.0	0.0	0.0
3625.1472549139935	-2.2237594730872843	13141692.619810462	4.945106194145437	8190.993114620614	24.247463972208607	587.9395090835544	67092368.2037623	3573.222824221957	5.3615742700635565	28.74647865340756	12767921.35154074	3681.1086684486	6132.570844988141	0.967525	42.679474	0.17009505	0.0861962	0.0118348398	0.0079805056	-0.0083131535	0.0236593207	-0.0582100534	0.0510820348	-0.0276687137	-0.0493639441	-0.0436541737	0.0023642674	-0.0040797039	-0.0031238722	0.056119442	-0.0631892334	0.0070914184	-0.0177371793	0.0287307905	0.0089074507	0.0610378163	-0.0287711306	-0.0569661085	-0.0466266262	-0.0543965996	0.0025990407	0.0475820546	0.0458384655	-0.0213257807	-0.0509563725	-0.0062614884	0.0309827281	0.0487506478	0.0432572781	0.0854241398	0.0439443942	0.0224673948	-0.0356356491	-0.0108070006	-0.0033293781	-0.0600777196	-0.0523444177	0.0463652923	-0.0265170762	-0.0025379826	-0.0384804285	-0.0480010383	-0.021925379	-0.027692595	-0.0172591671	0.0231092677	0.0214143969	0.0526622673	0.019103663	-0.0205635814	-0.0081804331	0.0582765884	-0.0205916888	0.003793978	-0.0136748956	0.1150510897	0.1319376851	0.0312135166	-0.0162018311	0.0432692608	0.025901332	0.0193170973	0.0353465826	-0.0114572255	-0.0157549722	-0.0536950466	-0.0405358426	0.0589909424	0.0053238609	0.0310404474	-0.0110605948	0.0913525581	0.0410095507	-0.026148892	0.0232438063	-0.0087696887	0.062053802	0.0644023432	-0.0310527527	0.0109212783	0.087156437	0.0052159376	0.0039958382	-0.0007106341	-0.0138858638	-0.0110114245	0.0717991443	0.0264996998	-0.0379876251	0.0334529197	-0.0137124475	-0.0357475448	0.0418728367	-0.014622944	0.0122492082	-0.0477681406	-0.0651617202	0.0013124597	-0.0259451087	0.0480670207	-0.023419759	-0.0883261161	-0.0354705657	-0.0346551565	0.1010035887	0.0314947426	-0.0486696817	-0.0354398753	-0.0697007533	0.0083736059	-0.0065635477	-0.0115218955	-0.0491962547	-0.0282057175	0.0102534225	-0.016886007	0.0367889612	-0.0360868793	0.0186487374	0.0044924324	-0.0536106229	-0.0086100649	-0.021431518	-0.0159893088	-0.0406925837	0.0124983745	-0.0234661523	0.0307975412	0.0299080194	-0.0087412091	-0.0038675484	0.1008798405	0.0900676174	0.0773164113	-0.0665506653	-0.0353909163	-0.0537700601	0.0747397725	-0.0131227711	-0.0498801038	0.0274427803	-0.0448970873	0.0160721158	0.0335641277	-0.0690487281	0.0590758032	-0.0119076387	-0.042912965	0.0383746172	-0.0139728487	0.0818741977	-0.0041049632	0.0276214239	-0.0677651581	0.0182304922	0.0419167406	0.02042883	0.0567580599	-0.0103169874	-0.0704409161	-0.0831049477	-0.0397766315	0.0	0.0281333	-0.0107131999999999	0.00079148256889	0.0001147726542399	-0.387896	-0.061573	0.003791234329	0.150463306816	0.819677	-0.041524	0.671870384329	0.001724242576	-0.00469943	-0.0006058299999999	2.20846423249e-05	3.670299888999999e-07	0.000850404	0.000433571	7.23186963216e-07	1.87983812041e-07	0.000649651	-8.629600000000003e-05	7.446999616000005e-09	4.2204642180100003e-07	0.0	0.0	0.0	0.0	0.0	0.0	0.0	0.0	0.0	0.0	0.0	0.0	0.0
3621.9946450282687	-3.1526098857248144	13118845.208613452	9.938949091569826	8170.570652540836	-20.422462079777688	417.0769573999576	66758224.78816158	3566.0309858149885	-7.1918384069686	51.722539671948645	12716576.99179262	3674.286462421507	6113.431750531878	0.914219	40.328037	0.08406895	0.0468765	0.0023916107	0.0311893646	0.0076575882	0.0652972267	-0.0383507332	0.0348208009	-0.0470367434	-0.0072063084	-0.0387744305	0.0038554608	0.0245066	0.0056651889	0.0354481258	-0.068347357	0.0619158527	0.0046301411	-0.0655152998	0.0288818284	-0.0465844097	0.0019856949	0.1036004961	-0.0404241285	-0.0983314252	0.0354338486	0.0073359911	0.0045984621	0.0116993852	-0.0337789446	-0.0161143122	-0.0284484067	-0.0125468022	-0.0039588156	-0.013124515	-0.0296895991	-0.0009454067	0.0065108483	0.0044906287	-0.023258392	0.0703119999	0.0487737722	-0.1052447389	-0.0477007961	-0.0181496268	-0.0262141098	-0.017015765	0.0304594306	0.0667661418	0.0517954844	0.0779713489	-0.0549233439	0.0400302078	-0.0423332838	0.1460625364	0.0591521951	0.017385651	0.0443549546	0.0343243742	0.0075199141	0.0268586057	-0.1217165954	0.020737515	0.0288781083	-0.0397977775	0.002315191	0.0585795644	-0.0248810148	0.0703581197	-0.0846822465	0.0696497196	-0.0209730616	-0.0608305854	0.0148468933	-0.052451085	0.0242009301	0.0970565752	-0.0621486079	0.0606851172	0.0002415807	0.0499445623	0.0523691432	-0.0732494114	0.0169208793	-0.1107585013	0.0809823304	-0.0678455502	0.0044925902	0.0435321058	-0.0125263272	-0.0374426356	0.0746413017	0.0357023836	-0.0003761885	-0.0658803974	-0.0423106243	0.0438585921	-0.0589047963	0.0063906653	0.0969745409	0.0088309542	-0.0275353227	0.0727112191	-0.0348373774	0.0370016749	0.0503542281	0.0119343352	0.018646155	0.028045287	-0.0491151901	0.0273615389	0.0181911174	0.0294022646	0.0494976126	0.0242172182	0.0551454982	0.0218768592	0.0521346005	0.0332316207	-0.0437274909	-0.0600175637	0.0149677614	-0.0032602378	-0.0797704444	-0.0463859678	-0.0113510869	0.064593477	0.0109793478	-0.1074806585	0.0480387772	-0.1049587195	-0.0211951012	-0.0736055155	-0.0233777098	0.0045955307	0.0281942724	-0.0818716775	-0.1203190808	0.0377669904	-0.0063671589	-0.085335549	0.0724521427	0.0099494189	-0.0429250761	0.1026935834	0.0768244085	0.0435733744	0.0400558961	0.0536752403	0.0525027477	0.0394368509	-0.0869160386	0.0527141879	0.0192988129	0.0215401079	-0.0032771322	0.0970692008	0.0786186343	0.0492225368	-0.096688014	0.0494930086	0.0903303571	0.056017061	-0.0122696499	-0.0720771819	-0.0820743834	-0.035352495	0.0	0.0369754	0.0088420999999999	0.0013671802051599	7.818273240999998e-05	-0.351218	0.036678	0.001345275684	0.1233540835239999	0.842213	0.022536	0.709322737369	0.000507871296	-0.00440416	0.00029527	1.93966253056e-05	8.718437290000016e-08	0.0008254169999999	-2.498700000010004e-05	6.813132238888349e-07	6.243501690049995e-10	0.000649651	0.0	0.0	4.2204642180100003e-07	0.0	0.0	0.0	0.0	0.0	0.0	0.0	0.0	0.0	0.0	0.0	0.0	0.0
3620.151815949731	-1.8428290785377608	13105499.170524135	3.3960190127043344	8220.642537037087	50.07188449625119	2507.19361700592	67578963.72174355	3575.6202272311807	9.58924141619218	91.9535509380154	12785060.00938476	3687.780261172979	6157.126183580671	0.973769	42.954903	0.1100630999999999	0.0580743	0.022885672	-0.0129984297	-0.0181702603	-0.0072697186	-0.0132074425	0.0347489449	0.0171198835	0.0016661894	0.0527052808	-0.0223535008	0.0437040324	-0.0481950799	-0.0025845338	0.0121288925	0.046947822	-0.0778744864	-0.0507143446	-0.0159174729	0.009719045	-0.0134008838	0.030820812	0.0337770017	-0.041773759	0.0489918653	0.0364631468	0.0956731001	-0.0531256718	0.0574929178	0.0460180756	0.0178612147	0.0674889327	0.0836859926	-0.0801232496	0.0801347295	0.03585182	-0.1104270895	-0.0180002688	0.0028658244	-0.0046199233	0.133987607	-0.070872618	-0.0295891126	-0.0229381289	-0.0172996749	0.0691558228	-0.0194763797	0.0969938384	0.0498847753	-0.0429555696	-0.0738868	0.0648006516	0.0008518861	0.0333297983	-0.0639090832	-0.0120207808	-0.0027439409	-0.0835956105	-0.0466076887	-0.081594269	-0.0068246248	0.0239869711	0.0128020576	-0.0493797665	-0.0051295874	0.0463975613	-0.0079685578	0.0842376672	0.1166572338	0.0004003534	-0.0323812264	-0.0610453442	0.0127104459	-0.0402815424	0.1022394873	0.0751535949	-0.1299288362	-0.0167331494	0.0066275967	0.0858113195	-0.0137932481	-0.0029271122	-0.0439771917	-0.0474486775	-0.0360732069	-0.0425644588	-0.0301850235	0.0382650522	0.0506974925	0.0327078062	0.009152309	0.020621939	-0.0199319767	-0.0912056778	0.0338400888	0.0029296361	0.0026459799	-0.0352243036	0.0200864632	-0.000655751	-0.0151042026	0.0734280437	-0.0940804779	-0.0575949912	-0.0463661753	0.023600491	0.0593510062	-0.009354947	0.0423335682	0.1387347889	0.0801441058	-0.064982464	-0.0204063527	0.1183416	0.010640194	-0.0051909049	-0.0347116494	0.0421881335	-0.0036388205	-0.0021917908	0.0140874577	0.0789238545	-0.0261686195	-0.0994928582	0.0549366022	0.0617108361	0.0474139059	-0.0100182121	-0.0855477521	-0.0291209517	-0.0289825045	0.0136918409	-0.0390630949	0.0282410336	-0.1312891268	-0.0107951012	-0.0962714263	-0.0728472107	-0.007600502	0.07632387	0.0558161621	-0.0834294478	-3.251e-05	0.0967762656	0.0749248311	-0.1201355099	0.0178723978	0.0391164047	-0.0138082901	0.0506971711	-0.0812455969	0.0890668553	-0.0525115109	0.039610636	-0.0380741297	-0.0409060778	0.1040800639	0.0184583583	0.0100708421	-0.0426691375	0.0674273546	0.0552686441	-0.0142158133	-0.0736275519	-0.0808699489	-0.0308113507	0.0	0.0353827	-0.0015926999999999	0.00125193545929	2.536693289999986e-06	-0.314734	0.0364839999999999	0.0013310822559999	0.099057490756	0.799752	-0.0424609999999999	0.639603261504	0.0018029365209999	-0.0045365	-0.0001323399999999	2.057983225e-05	1.751387559999997e-08	0.000367249	-0.0004581679999999	1.34871828001e-07	2.0991791622390842e-07	0.000649651	0.0	0.0	4.2204642180100003e-07	0.0	0.0	0.0	0.0	0.0	0.0	0.0	0.0	0.0	0.0	0.0	0.0	0.0
3617.462287359958	-2.68952858977309	13086033.400471538	7.233564035206826	8177.211393985002	-43.431143052084735	1886.264186810648	66866786.181918144	3567.776899766844	-7.843327464336653	61.517785712817634	12729032.006509911	3677.365891868316	6124.454879313291	0.892042	39.349739	0.096928775	0.0445239	0.0133608074	0.0017377776	-0.0081316209	-0.0260791982	0.0056678758	0.0325511247	-0.0467166153	-0.0376078454	0.0649857959	-0.0034870803	0.0045784338	-0.0221964534	0.0132344125	0.0782114979	0.0447879526	0.0129852587	-0.0625251536	0.0761560302	-0.0006262689	-0.0938664191	0.0846249722	0.0099080886	0.0026402975	-0.062492845	-0.0211806326	0.0338120672	0.0577439293	-0.0141842187	0.0021722001	0.0315703792	-0.0117115894	-0.0481987206	-0.0491436948	0.0406911795	0.0901995333	0.0369255764	0.0431756928	0.0505956026	0.0479712566	0.0300586216	0.0445195394	-0.0224381537	-0.0569971452	-0.0159550336	-0.0912142445	0.00117233	0.0469611487	-0.0275456383	0.0018701071	-0.0656484073	0.0097408746	-0.0175104234	-0.0184025789	-0.0169751557	-0.0430037773	-0.0055097266	-0.1050262218	-0.0724425534	0.0167498851	-0.1442404543	-0.0690038249	0.0800989527	0.0831896951	0.1262175479	-0.0163903422	-0.02670268	-0.0324287983	0.0043179683	-0.0410557013	0.0183918202	0.0019687108	-0.0687255017	-0.0809761264	0.0300678119	0.0254288413	0.02058161	-0.036120315	0.0202931919	0.0795466434	-0.0606147083	-0.0612693039	0.0438198692	0.0535359411	-0.0013629997	0.0370265822	-0.0137236008	0.0022115766	0.0202395976	0.0368473466	-0.0135541378	-0.037179078	0.031345446	-0.0594173312	0.0015701102	0.1194484477	-0.0037432636	-0.0707658211	0.0803129411	-0.0308106225	0.0236061627	-0.0103116664	0.0013947355	0.0119495714	0.0553115339	-0.035233935	-0.0187722131	-0.0513252952	0.0081306643	-0.0129689556	0.0704720704	-0.024677288	0.0764614847	-0.0449315711	-0.0290781722	0.0231239474	0.0408080855	0.0204021133	0.0892804903	0.0206078001	0.0340605245	-0.1053133414	-0.0598873395	0.0055275558	0.0651735644	0.0389178292	0.0987938252	-0.0088359995	0.0015212399	0.0190326198	0.0195145519	-0.0138454839	-0.0270843833	0.0217473946	-0.1074815826	-0.1176532592	-0.0510988944	-0.0342501781	-0.0902888757	-0.0995772327	-0.0594122221	-0.0063296272	0.0820659482	-0.0632105204	-0.0072719403	-0.0327571528	-0.0454406231	0.0036085426	0.0160994426	-0.0034658975	-0.0182206015	0.1108895542	0.0241390152	0.0205823276	0.0336749727	-0.0099956216	0.0514738387	0.0789182228	-0.0190423439	-0.005900314	-0.0045075494	0.0545129082	-0.0161544469	-0.0750901786	-0.0794941956	-0.0261682287	0.0	0.0247051	-0.0106776	0.00061034196601	0.00011401114176	-0.317922	-0.0031879999999999	1.01633439999998e-05	0.1010743980839999	0.7856579999999999	-0.0140940000000001	0.6172584929639998	0.000198640836	-0.00417391	0.0003625899999999	1.7421524688100003e-05	1.314715080999996e-07	-4.69855e-05	-0.0004142345	2.20763721025e-09	1.7159022099025e-07	0.00125221	0.0006025589999999	3.630773484809999e-07	1.5680298840999997e-06	0.0	0.0	0.0	0.0	0.0	0.0	0.0	0.0	0.0	0.0	0.0	0.0	0.0
3611.668911518791	-5.793375841166835	13044152.326431328	33.56320363701553	8199.91517801125	22.703784026247376	515.4618091104855	67238608.92657927	3570.568698926904	2.7917991600597816	7.794142550110502	12748960.833756562	3680.741193690517	6132.251611240932	0.901418	39.763371	0.1122977749999999	0.0542314	0.0208142765	-0.00721734	-0.01648145	-0.0323370802	0.0071639525	0.0591612689	0.0277624279	-0.0230990681	0.0588673132	-0.0094399057	0.0515967306	-0.0313334783	-0.0224163379	0.0270417566	0.0673641394	0.0541339851	-0.0395493929	0.0181314439	-0.0663769298	0.004761663	-0.0353817046	-0.025750966	-0.0847893965	-0.0608697708	0.0439127712	0.0808245823	0.072317462	0.1292318307	0.0229633634	-0.0056535462	-0.0261067245	-0.0801954896	0.0413219439	-0.0005488532	-0.0403965239	-0.0500429569	-0.0071522206	0.1059987101	0.0386834614	-0.0101701578	-0.0785465083	-0.0560223953	-0.0259600066	-0.0137719602	0.0267577511	-0.0681456988	-0.0125773312	-0.0603655158	-0.0689114546	-0.0333730409	-0.0652788312	0.0122738117	-0.0185048426	-0.0232655938	0.0275009295	-0.0733935132	-0.1029080449	-0.1059011091	-0.0151783019	-0.0406650982	0.0315773119	0.0186702245	-0.1282890618	-0.0269861484	-0.1025908453	0.0143940318	0.0057104941	0.0729035607	0.0116396255	0.0518150609	-0.0297129433	0.0009789579	0.056485524	0.0178217606	-0.0429326623	0.0003709961	-0.1003803356	-0.0082013588	0.0644978755	0.0354991707	-0.0361684495	-0.0671224813	0.0031553531	0.034039894	-0.0658606874	-0.0161003561	0.0417491034	0.071313292	0.0139063361	-0.0225457089	-0.0318636428	0.0234175856	-0.0401420631	-0.0682442075	0.0598992557	-0.0080950815	0.0710462455	0.0371107156	-0.0963482074	-0.0196203243	0.0990626963	-0.0482444389	-0.1094991432	-0.0163599433	-0.0128713997	-0.0818173149	0.0193569219	-0.0076033421	-0.0619399206	0.0272760514	0.0307549206	-0.0208549956	0.0817717794	-0.0566742852	-0.0216528624	0.1050109678	-0.0276757854	-0.0235105955	-0.0714777043	0.042384208	-0.0407609157	0.0477571179	-0.0296828327	0.064569489	-0.0293911393	0.0513212787	0.0793493943	-0.0056742964	-0.0069562839	0.0367198973	-0.0351281968	0.0310226667	-0.0151634832	-0.1723341738	-0.0274824313	-0.0352667394	-0.0247728667	0.0710209535	0.0293169145	0.006337831	-0.1249727975	-0.086965784	-0.0308360169	-0.0156286729	-0.020750781	0.0404849289	-0.0432819005	-0.0235868228	-0.0920102821	0.0220854232	-0.0451328846	0.0501636771	0.0732694327	0.0169808411	-0.0667059314	0.0411530642	0.0042995309	0.0296736293	0.0301844872	0.0620483389	0.0537499534	-0.0180845237	-0.0764633189	-0.077950038	-0.0214384965	0.0	0.0258757	0.0011706	0.00066955185049	1.370304360000002e-06	-0.306306	0.0116159999999999	0.0001349314559999	0.093823365636	0.799585	0.0139270000000001	0.6393361722249999	0.000193961329	-0.00473063	-0.00055672	2.23788601969e-05	3.0993715840000013e-07	0.00055955	0.0006065355	3.130962025e-07	3.6788531276025e-07	0.000703782	-0.0005484279999999	3.007732711839999e-07	4.95309103524e-07	0.0	0.0	0.0	0.0	0.0	0.0	0.0	0.0	0.0	0.0	0.0	0.0	0.0
3617.757407022533	6.088495503741797	13088168.6560664	37.06977749908408	8189.671525326521	-10.24365268472866	104.93242032534866	67070719.69274402	3571.0266003037127	0.4579013768088771	0.2096736708834652	12752230.980076691	3679.5254358504217	6082.362661655971	0.929863	41.01812	0.1345791999999999	0.0598432	0.0046547048	0.028632584	0.009491041	0.0225073403	0.0081541754	0.0370243828	0.0210154331	-0.009212474	0.0878432982	-0.0142128624	0.0128324358	0.0749705381	0.0379224695	-0.0034533958	0.0428545971	0.0339998139	0.0206601854	-0.0393051663	0.0207333834	-0.0055652518	-0.0967790013	0.056373041	-0.0481656688	0.0867222074	0.0300222012	0.0145868564	-0.0121873324	-0.0036029059	-0.1082397364	-0.0162055237	-0.0921792828	-0.0983785963	-0.0639704579	0.0263256897	-0.0327485267	0.0260280831	-0.0144544765	-0.0418476094	-0.0088040641	0.0421027245	0.0902704068	0.0348366858	0.0597158747	0.0888294221	0.0471922781	0.0328514036	0.0393820696	0.0797226763	0.0554229058	-0.0262630915	-0.1584681501	-0.0991245359	-0.0305254825	0.0238608	-0.0303080922	-0.1088469586	-0.0398083139	0.0272486192	-0.0716520162	0.0211469591	-0.095941478	0.0209712058	-0.1826459865	0.038182079	0.0527258856	-0.0028585404	0.0458682675	0.0297508431	0.0740008085	0.0942015415	0.0494992922	0.0284755646	0.0173536771	0.107239397	-0.0639927317	-0.0125915095	-0.0515094404	-0.0339372814	-0.0231649972	-0.0047078879	0.0591050814	-0.0541504406	-0.0113001564	0.0141791479	-0.0233489559	-0.0070766442	0.0179188844	-0.0394736258	-0.0437687981	0.0288195928	-0.0244438615	0.0189075145	0.000558707	-0.0552540194	-0.0274330183	0.066405821	0.0018231028	-0.1144973057	0.0353395031	-0.096580745	0.0179071775	-0.0096918237	0.0597054277	-0.0105907196	0.0067608579	-0.0919860412	0.0038162541	-0.1013132467	-0.0570283205	0.0476997942	0.0106529351	0.004757002	-0.0039206157	-0.0138245709	-0.0056993299	-0.0454522634	0.0374374818	0.0748677083	0.0327696336	-0.1277154989	0.0839783058	-0.0506475468	0.009518721	0.0206454916	0.0670724781	-0.0257909049	0.032281421	0.1831730076	0.0710298701	-0.0120491509	-0.0515171069	0.0321041883	0.0535832916	-0.0659945658	0.0486013282	0.0432010753	-0.077790029	0.0085242017	0.0060691855	0.1370927013	-0.1264588206	-0.0054962603	-0.0157412647	0.1350960966	-0.0037178924	0.084516451	-0.0480343261	-0.0426375383	-0.0016038312	0.0476730202	0.0507618745	-0.0366610654	0.0490836795	-0.0793581023	-0.0859345146	-0.0917958458	-0.0481396925	0.0158388981	-0.021694473	0.049392247	0.0529798809	-0.0200050215	-0.0777453364	-0.0762407473	-0.0166378083	0.0	0.0485158	0.0226400999999999	0.00235378284964	0.0005125741280099	-0.328607	-0.0223009999999999	0.0004973346009999	0.107982560449	0.8165059999999998	0.0169209999999998	0.6666820480359997	0.0002863202409999	-0.00436128	0.00036935	1.9020763238400003e-05	1.3641942250000005e-07	0.0015506	0.00099105	2.4043603600000004e-06	9.821801025e-07	0.000797724	9.394199999999996e-05	8.825099363999993e-09	6.36363580176e-07	0.0	0.0	0.0	0.0	0.0	0.0	0.0	0.0	0.0	0.0	0.0	0.0	0.0
3624.981641675195	7.22423465266229	13140491.902482191	52.18956631672663	8202.681254722553	13.009729396031616	169.25305895796916	67283979.76657675	3580.0278123877515	9.001212084038798	81.02181898184608	12816599.13746983	3687.3025996569	6098.023514001075	0.924761	40.793079	0.0336563499999999	0.0133633	0.009524522	0.0195878626	-0.0021104917	-0.0038467329	0.0579205767	0.0496638642	0.0839309794	-0.0013214111	-0.0186859349	-0.0083004651	0.0355388924	-0.003495865	-0.0128864743	-0.0517504586	-0.0885350087	0.0354751352	0.0094581292	0.0618633682	-0.024249237	-0.0248136567	0.1103501759	0.0033585061	0.0280956712	0.0436147548	-0.0128774538	-0.1028080471	-0.0123608219	0.0279707496	0.1075707942	-0.034377823	-0.1078142272	-0.0291309932	-0.0115388452	-0.0073192745	0.0077413851	0.0304831815	0.0318922657	-0.0579906024	-0.1728125653	0.0231075798	-0.0471751885	-0.0559122929	0.0122980914	0.0266463377	0.0169867016	-0.0382352248	0.0289774834	-0.0424445733	-0.048825007	-0.0944881905	-0.154145239	0.0256169157	0.0411197199	0.0168676606	-0.0507640173	-0.1023597858	-0.0304186673	-0.1083269638	-0.0497452946	0.0720429843	0.0234855429	0.0544596668	0.0336479935	-0.0544124199	-0.0427344122	-0.0479542135	-0.1114204102	0.0421270517	-0.0021367626	0.0751380351	0.0167340319	-0.0709340014	0.0731612237	0.042915004	-0.035439043	-0.0227535222	0.0069925107	-0.006623313	0.0219945977	-0.0754928508	-0.0259259317	-0.0305943088	-0.0787440154	0.0007415568	-0.0972993883	-0.0139140831	0.0298294272	0.0236472629	-0.0320493447	0.0139844792	0.0002147653	-0.0117452052	0.0929667329	0.052624983	0.0729818674	-0.0435736479	-0.0609763981	0.0314969926	0.0849330591	0.0336496631	-0.007710846	0.0989669202	-0.0612365379	-0.0275400047	-0.0522961444	0.0380231969	0.0166357665	-0.0871367218	-0.0164273606	0.0184228966	-0.0004638534	0.0332979116	-0.0109646511	-0.0582210307	0.0993132416	-0.1081694755	0.0925445422	-0.1035663368	-0.080977535	0.0097542029	-0.0144381063	0.0239220298	-0.014639871	-0.0404132226	0.0526846292	0.0431825969	0.1363254851	0.0978524678	-0.0646655879	0.1045223556	-0.0485974827	0.0497643483	-0.058175077	-0.0698186521	0.0241654107	0.0189240402	-0.0871992073	-0.0655783911	0.1416377128	-0.0296908536	-0.0287085784	-0.0172019557	-0.0618197839	-0.1139798537	-0.0033387689	0.0288852607	-0.03537174	-0.0628910226	-0.1004044769	0.0029724321	0.0408736624	-0.056401225	-0.0062533047	-0.0438121607	-0.0070945622	0.0028553279	0.0307179628	-0.0538527041	0.0891210677	0.0363355471	0.0522027924	-0.021914923	-0.0789347034	-0.0743699446	-0.0117820532	0.0	0.0454864	-0.0030293999999999	0.00206901258496	9.177264359999967e-06	-0.322182	0.0064249999999999	4.1280624999999466e-05	0.103801241124	0.8102869999999999	-0.0062189999999999	0.6565650223689998	3.867596099999968e-05	-0.00449411	-0.0001328299999999	2.01970246921e-05	1.764380889999989e-08	0.00165675	0.0001061499999999	2.7448205625e-06	1.126782249999999e-08	0.000918403	0.000120679	1.4563421041000014e-08	8.434640704090001e-07	0.0	0.0	0.0	0.0	0.0	0.0	0.0	0.0	0.0	0.0	0.0	0.0	0.0
3629.2019977099335	4.220356034738416	13171107.140181772	17.81140505995296	8188.143157618006	-14.538097104546978	211.3562674212372	67045688.36964656	3568.808927288588	-11.218885099163344	125.86338286822932	12736397.159494724	3677.0174041221057	6122.258440588951	0.925161	40.810684	0.1668982499999999	0.0833122	0.0060808884	0.0089828098	-0.0047528166	-0.0290221068	0.0444256552	-0.0477993597	0.0382067344	-0.0643169499	-0.035631943	0.0001526475	-0.0174566422	-0.0052451272	-0.0420713767	0.093283343	-0.090119039	0.0123884475	0.0137897909	0.0491812428	0.0484455752	-0.0886663847	0.0376228163	-0.0709089286	0.0496588664	0.0011369452	-0.0707080366	0.0008575959	0.0268817645	0.0361969135	0.0750155392	0.0910043985	-0.0405269869	0.0202825675	0.0052347446	0.0943044115	0.0017704807	-0.0206997915	-0.0591287363	0.0064660571	0.0763502292	-0.0592337583	-0.0460067203	0.0485062546	-0.049147007	0.0572083456	-0.0506432531	-0.0357688807	0.0289417637	-0.0186895546	0.1076459649	-0.0253711381	0.0285804151	0.0560082893	-0.0077328846	0.0060490564	-0.0934184192	-0.0217977135	-0.0237160941	0.0717515527	0.0304107919	-0.0413927157	0.0700220718	0.0207659363	0.0095386946	-0.1027695875	-0.0284136444	-0.0005646734	0.0283633181	0.1203237058	0.0255323653	0.0132320133	-0.0290155558	-0.0182190325	-0.0055844107	0.0134059365	-0.0115742167	0.0440677738	0.0463738461	0.0613227081	-0.0046501897	-0.0379089189	-0.0514220717	-0.0113206764	0.0159843869	0.0114586363	0.1223399298	0.0028190594	-0.0268306103	0.0216096855	0.0232963718	-0.0839178374	-0.0175815248	0.0558605346	0.0545651756	0.0580900846	0.0163201828	0.0187401948	-0.050500922	0.0931425693	0.0207949558	0.0058603768	-0.0789899108	0.0446318857	-0.0807152822	0.0164651229	-0.0698444697	-0.027849886	-0.0966065012	-0.0215115192	0.0954695099	0.0180225627	0.0627706418	0.0084259167	0.0022719749	-0.0349874581	-0.0241460994	0.0219333552	-0.0954654575	-0.0143535525	0.0042095549	-0.0592915131	-0.0516254815	0.0350098028	-0.0307253426	-0.0190988435	0.0444114434	0.073804564	-0.0887185227	0.0081106126	0.0894510347	0.0573661488	0.0038702732	-0.0676932693	0.0218005835	0.0342249696	0.0407648385	-0.1180583856	0.0293788168	-0.0111430064	0.055126723	-0.0036678298	-0.0666458101	-0.022898742	0.0290524743	-0.0864564581	-0.0358087254	-0.0064721382	0.0146162708	-0.0519720108	0.0024930472	0.0636727649	0.0124358458	0.0285575735	-0.0630917113	0.0016931189	0.0490264863	-0.007739085	0.0415523656	0.030472808	-0.0566029376	-0.018885489	0.0514187911	-0.0238132166	-0.0800300023	-0.0723415931	-0.0068873025	0.0	0.033317	-0.0121694	0.001110022489	0.00014809429636	-0.373938	-0.0517559999999999	0.0026786835359999	0.139829627844	0.791471	-0.0188159999999998	0.626426343841	0.0003540418559999	-0.00428496	0.0002091499999999	1.83608822016e-05	4.3743722499999984e-08	0.000451515	-0.001205235	2.03865795225e-07	1.452591405225e-06	0.000649651	-0.000268752	7.222763750400003e-08	4.2204642180100003e-07	0.0	0.0	0.0	0.0	0.0	0.0	0.0	0.0	0.0	0.0	0.0	0.0	0.0
3617.44273870629	-11.759259003643365	13085891.967818866	138.28017231476755	8183.761984287027	-4.381173330978527	19.19467975607748	66973960.21546154	3575.1577475161	6.348820227511624	40.30751828126075	12781752.919624392	3682.880969947324	6112.379040603638	0.911724	40.217983	0.20103615	0.0985546	0.0070977182	0.0175386989	-0.0012424827	-0.013996236	0.0761469142	0.0578799123	0.055074086	-0.0429381089	-0.0648965062	0.0129768266	0.0557486076	-0.1021351697	0.0190756204	-0.0170737814	0.0381703863	-0.0288031648	-0.0054817657	-0.0084531046	0.0681212135	-0.0624735706	0.0371962673	-0.0315290223	-0.0860712983	0.1176529533	-0.0427640267	-0.0088907348	0.0438232768	0.0352979441	0.0314715499	-0.063033616	-0.0197758685	0.0168674052	0.0784933716	0.0978377083	0.0534400472	0.118767538	-0.0887073821	-0.0577358999	-0.0492803327	0.1107433328	-0.004854838	-0.0220669729	-0.0966586237	-0.00252975	-0.0572988236	-0.0048253711	-0.1578069014	0.0404119474	-0.0013066363	-0.047112388	0.0352434111	0.0379559146	-0.0769467613	0.093426119	0.0285294372	0.0358700281	-0.002253983	-0.0264656201	0.1248846139	0.0918309447	-0.0616548558	0.0336573582	-0.0942172639	-0.0134440138	-0.0504737543	0.0997418381	-0.0180184718	-0.0077231866	0.0417187667	-0.0753145444	0.0220027191	0.0068470055	0.0778332325	-0.0065397887	-0.0353983184	-0.0191247958	-0.0729970729	-0.0845787575	-0.0979523401	-0.0189149733	-0.007328221	0.0991208285	0.0402016526	0.1077503179	0.0602028191	0.0017424497	0.0523495058	0.0674333572	0.0482661094	0.0515132036	0.0141125729	-0.045201239	-0.0434625613	0.005514623	-0.0019413389	0.02225677	-0.0864033565	0.0683294267	0.0460501839	-0.1153244007	0.0217349555	0.0116344495	-0.0709105607	0.0569985354	-0.091069807	-0.0566041993	0.0654823407	0.0615285762	0.0911800154	0.0112489088	0.0610748264	0.0515811994	-0.0600829161	-0.0218936843	-0.040400892	-0.0595600954	0.1679042623	-0.0890141313	0.0247195103	0.0199656841	-0.0441487997	0.0798068547	0.1151581369	0.0418704429	0.0488792456	-0.0364740026	-0.0476612037	-0.0872094872	0.0692647385	-0.0250609638	-0.0636296715	0.0595317261	-0.02427334	-0.0114964594	0.0297210091	0.1178742667	0.1025579498	-0.0398069261	-0.0483194085	0.0228858158	-0.1127856576	-0.0630138697	-0.0213399653	0.0280476067	0.0490973464	-0.0182494261	0.0491703079	-0.0446153537	-0.0166812428	0.0048481969	-0.1021272081	-0.0277016682	0.0515583013	-0.0050801259	-0.0443051561	-0.0907923156	0.0251326082	-0.0167623762	0.0532613487	-0.1226524294	0.0506279805	-0.0256988967	-0.081029928	-0.0701599896	-0.0019697566	0.0	0.0392822	0.0059652	0.00154309123684	3.5583611040000046e-05	-0.303429	0.0705089999999999	0.0049715190809999	0.092069158041	0.840766	0.0492949999999999	0.706887466756	0.0024299970249999	-0.00396689	0.00031807	1.5736216272099997e-05	1.011685249000001e-07	0.00129249	0.000840975	1.6705304001000002e-06	7.072389506250001e-07	0.000995945	0.000346294	1.1991953443600005e-07	9.91906443025e-07	0.0	0.0	0.0	0.0	0.0	0.0	0.0	0.0	0.0	0.0	0.0	0.0	0.0
3617.4944638477655	0.0517251414753445	13086266.195969231	0.0026754902606444	8151.36126001454	-32.40072427248742	1049.8069333817557	66444690.391265824	3571.048154032289	-4.1095934838108406	16.88875860218052	12752384.918417418	3676.662073156336	6061.009618959185	0.935314	41.258595	0.1121569999999999	0.0847726	-0.0005421486	0.0248007902	0.0077008387	0.016300398	0.0251356457	0.0577573049	-0.0174306505	-0.0834830226	-0.0421466419	0.0034036226	-0.0166312035	0.0586932703	-0.0212683283	-0.003397334	-0.0482043329	-0.1042925861	0.0063156658	-0.0874613019	-0.0118191068	-0.0294852537	0.0701255225	0.0021863926	-0.0224007901	-0.0380802703	-0.0034758594	0.0029923038	0.0330834636	0.0362306734	-0.0652535997	0.0750759156	0.0099433988	0.1007999284	0.0197449892	0.1715597933	0.040849529	0.0461309761	-0.0836263047	-0.0259475615	-0.0403014678	-0.0649650052	0.0569590205	0.1140000571	-0.0239446583	-0.0080534492	0.0553370471	0.084139269	0.0154943607	0.0030684778	0.0740005327	-0.0318641834	0.0447566501	-0.0095399161	-0.0620425108	-0.0207306824	0.0535911786	-0.0674220888	0.0102082008	-0.0098793597	0.0058674204	-0.0164907691	0.0456223207	0.0323198465	-0.0453617877	-0.0281766639	-0.0322952331	-0.0017363811	-0.0236514563	0.0124894559	0.1167207848	-0.0074855507	0.021924061	0.127587336	2.93893e-05	0.0537882552	-0.0132847368	0.0425692247	0.0993924447	0.0180841742	0.0631114096	-0.0702825628	-0.0788816068	-0.0058946544	-4.03964e-05	0.0028830175	-0.0418390882	0.0043080849	-0.0155533831	-0.0214041722	-0.0536562127	-0.0285353231	-0.0522115676	-0.0480216753	-0.0382612228	0.0993278538	-0.0714209707	-0.0185260259	-0.024145953	0.0643134697	-0.0039432801	0.003767711	0.0286699776	0.0021087271	0.0151145691	0.0247241936	0.0655134164	-0.0754687856	-0.0688484807	0.0426035509	0.1246135856	-0.0142611767	0.0328074799	-0.0295547182	-0.0679945295	-0.0897964281	-0.0256187986	-0.1084777542	-0.067180311	0.0194842924	0.1335744379	0.0019254792	0.0780478271	-0.0068980165	0.0059656033	0.0352713969	0.015947937	0.0486577043	-0.084583572	0.0363878261	0.0219447241	0.0203291144	0.0660208729	0.0754709931	-0.001951995	-0.0301489149	0.0358149674	-0.0120773825	-0.0108049023	0.0141217736	0.0136124749	0.0373273391	-0.0399936482	-0.0520065425	-0.0177149391	-0.0233280133	0.0866511215	0.0768117377	0.0436187602	0.0249654348	0.078899651	0.122437572	-0.0087438103	-0.0037716752	-0.0499494645	-0.0628684833	0.0715872456	0.0266327269	0.0719448446	-0.0196269524	0.0546705095	0.0341353756	0.0498304656	-0.0275709646	-0.0819332888	-0.0678297559	0.0029543088	0.0	0.0431544	0.0038721999999999	0.00186230223936	1.4993932839999992e-05	-0.385594	-0.0821649999999999	0.0067510872249999	0.148682732836	0.839431	-0.0013349999999999	0.704644403761	1.7822249999999334e-06	-0.00394565	2.1239999999999627e-05	1.55681539225e-05	4.5113759999998414e-10	0.00151676	0.0002242699999999	2.3005608976e-06	5.0297032899999976e-08	0.000745759	-0.000250186	6.2593034596e-08	5.56156486081e-07	0.0	0.0	0.0	0.0	0.0	0.0	0.0	0.0	0.0	0.0	0.0	0.0	0.0
3623.116934563233	5.622470715467443	13126976.321518878	31.612176946288983	8184.687969442187	33.326709427647074	1110.6695612748204	66989117.157131664	3576.2046028726013	5.156448840312351	26.588964642758583	12789239.36160718	3685.871985035751	6118.618180258614	0.952302	42.007957	0.22266475	0.103037	0.0049462082	0.004962443	-0.0054507504	-0.0157272158	-0.0015790434	0.0554181725	-0.0019020835	0.0413120146	-0.071201561	0.0042288815	0.0548605663	-0.0481378124	-0.0311601899	-0.0160761064	-2.46567e-05	-0.0334188564	-0.1184872188	0.0525693374	-0.02795561	-0.0212609282	0.0227121934	-0.0142919521	0.010627129	-0.0193849675	0.0657626538	0.0254341839	0.075578962	-0.0737373918	-0.0251191486	0.000149064	-0.1060922705	0.0384967574	0.1189567732	0.0683108847	0.01166191	-0.063201445	0.0711383338	-0.013315394	0.0029093866	0.0482656214	-0.0393735575	-0.042977403	-0.0678905786	0.0670120297	0.0267131468	-0.0428592878	-0.061901247	-0.0096901416	-0.0538792032	0.0449873476	0.0327410509	0.0168592167	-0.0320655218	-0.1680634774	-0.0141993977	0.1203001799	0.024331834	-0.0005720286	0.0673717426	-0.0901085015	0.0704199328	0.0039245559	-0.0834192194	-0.0077288947	-0.0087515729	0.0306590228	0.0307391377	0.0919773671	-0.0821366305	-0.0047713884	0.0103063619	-0.0556114866	0.1423986668	-0.0206587781	0.0197236251	-0.0198090591	-0.0191379751	-0.0367072469	0.02796801	-0.040977649	-0.1233074833	0.0314515418	0.0004849012	-0.1479708136	0.0076947374	-0.0029832128	0.04768082	0.075386628	0.010995348	-0.0037111635	0.0116663465	-0.014714648	-0.058119102	0.0688797161	0.0917103527	0.0004921103	0.0138525053	0.0388041244	-0.0463211842	0.0458916039	0.0198650301	-0.0268984075	0.062098381	0.0584879061	-0.1129418102	-0.0742458942	-0.001828844	-0.0126259636	0.057625449	-0.0768618522	-0.0006474323	-0.0303177581	0.0864961335	0.0304035735	0.1046733813	0.0393378109	0.0578938221	-0.0457474408	0.0058299382	-0.0231468219	0.0121780958	0.0613626583	-0.0015935337	0.0712789921	-0.0488355772	-0.0373174915	0.0466193898	-0.057479279	0.01873258	-0.0393112798	0.1528729653	-0.0998936949	-0.0645652417	-0.0297843619	-0.088365635	-0.0773451131	0.0701953079	0.0205586999	-0.0381750459	-0.0155740206	-0.0461737581	-0.0555407098	-0.0247757418	0.0043133724	-0.0977033395	-0.0480144495	-0.0334388289	-0.1065924684	-0.062628965	0.0016284621	-0.1071372489	-0.0162296369	-0.0223047158	-0.0634693098	-0.028962101	0.0167136519	0.1135315592	-0.0015021672	-0.0916641607	-0.0107989398	0.0490263519	-0.0294284286	-0.0827390082	-0.0653558284	0.0078685961	0.0	0.0449646	0.0018101999999999	0.00202181525316	3.2768240399999925e-06	-0.320371	0.0652229999999999	0.0042540397289999	0.102637577641	0.807994	-0.031437	0.652854304036	0.000988284969	-0.00530168	-0.0013560299999999	2.8107810822399995e-05	1.8388173608999985e-06	0.000485007	-0.001031753	2.35231790049e-07	1.064514253009e-06	0.000649651	-9.610800000000002e-05	9.236747664000004e-09	4.2204642180100003e-07	0.0	0.0	0.0	0.0	0.0	0.0	0.0	0.0	0.0	0.0	0.0	0.0	0.0
3622.900100618808	-0.2168339444247067	13125405.13906377	0.0470169594547768	8159.315616714221	-25.372352727966245	643.7562829523362	66574431.33315656	3569.936739716428	-6.267863156173462	39.28610854451675	12744448.325577158	3674.511431683551	6062.224626421247	0.926714	40.879204	0.1944326	0.0953594	-0.0042426747	0.01596962	0.0086950805	0.0013405905	-0.0346672789	0.0246392586	-0.072774539	-0.0228536284	-0.0145691139	0.0101940868	-0.0286922979	0.0478921571	-0.0151024229	0.015100667	-0.038791475	0.0566521616	0.0450729914	-0.1741872609	-0.0499356495	-0.0637448343	0.0298382299	0.047373777	0.0208134724	0.0610349776	0.0390588821	-0.0684400181	0.0087326993	0.090736833	-0.0501614778	-0.0724203599	0.0384220517	0.0019253044	0.051926999	-0.0486550966	-0.0052202598	0.0353585796	0.0318439438	0.0154240844	-0.0040918878	0.0428582553	0.0771242446	0.0932109275	-0.0210294648	0.0406030493	0.0145086941	-0.0762524863	0.0169801248	-0.0239042689	0.0307272337	0.0645646462	0.0607021276	-0.1064967756	0.0404301795	0.0755603822	-0.1336139905	0.0158044429	0.0401788206	0.0538157347	-0.0736518011	-0.043235268	0.0138342068	0.0545362715	0.0233698728	0.0940796382	0.0135122551	0.0613967837	-0.0510575955	0.0870192814	0.0384398089	0.045247419	0.0328228502	0.12748217	0.0352387898	0.0246656835	0.0491936967	0.0295044165	0.1102867019	-0.0837799153	0.0925632645	-0.0780574035	0.0817131141	0.0480224246	-0.0201485702	-0.1110701764	0.0043183579	0.014574638	-0.0270473875	-0.0113731206	-0.0404436822	-0.0195391378	-0.1106025032	0.0109561722	0.0183285017	0.0149515676	-0.0666913318	0.0649450514	0.0187884841	-0.012545653	0.1227226176	0.0155635765	0.0750631978	0.0590767771	-0.016184168	-0.0494835898	0.1106762019	-0.012410828	0.0790667457	0.0277380495	-0.0611315916	-0.0482273605	0.0381138482	-0.0025875456	-0.0092668445	-0.0295685636	0.0141902002	0.0050385876	0.0699151138	0.0536525133	0.1002486665	-0.0618335676	-0.0483114653	0.0761820508	-0.0434836612	0.0007070261	-0.0656980798	0.0062308976	-0.0476726902	0.0472560892	-0.0377467731	-0.0675849704	-0.0470456816	-0.098008057	0.0376798883	0.1184509104	0.0299544234	-0.0687973636	-0.1229345533	-0.0907059447	0.0094411902	-0.0475927164	-0.0806479504	0.0929519079	-0.0719204383	0.051886158	0.0122953049	0.0366461134	0.0169319429	0.0169598892	0.0622940943	0.0760639149	-0.0531595885	0.0422764885	-0.0805217387	-0.1387804366	-0.0256462992	0.0676315791	-0.0454093787	-0.0596902591	-0.0824380395	-0.0241844183	0.0482157459	-0.0312703049	-0.0834461259	-0.062743448	0.0127568403	0.0	0.0405471	-0.0044174999999999	0.00164406731841	1.9514306249999982e-05	-0.386322	-0.0659509999999999	0.0043495344009999	0.149244687684	0.8038619999999999	-0.0041320000000001	0.6461941150439998	1.707342400000112e-05	-0.00444873	0.0008529499999999	1.97911986129e-05	7.275237024999998e-07	0.00156815	0.001083143	2.4590944225e-06	1.173198758449e-06	0.0011122	0.000462549	2.1395157740100002e-07	1.23698884e-06	0.0	0.0	0.0	0.0	0.0	0.0	0.0	0.0	0.0	0.0	0.0	0.0	0.0
3627.7309081768094	4.830807558001197	13160431.54214134	23.33670166244149	8200.791531099287	41.47591438506606	1720.25147407733	67252981.73654978	3570.3758454722138	0.4391057557859312	0.1928138647643339	12747583.677931426	3679.1033456464015	6095.7263571167	0.903302	39.846474	0.19725925	0.124191	-0.0010747805	0.0104111153	0.0027796638	-0.0202757539	0.0400783085	-0.0043633441	-0.0367026621	0.0457970892	-0.0341771183	0.007592312	0.0766096554	-0.0247758515	0.0321745976	0.0308424776	0.0669525718	0.0965438695	-0.0353849567	-0.1493815155	-0.0754819653	0.0240767545	-0.0660597756	-0.0695841266	0.0905524379	0.0235985213	-0.0112758488	-0.0503860403	-0.0231388093	-0.0676150333	-0.0293022717	-0.0175992881	0.0159848491	0.0199872913	0.0188134015	-0.0653902999	0.0314975449	0.1132735336	-0.0665536208	0.0023477203	0.02062731	-0.0601347026	-0.0677380729	-0.0893193538	-0.0244812243	-0.1067305473	0.0170073049	-0.0210213048	-0.0814447104	0.0365500658	0.0173228868	0.0019867218	-0.0049110576	-0.0004099356	0.0336110397	-0.0359167945	0.0306389381	0.0564363641	0.0133553446	0.0762208948	0.0696697974	0.0442310782	-0.0785178338	-0.046212246	-0.0466820326	-0.0344264661	0.0363307582	-0.087120186	-0.0156224117	-0.0555820167	0.0677651041	-0.0028374685	-0.0589488283	-0.0195295352	-0.0172619807	0.048994095	0.0165099825	-0.035377545	0.0643525613	-0.0623033226	0.0381275169	-0.0327234339	0.0315799438	0.0355550681	0.0625326825	0.0302361752	-0.0128259692	0.0077111073	0.0699013659	0.037312532	0.0271880876	0.0325610732	-0.0763570459	0.0617610599	-0.0562017276	-0.0802839966	-0.0370128607	0.0792306363	0.1441369471	-0.0225003646	0.0832992513	0.0188156526	-0.0594528457	0.0172072562	0.0684526927	0.0116485851	0.0177179242	0.0218512089	0.0334922613	0.0195061306	-0.0300530261	-0.058039073	-0.0116972509	0.0533848453	-0.1113034964	0.0200084256	-0.0761897099	0.0228725248	0.0111850353	-0.1030392361	-0.0668666164	0.1430759028	0.0184071987	0.0672209531	-0.0019334213	-0.0016845599	0.0204284799	-0.0511553655	-0.0474259762	0.0130294916	0.0052286752	-0.0088304576	0.0301103337	-0.0378620701	0.010241984	0.0329956236	-0.0125444313	0.0731726692	0.1080650697	0.0583630448	-0.0301012926	0.109016714	0.0337761064	-0.0115902529	0.0022043207	-0.0219539722	0.0565250795	0.0305697731	0.0435585202	0.0162855975	-0.0008279837	-0.0498795386	0.0595969866	0.0046293868	-0.0235004612	-0.1294471854	0.0342298116	0.0450401396	-0.0036996147	0.0159704532	0.0782749311	-0.1002495501	0.0473987549	-0.0330956179	-0.0840537993	-0.0599981489	0.0176028627	0.0	0.0657104	0.0251633	0.00431785666816	0.00063319166689	-0.269013	0.117309	0.013761401481	0.072367994169	0.81039	0.0065280000000002	0.6567319521000001	4.2614784000002616e-05	-0.00404577	0.0004029599999999	1.63682548929e-05	1.6237676159999998e-07	0.00166782	9.967000000000004e-05	2.7816235524e-06	9.934108900000011e-09	0.000649651	-0.000462549	2.1395157740100002e-07	4.2204642180100003e-07	0.0	0.0	0.0	0.0	0.0	0.0	0.0	0.0	0.0	0.0	0.0	0.0	0.0
3624.8072771133934	-2.9236310634159963	13139227.796214214	8.547618594970949	8218.276029363025	17.484498263738715	305.70767953468214	67540060.8948029	3572.279391885391	1.9035464131770825	3.623488947119336	12761180.053689055	3678.086472539737	6117.484373517717	0.910343	40.157059	0.19424265	0.108969	0.001426201	-0.0005244346	-0.0026895009	-0.0338555511	0.0316250862	0.0021291381	-0.0165347044	-0.0112133098	-0.0457903556	0.0022164212	-0.0523043719	-0.0181407406	0.0471586542	0.0288368101	-0.0332049995	-0.0301915217	-0.0670113447	0.0664742871	-0.0237550153	-0.0490743989	0.0035247308	0.0876286691	0.0044312621	0.0218881812	-0.0799137854	-0.0377112057	-0.1028818767	-0.0240476628	0.0740146804	0.0129155004	-0.0657992128	-0.0431439801	0.0398171742	-0.0564621389	-0.0347951113	0.0220876638	0.0221058899	0.0489853942	0.0279506562	0.1042216039	0.0512115727	-0.0069569735	0.0249994224	0.0595867668	0.0734462564	0.0227436749	0.0282299316	0.0214584129	-0.0327077183	0.0121688988	0.0627687983	-0.0364819638	-0.0024581813	-0.1351210783	-0.0191104723	0.0500117202	0.1071213154	0.1009750777	-0.0019966785	-0.034600523	-0.0146533517	-0.1122955242	-0.0223095556	0.0359121227	-0.0305517531	0.0452892903	-0.0043356618	0.0386382692	0.0063895166	0.0068977664	0.0643728659	-0.0520102113	-0.0529079344	-0.0001003931	-0.0112404896	-0.011111684	0.0600576248	0.0115145431	-0.0675123609	-0.0100489772	0.0506184609	0.0111666794	-0.0084082797	0.0054362524	0.0129571342	0.0038144018	-0.0548912962	-0.0189387954	0.0348398338	0.0296088985	-0.0266435274	-0.0149936276	-0.0095429623	0.0765937852	0.1094382482	-0.0211496827	-0.037569547	-0.0457509215	0.011565136	-0.0535681387	-0.0801206596	0.0306865512	-0.0340581349	-0.0682125852	-0.0190086723	0.0887915572	-0.0407340774	-0.0392721258	-0.0262478572	-0.0279010909	0.045671637	0.0333439112	0.0384187428	0.0096664964	0.0097346628	0.0786901546	0.117059862	0.0432737709	0.0185507029	-0.0589924889	0.0883339165	-0.0294754847	-0.0204443226	0.0465546076	-0.0205135349	-0.0100862936	-0.0126030919	-0.0081195462	-0.0356055936	-0.050045512	0.126036797	-0.0552221542	-0.0218286419	0.0825707123	0.0290413073	-0.02443442	0.0367889419	0.1084143862	-0.0453235345	-0.0358217701	-0.0438946962	0.0772111137	0.0151152166	0.0167508223	0.0093240506	-0.0333081718	-0.0730185503	-0.0669398719	0.0336817377	-0.0172745472	0.0246650872	-0.0539983301	-0.0498148308	-0.01648136	0.024002525	-0.0531075819	-0.0548962783	-0.0121275004	0.0265247038	-0.0178427925	0.0465754872	-0.0349034008	-0.0845613042	-0.0571257468	0.022390624	0.0	0.0413981	-0.0243123	0.00171380268361	0.00059108793129	-0.355597	-0.086584	0.0074967890559999	0.126449226409	0.804176	-0.006214	0.646699038976	3.861379600000066e-05	-0.00396589	7.988000000000006e-05	1.5728283492099996e-05	6.380814400000009e-09	0.000363763	-0.001304057	1.32323520169e-07	1.7005646592489998e-06	0.0008083609999999	0.0001587099999998	2.518886409996825e-08	6.534475063208383e-07	0.0	0.0	0.0	0.0	0.0	0.0	0.0	0.0	0.0	0.0	0.0	0.0	0.0
3619.099286794328	-5.70799031906563	13097879.647675212	32.581153482546945	8168.794850525243	-49.481178837781954	2448.387059176561	66729209.30996773	3567.274609896154	-5.004781989237017	25.047842759791237	12725448.142409757	3676.569070333963	6110.69698602532	0.898398	39.630123	0.10889465	0.0670563	-0.0028999284	-0.0058969651	0.0048942199	-0.0430682825	0.0280921421	0.0104183959	-0.0640244347	-0.0108289069	-0.0150153965	0.0054502465	-0.0063431385	-0.0465073721	0.0185690393	0.0202295414	0.1162235607	-0.0457212888	0.0095134011	0.0084888435	-0.125461024	-0.0322677023	-0.0211312829	0.019122899	-0.0422020839	0.0379806622	-0.0110230356	-0.0381864206	0.0911796546	-0.0652597409	-0.0155684637	-0.0061152242	-0.0353805561	-0.0683371172	-0.0904881484	-0.0381491667	0.0412333919	-0.0304071648	0.0132058761	-0.0683109365	0.0571651827	0.0808835709	-0.0130159083	-0.0255863	0.0093173005	0.0116207988	-0.0254648219	-0.0704397688	0.0590866867	0.101056392	-0.0034432359	0.0618677858	0.0669945856	0.0159584855	-0.1093649978	-0.0462411751	-0.0257071036	-0.0165941923	0.047137721	-0.0457959867	0.0137481206	0.0162810354	-0.0122142547	0.028825804	0.0454444105	0.1074355241	-0.0799423353	-0.0519163018	0.0059705502	0.0118333861	-0.0299226806	0.0315607263	-0.0252545991	-0.0197547986	0.0195362906	0.0352765423	-0.0361159188	-0.0098963928	-0.0193222149	0.0663940262	0.0075775398	-0.0607374658	0.1391191498	0.0181658215	0.0215190213	0.1447553416	0.0142152273	0.0055267536	-0.0167550336	0.0276521274	0.0641997927	-0.0053292226	-0.037786487	-0.0903136495	-0.0960841988	-0.053077734	0.0541450217	-0.0125416208	0.0808217152	-0.0053513485	0.0316413543	-0.0492602046	0.0545187827	0.0338199311	0.0289584748	0.1120996817	-0.0027674887	0.0196536854	0.0086991543	-0.0636192131	-0.0304492846	0.0631214513	0.0128812064	0.0947985946	0.031897815	0.0647196257	0.027899495	-0.014471115	0.0387360152	0.0552798627	-0.0429113635	-0.0343063677	-0.0264045513	-0.0416309325	-0.0759200456	0.0555270807	-0.0046802974	-0.0810275167	-0.0344535719	-0.0842604129	0.0878635017	-0.0153111848	0.0363628344	0.030425321	-0.0491930621	-0.0163744491	0.0277385881	-0.0021721362	-0.0457206072	-0.0567159856	-0.0744430469	-0.0410334437	-0.0353330325	0.074189431	-0.0216938348	-0.0430014067	-0.0725480662	0.0528843365	-0.0293981525	0.018523412	-0.0598919502	0.0323231558	0.0739090388	-0.0583666209	-0.0581026239	0.0366829188	-0.0279288218	0.0441360166	-0.1137788656	-0.0364272893	0.1467653619	-0.0563066685	0.0457460516	-0.0366926959	-0.0849680357	-0.0541323269	0.0271042781	0.0	0.0378537	-0.0035444	0.0014329026036899	1.2562771360000024e-05	-0.293915	0.061682	0.003804669124	0.086386027225	0.815613	0.011437	0.665224565769	0.000130804969	-0.00403481	-6.892000000000009e-05	1.6279691736099998e-05	4.749966400000013e-09	0.000845161	0.0004813979999999	7.14297115921e-07	2.3174403440400002e-07	0.000714054	-9.43069999999e-05	8.893810248981138e-09	5.09873114916e-07	0.0	0.0	0.0	0.0	0.0	0.0	0.0	0.0	0.0	0.0	0.0	0.0	0.0
3618.271795226277	-0.8274915680508457	13091890.784129985	0.6847422951952473	8165.821202198221	-2.9736483270226017	8.842584372804318	66680635.90627	3572.4510528113456	5.176442915191728	26.79556125423864	12762406.524732891	3680.405038878532	6085.391629976545	0.8815469999999999	38.886814	0.1444091	0.0875655	-0.0078250913	0.0046023447	0.0142936859	-0.0173349532	-0.0033619206	0.0383294499	-0.0650190603	-0.0095501372	-0.0064168852	0.0094047852	-0.0114039787	0.0320482222	-0.0050585112	0.0106927418	0.0341233319	0.0770896112	0.0057824433	-0.0156639631	0.0277854607	-0.0045890945	-0.0953471391	-0.0075469162	0.0162129749	0.0333050796	0.053006912	0.0040295771	0.0581745788	0.0324246311	0.1292407933	-0.0922010243	0.0182918848	-0.0405975665	0.0404458458	-0.0061986592	0.0026800258	0.0787132828	-0.0067916072	0.0635845496	-0.0996555611	-0.0898091555	0.0127179798	0.0780153292	-0.0694054903	-0.042927605	-0.0282955827	-0.0654462947	-0.0261431255	-0.0137064892	-0.0202062142	-0.0778080233	-0.0730412952	-0.0116413053	-0.054110798	-0.0864257766	9.25656e-05	0.0673340678	0.0108971571	0.0250058574	-0.0322259779	0.0078742215	-0.0702908867	-0.1282958685	-0.034878936	0.0340719885	-0.0639534559	-0.0827534831	0.0203546686	0.0148352821	-0.0147460775	0.0547047713	0.0754013552	-0.0428259813	-0.0037138069	-0.1297261845	0.0111330669	0.0646257469	0.0046413411	0.0957732749	-0.0056679263	0.0855463248	0.0520800553	0.012619338	0.0166417764	-0.0523525559	0.0115063931	0.0105479416	-0.0093207302	-0.0155733659	-0.0183232778	-0.0126683178	0.0005247856	0.0441250638	0.015043267	-0.067608673	0.0007854597	0.0760170563	0.0368402026	-0.0596858019	0.0044403004	-0.0107758639	0.0451621491	0.036408758	-0.0693175144	-0.0046520594	-0.1114197974	0.0428301537	0.0646492697	0.0301832799	-0.0826540442	0.0063922312	0.0151967053	-0.031915459	-0.0690893601	-0.1106128446	-0.0168127926	-0.0202541802	-0.0174100078	-0.0628604706	0.0780850271	0.0526029282	-0.0934826374	0.0628799324	-0.0232792186	0.0039652392	0.0509020535	0.0403343485	0.0343109	0.039308304	0.0176176812	-0.0477357619	0.070259145	-0.034136125	-0.0273905113	-0.0324673012	-0.0609895203	0.1115165656	-0.0107468319	0.1542126648	-0.0485456601	0.0477995881	0.0309324942	0.0456762906	-0.0181908353	-0.0592629638	0.0001329084	-0.0026150966	-0.1246121835	-0.0374164716	-0.0055317156	0.0161619202	-0.0472135575	0.0604963889	-0.0542721247	0.0875403198	0.023738553	0.0325754302	-0.0842314514	0.0233446482	-0.0538016732	-0.0122028927	0.0449105582	-0.0384625556	-0.0852735093	-0.0510242304	0.0317282239	0.0	0.0465837	0.00873	0.00217004110569	7.621290000000003e-05	-0.371231	-0.077316	0.005977763856	0.1378124553609999	0.839951	0.0243379999999999	0.705517682401	0.0005923382439999	-0.00436	-0.00032519	1.90096e-05	1.0574853610000025e-07	0.00113607	0.000290909	1.2906550449000002e-06	8.462804628100007e-08	0.000649651	-6.440299999999999e-05	4.147746408999998e-09	4.2204642180100003e-07	0.0	0.0	0.0	0.0	0.0	0.0	0.0	0.0	0.0	0.0	0.0	0.0	0.0
3617.921741979326	-0.3500532469511199	13089357.73108672	0.1225372757010217	8176.945656206355	11.124454008134308	123.75347697909544	66862440.26455198	3568.196500731219	-4.254552080126359	18.10121340250753	12732026.267830515	3677.725811298077	6105.242115092576	0.8823619999999999	38.922741	0.1785469999999999	0.11065	-0.0093089475	-0.0110901064	0.0063428904	-0.0550090098	0.0660885992	0.0404640793	-0.0896548935	0.0079573841	0.01719725	0.0200807057	-0.0049233094	-0.0547687604	-0.0061035908	-0.0793219444	-0.0423699718	0.0586358478	0.0339215143	-0.0705148591	0.0459354301	-0.0124597478	-0.1286533361	-0.0109827054	0.0491918138	-0.0216890189	-0.0114986388	-0.0038165533	-0.1097168904	-0.0923167997	-0.0333871882	-0.0746684855	0.0069039088	0.1095057913	-0.089009957	-0.0510119845	-0.0541721686	-0.0354858046	-0.0017481876	0.0181452758	-0.0436209997	-0.0054709751	0.0073542745	-0.122024142	-0.0657320489	-0.0798955588	0.0155073602	0.0940563703	-0.0693204223	-0.0023701597	-0.0050345096	-0.0388310457	-0.0131933248	0.1174465832	-0.0282091095	-0.023763282	-0.0758697431	0.0090151686	0.0531201684	-0.0065655178	-0.026217996	-0.0293092424	-0.0115759921	-0.0357477224	0.0172422034	0.0950981054	-0.0110903195	0.1042726354	-0.0404658033	-0.0389682447	-0.153162068	0.0488939245	-0.1437536428	-0.0258810151	-0.0365493768	0.0492822611	0.0442646639	-0.0282246422	0.0616568299	-0.0559923701	0.0031035253	0.0974063326	0.0919057714	0.0784952488	0.0398257355	0.05560249	0.0235177695	0.0181220672	-0.0077035355	0.0560683974	0.0156977816	0.0359099392	-0.0025610349	-0.0385969783	0.0853200181	-0.0100293601	-0.058469468	0.1067592236	0.0352583033	-0.0652723322	-0.0218401285	-0.0117952797	-0.0985375994	-0.0173604932	0.0718964216	-0.0634867221	-0.0046968706	0.080003083	0.0830139018	-0.0430136291	0.034831971	-0.0230099256	-0.1580703078	-0.0976102095	-0.003000026	0.0652115321	-0.080721656	-0.0220422733	0.0511489439	-0.0566160111	-0.0359793931	0.1075310297	0.0339140107	-0.0125790885	0.0649097599	0.0066165036	0.0024138823	0.0156473688	-0.018127949	-0.0452055971	0.0606417653	0.0693896142	0.0202743345	-0.0249030857	-0.0781849334	0.059254217	0.0028769996	-0.0331726243	-0.0362230742	0.0480463384	-0.067105311	-0.082872527	-0.0317437706	0.0182539501	-0.0558048875	0.0899146785	-0.071376786	-0.0664911292	-0.0144076455	0.1033525342	-0.0887488289	-0.1080571798	0.1011886916	0.058216416	0.0645597197	-0.0087129058	0.0671422169	0.0371040548	-0.1313094707	-0.0215213094	0.0413908743	-0.0362815374	0.0440691175	-0.0402120424	-0.0854773608	-0.0478080418	0.0362471574	0.0	0.0518999	0.0053162	0.00269359962001	2.826198244e-05	-0.278604	0.0926269999999999	0.0085797611289999	0.077620188816	0.813632	-0.0263189999999999	0.661997031424	0.0006926897609999	-0.00373746	0.00062254	1.39686072516e-05	3.875560516e-07	0.00129718	0.0001611099999999	1.6826759524e-06	2.5956432099999968e-08	0.000951697	0.000302046	9.123178611600002e-08	9.05727179809e-07	0.0	0.0	0.0	0.0	0.0	0.0	0.0	0.0	0.0	0.0	0.0	0.0	0.0
3614.852861373384	-3.068880605942013	13067161.20937934	9.418028173527016	8156.614704238636	-20.33095196771956	413.3476079137197	66530363.43340193	3564.232540738211	-3.9639599930083023	15.71297882617038	12703753.604457162	3671.965384538732	6053.678696936479	0.915071	40.365604	0.1728163999999999	0.0985928	-0.0188986014	0.0183228093	0.0260060314	0.007766026	-0.0011323893	0.0637512215	-0.0827538602	0.0303577096	-0.0297442566	0.0160928116	-0.0436692357	0.0299465001	0.0588782479	0.0236545902	0.0960231514	0.0358384734	-0.0159820705	-0.0246695874	0.0080163263	-0.0251805535	0.1101443716	-0.009428441	0.036059224	-0.0267046603	0.0521758574	-0.0607298318	-0.1262667903	-0.0771558143	-0.0225295405	-0.0328507162	0.0033888638	-0.0473326727	0.0602135544	0.0059837231	-0.0397930455	-0.0844366744	0.0019800251	-0.1294617118	-0.0339342538	0.0156590385	-0.0464607492	0.0460436244	0.1229691253	-0.1133843746	-0.0615698572	0.0311913432	0.0012972158	-0.0192690903	0.1120778418	-0.0375999883	-0.0458422993	0.0436975681	-0.0211964953	0.0112216163	0.0113248472	0.0552794779	-0.0452940375	-0.0557682202	-0.0149161192	-0.074493269	0.0047133512	0.0460843631	0.035125803	0.0582507063	0.0122082845	0.0415230538	-0.0221884659	-0.0340776125	-0.0437598509	-0.0835972172	0.0118581939	0.0405132034	-0.0097170287	0.0431387406	-0.0374397941	-0.0972739603	-0.1008954963	0.0845514847	0.0446848682	0.1442011421	-0.0185441783	-0.0710400681	0.0512814275	-0.0123190624	-0.0215150573	0.0215811599	-0.0331507902	-0.032751177	-0.029302842	0.0613627665	-0.0441836095	0.017950863	-0.0846957837	-0.0773513773	0.0206045179	-0.019599054	-0.0569367681	0.0551787993	0.0427417456	0.0437402239	-0.0392482918	0.0191006162	0.1311513855	-0.1071192507	0.0163133445	0.0379742309	0.0340668259	0.0039824567	-0.0053486065	-0.0142295741	0.1094025951	-0.0359776098	0.0416725237	0.0722292512	0.0998776193	-0.1030661505	-0.038177269	0.0123828968	-0.0649244687	0.0578727128	0.0351847817	-0.0115808177	0.0268228506	-0.1617508513	0.040152081	0.0395027196	-0.0552149619	-0.0113578279	0.0681833729	-0.0162242996	-0.0281326041	0.0191202221	-0.0222507236	-0.0584096419	-0.0821465666	-0.029241122	-0.0317800678	-0.0246329978	-0.0340352294	-0.0451828819	-0.0002009881	0.0145920613	-0.0337037631	0.0306136912	0.0109570918	-0.0216533624	0.0425998711	0.0641526884	0.0189326677	-0.010898312	-0.0317214201	-0.0939105867	0.1223904799	0.1014987973	-0.011647023	0.0496611751	-0.0194533122	0.1209722402	-0.0560430809	0.0607336995	0.0432218409	-0.0419402295	-0.0855793473	-0.0444905743	0.040646122	0.0	0.0473863	-0.0045135999999999	0.00224546142769	2.0372584959999995e-05	-0.33779	-0.0591859999999999	0.0035029825959999	0.1141020840999999	0.856912	0.0432799999999999	0.734298175744	0.0018731583999999	-0.00461767	-0.0008802099999999	2.13228762289e-05	7.747696440999996e-07	0.0011627	-0.0001344799999999	1.35187129e-06	1.808487039999999e-08	0.000649651	-0.000302046	9.123178611600002e-08	4.2204642180100003e-07	0.0	0.0	0.0	0.0	0.0	0.0	0.0	0.0	0.0	0.0	0.0	0.0	0.0
3623.359221899951	8.506360526567278	13128732.05092742	72.35816940794193	8181.609240228237	24.99453598960099	624.7268293354591	66938729.75978806	3567.840102723471	3.607561985259963	13.014503477492806	12729482.998601828	3675.528889079671	6069.6879865373885	0.911815	40.221985	0.0760901999999999	0.0447963	-0.0192946189	0.0044495677	0.015067834	-0.0166554372	0.0463067876	-0.023297091	-0.0389264455	0.0446429822	0.0572416042	0.0252335826	0.0128298211	-0.0386407247	-0.005080342	0.0075726846	0.0153285779	0.028999855	0.0019434599	-0.0521431383	0.0260110494	-0.0238074342	0.0045657071	0.0020667079	-0.0106504006	0.0008720292	0.0025944152	0.0170063212	0.0120343568	-0.0231184698	-0.0097130257	0.0257448793	-0.0034846539	-0.064845674	-0.0180245196	0.065502361	0.0538869105	0.0614449909	-0.0169037601	-0.05406089	0.1170241405	0.0186539022	0.0087833837	-0.0298391123	0.0779567132	0.0529480129	0.0011993083	0.0540250742	0.0098204348	0.0307470736	-0.0374742102	0.109793604	-0.0762537951	-0.080274403	0.1319033894	0.038474869	-0.024742712	0.0222521409	-0.1103574759	-0.0583186328	-0.0755222768	0.0661199028	0.006984569	0.0960220299	0.0381381343	0.0134633532	0.0325759248	0.0019635987	-0.013765039	0.0094194164	-0.0488676272	0.0030393509	-0.0675036323	0.0223189508	0.0677056444	0.0035723358	-0.058994931	0.1240057168	0.0533844667	0.0541743515	-0.0462289386	0.1022883597	-0.0085517093	0.0897449084	-0.0330308067	-0.0886181322	0.1407623649	0.0193543392	0.0093216696	0.0307046971	0.0322368324	0.0004368068	-0.0330929767	-0.0016534996	-0.018527543	-0.0133253265	-0.0247634472	0.0501566126	-0.0201979065	0.0117093419	0.0003557527	-0.0014560036	0.0121581831	-0.0321381736	0.0406455559	0.0286529574	-0.0104844709	-0.0321816516	-0.0200213476	0.0162816424	0.0304871791	0.0741001196	0.0628334611	0.0947082282	-0.0459625575	0.0550807782	0.0067250107	0.0420413942	-0.0219800041	0.0369932336	-0.0195773834	-0.0350470915	0.0781367778	-0.0466395967	0.0454416166	-0.015732145	-0.0329486456	-0.0848130742	0.0482789998	0.0660298973	-0.0760745776	-0.0014438058	-0.0982912216	-0.11576195	0.0796490295	-0.0479204084	-0.0447596913	0.0587722611	-0.094701048	-0.0645016292	0.0486457283	-0.0174649992	0.0286315915	-0.0188737134	-0.0088061211	0.0017319762	-0.0550806359	-0.0376763039	0.0996458797	0.0279966531	-0.0875390756	0.102687073	-0.0308264578	0.0960656713	0.0275799362	0.0442172139	0.1071486554	-0.0628866149	-0.0659411189	-0.0376692145	-0.1225623784	-0.0204551122	0.0423688407	-0.0436462017	-0.0855793473	-0.0410788559	0.0449105582	0.0	0.0496935	0.0023072	0.00246944394225	5.323171840000011e-06	-0.312908	0.0248819999999999	0.0006191139239999	0.097911416464	0.824496	-0.032416	0.679793654016	0.001050797056	-0.0045569	6.076999999999992e-05	2.076533761e-05	3.6929928999999903e-09	0.00143163	0.0002689299999999	2.0495644569e-06	7.232334489999995e-08	0.000649651	0.0	0.0	4.2204642180100003e-07	0.0	0.0	0.0	0.0	0.0	0.0	0.0	0.0	0.0	0.0	0.0	0.0	0.0
3622.588831600316	-0.7703902996349825	13123149.842835344	0.5935012137716781	8156.058084754304	-25.55115547393234	652.8615460530626	66521283.48188605	3572.2445356998537	4.40443297638285	19.39902984344869	12760931.022837464	3678.326334763172	6082.900274592808	0.8723959999999998	38.483124	0.1200989499999999	0.0622979	-0.0181861975	-0.0150330177	0.0139475848	-0.0321433481	-0.0062293528	-0.0577839033	-0.0657578214	-0.0061969755	0.0416443244	0.0165495258	-0.0428789992	-0.0244485407	0.0053873055	-0.0303120024	0.0670778049	0.0336230048	-0.0087435283	0.042960306	0.0200627908	0.0380845476	0.0100397553	-0.0409835824	0.0989851908	-0.0900133111	-0.0124213128	0.0252851813	0.0459657156	0.0137203633	0.0096081067	-0.0211522212	0.0153601426	-0.0135701415	0.0902247468	-0.0581928725	-0.0766046788	-0.0709550529	0.0385890936	0.0569513862	0.0597558067	0.0708837813	0.0297544792	0.0485994527	-0.0397972667	-0.0721729389	-0.0030178764	-0.0533753085	-0.0133000476	-0.0892161052	0.0577547153	0.100223466	0.0082729214	0.0739923142	-0.0104922285	-0.0217130564	0.0433138993	0.0090984992	-0.0203659839	0.0408076562	0.0013098919	0.0028425929	0.050776962	0.1332353971	-0.0754113299	-0.0060486516	-0.1182691425	0.0031853708	0.0763779499	-0.0103473006	0.0136836476	-0.0710510738	-0.0526835476	-0.0218931089	0.1074510364	-0.0034712463	-0.0048463218	0.010583082	0.0213857793	-0.119984899	0.0595666202	-0.0348053117	-0.0464436557	-0.0296998985	0.1321282392	0.0237687796	-0.0342381927	0.0195830389	-0.0440708997	-0.0072699678	0.0307743483	-0.0034394602	0.0299829105	-0.0191955985	-0.0122906847	-0.0708189947	0.0243603378	0.0073828692	0.0248056814	0.0324400148	-0.0694436089	0.1316264529	-0.0528948973	-0.0194938602	-0.0236186514	0.0278761817	-0.001733468	-0.0049801211	0.0223754489	0.0076151349	-0.0544463105	-0.0395730649	0.0639422624	-0.0676948823	0.0842220515	0.0476940402	-0.0056959796	0.1038071109	0.0324124404	0.0154786701	0.0604860588	0.0662157193	-0.0640029239	0.0258550028	-0.0313557138	-0.1115444104	-0.1010504685	0.0109059999	-0.0070698066	-0.0454183259	0.0348887077	0.0360189967	0.0482796624	0.0220308445	0.0487625614	-0.0142803073	-0.0059220752	0.0029777887	-0.0073442411	-0.0233842391	-0.0869599463	-0.0028484401	-0.0625071055	-0.1146239248	0.0198755134	-0.0510269731	-0.0009015321	-0.0593591915	0.0432602025	8.69233e-05	-0.0806678436	0.0812784472	-0.0979878342	0.0345785905	-0.0079575251	-0.1494889418	-0.0401034555	0.0479514919	0.08941278	0.097408372	0.0174636948	-0.0659145904	0.0415102298	-0.0453290553	-0.0854773608	-0.0375801141	0.0490263519	0.0	0.0456154	-0.0040781	0.00208076471716	1.663089961000001e-05	-0.365132	-0.0522239999999999	0.0027273461759999	0.133321377424	0.807776	-0.0167199999999999	0.652502066176	0.0002795583999999	-0.00494104	-0.0003841399999999	2.44138762816e-05	1.475635395999999e-07	0.00168614	0.00025451	2.8430680996e-06	6.477534010000006e-08	0.000952538	0.0003028869999999	9.174053476899996e-08	9.07328641444e-07	0.0	0.0	0.0	0.0	0.0	0.0	0.0	0.0	0.0	0.0	0.0	0.0	0.0
3618.78751705466	-3.8013145456561688	13095623.09359063	14.449992275017165	8197.981937515004	41.92385276069945	1757.6094303008067	67206907.84782225	3568.6837665326098	-3.5607691672439614	12.679077062395256	12735503.825513374	3677.126429008352	6098.129512067522	0.8807749999999999	38.852757	0.1503023499999999	0.0940254	-0.0167303424	-0.019151092	0.0096287507	-0.0663184726	0.0659045876	-0.0257675289	-0.0424835213	0.0337430127	0.0639766813	0.024879647	0.0524677232	-0.0467132344	0.0230715147	-0.1038899714	-0.0107929676	-0.0234127014	0.02016327	-0.0697868085	-0.0116978093	-0.0284369333	-0.1428597727	-0.0877107499	0.0823971482	-0.0238227643	-0.0091968816	-0.0055358064	0.0133758743	0.083317295	-0.0425666667	0.0024465726	-0.0050914367	0.0227531888	-0.0768376441	0.0644905644	0.0654469809	-0.0900915709	0.0112047977	0.0951909101	0.0320343686	-0.0046474369	-0.0104062335	0.0317541129	0.0307725339	-0.0741809144	-0.0148408705	-0.0573430021	0.0275976337	0.161026679	0.0811995699	0.0447007034	-0.0005697385	-0.0265493512	0.113505055	0.0226516835	0.1162290074	-0.0221894245	0.0885904455	-0.0103656313	0.0458139981	-0.0248490611	0.0577969577	-0.0260876595	0.0437168708	0.0061285364	-0.043883108	0.059061453	-0.0294763783	-0.0229261437	-0.0372517405	-0.0013631033	0.0128359666	0.0860833411	0.000512886	-0.0235788235	0.03460442	0.008310737	0.042060295	0.1048613448	-0.1369376194	-0.0128787615	-0.0230181351	-0.0103702926	0.0107711966	-0.0173465469	0.0219697506	0.0245987212	0.0376528196	0.030545989	0.0598741136	0.0222099994	0.0205383448	-0.0819189907	0.0250536841	0.0181302736	-0.0799804288	0.1445663941	0.1365338725	0.0071977424	-0.0290846389	0.0543833928	-0.0369534488	0.0109636215	-0.0370539179	0.0065196026	0.0279900946	-0.0708559843	0.0213789316	0.0006824102	0.0756873003	0.0690239813	-0.057959876	0.02581281	0.1018919672	-0.0546910107	-0.0112561886	0.0320387164	-0.0558563881	0.0488578507	0.0293280004	0.0831723744	-0.0246872159	-0.0205330453	-0.0607208304	-0.0955049027	0.0601549902	-0.1657230091	-0.0702546176	0.0522018099	-0.0853149605	-0.0224310314	-0.0231026717	0.0841747664	-0.0084771153	0.0178522439	0.0234186144	-0.0705365828	0.0348629341	0.0264655911	-0.0290520224	-0.0530448253	0.0092716557	0.0104982002	-0.0080178522	0.0066186353	-0.0220685246	0.0360657045	0.0226449778	0.0492153964	0.0614351306	0.0274339108	-0.0383644699	-0.0218497761	-0.048929077	0.1089716444	0.0979189512	-0.0932690495	0.0135180629	0.0265882446	0.0266230289	-0.0317935553	0.040646122	-0.0469878988	-0.0852735093	-0.0340017607	0.0529798809	0.0	0.0506324	0.005017	0.00256363992976	2.5170289000000005e-05	-0.288515	0.0766169999999999	0.0058701646889999	0.083240905225	0.809347	0.0015709999999999	0.655042566409	2.4680409999999657e-06	-0.00411833	0.0008227099999999	1.69606419889e-05	6.768517440999999e-07	0.00146979	-0.00021635	2.1602826441e-06	4.680732250000006e-08	0.000649651	-0.0003028869999999	9.174053476899996e-08	4.2204642180100003e-07	0.0	0.0	0.0	0.0	0.0	0.0	0.0	0.0	0.0	0.0	0.0	0.0	0.0
3626.569167119071	7.781650064411224	13152003.923898714	60.554077724951206	8148.162842393587	-49.81909512141647	2481.942238716742	66392557.70616354	3573.095144688398	4.411378155788043	19.460257233363915	12767008.912995802	3677.764412345467	6059.146088910784	0.944667	41.671146	0.1335452499999999	0.0892108999999999	-0.0273062163	0.0007512885	0.0270368563	0.0022257925	-0.008875127	-0.052446238	-0.0598515757	0.0287386535	0.1324962876	0.0345690614	-0.0511095842	0.0335586986	0.0111859161	0.014508063	0.0384435434	0.0034863061	0.0150330544	0.0190250691	0.0687760977	-0.0063228222	-0.0932553143	-0.1477560054	0.0223642883	0.0115877619	-0.0516723459	0.0249129039	0.0454820374	-0.0067384372	0.0725789428	0.0862772343	0.0458174113	-0.0150762813	-0.0961402841	-0.0193736722	0.0785574669	0.0215638374	0.0227582121	-0.0619444805	0.0339571155	0.0493614327	0.1618304573	0.0389891538	0.0336555279	-0.0022837459	0.0710696051	0.071216503	0.0593985713	-0.0992091156	0.0386976295	-0.0613110639	-0.0242644576	0.0056318339	0.0241134524	-0.0253384069	0.0446581836	0.0040467359	0.1066560265	-0.0113138649	-0.0272331516	0.0753003028	-0.0602349318	0.0217781851	-0.0018966051	-0.022999446	0.0256731386	-0.0274263674	-0.0060139422	-0.0104658132	-0.031956109	0.0293763844	0.0566793563	0.0046591867	0.0257993618	-0.0270904334	-0.0510058977	0.0031248364	0.0479963838	-0.1366999821	0.0283522204	0.0042909607	0.0771130639	-0.0176984449	-0.0296687858	-0.0019071689	0.0472038721	0.0357135231	-0.0398974773	-0.0707237103	0.0202816572	-0.0262713626	0.0605370327	0.0301905978	0.0136507851	-0.0504479556	-0.0499376156	0.0676868011	0.0592665219	0.0460327599	-0.0208953915	-0.0277960033	-0.0718335052	0.0147584521	-0.0589563066	0.0529091245	-0.0759279486	0.0054922087	-0.0845329708	0.0307025794	-0.0141523952	0.0786817395	-0.0839997635	0.0634626219	-0.0552674693	0.1024186976	-0.0323810812	-0.0399387469	0.020330406	0.0907361357	0.1071792091	-0.0285253043	0.1037064521	-0.0393149794	-0.0004371455	-0.0905188925	-0.0190942006	0.1171169567	0.018316757	0.0320919655	-0.0481818864	-0.008576045	0.0567654346	0.0541937556	-0.0510837977	0.0345242707	0.0156572616	0.0806711799	-0.0165896129	-0.0264673337	0.0298629748	0.0327588716	0.0138733304	0.0247679275	0.0139757002	0.0089467409	-0.0075154312	-0.0052788082	-0.0267185075	-0.0087667495	0.0091513634	-0.0062045289	-0.0396332708	-0.0003890697	0.0376766657	-0.1200768863	-0.0395224913	-0.0205792859	-0.0889374376	-0.0221865189	-0.0208882013	0.0637183257	0.0397766315	-0.0486218538	-0.0849680357	-0.0303513764	0.0567580599	0.0	0.0481552	-0.0024771999999999	0.00231892328704	6.1365198399999945e-06	-0.367173	-0.078658	0.006187080964	0.134816011929	0.8278219999999998	0.0184749999999997	0.6852892636839998	0.0003413256249999	-0.00455139	-0.0004330599999999	2.07151509321e-05	1.875409635999999e-07	0.00122415	-0.0002456399999999	1.4985432225e-06	6.033900959999996e-08	0.000649652	1.000000000015745e-09	1.0000000000314906e-18	4.22047721104e-07	0.0	0.0	0.0	0.0	0.0	0.0	0.0	0.0	0.0	0.0	0.0	0.0	0.0
3639.047060999079	12.47789388000774	13242663.512166034	155.69783568073464	8218.372716466807	70.20987407321991	4929.426417377397	67541650.106766	3586.4538606289766	13.358715940578804	178.45529158107425	12862651.29442049	3691.483732262436	6097.896737496512	0.955918	42.167461	0.0953445499999999	0.0581255	-0.0279208204	-0.00674427	0.0221467083	-0.0329451361	0.0666226258	-0.133005096	0.0208004118	0.1074858652	0.0662816228	0.0272687413	0.0322276589	-0.0783166717	-0.0778691093	-0.0062474211	0.0334254949	-0.0412040877	0.014972639	0.0706589774	-0.0344813291	-0.052792804	-0.0360639311	0.0707912618	-0.1028736229	-0.0722980036	-0.0085018369	0.0249093953	0.0823125273	0.0155213311	0.052270217	-0.1165317762	0.0161008252	0.0772545624	-0.0773123163	-0.0600798933	-0.0654348222	-0.0582016112	-0.0869503629	-0.0290709579	0.0161485035	-0.0766472463	-0.0211924412	-0.0406713157	0.0487689365	0.0046281609	0.0414937974	0.0666950451	-0.0375701332	-0.1403639585	0.0166474522	0.0178603315	0.016058687	0.0265735346	0.0071050712	0.0429308315	-0.0073288827	-0.1220283596	0.0286500092	0.0174286107	0.0633172762	0.0699750787	0.0201580517	-0.0038954326	0.0249901196	0.0378030069	0.0316843449	0.054166224	-0.0141780585	-0.0934598851	-0.0009273429	0.0398128538	-0.011000422	0.0795606645	0.0011609528	0.0173994802	-0.0474137558	0.1007579923	0.0815788569	-0.0834079191	0.0875110218	-0.0439430789	-0.0267806039	0.0246015778	0.0057488168	0.0298382659	2.38355e-05	0.0288302435	0.0146288467	0.0423025518	0.071736261	-0.0791927163	0.032454374	-0.0891340955	0.001033093	0.005304478	0.0825539549	0.0083226253	-0.0129474234	0.0056479888	-0.1143403369	-0.0574026214	0.0875771241	-0.0131171023	-0.0621547461	0.0516760057	0.0434933743	0.0878658962	0.1113298931	-0.0729741949	-0.0104592952	-0.0219827079	-0.0129622882	-0.048463914	-0.0202004961	0.0203047602	-0.0812927916	-0.0538414705	-0.097349667	-0.003587227	-0.0728988904	-0.0053747044	0.046881558	0.0240761878	0.0569040694	-0.0267719508	-0.0715296619	0.0896157682	0.0210771096	0.0112142586	-0.0090996361	0.0796164801	-0.0112160204	0.0374834945	-0.0166368433	0.048343464	0.1290002044	0.0138033609	0.0574272167	-0.0361773231	0.0121207796	-0.0258964952	0.0717320213	-0.0041638631	-0.0632327359	0.0690943842	0.0689198591	-0.0006165995	0.0228554943	0.0898847165	-0.0086910594	0.1025139512	-0.0061880738	0.0586899238	-0.0130721758	-0.1112097812	0.0108943265	0.0116164436	0.0304045952	-0.0673156531	0.0428620143	0.0350946852	0.0389018737	-0.0502300546	-0.0845613042	-0.0266366943	0.0603483841	0.0	0.0473173	-0.0008379	0.0022389268792899	7.020764100000042e-07	-0.317243	0.04993	0.0024930049	0.100643121049	0.809064	-0.0187579999999998	0.654584556096	0.0003518625639999	-0.00439199	0.0001593999999999	1.92895761601e-05	2.5408359999999888e-08	0.000867177	-0.000356973	7.51995949329e-07	1.27429722729e-07	0.000649652	0.0	0.0	4.22047721104e-07	0.0	0.0	0.0	0.0	0.0	0.0	0.0	0.0	0.0	0.0	0.0	0.0	0.0
3635.826331239045	-3.220729760033919	13219233.110931171	10.373100187168143	8209.212089154973	-9.160627311834103	83.91709274632095	67391163.12472816	3578.7119395188706	-7.741921110105977	59.937342475104565	12807179.146054916	3685.344130008524	6146.732762254987	0.906667	39.994915	0.1820849	0.0992665	-0.0232803816	-0.0302599409	0.0100896043	-0.0644207113	0.0588349279	-0.1271036692	0.0169663955	0.0606448544	0.0412847924	0.0035296772	-0.0564294167	-0.0055321394	-0.0546524018	0.0185290272	0.0023893649	-0.0366630977	-0.0685901308	0.0125600787	-0.055830525	0.0190822774	-0.0601174463	-0.0961084929	0.0508303205	-0.0619726994	0.007746923	0.0723802604	-0.035108556	-0.027794558	0.0341318757	-0.0125641336	-0.0123402533	0.042793636	0.0361070908	-0.0007441194	-0.1586807224	0.0374633929	-0.0326842073	-0.0719492066	-0.0431198404	-0.0171299669	0.0287627176	0.0077433453	0.0140668936	0.0449164991	-0.0236372252	0.0803035517	0.0016737799	0.0099995512	-0.0758336287	-0.0743416988	0.1282218235	0.0073280378	0.0252581973	-0.0163906129	0.0149698845	0.0349338454	0.064067524	0.0363621252	-0.0761188002	-0.0029765201	-0.0380505475	0.0010296907	0.0486049969	-0.0206291339	0.0898202565	0.0026520493	0.0724361015	-0.0238401976	0.1272664382	-0.0047132584	0.0553403567	0.0457176877	0.1577047986	-0.0979552421	0.1761238614	-0.0535191316	0.0397374381	0.0316643396	-0.065183419	0.0460242282	-0.0432763522	0.0339748561	0.0545205685	-0.0827584982	0.0248917529	0.0154096083	-0.058601153	0.0012687483	0.0010131014	-0.0595111155	0.0473706936	0.0055187304	-0.0398778288	0.0217266431	0.0122572463	-0.0078374032	0.1274509416	0.0423233927	-0.048614081	0.0335247997	-0.0622040872	-0.0661144009	-0.0071589496	-0.0678939935	-0.0411766238	0.0210306413	-0.0075656036	-0.0496821369	-0.0205727849	-0.0677332215	0.0659248659	-0.1365666283	-0.0842251233	0.0390628045	-0.0352103111	-0.0486966798	0.0090782216	-0.0166575321	-0.0037405958	-0.0509624785	0.0373784869	-0.0230188678	0.072600864	0.0536978588	0.0344805748	0.0422152636	2.83312e-05	-0.0958735111	-0.0746946162	-0.0292036336	0.0647564568	-0.0017493981	0.0329770064	0.0884238787	0.0082453708	-0.0024672616	-0.0417127185	-0.0310005519	0.0001492251	0.0029739152	0.0411250723	0.0359243602	0.1396124207	0.0626112439	0.0018936189	0.1641710347	0.049822099	-0.0478807027	0.0152614409	-0.1086926239	-0.1686758716	0.0189634266	-0.0803842823	-0.0073318097	0.0599589513	0.0030410007	0.0241318898	0.0263980287	-0.0621732543	-0.0693384683	0.0380219642	-0.0518116494	-0.0840537993	-0.0228655838	0.0637389706	0.0	0.0217054	-0.0256119	0.0004711243891599	0.00065596942161	-0.406257	-0.0890139999999999	0.0079234921959999	0.165044750049	0.813512	0.004448	0.661801774144	1.9784704000000062e-05	-0.00466345	-0.00027146	2.1747765902500005e-05	7.369053160000017e-08	0.000288815	-0.000578362	8.3414104225e-08	3.345026030440001e-07	0.00106005	0.000410398	1.684265184040001e-07	1.1237060025000005e-06	0.0	0.0	0.0	0.0	0.0	0.0	0.0	0.0	0.0	0.0	0.0	0.0	0.0
3621.457313323213	-14.369017915832046	13114953.072222184	206.46867586550232	8215.500016537459	6.287927382485577	39.538030767411925	67494440.52172698	3577.9464696624204	-0.7654698564501814	0.5859441011338613	12801700.939769778	3687.0287451631793	6151.277350272692	0.911095	40.19022	0.21207395	0.110197	-0.0300373076	-0.03137254	0.017864046	-0.0792818989	0.1112919532	-0.0645718173	0.0272352296	0.0341105756	0.0493896155	0.0158777106	0.0334902981	-0.0643705754	-0.1158531071	-0.034897696	0.0606424621	-0.0462275529	0.0732879415	-0.0629738792	-0.1191244433	0.0031847473	-0.0102872497	-0.0196466257	0.0675068261	-0.1432428117	-0.0358545279	0.0810777135	-0.0695278908	0.0542385775	0.0253595457	0.0460678624	0.0254580588	-0.0213399876	-0.0381322303	-0.0306724078	-0.0232570993	0.100634791	0.0141889742	0.0931295973	-0.0128792036	0.0591494019	-0.0332299305	0.0415684048	-0.0267918762	0.0436274517	-0.0129508004	0.032481761	0.0486784074	0.0822152487	-0.0386481027	-0.0084841284	-0.0674543209	0.036093108	-0.1451651349	-0.0291586215	-0.046656998	-0.0505722005	0.0043145404	0.049716706	-0.0410105215	0.0278083468	-0.0299228401	-0.0667548007	0.0446451793	0.097256902	0.1181878256	-0.0126623348	-0.0213139048	0.0351844856	0.0209418302	-0.1271930545	-0.0805762002	0.0249878561	0.0125886864	-0.1027268308	-0.037796421	0.1078824177	-0.0450437241	-0.035025673	-0.0236554845	-0.0011203323	0.0242568699	0.0019063545	-0.1226618274	-0.0906919194	-0.0637905936	0.0209953793	0.0167256423	0.0963932289	0.0335875555	-0.0921094703	0.0139690018	-0.1123553872	-0.0144970264	-0.0457035812	-0.0546447428	-0.0086399868	0.1033013723	0.0252447568	-0.0383652942	0.0680770104	-0.0649314303	-0.0787694734	-0.0296778454	-0.0865838343	0.1018184111	0.0726663255	-0.062319501	0.0046301867	-0.0733763653	0.0133036272	-0.0005652298	0.0179430321	-0.0366729943	-0.1167069655	0.0076750502	0.0612189926	0.0459462466	-0.0252094824	0.0351415595	-0.04048755	0.0228585135	-0.0830072733	0.0033944137	0.0710362207	0.0972574803	-0.0047559952	0.0549914988	-0.015549139	0.1465326184	0.0178971643	0.0360375682	0.0074703729	0.0130481295	-0.0010517731	0.0452084123	0.0055816475	-0.0559355407	0.0184494972	0.0218823898	0.0472223412	0.0722497268	0.1418179162	-0.0029782463	0.0583697313	0.0205542436	-0.0659098216	0.1037971539	-0.000559306	-0.0360836287	0.0274452213	-0.0213758126	-0.0058583823	-0.0803783436	0.0691118717	-0.1154180682	-0.0526591748	-0.0036027686	-0.1027787907	-0.0513521851	0.1135604061	0.0371370197	-0.0533658005	-0.0834461259	-0.0190460337	0.0669185973	0.0	0.0510054	0.0293	0.00260155082916	0.00085849	-0.322229	0.0840279999999999	0.0070607047839999	0.1038315284409999	0.819793	0.0062809999999999	0.672060562849	3.945096099999976e-05	-0.00436801	0.00029544	1.9079511360100004e-05	8.728479360000008e-08	0.00156799	0.001279175	2.4585926401e-06	1.636288680625e-06	0.000785366	-0.000274684	7.545129985600005e-08	6.16799753956e-07	0.0	0.0	0.0	0.0	0.0	0.0	0.0	0.0	0.0	0.0	0.0	0.0	0.0
3613.438164391927	-8.019148931286054	13056935.367884098	64.30674958214627	8168.952136758985	-46.54787977847354	2166.705111871226	66731779.01265919	3573.445706773078	-4.500762889342241	20.256866586080317	12769514.219254944	3681.939223740127	6103.834236308507	0.908904	40.093586	0.1159855499999999	0.0668663	-0.0329451354	-0.0197376857	0.0298356811	-0.0857385837	0.1159385851	0.0207258639	0.012986077	-0.0708966597	0.0045354867	0.0371502564	-0.043187883	-0.0080615617	-0.0667519628	-0.0216697688	0.0306989163	-0.0187896287	0.0941104934	-0.0415588387	-0.0954669141	-0.0021167877	-0.0521220049	0.1149431174	0.017056531	-0.0813275787	-0.0284905395	0.0434737982	-0.0002279483	0.0169587542	0.0173708986	0.0552236725	0.0493070009	-0.06453041	-0.0284053486	0.0890077468	-0.0002760032	0.0520121455	-0.025345374	-0.0767858546	-0.0593036531	0.029416294	0.0080319364	0.0984149874	-0.0474245121	0.0133126548	-0.089192341	0.0404580109	-0.1083247379	0.059674366	0.0880296508	0.0198197532	0.0492998954	-0.0216688284	-0.048080619	-0.0099043854	-0.0442538297	-0.0998248984	-0.1049763814	0.0690066212	-0.0830202962	0.0314747085	-0.0436118259	-0.0134831553	-0.062141402	0.0044098099	-0.0269717493	0.0455842976	0.0031448145	0.0141726657	-0.0337411593	-0.0060523107	0.0357139596	0.047205643	0.073770569	-0.0252962622	0.0418293727	0.0030296444	0.0493529796	0.084625083	-0.0481227627	-0.0050648501	0.0450116045	0.0430099752	-0.0199740666	-0.0881073104	-0.0821923279	0.032804356	-0.0414097563	0.0376244552	-0.0160273555	-0.0621124026	-0.0506313804	-0.1156318619	0.0232866146	-0.0315661519	-0.0019488769	-0.0091012126	0.0335020242	-0.0907027625	-0.0264590364	0.0159778442	-0.0010988357	-0.0409912118	-0.0030245763	-0.0220437705	0.0707587695	0.02417766	-0.0727184774	0.0410125982	-0.0210612967	0.07789338	0.0921770849	-0.0002570714	-0.0628953077	-0.0557086592	0.0384257136	-0.110168322	-0.0055404117	-0.0099438865	0.0610535588	-0.0195365792	-0.0721368765	0.0061543844	0.1282673681	0.0508443759	0.0060597626	-0.0222169573	-0.1180947115	0.0150297249	0.0786445157	0.0328856788	0.0396121163	-0.0182419668	0.1248945807	-0.0357632167	0.0813130142	0.0338563406	-0.0786516368	0.0273462722	0.0084563955	-0.0051164593	-0.0788602431	-0.0265608571	-0.0356467473	0.047779525	-0.0428448727	0.0074481604	0.017080027	-0.0164895653	0.0167577009	-0.0064264488	-0.0831433191	-0.0251275374	-0.0323017252	0.0426852391	0.0467661301	-0.0198882353	-0.0243608435	-0.0520289861	-0.0668900147	-0.0311389714	0.0362471574	-0.0548916848	-0.0827390082	-0.0151861356	0.0698767404	0.0	0.0502199	-0.0007855	0.0025220383560099	6.170102500000023e-07	-0.377164	-0.054935	0.003017854225	0.142252682896	0.8508599999999998	0.0310669999999998	0.7239627395999997	0.0009651584889999	-0.00447634	-0.0001083299999999	2.00376197956e-05	1.173538889999986e-08	0.0013	-0.00026799	1.69e-06	7.181864010000004e-08	0.000993007	0.0002076409999999	4.3114784880999984e-08	9.86062902049e-07	0.0	0.0	0.0	0.0	0.0	0.0	0.0	0.0	0.0	0.0	0.0	0.0	0.0
3607.0151361466974	-6.423028245229489	13010558.19239138	41.25529183901581	8181.772348755565	12.820211996579928	164.35783563725192	66941398.76686116	3572.136339109324	-1.309367663754074	1.7144436788848014	12760158.025185363	3684.476339247388	6107.087468139234	0.911622	40.213474	0.14433365	0.0776501	-0.0311542572	-0.0251285891	0.022189182	-0.1034076003	0.1083074066	0.0454624891	-0.0297936302	0.043108831	0.0268504645	0.0318452236	0.0013984105	-0.0786207331	-0.0232890104	-0.0478288758	0.0090673605	-0.0024485006	-0.0051709266	-0.0703139712	-0.0407375818	-0.0431007817	-0.0696364932	-0.037862836	0.032864785	0.003709296	-0.0405622826	0.0311699121	-0.0207700774	0.0200387112	-0.0820365281	0.1645998806	-0.0118965322	-0.0474882615	0.035116797	-0.019869824	0.02231139	0.0054040085	0.1022049085	0.0368810192	-0.0574353992	0.0088195755	0.009929525	-0.1115054439	0.0277085054	0.1093853995	-0.0566682035	0.0339567457	-0.0137750145	-0.0638907463	-0.017206118	0.0684160113	-0.0022100233	0.0080211786	0.0594677761	-0.0074452891	-0.0291323637	0.0171864915	0.0562721932	0.0187019723	0.0776648208	-0.0653895379	0.0510085373	-0.0381440823	-0.0376677873	-0.0450052922	0.0059023375	-0.019347489	-0.0564231106	-0.137090004	-0.0111117904	0.0142248936	0.02952945	0.055558607	-0.0063286123	0.0196411951	-0.0120240512	-0.0370070346	-0.1049407218	-0.0252594196	-0.0028382432	-0.0119156117	-0.0501031531	-0.0121065129	0.005268187	0.0872985315	-0.0389470585	0.0233157129	-0.0096136181	0.1131651398	0.0070628226	0.0235695634	-0.0174274175	-0.0508043524	-0.0033916597	0.0103241257	-0.0192669896	0.0784014909	0.0719058455	-0.0169727853	0.0361532878	-0.0184067162	-0.0621069629	-0.0202475056	0.0090384803	-0.0096377114	0.0158194633	-0.0996529004	-0.161115638	0.0509698687	-0.0435517897	-0.0171212092	-0.0853438648	-0.0070011798	0.0220011916	-0.0074650549	0.0592398213	0.0335086416	0.0537898093	0.0106959056	-0.0944732965	-0.0521184525	-0.0341304307	-0.0746198117	0.048620001	-0.0093538732	-0.0774620564	-0.0196627585	0.0350333201	0.01446277	-0.0480635954	0.0421576632	0.0187133301	-0.0679650711	-0.0322398085	0.0724834853	-0.0215308285	-0.0293409693	0.0730685838	0.017853937	-0.0450576498	-0.0012993648	0.0606195728	-0.0991907133	-0.065273354	-0.0126873692	0.0685252043	0.0592382843	0.0083011532	0.0446044018	0.0144857209	-0.0159381819	-0.0157929051	-0.0469282218	0.0477111027	0.0317077015	-0.0644730666	-0.0202552874	0.0489037898	0.0006825473	0.0523062401	0.0065869922	0.035352495	-0.0563884939	-0.0819332888	-0.0112940664	0.0726036092	0.0	0.0696229	0.019403	0.00484734820441	0.000376476409	-0.311149	0.0660149999999999	0.0043579802249999	0.096813700201	0.862106	0.0112460000000002	0.743226755236	0.000126472516	-0.00418766	0.0002886799999999	1.75364962756e-05	8.33361423999997e-08	0.00182816	0.00052816	3.3421689856e-06	2.789529856e-07	0.00112956	0.0001365529999999	1.8646721808999995e-08	1.2759057936e-06	0.0	0.0	0.0	0.0	0.0	0.0	0.0	0.0	0.0	0.0	0.0	0.0	0.0
3610.420027309243	3.404891162545482	13035132.773595674	11.593283828780324	8145.018896433228	-36.75345232233667	1350.8162576102748	66341332.82325436	3568.525092364532	-3.61124674479197	13.041103051770598	12734371.334835293	3676.6960489461712	6054.049253583636	0.906388	39.982574	0.1302998999999998	0.0661374	-0.0384141021	-0.0214996778	0.0293295197	-0.0898625054	0.037322357	0.0597879434	-0.1309347983	-0.0333523083	0.0320844874	0.0318466643	-0.0558632155	-0.0522089997	0.0313638091	-0.0539718755	-0.013914338	0.0930068394	0.050394996	0.0130512087	0.0230319017	-0.0222232608	-0.0401678093	0.0832831959	0.0420434664	-0.0846427568	-0.0811547884	0.0083060434	-0.0149654957	0.0547012796	-0.060000116	0.0568013375	0.0017053572	0.0560267787	-0.0088227006	-0.0011293238	-0.0077378463	-0.129959938	0.0425475958	0.0365331322	0.0660258971	-0.0019335101	-0.0364444052	0.0342459952	-0.014012984	0.0464935966	0.0405237898	0.0826566265	-0.0049689457	0.0253126575	-0.0793600133	-0.030492252	0.0931801742	0.1058073931	-0.0292381217	0.0303302727	-0.0722988415	-0.0608372082	0.0363193461	0.0627710983	0.0165755192	0.0285825015	0.043852115	-0.0119672598	-0.0489065904	0.0072436238	-0.0196691475	-0.0199264501	-0.0453624019	-0.0294423401	-0.0179968865	0.0850328974	0.030834417	-0.000153384	0.0276294076	0.1070040888	-0.0499772624	0.0280157759	-0.071625917	0.0170764747	-0.0047157067	-0.0514676247	-0.0491892319	-0.0476057374	-0.0055196564	-0.0140872866	0.0051679059	0.0323154558	-0.0651006846	0.0394304874	0.0319096206	0.0410538343	-0.0397817044	-0.0348938855	0.0926378886	-0.0401301637	0.0293054736	0.0625528312	-0.0374716563	-0.0615227798	-0.0601724909	0.0468495614	-0.0687701866	-0.0146075632	-0.0423865169	-0.0058554657	0.1076585791	-0.0259815509	-0.0308230917	-0.0122689566	0.0499932648	-0.0208088293	-0.0400013857	-0.0274379011	0.1005006432	0.0464235961	0.0236127591	0.0438417699	-0.0673491887	0.0329007262	0.0249370918	-0.021409082	0.016178802	-0.0196899913	0.0398847793	0.094223959	0.034890631	0.038274194	-0.0310851773	-0.1143414909	-0.0310741212	0.0885933419	0.0035607561	0.0005489015	-0.0018268666	0.0786959288	0.0650875437	-0.0428172824	-0.0082767835	0.0181664446	-0.0211305578	0.0488832404	-0.0016032836	-0.055574856	-0.0838027456	-0.0247108782	0.0008545287	0.0444625837	-0.0591049764	-0.0265569427	-0.0669121417	0.0923865594	0.0635359954	-0.0231230687	0.0895363029	0.0232873493	-0.0243983557	0.0051570578	0.0539835644	-0.0179168977	0.054639726	0.0024013688	0.0344531511	-0.057855435	-0.081029928	-0.0073780714	0.0750901786	0.0	0.0546729	-0.0149499999999999	0.00298912599441	0.0002235024999999	-0.355304	-0.044155	0.001949664025	0.126240932416	0.8687749999999999	0.0066689999999998	0.7547700006249998	4.447556099999752e-05	-0.00462219	-0.0004345299999999	2.13646403961e-05	1.8881632089999986e-07	0.0011723	-0.0006558599999999	1.3742872900000002e-06	4.301523395999998e-07	0.000929432	-0.0002001279999999	4.005121638399997e-08	8.63843842624e-07	0.0	0.0	0.0	0.0	0.0	0.0	0.0	0.0	0.0	0.0	0.0	0.0	0.0
3610.7688946421695	0.3488673329266021	13037652.010515437	0.1217084159833206	8136.372948076472	-8.64594835675598	74.75242298769143	66200564.75019062	3567.5454572605577	-0.9796351039744876	0.9596849369391054	12727380.58962044	3678.4186818169273	6089.445493752616	0.940823	41.501602	0.1506891	0.0984222	-0.0391473678	-0.024216808	0.0276314042	-0.0700771535	-0.0192887329	0.1147134903	-0.0534022156	0.0740686307	-0.000624983	0.039076867	0.0104394152	-0.1019801896	0.0237790022	0.0354276049	0.0877162693	0.0057038621	0.0420077054	-0.0218500494	0.0085021254	-0.0268953169	0.0292259646	0.03218345	0.0012414848	-0.0453722223	0.009341121	-0.1062004032	-0.0201098751	0.0239764398	-0.0252218638	0.0618518571	0.007747334	0.0196404804	0.0094363004	-0.1109270434	0.0624769767	-0.0559439801	-0.0050016305	-0.0208887021	0.1485521442	-0.0249268029	0.0698249339	0.0760086109	-0.0298605785	0.1794961382	0.0123151432	-0.037171727	-0.0520670551	0.1041122657	-0.0356659015	0.0219690657	0.0085359826	0.0914745538	0.0386797634	0.0547632109	0.0285657734	-0.0157736568	0.0276122683	-0.0919083855	0.0868886873	0.0387998216	-0.0216997068	-0.0583704864	0.0977490962	-0.0426613527	0.0402028777	0.0393090209	0.0496281731	0.076411571	-0.0325309017	-0.0585361377	-0.0312098541	0.0476982337	0.0334585562	0.077626382	0.0694592713	-0.0076645853	0.1133163555	0.0212368124	-0.1298702978	0.1364163749	-0.0252819462	-0.0409676667	0.0263399979	-0.0145570115	-0.0112504516	0.0320235726	0.0001415661	0.0998982202	0.0806822574	0.0305219353	-0.0404873491	-0.0196355445	-0.0429059531	-0.0739930733	-0.0098668054	-0.0027566647	-0.0367042735	0.0162877079	-0.0139885181	0.0053600036	-0.0038233325	0.1026443855	0.0161267189	-0.0223953399	0.0459158103	0.0020925572	-0.0194245736	0.0306865116	-0.0239053686	-0.0687063418	-0.0466544851	0.1142438518	0.0543976712	0.1087562244	-0.0528294638	0.0565926265	-0.0554988916	0.0485875842	0.083070569	-0.18353486	-0.039276487	0.0287304085	0.0162644287	0.0429569059	0.0651795298	-0.1161518202	0.0061451689	-0.0694625131	0.0030884261	0.0803457673	-0.0262046104	0.0450737858	-0.0406436953	0.0133608742	-0.0076867429	0.0177010734	0.1114055363	0.0060423418	0.0580541114	-0.0525520558	0.0051120417	0.0415439167	0.0366716764	0.0314681894	-0.1313296053	0.0410383221	0.1303882555	-0.0074046609	0.0674128798	-0.0017527488	-0.0248380239	0.0459682175	0.069477381	0.0132813548	0.1533843362	-0.0745208414	-0.0452836445	0.0861600637	-0.0251130089	0.0366946844	0.0335492447	-0.0592917311	-0.0800300023	-0.0034464463	0.0773282186	0.0	0.0647475	0.0100745999999999	0.00419223875625	0.0001014975651599	-0.363156	-0.0078519999999999	6.165390399999953e-05	0.131882280336	0.875587	0.0068120000000001	0.766652594569	4.6403344000002064e-05	-0.00636062	-0.00173843	4.04574867844e-05	3.0221388649e-06	0.0016731	0.0005008	2.7992636100000004e-06	2.5080064000000004e-07	0.000649652	-0.00027978	7.827684839999999e-08	4.22047721104e-07	0.0	0.0	0.0	0.0	0.0	0.0	0.0	0.0	0.0	0.0	0.0	0.0	0.0
3610.5873484856206	-0.1815461565488476	13036341.001044424	0.0329590069576586	8132.282728141912	-4.090219934560082	16.729899113072683	66134022.37043526	3562.0782384512263	-5.467218809331371	29.89048150910673	12688401.37684779	3673.369324209552	6055.01936642783	0.91001	40.142357	0.1079044999999999	0.0540841	-0.041559377	-0.0306171997	0.0288130838	-0.0751256278	-0.0469943144	0.0143642659	-0.0835942819	-0.0120005637	0.0571248295	-0.0003841644	-0.0500059534	-0.0016558974	0.0159673434	0.0220624533	0.0004862494	0.0392819313	0.0910771025	-0.0042720882	-0.0190873703	0.0451319279	0.0569063049	-0.0334655061	-0.0683636054	0.0018933257	0.0159699783	-0.0165216279	0.0566462853	0.0447867829	-0.0884440334	0.0760054431	-0.0271575261	-0.0689317299	-0.1364336676	0.0151937742	-0.071551585	-0.0750466435	-0.0676811063	0.0772247463	-0.0755190125	0.0127865223	-0.0453357448	0.0504575219	0.0461590534	-0.0711009194	-0.0041757628	-0.0937410611	-0.0479532352	0.0313047074	0.0395830473	-0.0271479462	-0.0519529964	-0.0756200484	-0.0001589012	0.078988916	-0.0240524324	0.0608125587	-0.0457229814	0.0389514173	0.0439620363	0.0129306252	-0.0364579341	0.0130308737	-0.0632749009	-0.0435822916	-0.0074178529	-0.018089746	0.000822613	-0.00274923	0.030486699	0.0549985834	-0.0844259987	-0.0550637405	-0.0460154639	-0.0737978104	0.0304743526	-0.0761767882	-0.0048528715	0.0168264069	-0.0393938275	-0.01684702	0.0538655294	0.035834029	-0.0510890739	-0.0422299603	0.0253610597	0.0119826414	-0.0600710947	0.0136402605	0.0280917819	-0.0062001264	-0.0181132368	0.0178330369	0.0472979082	-0.0816531169	-0.0507432676	-0.0698168696	-3.78923e-05	0.0387890704	0.0137368815	-0.0096341512	0.0608850354	0.0177528333	0.0111665594	0.0184089652	0.0915030693	-0.0629420612	-0.0724427653	-0.1220353324	-0.0436245026	0.1034585455	-0.0173806089	-0.0514858129	0.1033871012	-0.1051459527	-0.0548190416	-0.0442886348	-0.0281327642	0.0081272984	-0.0300824284	0.0298858785	-0.0099441588	0.099186052	-0.0014202543	-0.0699380767	0.0212334538	-0.0386846092	-0.02675059	0.0333967608	0.032520305	-0.0968131545	-0.1171664633	-0.0136800614	0.0188627598	-0.0218624063	-0.0001267643	-0.0048919584	0.04339522	-0.030601633	0.0123054456	0.0667952861	-0.0725890138	-0.0087541574	0.0356668116	-0.0131388362	0.0169381794	-0.0011771972	-0.0601073112	0.0264718721	-0.0500613298	-0.1284180368	0.0590309128	-0.0394100278	-0.0891659149	0.0386358625	-0.0188043916	-0.019938747	-0.0327494944	-0.0523970018	-0.0396144271	-0.023098223	0.0326408955	-0.0606966215	-0.0789347034	0.0004924799	0.0793103218	0.0	0.0522972	-0.0124502999999999	0.00273499712784	0.0001550099700899	-0.412502	-0.049346	0.002435027716	0.170157900004	0.8905659999999999	0.0149789999999998	0.7931078003559997	0.0002243704409999	-0.005867	0.00049362	3.4421689e-05	2.4366070440000015e-07	0.00173635	6.324999999999994e-05	3.0149113225e-06	4.000562499999992e-09	0.000715366	6.571400000000003e-05	4.318329796000004e-09	5.11748513956e-07	0.0	0.0	0.0	0.0	0.0	0.0	0.0	0.0	0.0	0.0	0.0	0.0	0.0
3623.0561861430624	12.468837657441782	13126536.127949512	155.47191252763827	8192.576429995745	60.29370185383232	3635.330483238823	67118308.56132182	3569.549431661472	7.471193210245929	55.81872798482487	12741683.14507474	3677.3552888064783	6076.9505178335485	0.975105	43.013813	0.2810776999999999	0.176143	-0.0483965973	-0.0396728161	0.042135633	-0.1008613412	0.0862418584	-0.0149555132	-0.0222223317	0.1345274292	0.1444585362	0.0458699848	0.0013557354	-0.0288622828	-0.0111435644	0.0919730133	0.0110641144	-0.006063791	-0.003119004	0.018971492	-0.0685235411	0.0471442257	-0.0811334059	-0.0086893368	0.0681673079	-0.0323298163	0.0560872496	-0.063733615	0.0545224627	-0.0219930543	0.0331424788	-0.0589584816	-0.0852063658	-0.0143451683	0.097273123	-0.0352048742	-0.1201066106	-0.0091127148	-0.0544497565	0.026506121	0.0440774522	0.0298571153	-0.0487182356	0.0719009855	0.0512538386	0.0329656862	0.0354449627	0.0361914084	0.0147242304	0.0037985743	0.0400782079	0.0423407476	-0.0196353432	0.0034812643	-0.0557609565	0.0730080072	0.0054917768	-0.0158586904	-0.0430338245	0.0244673748	-0.0023581373	-0.0070279482	0.0701248868	-0.0278068967	-0.0336403772	-0.034307247	0.0074609037	0.0504659385	-0.0544257647	-0.0597958994	-0.0717700575	-0.0522744992	-0.0288159781	0.0534354068	-0.1662300792	0.1163610529	0.0761285355	-0.0480147964	0.0134076153	-0.1217569549	-0.0299306135	-0.0845677545	0.0476235221	-0.0593607995	-0.0096014989	0.0210580384	-0.0142543009	0.0431443936	-0.0114416383	0.0119159957	0.0869447408	-0.0726742083	-0.0346264304	0.0255974243	-0.0162391998	-0.0069427988	0.0233240975	-0.0203344705	0.1113880275	-0.0564273244	-0.0293211412	0.0552735976	0.005931956	0.0734746165	0.0116992811	0.0011857799	-0.0726031849	0.0007178406	0.0468590109	-0.0546378617	-0.0616550666	-0.0979926891	0.111857305	-0.0583175961	0.058467094	-0.0199080636	-0.0264092275	0.0511320923	0.0058744068	-0.031934585	0.0115802036	-0.0537927658	0.0829502316	-0.0075836715	0.0083264597	-0.0352122164	0.0115257394	-0.0251871139	-0.0133194365	-0.0109558431	0.0687156301	-0.021002015	-0.0486694796	0.024728505	0.0362240858	0.0388655821	0.0276260455	-0.0143848489	-0.0008290666	0.0275434454	0.0126393591	-0.0801987092	0.0038460761	-0.1334115743	-0.1051659255	0.0605525397	-0.0049413557	-0.043863557	0.0569672279	0.081252832	0.1580424621	-0.0433920236	0.1513237782	-0.032703774	-0.0070950654	-0.0871960782	-0.0526871372	-0.0223702542	0.0196497432	0.045617159	0.0100677199	-0.008253137	0.0317282239	-0.0620693619	-0.0777453364	0.0044303628	0.081029928	0.0	0.061961	0.0096638	0.003839165521	9.338903044e-05	-0.281051	0.1314509999999999	0.0172793654009999	0.078989664601	0.82974	-0.0608259999999998	0.6884684676	0.0036998022759999	-0.00453244	0.0013345599999999	2.0543012353600005e-05	1.7810503935999985e-06	0.00173635	0.0	3.0149113225e-06	0.0	0.000963544	0.0002481779999999	6.159231968399997e-08	9.28417039936e-07	0.0	0.0	0.0	0.0	0.0	0.0	0.0	0.0	0.0	0.0	0.0	0.0	0.0
3624.145986315887	1.0898001728246527	13134434.130129552	1.187664416688643	8194.159855336451	1.5834253407065262	2.5072358095915783	67144255.73480749	3580.1817121834592	10.632280521987012	113.04538909822443	12817701.092252886	3686.410137469952	6095.017515869141	0.905166	39.928699	0.2393395	0.137554	-0.0459203189	-0.0562733977	0.0284249963	-0.1183520854	0.0689507271	-0.0911204141	-0.0326477601	0.02445025	0.073693924	0.0404704345	-0.0893862571	0.0041347699	-0.0892576891	0.1286569769	-0.0166435224	-0.0029841205	0.0436082221	0.0744836228	-0.0107409456	-0.1293087273	-0.0368469541	-0.0915152484	-0.0220149279	0.0133377003	-0.0035812973	0.0116284417	0.031011371	-0.0380634911	0.0269237129	0.0195316274	0.0951267185	-0.0208003501	-0.0191902257	0.0149805039	-0.0001346095	-0.0177731564	-0.0861042237	0.0478691456	-0.0002943513	-0.0303560855	-0.1360675384	-0.0895835818	0.0593843371	-0.0251452203	0.0343611908	-0.0318471671	-0.0490929704	0.0029494862	0.0116424402	-0.0047483359	0.0428978347	0.1044892856	-0.0648477609	-0.0457576667	0.0571415344	0.0594649457	0.1110049958	0.0171428326	-0.0133439955	0.02349688	-0.065363893	0.0322904401	-0.0658885686	0.0089200594	0.0017438979	-0.0591280044	-0.005121885	0.0893725277	-0.0001521982	-0.0038066988	-0.0319408439	-0.027248219	-0.066083692	0.0574055895	0.0192321054	0.0487294882	0.0511801205	0.0248173884	-0.0381992094	0.008166876	-0.0289089736	-0.087205522	0.1066663439	-0.0600950593	-0.0583649571	0.0434739866	-0.1024106608	-0.0089853753	0.0740465978	-0.1630146034	-0.014685262	0.0079900156	0.0376186831	0.0137838503	0.0638886588	0.0443137988	0.0191511992	0.0892066994	0.0261988051	-0.0786223814	-0.011774278	0.0273321912	0.0286879969	0.0374416917	-0.0335472864	0.033272828	-0.0145661877	0.066526583	0.0096782225	0.0569221532	-0.0122959695	-0.0327897239	0.0130125298	-0.0436076213	-0.0620862829	0.0169835203	-0.0582240538	-0.0485208074	-0.1622153837	0.0424128808	0.0636547205	0.0616146129	-0.0185060862	-0.0470766047	0.0090467871	0.0049653599	-0.0315399959	-0.0896419678	0.0229972468	-0.0083067991	0.0991925192	0.0474624198	-0.0447513812	0.0509336756	-0.0492633116	0.0445810734	-0.0143635139	0.0104199554	-0.0295533229	0.1149478744	-0.0677629625	0.0354339161	-0.0250705091	-0.0162602901	-0.0303906231	-0.0114092079	-0.0113131046	-0.0527024173	0.0286530601	0.0644535553	0.0756015635	0.0479947366	-0.0082624305	0.0066159794	0.0348301658	-0.0124015779	0.046390751	0.1182221105	-0.0210822355	0.0032086539	0.0308113507	-0.0634092253	-0.0764633189	0.0083588602	0.0824813458	0.0	0.033266	-0.028695	0.001106626756	0.000823403025	-0.398875	-0.1178239999999999	0.0138824949759999	0.159101265625	0.816322	-0.013418	0.666381607684	0.000180042724	-0.00459179	-5.934999999999968e-05	2.10845354041e-05	3.5224224999999623e-09	0.000521542	-0.001214808	2.72006057764e-07	1.475758476864e-06	0.000649652	-0.0003138919999999	9.852818766399999e-08	4.22047721104e-07	0.0	0.0	0.0	0.0	0.0	0.0	0.0	0.0	0.0	0.0	0.0	0.0	0.0
3615.0063188905433	-9.13966742534376	13068270.685618555	83.53352064588982	8199.541986646598	5.382131310147088	28.96733743966561	67232488.79078044	3575.023797697622	-5.157914485837409	26.604081843211382	12780795.154104326	3684.812310283188	6090.289417048863	0.927066	40.894737	0.2587919	0.120662	-0.0514365881	-0.0445460155	0.0376854635	-0.1393453066	0.1007536051	-0.0262985187	0.0202257361	0.0799545828	0.0568944262	0.0380600422	0.0133640448	-0.0659035114	-0.0670844213	-0.0149900474	0.0595342904	0.0392820186	0.0125523782	0.0006613788	-0.0705412704	-0.0341412718	0.018822443	0.1113724308	0.0513992646	0.0291916238	0.0594502219	0.0405039137	0.023948728	-0.1092732343	-0.0738989359	-0.0100307609	0.0301479402	-0.0092312995	0.0493845492	0.0902249697	0.0652218789	0.0122523769	-0.0402473662	-0.0111240365	-0.0126437542	0.037329725	-0.0098876555	-0.0768415162	0.0115055149	0.0506989654	0.0483644676	-0.0272086007	0.1135216027	0.0771029209	0.0646696357	-0.0249382547	0.0344173698	0.069626127	-0.085639648	0.0227796935	0.1400113559	-0.0345084734	-0.0104867232	-0.0571935297	0.0248171425	-0.0136948343	-0.0686884007	-0.0328763664	0.1030549439	-0.0241198871	-0.039462275	0.0810880767	0.0871475486	-0.0300920062	-0.0221235137	0.0415837924	-0.0526073498	0.0089298058	-0.0024165139	-0.0923729919	0.0726117935	0.0296819752	-0.0665606183	-0.00873566	-0.0295512505	-0.0619204098	0.0018290367	0.1354791754	0.0109056112	0.0425661022	0.0538191603	0.0326900846	-0.0024811334	0.094944026	0.0303065233	-0.0426203477	-0.034853138	-0.0576989829	-0.0080723071	-0.0374346719	0.0803892658	0.0341119407	-0.0063844713	-0.0552366596	0.0539188549	0.0482906337	0.0396679205	-0.064928796	0.1350329882	0.0644408177	-0.0209362974	-0.0033860359	0.0197616192	0.082335372	0.0358203167	0.0026940995	0.0261586515	0.0188690458	0.0183636409	-0.0320794125	-0.0011654243	-0.0332791486	0.0372083818	0.0296219557	-0.0524667292	-0.0444285493	0.0472216195	-0.053253193	-0.1213598925	0.073420631	0.0546901119	-0.0171979485	-0.0489681337	-0.0231286304	0.0682860584	0.0451829403	0.0362387704	0.1588743666	0.0430662384	-0.0163274039	-0.0258669179	0.079621168	0.0644961385	-0.0119916221	-0.0140950896	-0.1166795839	0.0338492794	0.0067156735	0.0673419881	0.0290716858	-0.0376056649	0.0455679819	-0.0151412942	0.0713228222	-0.0127008579	-0.0371504932	-0.0546798837	0.096883094	-0.0359908608	0.0654211372	-0.020898751	-0.037315328	0.064701008	-0.0471480511	-0.0627346446	-0.1484983052	0.0298903973	-0.064715502	-0.0750901786	0.0122696499	0.0836597713	0.0	0.0641749	0.0309089	0.00411841779001	0.00095536009921	-0.312834	0.0860409999999999	0.0074030536809999	0.097865111556	0.8628749999999998	0.0465529999999998	0.7445532656249997	0.0021671818089999	-0.0041762	0.00041559	1.744064644e-05	1.7271504810000032e-07	0.00173635	0.001214808	3.0149113225e-06	1.475758476864e-06	0.000925034	0.000275382	7.5835245924e-08	8.55687901156e-07	0.0	0.0	0.0	0.0	0.0	0.0	0.0	0.0	0.0	0.0	0.0	0.0	0.0
3612.925035652581	-2.0812832379624524	13053227.313245203	4.33173991662347	8165.089456824617	-34.45252982198144	1186.9768111345206	66668685.83794852	3560.379842122396	-14.643955575225846	214.4454348891881	12676304.620191498	3670.392626033286	6061.292636108398	0.928632	40.963821	0.15908635	0.111007	-0.0551947226	-0.0443688995	0.0335518598	-0.1266348599	0.0846989074	0.0129404864	-0.0115207433	-0.0169888586	0.0049046102	0.0319032416	-0.0924287148	-0.023115586	0.0339841299	0.018784737	-0.0386669572	0.0823362517	0.0100886296	0.0139867095	0.0200439748	-0.0451067415	0.0269255918	-0.0246718657	0.0181380864	-0.024914309	0.0344855342	-0.0178344321	-0.0067518098	0.0825180893	0.0478580277	0.0497318257	-0.030714719	-0.070085589	-0.0272571042	-0.0613534496	0.0212847024	0.0413458152	0.0160954861	-0.0849638372	0.0189360844	0.0724875784	0.0587018552	-0.0035457005	0.0633863984	-0.0348504718	0.0915926495	0.0193044344	0.1066375408	-0.1329897231	-0.0812924173	-0.0125871622	-0.0638115934	0.0518199333	0.0576305687	-0.0151647177	0.0600965294	0.0016378234	-0.0234394496	-0.0017216924	-0.0249638898	-0.0799271398	0.0540703846	-0.0288990285	-0.0594563584	0.0339794435	0.0659411297	0.0133255227	-0.0100260729	0.0103253707	-0.0517671721	-0.0290438865	-0.0259759905	0.0043912178	0.0201654447	-0.072258504	0.0373176975	0.0555076591	0.1116453188	-0.0087542832	-0.0326547199	-0.0297979024	0.0498134617	0.047048084	0.0509412236	-0.0239331548	-0.1391581784	0.0355092584	-0.1011279182	0.0105820633	0.0430982623	0.0109677782	-0.0385931081	0.0423611318	0.0739357978	-0.0096431588	0.0283987409	0.038071066	-0.0229870995	0.0406545484	-0.0001450136	0.039057403	0.0150148261	0.0260838902	-0.0433823282	-0.0583812308	-0.0039554352	-0.0322212641	-0.0527937941	-0.0328993428	-0.0619174959	0.0355056055	0.0201120339	0.0759868601	-0.0271288224	0.0765692094	0.0151673058	-0.0321429358	0.0685430837	0.0101564317	0.020899347	0.0068731957	0.1055837816	-0.0449957318	-0.0713005194	-0.0962251378	-0.0363872145	0.1184813447	0.1504424862	-0.0096129686	-0.0658826456	0.0334937426	-0.0018634479	0.0175485564	0.042061931	-0.0067052018	-0.0486121666	-0.0624041372	-0.0079954281	0.0657937678	0.0207730315	-0.0201888961	0.0406817898	-0.016276496	-0.0652530469	0.0747079495	-0.0126454871	-0.056788438	0.0066732759	-0.013360046	-0.0080019962	0.0383113185	-0.0489443256	0.0301766231	-0.131880581	-0.0216870305	0.046187417	-0.0146602657	-0.030589472	0.0047518132	-0.0148574208	-0.0750419063	0.0289654857	-0.0659875001	-0.0736275519	0.0161544469	0.0845613042	0.0	0.0546647	-0.0095102	0.0029882294260899	9.04439040400002e-05	-0.413616	-0.1007819999999999	0.0101570115239999	0.1710781954559999	0.868576	0.0057010000000001	0.754424267776	3.250140100000203e-05	-0.00473675	-0.0005605499999999	2.24368005625e-05	3.142163025e-07	0.00154096	-0.0001953899999999	2.3745577216000004e-06	3.817725209999997e-08	0.0008191109999999	-0.0001059230000001	1.121968192902119e-08	6.709428303208362e-07	0.0	0.0	0.0	0.0	0.0	0.0	0.0	0.0	0.0	0.0	0.0	0.0	0.0
3609.2367591411007	-3.688276511480126	13026589.983535357	13.603383625136008	8112.557201364187	-52.53225546042995	2759.6378637598723	65813584.34540593	3564.489638054508	4.109795932111865	16.890422603603234	12705586.379797956	3676.244060522346	6074.231511143275	0.97863	43.169338	0.1896722	0.14332	-0.0632657001	-0.0398219692	0.044875807	-0.0783152057	-0.0514585292	0.0974429889	-0.0532696735	0.0544479223	-0.0403690434	0.0594809788	-0.0160803396	-0.0962709188	-0.0320730621	0.0283130179	-0.1214882796	-0.0132101983	0.0481466048	-0.0258972535	0.0171374108	0.0369007393	0.0399509614	0.0467689021	0.0204988909	0.0177326438	-0.0144228515	0.0261070229	-0.0266173641	-0.11668407	-0.0182133169	0.0297167511	0.0488299618	0.1208552763	-0.0310362698	0.0829164837	0.0377819014	-0.0721174331	0.1081272894	0.0104310751	0.0010525927	-0.0214474918	0.056476917	0.0414090841	-0.069310275	-0.0671013618	0.0456787022	-0.0177829697	0.0037073388	0.0043259239	0.0027818737	0.0142637486	-0.0316234759	-0.1063323126	0.0332383409	0.0479236858	-0.009505029	-0.060100449	-0.02837411	-0.0278154037	0.0185469655	0.1748366906	-0.007499692	0.1402032214	-0.0133489048	0.0124028866	0.0367786867	0.0126962286	-0.0445171487	-0.1360262876	-0.0209371116	-0.0356468869	-0.004016148	-0.020720047	0.0406747854	0.0042158973	0.0437913624	0.0682436126	-0.0068258501	0.0778855059	0.1387028162	-0.0012023456	0.0404219158	-0.0095689985	0.0783175055	0.0564126336	-0.0149692017	0.0497120276	-0.0340999624	0.1073870689	0.0607644552	-0.0144497421	-0.040710886	-0.0031601089	0.0651426889	0.0911967873	-0.0416760554	-0.0535453903	-0.0518670811	-0.0374815936	0.0319891076	0.0251716391	-0.0217162314	-0.0451106127	0.0758193921	0.0318663283	-0.0126631229	0.057385255	-0.022334109	0.0322002318	0.1057770317	0.0064061869	-0.1029619835	-0.070649626	0.0115092219	0.057160277	0.0589176781	-0.0021371011	-0.0348636764	0.040089812	0.1129976265	0.0764183016	-0.0317680618	0.0429260131	-0.0220856111	0.0108880586	-0.0139833789	-0.0229854523	-0.0090980459	0.0896102874	-0.0593527718	-0.0258927839	-0.0721981979	0.0062090504	0.0429980484	-0.0198179915	0.1042991052	0.1375010597	-0.0296382568	-0.1521334903	-0.0222617201	-0.0150352581	0.0452387022	-0.0912979088	-0.0272775309	0.0290385598	0.0577088555	-0.0068363966	0.0489063798	-0.0049908664	-0.0690384283	0.0514724943	0.0306051091	0.0142172721	-0.0142556664	0.0297382983	0.0025107223	0.1697345885	-0.0305765068	0.0002784038	0.095230318	-0.0004710534	0.0280367383	-0.0672245457	-0.0720771819	0.0200050215	0.0851829606	0.0	0.0524519	-0.0022127999999999	0.00275120181361	4.896483839999973e-06	-0.400398	0.013218	0.000174715524	0.1603185584039999	0.921568	0.052992	0.8492875786240001	0.002808152064	-0.00709008	-0.00235333	5.026923440640001e-05	5.538162088900003e-06	0.00161221	7.124999999999992e-05	2.5992210841e-06	5.0765624999999885e-09	0.000819519	4.080000000999907e-07	1.6646400008159244e-13	6.71611391361e-07	0.0	0.0	0.0	0.0	0.0	0.0	0.0	0.0	0.0	0.0	0.0	0.0	0.0
3611.225525016851	1.988765875750232	13040949.79253323	3.955189708548588	8092.775308449175	-19.781892915011667	391.3232873009888	65493012.19304464	3567.267786987505	2.778148932997283	7.718111493913941	12725399.464078732	3675.687292844572	6042.314823281425	0.9324	41.130035	0.09559425	0.0487641	-0.0573649849	-0.0461724656	0.0434561755	-0.0782304784	-0.0893126752	0.0069972201	-0.1095173291	-0.0348676558	-0.0036588779	0.0300701879	-0.0718911603	0.0235525809	-0.0033403466	0.0405437161	-0.0696785874	-0.0379896552	0.0535414113	0.010749882	-0.0221433269	0.0032327677	0.0208447871	0.0136438934	-0.0214665699	0.0891091447	0.0046832456	0.0448202659	-0.0559130148	0.0466118209	-0.0450645057	-0.0328774148	-0.034825862	-0.0241539633	-0.1155986684	-0.0229924508	-0.0219607344	0.0144521013	0.0174948875	-0.0279780744	-0.0624816592	-0.1150029119	0.023245435	-0.0889786236	0.0221869372	0.0195118161	-0.0100537515	0.0591735169	0.0103648184	-0.0834186223	0.0006862055	-0.0359572959	0.0735580021	-0.0057776757	-0.00110717	0.045977541	0.0457366455	-0.0642432589	0.0330868809	0.0670999687	0.0563962955	0.0348225305	0.0132674311	0.0727220661	0.0157561402	0.1217937964	0.0421091658	0.0511783966	0.047250405	0.0919961994	-0.0550068291	-0.0441908641	0.0436915317	-0.0610074917	-0.0046984541	0.0093126638	-0.0498788151	0.0251868829	-0.0156427715	0.0031192519	-0.0279440381	-0.0312995659	-0.05474947	-0.052073152	0.0795956823	-0.0076670379	0.0253245309	0.0346887292	-0.0745003696	-0.0116560598	-0.0018558611	-0.0221362597	-0.0403611311	-0.0138905555	0.0395904014	0.0605547563	-0.0100191641	-0.0553130895	-0.0291934161	-0.0200850514	0.0927125655	-0.0585463571	0.0025323619	-0.0424503163	-0.0277833133	-0.0610085077	-0.0005688837	-0.0473076563	0.031628734	-0.0697191759	-0.0246069511	0.0461329557	-0.104613535	-0.0300051569	-0.0632309342	0.0030411329	-0.0368295294	-0.0517630416	-0.0638586109	-0.0090995673	-0.0806908408	-0.0326749084	0.0051305302	-0.0547606798	0.0181399091	-0.0066693561	-0.0650912134	0.0543122647	0.0001129717	-0.0277384456	-0.0473690096	-0.0309846882	-0.0160094821	0.0837912585	0.0022106893	0.0171161878	0.1141351256	-0.0139925244	0.0121694315	-0.0689195516	-0.0924161469	0.0121711702	0.0124383972	0.0794111154	-0.0179556855	0.0450822129	-0.0516755646	-0.1260157226	-0.0164482364	-0.067492128	0.0063395745	0.0575950525	-0.0221611076	0.0039025102	0.0224741687	-0.0133169674	-0.012774691	-0.0294141274	0.0372690255	0.0936260747	-0.0031663436	-0.0010280846	0.0271042781	-0.0684259838	-0.0704409161	0.0238132166	0.0855226832	0.0	0.0508165	-0.0016354	0.00258231667225	2.6745331600000068e-06	-0.440778	-0.04038	0.0016305444	0.194285245284	0.939177	0.0176089999999999	0.8820534373290001	0.0003100768809999	-0.00647914	0.0006109399999999	4.1979255139600005e-05	3.732476835999999e-07	0.00166113	4.892000000000004e-05	2.7593528769e-06	2.3931664000000037e-09	0.0007599819999999	-5.953700000009999e-05	3.544654369011906e-09	5.775726403238481e-07	0.0	0.0	0.0	0.0	0.0	0.0	0.0	0.0	0.0	0.0	0.0	0.0	0.0
3611.173561583055	-0.0519634337961179	13040574.491876446	0.0027001984518835	8133.15063540496	40.37532695578466	1630.167026786511	66148139.2581881	3561.778888771295	-5.488898216210146	30.12800362791492	12686268.85249688	3672.384960707541	6068.373363625663	0.936681	41.318874	0.0951901999999998	0.0507945	-0.064851704	-0.034768725	0.0440006866	-0.0541127922	-0.0675533235	0.0455205395	0.0095802968	0.0825082791	0.0369915815	0.0592760614	-0.0087640797	-0.0158819945	0.0204355008	-0.0095826666	0.0296860224	-0.072206457	0.0039336375	-0.0092425613	-0.0306551286	0.1129789104	0.0924577199	0.0438609829	-0.0336266505	-0.0648573395	-0.052280574	0.0709867079	-0.0126952088	0.016666752	0.0090155027	-0.0469841982	0.0157919709	0.0156521332	0.0069091493	-0.1126208216	-0.0010259332	-0.0806564098	0.0349364804	0.0090067354	-0.0506018505	0.0447135907	-0.0397705114	-0.0591531588	-0.0374785908	-0.0591014385	0.0349107619	0.0026737961	-0.0663014295	0.0639908451	0.1018596759	0.0949194631	-0.0081216972	0.0555228778	0.0196853599	0.122322013	-0.0242295139	0.1025917315	-0.0030824937	0.0222439678	0.0680520136	0.0281071278	0.0774247437	-0.0088722423	0.0192556715	-0.0211904859	-0.0175629022	-0.0627799575	0.0161212492	-0.0195584703	-0.0357681877	0.04058552	0.0275844896	-0.1033562189	-0.1140146513	-0.0278015324	-0.0581326006	0.0575033729	-0.0010960033	-0.0951524562	-0.0031615932	-0.0656708578	-0.0486895985	-0.0544255094	-0.0857338446	0.0237553806	0.0311549042	0.0515956353	-0.0102886212	0.0320558166	0.0135467254	0.0237521598	-0.0361266817	-0.0393054259	-0.0517115023	0.0009269727	-0.0324068029	-0.1350297121	-0.0285626808	0.0064008972	-0.0624433162	0.0355845646	-0.0047072561	-0.0865293301	-0.0691888971	0.010173926	0.0409890082	0.0617789274	0.0403721055	0.0175335241	-0.0511605503	-0.0332275119	-0.077696826	3.79585e-05	0.095055967	0.0366590329	0.011267663	-0.0064013244	0.0570261303	-0.0657520243	-0.0352725817	0.0518510831	0.008523087	0.0111824399	-0.0013130143	-0.0624449399	-0.040569173	-0.1204227755	-0.0999878705	-0.0075576869	0.0686366587	0.0282116502	-0.1214920399	-0.0113914145	-0.0437425183	0.0592581031	-0.0199535223	-0.0125786322	0.05993056	-0.0228753076	-0.0250574321	0.0074474457	0.0881868545	-0.0236771853	0.008770845	-0.0858649125	0.0228533089	-0.1061782252	-0.0973032345	-0.0237371412	0.0351761916	-0.0052406771	0.0747050693	0.0208312575	-0.0340530035	-0.0521195721	-0.0578750063	-0.0843725312	0.0643477909	-0.0324185874	-0.0399892648	0.1078171397	0.0261682287	-0.0695911778	-0.0687207046	0.0275709646	0.0855793473	0.0	0.0507913	-2.5200000000003e-05	0.00257975615569	6.350400000001511e-10	-0.400998	0.0397799999999999	0.0015824483999999	0.160799396004	0.958622	0.0194449999999999	0.918956138884	0.0003781080249999	-0.00697946	-0.0005003199999999	4.87128618916e-05	2.503201023999995e-07	0.00173635	7.521999999999997e-05	3.0149113225e-06	5.6580483999999965e-09	0.000616722	-0.0001432599999999	2.052342759997135e-08	3.80346025284e-07	0.0	0.0	0.0	0.0	0.0	0.0	0.0	0.0	0.0	0.0	0.0	0.0	0.0
3608.448621014052	-2.7249405690026838	13020901.450498214	7.4253011045966675	8118.990662985007	-14.159972419953192	200.50481893383505	65918009.38563772	3560.165340129182	-1.6135486421130736	2.603539220464944	12674777.249057133	3666.9211031016976	6043.708558000837	0.963694	42.510494	0.13003135	0.0722711	-0.0613678592	-0.0520074048	0.0497276127	-0.0597808235	-0.0795797059	-0.0284281887	-0.0200691091	-0.0985301701	0.0360504439	0.0459593679	-0.1405782959	0.0057320646	0.0022520201	0.0020460047	-0.0611077321	-0.0190044201	0.0489309556	0.0083127925	-0.0434632802	0.0464751596	-0.060423003	-0.0570271383	-0.0615105449	-0.0790714518	-0.0421773819	0.0005915929	0.0372324578	-0.00321236	0.0376213938	-0.0274713174	-0.0206963653	-0.0757837391	0.0199941781	0.0016611085	-0.011935113	0.0352906609	-0.0442014917	-0.0961982585	0.1141330367	0.0297521803	0.0432949388	0.0910635298	0.0044196571	0.0023148708	0.0839026835	0.062351083	-0.0863803827	-0.0445901473	-0.0501595325	0.0178832228	0.0402107224	-0.0273969251	-0.0590606353	-0.0730434614	-0.0268607263	0.0631502174	0.1057480596	-0.0003827858	-0.0859964136	-0.0427457182	0.1063632715	0.0634999818	0.0071070245	-0.0576144237	-0.017478066	0.0458450237	-0.079253836	0.0683265656	0.0002576654	0.0060422736	0.0692028576	-0.0141584261	-0.0314900959	0.0041099798	0.0265916386	-0.1199193496	-0.0783709886	0.0702401562	-0.0381201622	-0.0422668193	-0.1067194289	0.0144477647	-0.1116801593	0.1263453033	0.0034447151	0.0595351818	-0.138404264	-0.028832001	-0.002843442	-0.0014441444	-0.0092763366	-0.0211185932	0.0605636012	0.0097774452	-0.0461024149	-0.0666011971	0.0769689867	0.010541447	-0.0901600785	-0.0478749144	-0.0130354547	-0.0002357639	-0.0294875414	0.0067601548	-0.0127212141	-0.0119195263	0.0254949368	-0.0190798699	-0.0476801515	0.0249019732	0.1130584565	0.0526607631	-0.0401146568	0.0845572323	-0.0078699927	0.0190270974	-0.0200940473	0.0076266028	0.0902634025	-0.0270966167	0.1250994031	0.0765721657	0.0921589486	0.0010679006	-0.0719261742	0.0237047745	0.0291098811	-0.0349146054	0.0038218958	-0.0462141322	0.0860479821	-0.0279120717	-0.0620039589	0.046946429	-0.0106223871	-0.0923776208	-0.1076973873	-0.0324606716	0.0184560155	-0.0244725889	-0.0802978446	-0.0231511437	0.0281598261	-0.0675387506	0.009750997	0.0311894373	-0.0489511042	-0.0749964253	0.0466324666	-0.0809935299	0.0040581348	-0.093436912	0.0278063229	0.1390241051	0.03764602	-0.0148404491	0.1165225746	-0.0621738608	0.1022634833	0.0278032837	0.0252287139	-0.0707195106	-0.0669185973	0.0312703049	0.0853527656	0.0	0.0408782	-0.0099130999999999	0.00167102723524	9.826955160999988e-05	-0.469302	-0.0683039999999999	0.0046654364159999	0.220244367204	0.968925	0.010303	0.938815655625	0.000106151809	-0.00657769	0.00040177	4.32660057361e-05	1.6141913290000006e-07	0.00131963	-0.00041672	1.7414233369000002e-06	1.736555584e-07	0.000604987	-1.1735000000000022e-05	1.3771022500000052e-10	3.66009270169e-07	0.0	0.0	0.0	0.0	0.0	0.0	0.0	0.0	0.0	0.0	0.0	0.0	0.0
3605.481804771805	-2.966816242247205	12999499.044540552	8.801998615261827	8138.589332878922	19.59866989391503	384.10786161065136	66236636.32925057	3555.098516354616	-5.066823774565819	25.67270316250541	12638725.460986791	3666.912094619248	6041.685032372545	1.031258	45.490841	0.2986604	0.14536	-0.0693854847	-0.0084918195	0.0587245296	0.0013663745	-0.0551591266	0.1106224948	0.0257280199	0.1239042051	-0.0616051358	0.0451041801	0.0615573866	-0.0729205704	0.0972454468	0.0305893084	0.0355974502	0.0406556296	0.0558610733	-0.0210874689	-0.0363517214	0.0951049042	0.0584959573	0.0062564746	0.0090748599	0.0359624191	0.0179810335	-0.0244763935	-0.0809667756	-0.067496683	0.0502251729	-0.0430975788	-0.1593533395	-0.0203234127	-0.0243308107	0.0068263656	-0.0447701612	-0.0590126576	0.0635860963	-0.0069278415	-0.0177779577	0.029426246	0.0244204205	-0.0375867153	0.0220150841	-0.037688409	0.0662328232	0.0074029552	-0.0991053897	0.0838213407	0.0050415029	0.0122775261	0.0663598684	-0.0516183459	0.0093393986	0.0185675391	-0.0110426539	0.1551978128	-0.0036217683	0.0306814084	0.0109085291	0.0190589548	0.01755376	-0.0883301589	0.0049039405	-0.0819076926	-0.039746147	0.0044865789	-0.0464948314	-0.0110227128	0.0465327989	-0.0443439684	-0.043379922	0.0464673703	-0.0019904118	-0.0341442295	-0.060513278	0.0263980747	0.0049108554	0.0603829587	0.0366237483	-0.0441737076	0.0859875431	-0.0438966889	-0.0436324841	-0.0318283627	0.0041036276	0.0524437458	0.0613495167	0.0471082154	0.0480422347	0.1133571642	-0.037393327	0.0254388064	-0.0195529865	-0.0768007157	-0.0289836593	-0.1089019071	-0.0067357254	-0.0447872406	0.0666503957	0.0074320146	-0.0319878853	0.0120569048	0.0249273681	-0.0835974865	-0.0966471859	0.0318344674	0.0274494024	-0.1421399523	-0.0110285118	0.0046637252	-0.0121789479	-0.0266781729	0.0508453748	0.0367402198	0.0665936927	-0.012124665	0.0376018546	0.03149475	-0.0038505031	0.0408187264	0.0677385329	0.0441286795	0.0342993365	0.0547173532	-0.025773311	-0.0993330362	-0.0864767499	-0.0421600479	0.0030047437	-0.0831595558	-0.0443250672	-0.0436989763	-0.0160340976	0.0263094511	-0.0350515126	0.0156124709	0.0630404255	0.0743538205	0.0586590007	0.0188086424	0.004334067	0.0114780015	0.0766549175	-0.0567871726	0.0903796131	-0.0263936019	0.0028137369	0.0404304951	0.0112297747	0.0131978363	-0.0151658479	-0.0691889204	-0.0661033171	0.0594618152	-0.0433969021	0.0121617803	-0.0766749049	-0.0112403742	0.0057364982	0.0700521318	0.0242858583	-0.0718103845	-0.0650367418	0.0349034008	0.084843688	0.0	0.070491	0.0296127999999999	0.004968981081	0.0008769179238399	-0.363485	0.105817	0.0111972374889999	0.132121345225	1.03098	0.0620549999999999	1.0629197604	0.0038508230249999	-0.00801869	-0.001441	6.42993893161e-05	2.0764810000000013e-06	0.00168607	0.00036644	2.8428320449e-06	1.342782736e-07	0.000388915	-0.000216072	4.668710918399999e-08	1.51254877225e-07	0.0	0.0	0.0	0.0	0.0	0.0	0.0	0.0	0.0	0.0	0.0	0.0	0.0
3611.2132733791855	5.7314686073805206	13040861.305830011	32.8497323973884	8125.329559240928	-13.25977363799393	175.8215969308388	66020980.44627437	3558.076512830011	2.977996475394775	8.868463007463705	12659908.47115257	3665.871012305914	6007.360959341867	0.988909	43.622746	0.2876221	0.14312	-0.0742908104	-0.0418821912	0.048307296	-0.0609141419	-0.0291365508	0.0104608433	-0.0075435785	-0.0234368987	-0.0330137848	0.0494260133	-0.0947143358	-0.0203577187	0.0329667313	0.1023761667	-0.0450431484	0.0439743138	0.0954937536	-0.0281390061	0.0952161058	0.013842788	0.0719279743	-0.0446799075	-0.0205619179	-0.0354734715	0.0437468189	0.0411633618	0.0509335392	0.0219066376	-0.0404268498	0.060193194	-0.0064630851	-0.0216228675	0.0505957751	0.0267186215	-0.0341706611	-0.0448218943	0.0312688452	0.0398043804	-0.0802002101	0.0324444353	0.0261464831	-0.0625458965	0.0251129617	-0.0229000379	-0.0590724103	0.0030114015	-0.0236689102	-0.0166506048	0.0102746307	0.0136261665	-0.0074426134	0.0345071999	-0.0038260563	-0.038056093	0.0434069366	0.0172614379	-0.0261535879	0.0108760065	-0.0670541014	-0.0075529457	0.0124017132	-0.111751036	0.0102622529	-0.10455555	-0.0255353698	-0.0801634462	0.0555683198	-0.0953637045	0.0273685226	0.0718093874	0.0204906667	-0.0006402142	0.0370748689	-0.0946850903	-0.0177692332	0.0143576593	-0.0063638397	-0.0686479079	0.0483102322	-0.0406775425	0.0904471438	0.0008502703	-0.042604836	0.0037236382	0.0752914697	0.0516161366	-0.0979497852	-0.0123119471	0.0566507692	-0.0187669474	-0.0410082302	0.0807874384	0.0510321076	-0.0204451157	-0.0868753165	-0.0142751127	-0.0929178422	0.0513696407	-0.0066652618	0.029962299	0.0364830425	-0.0073631419	-0.0006255791	0.0014001427	-0.0383012506	-0.0893718171	-0.0628116354	0.0186977089	-0.0404884535	0.0041077401	-0.0111034809	-0.0754119205	0.0285375263	-0.0400207174	0.0276555151	-0.0274528992	0.0512257371	0.0572354752	-0.0680497947	0.0450879273	-0.0533745279	-0.010618995	0.0350805262	-0.018341841	-0.0268396566	-0.0019665545	-0.02631267	-0.0075085357	0.0077763639	0.0304121804	0.0448150938	0.0001724564	0.0344681816	0.0101535526	-0.0425866269	0.0500107534	0.0203178055	0.0978602378	0.0801475665	-0.0200133821	0.0955672822	-0.0551115703	0.0640376829	-0.0645276008	0.0283999067	0.0586141037	-0.1090119954	0.0214190893	-0.0407296598	-0.024199603	-0.0261862711	0.0100651615	-0.0636950756	-0.0641916889	-0.0814730024	0.0202786112	-0.0738437631	-0.0524544061	-0.0141919943	0.0129990375	0.0233397865	-0.0728632218	-0.0630773808	0.0384625556	0.0840537993	0.0	0.0496686	-0.0208223999999999	0.00246696982596	0.0004335723417599	-0.457415	-0.09393	0.0088228449	0.209228482225	0.971979	-0.0590009999999999	0.944743176441	0.0034811180009999	-0.00635173	0.00166696	4.03444739929e-05	2.778755641600001e-06	0.00187951	0.00019344	3.5325578401e-06	3.7419033600000016e-08	0.0008058889999999	0.0004169739999999	1.738673166759166e-07	6.494570803208388e-07	0.0	0.0	0.0	0.0	0.0	0.0	0.0	0.0	0.0	0.0	0.0	0.0	0.0
3619.6188131465856	8.405539767400114	13101640.352484696	70.65309878134477	8129.738726994179	4.409167753251495	19.44076027631284	66092651.76918893	3561.644875011225	3.56836218121407	12.733208656318835	12685314.215693723	3668.816721294888	6022.031350163051	0.991889	43.754208	0.2322658	0.148012	-0.0772715675	-0.0179604987	0.0640145405	0.0374261132	-0.1474512594	0.0501050562	-0.0145497481	0.1145435601	-0.1005297438	0.0615553993	-0.0090407849	-0.0102965302	0.0952900636	0.0197063183	-0.05304342	-0.0132034018	-0.0382356598	-0.0164165537	-0.0594004577	0.1504382064	-0.0128352313	-0.0088844555	0.0224529637	-0.010367212	0.0178841175	0.0051820899	-0.0360769412	-0.1015071809	-0.014733222	0.0027296966	-0.0328444582	0.0539355007	0.0103243762	-0.0635696484	-0.0145233533	0.0579894069	0.0841879515	-0.0286349128	-0.0008309075	-0.0338425118	-0.0191806752	0.0006616191	0.0567529052	0.0172676463	-0.0176045131	-0.142867445	0.0586146238	-0.0446499142	0.0029535866	-0.1055465522	-0.0261174631	-0.0270311481	0.1149952539	-0.0241155623	0.0202892595	0.0155311527	-0.0131156204	0.0302005452	0.0099087437	0.0022828875	0.0290924678	-0.0166209018	-0.0522111491	-0.0593657948	0.0953891799	0.0070382985	-0.0166516477	-0.0230972716	0.0201510228	-0.0166900681	-0.0298800543	-0.0715631949	0.0875544553	0.0502799383	-0.0551133352	0.0430464319	-0.10397524	0.1003470002	-0.0291370611	0.0541057751	-0.0602417922	0.0106220631	0.0409921276	-0.0399933875	0.0045001519	0.0659417334	0.0076497293	-0.0370842531	0.0134808637	0.0978140874	0.0086586457	0.0628361591	0.0017587939	0.0260694152	-0.0398915861	-0.1095288682	0.0887773278	-0.0751730186	-0.0007186991	0.0343115272	-0.0217928136	-0.0378175915	0.0786650398	-0.0049362446	-0.0171309153	0.0409643795	-0.0261902754	-0.0517157791	-0.0190183668	-0.0747693717	-0.0435073166	-0.0073212553	-0.0854181806	0.0248031309	0.0823516068	0.022147543	0.0047292973	0.0117664691	-0.0433762929	-0.0422398475	-0.0531111585	0.0694132797	-0.1044419551	-0.070547215	0.0571693078	0.0470124999	0.030480286	0.0349788098	-0.0919233794	-0.0551265407	-0.0049300992	-0.0439057814	0.0384357326	0.0066997333	-0.0131931431	-0.016931536	0.0502350101	0.0503036325	0.0342462677	0.0405705137	0.0620618013	-0.0782737492	0.0303118543	0.0529069225	0.0032991696	0.0095795395	0.0620193423	-0.094757481	-0.1135603933	0.0333845398	0.0020574534	-0.0183105895	0.0862218167	0.0955017906	-0.0117236074	-0.0439873406	0.0434022467	0.0524949699	-0.0413897869	-0.0085805044	0.022390624	-0.0738774647	-0.0610428493	0.0419402295	0.0829857139	0.0	0.057737	0.0080683999999999	0.0033335611689999	6.509907855999994e-05	-0.427916	0.0294989999999999	0.0008701910009999	0.183112103056	1.04078	0.068801	1.0832230084	0.004733577601	-0.0085726199999999	-0.0022208899999999	7.34898136643983e-05	4.932352392099559e-06	0.00173635	-0.00014316	3.0149113225e-06	2.049478560000001e-08	0.000651991	-0.0001538979999999	2.3684594403969226e-08	4.25092264081e-07	0.0	0.0	0.0	0.0	0.0	0.0	0.0	0.0	0.0	0.0	0.0	0.0	0.0
3622.4821064824864	2.863293335900835	13122376.611785792	8.198448727414132	8123.394638146768	-6.344088847411513	40.247463303851134	65989540.44707166	3561.923934560691	0.2790595494661829	0.077874232148269	12687302.115596317	3667.804172773376	6008.3427726525415	0.947603	41.800655	0.2003741499999999	0.105561	-0.0797272198	-0.0418593121	0.0609780544	0.0010116336	-0.1117148722	-0.0436303887	-0.0229823407	-0.0100856387	-0.0184004521	0.0517955677	-0.0696296442	0.0278999902	-0.0017022075	0.0686777364	-0.0726800096	-0.0272429474	0.0316135246	0.0059295155	-0.0201262521	0.026823927	0.0260859364	0.0967957711	-0.0570586127	0.0335446727	0.050119147	0.0112973481	-0.0013450486	-0.0603398225	-0.0680863235	0.0311860879	-0.0567106506	-0.0139399065	-0.0255895108	-0.0100136097	0.0189437055	0.0123590269	0.0051519181	0.0103139048	0.0148489177	0.0202432362	-0.0550096353	0.0101281845	0.0071151323	-0.0080690989	-0.0445696507	-0.022245397	-0.0148590687	0.0463227239	0.0062695595	-0.0355894509	0.0040433246	-0.0114070797	-0.0688865744	0.0797139391	0.0058106005	0.0261298072	0.0739472719	-0.0470990627	0.0099106287	-0.0352934458	-0.007028258	-0.0165962502	-0.0228341782	-0.0211070291	0.0197368183	0.0509565313	0.0164323652	0.0275035115	0.0220174722	-0.0155608564	0.0106729445	-0.090644173	-0.0375630122	-0.0298175751	-0.0426650252	-0.079111677	0.0734654993	-0.031705838	-0.022714332	-0.1590068289	0.0179317904	0.0411151764	0.0644555234	0.0004027727	-0.0469246578	0.059923446	-0.0630527682	-0.0574877072	0.0092282109	-0.0365514657	-0.0086402543	0.0385531902	0.0192606198	0.0619224464	-0.0173075197	-0.0702606004	-0.0463101821	-0.0585610074	0.0201602563	-0.0351413833	0.0735147046	-0.0334052322	0.0993942727	0.0165484037	0.0367357174	-0.0076737841	-0.0368688995	-0.050996291	0.0085716923	-0.0068299596	0.0215359614	0.0538698708	0.0146756882	-0.040420571	0.0361733843	0.009601059	0.0035420169	0.0020745202	-0.0242075287	-0.0039205177	-0.054284779	-0.0027258066	0.0117929714	0.0377822241	0.0259346324	-0.019584416	-0.0192174067	-0.0170316333	0.0427299278	-0.0401277348	-0.0581918223	0.0971924464	-0.0788326837	0.036309836	-0.0468124028	-0.0372422207	0.0090330608	-0.01123372	0.0272233547	0.0143878149	-0.0303187288	0.022406204	0.0470948842	0.0263553636	0.037889778	-0.0643789427	-0.0561598188	-0.04739859	-0.0076982035	-0.0230879552	0.0203015607	-0.0798449252	-0.0431596683	-0.0550791251	0.0293319828	-0.0105588637	0.049102245	0.0120200691	0.0585238643	-0.1145962434	0.0214384965	-0.0748525761	-0.0589355719	0.0453290553	0.0816429668	0.0	0.0520711	-0.0056658999999999	0.00271139945521	3.210242280999994e-05	-0.502027	-0.0741109999999999	0.0054924403209999	0.252031108729	1.0194	-0.0213799999999999	1.03917636	0.0004571043999999	-0.00717432	0.0013982999999999	5.14708674624e-05	1.9552428899997237e-06	0.00219363	0.0004572799999999	4.812012576899999e-06	2.091049983999998e-07	0.0007807559999999	0.0001287649999999	1.658042522497425e-08	6.095799315358438e-07	0.0	0.0	0.0	0.0	0.0	0.0	0.0	0.0	0.0	0.0	0.0	0.0	0.0
3623.940649745125	1.4585432626386137	13132945.83287512	2.127348448988492	8133.435944200228	10.041306053460175	100.82782725925595	66152780.25840825	3572.698053970713	10.77411941002174	116.0816490614072	12764171.38484612	3679.381647945386	6045.247979670933	0.951128	41.956177	0.2754008999999998	0.17249	-0.0636593196	-0.0108902036	0.0570115776	0.0918429925	-0.1465284945	0.0129413667	0.0282932622	0.0510316997	-0.0887933952	0.0295161422	0.0128546542	-0.0176703013	-0.045984687	0.0065314806	-0.0384413308	-0.0971442917	-0.0665885741	0.0825648365	0.0313791263	0.0605078247	0.0832992245	0.0565697225	0.0333667614	0.0144631267	-0.0491179364	-0.0641409499	0.0118757561	-0.0434514924	0.0010697757	0.0463187054	-0.0861740902	-0.0035587317	0.0375180244	0.0123281283	-0.0285451789	0.0339694492	-0.0698990636	-0.0280411066	0.0180954799	-0.0506132953	-0.0150242634	-0.0194654922	0.0922354237	-0.073614038	-0.0876684914	-0.0712170757	-0.0038475035	0.0098221732	-0.0502128278	0.0494986192	-0.0445416314	0.0773118157	-0.0776635667	-0.0939896779	0.0625986165	0.0067370063	0.0913152722	-0.0347548046	-0.0580687496	-0.0035822891	-0.0433572098	-0.0336711406	0.0158524224	0.0467416431	0.1364057622	-0.0047081023	0.0984561071	-0.0352137847	-0.0010962154	0.0212819214	0.0020335264	0.0227404711	0.0051328785	0.0789918007	-0.0842079596	-0.0725622654	-0.0944535657	-0.0512986784	0.0762584005	0.0713378537	0.0185295298	-0.004531223	0.0648465401	0.0260367405	-0.05071453	0.036508008	0.0241135564	-0.0090314057	-0.0262127082	-0.0124822069	0.1097092854	0.0078636671	-0.0564467339	0.089957283	0.0363606611	-0.1153183955	-0.0675655923	-0.0234294609	0.0168524861	0.0414822194	-0.0394906009	0.0546050815	0.0370506295	0.0454534677	0.0114658705	-0.0011413482	-0.059578265	-0.0671551658	0.0274762879	-0.0490176121	0.122533925	0.0342031385	-0.0398335941	-0.0157253988	-0.0187804158	-0.0034342338	-0.0343448933	0.0386397458	-0.074471617	0.0659581021	-0.0282538659	0.0174594293	-0.0125833157	-0.044067698	0.0022823398	-0.0693134579	0.0958882685	-0.0520615183	0.0665086419	-0.0111241393	0.1067978484	0.0464869788	-0.0763939476	0.0110450857	-0.0471204922	0.0351352026	-0.0451264352	0.0201785229	-0.0078112571	0.0552560822	0.1103482231	0.0654754692	0.054973224	0.1027194218	-0.0156399372	0.0302769318	-0.0439177832	0.0317966364	-0.0233540569	0.0117246722	0.0105100783	-0.0150415915	0.1744720063	-0.0549485013	-0.061738958	0.0479233727	-0.002600465	0.0551297746	0.0684555585	-0.0378417828	0.0204835299	-0.0757880394	-0.0567580599	0.0486218538	0.0800300023	0.0	0.0651495	0.0130783999999999	0.00424445735025	0.0001710445465599	-0.459412	0.042615	0.001816038225	0.211059385744	1.15627	0.1368699999999998	1.3369603128999998	0.0187333968999999	-0.00860772	-0.0014333999999999	7.409284359839999e-05	2.0546355599999988e-06	0.00241698	0.00022335	5.8417923204e-06	4.988522250000009e-08	0.0007807559999999	0.0	0.0	6.095799315358438e-07	0.0	0.0	0.0	0.0	0.0	0.0	0.0	0.0	0.0	0.0	0.0	0.0	0.0
3614.236173737048	-9.704476008077108	13062703.119549416	94.1768545913442	8111.536794779687	-21.899149420541107	479.5727453431859	65797029.17306472	3553.72477333808	-18.97328063263285	359.9853779646408	12628959.764636789	3663.2964675879366	6052.1503220476425	0.937302	41.346264	0.1647031499999999	0.0861602999999999	-0.0721369348	-0.0371808184	0.0630235439	0.0142737176	-0.1311056855	0.0622938746	-0.0005300146	-0.0595805324	-0.0477991206	0.0481407332	-0.1022264335	0.0563069874	0.0076774813	-0.0072877221	-0.1033762873	0.0379429218	-0.0137501623	0.0095922606	-0.0084338975	-0.0008773801	0.0494966043	-0.032678394	0.0617266486	0.006681897	-0.0663950169	-0.0260895931	0.0662268427	-0.0738303338	0.0214764468	-0.0314013795	-0.0535670735	0.0286848133	0.0330393344	0.0163367535	-0.0583910149	-0.0909748524	-0.0621618589	-0.0492534924	-0.0391161293	-0.0105498307	-0.0123800245	-0.0001205795	-0.0303801843	0.0070349514	-0.059532359	-0.0594481865	0.094360757	0.0096073271	0.0395635173	-0.0081098914	-0.0224815338	-0.0524753985	0.0511698057	-0.0099085106	-0.0969012474	-0.0171419716	-0.0179035647	0.0608503469	0.0871838745	-0.0445579124	0.0763436766	-0.0424719504	-0.0647718122	0.1062467784	0.0291907188	0.0411608428	0.0344815286	0.1015638616	0.0522242874	0.0694614938	0.013094028	0.0201401916	0.1082244989	-0.0609214611	0.1080159556	0.0221412849	-0.1604547437	-0.0915626584	0.0764060805	-0.0305306007	-0.0319316139	0.0311158449	-0.0421270923	0.0636728246	-0.0802001106	0.0512002547	-0.0831479553	-0.027085781	-0.0759757872	0.0215966614	-0.0240692279	0.0514346338	0.0657868053	0.0476473927	-0.0045150225	-0.0394605839	0.005420447	0.0455592187	0.02435365	0.0433513281	-0.0714791637	0.0249686764	0.0146985585	0.0908310819	-0.0530320265	0.0338275881	0.0222777139	-0.058997703	0.0390624367	-0.0502599451	0.0811795143	-0.0496090451	0.0705207931	0.0126047303	-0.0172430326	-0.0886493531	-0.0123443425	0.0082846896	-0.0235343406	-0.0215271	-0.0773761211	-0.006440858	-0.070504227	0.0071948106	0.0198418276	0.0207348671	-0.0174747907	0.0601158423	0.0056156394	-0.0387601473	-0.0590528583	-0.119751508	-0.0346833411	-0.0288602816	0.0589878269	-0.1365256962	0.0274341228	0.0094498113	-0.0541156152	0.045810802	-0.0207065379	0.0457771777	-0.0393212981	0.0731984559	-0.0235687997	0.0574318453	-0.0326063309	-0.0684249923	-0.043236671	-0.0390563932	-0.109879876	0.101934149	-0.0125040827	-0.0197218444	-0.1610687471	0.0414089512	0.094052362	-0.0938701663	0.0522215292	0.0031496951	0.0195258508	-0.0766833591	-0.0545129082	0.0518116494	0.0781521589	0.0	0.0438066	-0.0213428999999999	0.00191901820356	0.0004555193804099	-0.530508	-0.0710959999999999	0.0050546412159999	0.281438738064	1.12104	-0.0352299999999998	1.2567306816	0.0012411528999999	-0.00867503	-6.731000000000098e-05	7.525614550090001e-05	4.530636100000132e-09	0.00199538	-0.0004215999999999	3.9815413444e-06	1.777465599999999e-07	0.000528981	-0.0002517749999999	6.339065062494966e-08	2.79820898361e-07	0.0	0.0	0.0	0.0	0.0	0.0	0.0	0.0	0.0	0.0	0.0	0.0	0.0
3605.214741365222	-9.021432371825997	12997573.331357105	81.38624203942999	8130.998207305397	19.46141252571033	378.7465774958749	66113131.84720358	3561.032929318684	7.30815598060417	53.40914383684049	12680955.523692008	3672.1517655928055	5424.468125675747	2.194578	96.807228	0.95866825	0.603148	0.1202567568	0.227721324	-0.0455451675	0.1894912166	0.0788928695	-0.0205941	0.0133123529	-0.0729800854	0.0271906594	-0.0682949031	0.1198054191	0.0880516586	0.1041812545	-0.0745769706	0.1145808153	-0.1340864909	0.0635772463	0.0694844493	0.0170990917	0.0267335857	0.0116196916	-0.1179657945	-0.156000089	0.0333656538	-0.0151082542	-0.082743586	-0.0480667214	-0.0226059588	-0.0133381588	0.0348504058	0.050918119	0.0547713783	0.0847044929	-0.0223415389	0.0457441684	-0.0260673816	-0.0264183884	0.0219091608	0.0559440387	-0.0857737086	0.0165800316	0.0294740664	-0.0545114536	-0.1042437953	0.0027476353	-0.0427805575	-0.0703155296	-0.0031083865	0.0277978474	0.1097075766	-0.0175849984	-0.1274204093	0.031580251	0.0279128687	0.0137459426	0.0470077697	0.0387638644	0.0029995232	-0.1124894461	-0.0871858395	0.0335341753	3.44696e-05	0.0136619399	-0.048969012	-0.0151148222	0.0246862669	0.0310400354	0.0249404875	0.0540098382	0.0336897853	-0.0319600859	0.0708139231	0.0666559249	0.0562373917	-0.0065102743	-0.0185777787	-0.1143679864	-0.0190709181	0.0705070908	0.0469679141	-0.0162294023	0.0584638388	0.1132016401	0.0276873771	0.0477242785	-0.0734862642	0.1354762817	-0.102808518	-0.0554872709	0.0897618401	0.0321979186	-0.1246685174	-0.067313097	-0.0793012436	-0.0536920137	-0.120406	-0.0165410237	0.1124273632	-0.0437917001	-0.161184805	0.0037772936	0.0721161199	0.0196198867	-0.0116044296	-0.0264771734	-0.0523921528	-0.0104528279	0.0920951453	0.059747117	-0.066272048	-0.0243408461	0.0114957592	0.0234338808	0.058685086	-0.0555344775	0.0588633323	-0.0838882951	-0.0341097701	0.0532656385	0.0916962774	-0.03366952	0.0688642466	0.0005558596	-0.0508065111	-0.1088205034	-0.0740697962	-0.0151918126	0.0655682243	-0.0072456624	-0.108329426	-0.0233109195	-0.0232072535	0.0363391515	0.0523573064	-0.0565868724	-0.081257793	-0.0723851466	0.0485087241	0.0434973581	-0.034225835	-0.0680744735	-0.0079306817	0.0587611565	0.0135012986	-0.0274987229	0.0972867006	0.0402337391	0.0258803944	-0.0345282791	0.0248987654	0.0080460278	0.0125735219	0.0777997135	-0.0021525908	-0.0919864289	0.0489063777	0.001680945	0.021469567	0.0254188828	-0.0626145237	0.018565586	-0.077538061	-0.0522027924	0.0548916848	0.0760156516	0.0	0.0491044	0.0052977999999999	0.00241124209936	2.806668483999998e-05	-0.40041	0.130098	0.0169254896039999	0.1603281681	1.70653	0.5854900000000001	2.9122446409000005	0.3427985401000001	-0.00574956	0.00292547	3.30574401936e-05	8.558374720900002e-06	0.000416976	-0.001578404	1.73868984576e-07	2.491359187216001e-06	0.0007807559999999	0.0002517749999999	6.339065062494966e-08	6.095799315358438e-07	1.0	0.0	0.0	0.0	0.0	0.0	0.0	0.0	0.0	0.0	0.0	0.0	0.0
3602.2402227392304	-2.97451862599155	12976134.62232038	8.847761056370658	8150.021975384078	19.023768078681314	361.90375191145415	66422858.1992434	3557.519396551724	-3.5135327669599974	12.344912504501576	12655944.256841743	3669.00610868972	5537.720431213379	1.01409	44.733543	0.1971826	0.118457	0.1003524215	0.1618301407	-0.0468360516	0.1896218669	0.016169563	-0.0004560077	0.0503451716	-0.0932993767	0.0453188143	-0.0561538836	0.0198602543	0.1482190096	0.0495572668	-0.1231094527	0.0140929266	0.0090750478	-0.1198856558	0.0019618736	0.0211388725	-0.0421789504	0.0356865447	0.0241236492	-0.0660427556	-0.0871847786	0.0193769044	0.0384716442	-0.0828031109	0.0758116712	-0.0203371794	-0.0529916735	-0.1934928709	-0.0327934635	0.004750168	-0.009299411	0.0526636425	0.0616547187	-0.0805514992	-0.0361471413	0.0061523062	-0.0402786549	0.041459345	-0.0238839115	-0.0318895784	-0.1073862844	-0.0366133318	-0.0615144183	-0.0190463426	0.0557369484	-0.079381151	-0.0390070767	0.0696921315	-0.0565639335	-0.013837042	-0.0820896964	-0.0272562716	-0.0229808401	-0.0288032787	-0.0298189074	-0.0247208773	-0.0109581537	0.0862931955	0.0297724978	-0.0372454284	0.0119526556	-0.0204989057	-0.0784477445	0.1237264495	-0.0560916691	-0.0425245331	0.0179013751	-0.0094484483	0.0209844702	-0.0751085834	0.1232159935	-0.0072761716	0.0124703168	-0.0435580307	-0.0110031153	-0.1129574005	-0.0084525326	-0.003344936	-0.01010511	-0.0486931141	-0.0304477231	-0.0125058584	-0.0635913712	0.0429049175	-0.0855112198	-0.1809991251	0.0857934489	-0.0334142845	-0.0286759279	-0.0414848945	0.0377510512	0.0676897565	0.0431158692	-0.0459852784	0.0502630221	-0.1126292135	-0.0002205837	0.0058466429	-0.0464738678	-0.0142724587	-0.1185515659	-0.0034920902	-0.082478433	0.0356517944	-0.1363336859	-0.0087268687	-0.0316036909	0.0478187654	0.1216928702	-0.048037027	-0.014472557	-0.0392213303	-0.0393301098	0.031303913	0.0219377495	-0.0062490341	0.1223615215	-0.0446068453	0.0319805066	-0.0264435727	0.0822527092	0.0289606621	-0.0365417146	0.025326632	-0.0214624725	-0.0349763002	-0.0536773045	0.0667296925	-0.0286254819	-0.0118279647	-0.058173084	0.0430597591	-0.021301973	-0.0660212508	0.0135339395	-0.0651320158	0.013101287	0.0450593952	-0.1047643615	0.0502286632	-0.0054630494	-0.1000530713	0.0085141097	-0.0374438595	0.0589879018	0.0645336297	0.0690984299	0.1283953103	-0.0540382434	-0.001637764	0.0017875265	-0.0182648483	-0.1003743285	0.0186208242	-0.0057991045	-0.0105590974	-0.0104182956	0.0176028627	-0.0783516924	-0.0498304656	0.057855435	0.0736275519	0.0	0.044827	-0.0042774	0.002009459929	1.829615076000001e-05	-0.502237	-0.101827	0.010368737929	0.252242004169	1.6787	-0.02783	2.8180336900000005	0.0007745089	-0.00617752	-0.0004279599999999	3.81617533504e-05	1.8314976159999987e-07	0.00125398	0.000837004	1.5724658404e-06	7.005756960160001e-07	0.0007807559999999	0.0	0.0	6.095799315358438e-07	0.0	0.0	0.0	0.0	0.0	0.0	0.0	0.0	0.0	0.0	0.0	0.0	0.0
3615.8759550434993	13.635732304268911	13074558.922261735	185.9331954736828	8121.451111180822	-28.57086420325595	816.2942813208923	65957968.15130021	3565.296721059113	7.777324507389039	60.48677649323417	12711340.709194863	3675.0864662158433	5708.3169598988125	1.163196	51.310905	0.1702070000000001	0.0820802	0.0552812376	0.1076742645	-0.0198428019	0.2108781868	0.0544413818	-0.0087528342	0.028279374	0.0063987219	0.0243655495	-0.0212515893	0.0779492758	0.0525048613	0.1041680308	-0.026014106	0.0643328622	0.0394251015	-0.0495792152	0.0666328436	0.0683014701	0.0602675261	-0.0069616447	-0.0338459272	-0.0722159248	0.142625215	0.0378648465	-0.0158786183	0.0140249284	-0.0187755543	-0.0364936041	0.0704563238	0.0362863603	-0.0487890516	0.0180497803	-0.0168945599	-0.0160019365	-0.0383458135	-0.0424385861	0.0901865055	-0.0998515725	-0.0830134179	0.1069710628	-0.0054290989	0.052820863	0.0208777601	0.0568622815	0.0150122803	-0.0082022446	-0.0236028668	-0.0550844989	0.0417334896	0.0772664803	-0.0497379111	-0.0106603086	-0.1024921759	0.0368605032	-0.0404660224	-0.142591641	0.033615483	-0.0570561344	-0.0108717407	0.0698646974	-0.1184482095	0.0097907471	0.0601765027	-0.0010900474	-0.0091307286	-0.0876703303	0.0685307218	0.0153958715	0.0410313107	0.0859781613	-0.0889292749	-0.0310939318	0.0441512276	-0.0817679566	0.0408990078	0.0822891058	-0.0175702563	0.041433431	-0.0192762707	-0.0496397605	-0.0084277197	-0.0171142269	0.0587615029	-0.0185469783	-0.0365596951	0.1082090308	-0.0782262122	-0.0565384877	0.11482962	0.0578876354	0.0654751142	-0.0285138691	-0.0649067457	0.043768673	-0.0311084447	-0.0340367488	-0.0250374267	0.0519476231	-0.0858631426	0.0468595443	0.0182570598	0.0138071598	0.0204354564	-0.067044526	-0.0578027576	-0.0673901683	0.0475903357	-0.0419940967	0.0077804473	-0.0643153415	-0.0764332979	0.0483192076	-0.0407809439	-0.0975094269	-0.0407995737	-0.0242718753	0.060137915	0.008472452	-0.0082456088	0.0484218313	0.0065008373	-0.0034536304	0.0305434543	-0.0927950534	-0.014068116	-0.0154150202	-0.043523413	-0.0723969058	-0.0318138927	0.0580765767	-0.0359947031	0.0856350309	-0.1090148621	0.0463807369	-0.0220457832	-0.0501606352	0.1202000843	0.0593661285	-0.0792457826	0.0340006237	0.0701597352	-0.1324590662	-0.041140988	0.0408024159	-0.0703205605	-0.0673765938	-0.1039862141	0.0017938557	0.0695781267	0.0780112076	-0.0194744712	-0.0269064713	-0.0795976264	0.0292790374	-0.0203655665	0.0222321877	-0.005135685	0.0930341515	0.043872238	0.0166378083	-0.0791238224	-0.0473987549	0.0606966215	0.0709957637	0.0	0.0561435	0.0113165	0.00315209259225	0.00012806317225	-0.469818	0.032419	0.001050991561	0.220728953124	1.623	-0.0557	2.634129	0.00310249	-0.00748109	-0.00130357	5.59667075881e-05	1.699294744900001e-06	0.00136584	0.0001118599999999	1.8655189056e-06	1.2512659599999972e-08	0.0007807559999999	0.0	0.0	6.095799315358438e-07	0.0	0.0	0.0	0.0	0.0	0.0	0.0	0.0	0.0	0.0	0.0	0.0	0.0
3640.0168507212807	24.140895677781373	13249722.67353487	582.7828441255234	8216.9642212937	95.51311011287726	9122.754203434615	67518501.01402077	3575.807696964157	10.51097590504378	110.48061447641088	12786400.685668107	3688.434259483541	6165.651270969936	1.936595	85.427086	0.8549170000000001	0.532301	-0.0838629561	-0.0830622762	0.0648250317	-0.041506821	-0.0652314316	0.0315901023	0.1534170652	0.0026534706	-0.0311852465	0.0529083501	-0.0792303048	-0.0391710638	-0.0915817914	0.0200060612	0.0105139066	-0.0758953707	-0.0606603969	-0.0477807742	0.067492199	0.0288791022	-0.0882197478	-0.0135585832	-0.0445739864	0.0989421655	-0.0144735584	-0.0755079057	0.0002189923	0.0832508886	0.0624452855	-0.0190404698	0.0221246386	0.008313636	-0.0023672534	0.1140091082	-0.0247466135	-0.0251638568	-0.0081401093	-0.0043054449	0.0500918886	0.0312642063	-0.0648566174	-0.0151420645	-0.0264062601	0.0060981643	-0.0008803678	-0.1126846575	0.0446927358	-0.0170020002	-0.0065333609	-0.034232626	-0.0432621964	-0.0587751672	-0.0464398327	0.0370643401	0.0416981569	0.0724492984	0.0005188883	-0.0712210483	0.0220965798	-0.0336938901	0.0595759365	-0.0002481421	0.1832120014	-0.0277271783	-0.0207169568	-0.0051625693	-0.0235677922	-0.045119709	0.0322625401	0.0682737489	0.0990551474	-0.0008504069	0.028947085	-0.025042081	-0.0670490273	-0.0841191173	0.0998579293	0.0085002912	-0.0109128094	0.0862006745	-0.0286952852	0.0132292188	-0.0798188807	-0.0963676869	0.0191143887	0.0593924772	-0.0748860173	0.0868100358	-0.0337823275	-0.041194768	0.0883263247	0.0208739728	-0.1045825576	0.0545566762	-0.0748832635	0.0356881694	0.0222901294	-0.0511557832	0.0107594553	-0.0817552005	0.0086217885	0.072319681	-0.0743582759	-0.0037904654	-0.0278266657	-0.0265419849	0.0333769406	0.0266724661	0.1299133536	0.0858769559	0.0593731881	-0.0101125097	0.0429906965	-0.0027878506	0.001425908	0.0408333631	0.0080750812	-0.0422157534	-0.0130746016	-0.0257568185	-0.0350408457	0.0603049501	-0.0773187346	0.002688533	0.0221110691	0.0089426144	0.053170413	0.0087601895	0.0301827608	-0.1101060954	-0.0562020402	0.0333167674	-0.0531289949	-0.0362208869	-0.0503457721	-0.0510718972	0.0333542365	-0.0557031568	0.062277931	-0.1215837069	0.0843073094	0.0647162395	0.0423826319	-0.0953914988	0.0524402102	0.0615938111	-0.0689610565	0.0252826233	0.0077524486	-0.0460190134	-0.063515621	-0.0388190439	0.0687307824	-0.0454912431	0.1209539523	-0.026857732	-0.0404019757	-0.0401564023	-0.0752214411	0.0790692037	0.0156705506	-0.0798540418	-0.0449105582	0.0634092253	0.0681289976	0.0	0.0091747	-0.0469688	8.417512008999998e-05	0.0022060681734399	-0.527087	-0.0572689999999999	0.0032797383609999	0.2778207055689999	1.09289	-0.5301100000000001	1.1944085521	0.2810166121	-0.00862527	-0.00114418	7.439528257290001e-05	1.3091478724000017e-06	-0.00132136	-0.0026872	1.7459922495999998e-06	7.221043839999999e-06	0.00136076	0.000580004	3.36404640016116e-07	1.8516677776e-06	0.0	1.0	0.0	0.0	0.0	0.0	0.0	0.0	0.0	0.0	0.0	0.0	0.0
3633.699601119329	-6.3172496019515165	13203772.791174771	39.907642533356594	8258.454329847624	41.49010855392408	1721.4291078164035	68202067.91817896	3578.683652079164	2.8759551150069456	8.271117823534613	12806976.681658665	3689.786792797047	6175.496912144252	1.257843	55.485992	0.5475512	0.320715	-0.1030024447	-0.1833498494	0.0436682942	-0.3053904778	0.0383484919	-0.147414105	0.0928795438	-0.1425512035	0.0488598216	0.0730024456	-0.1784550139	-0.0980127239	-0.1896205794	0.0676861683	-0.0012478183	0.0505977282	0.014958351	0.0069043137	-0.0365696543	-0.0618371637	-0.0124950775	0.0453412448	0.0076226577	-0.0012115697	-0.0095740481	0.0424387329	0.0318173228	-0.0306686871	0.0944676402	0.0260855714	0.0768563142	-0.049983043	-0.0635517867	-0.0890202774	0.0611227326	0.1072792281	-0.0270160406	0.0236745546	0.0346082137	-0.0286656897	-0.0449565724	-0.0426726376	-0.0387438676	0.0913964672	0.0255848165	-0.0214025574	-0.0211588816	0.0098427391	-0.0844491011	-0.0660979478	-0.0497241436	-0.0337908831	0.02723272	-0.0170259266	0.0177110591	-0.0658107918	-0.0519415212	0.0121708727	0.0020838987	0.0064147241	0.1188072021	0.0809873282	0.0986343791	-0.0758191745	0.0377911983	-0.0759646217	-0.0131971768	-0.0246893352	0.0486830582	0.0355999241	0.034828535	0.049818188	0.0376644244	-0.0347544189	0.0178073729	0.0069748709	0.0490676447	0.0730155838	0.0841679962	-0.02539317	0.0185315698	0.1298839393	-0.0566846658	-0.0094097634	0.0971546008	0.0678947068	-0.1954196897	0.1463015551	0.0240626751	-0.1570942036	0.0309770967	0.0240910158	0.0366931104	-0.0161739749	0.049597606	0.0377823716	4.212e-06	-0.0109075111	0.0206626203	-0.0233940644	0.0251848108	-0.0284973806	-0.0055422532	0.0374447805	-0.0022550834	0.1145541926	-0.0444261809	0.0586951295	-0.0912000556	0.0358683795	-0.0302822549	0.1135003599	-0.0937340442	-0.024314894	-0.0552029966	0.0526763801	-0.0107729619	-0.0683745688	-0.0334271811	-0.0650932041	-0.0106443066	0.0350263901	0.0128211715	0.0693173412	0.0438058691	0.0153717029	0.1013561666	0.0239403181	-0.0453844261	0.0034022309	0.0248140898	0.015801603	0.049090061	-0.0558670191	0.0291704822	-0.1104716676	-0.0121360308	-0.0693774437	0.0645448233	-0.0024700895	0.0889360502	-0.0422985155	0.0503509345	-0.1008572178	0.0254375552	0.0558379703	0.0378551742	-0.0091527039	-0.004908647	0.0059950167	-0.0325188296	0.038946065	-0.0255385588	-0.00250037	0.0657367796	0.0997726233	-0.0564155141	-0.1184738255	-0.0503484068	-0.0510883244	0.0147012178	-0.080541964	-0.0423688407	0.0659875001	0.0650367418	0.0	-0.096383	-0.1055576999999999	0.009289682689	0.0111424280292899	-0.555096	-0.028009	0.000784504081	0.308131569216	0.86144	-0.2314499999999999	0.7420788736	0.0535691024999999	-0.00576066	0.00286461	3.31852036356e-05	8.205990452100005e-06	-0.00102161	0.0002997499999999	1.0436869921000002e-06	8.985006249999995e-08	0.00184709	0.00048633	2.365168689000001e-07	3.4117414681e-06	0.0	0.0	1.0	0.0	0.0	0.0	0.0	0.0	0.0	0.0	0.0	0.0	0.0
3619.295675362287	-14.403925757042089	13099301.185696151	207.4730772143805	8242.879884943615	-15.574444904008487	242.56333406799595	67945068.79760806	3579.3172853967826	0.6336333176186599	0.4014911811964295	12811512.229540192	3691.090657424328	6127.115292053222	1.321579	58.297508	0.88349265	0.431067	-0.1112035881	-0.0917028258	0.0816629935	-0.1370803773	0.0652901115	-0.0115748494	0.1868485988	0.030320951	-0.0939062317	0.0962605476	0.0372332857	-0.0916838147	-0.0849744827	0.0585717816	0.0450101215	0.0723971221	0.0630061351	-0.0387192718	0.0319766169	0.0078460672	0.0450073405	0.0552755691	0.0255776461	0.03429933	0.0596295659	-0.09893168	0.039451504	0.031835432	0.0265313507	-0.0348424432	-0.0416029656	0.0898502216	0.049061165	-0.0070521996	0.0391323217	0.0010330615	0.0278649684	0.087798409	-0.0014920338	-0.066268814	-0.0440139901	-0.0214001258	-0.0566903023	0.0627406814	-0.0380976527	0.0088516004	0.1249086263	-0.0595826538	0.1013135822	0.0590128499	-0.059431195	-0.0235980212	0.0833273447	-0.0004868783	-0.0696281407	-0.0252555644	-0.0072323446	-0.0462624568	-0.03993166	0.0075097831	-0.063108459	0.0558738174	-0.0153943258	-0.0088327921	-0.0288339815	0.0679339603	-0.0061963629	-0.0350879365	-0.0864334701	-0.1245320918	-0.0092121514	-0.1386111973	0.0340272533	0.1063061647	0.0399901202	0.0466491857	0.121848659	0.010331734	-0.0567536608	0.072520619	0.0264561893	-0.1022486117	-0.0414952389	0.0499673113	-0.0337148157	0.0930141707	0.0135759329	0.1493913906	0.0490385119	-0.0696367181	-0.0269712481	0.0397822667	-0.0009966812	-0.0767162097	-0.0170374643	0.0092755416	-0.0690092332	-0.0430759297	0.0586370249	0.0513512537	0.0755408475	0.0981780569	-0.0224838761	0.0068848748	-0.0263119232	-0.0030634894	0.0638083453	-0.0002093616	0.051723544	-0.0846603263	-0.0412814736	0.0117777541	0.0203538674	-0.0723309055	0.024745728	0.0485272852	-0.0456086649	-0.0366851616	-0.0101354036	-0.0268631199	-0.0849583457	-0.0947675948	-0.0791943665	-0.007730197	-0.0257023793	0.0491948387	-0.0333172374	0.1394946005	-0.0229443378	0.0811555043	-0.0281387816	-0.057429969	0.008927901	0.0401430451	-0.0494439129	0.0876263811	-0.0354221646	-0.0202725446	-0.039101761	-0.1008743599	-0.0298541873	-0.0611354474	-0.0089734531	0.0363946642	-0.0637431939	-0.0972166133	0.1018353174	-0.0793883332	-0.0476885031	0.0080239421	0.0425096073	-0.0461078312	0.0140654563	-0.0356248836	0.1202590636	-0.0166438322	-0.0491751468	0.0598645486	0.0668626215	0.0906639443	0.0137299382	-0.0811872246	-0.0397766315	0.0684259838	0.0617292309	0.0	0.0437809	0.1401639	0.0019167672048099	0.01964591886321	-0.290489	0.264607	0.070016864449	0.084383859121	0.96159	0.1001499999999999	0.9246553280999998	0.0100300224999999	-0.0117989	-0.0060382399999999	0.0001392140412099	3.6460342297599993e-05	-0.000374868	0.000646742	1.40526017424e-07	4.182752145640001e-07	0.000960637	-0.000886453	7.85798921209e-07	9.22823445769e-07	0.0	0.0	0.0	1.0	0.0	0.0	0.0	0.0	0.0	0.0	0.0	0.0	0.0
3616.480425856051	-2.8152495062358867	13078930.670599964	7.925629782361404	8171.733957301305	-71.1459276423102	5061.743020084839	66777235.86891125	3564.4174153244944	-14.899870072288197	222.0061281710694	12705071.51066855	3678.435555881758	6055.111909550258	1.107263	48.843571	0.48085285	0.253519	-0.0935530079	-0.0560711966	0.0696206039	-0.0259562923	-0.0708033307	0.1372395528	0.1223300074	-0.0059940231	-0.0588630191	0.0751465332	-0.0211981081	-0.048844789	0.0456802989	-0.0542157461	-0.0107998527	-0.0115567559	-0.077827584	-0.0663790051	0.113847437	0.0345884708	0.0451919449	0.0535392521	-0.0434507946	0.0046105221	-0.0266113285	-0.0388091019	-0.0082062066	0.0180030802	-0.020723809	-0.0117905969	0.0240970047	0.0177134563	0.044720032	-0.0351809054	0.0070598617	-0.0435503118	-0.0565755938	-0.0339226352	-0.0364000284	-0.0459740532	0.0733928568	-0.018409669	-0.0283771299	0.0389518101	0.0662351849	0.0480325593	-0.0039148467	0.07619672	-0.0281299513	0.0219662311	-0.1634417597	0.0251704102	0.0866993118	-0.0311430266	0.0044352541	-0.029460964	-0.0519224597	-0.0232334528	-0.0682685171	0.0553137472	-0.0706980472	0.0409545559	0.0306544416	0.0159511726	-0.0669839264	0.0491255936	-0.0849541023	-0.0335043128	-0.0191096548	-0.0168780701	-0.0656393256	-0.0239427373	-0.0865776432	-0.0857033282	0.0424898629	-0.0052464336	-0.0231825406	-0.0713303537	-0.0035572234	0.0497145648	0.0072644641	0.0469215539	-0.0307874377	0.0315922051	0.0247610898	0.066549825	-0.0209792667	0.0774319708	-0.0407864381	0.1244543794	0.0009661837	0.0497596815	-0.0417109528	0.0395058766	-0.0442180801	0.0069139052	-0.1042527671	-0.0305250115	-0.0403150952	-0.0068084629	0.0052973284	0.022702402	-0.0148400994	0.0060615168	0.0224533024	-0.0035115175	0.0218538264	0.0359796209	-0.0192060462	-0.047595983	-0.0325251748	-0.0153444594	0.049000896	0.056529445	-0.0762844035	-0.055485117	0.0059891691	-0.026730884	0.034518661	-0.0153169724	0.0669615439	-0.0090188083	0.0093336442	-0.0269358927	0.0634211072	-0.0891591839	0.0907250202	0.1171555767	-0.038097358	0.1029603594	-0.0046748031	-0.0233165611	0.0172310504	-0.0429457927	-0.0048595626	0.0851261974	-0.0717132822	-0.0031307816	-0.0029862037	-0.0300156748	-0.0599481827	0.0294267222	-0.0129861071	-0.0250256473	0.067110147	-0.0784952066	0.0184087154	0.0734177136	-0.0081898704	-0.1579359139	0.0143074754	0.0906614711	0.0302253234	0.0310183327	-0.0212049673	-0.0154539891	-0.0276020931	-0.0708058585	0.010272259	0.0231365604	0.0127568403	-0.0817894817	-0.0371370197	0.0707195106	0.058217412	0.0	0.0214083	-0.0223725999999999	0.00045831530889	0.0005005332307599	-0.445421	-0.154932	0.024003924624	0.198399867241	1.15678	0.1951899999999999	1.3381399683999995	0.0380991360999999	-0.011261	0.0005378999999999	0.000126810121	2.893364099999991e-07	-0.00148442	-0.001109552	2.2035027364e-06	1.231105640704e-06	0.00148035	0.000519713	2.701016023690001e-07	2.1914361225e-06	0.0	0.0	0.0	0.0	0.0	0.0	0.0	0.0	0.0	0.0	0.0	0.0	0.0
3626.069610978405	9.589185122353683	13148380.82366108	91.95247131076924	8133.591993022897	-38.14196427840761	1454.8094390153224	66155318.70896619	3573.823526617341	9.406111292846616	88.47492965341667	12772214.599403609	3683.728329932484	5968.090325796945	1.142022	50.376877	0.3352202	0.273765	-0.0365157255	-0.0081664678	0.0334484391	0.1355441889	-0.124044814	0.0638470182	0.003914069	-0.004004904	0.0018307538	0.0237904225	0.0245320186	-0.0058376142	-0.0257238538	-0.0499372885	-0.0566736944	-0.0674652968	-0.0851470473	-0.0157579495	0.1046023525	0.0158726554	0.0742591377	-0.0283995813	-0.0544071276	-0.0327893234	0.0150174784	-0.0379565931	-0.0016171145	-0.0352743184	0.004551838	-0.0042666924	-0.0187588995	-0.0032620725	0.0307759388	0.0107579864	0.0595914966	0.0390272097	0.0299400166	-0.0650435272	0.0257479532	-0.0176352463	0.1438106906	0.0758098601	-0.0412803879	-0.0068539453	0.0374919193	-0.0281480557	0.0428508653	-0.0579423193	0.0547866638	0.0018356855	0.0014789956	0.1156116442	0.0328370079	0.0113584576	0.0072159092	0.0747125981	-0.0480050394	0.0945490445	-0.0284964062	-0.0985017517	-0.089002174	0.0423471764	-0.0294885642	-0.0337995509	0.0381746779	0.0003811967	0.0318634308	0.0659478567	0.0852955942	-0.0250001167	-0.0581937836	-0.0035920756	-0.0697145694	-0.0966192394	-0.0494698023	0.0088878754	0.0374932797	0.0265465266	-0.0605775711	0.0809673718	0.0360190936	-0.0515360337	-0.018927129	-0.0032627567	-0.0537174539	0.0191286574	0.0424385125	0.0142851977	-0.0821825144	0.0445552359	0.0829071415	0.0338389745	-0.0464064815	0.1010689294	-0.0455977047	-0.0204934773	-0.0844425509	0.058903851	-0.0565217611	-0.0078498612	0.007648045	0.0256761414	0.0361415749	0.0058630124	-0.0379005896	-0.0160277693	-0.0011831389	-0.0047708591	-0.0102531484	-0.0047177136	0.0118287885	0.0395578505	-0.0591828509	0.0496871626	0.0282829057	-0.0295220932	0.0028798131	0.0546124188	0.1339057033	-0.0146132313	-0.0177527269	0.0225018941	-0.0711810184	-0.0742779014	-0.0230761973	0.0652477556	-0.0091060903	0.0001629083	0.0332385399	0.1025004885	0.0236094513	0.0001158604	0.0988392851	0.05435046	-0.114718261	-0.0275608033	0.0167801719	0.0143025372	0.0086620451	0.0877636335	-0.0612740867	0.0519472928	0.0821218638	-0.0149379692	0.0812515917	-0.0904693022	-0.0123985307	0.0103595894	0.0045311909	-0.0330521536	-0.0258140272	0.0256267204	-0.0471973536	0.0198039276	0.0461795843	-0.0634930933	-0.0559161423	0.0454979172	-0.0212502766	0.0146278738	0.0117820532	-0.0823484164	-0.0344531511	0.0728632218	0.0545129082	0.0	0.0126286	-0.0087797	0.00015948153796	7.708313209000002e-05	-0.46108	-0.0156589999999999	0.0002452042809999	0.2125947664	1.41532	0.25854	2.0031307024	0.0668429316	-0.0121457	-0.0008847	0.00014751802849	7.826940900000007e-07	-0.00155153	-6.711e-05	2.4072453409e-06	4.5037521e-09	0.00138733	-9.302000000000008e-05	8.652720400000015e-09	1.9246845289e-06	0.0	0.0	0.0	0.0	0.0	0.0	0.0	0.0	0.0	0.0	0.0	0.0	0.0
3631.196961101321	5.127350122916141	13185591.370311469	26.289719282968168	8134.597728196469	1.0057351735713382	1.01150323935857	66171680.19957915	3581.3220046470906	7.498478029749549	56.22717276263668	12825867.300969455	3691.494052473754	5975.271301051548	0.939843	41.458355	0.1460375000000001	0.074023	-0.0292283112	-0.0086453014	0.0295033826	0.1420108609	-0.0794723486	0.0027303176	0.0290069501	0.0514732003	0.0979164031	0.0013459522	0.1097343732	-0.0355274774	-0.0104648274	-0.0788492716	-0.1085711995	-0.0544397891	-0.0486086744	0.1245683394	0.1020353849	-0.015912477	0.0178458427	-0.0430668213	0.0130514844	-0.0260219186	0.0215584109	0.0407881941	0.0598978182	0.0230190716	-0.094704785	-0.0659377953	-0.0680387364	0.0027874929	0.0203012633	0.0935463256	-0.0571647812	0.0940839352	0.062085312	-0.0137028003	0.0856167327	0.0135544921	0.0649093588	0.0345754012	0.0746599089	0.0191088464	-0.0778626843	0.0115486044	0.0515385386	-0.0949927324	-0.0120800125	-0.0362354318	-0.0572210735	-0.0073408788	0.043048806	0.019678708	-0.0029023208	-0.0075497956	0.0239852294	-0.0651617078	0.000832894	-0.035252007	-0.051901336	-0.110296148	0.0114306285	-0.1223490549	-0.0887598017	-0.0406558071	0.01997472	-0.0057447722	-0.0035440138	-0.018969224	0.0221271546	-0.104539444	-0.0051646344	-0.0232706004	-0.0257831367	0.0413915983	-0.0437175137	-0.0283253559	-0.0217591575	0.0426202937	0.0551842086	-0.0798255044	-0.0137572023	-0.0465209445	-0.0502747159	-0.0006278025	0.1140045868	-0.0034117767	-0.010260879	0.0305475571	0.1502679022	0.0108237486	0.0648312032	0.1220892391	0.0277147081	0.0246712255	-0.0637729276	0.051834727	-0.0536738334	0.0475024528	0.005371611	-0.0207828508	0.0058069292	0.0540294791	-0.0310764383	-0.1358301137	0.0692533899	-0.0589994471	0.0330736934	-0.0030645688	0.0657799614	-0.0280795605	-0.1121479475	-0.01842169	0.0563921236	0.0720754738	0.0088465497	0.1241255118	0.0123969302	-0.0535529671	-0.0329970612	-0.0709866696	0.0193870497	-0.032104534	0.0002670772	0.0688709193	0.0480460515	0.0462351528	-0.0229544157	0.0418960609	-0.0662380738	0.0063620848	-0.0586042146	0.0069632987	-0.0414956783	0.0819666849	0.0663861322	0.1021827409	0.0075830942	-0.0610302836	-0.0194992715	-0.0487972683	0.0754845876	-0.0707384075	-0.0213418923	0.0172435851	-0.0250691996	-0.0551864591	0.0036653946	-0.0662887518	0.0336484033	0.0007376699	0.0173248686	0.0300703481	-0.0823611145	-0.0483378654	-0.0849175374	0.0252732478	0.0320503269	0.0930335348	0.0108057058	-0.0828637327	-0.0317282239	0.0748525761	0.0506279805	0.0	0.0100066	-0.002622	0.0001001320435599	6.8748840000000055e-06	-0.40775	0.0533299999999999	0.0028440888999999	0.1662600625	1.44585	0.0305300000000001	2.0904822225000004	0.0009320809	-0.0116267	0.000519	0.00013518015289	2.693610000000004e-07	-0.00138185	0.0001696799999999	1.9095094225e-06	2.879130239999999e-08	0.00188976	0.00050243	2.524359049000001e-07	3.5711928576000005e-06	0.0	0.0	0.0	0.0	0.0	0.0	0.0	0.0	0.0	0.0	0.0	0.0	0.0
3637.3565765617136	6.159615460392615	13230362.86505675	37.940862619907726	8160.287627577116	25.689899380647148	659.9709301877747	66590294.16478816	3585.7831792721804	4.461174625089825	19.90207903554534	12857841.008751309	3689.716372982486	5802.590400347029	1.266898	55.885426	0.47438144	0.217199	0.0192958042	0.022688739	-0.0091785418	0.15730296	0.00853265	-0.1249726326	0.0969071305	-0.0947866745	0.1121566086	-0.0357352151	0.0075539854	0.1646884909	-0.0562748533	-0.0253438011	-0.0240790055	-0.0181228041	0.0375666941	0.0643024686	-0.0206927515	-0.008491361	-0.0330341185	-0.0057135796	0.035379931	-0.0223172579	0.0580655149	0.0454724226	0.0497003449	0.0449608777	-0.0827910258	0.0144322157	-0.0011275953	0.0419407067	-0.0418732813	-0.0112749102	0.0994314486	0.1177082224	0.0016691639	-0.1167029703	-0.0229036872	-0.10792095	-0.0559976575	-0.0329213	0.0518863701	0.0366244788	0.0226227284	0.0190900808	-0.0205441963	0.0617975194	0.0072967891	0.0696760543	-0.1015739288	0.1187055633	0.0202518116	0.0580225249	-0.0731000764	0.0087738871	0.100164373	0.0446771686	-0.0132703289	-0.1158510747	-0.0848842369	-0.0589102987	-0.076983544	-0.0294359898	0.0243634614	-0.0468138178	-0.0162939702	-0.0661906366	0.0204039924	-0.0439102983	0.0542879017	-0.1917354931	-0.0137070732	0.0665101898	0.0408185484	-0.0324623932	-0.0563723489	-0.0449935436	0.0166524428	-0.014012484	-0.1032123877	-0.0199793391	-0.0469471228	0.0785517658	-0.0384578587	-0.0305845393	0.0279292115	-0.1481677969	-0.1023315842	-0.0998806551	0.0396722574	-0.0248723324	0.0562740359	0.0069847328	0.0103483266	0.0202973031	0.0217252421	-0.0026552663	-0.0093702714	0.03892543	0.0413116339	-0.0396722971	0.0030408193	0.0221653153	0.0321149403	-0.0896776389	0.0030367967	0.0135291057	0.0088490336	-0.0443963841	-0.0400411061	0.1018781593	-0.1479063767	-0.0260623382	0.034632141	-0.0781005698	-0.0823855394	-0.036705227	-0.0567118175	-0.0496990527	0.0289807409	-0.0161983446	-0.0066650732	0.0198195424	0.0034221796	-0.0917440176	0.0352304881	0.041626871	0.075007391	0.1512362945	-0.052703609	-0.0053030174	-0.020756298	0.1231282053	-0.111523747	-0.0328027065	0.0261708158	0.0651407819	-0.0750420876	0.0767666512	-0.0032691939	-0.005608638	0.0268635676	0.0234599657	0.022871053	0.0019884059	-0.0278324855	-0.1317976245	-0.0480285426	-0.1092378053	0.0779613241	-0.075080486	0.1010202516	-0.0061043019	-0.0274860351	0.0399606925	0.0822904443	-0.0522986322	0.1018663985	0.0641806404	0.0098279275	-0.0833351575	-0.0289654857	0.0766833591	0.0465754872	0.0	-0.0083935899999999	-0.0184001899999999	7.045235308809833e-05	0.000338566992036	-0.542249	-0.1344989999999999	0.0180899810009999	0.294033978001	1.60566	0.15981	2.5781440356000003	0.0255392361	-0.00926016	0.00236654	8.57505632256e-05	5.6005115716000014e-06	-0.000762155	0.000619695	5.808802440250001e-07	3.84021893025e-07	0.00164255	-0.00024721	6.111278410000004e-08	2.6979705025e-06	0.0	0.0	0.0	0.0	0.0	0.0	0.0	0.0	0.0	0.0	0.0	0.0	0.0
3628.837956949604	-8.518619612109433	13168464.917798176	72.56688009581546	8211.791833376752	51.50420579963611	2652.68321505127	67433525.11471312	3586.4323886814964	0.6492094093159722	0.4214728571443935	12862497.278583664	3694.963313559348	5684.181913659232	1.278339	56.390072	0.5078842099999998	0.324591	0.1041130885	0.0702572959	-0.0690887024	0.1629474955	0.036589871	-0.0725812238	0.0846344438	0.0624350345	0.072651786	-0.0670559991	0.1508476053	0.0660996834	-0.0834331569	-0.09841786	-0.0251688496	0.0482219607	0.033107378	-0.0353172429	-0.0098599568	-0.061217249	0.0508961731	0.0363074512	0.038298191	0.0185376621	-0.0175637549	0.1549753199	0.062499614	-0.0065700395	-0.0463613982	-0.0515470071	0.0005263843	0.0899775571	-0.0273977691	-0.0016800274	0.0314622561	0.1375569596	-0.0835179195	-0.045171902	-0.0680928384	0.0575609033	0.0472693253	0.0560374946	-0.0152950105	-0.0349979098	-0.0196231897	0.0249880956	0.0672283954	0.0142881963	0.0105358977	-0.0744146811	0.1054256447	-0.0571477166	-0.078805757	-0.0448115599	0.0609949247	-0.0091786901	-0.0535373521	-0.0607666292	-0.0619155271	-0.0004388925	-0.035863782	-0.0166001279	-0.0055351152	0.0456453656	-0.0635296882	0.0337837675	-0.1347828591	-0.0493742263	-0.0936128216	0.0097396446	0.0012048043	-0.0971346679	-0.0864250752	0.0331058561	-0.0215218761	0.022102897	-0.0357687897	0.0119006464	-0.1588792411	0.0612814086	0.0439168221	-0.0243399711	-0.0038528302	-0.1106603978	-0.0531577746	-0.0769870055	0.155950158	-0.0126311653	-0.0647156659	-0.0674535995	-0.0146565644	-0.0674967911	0.0767885531	-0.0025385627	0.0024603507	0.0774920755	-0.0285009223	0.0344930816	0.0350777416	0.0572060005	0.0269638092	-0.1593349027	0.0026208032	0.0807949594	0.0498794865	0.0177810604	0.0454859938	-0.0155026569	0.0434595611	-0.0427551366	0.0198258359	0.0332655517	-0.1222355605	-0.0638197455	-0.0463460267	-0.1033934485	0.095054823	0.0173582155	0.0552553895	0.010423832	-0.0041239812	-0.0408082353	-0.0172415101	0.0438602318	0.0378415798	0.0681458166	-0.0718314118	-0.0338047062	-0.0300010828	-0.0929991552	0.0607325632	0.0625330872	0.0179349825	-0.0571509611	-0.0122779739	0.0877904769	-0.0882516454	0.0025592648	-0.024905679	-0.0872878465	-0.0076531758	-0.0129384798	-0.1251903048	-0.0027028168	0.0227871318	-0.059735355	-0.0328712815	-0.0081319085	0.0005053188	-0.0670285299	0.0961017462	-0.0255421512	0.031675971	0.0976167151	-0.0077547433	-0.1500335505	-0.0579844076	0.0493053091	-0.0786690253	0.016044384	0.0088488477	-0.0837624412	-0.0261682287	0.0783516924	0.0423688407	0.0	-0.00452688	0.0038667099999999	2.04926425344e-05	1.4951446224099234e-05	-0.433074	0.1091749999999999	0.0119191806249999	0.187553089476	1.82797	0.22231	3.3414743209	0.0494217361	-0.0126641	-0.0034039399999999	0.0001603794288099	1.1586807523599996e-05	-0.000769315	-7.159999999999979e-06	5.91845569225e-07	5.12655999999997e-11	0.0016821	3.954999999999996e-05	1.5642024999999967e-09	2.82946041e-06	0.0	0.0	0.0	0.0	1.0	0.0	0.0	0.0	0.0	0.0	0.0	0.0	0.0
3614.705080197144	-14.132876752460106	13066092.816803042	199.7382053002273	8171.00266704879	-40.78916632796245	1663.7560897301855	66765284.58491843	3578.0400929819	-8.392295699596161	70.43062710946022	12802370.906985926	3686.814228914222	5523.697189483642	1.055827	46.574642	0.3200417699999999	0.184286	0.1098044337	0.1118282767	-0.064771682	0.107840164	0.080356983	-0.0424362338	0.0440819743	-0.0884258072	0.090826422	-0.0740713246	0.0092944769	0.1162341774	0.0082413599	-0.1110215188	0.0468636565	-0.0014034954	-0.0083106781	0.013938836	0.003200528	-0.042845597	0.0639942192	0.0651106466	-0.0044469593	0.0474231258	0.0209990478	-0.0137767346	0.0600575928	0.0015284589	0.0169693563	0.0822961701	0.1628939953	-0.0290019547	0.0014778363	-0.0244533827	0.0090861958	-0.0309621044	-0.0571391278	-0.0278989115	-0.066794899	0.0622623616	-0.0262871343	-0.0793448095	0.0078761304	-0.0802168966	-0.0326104166	0.0057082658	-0.0478076414	-0.0004164388	0.0033072381	0.0972540293	0.0382320518	0.0476913663	-0.0245796898	-0.0806843375	-0.0313910573	-0.0167829884	0.0464894761	-0.0173524199	0.066061818	0.0126658788	0.0547713542	-0.1574906353	-0.0029241167	0.0120721651	-0.1127548321	-0.0647392986	-0.0629085623	0.0211573378	0.0273026147	0.0273523099	-0.0101935365	0.0847686022	-0.0172416416	0.0733776815	-0.1123914987	0.0628062621	0.0272809474	0.0999324519	-0.0524637934	0.0137311283	-0.0075436139	-0.0253861862	-0.0910374451	0.0330102774	0.0558160874	-0.0758729299	0.0250012223	-0.0885722405	-0.100228212	0.0111390919	0.0069697189	-0.0700793631	0.0070780859	-0.0383528912	0.039536859	0.037676559	-0.0468089532	0.0287386302	0.0348970064	0.0345614784	0.097029778	0.0147394081	-0.0194935333	0.071793545	0.0621958163	0.060318669	-0.0733752967	0.1241954815	0.0025173676	0.0493358504	0.009342455	-0.0062584358	0.0494297934	0.0307412678	-0.049462297	-0.0609996103	0.061226977	-0.0456912987	-0.0643282438	0.0662857837	0.0061566642	-0.0149021861	0.0142321982	-0.0211747017	-0.083657827	-0.0481198647	-0.0426793644	-0.0603318505	0.048870541	0.0263466073	0.0400059399	-0.073454552	-0.1171059443	-0.0276100301	0.0715503193	-0.0125524462	0.0589091151	0.1547644772	0.000718481	0.0091193831	-0.0095240162	0.0482118888	-0.0673719811	-0.0932461645	0.0086687553	0.070851044	-0.0033536163	0.0356959811	0.0095877432	0.1090370132	0.0387372931	-0.0249522574	0.0099491543	0.0680575307	0.0433697897	-0.0801317823	-0.0617651658	-0.0434743603	0.003495843	0.0811817545	0.0078685961	-0.0841453574	-0.0233397865	0.0798540418	0.0380219642	0.0	0.00379564	0.00832252	1.44068830096e-05	6.92643391504e-05	-0.538415	-0.1053409999999999	0.0110967262809999	0.2898907122249999	1.81851	-0.00946	3.3069786201	8.949160000000045e-05	-0.00968689	0.0029772099999999	9.38358378721e-05	8.863779384099996e-06	-0.00169701	-0.000927695	2.8798429401e-06	8.606180130250002e-07	0.00164864	-3.3459999999999913e-05	1.1195715999999942e-09	2.7180138496e-06	0.0	0.0	0.0	0.0	0.0	0.0	0.0	0.0	0.0	0.0	0.0	0.0	0.0
3608.2884548021934	-6.416625394950643	13019745.5730588	41.17308145912549	8187.575757074623	16.573090025833153	274.6673130043703	67036396.77783608	3576.707758259891	-1.3323347220093638	1.775115811471769	12792838.387996493	3689.054770668784	5555.88737714495	0.938501	41.399178	0.2914999399999998	0.184602	0.1335395958	0.0900488052	-0.0913651022	0.1031956333	0.0633707205	-0.0018464886	0.0280942409	0.0191232131	0.018049652	-0.0939035563	0.1473749527	-0.0207457578	-0.0664261139	-0.0081651784	0.074925136	0.0189170163	-0.0031164987	0.0134588893	-0.013401848	0.0880830629	-0.0820467973	0.0496581052	0.0093496397	-0.0400878393	0.0709053799	-0.0302141908	-0.1223288529	-0.0292194855	0.0435884942	0.0317295486	0.0711313256	0.0788961443	0.0047986667	0.089373376	0.0402122732	-0.0104376769	0.0433203439	-0.0233457262	0.0810970856	0.0050823826	0.0244476154	0.0001482207	-0.0552424968	0.053640375	0.0534504117	0.0027882819	-0.0333265968	-0.0348481658	-0.0137788986	-0.0555798565	0.0602199684	0.0221933732	0.0736197622	0.0355831894	0.0005696123	-0.0724774686	-0.0289859528	0.0067980795	-0.0207155134	0.0384704635	-0.0040573557	0.0981018195	-0.0199849839	0.1021463545	0.1376068524	-0.0566596826	0.0574868104	0.0723817796	0.0319545432	0.0187810068	0.0164259489	-0.0593409292	-0.0912861389	-0.0065744505	0.0349003053	-0.0291360569	-0.0845047984	0.079249761	0.0934839164	0.0061771802	-0.032327763	-0.0233289749	0.0079584522	0.0117122508	-0.0050314956	-0.1005809259	0.1455265246	0.0410639696	-0.0086653027	-0.0443796338	0.0474550389	-0.021536836	-0.0459769116	-0.0699783276	0.0075104405	-0.0217768527	0.0471099078	-0.100595991	-0.061566283	0.0319492318	0.018092791	0.0216833762	0.0500334667	-0.1132569638	-0.0177795416	0.0391221242	-0.0113298215	0.083064559	0.1351304034	0.0408290343	-0.0351408204	-0.002207902	-0.0290199963	0.0755964555	0.0190765479	0.0521423327	-0.0178376079	0.0079929029	0.0515167097	-0.044616563	-0.0132095591	0.0628298513	0.0119782795	0.0412026784	-0.0069241227	0.0584725922	-0.0233187785	-0.0161480585	-0.0712335213	0.0798172474	-0.0338864488	0.0292914112	0.0383154019	-0.0455109655	0.0368631168	-0.0311987562	-0.0588184392	-0.0965462183	-0.0135435114	0.1423842451	0.0460992334	0.063201123	0.0578186456	0.0739958826	-0.0121516789	-0.0488750734	-0.0196127974	-0.056315562	0.019203639	-0.0149764975	0.0781036573	0.0470863248	0.0130627775	0.0462808299	-0.0210007724	0.1183556859	0.0380380663	0.0376494963	0.0298418305	0.0126670494	0.0068873025	-0.0844837033	-0.0204835299	0.0811872246	0.0335492447	0.0	-0.0109363	-0.0147319399999999	0.0001196026576899	0.0002170300561635	-0.521909	0.016506	0.000272448036	0.2723890042809999	1.91939	0.1008799999999998	3.6840579721	0.0101767743999999	-0.0122317	-0.0025448099999999	0.0001496144848899	6.476057936099999e-06	-0.00121441	0.0004826	1.4747916481e-06	2.329027600000001e-07	0.00148841	-0.00016023	2.5673652900000045e-08	2.2153643281e-06	0.0	0.0	0.0	0.0	0.0	0.0	0.0	0.0	0.0	0.0	0.0	0.0	0.0
3599.432332069768	-8.85612273242532	12955913.113149207	78.43090985178051	8147.295830071305	-40.27992700331743	1622.4725193925804	66378429.34269728	3569.4505394746125	-7.257218785278383	52.66722449739744	12740977.1537556	3682.016503829597	5527.156959228516	0.936704	41.319889	0.141829	0.0886718999999999	0.1252986605	0.0788213451	-0.0908017586	0.0964466805	0.0109642907	0.0807825012	0.0351382088	-0.0747441003	-0.001364623	-0.0907228283	0.0376419727	0.0889176085	0.0399387842	-0.0388350913	0.0459601319	0.0777449446	-0.0883698372	0.0409072738	-0.0118397936	-0.0099940848	-0.0470554095	-0.0040084451	0.0380879196	-0.0682457125	0.0331931797	-0.0706886716	-0.0301410296	0.0259865919	0.0994925648	-0.0408020009	0.0995112005	-0.0089901462	-0.0120689084	-0.0092040783	-0.0023455018	-0.0671055741	0.0226052423	-0.0654594895	0.0352441924	0.0059952586	-0.1047179668	-0.0369902646	-0.0437849121	0.1403951084	-0.0199947453	-0.0188719695	0.0207341233	0.05098816	0.0230710484	-0.0201055556	0.0232264029	-0.0247784908	0.0016978779	0.0181164673	-0.0092299623	0.0123805983	0.0461473607	-0.0621963688	0.0627923527	-0.0078174386	-0.0551273398	0.0036515938	-0.0061323164	-0.0202743362	-0.0246211925	-0.0481266528	-0.0185379193	0.0083181021	0.1278699688	0.0660884886	-0.0448331326	-0.0250279089	-0.0564040569	-0.0195680969	-0.1083480782	0.0565381918	-0.0605159365	0.0829533656	-0.0915542771	-0.0153493044	-0.0929312177	0.0024781397	0.0228702603	-0.0134558143	0.0017366529	-0.0911805256	0.0485082321	-0.0587881995	-0.064588295	0.0319470498	-0.001492594	0.0473686091	-0.0093158564	-0.0539089194	0.077909368	0.0491845021	0.0629518027	0.0017465409	-0.0735317467	0.0680538861	0.0017458515	0.0844788974	-0.0441952162	-0.0387951767	-0.0068470121	0.0862207197	0.0526783671	0.0679139526	0.0347304746	0.0581804019	-0.0051124999	0.0079386436	0.048103395	0.0746550897	0.0447243948	0.0079366867	-0.0301413833	-0.0831491924	-0.0742380412	-0.1346114628	-0.0534518244	-0.0144326721	-0.0235151567	0.061256522	0.0409238046	-0.0090294851	-0.040924373	0.0200765236	-0.0132099619	-0.0062325219	-0.016900288	-0.0043846484	-0.0696388071	-0.0127365588	-0.0337337789	-0.0103924143	0.0494859371	-0.0146440331	0.0133822914	0.0798957128	-0.0431910815	0.0492041653	0.0320783961	-0.0435343746	0.0969669588	0.0678401502	-0.0150695634	0.007961242	-0.0455251174	0.0699769056	0.0636006069	0.0278178113	-0.0020122274	0.1021673974	0.0142047253	-0.1217913455	0.0715837237	0.030411842	-0.0389474612	-0.0266110578	0.0059050968	-0.0847772997	-0.0176028627	0.0823484164	0.0289654857	0.0	-0.0167331	-0.0057968	0.00027999663561	3.360289024000001e-05	-0.6055	-0.083591	0.006987455281	0.36663025	1.90495	-0.01444	3.6288345025	0.0002085136	-0.0122035	2.819999999999906e-05	0.00014892541225	7.952399999999468e-10	-0.000730466	0.0004839439999999	5.335805771560001e-07	2.3420179513599997e-07	0.00173629	0.00024788	6.14444944e-08	3.0147029641e-06	0.0	0.0	0.0	0.0	0.0	0.0	0.0	0.0	0.0	0.0	0.0	0.0	0.0
3606.5297219914655	7.097389921697413	13007056.635607837	50.37294370061201	8167.952274940533	20.65644486922793	426.6887146354527	66715444.36570624	3567.546555492482	-1.9039839821302849	3.625155004208697	12727388.425606277	3677.867145149075	5496.002088993618	0.968542	42.724327	0.2490231500000002	0.161266	0.1324018395	0.0857647531	-0.094832981	0.0916970987	0.0681439707	-0.0130263382	-0.0247909466	0.0318549454	-0.008363298	-0.0984360484	0.1150455365	0.0232194942	0.0217633259	0.04829492	-0.1017785512	0.0288906055	0.089054905	0.046108777	-0.038932809	0.0021051159	-0.0378529865	0.0073970149	0.0346047962	0.09550325	-0.0909692266	0.0549475737	-0.0020397221	0.0413041022	0.011369201	-0.0221553429	-0.0156750182	-0.00124274	0.0375054842	-0.0533237008	0.0056864841	0.0367392392	-0.0218683986	0.0719804366	-0.0114265833	-0.0438783965	-0.0061623612	0.0204233127	0.0587567711	0.00646562	-0.0088922357	0.0381831638	0.0316470335	0.0724119025	0.0482067761	-0.0276071247	0.0395376464	-0.1397148417	-0.0367253396	-0.0494051311	0.0362785599	0.0153604167	-0.073524032	0.0170092672	0.2091231752	0.0267415058	-0.0548578542	-0.0150439748	0.0067592887	-0.0458178902	0.0793854241	-0.0687908505	0.0610625469	-0.0152732309	0.1267327944	0.1214901641	0.0325547502	0.0400905781	-0.0081947366	0.0211743272	0.0065432733	0.0474944725	0.0383022989	-0.0179187377	-0.0005627714	0.0628257795	-0.0004376608	0.0399771969	-0.000322628	0.0024802898	0.0035185902	-0.0952417128	0.1156562868	-0.0431322197	0.0378447033	-0.0177332196	-0.0098509447	0.0273131897	0.1168965478	0.0117583509	-0.0093360933	-0.0446359316	0.0157260261	-0.052688683	0.0941423002	-0.0658916085	-0.0536374274	-0.0426395545	-0.0841671697	0.0142506408	0.0006838645	0.0066903388	0.0096845603	-0.0076287671	-0.0408191705	-0.0715903459	0.0290650784	0.0194839353	-0.0252237786	-0.0772603212	-0.0409371739	0.0388716603	-0.0430741633	0.0461565619	-0.0048949418	-0.0086671918	0.0143219358	-0.0391488691	-0.0073906145	0.0435109321	0.0246905595	-0.0134596097	-0.0844727343	0.042651735	-6.80008e-05	-0.1137815475	0.0095191831	-0.0278824777	0.031720128	-0.114623501	0.0061960987	0.0021293791	0.1952016955	-0.0702975234	0.0096861636	0.1214027114	0.0767438535	0.0118503093	0.0170226502	-0.0140714183	0.0450766572	0.1322688349	-0.0344794972	0.0044178035	0.0008553289	0.0442531042	0.0204071697	0.0797824736	0.0107208406	-0.0567487514	0.0583327783	-0.0141534813	-0.0351890227	-0.0259353263	0.0070796559	-0.0478356434	0.0049221092	-0.0850259911	-0.0147012178	0.0833351575	0.0242858583	0.0	-0.0313958	-0.0146627	0.00098569625764	0.00021499477129	-0.455502	0.149998	0.022499400004	0.207482072004	1.95263	0.0476800000000001	3.8127639169	0.0022733824	-0.0121402	6.330000000000051e-05	0.00014738445604	4.006890000000064e-09	-0.000109527	0.000620939	1.1996163729e-08	3.8556524172100003e-07	0.0017857	4.9410000000000166e-05	2.441348100000016e-09	3.18872449e-06	0.0	0.0	0.0	0.0	0.0	0.0	0.0	0.0	0.0	0.0	0.0	0.0	0.0
3608.974288598673	2.4445666072074346	13024695.415766297	5.975905897073668	8161.177929244228	-6.774345696305318	45.89175961305038	66604825.1927831	3569.620544333372	2.073988840889797	4.301429712135403	12742190.83052688	3683.4673763736255	5520.978522251674	0.931313	41.082085	0.1609944499999999	0.103203	0.11484219	0.0769471183	-0.0872916771	0.0750481716	0.0480893985	0.0271603155	0.0703964124	-0.0239198991	-0.0628399182	-0.0776125862	0.0511906101	0.0767534297	0.0111127659	-0.0239508731	0.0403228938	0.0203054369	-0.0337085511	-0.0955264198	-0.0039652708	0.0157475533	-0.0024298751	0.1313827662	-0.0561124942	-0.0226353311	0.0087053268	0.1046845597	0.0509610225	0.0516563767	0.0407461991	0.0102996582	-0.0260319606	-0.0790755631	0.0965146914	-0.0326700714	-0.0113743553	-0.0165159891	-0.0938231225	0.0430443925	0.0165651724	-0.0406734326	0.0547569824	-0.0257449859	0.034796561	-0.0122780142	-0.0188378338	0.0789773148	0.0167705153	-0.009567201	-0.0595346712	-0.0153577681	0.0447703866	-0.0308977482	-0.0082534228	0.0700133624	-0.0413670685	0.0579551421	0.0675417254	-0.0010873792	-0.0268020141	0.0222242299	-0.0825282288	0.0878685086	0.0228420092	0.105350341	-0.0420855984	0.0066154976	0.0014218135	-0.1081007427	0.0613717289	-0.0208352097	0.0610703521	-0.0428105972	0.0110222537	0.0200269326	-0.0360453301	-0.1216794412	-0.0132048546	0.0053507943	-0.0087746484	-0.1572658648	0.0138244458	-0.0605667683	-0.0126844804	0.0455974533	0.0007605493	-0.0835306729	0.0491324645	-0.0061104966	-0.1008594052	0.0343742759	-0.0964853317	0.0075802142	-0.0631922104	0.000704866	-0.0112280031	0.0336283838	-0.0445504083	-0.0799365209	-0.0526869662	-0.0046974816	0.0804976607	-0.0870771578	-0.0698578508	-0.0003381432	-0.0031928881	-0.0234916056	-0.023161483	0.0284352621	-0.090674567	-0.0438228712	0.0879435418	0.0176518722	0.0270820791	-0.0184938774	-0.0712529487	0.0091654937	-0.0415228437	0.0463598269	-0.0292132213	0.0329149538	0.0242225543	-0.0376732551	0.065449875	0.0610699073	0.0202328691	0.0391096758	0.0222581466	-0.0163672853	-0.0516563408	-0.0234527029	-0.0455985389	0.0176754886	-0.0287610938	0.0851651118	-0.0212332152	0.081017976	-0.0746432169	-0.1059117161	-0.0855011432	0.0002918874	-0.012630072	0.0729136371	0.0043547306	-0.0039700267	0.0926521834	0.016710687	-0.0459259118	0.0160867212	-0.0058510491	0.0028464868	0.0065847666	-0.1840868117	-0.0368090786	-0.0598092361	-0.039097126	-0.0025523917	0.077707288	0.0401184969	0.011421263	-0.0147137967	0.0039384698	-0.0852296458	-0.0117820532	0.0841453574	0.0195258508	0.0	-0.0256465	0.0057493	0.00065774296225	3.3054450490000025e-05	-0.548585	-0.0930829999999999	0.0086644448889999	0.300945502225	1.91097	-0.04166	3.6518063409	0.0017355556	-0.0122046	-6.439999999999918e-05	0.0001489522611599	4.1473599999998946e-09	-0.00039304	-0.000283513	1.544804416e-07	8.0379621169e-08	0.00172357	-6.213000000000008e-05	3.860136900000011e-09	2.9706935449e-06	0.0	0.0	0.0	0.0	0.0	0.0	0.0	0.0	0.0	0.0	0.0	0.0	0.0
3611.466152935081	2.491864336408071	13042687.773795716	6.209387871062435	8174.080978137821	12.903048893593224	166.4886707504573	66815599.83715456	3574.5100145762776	4.889470242905645	23.906919256259787	12777121.8443061	3683.651370636896	5490.152564321245	0.928956	40.978096	0.190879	0.0901848	0.1254906325	0.0833177493	-0.0917324136	0.0664870883	0.0728928418	-0.0611220207	0.0186858504	0.0171366436	-0.0413324371	-0.080473457	0.1004892924	0.0688463386	0.0152851031	-0.0350993874	0.0398710526	-0.0372813887	0.0551416053	-0.0924695983	0.0012466798	-0.0187214423	-0.0152238455	-0.0503056981	0.0380436395	0.0563377189	-0.056117898	0.0041873644	0.0418594448	0.1054010481	0.0261844226	0.0209181772	-0.0269629353	-0.039335121	0.0747285404	-0.0270011719	0.0347206587	-0.0911491774	-0.0021259117	0.0829474515	-0.0159694621	-0.035649496	-0.0695149147	0.0916691304	0.0043683342	-0.0142731972	-0.056985612	0.0009359475	-0.1282789338	-0.0100210725	0.0460127591	-0.0599954205	0.0126272536	-0.0556002086	-0.0107039852	0.1060525325	0.0411266718	0.0609003291	-0.0772881859	0.0254314901	-0.0272064526	-0.1595240222	-0.0356853099	0.0082058247	0.0247075809	-0.034729224	0.1339235979	-0.0480971452	0.0468667372	-0.0398534464	-0.0787650976	-0.0063908956	0.0395487259	-0.0121221429	-0.0924138402	0.0058463757	0.0955090583	-0.0132057334	0.00869309	0.0026468635	0.0567283636	-0.0604476027	0.0881116624	0.024515663	-0.0181824262	-0.0374795854	-0.024270625	-0.0860411818	0.0963298531	-0.0594046234	-0.0301880459	-0.0036537685	-0.0282665824	-0.0482043535	-0.0245048019	-0.022007864	-0.0903855746	0.0580367066	0.0225118612	0.0054579569	0.0750875314	-0.0081962401	-0.0254572021	0.0125452999	-0.1226922019	0.0089546163	0.0098126974	-0.0443458744	-0.0120768169	0.0178839895	-0.0726597305	-0.0437180876	0.0204042367	0.023135995	0.1088306179	-0.0817956703	0.03618897	0.028701092	-0.0712824073	-0.025915168	0.0063299776	0.0400526616	-0.0740007127	0.0947205635	0.1213250767	-0.0153037904	0.0456247417	0.0345197533	-0.0489181736	0.020933105	0.005807459	-0.0395516658	-0.026502702	0.0690369812	0.1246267875	0.0459963927	-0.1643682283	-0.0447783222	0.03532533	-0.0506252498	0.0295014901	-0.0128958671	0.0868583547	-0.0384896181	0.0045305681	0.0550435087	-0.0596478422	-0.0444662458	-0.0114009655	0.0248499136	0.1038577456	-0.0389000247	0.0853675711	-0.034604792	-0.0871177617	-0.0167920049	-0.0354977045	0.0764201247	-0.0345509456	-0.0361018544	-0.0248814645	-0.0428201158	0.0029543088	-0.0853881558	-0.0088488477	0.0847772997	0.0147012178	0.0	-0.015057	0.0105895	0.0002267132489999	0.00011213751025	-0.482917	0.065668	0.004312286224	0.233208828889	1.95551	0.04454	3.8240193601	0.0019838116	-0.0118483	0.0003562999999999	0.00014038221289	1.2694968999999904e-07	-0.00102532	-0.0006322799999999	1.0512811024e-06	3.997779983999999e-07	0.00131052	-0.00041305	1.7061030250000008e-07	1.7174626703999998e-06	0.0	0.0	0.0	0.0	0.0	0.0	0.0	0.0	0.0	0.0	0.0	0.0	0.0
3608.38380875165	-3.082344183430905	13020433.711261066	9.500845665130331	8158.659248735652	-15.421729402169149	237.8297377537284	66563720.73697979	3572.4762768674955	-2.033737708782155	4.13608906812249	12762586.748781042	3684.732851708141	5555.723680616106	1.012913	44.681622	0.1951333314999999	0.0939716	0.0938620646	0.0560248665	-0.0760112134	0.0770897725	0.0150062433	0.040096895	0.0585035892	-0.0277378361	-0.0722875935	-0.0593014455	0.1211716321	0.0701187369	-0.009721028	0.0107277493	0.0302698299	0.010444396	-0.100833321	-0.024933165	0.0393977835	-0.0680035707	0.0328769381	0.0494426571	-0.0227014171	-0.0360096134	-0.0246198528	0.0237841883	-0.040351066	-0.017277644	0.0421352932	-0.076220595	0.0031032274	-0.0836322958	-0.0522318845	0.0812603813	0.0341691582	-0.0571755615	0.0351261936	0.0921701499	-0.0158615573	-0.0348682589	0.0527593218	-0.0088306282	0.1114882372	0.1057741966	-0.0457461079	-0.0261546306	-0.0731940572	0.0133837876	-0.0301566839	0.0071516258	-0.1187891015	-0.0353913082	-0.0246925511	0.0929691886	0.0368906746	-0.0692038334	0.0495090076	-0.1049564415	0.0452817847	0.0235407485	0.0017029035	0.0962549469	0.0386082688	-0.0502390398	-0.031745383	-0.0148784338	-0.070748977	0.0109538518	0.0637737387	-0.0081939843	0.00264146	0.0554651636	0.1042724872	-0.0017363963	0.1293934662	-0.04777686	-0.0261096434	-0.0791377567	-0.0416255932	0.0257632121	-0.0047197883	0.0454644834	0.026708878	-0.1643343829	0.0261104477	-0.0643320907	0.1232687994	0.0002884827	-0.0762890435	0.0085867842	-0.0633231839	0.0385533133	-0.0764227823	0.0310563151	0.0566683366	0.0569543976	-0.0691964101	0.0056850851	-0.0357466889	-0.0223075277	-0.0333374479	-0.0104204197	-0.0170509398	-0.0266422553	-0.0251066429	0.0553731563	0.054513107	0.0092779142	-0.0364026794	0.1036665503	-0.0314535696	-0.0028784791	0.0435289791	-0.0862012332	0.0411726444	0.0265600593	-0.0543814743	0.1103033003	-0.0356562207	-0.0566748524	-0.000240276	0.0295683275	0.0984195412	-0.0043839031	0.017145624	-0.0863809783	0.1218854873	0.0772948899	0.0048189358	0.0057317128	-0.0558440408	0.095153758	-0.0718916218	-0.0181577832	0.010767938	0.0279961522	0.0104024733	-0.1006279159	0.0282601368	-0.0403305769	-0.0554639371	-0.0557065302	-0.0350075067	-0.048643587	0.0123770681	0.1297438519	0.1317921611	-0.0192463747	0.0131493329	-0.0579727811	-0.0888193823	0.0530508871	0.0121263654	-0.0631701601	-0.037603936	-0.0094151588	0.0226623707	0.0206994037	-0.1419171259	-0.0669610984	0.0019697566	-0.0855014373	-0.0059050968	0.0852296458	0.0098279275	0.0	-0.029988	-0.014931	0.000899280144	0.000222934761	-0.51141	-0.028493	0.000811851049	0.2615401881	1.89647	-0.0590399999999999	3.596598460900001	0.0034857215999999	-0.0126381	-0.0007897999999999	0.0001597215716099	6.237840399999977e-07	6.25663e-06	0.0010315766299999	3.91454189569e-11	1.0641503435621566e-06	0.00134253	3.201000000000007e-05	1.0246401000000043e-09	1.8023868009e-06	0.0	0.0	0.0	0.0	0.0	0.0	0.0	0.0	0.0	0.0	0.0	0.0	0.0
3612.419132445922	4.035323694271938	13049571.988461347	16.283837317552518	8164.391156244545	5.731907508892618	32.85476369049958	66657282.952164136	3572.582224477884	0.1059476103887391	0.011224896147084	12763343.750655347	3681.499112163645	5432.700312254769	1.028945	45.388832	0.2448833214999999	0.112311	0.1151740554	0.0818052505	-0.0938151831	0.0256061603	0.0950914628	-0.0652685644	-0.0310188909	-0.0347825702	-0.0483334445	-0.0752101481	0.0802535711	0.1162030196	0.0637660085	0.0515978507	-0.0548775365	-0.0676237566	-0.0037221669	0.0021250279	-0.1272464841	-0.0828891762	0.0303063504	0.0112299718	-0.0144467116	0.0237058362	0.0844279277	-0.0114965078	-0.0712260414	0.0002694373	0.0408476098	0.0237635641	0.0851790082	-0.0699910929	-0.1064120924	-0.0526735731	0.0213967568	0.0111518259	0.0097598769	-0.0569711145	-0.0850994379	-0.108186594	-0.009627423	-0.0352250578	-0.006288538	-0.092463271	-0.0732811586	0.0680498033	-0.0189361743	-0.0591013131	0.0686149917	0.1067445096	-0.056194702	-0.0455876798	0.0009136845	0.0264717183	-0.0268909203	0.0835913684	0.0109114514	0.0167745317	-0.0323076674	-0.0196513814	-0.0828678205	0.0197345867	0.0612203128	0.0456799744	-0.0118502512	0.1398962252	0.0201216397	0.017600106	-0.0225140015	-0.0378281174	-0.0563879013	0.0456498669	0.0410201302	0.0492047065	0.1012055771	0.0163023286	0.0964610274	0.1241518655	-0.0457186856	-0.0081124699	-0.0313511958	-0.0425142358	0.0597602387	-0.0456499918	-0.0025994629	-0.0789579572	0.0793250761	-0.1134311322	-0.0159597069	-0.0151457844	-0.1107521007	-0.0335466806	0.0026069622	0.09010777	0.0576795043	-0.0257588135	0.0455925944	0.039219477	0.0817533681	-0.0404782031	0.0604528727	0.0182876266	0.027249931	-0.0910494344	0.0143993772	0.0555319877	-0.0414178324	0.0288569841	-0.0942220314	0.0646667538	-0.0658255914	0.0014919756	-0.060538846	0.0125648425	-0.0071316302	-0.0882370319	-0.1098492008	-0.0684241853	-0.0362294329	0.070162627	-0.0271255658	-0.0872481433	0.0352664789	-0.0868568175	-0.0972212062	-0.0153261736	0.0075859049	0.0508675907	0.0840985093	-0.0538976333	-0.0189879315	-0.0497029	0.0310293581	0.0598985321	-0.0525058481	0.0331169827	0.0030771569	-0.017211501	-0.0371820978	-0.0961587285	-0.084112985	0.0701860002	0.0347263788	0.1004150965	-0.0508393122	0.0041901878	0.0881080328	0.0461407991	0.0060747947	0.0107510466	-0.014392962	0.0028479392	-0.0312896166	0.0540568184	0.1229920861	0.0393121323	0.0062151911	0.0678842432	-0.0362402634	-0.0200980832	0.0009849435	-0.0855694302	-0.0029543088	0.0855014373	0.0049221092	0.0	-0.00840501	0.02158299	7.06441931001e-05	0.0004658254573401	-0.480799	0.030611	0.000937033321	0.2311676784009999	1.97173	0.0752599999999998	3.8877191929	0.0056640675999999	-0.01144	0.0011980999999999	0.0001308736	1.435443609999997e-06	-0.00097659	-0.00098284663	9.537280281000002e-07	9.659874981023569e-07	0.00117489	-0.0001676399999999	2.8103169599999975e-08	1.3803665121e-06	0.0	0.0	0.0	0.0	0.0	0.0	0.0	0.0	0.0	0.0	0.0	0.0	0.0
3611.155194941623	-1.263937504299065	13040441.841953872	1.597538014773749	8119.647902078469	-44.74325416607553	2001.9587933700352	65928682.05372728	3581.8130444055314	9.23081992764719	85.20803653664846	12829384.685073622	3693.856148856026	5508.748431222099	0.981789	43.308697	0.15458079	0.0726175	0.0980766466	0.0569688461	-0.0817945654	0.0676731338	0.0108393763	0.0329958398	-0.0063333164	-0.0011026486	-0.0915028701	-0.0711248797	0.0767357032	0.0373072719	-0.0372887349	-0.0486360001	0.053182222	-0.0392204633	0.0346049131	-0.0234162735	0.0832270943	-0.0510969064	-0.0105599602	-0.0016865097	0.0790552317	0.0087931624	-0.1148162096	-0.0461409949	0.0209319976	-0.0872272956	0.0749398761	0.0222497972	0.0468043485	0.0622617538	0.0731072141	-0.0198986951	-0.0442417931	0.0056989842	0.0522628117	-0.0925464932	-0.0543654698	-0.0028902905	0.084716104	-0.0246712538	-0.0228849702	-0.0718377561	0.0675893762	0.0446422646	0.0037507508	0.0163615076	-0.0502474166	-0.0507914223	-0.0626703923	0.0070868346	-0.0258538725	0.0736462985	-0.0564257751	-0.0620351993	-0.0405833544	-0.0406906956	-0.0593627345	-0.002094427	0.0858450571	0.0251754388	-0.0402311737	-0.0021251631	-0.0278642469	0.0114400025	-0.0003914761	0.0658952798	-0.087580945	-0.0049490757	0.0469605116	0.0013949871	0.02859738	-0.0245876981	-0.0107175444	0.0250842443	-0.0316461871	-0.0612659244	-0.0365579801	0.0934409031	-0.1002168626	0.0526070413	-0.0885373441	-0.0590475032	0.0957698877	-0.0777251073	0.0746886297	-0.002483712	-0.0401863536	-0.0251442477	0.0073095214	-0.0667239237	-0.0082478045	-0.0290797785	-0.0394735821	0.0598093724	-0.0669466065	-0.0063393675	0.0213841423	0.0018657134	-0.1220545962	0.0576714135	-0.0348064922	0.0670290914	-0.0370420965	0.0865683534	-0.0397703065	0.0664454243	-0.0138341662	-0.0935438741	0.0021251395	-0.081437153	-0.0610825496	0.117846677	0.0288920302	-0.0694008465	0.0462914917	-0.0057277927	0.0567236467	0.0729382204	0.0605535204	0.0032522836	0.0162660865	0.0393783281	0.0275310846	0.0188642632	0.0740450092	0.0457176566	0.0126553876	0.0371854181	-0.0722902103	0.0288427223	-0.0204286729	-0.0215419442	0.0406037108	-0.0477308286	-0.0828374433	-0.0035370018	0.0294859327	-0.0274668336	-0.0141866806	-0.0732249793	-0.0314262388	-0.0030714161	-0.0738404647	-0.062328164	-0.0140409372	-0.0223548529	0.0133184443	-0.0041267295	-0.0773084822	0.0519353936	0.0697546714	0.001783732	-0.001292991	-0.0591021952	0.0318902769	-0.0856824102	-0.0968501521	0.0354919002	0.0	-0.0855920985	-0.0	0.0855920985	0.0	0.0	-0.0130672	-0.00466219	0.0001707517158399	2.17360155961e-05	-0.511277	-0.030478	0.000928908484	0.2614041707289999	1.92508	-0.04665	3.7059330064	0.0021762225	-0.0123933	-0.0009532999999999	0.00015359388489	9.08780889999998e-07	-0.000756678	0.000219912	5.72561595684e-07	4.8361287744000026e-08	0.00145749	0.0002826	7.986276000000002e-08	2.1242771001000004e-06	0.0	0.0	0.0	0.0	0.0	0.0	0.0	0.0	0.0	0.0	0.0	0.0	0.0
3616.238576972847	5.083382031224119	13077181.445586603	25.840772875372245	8140.231383595386	20.583481516917345	423.679711357278	66263366.97847126	3576.77353190906	-5.039512496471616	25.39668620209358	12793308.89856521	3685.3785760660935	5489.5114089856825	0.916928	40.447517	0.101946	0.0510802	0.1015881732	0.0539987711	-0.0784893575	0.052476529	0.0151596202	-0.0336808499	-0.0427924392	-0.0593000173	-0.0722500456	-0.0929824595	0.0379436518	0.0363097165	-0.0456513374	-0.0397163574	-0.0343930932	-0.0235221328	-0.0090232998	0.0221003006	-0.0625183916	0.0654668936	0.0022984822	-0.0159569176	0.0742928021	-0.0494619232	-0.0048830751	-0.0469378781	-0.0475902446	0.0842546848	-0.0015140943	-0.0630362638	0.0529671868	-0.0722973915	-0.095219718	0.0732978685	-0.0594932015	-0.0467065234	0.0533430095	-0.0145954347	-0.141664964	0.0700998052	0.0139333588	-0.0617779897	-0.0696632575	0.045113901	-0.0418718168	0.0546446835	-0.1179222693	-0.0746671088	-0.022519654	-0.0239248095	0.0661576589	-0.0037362076	-0.0024945108	-0.0496150564	0.0070573384	0.0175546845	-0.1410512051	0.0449338827	-0.0893917227	-0.0106819437	0.1148332182	0.0331878422	0.0570347471	-0.1026338378	0.0143885336	-0.1356454058	0.0403737852	-0.0470239361	-0.0721226257	-0.0281246658	0.0002822474	0.0315280074	0.1032568914	0.0505361771	-0.0401521936	-0.0129771921	-0.0057207016	0.0347447729	0.0046165774	0.0405503996	0.1392933737	0.0286547144	0.0179142974	0.0734380053	0.0176252417	-0.0933160167	0.0363682316	-0.0338147764	-0.0395973506	-0.0300044958	0.0211777215	-0.043635877	0.0325502384	0.0395724452	0.0234283114	-0.0623561389	0.05813383	-0.0307776999	0.0065170127	0.0757951388	-0.0612528043	0.0352665523	-0.0309616115	-0.0714284982	0.0501279395	-0.0190043627	0.0607409119	0.0139291059	-0.048032182	0.151357867	-0.0642235951	-0.1053870689	0.0265298913	-0.015210398	0.0431355583	-0.0860916822	0.0841412026	-0.0711076794	-0.0130787483	0.0017553885	-0.0230565836	0.0045139249	0.1454937442	0.0342967478	-0.056318662	0.0576990619	0.002716212	-0.0373021224	0.0048119889	-0.0059648662	0.0827750817	-0.058631304	0.1254362879	-0.0492465016	-0.0119419686	-0.0444926365	-0.0465233684	-0.005037735	0.0657892734	-0.0228796129	0.1262136218	-0.1226076427	0.0544638614	-0.1269426253	-0.0774294732	0.0139909854	0.0584483877	0.0080973637	-0.0106226052	0.0300063943	-0.0361344813	-0.0481712034	0.0170273286	-0.0153476954	-0.0158924449	0.0077441391	-0.1426477044	0.0005303786	-0.0421918323	-0.0153284809	-0.0009849435	-0.0855694302	0.0029543088	0.0855014373	-0.0049221092	0.0	-0.0176231	-0.0045559	0.0003105736536099	2.075622481e-05	-0.549132	-0.0378549999999999	0.0014330010249999	0.3015459534239999	1.9475	0.0224200000000001	3.79275625	0.0005026564	-0.0121763	0.000217	0.00014826228169	4.7089000000000085e-08	-0.00126943	-0.000512752	1.6114525249e-06	2.62914613504e-07	0.00144494	-1.255000000000006e-05	1.5750250000000155e-10	2.0878516036000003e-06	0.0	0.0	0.0	0.0	0.0	0.0	0.0	0.0	0.0	0.0	0.0	0.0	0.0
3607.697560233964	-8.541016738883172	13015481.686118096	72.94896693388255	8143.826484978532	3.5951013831454475	12.92475395509431	66321909.81743779	3579.926688058036	3.153156148975995	9.942393699825129	12815875.091870178	3694.025711035616	5544.687372850691	0.947722	41.805908	0.1284809499999998	0.0627702	0.085351732	0.0312151507	-0.0745051355	0.0356621997	-0.0148207477	0.0617260522	0.018993574	-0.0474795495	-0.0634823436	-0.0566742675	0.0412158105	0.1074408689	0.0185895043	-0.0305493267	0.0113270893	0.0360676569	-0.0808097874	0.0145704043	-0.0607108859	-0.0204200973	-0.0555636016	-0.0589482898	0.0518551611	-0.0361286858	-0.0579441826	0.0029025771	0.002924213	-0.0488879761	-0.0810129287	4.95741e-05	0.0572326205	0.0668700998	-0.0513008288	0.0423295371	0.0152662069	0.0838574385	0.0331807408	0.0646544261	-0.0204655627	0.0252879525	0.0294900959	0.0293183757	0.0181116661	0.0050507692	0.0007358564	0.0867424762	0.021604256	-0.0492182525	-0.0727768903	-0.0529427635	0.0091733381	0.0326218668	-0.1686924347	-0.0496727593	-0.0384494254	0.0284670871	-0.0796742013	0.0446499029	0.0218084572	-0.0293204908	-0.0535627235	-0.0097205007	0.0258178046	-0.0724045115	0.1001105277	-0.0246283903	-0.0220068936	0.0318596558	-0.0442019366	-0.0530445648	-0.0749044244	0.0192941646	-0.0844946459	-0.0365166511	0.0437264558	-0.1043352914	-0.0393458692	-0.0218339807	0.0381099613	-0.0202737414	0.034921188	0.0351403829	0.0078677929	0.000894205	0.0291947076	-0.0648699515	0.0464619906	-0.0233935414	-0.0913769567	0.0134308322	-0.0323552451	0.0261408917	0.0054807511	-0.0047817655	0.0547447906	0.0362762451	0.1047661364	0.0205223259	-0.0244980213	8.83767e-05	-0.1072000988	-0.0081761443	0.0472683311	0.0554092352	0.0498592521	-0.001705602	-0.0120655704	0.0349738267	0.0262558926	-0.0021115271	-0.0944166029	-0.0419971196	-0.0724117767	-0.0798599451	0.0032962596	0.0214970912	0.0331121764	0.0230396198	0.0605053175	-0.0280921563	0.072329192	-0.0504830179	0.0434464838	0.0354444205	0.0289594592	0.1025288839	0.0664996259	-0.0913755827	0.1436169354	-0.0326707557	0.046406355	-0.0099426281	0.0313551395	-0.0210882353	-0.0114705497	-0.0215438158	0.0486304376	-0.0298074404	0.0918050605	0.0328795859	0.0091121946	0.0173165256	-0.0076613062	0.0119156062	-0.0241894605	-0.0635652072	0.0274890438	0.0614598405	0.0422692625	-0.1291493537	0.0770497152	-0.0589309097	-0.0407507148	0.0025258306	-0.0636047377	0.0615245142	-0.0244781114	0.0101072489	-0.0009234765	-0.0357703463	-0.0019697566	-0.0855014373	0.0059050968	0.0852296458	-0.0098279275	0.0	-0.0202939	-0.0026708	0.00041184237721	7.133172640000005e-06	-0.508596	0.0405359999999999	0.0016431672959999	0.258669891216	1.91297	-0.0345299999999999	3.6594542209	0.0011923208999999	-0.0124729	-0.0002966	0.00015557323441	8.797156000000063e-08	-0.000631877	0.000637553	3.9926854312900006e-07	4.0647382780900003e-07	0.00136421	-8.073e-05	6.517332899999999e-09	1.8610689241e-06	0.0	0.0	0.0	0.0	0.0	0.0	0.0	0.0	0.0	0.0	0.0	0.0	0.0
3608.645375654644	0.9478154206799444	13022321.447233643	0.8983540716787002	8108.136637085643	-35.68984789288879	1273.765242617539	65741879.72565048	3571.3635753011467	-8.56311275688904	73.32690008719582	12754637.786987787	3681.525648754845	5529.302287183489	0.919806	40.574501	0.1881183500000002	0.0953815	0.0643154618	0.041823668	-0.0525819771	0.0528468235	0.0033309312	0.0140551301	-0.1110834081	-0.0879451911	-0.0566788945	-0.0606232772	0.0085552722	0.063948626	0.004096439	-0.0446361387	-0.0418737512	-0.0461622332	-0.0135263094	-0.0319413296	0.0551064796	0.0536173046	-0.0364910823	-0.0560466674	0.0885417471	-0.0231408746	0.1379523586	-0.0620046054	0.0347956406	0.0652272835	-0.0297717252	-0.0796564976	-0.0532371991	-0.0438788522	0.0537327135	0.0120274123	0.0336930989	0.0982885949	0.1353385883	-0.0040146402	0.0162874776	-0.0115382555	-0.0259537488	-0.0402161759	-0.0249831784	0.0032256537	0.016039171	-0.0418465082	0.1210143316	-0.0069343204	-0.0141737466	0.0173386968	-0.0672024536	0.0746142133	0.0119101126	-0.1083496003	0.0161447338	-0.0179582287	0.1573814218	0.1240762995	0.044083525	0.0911206688	-0.0115351502	0.0036424804	-0.0495096942	-0.0201690451	-0.1011154249	-0.0593314163	0.10558427	0.007624691	-0.0920599239	-0.0502745282	0.0291509449	0.049347097	-0.0263705179	0.0397544531	-0.0889086095	0.0011404922	0.1070080786	0.0436964582	0.1715993941	-0.0592477859	0.0529982881	-0.0495598878	0.049858072	0.0512618004	-0.0296288202	-0.0596641663	0.0003071057	-0.0404961818	-0.0380119018	-0.0002709583	0.0217418	-0.0078521309	0.0025321685	0.0567421591	-0.0744600522	0.0502104172	0.0278256727	-0.0372145962	-0.0109290587	0.116602458	0.0344045168	0.0741473304	0.0206200182	-0.0257951229	-0.0778116316	-0.1305938435	0.0914544015	0.0031496208	-0.0385194398	0.0033421438	-0.0384977354	0.0201674506	-0.0657803362	-0.0166413159	0.1105614798	0.0892657103	0.0337015989	-0.0714762023	-0.00339526	-0.0129264394	0.0270275903	-0.0657810433	-0.1490413054	-0.080967117	0.0345432295	-0.0136237801	0.0775850902	0.0204445477	0.0077966232	0.0338059396	0.118357867	-0.0190117884	-0.0459011181	0.0910705055	0.1126250188	0.0533931524	0.039748119	0.0593607883	-0.0635314828	0.0677488067	-0.0305017481	-0.0067166459	0.0278828009	-0.0884927907	-0.0713789123	-0.0559258577	-0.0763896835	0.0352976765	0.0374893052	0.1313805865	-0.0001149331	-0.0881161561	-0.0204802762	-0.0797601911	0.0220093832	0.155510194	-0.0420851986	0.0217389948	0.044906281	0.0526566182	-0.0029543088	-0.0853881558	0.0088488477	0.0847772997	-0.0147012178	0.0	0.0225463	0.0428401999999999	0.0005083356436899	0.0018352827360399	-0.515426	-0.00683	4.664890000000004e-05	0.2656639614760001	1.86143	-0.0515400000000001	3.4649216448999995	0.0026563716	-0.01143	0.0010429	0.0001306448999999	1.0876404100000024e-06	-0.00107467	-0.000442793	1.1549156089e-06	1.9606564084900002e-07	0.00111174	-0.00025247	6.374110090000004e-08	1.2359658276e-06	0.0	0.0	0.0	0.0	0.0	0.0	0.0	0.0	0.0	0.0	0.0	0.0	0.0
3623.325711938636	14.680336283991892	13128489.21479562	215.51227341108887	8136.931232985172	28.79459589952876	829.1287530171584	66209649.89032959	3571.641917261584	0.2783419604370465	0.0774742469399383	12756625.98514	3686.785065224257	5984.997778799874	1.66437	73.418701	0.4491704999999999	0.369933	-0.0789065579	-0.1103335419	0.0420202773	-0.0036543305	-0.111225555	0.0826408263	0.0360937766	0.0023053813	-0.028853611	0.0511451272	-0.0207395993	-0.0254986303	-0.0413080099	-0.025330678	0.0799453226	0.0272340624	-0.0868842155	0.0220988395	-0.005754836	0.039862327	0.0034508731	0.0579046054	-0.0953744842	0.0201186532	0.0255728242	-0.0317430157	-0.0432233099	0.0011014355	0.0114350028	-0.0284317171	0.0540396416	0.0052984969	-0.0113907073	-0.0142166924	-0.1211947244	0.0877149999	0.0823529709	-0.008763305	0.1471523157	-0.0697944428	0.0038058752	0.0116979907	0.0628447964	0.0760996925	0.0627671641	0.0308357834	-0.0266288079	-0.0186927509	-0.014629584	0.0205354141	-0.0863167551	0.0256852815	-0.0271706091	0.0437750994	0.0643452104	-0.0168948525	-0.0725824238	0.0459810668	0.0694806951	0.1045647019	0.0800783435	-0.0023827723	0.038170258	-0.0207048023	-0.0746334909	-0.0446101965	-0.079602333	0.0555218279	0.072156018	-0.0095290347	-0.012763783	0.0278311042	-0.0527808595	-0.0427315504	0.0537487317	-0.0270488345	-0.0887460694	0.0567970689	-0.0859254713	0.0027077436	-0.0250560258	0.0290359002	-0.0294758076	0.0652027342	-0.0493405846	0.0430760379	-0.0157442561	0.0890631189	-0.0683579012	0.0410374805	0.0385573813	0.0445161876	-0.0718912091	-0.0481891028	0.0686305328	-0.0270038421	-0.016030862	-0.0456374805	-0.0319106632	-0.0572646632	0.0722099465	0.0044907299	0.00482081	-0.0316833475	0.0467027359	0.0489371367	0.0347010903	-0.0102934304	-0.0053368773	0.0084761482	-0.0011737901	-0.0760545394	-0.0923867768	0.0761518951	0.0104780615	0.1573847789	-0.0661635051	-0.0211353992	0.0073588638	-0.1150323141	0.1094240073	-0.0100323104	0.0209562147	-0.0637081355	-0.0028781198	-0.0356311802	0.076190022	-0.000106623	0.0455824288	0.0037163727	-0.0690918392	0.0278285844	0.0332991448	-0.0759692135	0.094272431	0.0114269406	0.0227883202	0.0251573974	0.0008368482	0.0291976645	-0.0131856698	-0.00307867	-0.0343640824	-0.1336044269	0.0503320113	0.0207346919	0.0467876398	-0.0210904036	0.0752675415	-0.0533214223	0.0093352272	0.0405050429	-0.0194362281	0.1408067062	-0.002031843	-0.0508613454	0.0454494431	-0.0307170276	0.0189084946	-0.0349938086	-0.0039384698	-0.0852296458	0.0117820532	0.0841453574	-0.0195258508	0.0	0.0275088	0.0049625	0.00075673407744	2.4626406250000018e-05	-0.456529	0.058897	0.003468856609	0.208418727841	1.49801	-0.3634199999999998	2.2440339601000003	0.1320740963999999	-0.0112579	0.0001720999999999	0.00012674031241	2.9618409999999893e-08	-0.00125893	-0.0001842599999999	1.5849047448999995e-06	3.3951747599999964e-08	0.0011932	8.146e-05	6.6357315999999995e-09	1.42372624e-06	0.0	0.0	0.0	0.0	0.0	1.0	0.0	0.0	0.0	0.0	0.0	0.0	0.0
3623.828251560589	0.5025396219530194	13132131.196808672	0.2525460716326836	8129.836836404641	-7.094396580530884	50.330462841848295	66094246.98656182	3562.397432674916	-9.244484586667568	85.46049527313423	12690675.468328834	3673.985918413339	6017.808107822963	1.092238	48.18082	0.44065945	0.272882	-0.1485251403	-0.1533586585	0.0957822262	-0.1028021528	-0.1849314591	-0.0089547515	0.0163693768	-0.0899009531	-0.0438055539	0.0959709188	-0.1736191616	-0.012243543	0.0450844851	0.0448565	-0.0426003717	0.1142141533	-0.059488724	-0.009975229	-0.0234126131	0.0368377707	0.0477284762	0.0230715268	-0.0390138962	0.0359393819	-0.0486966117	0.0011414792	0.0313815619	0.0137220388	-0.0205840019	-0.0476778124	-0.007999323	0.1184885215	-0.0109572763	-0.0818423763	0.0219962294	0.0090990953	0.0009643047	0.00555179	0.0260378881	-0.0538782198	-0.0484734679	0.0235984893	-0.0943452041	-0.0375235026	0.0407376875	0.1026091549	-0.0560547323	-0.1359956814	0.0763063786	0.0564616732	-0.0190515785	-0.021646096	-0.0363677868	-0.0308243959	-0.0120007924	0.0401448237	-0.0571152808	-0.0767857851	0.0130921825	-0.055808392	-0.0975664012	0.0174673059	0.0173435215	-0.0012279325	0.0564835085	0.074358556	0.0645073775	0.101152353	-0.0150259521	-0.0767518991	0.1240624886	0.0933113356	0.0313477284	0.0049454338	0.057063608	0.0085222058	0.0119048341	0.0042597456	0.0528413371	-0.0781523584	-0.0013691101	-0.0529249426	0.1064863937	0.0493861381	0.0571098512	0.0956111745	-0.1733447531	0.028998483	-0.0138784149	0.0572775602	-0.0732639245	0.1288903051	0.0393466222	-0.0025382449	0.0550346784	-0.0335228655	-0.005905214	0.0064381596	0.0175651443	-0.0278375009	0.0085796704	-0.0416678558	-0.0381233663	0.0573941895	0.0701527448	0.0327372418	0.0707176839	-0.0422093549	0.0293428877	-0.0946551602	-0.0680635442	0.012598835	-0.0218481469	0.0287085621	-0.0225512347	0.0177604484	-0.0548065006	-0.1046307798	0.070955783	0.0481826355	0.0196361178	-0.0132099464	0.0533424365	-0.008127074	-0.1104759138	0.0979181094	-0.0366855232	0.0404765144	0.0683288219	0.0244382914	0.0304116521	-0.0158206086	0.0139733948	-0.0396207634	-0.1141197389	0.0359721842	0.0455353659	-0.0687691587	0.0521919679	-0.0609274828	-0.0732627624	0.0548546122	-0.0050486464	0.1008598978	-0.0684228073	-0.0148585345	0.0356935925	-0.0362237666	0.1401940529	0.0595391822	-0.0930189193	-0.0151702139	-0.0421656977	-0.0418212489	-0.0450367105	0.0645629056	0.0173777352	0.0647114955	0.0780473576	-0.0047144594	-0.0049221092	-0.0850259911	0.0147012178	0.0833351575	-0.0242858583	0.0	-0.0159273	-0.0434361	0.0002536788852899	0.0018866947832099	-0.54567	-0.0891409999999999	0.0079461178809999	0.2977557489	1.25518	-0.2428300000000001	1.5754768324	0.0589664089	-0.0108665	0.0003914	0.0001180808222499	1.5319396000000008e-07	-0.000459783	0.0007991469999999	2.1140040708900002e-07	6.386359276089998e-07	0.0013077	0.0001145	1.3110250000000005e-08	1.71007929e-06	0.0	0.0	0.0	0.0	0.0	0.0	0.0	0.0	0.0	0.0	0.0	0.0	0.0
3620.4553112822127	-3.372940278376064	13107696.660991585	11.376726121491595	8152.85402709279	23.01719068814873	529.7910671746006	66469028.78708312	3568.402406488929	6.004973814012828	36.059710506979776	12733495.73463598	3681.054578077475	5948.053491385324	1.236119	54.527672	0.50911686	0.311983	-0.075988544	-0.1037381152	0.0382898047	0.0004227299	-0.0472988843	0.0534023976	0.0382362971	0.0165923575	-0.0372351523	0.032077365	0.0258156845	-0.0102234912	0.0241127852	-0.002473684	-0.0138989018	0.1294088399	-0.0154942722	0.0259946914	0.1140853013	0.1507856673	-0.0561584129	0.0501803987	-0.0670065284	0.081019363	0.0231110615	-0.0549418707	-0.0019711933	0.0019661565	0.014712142	-0.0152961175	-0.0404762302	0.0068371899	0.0077703034	0.0632604749	-0.0392258446	-0.0133056489	-0.0245553975	0.0355454685	0.0432158322	0.029499885	-0.0206207251	-0.0035855059	-0.0196302986	0.0248890887	0.1324138495	0.030863342	0.0421990626	0.0336886685	0.0249717589	0.0445727026	0.0534050864	0.0333562073	-0.0056635828	0.0263874016	0.0460344185	0.023175659	0.0684274458	-0.0262198337	-0.0544562362	-0.0095774842	0.0718662813	0.0331752841	0.0581870877	0.1051015774	-0.0105298781	-0.1337736325	-0.0290644314	0.0926764426	0.0347320317	0.0188901308	-0.0058907233	0.1104024829	0.0398496598	0.1079876571	-0.0004949397	-0.0557440396	-0.0429370461	0.0517917173	-0.0227198916	0.073332124	0.0061064296	-0.0386128022	-0.0282845064	0.0416096711	0.0367784689	0.0322413644	0.0279882698	0.0452691133	-0.0351456331	0.0736950625	0.0359738032	0.1289212589	0.0475728263	-0.0655402259	-0.0139250311	-0.0304024087	-0.0520353363	-0.1454499487	-0.0313447194	-0.0343379375	0.0419814066	0.0394853438	-0.0135610973	-0.0019493653	-0.0472893968	-0.0395117576	0.0401165676	-0.0352033858	0.0879488797	0.0454022845	0.0051063691	-0.0435941659	0.0546925467	0.0229826629	-0.0374307635	0.065274795	0.0177479462	-0.0485185635	0.0296147313	-0.0225089791	0.1282831303	0.0080846222	-0.0576083886	0.001972605	-0.0507635986	-0.013299313	-0.0544671858	-0.0362797318	-0.0350610843	-0.0124103534	0.004288275	0.0512079797	-0.0250503836	0.0080837921	-0.0280327876	-0.0669772618	-0.135904695	-0.0170633008	-0.0444274194	0.0585487896	0.0152705153	0.0777599098	-0.0475789603	-0.076705292	-0.0709084411	0.1346474511	0.0453151391	0.0020169436	0.0488628229	0.0656841699	0.0286240511	-0.0091448022	0.0607089623	0.0386379804	0.0082183341	0.0137761606	-0.0424425988	0.0551212549	-0.0151095255	0.0176864146	-0.0059050968	-0.0847772997	0.0176028627	0.0823484164	-0.0289654857	0.0	-0.00202129	0.0139060099999999	4.085613264099999e-06	0.00019337711412	-0.410186	0.135484	0.0183559142559999	0.168252554596	1.53636	0.28118	2.3604020496	0.0790621924	-0.0099519	0.0009145999999999	9.904031361e-05	8.364931599999996e-07	-0.00093753	-0.000477747	8.789625009e-07	2.28242196009e-07	0.00112911	-0.0001785899999999	3.1894388099999994e-08	1.2748893921e-06	0.0	0.0	0.0	0.0	0.0	0.0	1.0	0.0	0.0	0.0	0.0	0.0	0.0
3617.8067613155727	-2.648549966640076	13088525.762220671	7.0148169257891455	8126.280553210381	-26.573473882408507	706.1495141790471	66036435.62948522	3569.203990917488	0.8015844285591811	0.6425375961085489	12739217.128781326	3678.17596962538	5617.542544577463	1.386013	61.139805	0.34682656	0.194634	-0.005133449	-0.0060875457	0.0010308994	0.0214284321	-0.0229161948	0.0179237134	-0.0705328	-0.0906676675	0.079795826	-0.0210627611	-0.0757119544	0.040992565	0.0159829855	-0.0188229127	-0.0380058971	-0.0043088273	-0.0919708381	0.0553226412	0.033192758	-0.0593978601	0.0605926988	0.0367418179	-0.0245384956	-0.0009898354	-0.1369149684	-0.0695801797	-0.0382557297	0.0034383733	-0.1070683405	-0.0421633748	0.0402583277	-0.0448663724	-0.0036534268	-0.0653074216	-0.0917982931	0.0347184922	-0.0345791881	-0.0316571987	-0.0025543692	0.0021109346	-0.0459241054	0.0741999615	-0.0799557418	0.0536210661	-0.0374609614	-0.0778229848	0.0728588791	-0.0678915463	-0.073751203	0.0857232275	0.0369574306	0.0281233091	0.0195485158	-0.0099360853	0.0012910799	-0.0260221975	0.030466144	-0.0122176619	0.0413545985	0.0411150322	0.0084904828	-0.0271892769	-0.001699433	-0.0087266847	0.0606958213	0.1387343074	0.0406950031	-0.1024849547	0.0674138538	-0.0736336302	0.0343138788	0.0233217775	0.0096833352	-0.0246711205	0.0479682946	0.0480568086	-0.0621289775	0.0409918918	-0.0587966015	-0.0034634349	0.0004340792	0.0016501771	0.1742635444	-0.0555505882	-0.0127236876	-0.0174816856	-0.0666859717	-0.0606021538	-0.0564039258	0.0338533535	0.0323082104	0.0385012085	-0.0075858841	0.068164945	0.0696630044	-0.0009683204	-0.067380018	0.0485310995	-0.0086326785	-0.053417701	-0.0975439317	0.02040927	0.0293033775	0.0429159648	0.1615683407	0.0157492385	0.0324653066	-0.0340049062	-0.0434123354	-0.0039341132	0.0881418959	-0.0168342323	0.0099706892	0.0292983642	-0.0434079904	0.0094753265	0.0258804232	-0.0693017215	0.0328151068	-0.0889834688	-0.109129237	-0.0394027349	-0.0824259624	0.0081865637	-0.0516969512	-0.007943365	0.0735540608	-0.0620479039	-0.0303720962	0.0200914758	0.0010020185	-0.035140218	0.0138254349	0.0346314249	0.0472596703	0.0599066026	0.0576153339	-0.0046948952	-0.0571434201	-0.079476077	0.0562129435	-0.0571578077	0.0415492823	0.137137484	0.0810853512	0.0132267567	0.0582205314	-0.0315853938	0.036651899	0.0578548853	-0.0359587675	0.0238043734	0.0201456455	0.0798650915	-0.0178332594	-0.0173754673	0.0526142736	0.1166341003	0.0360511476	-0.1242973552	-0.0068873025	-0.0844837033	0.0204835299	0.0811872246	-0.0335492447	0.0	-0.017423	-0.01540171	0.000303560929	0.0002372126709241	-0.473256	-0.06307	0.0039778249	0.223971241536	1.72481	0.18845	2.9749695361	0.0355134025	-0.00927412	0.0006777799999999	8.600930177440001e-05	4.5938572839999913e-07	-0.000212113	0.000725417	4.4991924769e-08	5.262298238890001e-07	0.00132401	0.0001949	3.798601000000001e-08	1.7530024801000002e-06	0.0	0.0	0.0	0.0	0.0	0.0	0.0	0.0	0.0	0.0	0.0	0.0	0.0
3611.477110131459	-6.3296511841135725	13042766.917003475	40.06448411255035	8156.7902063124675	30.509653102086304	930.8389324096444	66533226.46979499	3573.592920763739	4.388929846250903	19.262705195311977	12770566.363332711	3683.356362143716	5589.994754355294	1.027291	45.315849	0.3911509	0.22828	0.0409528324	0.0009408448	-0.0387112373	0.0443645275	0.001423602	0.0473628164	-0.0035454534	0.0377359217	-0.0022246637	-0.0224840502	0.083239894	-0.0002319983	0.0243820373	0.0193339833	-0.0485105488	-0.0138463159	-0.0128083806	0.0192649393	0.015328403	-0.0066898023	0.1122296982	-0.0113438754	0.0342085951	-0.0254175713	0.021310096	-0.0285783887	-0.0684763346	0.0451976817	-0.0439478919	0.0202508354	0.1847110192	-0.0020108434	0.0633543443	-0.0461826621	-0.0041089576	-0.0186004536	-0.0451664673	-0.0668022213	0.0429315131	-0.0122252608	0.0187427404	0.0325122843	-0.0143955183	-0.0851521534	0.0701324969	0.1177363672	-0.0630067264	-0.1400337919	0.0768751509	0.007957143	-0.0580130875	0.047092834	0.0283437869	0.0304297315	0.0700544552	0.0056329559	-0.0447984818	-0.1342607007	0.0575115447	0.0127908569	-0.0077346957	-0.0155413097	-0.0150569383	-0.0103754366	0.0352975247	-0.0467236797	-0.0124376202	0.0678991124	-0.0439935966	0.0260531884	0.0666696724	-0.0172324712	-0.0015999423	-0.1686449612	-0.0272073609	-0.0667105002	0.103766391	0.0307913987	0.1058214248	-0.0092173733	0.094759449	0.0024238513	-0.0213749954	0.0467464774	-0.0061264328	-0.0255964417	0.0826600197	-0.0165589412	0.0348713491	0.0063492161	-0.0010132091	0.0315791936	0.0056542374	0.0521537909	0.0118107163	-0.0495117785	-0.057400718	0.0835378453	0.0242664259	0.0622865892	0.0040097086	0.0028830646	0.0278611471	-0.0507192175	0.1149203938	0.005244943	0.0128702808	0.1549830485	0.0021533274	-0.0025256684	0.0332412773	-0.0060537651	0.0004540966	0.0981168878	-0.0648754728	-0.0015316044	-0.0370951676	-0.0657319884	0.0434583257	0.0373668763	0.0632791543	0.00988803	0.0707714124	-0.1262796805	-0.0936262466	0.0987746094	-0.0212143793	0.0410546227	-0.0130088404	0.0845003083	-0.0529049135	0.0806802681	-0.0808954678	-0.0993294792	-0.0643120418	0.0289249222	0.0581680415	-0.0257238655	0.096395913	0.0314593878	0.0293503894	0.0377700994	-0.0451332891	-0.0119210704	-0.002369388	-0.0602852346	-0.1064082239	-0.0167904333	0.0279692192	-0.0443297601	-0.0980181378	-0.0127360532	-0.123920051	-0.0155697557	0.0558395026	0.0920362383	-0.0738125963	-0.0102097306	0.0201100395	0.0087387293	-0.0078685961	-0.0841453574	0.0233397865	0.0798540418	-0.0380219642	0.0	-0.00575715	0.01166585	3.31447761225e-05	0.0001360920562225	-0.405419	0.067837	0.004601858569	0.164364565561	1.859	0.13419	3.455881	0.0180069561	-0.0120908	-0.00281668	0.00014618744464	7.933686222400001e-06	-0.0007797439999999	-0.0005676309999999	6.08000705535844e-07	3.222049521608865e-07	0.00115916	-0.00016485	2.717552250000001e-08	1.3436519056e-06	0.0	0.0	0.0	0.0	0.0	0.0	0.0	0.0	0.0	0.0	0.0	0.0	0.0
3607.7934472016777	-3.683662929781349	13016173.557671364	13.569372580245313	8123.284173720376	-33.50603259209129	1122.6542200622837	65987745.767015934	3568.740726665127	-4.852194098612017	23.54378757060529	12735910.37415834	3676.249502137093	5432.955054582868	1.026055	45.261356	0.2751195400000001	0.162159	0.0447414683	0.0445692366	-0.0327614926	0.0165421243	-0.0240899512	-0.0304338728	-0.0681265693	-0.0928116773	0.0639046189	-0.0179939758	-0.0766335621	0.0208409208	0.0288453742	0.0156751891	0.0337911855	0.0311680437	-0.0573341678	0.0008167232	0.025554401	-0.0252796428	-0.0247665364	-0.0546802948	-0.0050052195	-0.0852894651	0.0790036062	-0.0215392193	0.0491083774	-0.0338217156	0.0191113487	-0.0411916447	0.0267991002	-0.0509602891	-0.0479828624	0.045095362	0.0183098113	-0.0246978779	0.1150407832	0.0238733492	-0.0517171879	0.0378105691	0.006781143	-0.0582756854	-0.0694639646	0.0013695515	0.002742891	-0.0359990501	0.0418669267	0.1507899365	-0.0786561616	0.0285646356	0.0729546701	-0.0102955491	-0.0417533136	0.0110719424	0.0629206984	0.0390450516	-0.0562453723	0.0220650936	0.1053292582	-0.1124193613	-0.0632813566	0.0335256686	-0.0140221748	0.0043516972	-0.1007941809	0.001912223	0.0423492949	0.0858939503	0.019056879	-0.0375382257	0.0218841059	-0.0025866841	0.069644294	0.0360502122	0.006745678	-0.0306718382	0.1416365973	0.0080587205	-0.0935872059	0.0482342017	0.0311453618	0.0046128442	-0.0012890763	0.0148084338	0.0093972264	-0.0224055061	-0.0720183844	-0.0584009025	0.011275031	0.0030440932	0.0022025475	0.0500899826	-0.0292747774	-0.0175115527	0.0210654005	0.0568602896	0.0316188816	0.0524924476	-0.0859575721	0.0435529568	0.0355965221	0.0323906782	0.0453929606	0.0176725876	-0.057228911	0.0027256584	0.0395413825	0.0400677943	-0.036929098	0.0885464721	-0.0695786042	-0.0337640721	0.0106140083	-0.0021298841	0.0859748952	-0.0097410942	0.0493789055	0.002801976	0.0151012186	0.0391775301	-0.0398496729	-0.0648603171	-0.0615705115	0.138053431	0.0212656608	-0.1029750401	3.71743e-05	-0.069479926	-0.0061830146	-0.0330888904	0.0076347064	0.0431313604	0.0660748483	-0.0389572836	-0.0773588694	-0.053817724	0.0942588529	-0.0081448521	-0.0780025899	-0.0085453986	-0.1085086205	0.0290138832	-0.0059362301	-0.0755250349	-0.0633612158	-0.0026082766	0.0166098482	-0.0313653135	0.0118828362	0.0345932989	-0.0634098466	-0.0422357665	-0.0370391288	-0.0588849381	0.1404960116	-0.0703978033	-0.0328264236	0.0156411844	-0.0120766347	-0.0534444641	-0.0088488477	-0.0837624412	0.0261682287	0.0783516924	-0.0423688407	0.0	-0.00283991	0.0029172399999999	8.065088808100002e-06	8.510289217599998e-06	-0.522322	-0.1169029999999999	0.0136663114089999	0.2728202716839999	1.86196	0.00296	3.4668950416000004	8.761600000000436e-06	-0.00969338	0.00239742	9.39616158244e-05	5.747622656400004e-06	-0.00134781	-0.0005680660000001	1.8165917961000005e-06	3.226989803561137e-07	0.00107786	-8.130000000000008e-05	6.609690000000013e-09	1.1617821796e-06	0.0	0.0	0.0	0.0	0.0	0.0	0.0	0.0	0.0	0.0	0.0	0.0	0.0
3610.2328593717566	2.439412170078868	13033781.29888757	5.950731735528889	8139.125109624596	15.840935904219805	250.9352503216001	66245357.55012159	3580.558734060704	11.818007395576842	139.66529880190893	12820400.848058391	3690.206411700047	5559.188442818778	0.999049	44.070034	0.3427830549999998	0.19501	0.0391458444	-0.0068087323	-0.0475585213	0.039029337	-0.0374577473	0.0478616213	-0.0338538775	0.0833164801	-0.0330147286	-0.0422776655	0.0889323446	0.0229815152	0.0041092009	0.0183684276	-0.0004738864	0.0054916191	-0.0371332462	0.0102694715	0.0075029485	0.0323381882	0.1026690389	0.0003375273	-0.0809552079	-0.0938599348	0.0052023573	0.0897709168	0.0501122917	-0.0637689579	-0.0055376152	-0.0877488099	-0.0741851632	0.0105900909	-0.0316292619	-0.0557915621	-0.0064994068	0.0319787972	-0.0362698138	-0.0037919483	-0.0372260123	0.0894573809	-0.0607668918	0.0114142013	-0.0755629516	0.0012731751	0.046103911	-0.0976312479	0.0508210383	0.0353889523	-0.0150807085	0.0417571317	0.0034219813	-0.0443939285	0.0453699365	-0.0242877756	-0.0388548601	-0.0393769827	0.1560116232	0.0618944528	-0.1220972697	0.0415491853	-0.0907475508	0.0265739253	0.0730140877	-0.0810593472	0.0192409822	0.0625410601	-0.0399145449	0.0221950875	-0.1061046553	0.0022507713	-0.0379346263	0.0277288755	-0.0283937405	-0.1131405691	-0.0213468451	0.029872719	0.0221688793	0.0153505802	-0.0245746578	0.0163964107	-0.0136932368	0.0211305053	-0.0350157073	-0.0182979715	-0.0088777019	-0.0425484465	0.0891517059	-0.0219877707	0.030288575	-0.0288788719	-0.0145217923	0.0273778066	-0.0231336091	-0.0070082828	-0.0005148696	-0.0514521427	-0.032420194	0.0780079325	-0.1080142517	0.0267921551	0.0414899044	-0.1072525297	0.0543452745	0.0705970205	0.0212852467	0.0592413775	0.0591436104	-0.1190226797	-0.0219922082	0.0073431424	0.0363916714	0.0529668209	0.0155866599	-0.0437661143	0.0147692795	-0.0142218138	0.1142809166	-0.0613706616	0.0068559134	0.010544387	-0.0284457133	0.0292658565	-0.1046136552	0.0322606816	-0.0043733436	-0.0464005405	0.0175112681	0.0758961807	-0.0623624122	-0.0052314863	0.0999910461	-0.0045931894	-0.0172450927	0.1717175121	0.0358486838	0.0465073535	-0.0464823577	-0.0219170179	0.1012210958	-0.0037612183	-0.03607115	0.0662191403	0.0465853727	0.0004024739	-0.0166060807	-0.0834120522	0.0051182562	0.0771656236	-0.0248165697	-0.0488331658	-0.0686831519	0.0736543392	0.0198485377	0.0560162588	0.0351765425	-0.0089211857	-0.0017717628	-0.0310277035	-0.0166591734	0.0117539407	-0.0098279275	-0.0833351575	0.0289654857	0.0766833591	-0.0465754872	0.0	0.000707445	0.003547355	5.00478428025e-07	1.2583727496025005e-05	-0.400981	0.1213409999999999	0.0147236382809999	0.1607857623609999	1.88859	0.0266299999999999	3.5667721881	0.0007091568999999	-0.0127017	-0.00300832	0.00016133318289	9.0499892224e-06	-0.000810196	0.000537614	6.56417558416e-07	2.890288129960001e-07	0.00135722	0.00027936	7.80420096e-08	1.8420461284e-06	0.0	0.0	0.0	0.0	0.0	0.0	0.0	0.0	0.0	0.0	0.0	0.0	0.0
3609.5805154356713	-0.6523439360853445	13029071.497412844	0.42555261094732	8127.141922679028	-11.983186945568375	143.59676937244038	66050435.83136696	3573.5431930466825	-7.015541014021437	49.21781571941693	12770210.95257028	3683.363308270273	5477.304332776751	0.941621	41.536804	0.263000245	0.155492	0.0385373092	0.0139860207	-0.0355017244	0.0180676811	-0.0578371121	-0.0364100588	-0.030200248	-0.0586124935	0.062285782	-0.0171644297	-0.0903675467	0.0454895976	-0.0224143504	-0.0190754806	0.0008885251	-0.0254721609	0.0165711195	0.0072915273	-0.0158695324	-0.0300812715	-0.031202813	-0.0737319167	0.0454432362	-0.0405359282	0.0397599219	-0.0715139901	0.0589422987	-0.0465152601	0.0627869072	0.0903604089	-0.0814201508	0.0592683508	-0.0662296174	0.0674293531	-0.0075217496	-0.1086052054	-0.028121313	0.0004318505	-0.0384990408	0.1011263624	0.034105352	-0.0717072728	-0.0016848455	-0.0426968607	-0.0489886309	-0.0357485575	0.0381064724	0.0867081946	-0.0811011386	0.1043075934	0.0895532787	0.0887832738	0.0594744536	0.1059826716	-0.0864062565	-0.0430937637	-0.0291766758	-0.0199563348	-0.0185999587	0.0474040706	0.0261572606	0.0185779033	-0.0197301698	0.0744797257	-0.0327158808	-0.0941501173	0.1136430075	-0.0276094153	0.0605135058	0.0150073592	-0.0319161754	-0.0151437871	0.028922542	-0.0878976386	0.0554605429	0.0058779256	-0.0002827233	0.0253906476	0.056368967	-0.0117729259	0.0842607269	-0.0435169116	-0.0808071908	-0.0166813492	0.0245250865	-0.020603605	-0.074689269	-0.0483846052	-0.0402880104	-0.0407598348	0.0283366627	-0.0222757364	0.0060688631	-0.0093153795	-0.0246937068	0.0205123757	0.0785210437	0.0567160752	-0.0260430833	0.0688799588	0.0215537492	0.1120871429	0.0115510598	0.0305989145	-0.0873271475	0.0299964606	-0.0869006278	-0.0733292786	0.1004031514	0.0228602728	-0.012000281	-0.0194153348	0.0879162699	0.0036737054	-0.0201729958	-0.0825717285	0.0567182315	0.0969912791	-0.0348846151	0.0714115432	-0.0562164623	-0.0570538852	-0.0214795406	0.0818473482	-0.0330680628	-0.0961784986	-0.0091676221	-0.1199877796	-0.0188209339	0.1149779806	-0.1338252521	-0.0346932032	0.0155821706	0.0100394455	0.0438952482	0.0049359685	-0.076812701	-0.031069782	-0.0755128103	0.0642392771	0.0360754658	0.0020904408	0.0823975733	-0.0150402359	-0.0266529195	0.0517015859	-0.0183894874	0.0091769572	-0.0339367778	-0.0169873343	-0.034780093	0.0433878702	-0.1046421374	-0.003287408	-0.0334434725	0.0782961241	-0.0397288618	-0.0169306434	-0.0458007737	0.0512052704	-0.0108057058	-0.0828637327	0.0317282239	0.0748525761	-0.0506279805	0.0	-0.0129046	-0.013612045	0.00016652870116	0.000185287769082	-0.540534	-0.1395529999999999	0.0194750398089999	0.292177005156	1.87239	-0.0161999999999999	3.5058443121	0.0002624399999999	-0.0111841	0.0015175999999999	0.00012508409281	2.3031097599999973e-06	-0.00104166	-0.000231464	1.0850555556e-06	5.3575583296000017e-08	0.00123358	-0.0001236399999999	1.5286849599999988e-08	1.5217196164e-06	0.0	0.0	0.0	0.0	0.0	0.0	0.0	0.0	0.0	0.0	0.0	0.0	0.0
3612.4868064861134	2.906291050442178	13050060.92703624	8.446527669880298	8170.549147280901	43.40722460187317	1884.187147637463	66757873.36813266	3565.734834016446	-7.808359030236716	60.97047074507926	12714464.90651829	3675.1273636031938	5449.756499470302	0.931568	41.093319	0.2017106199999999	0.10343	0.0519274615	0.0187282179	-0.0451870382	0.0301190707	-0.0140838775	-0.0415059921	0.0216269829	0.1074661696	0.0189843544	-0.037923769	0.0189361635	-0.0180351486	0.064286955	0.023783145	-0.0443854584	0.0453714272	0.0217159897	0.0225611409	-0.0030726904	-0.0483924496	-0.000673121	-0.0995061287	0.0340714789	0.0795269788	0.0391412527	0.1354192357	-0.0843641927	0.0032067477	-0.015144049	0.0533449945	0.0659890691	-0.0520948223	0.0630127106	-0.0101187765	0.0758415926	-0.0828133992	0.0736236488	0.0033830775	0.0429692412	-0.0239563119	-0.0115590949	0.0581867993	0.1025816671	0.0067782184	-9.87402e-05	-0.0825056248	0.0072340969	-0.0328566189	0.0161995956	-0.0430784954	0.0015731217	0.065895527	0.0004649056	0.0056145819	-0.0369185908	-0.0194886505	0.1437810671	-0.0510620929	0.025217106	0.0397715009	-0.0071750013	0.0513344061	0.0139445552	-0.0444046326	-0.1290710694	0.0666829772	-0.0963632947	-0.0366718798	-0.0757387118	0.0058971173	-0.0720749053	0.0762746811	-0.0262192861	0.0034584547	0.0597267973	-0.0691418655	0.0931756821	-0.0186538783	0.0910715693	-0.0195189961	-0.0256769657	-0.0294454802	0.0001237016	0.0468468883	0.0526484436	-0.0380651897	0.0255564603	-0.0506600456	0.0719210114	0.0186304964	0.0279421468	0.0510408334	0.0720229787	-0.0128461688	0.0004597944	0.0434815409	0.0412148466	0.0735761911	0.0912289997	-0.0100337808	-0.0058679008	-0.1140947728	0.0062182091	-0.0683177076	-0.0426296725	-0.019955284	-0.0557850103	0.1052457532	-0.0229666524	0.0042930609	-0.007969785	0.0310082091	0.0678650921	0.020560846	0.0732973241	0.0382899614	-0.0564512795	0.0853682873	-0.0193729897	-0.0292217829	-0.0028611255	0.0748861497	-0.0661937292	-0.0930997267	0.0312071096	0.0022007994	-0.0018617617	-0.0372171413	-0.0227454277	0.030053856	0.018923971	0.0376100338	-0.1629230166	0.0681311854	0.0544835658	0.0274293964	0.0070013824	-0.026758776	-0.0012552303	-0.0532590278	-0.1194584418	-0.0559547307	-0.0519525907	-0.0472205683	0.0073651609	0.0083753502	0.0341407702	0.1324340249	-0.00195628	-0.0753982815	-0.0162769123	0.0374751935	0.0235736025	-0.0255654446	0.0788678178	0.1157089817	0.0157430059	0.0169933572	0.0411250459	0.045207242	-0.0117820532	-0.0823484164	0.0344531511	0.0728632218	-0.0545129082	0.0	0.00629802	0.01920262	3.96650559204e-05	0.0003687406148644	-0.455189	0.0853449999999999	0.0072837690249999	0.207197025721	1.92527	0.05288	3.7066645729	0.0027962944	-0.0114034	-0.0002192999999999	0.0001300375315599	4.809248999999941e-08	-0.00060346	0.0004382	3.641639716e-07	1.9201924000000002e-07	0.00100542	-0.00022816	5.2056985600000016e-08	1.0108693764e-06	0.0	0.0	0.0	0.0	0.0	0.0	0.0	0.0	0.0	0.0	0.0	0.0	0.0
3612.709612392864	0.2228059067506365	13051670.7434758	0.0496424720829733	8151.99701933621	-18.552127944691165	344.18145127619084	66455055.403266445	3572.079965275105	6.345131258659421	40.260690689616894	12759755.278319797	3676.861768689597	5449.288499417986	0.888815	39.207413	0.12078923	0.065776	0.0412253308	0.0151284446	-0.0358402763	0.0430393904	-0.0220207096	-0.0679225396	0.0242587049	-0.0602283092	0.0282449133	-0.0245515726	-0.045078954	0.1235272925	0.0012048561	0.0638045822	0.0130834574	0.0198302732	0.0410564197	0.0572791339	0.0485220139	0.0809137646	0.0195126876	-0.0484217131	-0.0784359809	0.0600977507	0.0021106679	0.0616296964	-0.040952187	-0.0341490969	-0.0154301961	-0.0186916267	0.0932520215	0.0277068075	0.0511888408	0.0894514826	-0.0037121359	-0.1127863302	0.1480112727	-0.0170218981	0.0379384302	0.0788660679	-0.001571863	-0.0502299561	0.0467404251	0.0191059929	-0.0142601199	0.0636120968	-0.0184761648	0.1043991965	0.0498431492	-0.0643247186	-0.0507361731	0.046466672	0.0308240132	-0.0760978822	-0.0582984721	-0.0317644901	-0.0622962613	-0.0187825044	-0.0136177091	0.0970189142	0.00317172	0.009178892	0.0483575427	0.0152108507	-0.0683912365	-0.0106034645	0.0424915045	-0.0901744646	0.002732204	-0.1632957577	-0.0054208007	0.0107954331	-0.0339378369	0.0046146831	-0.0522355748	0.0256868159	-0.0419268459	-0.0810240452	0.0587010049	0.05576887	0.0234511272	0.0095111316	-0.0540721221	-0.0539020968	0.0035103661	-0.0176769963	-0.0441754149	-0.1383098887	-0.0253597292	-0.0700867432	0.0071194653	0.0753746939	0.0183402973	-0.0552362807	-0.028007034	-0.0698356329	-0.0339383613	-0.0063192444	0.0024239292	-0.0479227248	0.01842642	-0.0733231119	0.01392644	0.0069985169	-0.043133932	-0.0171712591	0.0286389604	0.0906675504	0.0694100218	0.0511700981	-0.0469869027	-0.0943829541	0.0797444037	0.1033391661	0.1332910804	0.0539626425	0.0319292296	0.0588910127	-0.0360652294	-0.0014593939	0.0438649452	-0.0381146088	0.0447282469	-0.0178659997	0.1320463702	-0.0384075857	-0.0553378349	0.0251942751	0.0197896261	0.0925139104	0.0232928565	-0.055777935	0.0058313495	-0.0893399464	0.0630181552	0.0770389693	-0.0168872701	-0.0030134745	-0.0455266215	-0.0432325069	0.0478323732	-0.032994683	0.0857084752	-0.0314852584	0.03841476	-0.0686721338	0.0744426795	0.0642060346	0.0181001843	0.0115682978	-0.0237662993	-0.0345584636	0.0767821172	-0.0255114735	-0.0821907121	0.0519745782	-0.0620567692	-0.0503745555	-0.0344510589	0.06026961	-0.0127568403	-0.0817894817	0.0371370197	0.0707195106	-0.058217412	0.0	0.0097177	0.0034196799999999	9.443369329e-05	1.1694211302399996e-05	-0.511428	-0.0562389999999999	0.0031628251209999	0.261558599184	1.90112	-0.0241500000000001	3.6142572544	0.0005832225	-0.0109888	0.0004145999999999	0.00012075372544	1.7189315999999948e-07	-0.000893256	-0.000289796	7.97906281536e-07	8.398172161600002e-08	0.000970205	-3.52149999999999e-05	1.2400962249999927e-09	9.41297742025e-07	0.0	0.0	0.0	0.0	0.0	0.0	0.0	0.0	0.0	0.0	0.0	0.0	0.0
3621.1565344366254	8.446922043761333	13112774.646893073	71.35049201338114	8191.075534159911	39.07851482370097	1527.1303208262166	67093718.40631306	3572.401029239147	0.3210639640419686	0.1030820690063425	12762049.11370892	3678.933178480978	5516.833168552944	0.947611	41.801022	0.2044201	0.122753	0.0344110258	-0.0005836341	-0.034954375	0.0227364776	-0.0155441726	-0.0713223281	0.0697976899	0.1117748768	-0.0477039176	-0.0332689095	0.0705856837	-0.0929562125	0.0164980421	-0.0173594412	-0.1400753553	0.0601098204	0.0431879922	0.0202578693	0.0407486471	0.0023643172	-0.0190501592	-0.0319551945	-0.0926150281	0.1250599182	0.0004161476	0.053578068	0.0066774993	0.1677006296	0.0756583858	0.050430636	0.0352783754	-0.0128752155	-0.1102424158	-0.0128572087	-0.0711764918	0.0881452379	-0.0109541885	-0.1126255186	-0.0377050883	0.0887915432	-0.0654497104	-0.0180770135	0.0201070341	0.0369437739	-0.0065242951	-0.0004173052	0.0221105314	0.0583161591	-0.0717291884	0.0341298674	0.0340907423	0.0075563985	0.1475554041	0.0126301967	-0.0526771336	-0.016721963	-0.0305076667	0.0980290008	-0.1203120552	0.0020463242	0.007311045	-0.0087667024	0.0060394643	0.1621354099	-0.0311355927	-0.0201806153	0.0445864342	-0.0840770638	0.0046876593	0.0453376832	-0.0559337183	0.1177644617	0.0386528159	0.0121049514	0.0175451734	0.0072828714	-0.0147525389	-0.0091796686	0.0324263253	0.018503639	-0.0508187058	0.0030288014	-0.0162698844	0.030395979	0.0228505119	-0.0233398479	0.0631317903	-0.0035867035	0.0911617747	0.026080691	0.0946705963	0.0566087664	0.1432785703	0.0431213902	-0.0329578986	0.0312502023	-0.0013800883	-0.0043700379	0.069742617	-0.0678504885	0.1107273898	-0.0374029634	-0.1620275955	-0.0442609528	0.0466683302	-0.0095123847	-0.052643934	-0.0667962915	0.0163764438	0.1182231434	0.0314400082	-0.0019233446	-0.0669835582	0.0482798884	-0.0043713017	-0.0475065018	0.0964282083	-0.0840369059	-0.0564404351	-0.0478926683	0.0061588493	-0.0085570333	0.0024001729	-0.0133358717	0.0303969617	-0.054904083	0.0106871033	-0.0505256988	-0.1120206075	0.0284457283	-0.0324099979	-0.1164035213	0.1343833921	0.0357460666	0.0417798598	-0.0175046033	-0.1440414542	0.037615958	-0.1122583057	0.0158925155	0.0612340154	0.0516806848	-0.0059866504	0.0643215577	-0.0129183252	0.0834474668	0.0004302372	0.1467751684	-0.0324014557	0.0206534908	-0.0462768155	0.0353131304	0.0131165545	-0.0285331227	0.0080258858	0.0462546496	0.0176934688	-0.0296577288	-0.0019743892	-0.0109631353	-0.0137299382	-0.0811872246	0.0397766315	0.0684259838	-0.0617292309	0.0	0.0066022	-0.0031154999999999	4.358904484e-05	9.706340249999996e-06	-0.401398	0.11003	0.0121066009	0.161120354404	1.91176	0.0106399999999999	3.6548262976	0.0001132095999999	-0.0122013	-0.0012125	0.00014887172169	1.47015625e-06	-0.000542809	0.000350447	2.94641610481e-07	1.2281309980900002e-07	0.00101995	4.974499999999991e-05	2.474565024999991e-09	1.0402980025e-06	0.0	0.0	0.0	0.0	0.0	0.0	0.0	0.0	0.0	0.0	0.0	0.0	0.0
3616.83365006602	-4.322884370605607	13081485.652249888	18.687329281626237	8168.701941804513	-22.373592355397705	500.5776348855106	66727691.41404082	3576.1018028321914	3.700773593044232	13.695725186973515	12788504.104219647	3680.556928649615	5397.411125401089	1.038414	45.806507	0.2781072900000002	0.187666	0.0352695729	0.0369204324	-0.0319303864	-0.0031367721	0.0993844005	-0.1023729345	0.0478119217	-0.0525459511	-0.0571393048	-0.0405823373	-0.0752956043	0.0664980703	0.0113579591	0.0694586142	0.0895209301	0.0347999804	0.0080057448	-0.013204406	0.0761923483	-0.0669127765	-0.0175389543	-0.0586742366	0.0037193247	-0.03983087	0.0607186096	-0.1312970534	0.0851212996	-0.0446583979	0.085459012	0.0256415678	-0.0058622989	-0.0388319433	-0.0286607185	0.0318150897	-0.0109194648	0.055135389	0.031398622	0.1587240805	-0.043422701	-0.0722630956	0.0686470128	0.0066647316	-0.0208965665	-0.0362277762	0.0724218964	0.0041837761	-0.0042435247	0.0139081635	-0.0333908499	-0.1093464842	0.015306298	-0.0586178758	0.0071686513	-0.0391920972	0.0394148082	-0.076569756	-0.0227532008	-0.0324202108	-0.0287627743	0.0259036112	-0.0457115706	-0.0560921065	-0.0778714155	0.0105459015	-0.025385432	0.135394949	0.1003021873	-0.0037167877	-0.0663184681	-0.0084704433	-0.0222108704	-0.0280770223	-0.0351378001	0.0451766347	-0.0585590123	0.0199620192	-0.0074983065	-0.0146545052	-0.0024120042	-0.0282522433	-0.0426369712	-0.0242418414	0.0147241792	0.0367024977	0.0669579043	-0.0276425323	-0.0721037511	-0.0947355296	-0.0012406668	-0.0433429657	-0.0079790131	0.050996235	-0.0452764028	-0.0922327437	-0.0053888754	0.0723415069	-0.0164670297	0.0444885685	-0.0189085692	-0.0027450853	0.0181249124	0.1846642369	0.0222330877	0.0286853747	-0.0883093167	0.0308223753	-0.0370254968	-0.0018814433	-0.0751560386	0.031951892	-0.0538898194	-0.0499379487	-0.0578956929	-0.1131744564	-0.0181664159	0.0475558741	-0.0311502368	0.0260473377	0.0675213719	0.0734578797	0.0241599922	0.0277487146	-0.0081016732	0.0945822621	0.0382900522	0.0421755045	-0.004677943	0.049326588	-0.0801106736	-0.0192832656	0.0345833526	0.0584402488	0.004306355	-0.0537544457	0.051009662	0.0652396272	0.0256519608	0.0855513255	0.0115761132	-0.060782263	-0.0513620297	-0.0251052356	0.032340745	0.1103665929	-0.0396730995	-0.0870881026	-0.0512026236	0.029396598	-0.0343798707	0.0667857919	-0.0004604556	-0.0075589139	0.0491674792	-0.0247146919	0.0112705886	-0.0124447524	0.05587258	0.0311976259	-0.0119028113	-0.0060857053	-0.0147012178	-0.080541964	0.0423688407	0.0659875001	-0.0650367418	0.0	0.00254946	-0.00405274	6.499746291599999e-06	1.64247015076e-05	-0.474204	-0.072806	0.005300713636	0.224869433616	1.91782	0.0060600000000001	3.678033552400001	3.6723600000002136e-05	-0.00870209	0.0034992099999999	7.572637036810001e-05	1.2244470624099994e-05	-0.000926055	-0.0003832459999999	8.575778630249999e-07	1.46877496516e-07	0.000998635	-2.1314999999999832e-05	4.5432922499999285e-10	9.972718632250002e-07	0.0	0.0	0.0	0.0	0.0	0.0	0.0	0.0	0.0	0.0	0.0	0.0	0.0
3618.464330404759	1.6306803387392392	13093284.110411562	2.65911836715072	8172.31576521037	3.613823405857147	13.05971960872095	66786744.96630596	3580.1416739227343	4.039871090542874	16.320558428204073	12817414.405358275	3688.590714722638	5440.740708280291	0.9869770000000002	43.537521	0.2937926399999996	0.192034	0.0439345242	0.0029860339	-0.0443512252	-0.0090476751	-0.0050423116	-0.0551521122	-0.0040971971	0.0958595438	-0.1231668267	-0.0492068368	0.0497238607	-0.0219943464	-0.0081869843	0.0719292243	-0.0319468622	-0.0507164249	0.0858741069	0.0908035737	0.0910514899	0.0739300969	-0.018266268	0.089756894	0.1226750232	0.0364492156	-0.0796044118	-0.0197638956	-0.0502462004	0.0347951098	-0.0724012942	-0.0368292797	0.0089645318	0.0272060243	0.0824742819	0.0703942744	-0.0421013022	-0.0184393325	-0.0350273117	-0.004791362	0.0207734294	0.0890036229	-0.0589830531	-0.0161861596	-0.0042597276	-0.0346100388	0.0238355624	-0.1468541226	-0.0042261891	-0.022795481	-0.0325438399	-0.002964276	-0.0083741328	0.0366671032	0.07294746	0.0208884905	0.0202542854	-0.0636063216	0.0102874709	0.0331787647	-0.0694690196	-0.0240018422	-0.0621950692	-0.0914909787	-0.027176666	0.0247249359	0.1054728366	0.1641370234	-0.104529136	0.0423276477	0.033755834	-0.0200963263	-0.0139826703	-0.037334677	-0.038987047	-0.0634544495	-0.1659012388	0.1167682229	-0.016308508	-0.0138324809	-0.0513546023	-0.0009994094	-0.0109828483	-0.0270417111	0.0068020441	-0.0075785775	0.012368927	-0.0400966449	0.0393871417	-0.0480478031	0.1141457366	-0.0752269407	0.060720964	-0.0190439573	0.0324450011	0.0176702897	-0.0269696349	-0.0512301607	-0.100480646	-0.1353857362	0.0380744465	0.0573987449	-0.1264143409	-0.0017064012	0.0031217457	0.007595469	0.0389229074	-0.0571210386	0.0481783924	0.0326377562	0.1037670596	-0.0019195017	0.0943024838	-0.0306571799	0.0542721405	-0.0133083578	-0.0002210384	0.0346474756	0.0894321382	-0.0113770716	-0.0490932002	0.0135598039	-0.0359203752	0.0953959948	-0.0914391244	-0.0340815922	0.0111586105	-0.0045043654	0.0357764238	-0.007649046	-0.0319527085	0.0442856141	-0.0084280538	0.0062713197	0.0404080138	0.0425849366	0.0285191586	-0.0081774952	0.0230617049	0.1107019062	0.1088700174	-0.018861389	-0.0362288369	0.1151512339	-0.030305568	0.1526935407	0.1195907089	-0.1097248775	0.0209761664	-0.0391358463	-0.0597694836	0.0532984462	-0.0107395711	0.0269736051	0.0225374155	0.0458035565	-0.0196294266	-0.134044402	-0.020728971	0.0040097735	-0.0385758719	0.0367412628	-0.0156705506	-0.0798540418	0.0449105582	0.0634092253	-0.0681289976	0.0	0.0187442	0.01619474	0.0003513450336399	0.0002622696036676	-0.417439	0.056765	0.003222265225	0.174255318721	1.97335	0.0555299999999998	3.8941102225	0.0030835808999999	-0.011939	-0.0032369099999999	0.000142539721	1.0477586348099992e-05	-0.000893972	3.208299999999992e-05	7.991859367840001e-07	1.0293188889999944e-09	0.0010357	3.706499999999997e-05	1.3738142249999979e-09	1.07267449e-06	0.0	0.0	0.0	0.0	0.0	0.0	0.0	0.0	0.0	0.0	0.0	0.0	0.0
3619.7664573291263	1.3021269243672575	13102709.205605054	1.6955345271621345	8126.177266552461	-46.13849865790871	2128.761058405844	66034756.967434034	3577.3860643007874	-2.75560962194686	7.593384388566116	12797691.053053478	3684.478094798616	5529.365759996686	1.043246	46.019653	0.22991689	0.124988	0.0124004658	-0.0225273426	-0.0294527001	0.0258005592	-0.0952044112	-0.0312951447	-0.0737933338	-0.0263266511	-0.0872495214	-0.0241568379	-0.0669115255	-0.0206221624	0.0700305196	-0.0638592419	0.0903431706	-0.0031502486	0.0063965703	0.1445145882	0.0261352552	0.1277948069	0.0622729494	-0.0128341075	0.0285403029	-0.0510287939	-0.1169249027	0.0459780077	0.0781833012	0.0650067745	0.0270614392	-0.0027239306	-0.0230795161	-0.0034753185	-0.0465197841	0.0158769303	0.0092089415	-0.0093161033	7.78033e-05	0.0269501937	0.0713983518	0.0010835363	-0.0616500975	0.087487844	0.0023225941	0.0111238039	0.0336827799	-0.0739187197	-0.0084279972	-0.0128192267	0.0663110326	0.0503575195	0.0623714132	-0.0277508236	-0.0048947232	-0.055147381	-0.0193510356	-0.0184078271	0.0003633291	-0.0084897883	-0.00698638	0.0350350161	0.0435976718	0.0988555595	0.0239402499	0.0317111132	0.021322934	0.1494407729	-0.0429597524	-0.0173842631	-0.1488631706	0.0273271882	0.0845963925	0.0268227794	-0.051171965	-0.0084942685	-0.0446231354	-0.0135963226	0.0245891212	-0.0923711172	0.085416932	0.0584076581	0.02395274	0.0079074729	-0.0302467397	-0.0687440788	0.1613630936	-0.0090056936	-0.0556126274	-0.0690029218	0.0408434128	0.0718235087	0.1042243288	-0.0280051895	-0.0055119995	-0.1039429926	0.0456136181	-0.1048741881	-0.0258123191	0.0092400143	-0.0636765078	0.0788985139	-0.0740447088	-0.0546241037	-0.1158721022	0.1004634713	0.0460766859	-0.0176856145	-0.0006425146	-0.0503342265	0.0266801949	0.0504891342	0.0363221366	0.0544858146	0.0216290007	-0.0241982036	0.0180518106	0.0666636221	-0.0559082701	-0.0157214101	0.0375341253	-0.0168986464	0.0089594212	0.0701995321	-0.0382405436	-0.0318898192	-0.0325986257	-0.0349410134	-0.0403666572	0.0075513577	-0.0177348454	-0.0526527526	0.091942961	-0.0263289005	-0.01091091	0.0153308306	0.0410126546	-0.0223558455	-0.017433513	-0.1177251319	0.0281661232	-0.1174628163	-0.0087238487	-0.0392149002	-0.0905086609	0.0880579324	-0.0025363209	-0.1150629482	-0.0620844173	0.030727479	0.0458700733	0.0045304061	-0.0555057926	0.0377975784	0.1170932685	-0.0570796658	0.0297697462	0.0410767369	-0.0339809589	-0.0458060996	-0.1409301682	0.0394374754	-0.0166378083	-0.0791238224	0.0473987549	0.0606966215	-0.0709957637	0.0	0.00542506	-0.01331914	2.94312760036e-05	0.0001773994903396	-0.50608	-0.0886409999999999	0.0078572268809999	0.2561169664	1.89373	-0.07962	3.5862133129	0.0063393444	-0.012611	-0.000672	0.000159037321	4.51584000000001e-07	-0.000603657	0.000290315	3.64401773649e-07	8.428279922500006e-08	0.00103128	-4.419999999999988e-06	1.953639999999989e-11	1.0635384384000002e-06	0.0	0.0	0.0	0.0	0.0	0.0	0.0	0.0	0.0	0.0	0.0	0.0	0.0
3626.4700782822697	6.7036209531434	13151285.228676612	44.938533883423226	8152.552169885049	26.374903332587564	695.6355258033386	66464106.88269742	3588.43761725966	11.051552958872437	122.13682280276208	12876884.532964185	3695.4781954060168	5475.224501190186	1.011461	44.617558	0.2053171900000001	0.115175	0.0337021101	-0.0110890512	-0.0463297684	0.0021984579	-0.0239300332	-0.089935844	-0.0436599778	0.0941944929	-0.0310667133	-0.0525351364	0.0445176308	-0.0535467084	-0.0515835947	0.0154890562	-0.0395507736	0.0252745456	0.0144662154	0.0764341755	-0.0544633989	0.0260209548	-0.0181109283	-0.0867283642	0.0054991474	0.0446992977	0.0497892406	-0.0192062416	-0.003382845	0.0533076293	5.88414e-05	-0.1425194075	-0.0110971051	0.1002941856	-0.0057921038	-0.0731216371	-0.01843785	-0.0827238806	-0.1796538546	-0.0002102355	-0.0124782482	0.0874654226	-0.0158799889	0.0270497087	0.0234525827	0.0092110369	-0.0681500506	0.0088297905	-0.0627666312	-0.0566915112	0.0931486345	-0.024284362	0.0689289255	0.0641636541	0.0225984848	0.1051574502	-0.0527049785	-0.0510468949	-0.0073546748	-0.0568528602	0.0640368208	0.062589878	0.0970626458	-0.0359392701	-0.0203072078	0.0648600622	0.0622811143	-0.0683006639	0.0129322081	-0.0504236106	0.0620709062	-0.0161287429	-0.0552243242	0.062891589	-0.0002230575	-0.0682688966	-0.0797071808	0.1251529616	0.0339809879	0.0297788445	-0.0163046868	-0.0398675474	0.0341848772	0.0414568004	0.0404153395	0.1106139367	-0.0267334906	-0.0394476143	0.0364366047	-0.0088605006	0.0706591232	-0.0654769376	0.0993756077	0.023383356	0.0560629991	-0.0088292504	0.0190082264	-0.0431261069	0.0839224392	0.0512939448	0.0231853503	0.0150154218	0.0524815968	0.001515519	-0.0323532422	-0.0254839931	-0.000582116	0.0166747701	0.165732293	-0.0504476689	0.0726503318	-0.0602671037	0.035191546	0.0235050706	0.0901671459	-0.0062906709	-0.1297457473	-0.074675158	0.0572481281	0.0121409605	-0.0390271305	-0.0271823928	-0.066508712	0.049227583	0.0905862825	-0.065681561	-0.0126036293	0.0684692444	-0.1099338795	-0.0470430346	0.0104310979	0.0533850852	-0.1054931406	0.0120063516	-0.0765261524	-0.005364007	0.0508974521	-0.0439816459	0.0026172385	0.0096624752	0.0026708112	0.086231872	0.1303949246	-0.0220523781	-0.0231326668	0.0303595485	0.0773801127	-0.0013788149	0.0660129768	0.0452512385	-0.0291726653	0.1258804038	-0.016115379	0.0658489331	-0.0754744694	0.021485544	0.0101006002	-0.0255005841	-0.0415910852	-0.0272105088	0.0866076675	-0.0456619672	-0.0176028627	-0.0783516924	0.0498304656	0.057855435	-0.0736275519	0.0	0.0136649	0.00823984	0.00018672949201	6.789496322560003e-05	-0.417857	0.088223	0.0077832977289999	0.174604472449	1.96095	0.06722	3.8453249025	0.0045185284	-0.0121303	0.0004807	0.00014714417809	2.3107249000000053e-07	-0.0008448839999999	-0.0002412269999999	7.13828973455831e-07	5.819046552895177e-08	0.00114204	0.0001107599999999	1.2267777599999976e-08	1.3042553616e-06	0.0	0.0	0.0	0.0	0.0	0.0	0.0	0.0	0.0	0.0	0.0	0.0	0.0
3622.9348990280473	-3.5351792542223848	13125657.282595368	12.497492359484337	8170.948279524649	18.396109639599672	338.41684987217195	66764395.78666682	3577.3022102142986	-11.135407045361262	123.99729006588124	12797091.103204103	3686.0251273210606	5512.339806812832	0.916078	40.410053	0.2435826100000001	0.130912	0.0218858617	-0.0064553243	-0.0174900327	0.0084667448	-0.0268059798	-0.0755414912	0.0426363949	-0.0057850401	0.0225778584	-0.0191598503	-0.0652399792	0.0644250436	0.0025408966	-0.0153865831	0.06521315	0.0336227583	-0.0545363907	-0.1040847687	-0.0448995768	0.0514928037	0.0403726684	0.0374288283	0.0146489893	-0.0158550757	0.0571152922	-0.01813266	0.0508812235	-0.0741231025	0.0517887326	0.0778172578	0.0331622229	0.0647238076	0.0043861839	-0.0481724028	0.1438699512	-0.0136635446	-0.0237602313	-0.0215153058	-0.0114821177	0.0853988896	-0.0848868813	-0.0950044616	0.0194154078	-0.0139913762	-0.0529902295	-0.0269960879	0.0563401122	-0.0437085927	-0.0629280423	0.0028839062	0.0519878828	-0.0491477561	-0.0325127137	0.0949655038	-0.03722434	-0.0729996294	0.0766316149	0.0524428256	-0.0668449248	0.1040485391	-0.0784385232	0.0469816558	-0.0693652893	-0.0602768379	-0.008350668	-0.0167733729	-0.0272006537	0.0381337486	0.0888595232	-0.0054161676	0.0455425001	0.1189463937	-0.0794010425	-0.1321737316	0.0531920529	-0.0531972974	-0.030481745	-0.0164829312	-0.0518808401	0.0598330766	-0.0878707946	-0.0661893033	0.1352774666	-0.0515567759	-0.0428499201	-0.0126566511	-0.0567533536	-0.0408675356	-0.055121937	0.0048877397	-0.0261375676	0.0431227281	-0.0684188893	-0.053593071	-0.0343578842	0.00984459	0.0533668504	-0.0156750277	0.0025611074	0.0965009578	0.0969920742	0.0064804289	0.0344880503	0.0650768591	0.0222984771	0.117954554	-0.068365245	0.052241832	0.046523972	-0.0381115577	-0.0471552533	0.1270660834	0.0427195426	-0.0013877073	0.0478241792	-0.0470547288	0.0646561908	-0.0047968857	-0.1109484473	0.0537912161	-0.035040958	-0.0168205196	-0.0240682399	0.0634454643	-0.0178010752	0.0647683819	0.0359121766	-0.0108771827	-0.0005524207	-0.0328221425	-0.0350872413	0.0103765952	0.0207353931	0.1243142543	0.0908870234	0.0913851599	-0.077056794	-0.0491011467	0.0588886653	0.1390101989	-0.0797321388	-0.0191029171	0.0211198572	0.0014063492	0.0678475407	0.0412019617	0.0162215473	0.0204899277	0.1354369534	-0.0535856741	-0.0826392187	0.0935461796	-0.001819621	0.0578939568	0.006910728	-0.042781189	0.0651604682	0.1266483181	0.0182591707	-0.0227527948	-0.018565586	-0.077538061	0.0522027924	0.0548916848	-0.0760156516	0.0	0.00747659	-0.00618831	5.58993980281e-05	3.829518065610001e-05	-0.505815	-0.087958	0.007736609764	0.255848814225	1.89576	-0.06519	3.5939059775999995	0.0042497361	-0.0108221	0.0013082	0.0001171178484099	1.7113872400000018e-06	-0.00117387	-0.0003289860000001	1.3779707769e-06	1.0823178819606582e-07	0.00118978	4.774000000000011e-05	2.27910760000001e-09	1.4155764484000005e-06	0.0	0.0	0.0	0.0	0.0	0.0	0.0	0.0	0.0	0.0	0.0	0.0	0.0
3616.144488078272	-6.790410949775378	13076500.958658868	46.10968086682935	8169.123768556052	-1.824510968596769	3.3288402745299206	66734583.14598743	3575.106888092993	-2.195322121305708	4.819439216294192	12781389.261289963	3683.606804816277	5487.005787113735	0.929768	41.013943	0.2128489600000001	0.117687	0.0387877282	-0.0158312729	-0.0385809679	-0.0273074696	0.013411051	-0.0511593166	-0.0067910593	0.0736212417	-0.0222037369	-0.0237527562	0.0127453094	-0.0634278479	0.0177498731	0.0691060987	-0.091014527	-0.0394289784	0.0425848734	0.0058135793	-0.0215395554	0.05099754	-0.0773273386	-0.1002622478	0.088459231	0.0554151937	0.0153853781	0.0125549324	0.0115417054	-0.0142116516	-0.045433532	-9.27461e-05	-0.1000782008	-0.027932658	-0.0474480022	0.0081200506	0.0238138675	0.072645463	0.0377397646	0.0674250183	0.0374071345	0.0477835834	-0.0803212958	-0.0723015278	-0.0455571041	-0.0466566636	-0.0332202284	-0.0252405368	0.0010837045	-0.0542788529	0.059912444	-0.027683704	-0.0204684992	0.0108384035	-0.0028167772	0.1074296831	-0.0459814202	0.0206314758	-0.1057460602	-0.0063759716	0.057640987	0.0542544014	0.0093290799	-0.0101279756	-0.0376372772	0.1128497788	-0.0292686624	-0.04861811	0.0108540438	-0.0224655603	0.0006574343	0.0181673054	0.0216970197	0.0220046371	0.0532181071	0.0529645112	0.0361826592	0.0177623827	0.0131086144	-0.0552471488	-0.0040670774	-0.0337364355	-0.1037844459	0.0203957296	-0.0559944972	-0.1800337324	-0.0752987766	-0.0218769354	0.0014558375	0.0018463404	0.1072464495	-0.0247813328	0.0176429136	0.0110928676	0.0423787209	0.0673475903	-0.0526370465	-0.0232536749	0.0876866714	-0.0222737823	0.066517287	0.0212843491	-0.0641887457	-0.0003103572	0.0359534819	0.004483867	-0.0777036716	-0.0973800689	0.0095238391	-0.0736203798	0.016184961	0.0298938631	-0.0537608831	0.0424632908	-0.0341438481	-0.0362410357	0.0086701525	0.096792474	0.0528178217	-0.0527684367	-0.0485906458	0.0514704648	-0.0440772622	0.0197076427	0.0040216445	-0.0016428796	-0.0267630876	0.0732319862	-0.0555606767	-0.0225047902	0.0502346111	-0.0251730732	-0.1604540379	-0.0294187756	0.0166957033	-0.0771856304	0.0142577556	0.0129384536	-0.0155418289	-0.0311390225	-0.0614609639	0.0409772475	0.0337967388	-0.0004241585	-0.0877117981	0.0082775935	-0.0327864996	0.0407513292	-0.012992569	0.0057456356	-0.0136734335	0.023951697	-0.0406192424	-0.0058436534	0.0314103061	-0.0836091125	-0.0243979779	-0.0052733983	0.1167512224	-0.0683592074	-0.1082031478	0.0158563506	-0.0195258508	-0.0766833591	0.0545129082	0.0518116494	-0.0781521589	0.0	0.0123993	0.00492271	0.00015374264049	2.42330737441e-05	-0.463259	0.042556	0.001811013136	0.2146089010809999	1.98909	0.0933300000000001	3.9564790281	0.0087104889	-0.011642	-0.0008199	0.0001355361639999	6.722360100000003e-07	-0.000701015	0.000472855	4.914220302250001e-07	2.23591851025e-07	0.00104173	-0.00014805	2.191880250000001e-08	1.0852013929e-06	0.0	0.0	0.0	0.0	0.0	0.0	0.0	0.0	0.0	0.0	0.0	0.0	0.0
3604.579033328916	-11.565454749355922	12992990.007514425	133.75974355939945	8194.350512030403	25.22674347435168	636.388586320745	67147380.31401293	3575.665913999961	0.5590259069681451	0.3125099646615573	12785386.728541177	3690.343911930008	5477.842954319545	0.923029	40.716675	0.1135164999999999	0.057528	0.0328588945	-0.0009092466	-0.0324822251	-0.0463729097	0.0165613966	0.0295157761	0.0671392072	0.0111029442	-0.0407988761	-0.0365619758	-0.0132588236	-0.0131829441	-0.0382757039	0.0517778618	0.0021622242	0.0186051944	-0.0947477444	-0.046276962	0.0340102773	-0.042212399	0.0414655448	0.04875316	-0.0048848327	-0.0266428918	0.0110757625	0.0098060186	-0.106308884	0.0255265934	-0.0046311285	-0.0359854727	-0.0178598764	-0.0044005229	0.0909569824	0.0891589818	-0.0244925896	-0.115159257	0.0349443431	0.0423166576	0.0437806462	-0.0111359192	0.0576130704	-0.0575482167	-0.099555395	-0.0327969073	-0.0526858765	0.0653047555	-0.1118786153	0.0041491081	-0.058727195	0.0314220652	0.0150127963	-0.0441741545	0.0011493627	0.0070554032	-0.0748757191	-0.0949221287	-0.1190855025	0.0871979728	0.0551455444	0.0311072376	-0.0039877788	-0.0039187365	0.0448871462	-0.0595516344	0.0309723077	0.0308540784	-0.0034493843	-0.092993893	-0.0345935627	-0.0107967023	0.0246903967	-0.0917922636	0.0173379534	0.0223842133	0.007466104	-0.0523509007	-0.0258573729	0.0955692545	0.0303301797	-0.0156654215	0.059425761	0.1018033782	-0.0312868557	-0.0467419629	0.0135896067	-0.0316442895	-0.0219337148	0.0543513094	-0.0344616446	-0.003349438	-0.0472333858	0.0592851574	-0.0897818329	0.0555593953	0.0397929769	0.0286619637	-0.0710512558	0.0016107182	-0.0112698072	0.0018020875	-0.0270056083	-0.0184636831	0.0045486708	-0.1212000271	-0.0191433867	-0.0189004354	0.049287158	0.0220795803	0.0362248651	-0.0079025166	0.0276477721	-0.0701880616	0.0905147969	0.0372745091	0.0162839561	0.0473825405	-0.0176803064	0.0401409416	0.0266494992	0.0841848996	-0.0721465001	0.0069623378	0.1321892973	0.1225884673	-0.0241173342	-0.0107033432	0.0034793838	0.0404536953	0.0308859967	0.0692845973	-0.0187991421	-0.0875333665	0.1211620279	-0.01622718	0.12522365	0.0198588329	0.0729368635	-0.0477992458	0.0231950521	-0.0453214958	0.0368691987	-0.021466979	0.0080219732	-0.0159364854	0.004661115	-0.0270555921	-0.0215319286	-0.0327904068	-0.0455541162	-0.0399155054	0.0385519567	-0.1018587752	0.0092805527	0.0772436478	0.0282856621	0.0480117369	-0.0329572574	-0.0618730841	-0.0608325556	-0.0451137324	-0.0204835299	-0.0757880394	0.0567580599	0.0486218538	-0.0800300023	0.0	0.00364785	-0.00875145	1.33068096225e-05	7.658787710250002e-05	-0.50776	-0.044501	0.001980339001	0.2578202176	1.97964	-0.0094499999999999	3.9189745296	8.930249999999921e-05	-0.0110483	0.0005936999999999	0.00012206493289	3.524796899999989e-07	-0.000332414	0.000368601	1.1049906739600001e-07	1.35866697201e-07	0.00109571	5.3979999999999913e-05	2.91384039999999e-09	1.2005804041e-06	0.0	0.0	0.0	0.0	0.0	0.0	0.0	0.0	0.0	0.0	0.0	0.0	0.0
3608.961299735096	4.382266406179952	13024601.662985634	19.204258854733347	8157.74970368966	-36.60080834074324	1339.6191711958202	66548880.22804874	3565.598615774772	-10.067298225189006	101.35049355489372	12713493.48881497	3675.7225801716418	5437.824029650007	0.951856	41.988274	0.1289123499999999	0.0770364999999999	0.0310625235	-0.0113658882	-0.0365928088	-0.0846004815	0.046401198	-0.0234725086	-0.0434176775	-0.007004811	-0.0450470411	-0.0325629632	-0.0067738044	0.0512075687	0.0726471085	0.1411396541	-0.1119674253	-0.0533480193	0.0606918317	0.0147878796	-0.0551783737	-0.0355434967	-0.0275360299	0.0196518711	0.0419283807	0.0158745147	0.0291401937	0.1373841361	0.0776010534	0.0826049582	0.0484663171	-0.0420424584	-0.0292784943	-0.0366954557	0.050610844	-0.0116692682	-0.0526909777	0.0248834968	0.0992730997	0.0105923455	0.0260206569	0.0053167949	-0.0514742713	0.0492171959	-0.1263859327	0.0345894825	-0.0342155546	0.0082493604	0.1055946006	-0.0012452846	-0.0205487748	-0.0178886595	-0.0833441353	0.1201853158	-0.0374511836	-0.0767881377	-0.0658809783	-0.0186167022	0.0009743651	-0.1150393526	-0.0127430811	-0.0442930229	0.0290329118	-0.0044588719	0.0868423093	0.0396985584	0.0649265862	0.010796485	0.0205711301	-0.0126279995	0.1871223681	0.0369940114	-0.0316944117	0.0248541585	-0.0656416189	0.0220484432	-0.0708143337	-0.0287021828	-0.1402568644	-0.033690837	0.0515423455	-0.0207160159	0.1137107465	0.0188436511	0.00101396	0.0144667884	0.0439630014	-0.0276074812	-0.0208364951	-0.0829952492	0.1007533134	-0.0605873235	-0.1256067029	0.0172250357	0.0429424654	0.1007820827	-0.0064028812	-0.0209736094	0.0146602445	-0.0170805186	0.0278058241	0.0162313069	0.0349159022	-0.0801902611	-0.1012553878	0.0064464563	-0.0737781823	-0.0511316704	0.0107294197	-0.0157296313	-0.0550486143	-0.0190741083	0.0383827929	-0.0504499387	-0.0112267904	-0.0262811167	0.0603942897	0.0802777638	-0.0130511275	-0.0731466504	0.0702094125	-0.0482233855	-0.0735465133	-0.0873314158	-0.0721140032	0.006983246	0.0559566375	0.0505475209	0.0623399542	-0.0328068494	0.0746196716	0.0974304717	0.0166816628	-0.0454615333	-0.0958779211	-0.100284758	-0.0257953993	-0.0862300585	-0.0493959037	-0.0507743641	0.0504882112	-0.0161685245	0.0113065196	0.1114326618	0.0644502158	0.0357308134	0.1334101267	0.1187977819	-0.0514228638	0.0293666052	-0.0109051784	0.0304154279	0.0875568949	-0.0294046305	0.0302848845	0.0125463209	-0.1552081418	0.0105564572	-0.0304607565	0.012897276	-0.0242190723	-0.0331790057	-0.0214384965	-0.0748525761	0.0589355719	0.0453290553	-0.0816429668	0.0	0.0159772	0.01232935	0.00025527091984	0.0001520128714225	-0.458727	0.0490329999999999	0.0024042350889999	0.210430460529	2.03499	0.05535	4.1411843001	0.0030636225	-0.0112923	-0.0002439999999999	0.00012751603929	5.9535999999999727e-08	-0.000332414	0.0	1.1049906739600001e-07	0.0	0.00109571	0.0	0.0	1.2005804041e-06	0.0	0.0	0.0	0.0	0.0	0.0	0.0	0.0	0.0	0.0	0.0	0.0	0.0
3607.933819744647	-1.0274799904491374	13017186.447657198	1.0557151307733594	8151.613568012941	-6.136135676719277	37.65216104310714	66448803.76221267	3578.828090924543	13.229475149771131	175.01901273841196	12808010.50439061	3688.2788626342967	5436.364680998666	0.950561	41.931171	0.0593363000000002	0.0281129	0.0301404493	-0.0136397358	-0.0351003582	-0.0321482433	0.0049192956	0.0273434165	-0.0508740465	0.049721077	-0.0537885609	-0.0297635306	0.0148881326	-0.0822993683	0.0970442565	0.0838126465	0.0469411723	-0.0883509277	0.0615754456	-0.0215754098	-0.0210978596	-0.0063134723	-0.1369133593	0.0557854531	0.0373342765	-0.0188969572	0.0830909985	-0.073446228	-0.0270372951	-0.0435744846	0.0743085989	0.0054820093	-0.000478132	-0.0826184475	-0.0132392253	-0.0013908001	-0.0490922004	0.0684770302	0.0350777412	0.0461383816	-0.01251087	-0.0132766766	-0.004122369	0.0158652515	-0.0637383761	-0.0404967944	0.0966532571	0.0101027668	0.0575807801	-0.0406406611	0.0390876508	-0.0141120035	0.0045085169	-0.0887373128	0.0603772125	-0.0660101608	0.086532228	-0.0759931263	0.0923065886	0.0045943266	0.0347453627	0.0421177003	0.0057994387	0.0294472538	-0.060372429	-0.0131681756	-0.0088718656	-0.0606254273	-0.042720038	-0.0629488502	-0.0142224588	-0.0142815958	-0.1131568396	-0.0103015396	-0.0510512534	0.0730563226	0.0296601569	-0.0795760941	-0.0869177252	-0.036097053	-0.0386822357	-0.1470724241	-0.0035186513	0.0498328717	0.004911214	-0.0676731747	0.0822840198	-0.0257087456	-0.0017676027	-0.0188820068	0.1682824131	0.0234575354	-0.033966026	-0.0621928767	-0.0601992577	-0.0021720546	-0.0311867547	0.0204751924	0.0511327724	-0.1149507766	-0.0194874895	-0.0186731292	0.0195583111	0.106414115	0.0643122345	-0.0541554316	-0.0686998336	0.0427357164	-0.0203266498	0.0147699043	-0.060236463	0.0401581707	0.0237665029	-0.0244874031	-0.0389432355	-0.0407544003	-0.0132808709	0.0573955096	-0.006716193	-0.0720051833	0.0544559854	0.0251826942	0.0336752256	-0.0424607238	-0.0826065694	-0.01278267	-0.0664873738	0.0260731462	-0.003360246	0.0845772307	-0.1078113163	-0.0368889409	0.0620625879	0.0771916521	-0.0549990904	-0.0420854527	0.0824834857	-0.0058580361	0.033801893	0.0018127131	-0.0296332816	0.0760514844	-0.0201050344	-0.0503879793	0.0079031663	-0.0062894081	-0.0059615832	0.0152748162	0.0585138113	0.0543916993	-0.0262752749	-0.084016127	0.1247704886	-0.0859095667	0.0033572096	-0.0078018699	-0.090332144	-0.0102231617	0.0466180104	-0.0439887248	-0.0712816753	-0.0774037465	-0.022390624	-0.0738774647	0.0610428493	0.0419402295	-0.0829857139	0.0	0.036506	0.0205287999999999	0.0013326880359999	0.0004214316294399	-0.457412	0.001315	1.729225000000028e-06	0.209225737744	2.02648	-0.0085100000000002	4.106621190399999	7.242010000000407e-05	-0.0110403	0.000252	0.0001218882240899	6.350400000000025e-08	-0.000444433	-0.0001120189999999	1.97520691489e-07	1.2548256360999996e-08	0.0008800789999999	-0.000215631	4.64967281610431e-08	7.74539046240824e-07	0.0	0.0	0.0	0.0	0.0	0.0	0.0	0.0	0.0	0.0	0.0	0.0	0.0
3620.981295833321	13.047476088674102	13111505.544774756	170.23663228452244	8141.874334068938	-9.73923394400299	94.85267781602003	66290117.67177051	3575.781693181381	-3.046397743162288	9.280539209544282	12786214.717291104	3683.755774098251	5426.04726511274	0.971304	42.846169	0.11581855	0.069986	0.0289144878	-0.0276878277	-0.0393067377	-0.0583372371	-0.02016246	-0.1004575833	-0.1414843952	-0.0357446924	-0.0546021675	-0.0145991002	-0.0284893981	-0.0227050671	-0.0333354378	0.0242041125	-0.0295382104	-0.0501237221	-0.0288771301	-0.1143904955	-0.0045446309	-0.0378680312	-0.0795283521	-0.1228099614	0.007480028	0.0291361145	0.0629407492	0.0602899824	-0.0071868053	-0.0417180615	-0.0401373354	-0.0713275768	0.0651327669	0.0167888578	-0.0540154177	-0.0364328561	0.0310578344	-0.0805812588	0.0475293791	0.0634997979	0.0504434869	-0.0202312603	0.0712726282	0.0463796775	0.01345043	0.0026241726	-0.0042226239	-0.1161898299	0.0391098727	-0.0267455303	-0.1059166173	-0.0798276646	0.0706169122	-0.0795979782	0.0053507703	0.0275725014	0.0924791676	-0.0257898326	0.0223217092	-0.0201304606	0.0568073284	-0.0572429735	0.0320271953	-0.089334935	0.0192017198	0.0364420096	0.0576789962	-0.025154326	-0.0920099138	0.0124085166	-0.1009081427	0.0521182364	-0.0148725603	-0.0805456134	-0.0064027245	-0.104555859	0.0043581014	-0.0005277402	-0.0042493466	0.0314076027	0.0037341693	-0.0246912712	-0.1489450694	-0.0426792761	0.0204537796	0.0316657163	-0.0533460221	-0.0174818099	-0.0400227524	-0.011509894	0.0488430649	-0.0481151895	0.020520161	0.0065233027	-0.0390134157	0.0705420344	-0.0935800444	0.0980952116	0.1065719058	0.0523787022	0.0321907994	-0.0184515854	0.0169183085	-0.0549245311	0.0567163891	-0.0051308823	-0.0156587629	0.021011455	0.0759630026	0.0300187733	-0.0258637344	0.0386627508	-0.1063285807	-0.017669943	0.0369632628	0.023688387	-0.0025803544	0.03594523	-0.0227920757	0.1157659437	0.0402819117	-0.0119084238	-0.0829688164	0.0866575767	-0.0511672549	0.0272005564	0.0224194765	0.0484120014	0.0502111338	-0.0299773857	-0.1269627991	-0.1056029516	-0.0132705325	0.090946461	-0.0183411954	0.0156249471	0.0008115162	-0.0456776412	0.0389496322	0.0285476992	0.0442534147	-0.0149688135	0.0834530272	0.0524278477	-0.1380770979	-0.0134891071	-0.0232753894	-0.0405913393	-0.0647963334	-0.0256301511	-0.0480911567	-0.0670203551	0.0067232824	0.0153316754	-0.0906693745	0.0720925487	0.0116949705	-0.0160127747	0.1143016116	0.0450465895	0.0737922346	0.0502592849	-0.0233397865	-0.0728632218	0.0630773808	0.0384625556	-0.0840537993	0.0	0.0331937	-0.0033122999999999	0.0011018217196899	1.097133128999998e-05	-0.513165	-0.055753	0.0031083970089999	0.263338317225	2.06858	0.0421	4.2790232164	0.00177241	-0.0109932	4.709999999999957e-05	0.00012085044624	2.2184099999999603e-09	-0.000267783	0.0001766499999999	7.1707735089e-08	3.1205222499999994e-08	0.0008107639999999	-6.931500000000002e-05	4.8045692250000036e-09	6.573382636958378e-07	0.0	0.0	0.0	0.0	0.0	0.0	0.0	0.0	0.0	0.0	0.0	0.0	0.0
3619.8777125451975	-1.1035832881234455	13103514.653781451	1.2178960738253557	8166.284511630096	24.41017756115798	595.8567685672606	66688202.72488959	3584.7437335235145	8.962040342133605	80.31816709403023	12850387.635036103	3695.487822671888	5469.083793841771	0.94242	41.572056	0.1181239000000003	0.0814504	0.0324959486	-0.0287959771	-0.0399945467	-0.0380302197	0.0131205853	-0.0317390263	-0.080998855	0.1189470591	-0.0386991427	-0.0206138476	0.0749974038	-0.0259439788	-0.0148111297	0.0243512108	-0.0834707649	-0.0895968691	0.0553422558	-0.0283289556	0.0168665137	-0.0135088669	-0.0911508452	-0.0516326974	-0.0278626282	-0.0392473243	0.0836399471	-0.0317905566	0.1141635945	0.0557151652	-0.0619625239	0.1069810829	-0.0512438543	-0.0186679824	0.1084349641	-0.0160150015	0.0625254227	0.0437411807	-0.068453721	-0.0055245086	0.055733244	0.0150877218	-0.1134943162	0.0705844449	0.0059207065	-0.0213298665	-0.0311660712	0.118370158	-0.0410996732	0.0272114902	-0.0337281695	-0.0206040291	0.0352501338	-0.0088256614	0.0342213078	0.0720288897	0.1065975068	-0.0220953555	0.0379686499	0.0759790545	0.0043243087	0.1195526964	0.0214024198	0.0298978867	0.0363941548	-0.0673634375	-0.0724200738	0.093888433	-0.0135843559	0.209287972	-0.040425557	-0.0881575015	-0.0353146157	-0.0363285342	0.0514154645	0.0561246806	-0.1238174227	-0.0246708145	-0.0572846398	-0.01737727	0.0522434891	-0.0015779352	0.0039878202	0.0503528727	0.074686678	0.0362425551	-0.0472243932	-0.0228004779	0.058494684	0.0176703283	0.0954241771	-0.0733042675	-0.0062455981	-0.0437608335	0.0361490974	0.0844435318	-0.0958141481	0.0436072188	0.0496455505	0.0190476973	-0.0789297005	-0.0038897741	0.0800037682	0.0424161883	0.0347387927	0.0459181589	-0.0113781842	-0.1568820157	-0.0743241267	0.0260667487	0.021164881	-0.0894284251	0.0763922464	0.0992429621	0.0298003961	-0.0425829061	-0.0090224056	0.03765713	-0.0478630286	-0.1162810905	0.0142460568	0.0133022415	0.0594357752	-0.0391990109	0.0938123111	-0.0726772234	0.0348156255	0.0010356389	-0.0390659507	-0.0783651242	-0.0687420888	-0.0635119831	-0.0268296802	0.0645212791	0.047366311	0.0334459602	0.1211730727	0.0031407292	0.0324905116	0.0220028099	0.095955587	0.0158226943	-0.1195070466	0.0640353699	0.0156886239	-0.096259231	-0.0672234887	-0.1092543917	0.0355764406	-0.0542917146	-0.0452297495	0.0873848102	-0.0589202587	-0.0114730598	0.1249938216	0.0168433294	-0.0330738213	0.0369951046	0.0303824005	0.0484107607	0.0635276486	-0.1197616069	-0.0242858583	-0.0718103845	0.0650367418	0.0349034008	-0.084843688	0.0	0.0401336	0.0069398999999999	0.0016107058489599	4.816221200999999e-05	-0.431365	0.0817999999999999	0.0066912399999999	0.186075763225	2.07182	0.0032400000000003	4.292438112400001	1.0497600000002291e-05	-0.0112538	-0.0002605999999999	0.00012664801444	6.791235999999987e-08	-0.000237146	3.0637e-05	5.6238225316000013e-08	9.38625769e-10	0.000579121	-0.0002316429999998	5.3658479448953654e-08	3.35381132641e-07	0.0	0.0	0.0	0.0	0.0	0.0	0.0	0.0	0.0	0.0	0.0	0.0	0.0
3613.106670927222	-6.771041617975698	13054539.815498792	45.84700459235895	8144.997211136631	-21.2873004934645	453.149162299054	66340979.569423504	3585.888369405211	1.1446358816965585	1.310191301667258	12858595.397835564	3693.904143760118	5442.420759898594	0.922778	40.705578	0.2015612999999997	0.0914292	0.0259882731	-0.0333943378	-0.0366877893	-0.0706042329	0.0125692616	-0.0777634581	-0.0911228713	-0.0379936611	0.0023182783	-0.0455563847	-0.0887510709	0.0387585133	-0.0214431047	0.0846887266	0.0081976675	-0.0894743803	0.0110390021	0.0026953854	-0.0559323879	-0.0181760431	0.0220412735	0.0925836283	-0.1226192722	-0.1224515527	0.0087834433	0.0438436741	-0.0354524729	-0.0091121397	-0.0925566562	0.0710782671	-0.010350817	0.1224534568	-0.0835598761	-0.1729387244	0.0053332513	0.0488140661	-0.1156854092	0.0205931964	0.0490261204	0.0248143741	-0.022190959	0.074489726	0.0318722043	0.0862073918	-0.0425530169	0.0319273827	0.0427671673	0.02674043	0.0140104463	0.0250098106	-0.0396770698	-0.1349206297	0.0201962645	-0.1155277045	0.0493954623	0.0210837523	-0.0462572805	-0.0861794713	-0.0172826257	-0.022970937	-0.0681147308	-0.0818397336	-0.0054567219	-0.0013928053	-0.0334395501	-0.0830833789	-0.0835201947	0.0647157441	-0.118146552	0.0909045448	-0.0843199049	0.1450645751	0.0268906788	0.0253690397	-0.0464783292	0.0306103499	-0.0385995283	0.0838407979	0.0412131319	-0.045424392	0.0534925644	0.006376786	-0.0491397579	0.0876572372	-0.0148589383	-0.0340119312	-0.1009484911	-0.0476248055	0.0541078389	-0.0943390075	-0.0584111458	-0.0449282333	-0.0586130373	0.0375444067	0.0058838852	-0.0599241969	-0.0176718661	0.0129952311	-0.1153801773	-0.0480539307	0.0732241729	-0.0562314716	0.0684371306	-0.0126239395	0.1807345518	0.0631765803	-0.0610660014	-0.0840175168	0.019514513	-0.1017010005	-0.0485148921	0.105946568	-0.022231953	-0.0225106745	-0.1084452322	0.0109020839	-0.0033722834	0.0255385906	-0.0083567901	-0.1059675905	-0.013618468	-0.0677925277	0.0241766209	-0.0176552198	0.0072752299	-0.0172559641	-0.0303623784	0.0784246538	-0.0615638969	-0.1040268812	0.0898765324	-0.0458711466	0.000135075	-0.0764359033	-0.0923907073	0.029924363	0.003183386	0.0651518951	0.1324420837	0.0078789877	-0.0347261627	0.0430919058	-0.1537929966	-0.0272060415	-0.116019576	0.0854910441	-0.0203314669	0.1307722024	-0.0358995702	0.0446161096	0.0298347476	0.0044529582	-0.0421346955	0.0717182865	-0.0450606815	0.0452578986	-0.0811921908	-0.0627193039	0.0651027138	0.0093685671	-0.0252287139	-0.0707195106	0.0669185973	0.0312703049	-0.0853527656	0.0	0.0177682	-0.0223653999999999	0.00031570893124	0.0005002111171599	-0.510512	-0.0791469999999999	0.0062642476089999	0.2606225021439999	2.08074	0.0089199999999998	4.3294789476	7.956639999999674e-05	-0.0104882	0.0007656	0.0001100023392399	5.861433599999999e-07	-0.000828325	-0.0005911789999999	6.86122305625e-07	3.494926100409999e-07	0.00104492	0.0004657989999999	2.1696870840099994e-07	1.0918578064e-06	0.0	0.0	0.0	0.0	0.0	0.0	0.0	0.0	0.0	0.0	0.0	0.0	0.0
3610.657224047496	-2.449446879725656	13036845.58956637	5.999790016597752	8193.587776738172	48.59056560154022	2361.043065477584	67134880.65511318	3587.985089782815	2.096720377604015	4.396236341859924	12873637.004503796	3703.360052614796	5480.336876198905	0.956249	42.182041	0.1315353499999998	0.0647515	0.0324987342	-0.0357641592	-0.0372580788	-0.0675302718	0.0192456746	0.0112449772	-0.004261108	0.096975614	0.0539941748	-0.0151378774	0.0279259298	-0.1221849434	-0.0572594912	0.0795323357	0.0605939449	-0.0644866624	0.0225966999	-0.0189914429	0.0187076676	-0.1357231204	-0.0484127251	-0.0129591785	-0.0065703118	0.0222262234	-0.0380586351	-0.0040813346	0.0557380066	0.0321645469	0.0395839466	0.0794849092	0.0298417851	0.0479662194	0.0291624869	-0.0844479785	0.0510966401	-0.0169479903	-0.1260588633	-0.1344432877	-0.0226408004	-0.0567311444	0.0176227591	0.0206332813	-0.0184979451	-0.0015467244	0.1246389203	0.1306658476	0.0095964013	-0.0026672457	-0.0443966445	-0.0491789589	-0.0214523107	-0.0043525165	0.0594311862	-0.0846617154	-0.0323110196	0.1106778617	-0.0529890137	0.0018104482	0.0237215412	-0.032216372	-0.0472223206	0.021407729	-0.0462038473	0.0582394809	-0.0451001256	-0.0594776549	0.0314174477	-0.0503287945	0.024704828	-0.0206426351	-0.0744492824	-0.0627720094	-0.0442717477	-0.0261766476	0.0082581116	-0.0696272202	-0.0784160628	-0.023472904	0.0062341721	0.0921372202	-0.0352445847	0.049280651	0.1031062711	0.0166292563	-0.0083695203	-0.0206865903	0.0122060763	0.1031685592	0.111472482	-0.0782557968	0.006381597	-0.040011129	-0.0619379661	-0.0005619027	0.0036206472	0.0811775762	-0.0178694195	0.0515914565	0.0138546214	-0.074957094	0.0040585638	0.0398771591	-0.0711171484	0.0212239911	-0.0108888813	0.0039198081	-0.0720379632	0.0552733682	-0.0148839939	-0.1130337733	0.0132142452	0.0539283695	-0.0194372946	0.1012607006	-0.1091017462	-0.1503401461	-0.0599151074	-0.0404433636	0.046431049	-0.0105877687	0.128552381	-0.012761903	0.0131169971	0.0463906515	0.0270957891	0.0578188701	0.0044256304	-0.0045959832	-0.0577902882	0.0165393781	0.0004237977	-0.1000103686	-0.0117709721	-0.081414575	-0.0909783775	0.0124891284	0.0228760623	0.0290103476	-0.1204311195	0.0730722694	-0.012110828	-0.0023741975	0.0409616233	-0.0236573233	0.0390860106	-0.0489904363	-0.0172152033	0.0594186193	-0.0460083971	-0.1080493237	0.0372618983	0.01402519	0.0610240932	-0.0091581715	-0.0381605937	0.0076293062	0.0375218585	0.065051794	0.006971794	-0.0590227281	-0.0261682287	-0.0695911778	0.0687207046	0.0275709646	-0.0855793473	0.0	0.0370112	0.019243	0.00136982892544	0.0003702930489999	-0.461082	0.0494299999999999	0.0024433248999999	0.212596610724	2.09123	0.0104899999999998	4.3732429129	0.0001100400999999	-0.0111839	-0.0006957	0.00012507961921	4.839984900000007e-07	-0.00108993	-0.000261605	1.1879474049e-06	6.843717602500004e-08	0.000954778	-9.014199999999998e-05	8.125580163999996e-09	9.11601029284e-07	0.0	0.0	0.0	0.0	0.0	0.0	0.0	0.0	0.0	0.0	0.0	0.0	0.0
3607.510350472779	-3.1468735747171195	13014130.928768232	9.9028132952529	8143.820112004626	-49.76766473354565	2476.820453030603	66321806.01669104	3578.5516373457385	-9.43345243707654	88.9900248825853	12806031.821149869	3685.682977841077	5451.25353969029	0.967623	42.683769	0.1868674500000002	0.0977787	0.0242000417	-0.0330675676	-0.0315327226	-0.0814046322	0.0680617753	-0.0301751218	-0.0462226894	-0.0739011124	0.0170459055	-0.0656508088	-0.1049276346	0.0061419703	0.0251730297	0.0497880136	0.0919978651	-0.0571635318	-0.0173137724	-0.004075998	-0.08136787	-0.2496303942	-0.083246712	0.0795379078	-0.0054753566	0.0118518516	-0.072558254	-0.0411301954	-0.0458345366	-0.0365197261	0.0760589821	-0.0135599659	-0.0604891551	0.0283303439	-0.0095374713	0.0464955279	0.0207728943	-0.0937159187	0.0489573797	0.1170083166	0.0185108848	-0.0102896792	-0.0121107284	-0.0187224272	0.0132411909	-0.000111735	0.0394253896	0.0610426383	0.0159872181	0.0022915488	0.0909764205	0.079781243	0.0507574397	-0.0176127396	0.0303393564	0.0348816413	0.0961117591	0.004932166	-0.0028885077	0.0773511032	-0.015833031	0.1019587143	-0.0290931383	-0.0991363752	0.0235733917	-0.0298136276	-0.0412745073	-0.0739638049	0.0682220709	-0.085768699	-0.0067867265	0.1279422877	0.0199008611	-0.0428915588	-0.0722102539	0.0085325326	0.042095798	0.0014175169	-0.0325748269	-0.0968021607	0.0496141715	0.1563822903	0.0774065679	-0.0010412199	0.0923882943	-0.0535049413	-0.0153089171	-0.0527044602	-0.1207032215	-0.0443093162	0.054997387	-0.0288740706	-0.109194627	-0.1231919194	-0.0897876391	0.0146256845	0.1226283945	0.1303233117	0.0153099838	0.0086471081	0.0276691299	-0.1242645513	-0.0569350038	0.0872460856	-0.0329792624	-0.0333819715	-0.0296045359	0.1029216981	-0.0036107246	-0.0247438038	0.0445905996	-0.0221476725	-0.0242405083	-0.0178142998	0.1006561374	-0.0631813611	0.0370018948	0.0635345758	-0.0617924341	0.073248953	0.0026295556	0.017579364	0.036574174	-0.0569104818	-0.0097447304	0.0266386362	-0.0788967664	-0.0185782499	-0.1104587915	0.0373503739	-0.0074707763	-0.0169536094	-0.0185632089	0.0183550266	0.0711822824	0.0346762426	0.0374155315	0.1064640766	0.0341887406	0.0717549504	-0.0543292224	0.0295389267	0.1196771258	-0.0275571649	0.0421545573	-0.042011135	0.0058625981	0.0713089794	-0.11451915	0.0072199621	0.0355562281	-0.0831005856	0.0475707556	0.1499950871	0.1110612622	-0.069510892	-0.0348285152	0.0376849158	-0.0846310236	0.0659515881	-0.0799540593	-0.0167878361	-0.0271042781	-0.0684259838	0.0704409161	0.0238132166	-0.0855226832	0.0	0.0202941	-0.0167171	0.0004118504948099	0.00027946143241	-0.522532	-0.06145	0.0037761025	0.273039691024	2.10509	0.0138600000000002	4.431403908100001	0.0001920996	-0.00961745	0.00156645	9.24953445025e-05	2.453765602500001e-06	-0.0007674039999999	0.0003225260000001	5.889088992158465e-07	1.0402302067606453e-07	0.000946947	-7.831000000000027e-06	6.132456100000043e-11	8.96708620809e-07	0.0	0.0	0.0	0.0	0.0	0.0	0.0	0.0	0.0	0.0	0.0	0.0	0.0
3609.196696136598	1.6863456638188836	13026300.791403336	2.843761697880751	8173.844208786608	30.024096781981825	901.4463875738114	66811729.14951437	3582.607054862287	4.055417516548459	16.446411233528075	12835073.30954903	3694.7708399127378	5459.13101424081	1.010394	44.570522	0.2253554000000003	0.112187	0.0196053564	-0.0185420895	-0.0203968706	-0.0798900035	0.0470229225	0.036596863	-0.0200623694	0.1127536825	-0.0614967862	-0.0083844062	0.0746907945	-0.0182491945	-0.0401857469	0.0071071007	-0.1109294753	0.0275918366	0.0292627432	-0.086213975	-0.0037711372	-0.0809360544	-0.0391290398	-0.0265382516	-0.0283712532	0.0264359195	-0.199067742	0.0046395771	-0.0022284128	0.0089806358	-0.0740457583	0.0082329907	-0.0337033224	0.0282255571	0.1138609354	-0.0079765372	0.0862442538	-0.0181394802	0.0724051899	0.0330808042	-0.0418914559	0.0925940825	-0.0266894225	0.0286212335	0.0134506706	-0.0097771485	0.0238103976	0.0463210293	-0.140887285	-0.0840715102	-0.0174207087	0.0084337423	-0.027809738	-0.0404940895	-0.0172253331	-0.1311837829	0.0374398965	0.01430263	0.0687558479	-0.137966726	-0.0785664626	0.0173962291	0.034283115	-0.0010945792	0.0032304414	0.0323576125	0.0126359132	0.0174494735	0.0673164846	-0.0695666344	-0.0454772849	-0.0592367028	0.0193987801	0.0541998846	0.0459984176	-0.0485439126	0.0003892008	-0.0638951679	0.0364119278	-0.0403622515	-0.0919492932	-0.0061523878	-0.1241716568	-0.1034469696	-0.0375453614	0.1178067388	-0.0529998932	-0.0111111996	0.0673861479	0.0600495572	0.0234769412	-0.0375420807	-0.051401046	0.0182026004	0.0882624774	0.0594079369	-0.0665916326	0.0583678354	0.0130389774	0.0261252686	0.0300988857	-0.1135857181	-0.1271611795	-0.0228311685	-0.0513782253	0.0556933937	0.0878745289	-0.0148904964	-0.0095936101	0.039403201	0.0177341864	-0.0963393726	0.0010857695	0.0454571565	0.0845998276	-0.0379128269	0.1189317601	0.0271414448	0.0968641718	0.0010218089	0.029712301	0.0367043024	0.0299166635	0.0693999239	0.1223749562	-0.0179433925	-0.0794530554	0.0104661052	0.0257191744	0.0151852837	-0.0299439757	-6.37701e-05	0.1021128201	-0.0026138092	-0.1097014357	-0.0922359935	-0.0257499906	0.0602909769	-0.0838026749	0.0204613284	-0.052529431	-0.0376901953	0.0598366023	-0.0344733551	0.0814097399	0.0520428195	-0.0354537968	0.0063407579	0.0173863821	0.0577259091	0.0204806118	-0.0215634638	-0.0848155698	-0.0515674504	0.0042353477	0.0168126631	0.0606776139	-0.0853863367	0.1017947355	0.0423440496	0.1762715809	0.0921305008	-0.0280367383	-0.0672245457	0.0720771819	0.0200050215	-0.0851829606	0.0	0.0413874	0.0210933	0.0017129168787599	0.0004449273048899	-0.443625	0.078907	0.006226314649	0.1968031406249999	2.08858	-0.0165100000000002	4.362166416399999	0.0002725801	-0.0113249	-0.00170745	0.00012825336001	2.9153855025000038e-06	-0.000457459	0.0003099449999999	2.09268736681e-07	9.6065903024938e-08	0.00078744	-0.0001595069999999	2.544248304899997e-08	6.200617536000001e-07	0.0	0.0	0.0	0.0	0.0	0.0	0.0	0.0	0.0	0.0	0.0	0.0	0.0
3608.657723542712	-0.5389725938857737	13022410.56568447	0.2904914569599591	8139.219926375917	-34.624282410691194	1198.8409324552997	66246901.00991479	3579.9132080078125	-2.6938468544744865	7.256810875362085	12815778.576868787	3691.384426817602	5428.3185195486885	1.006672	44.4063	0.2834871499999998	0.162982	-0.0056635385	0.0027326894	0.0045991029	-0.0304104699	-0.058088783	0.0316511002	-0.0576324152	-0.1113252316	-0.0669825916	-0.0063772847	-0.0977600978	-0.0050096738	-0.0014027406	0.002337321	0.0184660938	0.0149002484	0.0289651154	0.0080396416	-0.0783303283	-0.0241277001	-0.0180971541	0.0118660962	-0.0695364065	0.0646954924	0.0022046783	-0.0484919122	-0.0420477371	0.0461481878	-0.1228952062	-0.0967356346	0.0147568311	-0.0096722851	-0.0358236857	0.097198319	0.0341228068	-0.0641666638	0.0706587126	-0.0027022832	0.0830131789	-0.0287197164	0.049747369	0.0267656032	-0.0484003588	-0.0449504236	0.0167634442	-0.118299485	0.0089038879	-0.074567597	-0.0090425724	0.0137194763	0.0474746207	0.0567018032	-0.0595272802	-0.011528145	-0.0570333977	0.0130870077	-0.0031088239	0.1084879897	0.0085063228	-0.0510769793	-0.0182314814	-0.0438701941	0.0032825766	-0.054655552	0.1234186709	-0.0195116038	-0.0183088221	0.0304267551	-0.0354909737	0.0164081703	-0.0079606193	-0.0156321938	-0.0215535768	0.0278442672	0.04073388	0.0403639349	0.0356301747	-0.0819577485	-0.0650188583	-0.0614038251	0.0639855031	-0.0222412818	-0.1211711351	0.0339622543	0.0920535252	-0.0038653888	-0.099239865	0.0027133202	-0.0136464834	0.0134330168	-0.0250944789	-0.035545241	0.0040269118	-0.0166109673	0.0405619868	-0.0089966919	0.0277434856	-0.0157270384	0.0668594129	-0.1062036064	0.0098387426	0.0001906828	0.0573131487	-0.0269869551	0.0718667352	-0.0983520668	0.1161755931	-0.0037700415	0.0398576625	0.0850851957	-0.021317445	-0.0132346667	0.0300100141	0.0269771987	0.0454268414	0.0303908527	-0.0295554163	0.0726545991	0.0726413688	0.0280478916	-0.0562909038	0.0879299779	-0.0866014457	0.0141314077	-0.0251341263	0.0519003196	0.039228858	-0.0402114351	0.0966685848	0.0289400409	0.0585096395	-0.0345092878	0.0464537541	0.105297019	0.0078009379	-0.0391737336	0.0664458102	0.0105856454	0.0551066274	0.014640274	0.0517548179	-0.0046282685	-0.008268155	0.0407249426	-0.0514065998	-0.0445349314	0.0261308633	-0.03379032	0.039717846	-0.0510452644	0.0602154931	0.0016273164	-0.0661373057	-0.0625323362	-0.010076315	-0.0880020554	-0.0300541629	-0.0858633489	0.0037419063	0.0252887168	-0.0289654857	-0.0659875001	0.0736275519	0.0161544469	-0.0845613042	0.0	0.0265018	-0.0148855999999999	0.0007023454032399	0.0002215810873599	-0.554576	-0.1109509999999999	0.0123101244009999	0.3075545397759999	1.97163	-0.1169499999999998	3.8873248569	0.0136773024999999	-0.0110499	0.000275	0.00012210029001	7.562500000000052e-08	-0.000828325	-0.0003708659999999	6.86122305625e-07	1.3754158995599997e-07	0.000955585	0.0001681449999999	2.8272741024999993e-08	9.13142692225e-07	0.0	0.0	0.0	0.0	0.0	0.0	0.0	0.0	0.0	0.0	0.0	0.0	0.0
3612.8956560677634	4.237932525051292	13053015.021633314	17.96007208688762	8157.621148988521	18.40122261260421	338.6049936386167	66546782.8104248	3580.139546010686	0.22633800287349	0.0512288915447599	12817399.1689096	3691.366334732511	5433.146134534563	0.97204	42.878624	0.20979535	0.125542	0.0069718893	-0.0060286603	-0.0129453882	-0.028401997	-3.0651e-05	0.0065317607	-0.0880847755	0.0871305073	-0.0044089662	0.0065553493	0.0436470226	-0.0302487099	0.0273223144	0.0790295958	-0.0073070699	0.025810682	0.0164172681	-0.0042292743	0.0413513551	-0.0036668257	-0.0627135436	-0.0056330578	-0.0690977272	0.0450047104	0.0664414072	-0.0448034178	-0.0523018439	-0.0560492759	-0.025010384	-0.0392385057	-0.0056218336	-0.0066233516	0.1265408572	0.0285701826	-0.0090916605	-0.0500928745	-0.1036744408	-0.0456954952	-0.0599659076	0.0696714388	0.0746625578	0.0990561533	0.0228955488	-0.0290866538	0.0220109873	-0.0092579153	0.0236703657	0.0310847749	-0.036340733	-0.0039860983	-0.0157963824	0.0438730346	-0.0204661937	-0.0415776976	-0.0634175161	0.0716039436	0.0511962667	0.0511161845	0.0633368424	0.0304221882	0.0259498085	0.0474485746	-0.1633607494	-0.0570975398	-0.0477094969	-0.0515407118	-0.0937796517	-0.0049489104	0.0326454452	0.0597155317	-0.0650661057	-0.1417704965	0.0517997624	0.0393915661	0.066395346	0.0283182919	0.0893814864	-0.0163488465	0.0440559212	-0.0500529318	-0.0602028151	0.1080754355	-0.0029282846	0.0830628233	0.0041308919	0.0039223603	0.039097962	0.002211429	0.0694753783	-0.0049248485	-0.0066511715	0.070445106	0.0052539916	-0.0178230105	-0.0256759097	0.006136368	-0.0112086721	-0.0372048694	-0.0078728049	-0.0972985563	0.0304438525	0.027689051	0.0961041693	-0.0511599271	-0.0619916825	-0.0220134207	0.0436543173	0.0489836427	0.0147199123	-0.0649705362	0.1063072142	-0.0255952194	0.0804276298	0.0149391271	-0.0453759054	-0.1019377336	0.0663964882	0.041321296	0.0849257625	0.0094239684	0.0538061838	0.0184123797	-0.0239944832	-0.0396722812	0.0457091504	-0.0208295963	0.0300464205	-0.0413042308	0.0116074772	-0.0043108716	0.0292599883	-0.0677660306	-0.0567250542	0.0498239623	-0.001395014	0.0213098928	0.0350355422	0.0196549516	-0.0406489491	0.0802276932	-0.1019746505	-0.1378259024	-0.0665520531	-0.0532926298	0.0318189956	0.0121557121	0.0111960746	-0.1195842999	-0.129981077	-0.036937606	0.0893693228	0.0194009045	-0.0809422851	-0.0678424628	0.0701187071	0.0479642929	0.0354634575	-0.0909301736	0.0134059464	-0.047051041	-0.0298903973	-0.064715502	0.0750901786	0.0122696499	-0.0836597713	0.0	0.0375301	0.0110282999999999	0.0014085084060099	0.0001216234008899	-0.449257	0.1053189999999999	0.0110920917609999	0.201831852049	2.03743	0.0658	4.1511210049	0.00432964	-0.0109373	0.0001125999999999	0.00011962453129	1.2678759999999812e-08	-0.000397371	0.000430954	1.5790371164099998e-07	1.85721350116e-07	0.000946178	-9.407000000000012e-06	8.849164900000026e-11	8.95252807684e-07	0.0	0.0	0.0	0.0	0.0	0.0	0.0	0.0	0.0	0.0	0.0	0.0	0.0
3614.006972579589	1.1113165118254074	13061046.397853885	1.2350243894557908	8173.442937584563	15.821788596042095	250.32899437784772	66805169.45395097	3580.146526468211	0.00698045752506	4.872678725916743e-05	12817449.150982397	3690.872344731162	5450.191381879534	0.947542	41.797993	0.17741845	0.116858	0.0062108317	-0.0088768187	-0.0101057253	-0.0225514464	0.0164083257	-0.0204910353	0.0056393481	-0.0219797806	0.0036204729	-0.0047378159	-0.0474909536	-0.0121826909	0.0552763129	0.0327098789	0.0720714321	-0.0080459746	-0.1125806698	0.0103180122	0.0342620715	-0.0828199765	0.0072753659	0.0166321687	0.0917976284	-0.0222098742	-0.0322533844	0.0640831524	-0.1029939867	0.0954996011	0.0124133172	0.0601532431	-0.0173554692	-0.006018189	-0.0615920703	0.0329188851	0.0195593233	-0.0222631554	-0.0517849085	0.0576736859	0.0396837309	0.0008997793	-0.0307305602	-0.0212492409	0.0184433991	0.0339643889	-0.1338387648	0.0552814671	0.0436354831	0.0545098828	0.0118260409	-0.0561903078	-0.085979921	-0.0023283752	-0.0980852525	-0.0138877511	-0.1577011863	-0.0020458303	0.1006413381	-0.0245816705	-0.0289603777	0.0212102696	0.0481914467	-0.0472380942	0.0118805736	-0.0884772817	0.014452234	0.1183143115	0.0656192245	-0.0508118765	0.0222278957	0.1174388311	0.0133452571	0.0448062177	0.0338152333	-0.0398152417	-0.0400966798	0.1309671719	0.0290292789	-0.0642600925	-0.0669690316	-0.0039684423	-0.0929988069	0.1146607	0.0295155298	0.083615537	-0.0200374782	0.0033874365	-0.0473083875	-0.0306734899	0.0271179857	0.0413725213	0.0087331742	0.0218098234	-0.1005739324	0.00676604	0.0809613216	0.0917297643	-0.0353610034	0.0110537214	0.0193681783	0.0478876408	-0.0923039507	-0.0419409691	-0.0645843587	-0.1064402397	0.0278545127	-0.0054869668	-0.0765510099	-0.0136262111	0.0289079212	0.0423730717	-0.0216723811	0.0436712201	0.0301707162	-0.0609759147	-0.0413166148	0.0156621989	-0.0198369564	0.0298434089	-0.0510287863	-0.015115309	-0.0358307461	-0.0724078895	0.0624448621	0.0297302204	0.1474075966	0.0256078689	0.0248890081	0.0590011374	0.135460877	-0.0252342068	-0.0009557888	-0.0906676954	-0.1205140447	0.1037481865	0.0518686169	-0.0206671209	-0.0189269336	0.0100143355	0.0687497694	-0.0732729941	-0.0027484975	-0.0547997624	0.0551902392	0.0566526558	0.0262012213	0.0632982525	-0.0785481176	0.0274454969	-0.0503947402	0.0926220966	-0.0388709621	0.1016417934	0.0137837112	-0.0116405278	0.0463911789	-0.1123520075	0.0696762701	-0.102099568	0.1012828035	-0.0457972217	-0.0308113507	-0.0634092253	0.0764633189	0.0083588602	-0.0824813458	0.0	0.0393162	0.0017861	0.00154576358244	3.1901532100000206e-06	-0.564432	-0.115175	0.013265280625	0.318583482624	2.0577	0.02027	4.23412929	0.0004108729	-0.0105491	0.0003882	0.00011128351081	1.5069924000000004e-07	-5.9728e-05	0.000337643	3.567433984e-09	1.14002795449e-07	0.000868274	-7.790399999999995e-05	6.069033215999992e-09	7.53899739076e-07	0.0	0.0	0.0	0.0	0.0	0.0	0.0	0.0	0.0	0.0	0.0	0.0	0.0
3614.473789529845	0.4668169502560886	13064420.775198238	0.2179180650463955	8204.4977785249	31.05484094033636	964.4031458295914	67313783.79782	3580.879011683472	0.732485215261022	0.5365345905759856	12822694.4963152	3691.824987198906	5461.565910080501	0.967104	42.660904	0.2277994	0.133471	0.0093973628	-0.013268698	-0.0164982281	-0.0614355494	0.0655237151	0.0033445332	-0.0131334966	0.1085918948	-0.0662547685	-0.0093962492	0.1057050309	-0.1665181333	0.0633754979	0.0655499205	-0.0169076875	-0.0473311104	0.0295367525	-0.033356109	0.0065478072	-0.0862976692	0.1056798715	0.1102162864	0.1664390887	0.0681604112	-0.1023968913	-0.0118032162	0.1037936787	-0.057077915	-0.0055232471	0.0576988206	0.1497382618	-0.0783772137	-0.0093522819	0.0148686188	-0.1059091814	0.014975085	0.0210818042	-0.0901482833	0.0403746699	-0.0564899591	0.0401652417	0.0733092662	-0.0045271974	0.0475549426	-0.0056894978	-0.0324669974	0.0933936788	0.0452053822	0.0812605235	-0.0453944766	-0.0727611458	-0.0581132355	-0.0197306365	0.0154023917	0.0119980547	0.0689311901	-0.0635422207	0.1077765266	-0.0046055665	-0.083796496	-0.00897388	0.0268805209	-0.0269132604	-0.0407036602	-0.0197141493	-0.0410138111	-0.0943295902	0.0612119642	-0.0074706038	-0.0499942588	0.0123990099	0.0203975732	0.038972423	-0.0722961866	0.1190523643	-0.0253563042	-0.0292964708	0.0045947227	0.1041015646	-0.0612254574	-0.0003191415	-0.0906416465	-0.0358608419	0.0014837197	-0.0713562294	-0.0104918563	0.0835716887	0.065949195	0.1780741648	0.0418693916	-0.0444341881	-0.0519799986	-0.0251359049	0.0725855519	0.0338757418	0.0205019144	-0.1071163694	-0.0334530302	0.1648360299	0.0801932753	-0.0761323014	0.0215707806	-0.0043184366	0.1247600117	0.0638694071	0.0500589166	-0.0881539544	0.0748747535	-0.0970921937	0.0528352161	0.1114868153	-0.1108824349	-0.0651297609	0.0789546792	0.0007117583	-0.0391713597	-0.0695189258	0.0196702595	0.0588491737	-0.0974194511	-0.009560359	-0.0124934528	-0.0747446472	-0.0305679074	0.0853481065	0.0226168708	-0.0277362236	0.0792952954	0.0578736269	-0.0856211523	-0.0154415581	-0.0176257064	0.0980754163	0.0146364972	-0.0859365168	-0.0657578717	-0.0093159105	-0.0041997652	-0.0084625368	0.0274240088	-0.0474576537	-0.0178680462	-0.0691204269	-0.0709124862	0.0008319097	-0.0221925079	0.0527127056	-0.0399742069	0.0383920283	-0.0877721286	-0.0692496181	0.0181861902	-0.0788257168	0.0054526728	-0.0733074935	0.103883778	0.0760250462	0.0276037437	0.0775515852	0.0740258792	-0.0317282239	-0.0620693619	0.0777453364	0.0044303628	-0.081029928	0.0	0.0437686	0.0044523999999999	0.0019156903459599	1.982386575999996e-05	-0.451911	0.112521	0.012660975441	0.204223551921	2.11621	0.05851	4.478344764100001	0.0034234201	-0.0107566	-0.0002074999999999	0.00011570444356	4.305624999999973e-08	-0.000466082	-0.000406354	2.1723243072400003e-07	1.65123573316e-07	0.00130074	0.000432466	1.8702684115600005e-07	1.6919245476000005e-06	0.0	0.0	0.0	0.0	0.0	0.0	0.0	0.0	0.0	0.0	0.0	0.0	0.0
3606.4678839121616	-8.005905617683311	13006610.597689863	64.0945247592532	8178.742222450299	-25.755556074600463	663.3486687118888	66891824.341291256	3584.942219049864	4.063207366391907	16.509654102301457	12851810.713926164	3696.748675431711	5457.990982126508	0.979096	43.189865	0.201483	0.107802	0.0030325346	-0.0089452562	-0.009052075	-0.0556071568	0.0415028438	0.0358717905	-0.0186734832	-0.0359456565	-0.0404210926	-0.00341624	-0.0346667402	-0.060628263	0.0885460518	-0.0179852074	0.0962639354	0.0506586064	0.2327273815	0.0123503347	-0.0315227322	-0.0022057713	0.0190444809	-0.0024472259	0.0944737671	0.0651289747	0.0108750891	-0.0014197221	-0.0514495403	-0.046707254	-0.0109239272	-0.0723480577	-0.0597343025	0.0593224298	-0.0926637374	0.0130702511	0.0762675348	0.0459841697	-0.0050304293	-0.0063964419	-0.1034234031	0.042356724	0.0896789831	0.0239617994	-0.0546007472	0.096328333	-0.0735400787	-0.0231175274	0.0585577063	0.0168885113	-0.0012971425	0.03834558	0.0213745312	-0.0597154421	-0.0566215429	0.0191388503	-0.0801463764	0.1390880531	-0.0018187044	-0.0228477855	0.0192850193	-0.0700345325	0.0425786422	0.0411291306	-0.0402596393	-0.0933449085	0.041983444	0.050377055	-0.0527464704	0.069703938	0.0032485759	0.0271776436	-0.0117091305	-0.0906328903	-0.0644158572	-0.0277825873	0.123246942	-0.0250385591	0.0767848164	-0.0346847533	-0.0675899303	0.014581424	0.029300876	-0.0733218552	-0.0215405811	-0.0279976099	0.0670405893	-0.0077838503	-0.038477596	0.0044479588	0.0861920318	0.0545668999	-0.0518319185	-0.1169319177	0.0872157846	-0.1773052287	-0.0398099905	-0.0338679056	-0.0304578264	-0.0281316903	0.1285095663	0.0170917861	-0.0643230674	0.0037764307	0.0372859933	-0.0376088154	-0.0738014938	0.0061705876	0.0558816647	-0.0279307827	0.0229230684	0.0003222958	-0.0945642566	0.03617533	-0.0531729886	-0.0704637494	-0.0212230983	-0.1168922201	0.0787757185	0.0541579394	0.069737658	-0.0834806925	-0.0703325029	-0.0664302373	-0.0304677454	0.0341669194	-0.0133875795	-0.0200884511	0.0063277806	-0.0232919965	0.072471921	-0.0996665062	-0.0064362433	-0.077010107	-0.023773579	0.0510599808	-0.1013434937	-0.0588762523	0.0153873675	-0.0707678817	0.0471660979	-0.0364040163	-0.0689367785	-0.0807705187	0.0163721361	0.0224968714	-0.0026270472	-0.0485763025	0.0042991188	-0.0837514791	0.0495652819	-0.1029848598	0.0732223117	0.0534062765	-0.1004821841	-0.0380747916	0.0475325304	-0.0328873728	-0.0125207121	0.075242196	-0.0065495231	0.0235489911	-0.0326408955	-0.0606966215	0.0789347034	0.0004924799	-0.0793103218	0.0	0.0411595	-0.0026090999999999	0.00169410444025	6.80740280999998e-06	-0.545436	-0.093525	0.008746925625	0.297500430096	2.08475	-0.03146	4.3461825625	0.0009897316	-0.0101535	0.0006031	0.0001030935622499	3.637296100000007e-07	-0.00111888	-0.000652798	1.2518924544e-06	4.26145228804e-07	0.00107886	-0.00022188	4.9230734400000014e-08	1.1639388996000002e-06	0.0	0.0	0.0	0.0	0.0	0.0	0.0	0.0	0.0	0.0	0.0	0.0	0.0
3608.7758319300174	2.3079480178557787	13023263.005122188	5.326624053124418	8150.217153879517	-28.525068570781517	813.6795369677873	66426039.65539194	3579.64333520147	-5.298883848393871	28.07817003876944	12813846.407252304	3689.583311742666	5441.210116359166	0.973318	42.934986	0.1844607999999997	0.0916926	0.0066780203	-0.0210243726	-0.0179539429	-0.0854153564	0.0523425557	0.0137865263	-0.1790131252	0.0026260926	-0.0156532685	-0.0103956642	-0.0274895154	-0.0911172632	0.1302096816	-0.0157298731	0.0924313113	-0.0931745831	0.0486825245	0.0487472134	-0.0507225725	-0.0944946144	-0.0150268131	0.0230691423	0.0105106603	-0.0735187476	-0.1094124327	0.0418265538	0.0332091111	-0.0376736956	0.0277092848	0.1218585259	-0.0329632223	0.010736511	-0.0557125756	0.0362024254	0.0711715232	0.0805463052	0.0331416982	0.0651726542	0.0024442859	-0.0316443472	0.0422920406	-0.0084362482	-0.0880445107	-0.0527067217	0.0312358769	-0.1559534378	-0.0676890022	0.0166006015	0.1065234964	-0.0451191969	0.0131441854	0.153090014	0.0057628258	-0.0425094034	0.0641343516	0.0165098546	0.0247832118	-0.0554301964	-0.0498373077	-0.0319797904	0.0636103188	-0.0217149917	0.0284319445	0.0395655795	0.0105523556	0.0678591955	0.0254792083	-0.0361065045	0.0848297847	0.0713364274	0.050208485	-0.0764589783	0.0373812093	0.0224013208	-0.0816055112	-0.0748390827	0.0894713024	-0.0471790353	0.0404093345	0.0431543593	0.0068651403	-0.0172049466	-0.0863303674	-0.016073113	-0.1135899106	-0.0060585826	-0.0416524064	-0.0026978233	0.1331164982	0.0849372722	-0.0682743076	-0.1633365024	-0.0557308956	-0.0321235563	0.058399758	-0.0015254876	-0.0091217325	0.0380019385	-0.0521557874	-0.0296846902	-0.0883871434	0.0073235373	-0.0215969792	0.0624170721	-0.0309913614	0.0011000003	-0.1482751095	-0.0130336964	0.0198409496	0.027500023	-0.0621695364	0.0465373408	-0.0765318323	-0.0585211426	-0.0297100723	0.046512119	0.0050929508	0.0078529367	0.0528668778	0.053999715	-0.079991554	0.1155175303	-0.0856774202	-0.0554823902	0.0137359504	-0.0410066098	-0.0627664333	-0.0437024563	0.0402850033	0.0971060541	0.0474184776	0.0823730474	-0.0513767622	-0.0623170141	-0.0228042721	-0.0484209363	-0.0348977539	0.0250649497	-0.0355215424	-0.0645947246	0.0357484132	0.0281150185	0.090832271	0.0416312163	0.0969860967	0.0301479053	-0.0835163512	-0.0529575188	-0.0423187065	-0.0496238601	-0.0288852078	-0.0414957736	0.0645962585	-0.1052916786	0.072155078	-0.0307013349	-7.45662e-05	-0.0312633588	0.0044983812	0.0997822196	-0.0335492447	-0.0592917311	0.0800300023	-0.0034464463	-0.0773282186	0.0	0.0277902	-0.0133693	0.00077229521604	0.00017873818249	-0.503652	0.041784	0.001745902656	0.2536653371039999	2.16003	0.0752799999999997	4.6657296009	0.0056670783999999	-0.00998781	0.0001656899999999	9.97563485961e-05	2.7453176099999864e-08	-0.00069627	0.00042261	4.847919129e-07	1.7859921210000005e-07	0.00157111	0.0004922499999999	2.4231006249999986e-07	2.4683866321e-06	0.0	0.0	0.0	0.0	0.0	0.0	0.0	0.0	0.0	0.0	0.0	0.0	0.0
3602.8264840567167	-5.949347873300667	12980358.674220484	35.394740117547165	8152.752654858808	2.535500979290191	6.428765215981517	66467375.85130733	3578.110058313129	-1.5332768883413337	2.350938016321683	12802871.589401582	3690.272553113042	5437.308996549334	0.940138	41.471355	0.1611508999999998	0.0857671	-0.0004891437	-0.0031297076	-0.0026578941	-0.0593695212	0.01050797	0.0314319289	-0.0321107654	-0.0288189461	0.0495434569	-0.0119512738	-0.0750783579	-0.0966062732	0.1264131929	-0.043132529	0.0378031404	-0.0588705569	-0.0301396724	0.1167169343	-0.0588182428	-0.0428512501	0.0933358309	0.0157220716	-0.0271498251	-0.0215907313	0.0371681458	-0.0410040002	-0.0527384187	-0.087614559	0.0793004349	-0.0170613514	-0.0766562396	-0.0424895198	-0.0111492625	0.0173039832	0.0168264588	0.0762645727	0.0022375404	0.0292783442	-0.0038524106	0.0127306055	0.0068417921	0.0122645934	-0.0188488341	-0.0355608396	0.0882421154	0.1491925298	-0.0018448414	-0.0088563859	-0.0863956836	0.0343025574	-0.0065246648	-0.0979224486	-0.014152898	0.072401611	-0.1211466101	0.0161729287	-0.004082517	-0.0013016311	-0.0640923344	0.0208602582	0.0525053288	0.0109981789	0.062985495	-0.0574652405	-0.0545469083	-0.0794190611	0.0040029205	0.0172936542	-0.0515910812	-0.0604374451	-0.056882244	0.091135471	0.1346504329	0.0349132951	0.0756188188	0.0212378835	0.0726259849	-0.0131766686	-0.0349726121	-0.0795805252	-0.0781258045	-0.0404690197	-0.1337755169	-0.0224993748	-0.1404940548	-0.0052649118	-0.0722578953	0.0057082741	0.0728372777	0.1396211056	0.019939486	-0.077948827	-0.0271493892	-0.0030711597	0.1169048752	-0.0973926787	-0.0377626077	0.0826984309	-0.0156683162	-0.0134377548	0.012527853	0.031190271	0.0451861422	-0.0464147231	-0.0749334308	0.0787189717	-0.0066506768	-0.0354080541	-0.0038882228	0.0004228726	0.031747877	0.0502836015	-0.0202162146	-0.0440408638	0.0206253866	0.0200817767	0.0173871746	-0.0458820636	0.0823735176	0.0389880664	0.139505156	-0.0701127497	0.0656051972	0.1020554748	-0.076203933	0.0122766212	0.0416073732	0.0227083802	-0.0047394944	-0.0286387306	-0.1029188528	-0.0565301786	-0.0355608235	0.0454336157	0.0409560649	-0.0264316133	-0.0788774606	0.0031584952	0.0379803553	-0.0175229183	-0.0086137352	-0.0368471724	0.0263686904	-0.1217270726	-0.118750011	0.0294254119	0.1259977532	0.0653434367	-0.0208800322	-0.0059779493	-0.0498963039	-0.0579927536	-0.0721890884	-0.0484336675	0.0155471212	-0.0346148637	0.0680584048	-0.0906706774	0.0563944838	0.0999541164	-0.0344531511	-0.057855435	0.081029928	-0.0073780714	-0.0750901786	0.0	0.047678	0.0198877999999999	0.002273191684	0.0003955245888399	-0.504122	-0.0004699999999999	2.208999999999722e-07	0.2541389908839999	2.09233	-0.0676999999999998	4.3778448289	0.0045832899999999	-0.00954814	0.0004396699999999	9.11669774596e-05	1.933097088999997e-07	-0.00099849	-0.00030222	9.969822801e-07	9.133692840000004e-08	0.000851138	-0.0007199719999999	5.183596807839999e-07	7.24435895044e-07	0.0	0.0	0.0	0.0	0.0	0.0	0.0	0.0	0.0	0.0	0.0	0.0	0.0
3608.278640962762	5.452156906045275	13019674.750828076	29.726014928137182	8144.705237020993	-8.047417837814464	64.76093385637442	66336223.39795719	3581.4473977175057	3.337339404376962	11.137834300007176	12826765.462617494	3691.44476692044	5425.591047712053	0.92653	40.871094	0.1025560999999998	0.0524361	0.0057048704	-0.0079061341	-0.0067163715	-0.0529530205	0.0164746825	0.0307364425	-0.0808849168	0.0094759767	0.072424951	-0.028259827	-0.0139839263	-0.0808160296	0.1033940915	-0.0573376542	0.1169429171	-0.0651648049	0.1611497317	-0.0256750569	0.0073731436	0.0259189561	0.0324710338	-0.0036668255	-0.0657066334	-0.0882343024	0.0197889951	0.0341698934	0.0085928987	-0.0012117597	-0.005125721	0.0456652663	-0.0149478934	0.0772441577	-0.1040861933	0.0163327473	-0.0992109854	-0.1191064668	-0.0814897025	-0.0715950218	0.0047924998	-0.0123130149	-0.0168527756	0.0447055257	0.0930570581	-0.0373685281	-0.0955889574	0.0354302101	0.008905403	-0.0749179241	0.0932258453	-0.0386194978	-0.0014423227	-0.0265274501	-0.1036439849	-0.0386084564	0.0421947194	0.0981096897	0.0719285847	-0.0262523272	0.1188731651	0.0249136155	-0.0047114456	-0.010128179	-0.0228818506	0.0876903831	-0.0939188468	-0.0370372173	0.0849988307	-0.0231701401	0.0207833539	0.026808468	0.056896171	-0.0092244846	0.0463671419	0.042118071	0.008555366	0.0672643463	0.0632978927	-0.0218071452	-0.0674051297	0.0399168599	0.0221880073	-0.0045815579	-0.0427423085	-0.0943802074	-0.0505650971	-0.0202922459	-0.0170985036	-0.0102807143	0.1007427323	0.0862519852	0.0016913584	-0.1336513943	-0.0079914503	-0.128742284	-0.1104377524	-0.0525421869	-0.0248350627	0.0535740969	-0.0772577064	0.0107253118	0.0566789377	-0.0210964784	-0.0242719605	-0.0210351816	0.0590744983	0.0358488833	-0.0318131153	-0.0855326841	0.0559310198	-0.0068548764	0.010049264	-0.0788004933	0.0325773807	0.0364924118	-0.033734617	-0.1132169065	-0.1064781099	0.0714716504	-0.062023538	-0.0206179254	0.0024469301	-0.0370212323	0.0604324279	-0.0781446215	0.0067626076	0.0792701632	-0.0503815138	-0.0259825044	0.1039556296	-0.1284212708	0.0125538747	0.028487812	-0.0983013993	-0.0134892081	-0.0222197238	0.0708177178	0.0878961199	-0.006375843	-0.1758987396	-0.0334055808	-0.0098460862	-0.0115588484	0.0150818703	-0.0099594615	-0.0561855452	0.0830757112	-0.0325742433	-0.0477397577	0.0161015738	0.057805229	-0.0058063004	0.0094263174	-0.022953352	-0.0439908793	0.0296348168	-0.0814424402	-0.0523878586	-0.0440598072	-0.0633711455	0.0488780469	-0.035352495	-0.0563884939	0.0819332888	-0.0112940664	-0.0726036092	0.0	0.0596885	0.0120105	0.00356271703225	0.00014425211025	-0.498996	0.0051259999999999	2.627587599999963e-05	0.248997008016	2.11807	0.0257399999999998	4.486220524899999	0.0006625475999999	-0.0102329	-0.0006847599999999	0.0001047122424099	4.688962575999994e-07	-0.00069956	0.00029893	4.893841936e-07	8.935914490000005e-08	0.00106104	0.000209902	4.405884960400004e-08	1.1258058816000002e-06	0.0	0.0	0.0	0.0	0.0	0.0	0.0	0.0	0.0	0.0	0.0	0.0	0.0
3604.865592312183	-3.413048650579185	12995055.938636264	11.648901091220395	8177.070287864301	32.36505084330747	1047.4965160898778	66864478.49267316	3573.560570527376	-7.886827190129679	62.20204312696881	12770335.151227944	3684.548188261933	5435.018849029541	0.955339	42.141911	0.0862705499999999	0.0400415	-0.0058557598	0.0061399273	0.0011658166	-0.0221699941	0.0508499847	0.0420188917	0.0248773824	0.0216006569	-0.0285163368	0.0167570947	-0.0159290351	-0.0587933438	0.162153845	0.0415439367	-0.0136934327	-0.0324867345	0.0183758116	-0.0300438535	-0.0648461798	0.0441346386	-0.0686468528	0.0537189377	-0.0330300564	-0.0106673076	-0.1370181681	0.0114779481	-0.0089887692	-0.0254168094	-0.0255970267	-0.0062986654	-0.1670334641	-0.053380463	-0.0271513019	-0.0762689899	-0.054685399	0.0863406019	0.0453170223	-0.1270497296	0.0178335634	-0.1808460362	-0.0431028374	-0.1277296872	0.0737015657	0.0534421437	-0.077114992	0.0555805842	0.0431114135	0.0312211236	0.0350640102	-0.0118617315	0.0563573101	0.0620309378	0.0600626479	-0.0324942889	-0.0053110392	-0.0314784818	-0.0742473526	0.0642672093	0.0009447209	-0.0179446205	-0.0336817447	-0.0044606306	-0.0377852473	0.0063038035	-0.0013537109	0.0539123432	0.0558720958	0.0197879984	-0.0437232849	-0.0197073543	-0.0240708172	0.0362101659	0.0341895019	0.0009577217	-0.0164058877	-0.0183436303	-0.0541760272	0.0338675263	0.017151879	0.0918693597	-0.0127522538	0.0050461371	-0.032754059	-0.0012064346	0.0601870683	0.0135676544	-0.0251133783	-0.0123249474	0.0829244119	0.1335486477	-0.0985441824	-0.0191335624	-0.0212392532	0.0258070107	-0.0069362928	-0.0502732303	0.0263829055	-0.0985174219	-0.0109610585	-0.098410683	-0.0974167193	-0.0179962552	-0.0314941368	0.0217612631	-0.0076406975	-0.0454987603	-0.0189091854	-0.1640072955	-0.0814125003	-0.0636731872	0.0126249278	0.0211334973	-0.1565698633	0.0591609527	0.0532495929	-0.0227900567	-0.116522452	-0.0271385634	-0.1786652967	-0.0495797216	-0.0150537635	-0.1089526384	-0.0091025499	0.0036269215	0.0146602054	-0.0202740142	-0.0503054907	-0.0269383518	-0.0142091518	0.0736407388	0.023991448	-0.0324730487	0.064970058	-0.0169695264	0.0215697462	-0.0224923306	0.0057862686	0.0395117971	-0.0129528376	0.0338774659	-0.0261434049	-0.0082617913	0.0140617478	0.0405085948	-0.0471509114	-0.0497272688	0.0116036032	0.0399088252	-0.0109306022	-0.0044606038	-0.0588523778	-0.0105907416	0.0568486536	0.0390796579	0.0124782839	-0.0044599888	-0.0039093273	0.0022284665	-0.0375608389	0.0153125038	-0.0362471574	-0.0548916848	0.0827390082	-0.0151861356	-0.0698767404	0.0	0.0680927	0.0084042	0.00463661579329	7.063057764000013e-05	-0.481007	0.0179889999999999	0.0003236041209999	0.231367734049	2.09753	-0.02054	4.3996321009	0.0004218916	-0.00994897	0.0002839299999999	9.89820040609e-05	8.061624489999998e-08	-0.00109787	-0.0003983099999999	1.2053185369e-06	1.5865085609999993e-07	0.000956533	-0.000104507	1.0921713049000022e-08	9.14955380089e-07	0.0	0.0	0.0	0.0	0.0	0.0	0.0	0.0	0.0	0.0	0.0	0.0	0.0
3610.119686634799	5.254094322616311	13032964.15182814	27.60550715094895	8160.741674327318	-16.32861353698263	266.6236200401324	66597704.67510264	3582.845992766382	9.28542223900604	86.21906615662792	12836785.407882122	3687.866986860098	5399.381051962716	0.981022	43.274868	0.07284175	0.0393221	-0.0097924789	0.0111063173	0.0078947338	-0.0598794156	0.0866542122	-0.0345708626	-0.0675099974	0.018330487	0.0008365539	0.013426905	-0.0572527468	0.0458886074	0.0658718398	0.0372258597	0.035198278	-0.0200734983	0.0709070196	0.0145412609	-0.1066278612	0.0728375787	-0.0398819361	0.0987370335	-0.0590343134	-0.0104117862	0.0828034565	0.0190696219	-0.0178289738	-0.030983544	0.0257528848	-0.0082486441	0.0583910381	-0.0274645885	-0.010944847	-0.0319928037	-0.0886644072	0.0405347978	-0.0229155351	-0.0392082498	-0.0415772895	0.0618591635	0.0050583192	0.0204456685	0.1377776937	-0.1431055227	-0.0177963675	-0.0121981455	0.0234850918	0.0730227958	-0.1133930757	-0.0429310343	-0.0250044066	0.0055007282	0.0378157415	0.0719041079	-0.0625856831	0.0818468937	0.0342874848	-0.0585007103	-0.0614555458	-0.0018144586	-0.0326646126	-0.0587753183	0.0783286513	0.0358623563	0.0633877599	-0.0022724541	-0.0357410723	0.0351428291	0.0880493819	-0.0844032999	0.1594637125	-0.105541406	0.0880078825	0.0124491982	0.0344786407	0.0068820847	0.0549961951	-0.0049050964	0.0472282848	0.0070130626	-0.0541957988	-0.0191889601	0.0514246026	0.0270212028	-0.1326775064	0.0163893729	-0.0560495686	-0.1181489037	0.0411572562	0.003204918	-0.0483906342	-0.0481528083	0.0001298426	-0.0440937941	0.0134684002	-0.0950298415	0.0468299281	-0.1087631819	-0.00835342	-0.0207141649	0.115955154	-0.0333883951	0.0432133167	-0.044465151	0.0408563161	0.075453887	-0.0035611448	0.0119634136	-0.061654216	0.007808556	0.0706888801	-0.0433738913	-0.0554156366	0.0128489564	0.0097146088	-0.0603671188	0.0474537474	0.0486301342	-0.0412299665	0.1015381736	0.0450937487	0.0031497768	0.0248512439	-0.0182696388	0.0940340596	-0.0289701851	0.0615624178	-0.0606797821	-0.0529776343	-0.0351112266	-0.143216256	-0.0193621618	-0.0391703148	0.0499329412	-0.0768928814	0.0248321126	-0.0601896742	0.0194986298	0.0197048575	-0.072424196	0.0420865746	0.1207372524	0.0083737525	0.005420357	0.0357260373	0.0471945019	0.0262251692	-0.2074431909	0.0149329058	0.0182075574	-0.0445213657	-0.0716632516	0.0107964494	-0.0438781159	0.0398951763	0.0473658372	0.0329671137	0.0090525815	0.0547893983	0.0167010074	-0.0371370197	-0.0533658005	0.0834461259	-0.0190460337	-0.0669185973	0.0	0.0600356	-0.0080571	0.00360427326736	6.491686041000007e-05	-0.500102	-0.019095	0.000364619025	0.250102010404	2.1092	0.01167	4.44872464	0.0001361889	-0.00992963	1.9339999999999635e-05	9.85975519369e-05	3.7403559999998586e-10	-0.000495445	0.000602425	2.45465748025e-07	3.6291588062500005e-07	0.0008979049999999	-5.862800000009999e-05	3.437242384011724e-09	8.062333890248204e-07	0.0	0.0	0.0	0.0	0.0	0.0	0.0	0.0	0.0	0.0	0.0	0.0	0.0
3636.1388652272367	26.019178592437584	13221505.847216016	676.9976546251622	8170.020958415623	9.279284088304848	86.10511319146754	66749242.46095053	3594.5385283171054	11.692535550723278	136.7153876049277	12920707.231556104	3714.1812077257287	5698.144784894671	1.566479	69.100548	0.6785188	0.422648	-0.1171577396	-0.0457293659	0.1064610596	-0.0265267847	-0.1286234825	0.0707040777	0.1520550097	-0.1185100751	0.0934678268	0.1027526514	-0.0851386826	-0.0138969128	-0.1020724684	-0.1374816904	0.0027486175	0.0868677613	-0.0819349501	-0.0205772592	0.0322698535	0.0284171628	-0.0303023337	-0.0052031928	-0.0297593143	0.0596110943	-0.0095089793	-0.0661370661	0.1182853588	-0.0643073155	-0.0305130721	-0.0373691216	0.0817093225	0.0533499623	0.0455181523	-0.0447255708	0.0547605381	0.1052088094	0.0103966285	0.100952445	-0.0273992907	-0.005076807	-0.0706165076	0.0021050654	-0.0340670955	0.0140626247	-0.1790803277	0.0563954674	-0.0069107559	-0.0213736234	0.0478726629	0.0210027475	0.0142835971	-0.0160032595	0.0434979263	0.0365642449	0.027596407	0.0520564335	-0.0249391262	-0.0276139079	0.0415872573	-0.1126401921	-0.0381933286	0.0426960174	-0.009770831	0.0322027704	-0.009192925	0.0788200415	0.1614915682	-0.1423553586	0.0548937122	0.0276742244	-0.0348881076	-0.0466538623	0.0265840067	0.0128847347	0.0551398028	-0.0244694544	0.0287169127	-0.0646803813	-0.0813710409	-0.0778333305	0.102052651	-0.0035259408	-0.1167573044	0.0130844993	-0.0452156524	0.0751780406	-0.0716656515	0.1745544984	-0.2005301016	0.0622327774	0.0776699199	0.0781837633	0.0278421794	-0.0210640549	0.0147032788	0.0619767413	0.0234244653	-0.0158581749	-0.0040224865	-0.0141165274	0.059027779	0.0415407531	0.0238475971	0.1698317689	0.0017271742	0.0276301894	0.0626751904	0.1067558406	0.010856615	-0.0812851081	-0.0469664509	0.0262525887	-0.0556811243	-0.1047826546	-0.0105904092	0.0703582138	0.0042184515	-0.0673124002	-0.0314681074	-0.0014438737	-0.112849877	-0.1169260926	0.084305836	-0.0623049379	-0.007486601	0.000136962	-0.0437508639	-0.0402531594	0.0168449144	-0.019175279	-0.0485208539	0.0025891956	0.0458757768	-0.0020605308	-0.0658002744	-0.0134588165	0.0600877064	-0.0487886546	-0.1278492867	-0.0988343823	-0.0423555814	-0.0390885463	0.1326651133	0.118935195	-0.0063263489	0.0652597195	-0.015400626	0.0580305278	-0.0211949588	-0.0663186708	0.0555336965	-0.0945061363	-0.1149726566	-0.0909750377	-0.051588662	-0.0959119659	-0.0474624749	-0.0920864712	-0.0139865324	0.0634512347	-0.0380219642	-0.0518116494	0.0840537993	-0.0228655838	-0.0637389706	0.0	-0.0205177	-0.0805533	0.00042097601329	0.0064888341408899	-0.461631	0.038471	0.001480017841	0.213103180161	1.70746	-0.40174	2.9154196516	0.1613950276	-0.00920061	0.00072902	8.46512243721e-05	5.314701604000005e-07	-0.00221888	-0.001723435	4.9234284544e-06	2.970228199225e-06	0.00160054	0.000702635	4.936959432251404e-07	2.5617282916e-06	0.0	0.0	0.0	0.0	0.0	0.0	0.0	1.0	0.0	0.0	0.0	0.0	0.0
3656.0712219101456	19.932356682908903	13366856.779679544	397.2988429347032	8220.25722465302	50.2362662373971	2523.6824454746443	67572628.83946016	3590.320853497986	-4.217674819119566	17.78878087983526	12890403.831062503	3701.775727324433	6090.73361554827	1.874165	82.67317199999998	0.8557416	0.570714	-0.2791023863	-0.1874024547	0.2132283984	-0.1080279181	-0.2659462678	0.0402081973	0.1939333294	-0.12225062	0.0366700043	0.1887835897	-0.2354207621	-0.1216706296	-0.0506165633	-0.0095318592	0.018766484	0.08765112	-0.0269612165	-0.0303435148	0.0705430814	0.058799026	0.0469415801	-0.0363474438	-0.0094774701	0.0466877756	0.0304966029	-0.1064334225	-0.0011977498	-0.0457369738	0.0178065124	0.0461125131	-0.0247680947	0.0791294486	0.0526802694	0.0254010227	0.0653309769	-0.0307602438	-0.0190379273	0.0327872866	-0.0943817623	-0.0376601108	0.0261316925	-0.0624062872	0.0954458767	-0.039288313	-0.0896428583	0.0105813959	0.0592223251	-0.0064112342	-0.0992757276	0.0280059607	-0.0062978397	-0.0850871772	-0.0968938815	0.0459801269	-0.0212231057	-0.1309687414	-0.0673186887	-0.0464605319	0.0702040724	-0.0561877811	-0.0110076456	-0.036716666	-0.0474340639	-0.0377716264	0.0500629593	-0.0248943429	0.0095472753	0.0723908022	0.0078022256	0.0218601672	-0.0291750868	-0.0211239245	-0.0157450055	0.0991827997	-0.0456440766	-0.0646189422	-0.0980214664	-0.0110885277	0.0140074655	0.046003468	-0.0119133899	-0.0043302916	0.1101290299	-0.1106395937	0.0131985658	0.2059284484	-0.2101002131	0.1272158208	-0.0749213486	0.0820932779	0.1359041475	0.1304375492	-0.0158743625	-0.0635670354	-0.036738829	-0.0325425035	-0.0259460741	0.0028017808	0.0594094693	0.0058483629	0.0229563735	0.0935381364	0.0520543281	-0.0019638218	-0.02460483	0.0176945674	-0.0375377643	0.0328863935	0.0578773829	-0.08994154	0.0001257756	0.0062981768	-0.0073202918	-0.0687773266	0.032196098	-0.096354573	-0.0213175729	0.112482627	-0.074062272	0.0909846134	-0.0455180912	-0.064017997	0.0215765614	0.1109740449	-0.0306727049	0.0155128669	0.0827445543	0.008699369	0.0339976442	-0.0390763145	-0.031958902	0.0205971578	0.0142265622	-0.0635735703	0.0335423183	-0.0536717872	0.0465672768	-0.0135838486	0.0922976888	0.055441678	0.0040626247	-0.0043725819	-0.0801685612	0.0316319696	-0.0367139495	0.0382943905	-0.0002206213	-0.0013429591	-0.0246323135	0.0344638043	0.043619412	-0.006679337	0.1155577655	-0.0079731112	-0.0667372989	0.027611842	0.0357154555	0.1224254508	-0.0809530485	-0.0709039547	-0.0389018737	-0.0502300546	0.0845613042	-0.0266366943	-0.0603483841	0.0	0.0179324	0.0384501	0.00032157096976	0.00147841019001	-0.743606	-0.281975	0.0795099006249999	0.552949883236	1.21523	-0.4922299999999999	1.4767839529	0.2422903728999999	-0.00924616	-4.55500000000001e-05	8.54914747456e-05	2.074802500000009e-09	-0.00186006	0.0003588199999999	3.4598232036e-06	1.2875179239999998e-07	0.00114318	-0.0004573599999999	2.0917816960000002e-07	1.3068605124e-06	0.0	0.0	0.0	0.0	0.0	0.0	0.0	0.0	1.0	0.0	0.0	0.0	0.0
3647.536924088232	-8.534297821913697	13304525.61258704	72.83423931312086	8226.143227177625	5.886002524604919	34.64502571965548	67669432.3940403	3591.1987533193505	0.8778998213647355	0.7707080963522346	12896708.485842455	3699.143715850974	6132.028818653652	1.175153	51.838337	0.4687161	0.248842	-0.3192906457	-0.2213440425	0.2449991661	-0.2302574762	-0.1702954688	-0.1253217837	0.0598166766	0.0082651463	0.0300003818	0.2396073778	-0.1470346177	-0.1826063683	-0.0822467471	-0.026671786	-0.0472469761	-0.0645127321	-0.0804227988	-0.0220408643	-0.0008777955	0.1285496575	0.0304944343	-0.082965967	-0.0746643061	0.0755157604	-0.0318903477	0.0017829309	0.0776339475	0.086738217	-0.0066611328	-0.0541790902	0.0339995835	0.053449108	-0.0635704803	0.0504171119	-0.004451802	-0.0187891992	0.002144637	-0.067207408	0.0474203973	0.0019656335	-0.0310305745	0.0027919377	0.0014084151	0.0220230839	-0.0177540773	0.0537484632	-0.0458528907	0.0267764351	-0.013529907	0.0192084598	0.0152589262	-0.0448473522	-0.0411092089	0.0282367294	0.1126691889	-0.0220787544	0.0279660162	-0.1004990703	-0.0886166135	0.035395424	-0.021932998	-0.0435653874	-0.0305851898	0.0815622285	-0.1194378169	-0.0145196147	-0.0327331342	-0.0237497816	-0.0006301658	0.0627842277	-0.0202659229	-0.0281765167	-0.1164108703	-0.0321858758	-0.0371945965	-0.0124331897	-0.0241178312	0.0056807964	-0.0313652015	0.0415582242	0.003922287	0.0061217159	-0.0567783019	0.0047146661	-0.035025839	0.2469662027	-0.1572512458	0.1522373805	0.0523850365	0.0053123029	0.1354743608	0.0331988247	-0.0569720978	0.0945563852	-0.0499088171	-0.0696860368	0.0568889643	0.0414603035	0.0203249484	-0.0105369129	0.0726594845	-0.0369750282	-0.1030994875	0.0868808398	0.0433187286	-0.0491575076	0.0877625063	-0.0150608941	0.1043263998	0.0775107732	-0.017133945	-0.0010184834	-0.0186136894	0.0680193415	0.013570832	-0.0092360993	-0.0257475609	-0.0370669311	-0.0084587866	-0.0142300541	0.0038265217	-0.0110376917	0.0727441952	0.0048559668	-0.0161814547	-0.0439648329	-0.0276197788	-0.0110446724	-0.0423941173	-0.0415546038	-0.0053039343	0.1086768166	-0.0461196957	-0.0466058263	-0.0084979307	0.0921120948	-0.1027248253	0.0639714314	-0.0196706383	-0.0261963644	-0.0432322918	0.0260189995	-0.0415206764	-0.0270770201	0.0435571334	-0.0064632535	-0.0973217766	0.0691389154	0.0125065938	-0.0072636581	0.0789289659	0.036683428	-0.007898478	0.0444529079	-0.0109270231	-0.036650572	-0.0114250077	0.0005279171	-0.0132396217	0.0166795733	-0.0397766315	-0.0486218538	0.0849680357	-0.0303513764	-0.0567580599	0.0	0.102178	0.0842456	0.010440343684	0.00709732111936	-0.684864	0.0587419999999999	0.0034506225639999	0.469038698496	0.986443	-0.228787	0.973069792249	0.052343491369	-0.0102832	-0.0010370399999999	0.0001057442022399	1.075451961599999e-06	-0.00148376	0.0003763	2.2015437376e-06	1.4160169e-07	0.00166867	0.00052549	2.761397401e-07	2.7844595689e-06	0.0	0.0	0.0	0.0	0.0	0.0	0.0	0.0	0.0	0.0	0.0	0.0	0.0
3623.945208796345	-23.591715291886885	13132978.876357984	556.5690304134495	8204.083807833367	-22.05941934425755	486.61798180580416	67306991.12595364	3575.381362288652	-15.817391030698673	250.1898590180268	12783351.885801056	3688.176538009284	6062.772679050991	1.394185	61.50029	0.7594907500000002	0.472385	-0.2412923033	-0.145171657	0.198732677	0.0143402914	-0.1578716621	0.0856929035	0.1899726771	-0.029114594	0.0400196533	0.1852123126	-0.0152686047	-0.1733271611	0.0436414408	-0.0449783755	-0.0048743167	0.0031249292	-0.0425166506	-0.1488922728	0.0034406172	0.0337475993	0.0128992011	-0.0858129025	0.0026034123	-0.0173413115	-0.0465128889	0.0509410136	-0.1302495202	0.0207413153	-0.0653987771	0.036377654	0.0291550981	-0.1005779348	0.0964361137	0.0091065701	-0.0011647494	-0.0293919483	0.0133749786	0.0169554869	-0.0618465656	-0.0075905221	0.0468735331	0.0907223433	0.0804887021	-0.0091403165	0.075766759	-0.0384825543	-0.0365518249	0.0442092222	0.0853797903	0.0838367703	0.0226120274	0.0194747929	0.0040219865	0.0193262229	-0.1204199154	-0.1359788821	0.0514863632	0.0547578362	-0.0243157088	-0.0570115904	-0.0528737319	-0.0252075882	-0.0975940076	0.0694941727	-0.0016321751	-0.0344226045	0.0719120628	0.0019116858	-0.1127689709	-0.0377289575	0.0697770999	0.0009500209	-0.0515833953	0.0049413777	-0.00757441	0.0042179362	-0.0654767875	0.1262328518	-0.0911114198	-0.0406360858	-0.0089699726	0.0025989425	0.0007779784	0.0031817357	-0.0066422701	0.1885582555	0.0046946907	0.1302279384	0.0069585685	0.1607054439	0.1021914483	0.0780613383	-0.0495221036	0.0118530051	-0.1231004384	0.0180488076	0.0586939432	0.050222711	0.041782182	-0.0187667687	-0.0589582239	-0.0786858286	0.0066639601	-0.1209774914	0.0890913675	-0.0178709369	-0.05682662	0.0734235152	-0.1015102735	-0.0191529907	0.0943971068	-0.0100156511	0.0393428576	-0.058153798	0.0676541712	-0.0393927563	0.003016629	0.1136138026	0.0248771483	-0.0026118191	0.0114867193	0.0620962906	-0.01932844	0.0471826976	-0.0744603101	-0.0575725742	-0.0809211941	0.0929681492	0.0227754667	0.1338035881	-0.0005170781	0.0211080003	0.0003026715	0.0599787152	0.0343605208	-0.0401888537	-0.0478787604	0.0392712979	-0.1015512454	0.0867740062	-0.0307277596	-0.0088287227	-0.0239718903	0.0665845909	-0.1123951573	-0.0493177503	-0.0509490021	0.0002626759	0.0467268251	0.0168927981	0.0104397063	-0.077676447	0.0244938686	0.1301890358	-0.015524952	-0.0104641652	-0.0107865185	-0.0234522738	0.0437223736	-0.0175036875	-0.040646122	-0.0469878988	0.0852735093	-0.0340017607	-0.0529798809	0.0	0.0610075	-0.0411705	0.00372191505625	0.00169501007025	-0.430544	0.25432	0.0646786624	0.185368135936	1.37941	0.392967	1.9027719481	0.154423063089	-0.010533	-0.0002498	0.000110944089	6.24000400000007e-08	-0.00124202	0.00024174	1.5426136803999998e-06	5.843822760000002e-08	0.000739545	-0.0009291249999999	8.632732656249998e-07	5.46926807025e-07	0.0	0.0	0.0	0.0	0.0	0.0	0.0	0.0	0.0	1.0	0.0	0.0	0.0
3626.538053805381	2.5928450090359547	13151778.25569852	6.72284524088266	8151.1861810950595	-52.897626738307736	2798.158914545329	66441836.15887506	3585.776770680996	10.395408392344052	108.06451564361716	12857795.04915543	3694.218444536769	5542.77812386649	1.816345	80.122635	0.50696105	0.361879	-0.1096355897	0.0505843009	0.1195260602	0.0882865053	-0.0374553176	0.1163001678	0.0266302646	0.0662747271	0.1126600323	0.0882419157	0.156817569	-0.0712120609	0.0273153437	0.0040702963	-0.0173351119	-0.011368152	-0.1542646084	0.02774209	0.042801375	0.0733552824	-0.1119306439	-0.0183268489	-0.0487055551	-0.0560418017	-0.0235886649	0.002355384	-0.09053009	-0.0663982172	-0.0529927965	0.0250551528	0.0454214991	-0.0885629405	0.0838264655	-0.059944126	0.0152139368	0.0947042122	-0.0020114518	-0.0381179144	-0.0331987668	-0.0007600545	-0.0068684521	0.0461170931	-0.0153471601	0.0337738082	0.1170468243	0.028008699	-0.0189611916	0.0166425948	0.1256120768	0.0155861547	0.0186930762	-0.0451367519	-0.0781364914	-0.0156074774	-0.0026466997	-0.0817502928	-0.0003434784	0.0168009908	0.1173416601	-0.1269027132	0.0557552681	-0.0027707664	0.025836056	0.0253715808	0.0572076556	0.0333603706	0.0467302313	0.0642482936	0.0655007533	0.0392153055	0.0689242636	-0.1043181585	0.1433161007	0.06531051	0.0509661125	0.0175103944	0.0238351081	0.0101090327	-0.0522615453	0.0432560894	0.0162525308	0.0925962455	-0.0046803564	-0.0059128948	0.0271755679	0.088984071	0.1703446408	0.0251051415	0.006465537	0.089906634	0.1251970266	0.1065845188	-0.0589859422	0.0632706291	0.0201997421	0.0057813364	0.0507713615	-0.0733238936	-0.1143221978	-0.0776479625	-0.0735431059	-0.0347942493	0.0677399063	-0.0559297962	0.0149281688	-0.0028772172	-0.0367726137	0.0730780773	-0.1059069997	-0.0462008211	0.0368079912	0.0397758785	-0.0573580411	0.000394667	0.0213702592	-0.0003683825	0.0277707706	-0.0543258615	0.0241842335	-0.0710836972	0.0664849111	0.0314235543	-0.0091610516	0.0364929347	-0.0616727998	0.0179743188	-0.1028996614	0.0926199497	0.0702751409	0.0166593165	0.0203326647	0.0694371747	0.0460183699	-0.0231234352	0.0065432007	-0.1294870966	0.0934798884	-0.0456488422	-0.080925	-0.0594429898	0.010798703	0.0151982571	-0.0047556493	0.0447761322	-0.0528390403	0.0858537438	-0.0049834516	-0.1872582574	-0.0741305446	0.0426807929	0.0060945522	-0.0086005176	-0.0051954333	-0.0014129536	0.0530941093	-0.0192589217	-0.0301803833	-0.0498041616	0.007159891	-0.0655916436	-0.0415102298	-0.0453290553	0.0854773608	-0.0375801141	-0.0490263519	0.0	0.0482412	-0.0127663	0.0023272133774399	0.00016297841569	-0.436497	-0.005953	3.5438209000000495e-05	0.190529631009	1.74762	0.3682099999999999	3.0541756644	0.1355786040999999	-0.0089941399999999	0.0015388600000001	8.08945543395982e-05	2.3680900996003084e-06	-0.00150939	-0.00026737	2.2782581721e-06	7.148671690000003e-08	0.00133395	0.000594405	3.53317304025e-07	1.7794226024999998e-06	0.0	0.0	0.0	0.0	0.0	0.0	0.0	0.0	0.0	0.0	1.0	0.0	0.0
3642.726556129128	16.18850232374689	13269456.762728376	262.06760748595843	8230.937219715652	79.75103862059223	6360.228161063193	67748327.51490042	3601.500977765163	15.72420708416712	247.2506884257714	12970809.292843426	3707.839172842364	5543.328389936175	1.109688	48.950558	0.2642289000000001	0.190808	-0.0948372326	0.0566859666	0.1053978915	0.111627244	-0.0020207317	-0.0286115525	0.0782924998	-0.0248161887	0.0506913085	0.0897247343	0.0240236667	-0.0625204208	-0.0485623544	-0.0716593517	0.0109165478	0.0623780371	-0.1065316127	0.0026899492	-0.0010256964	-0.031527077	-0.0011844591	-0.0399654227	0.0520996937	0.0584727111	0.0582590196	0.070920021	-0.0843768652	-0.0121192592	-0.0677033909	0.0473989409	0.1015374533	-0.0097614597	0.0799753128	0.0278204204	-0.0707276847	0.0243658014	-0.045612825	0.0581017027	0.0407143367	-0.075154751	0.0227256759	0.0244001075	0.0851645841	0.0044885467	-0.0212177282	0.0195634894	-0.0755338995	0.0153836207	-0.0446083725	-0.0995264593	0.0422344704	-0.0029878987	-0.0527069516	-0.1348589378	-0.0124341809	0.016246261	0.0796895415	-0.016955118	-0.1004507527	-0.068732961	-0.0390942224	0.1127457717	0.0356827293	0.0306218017	-0.0120912221	-0.091752496	0.0426154886	0.0274929636	0.0863812022	-0.0184602568	-0.0475568543	0.0146391695	-0.0037272717	0.0630986561	-0.0198619419	0.0855253182	0.080404037	0.0079046398	-0.0040452911	-0.0425575683	0.0834456111	0.0046283193	0.0985577649	0.0343509762	0.0342685141	0.0883578147	0.0409133315	0.0181917581	-0.0481455189	0.0436123884	0.126166935	0.0360732935	-0.0111508296	0.011978463	0.0694877616	0.0826173106	0.028733658	0.0235963977	0.0787909072	0.0211389224	-0.0026249712	-0.1016538618	0.0745704648	-0.0734688021	0.0404601035	-0.0219643799	-0.0388334868	0.090960917	-0.0231234357	-0.0260654712	0.0456842789	-0.0839064048	-0.0546949142	-0.007771684	-0.0565803013	0.0577027379	-0.0555758892	0.0502554596	-0.0288058362	0.0073789413	0.0251406054	0.0767101851	0.0840399178	0.030337585	0.0891006333	0.0453509838	0.0035515096	-0.0320128704	-0.0289238469	-0.0054211159	0.1465419527	0.021405031	-0.0325345243	0.0094581302	-0.077654065	-0.004519346	-0.1034619026	-0.0286347158	-0.0539310316	0.0084809593	-0.0298720054	0.0461174412	0.0825346322	-0.0535271207	0.0052309988	0.0170777117	0.072531363	-0.0092196978	-0.0296475864	0.1408939892	0.0902851712	0.0226463463	-0.0823630078	-0.0713537292	0.0287943425	0.0001231434	-0.0706321597	0.0426426061	0.0459214568	-0.0865622736	-0.0423688407	-0.0436462017	0.0855793473	-0.0410788559	-0.0449105582	0.0	0.0406043	-0.0076368999999999	0.00164870917849	5.8322241609999926e-05	-0.625737	-0.1892399999999999	0.0358117775999999	0.391546793169	1.78357	0.0359500000000001	3.181121944900001	0.0012924025	-0.0087718699999999	0.00022227	7.694570329689825e-05	4.9403952900000056e-08	-0.00168351	-0.00017412	2.8342059201e-06	3.0317774400000015e-08	0.0015656	0.00023165	5.3661722500000066e-08	2.4511033600000005e-06	0.0	0.0	0.0	0.0	0.0	0.0	0.0	0.0	0.0	0.0	0.0	0.0	0.0
3634.9273989686094	-7.799157160518462	13212697.1957727	60.8268524144664	8213.693474284764	-17.24374543088743	297.3467564852511	67464760.48950812	3595.775336304713	-5.725641460449879	32.78297013362262	12929600.269177273	3701.892614535297	5475.755308794294	1.056716	46.613873	0.2593626	0.175602	-0.0485730477	0.0660098849	0.0753717689	0.0700252413	0.0366525495	-0.0585724867	0.0222953512	-0.0649793463	0.0341699711	0.0289178797	-0.0561623479	0.0870399574	-0.0353255935	-0.064929489	-0.0220527802	-0.0201079759	-0.0993823426	0.0882911765	0.0559251598	0.0831339456	-0.0099421237	-0.0304132537	-0.0706738947	-0.0363127655	0.0507279269	-0.0492507899	-0.0524683098	0.0250890214	-0.0122831981	0.0075528769	-0.111260806	-0.0157966749	-0.0442543995	0.1205466996	0.0083040402	-0.0509651136	0.0721202663	-0.0696493736	-0.0488996544	-0.0437544352	-0.0592694983	0.0579700889	-0.0375533352	0.0018739293	-0.064380286	-0.0863182474	-0.0493224014	0.0937009958	0.0725256472	-0.1283084024	-0.0684845736	0.0016188114	-0.0170426219	-0.0250587707	-0.0042488326	0.00647233	-0.1065520548	0.0951829832	-0.0242096049	-0.0321576932	-0.0780765736	-0.1016061783	-0.069452348	0.0167093401	-0.0471662317	-0.0567225516	-0.0074633148	0.0079478171	-0.10214861	-0.0665972873	-0.0075072174	0.0773601283	0.0003884835	-0.0403216617	0.0537103532	0.1653859024	0.083091718	0.0243381208	0.0597053169	0.0112626351	-0.0616359446	0.1853520728	0.0581702144	0.0367441861	0.011463481	0.043276186	-0.030781281	-0.0857167942	-0.1200059557	-0.0020084062	0.1212425867	0.0249357417	-0.002878479	0.0364825646	0.0365387687	-0.0519411543	2.83834e-05	-0.0250622874	-0.0866848092	-0.0135441451	-0.0105955494	0.0390551546	0.0394604735	-0.0618752447	-0.0379384582	-0.0810483794	-0.0167472774	-0.1146293924	0.0511272373	0.0877958931	-0.0189798507	-0.018280379	0.01603475	0.0007626008	0.1455403838	-0.0804525479	-0.0253993431	-0.0472335002	0.017478003	0.0106345747	-0.0866283574	0.0764267358	-0.0071436377	0.0271376039	0.1911533304	-0.0052328878	-0.0600201856	0.0765791532	0.0606843539	-0.0097392615	0.0420577952	-0.0203460163	0.1030702406	-0.0110402162	-0.0559281957	0.0720396728	0.0301993392	0.158073791	-0.0292751584	0.0243087806	0.0016024462	-0.0297608141	-0.0929025721	-0.004819065	-0.052541253	-0.0879189234	0.0642864311	0.0366448243	0.0510433336	0.0787923106	-0.0599297705	0.1258082641	-0.0555049403	0.0065982964	0.0472879765	0.0673231895	0.0095278469	-0.1168831384	-0.0144437418	-0.080276589	-0.0432218409	-0.0419402295	0.0855793473	-0.0444905743	-0.040646122	0.0	0.0334172	-0.0071871	0.00111670925584	5.165440641000002e-05	-0.65714	-0.0314029999999999	0.0009861484089999	0.4318329795999999	1.92663	0.1430599999999999	3.7119031569	0.0204661635999999	-0.00999584	-0.0012239700000001	9.99168173056e-05	1.4981025609002451e-06	-0.00200295	-0.0003194399999999	4.011808702499999e-06	1.0204191359999989e-07	0.00157644	1.0839999999999808e-05	1.1750559999999582e-10	2.4851630736e-06	0.0	0.0	0.0	0.0	0.0	0.0	0.0	0.0	0.0	0.0	0.0	0.0	0.0
3625.888901827865	-9.038497140744312	13147070.32839848	81.6944305632431	8228.285108853985	14.591634569220332	212.91579940166585	67704675.83258823	3599.037541732412	3.262205427698973	10.64198425250864	12953071.226799283	3709.856988784096	5491.612608002254	0.955563	42.151802	0.3436859	0.190701	-0.0212236193	0.0337335943	0.043142727	0.047646476	0.0573602316	0.0155309869	0.0547620609	-0.0288517084	0.0352791508	0.0490398344	0.0503169452	-0.0193901439	-0.0688155243	-0.0548960195	0.0181670818	0.16467288	-0.140876168	0.0560023243	-0.086638203	0.0169412815	0.0025814665	-0.0026303631	0.0257413911	-0.0579286015	0.0694570433	0.0433718845	-0.0605053262	-0.0477343302	-0.0019694604	0.0378672814	-0.0387521922	-0.0238663085	-0.064551305	-0.0354301881	0.0181480966	0.0044585895	-0.0875218397	0.0321772542	-0.1110786815	-0.0606605406	-0.0226559932	0.0463035344	0.00124194	-0.0833656929	0.1180082614	-0.0892600431	-0.0382331122	-0.00334548	0.1604296643	-0.029800606	0.0113492389	0.0917541543	-0.0216745242	0.0787549053	0.0596284326	0.0374519718	-0.003885179	-0.0217286005	-0.0106609752	-0.0391466246	0.0189867945	0.0233225213	0.0097105544	-0.0945861862	0.0255354783	-0.075290642	0.0164536621	0.006713746	0.0087862584	0.0033092327	0.0553894527	-0.0263496928	-0.0135875275	-0.0816854735	-0.0169265812	-0.0204479424	-0.0977631259	0.0504399806	0.0165999784	-0.0471715771	-0.1151932517	-0.0560970621	1.0268e-05	-0.0687861043	-0.0025433171	0.0374521086	0.0556234211	0.0631927079	-0.0783882103	0.0109622481	0.025496334	0.0585702838	0.0261268784	-0.03817287	0.1778362709	0.0317533329	0.0842281734	-0.0002080482	-0.0378541662	0.0538797919	-0.0020654589	-0.0769817307	0.086424526	-0.0697057481	0.0058555801	0.0418244608	-0.0454812907	-0.063290205	-0.0534382996	0.0286274113	-0.0367227025	0.023548862	0.0103687377	-0.0727698457	-0.0596043642	-0.0925442859	-0.0187861103	-0.0681063007	0.0186016125	0.0730326088	0.0392143743	0.1421072148	-0.0896243569	-0.0831376599	-0.0071662322	0.0069176706	-0.119606782	0.0243242411	0.0371251349	0.0526650961	-0.0233883371	0.1161185258	0.0068079097	0.0300948221	-0.1024246228	-0.0097441753	0.0197012305	-0.0170743598	0.0530942711	0.0243263171	0.0691643811	-0.0555655835	0.0038245061	-0.0766404357	0.0182873041	-0.011371534	-0.03210337	-0.044599336	0.0230964397	0.0265366183	-0.040466274	-0.0175605974	-0.0222255915	0.0475535904	-0.060061117	-0.0069848061	0.1641400531	0.0717558785	-0.0880342614	0.0285478317	-0.0440691175	-0.0402120424	0.0854773608	-0.0478080418	-0.0362471574	0.0	0.0273443	-0.0060729	0.0007477107424899	3.688011441000004e-05	-0.544588	0.1125519999999999	0.0126679527039999	0.2965760897439999	2.05256	0.1259300000000001	4.213002553600001	0.0158583649	-0.0114316	-0.0014357599999999	0.00013068147856	2.0614067775999985e-06	-0.00149587	0.0005070799999999	2.2376270569000003e-06	2.571301263999999e-07	0.00153666	-3.977999999999989e-05	1.5824483999999915e-09	2.3613239556e-06	0.0	0.0	0.0	0.0	0.0	0.0	0.0	0.0	0.0	0.0	0.0	0.0	0.0
3623.766304891313	-2.122596936551872	13131682.232465642	4.505417755059392	8221.769420602468	-6.515688251516622	42.45419339095173	67597492.40555385	3597.8000640618584	-1.2374776705537442	1.5313509851191212	12944165.300963512	3708.682763978488	5491.434746028355	0.941725	41.541363	0.1593347999999999	0.0700173	-0.0186896775	0.0263025424	0.0359602355	0.0116658194	0.097343259	0.0172743729	-0.0482918005	-0.0235948898	0.0320142472	0.0280024697	-0.049180087	0.0943065439	-0.1275738227	-0.0097312712	0.0079687609	-0.0261115722	0.0255343507	0.0255276057	0.0281113818	0.0321167399	-0.0556610136	0.1412660346	-0.0281190601	0.0212071667	-0.0086039294	0.0150463509	0.1026613893	-0.0852978754	0.0318850918	-0.0782981537	0.0142974124	0.0480743265	-0.0888009154	0.0410150098	0.0549923659	-0.0019707727	0.0184638335	0.0143869343	-0.1040265792	0.0494118477	0.0208593901	-0.0270837519	0.0459278671	0.015051786	-0.0235268596	0.0226354475	0.0044264843	0.0777056668	-0.0271603657	0.0997473791	0.0496175083	0.0651760325	0.0858926364	-0.0325696593	-0.0047185113	0.0129605426	-0.0019489066	-0.0008742342	0.0093060466	-0.0425406495	0.0262020591	0.0627023559	-0.0699530435	-0.0431844447	-0.0893950288	-0.0026035118	-0.0802719085	-0.0771181466	0.0126016273	0.0701645368	0.0001034581	0.0149186484	0.0598648602	0.0063951534	-0.0197511504	0.0330547576	0.0071506687	0.0244767524	0.0141563619	0.0460100453	0.0055142755	-0.0852003873	0.1967830623	0.0148769525	0.0718459304	0.0287278808	-0.0405999303	-0.0165789698	-0.1036764201	-0.1239558031	-0.0029971219	-0.0680008796	0.0048408718	0.0044171914	0.0192138837	0.0022766305	-0.048413323	-0.1369743649	-0.0352174257	-0.0205298961	0.0483489054	-0.0089770942	0.0170288593	0.121314833	-0.0390016132	0.0781145869	0.0510430022	-0.015181678	0.036342642	0.0547002526	-0.0633621958	-0.0216215639	-0.0117121236	-0.057174508	0.0222813281	-0.0952193718	0.0402863304	0.0434455487	0.0007650771	0.0264658603	0.0129505749	-0.050998148	0.0016129408	-0.0211689208	-0.0247991232	-0.1204524581	-0.0258475747	-0.0642117089	-0.0733781458	0.0441068385	0.0340419471	-0.0710182828	0.0277802258	0.0346044545	-0.0415117953	-0.0223436331	-0.0128879459	-0.0097610806	-0.0360803441	0.0086497765	-0.0421864466	-0.1220498777	-0.0794844921	-0.0295429655	0.0598708415	0.0739649748	-0.0197866199	0.0149636567	-0.0705867807	0.0398028126	-0.0377603781	0.0689386638	0.0317438639	0.0038160174	0.0191487857	-0.0095120026	-0.0345358567	0.1860881247	0.0184411316	-0.0026393326	-0.0449105582	-0.0384625556	0.0852735093	-0.0510242304	-0.0317282239	0.0	0.0462721	0.0189277999999999	0.00214110723841	0.0003582616128399	-0.57177	-0.027182	0.000738861124	0.3269209329	2.09824	0.0456799999999999	4.4026110976	0.0020866623999999	-0.0108023	0.0006292999999999	0.00011668968529	3.9601848999999926e-07	-0.00216272	-0.0006668499999999	4.677357798399999e-06	4.446889224999999e-07	0.00148191	-5.475000000000011e-05	2.997562500000012e-09	2.1960572481e-06	0.0	0.0	0.0	0.0	0.0	0.0	0.0	0.0	0.0	0.0	0.0	0.0	0.0
3614.3088442536737	-9.457460637639542	13063228.421650326	89.44356171250134	8224.402715928061	2.6332953255932807	6.934244271791422	67640800.03376487	3589.455446741264	-8.344617320594352	69.63263822716327	12884190.404140528	3701.0105584113153	5503.958676169259	0.8839409999999999	38.992386	0.2321488999999997	0.128179	-0.0148105651	0.0195714309	0.0318369234	0.0209881251	0.0719776665	0.060295369	-0.0371846265	0.0370260248	0.0363987492	0.0248907576	0.0384108432	0.0288771925	-0.0609844293	-0.0849792959	0.0470469242	0.109179576	0.1348333625	-0.0216037302	0.053884058	-0.0371383104	0.0427997516	0.0464745792	0.0635002029	0.0368404856	-0.0519053296	0.0316762766	-0.0662826544	0.0249494103	-0.0073630404	-0.0193388178	-0.0033727715	-0.0201324431	-0.0250565083	-0.0942441739	-0.0170373576	-0.0387458969	0.0695693197	-0.0455830603	-0.0184269616	-0.047146713	0.033040124	-0.1142901338	-0.1305348695	-0.0169621708	-0.0944963529	-0.0664719362	-0.0129282902	0.0101246193	-0.0525867641	-0.0154061436	0.0162328711	0.0303973303	0.0051293363	0.0080887732	0.0409419531	-0.0419501367	-0.0011734885	-0.0185839849	0.052808499	-0.1235710903	0.0883275876	-0.0106884844	0.072853987	0.0235889703	0.0221916288	0.0961043531	-0.0063261707	0.0783911858	-0.0244350052	-0.0679246681	0.0601704851	0.0306761601	0.0195186992	0.0919459965	0.0203834858	0.0685055537	-0.0846400159	0.1025702537	0.0471973106	0.023503138	0.0450894639	-0.0180315885	0.0064870658	-0.009676643	-0.0937697466	0.0208948797	0.0361379009	0.0427607251	-0.0736175896	-0.0293634393	-0.0577049003	-0.0910586933	0.090773477	-0.111151554	-0.0094651602	0.0496311507	-0.1120067363	-0.0279429881	0.0760349686	0.0278138628	-0.0758104097	-0.0294977708	-0.0296641529	-0.0498811942	0.0039504824	-0.0151641956	0.0257092009	-0.016013369	-0.0515119953	0.0115805308	-0.0635627637	-0.0187225948	-0.0131033418	0.122813839	-0.0179726312	-0.0070684063	0.0224766944	-0.0392660569	-0.0446020497	0.0515789587	-0.1804871513	-0.019798196	-0.0256452725	0.0259407569	-0.0038661556	-0.0213276538	0.0332723225	-0.0349894633	-0.0196164144	0.0068235744	0.0219132781	0.0462205554	0.0216495639	-0.0089881739	-0.0077785731	-0.1423251029	0.0314513785	-0.018588068	0.0050272674	-0.1102960548	-0.0038621534	0.0434890979	-0.0431060101	0.0194134388	-0.0225184991	0.0044538413	0.0170491336	-0.0630094637	0.0460218758	0.1098817836	-0.0113135128	-0.0101535715	0.0485386987	0.1024793941	-0.07295467	0.0951039789	-0.0343221955	0.0398107549	0.0537259028	0.0244062019	-0.0457460516	-0.0366926959	0.0849680357	-0.0541323269	-0.0271042781	0.0	0.0504615	0.0041894	0.00254636298225	1.7551072360000023e-05	-0.462218	0.1095519999999999	0.0120016407039999	0.213645479524	2.13611	0.0378699999999998	4.5629659321	0.0014341368999999	-0.0119417	-0.0011393999999999	0.00014260419889	1.2982323599999972e-06	-0.00183933	0.00032339	3.3831348489e-06	1.045810921e-07	0.00133395	-0.0001479599999999	2.189216159999998e-08	1.7794226024999998e-06	0.0	0.0	0.0	0.0	0.0	0.0	0.0	0.0	0.0	0.0	0.0	0.0	0.0
3610.669212947437	-3.639631306236879	13036932.165326465	13.246916045339573	8175.091490591039	-49.311225337022734	2431.5969442386327	66832120.879534006	3595.7036647953228	6.248218054058725	39.0402288510654	12929084.845022514	3708.6087767213257	5471.479379512242	0.895896	39.51976	0.0735173999999999	0.0339148	-0.0107430538	0.0227470391	0.0259152169	0.0090383493	0.0598556921	0.138241234	-0.0580314485	0.0078557179	0.0821025205	0.0103966304	-0.0179305092	8.79247e-05	-0.0237310687	-0.1130554088	0.1111694211	-0.0976828731	0.0179523969	-0.0979437464	0.1170522385	-0.0864537931	0.1016404708	0.029460806	0.0137658082	-0.0161406126	0.0143577178	0.0055219864	0.0011038524	-0.1288220272	0.0594772865	-0.0856523027	-0.0690342919	-0.0106713401	-0.0484212107	-0.0213047009	-0.01469205	0.0546611366	0.0320519801	0.015719715	-0.0477572943	-0.0982240302	-0.1072683036	0.0369900758	-0.1054920382	-0.0054698397	0.0256702182	-0.0157191812	0.0315328713	-0.0225078884	-0.0784502492	-0.0025570033	-0.0615702224	0.0089223455	-0.0135532696	0.0080232294	0.0281630287	-0.0552164747	0.0272921664	0.0599519516	0.0013783916	0.0416768596	0.0602221741	0.0088735333	-0.0003939709	-0.0552359884	0.0977524943	-0.0211651233	0.0530987649	0.1326153714	0.0342077062	0.0406038523	0.1008698587	0.0070472656	0.0960140295	0.0242957707	-0.1858629848	-0.0483198743	0.0590023429	-0.0379133268	-0.0397126313	-0.0283528261	0.0554944666	-0.0701608981	0.0298398646	-0.0705691211	0.0379561293	0.0091281816	-0.0161387805	0.0487525951	-0.0585115099	0.0382451464	0.012365774	-0.1330256381	-0.1110478839	-0.0360132129	-0.0922054948	0.0707824905	-0.1490542095	0.0744969033	-0.0082386513	0.0222359985	-0.0197517782	-0.0036003506	0.0814683866	0.0378560926	-0.0485522515	0.1253615921	0.0536476833	-0.093743806	-0.031849512	0.0009803668	-0.0136435236	-0.0036105627	-0.0274061497	-0.0763694734	0.0439577066	0.0175994596	-0.0668313017	-0.156964179	0.0373709626	-0.0011878451	-0.033562984	0.0053938654	-0.0565171847	0.0285372007	-0.0221663709	0.0119942505	0.1064992415	0.0066380001	0.0001292525	-0.0113895307	-0.0013083402	0.036378121	0.0137077508	-0.0050806779	0.0798041546	-0.0703042737	-0.011204633	-0.008724907	0.0938251566	0.0963645491	0.0161253943	0.0531266275	0.0380443907	-0.027422521	-0.0368722007	0.0071520429	-0.0821937483	-0.1039432595	-0.0217907403	0.0768328992	-0.0830063751	-0.0823201507	0.067062232	-0.1047809888	0.0028206337	-0.0677927373	-0.1034357589	0.0790582795	-0.0016075765	0.0201682382	-0.0465754872	-0.0349034008	0.0845613042	-0.0571257468	-0.022390624	0.0	0.0506074	0.0001458999999999	0.0025611089347599	2.1286809999999252e-08	-0.480055	-0.0178369999999999	0.0003181585689999	0.230452803025	2.15562	0.0195099999999999	4.646697584399999	0.0003806400999999	-0.0114431	0.0004986	0.00013094453761	2.486019600000001e-07	-0.00201373	-0.0001744	4.0551085129e-06	3.041536000000004e-08	0.00128646	-4.749000000000008e-05	2.2553001000000073e-09	1.6549793315999995e-06	0.0	0.0	0.0	0.0	0.0	0.0	0.0	0.0	0.0	0.0	0.0	0.0	0.0
3616.5326350074097	5.863422059972891	13079308.30007364	34.37971825337674	8171.190056997971	-3.90143359306785	15.221184081118311	66768346.9475825	3590.8492187099114	-4.854446085411382	23.565646796165893	12894198.11150958	3708.4819328272174	5485.339385790144	0.913363	40.290276	0.1759790999999999	0.130933	0.0005048559	-0.0023070003	-0.0005171629	-0.0274798992	0.03192462	0.0783361398	-0.083895703	-0.0166783664	0.0459464663	0.0030253209	-0.0081682898	0.0113832914	-0.0684534378	-0.005731294	-0.043420654	0.056514491	-0.0345081131	-0.0946869078	-0.0611744211	0.0041999873	0.1031311682	0.0149496796	0.0681979074	-0.1168900612	-0.0042133454	0.0102850652	0.0704878972	-0.0120990388	-0.025458196	0.0266134327	0.0270270644	0.0535603444	-0.0284295472	-0.0011394568	-0.0783237538	0.1998799168	0.0487169463	-0.0408916558	0.0849299689	0.0121510291	0.0970956709	-0.0287335267	0.0386868715	-0.0884656849	-0.0068141695	-0.0388182778	-0.1290527098	0.0502362306	-0.0039020983	0.042644438	0.1205206695	0.0151539161	0.1208336555	0.0101531283	0.1396833002	-0.0443379093	0.0612972664	-0.0170582726	0.0001421795	0.0363562362	0.0749161538	-0.0338577375	-0.0972543453	0.1005849985	0.0509807332	0.0463781336	-0.1497812604	-0.0405834798	-0.0762154135	0.004743293	-0.1489887302	-0.019625331	0.0689419235	0.0029847637	0.0106762551	0.0412746831	-0.0121816037	0.0073673694	0.0603855734	0.0747214598	-0.0117433724	-0.0490757619	-0.0406157265	-0.1064536251	0.0361145617	-0.0135831911	-0.0197524958	0.1215191002	-0.0566787643	-0.0397128298	-0.1443897488	0.002822748	0.0016949704	0.0296736777	0.0033736447	0.0037805219	0.0201943891	0.066043227	-0.0270727424	0.1497785298	0.013316281	-0.0218351195	0.0299041588	0.0627014887	0.0698516641	-0.008194527	-0.0194097263	-0.0228134071	0.0205101272	0.0127365956	0.0154328605	-0.0253214643	-0.221985723	0.0764696286	-0.0308226905	0.086172069	0.0694920261	0.0200537033	0.0350240673	0.0565277112	0.0237878531	0.055294696	0.0434210083	-0.0844972531	-0.0595299072	-0.1460693008	-0.0669994319	-0.089374224	-0.1471374479	-0.0312083355	0.0230381658	0.0697554985	-0.035035734	0.0034131922	0.0856367803	-0.0078286021	-0.0141228368	0.0892703382	-0.0123846774	0.0159517998	0.0390981588	-0.0258244015	-0.1323260965	0.1068551965	0.0044694276	-0.0318160581	0.0954815357	0.0059781191	-0.1362997884	-0.0455916744	-0.0070462316	0.0223807018	-0.0157945156	0.0368998052	-0.0065045952	0.0085444908	-0.0221965526	0.0094540517	-0.1613079258	0.0908549797	-0.0473987549	-0.0330956179	0.0840537993	-0.0599981489	-0.0176028627	0.0	0.0500438	-0.0005635999999999	0.00250438191844	3.176449599999971e-07	-0.48116	-0.0011049999999999	1.2210249999999273e-06	0.2315149455999999	2.271	0.11538	5.157441	0.0133125444	-0.0121436	-0.0007004999999999	0.00014746702096	4.907002499999997e-07	-0.00232117	-0.0003074399999999	5.3878301689e-06	9.45193536e-08	0.00145713	0.00017067	2.912824890000005e-08	2.1232278369e-06	0.0	0.0	0.0	0.0	0.0	0.0	0.0	0.0	0.0	0.0	0.0	0.0	0.0
3612.941562679634	-3.5910723277756915	13053346.735337956	12.895800463316323	8193.977671873636	22.787614875664985	519.2753917216281	67141270.08716369	3600.991732492432	10.142513782520837	102.87058582862512	12967141.45747885	3721.365710966628	5492.516458031791	0.921955	40.669277	0.1914812000000001	0.118399	0.0083275468	-0.0062562333	-0.0046516003	-0.012934149	-0.0083092597	0.1329904511	-0.0206573809	-0.0144411585	0.0565776114	0.0108136806	0.0776823123	-0.0136843412	-0.1498468048	0.0129526327	-0.0568631088	-0.0363364334	-0.0904341127	-0.151976339	0.0585150579	-0.0137824277	0.0078873478	-0.0126232978	-0.0076628562	-0.0711193227	0.0952397964	-0.0023677058	-0.104305828	0.0126483976	0.015040205	-0.0262655849	-0.0945528495	-0.0691336104	0.0957004665	-0.0312663269	0.0363097676	-0.0707806718	-0.1110471506	-0.0158607246	0.0149346496	-0.0140931708	0.0450817596	-0.0305294154	-0.0433089085	-0.0034243002	-0.0117142959	-0.0513569702	0.007856039	-0.0603345183	-0.0006211625	-0.0739510414	0.1697421211	-0.0120487021	-0.0531214889	0.0100627828	-0.073543476	0.0353254495	0.0111450313	0.0805555018	-0.0102699868	0.027768888	0.1667989735	0.0506474005	-0.0066064885	0.0278836861	-0.0318684739	0.0483980635	-0.0349116772	0.0380774108	0.0796375083	-0.0401479761	-0.0022950562	0.048539278	-0.0752666215	-0.0699601145	-0.023001118	0.060424961	-0.0367164252	0.046781545	-0.0418965249	-0.0326647752	0.0019216318	0.0345186114	-0.0712012579	-0.003243285	-0.0373459952	-0.0071151237	0.0763932114	0.1727817878	-0.1080760262	-0.0644057935	-0.0356155969	0.0413345812	-0.0900349434	0.1139020666	-0.0921818654	0.0399852766	-0.0256723202	0.0288434087	-0.0631538065	0.022111917	0.0011244302	-0.0028254145	0.0428782983	-0.1663112343	-0.0808945221	-0.0386980598	0.0393922015	-0.0120939918	-0.0398538069	-0.0543519225	0.0494312714	0.0586898658	0.0832245446	0.0309743121	-0.082201856	-0.033958722	0.0045293101	0.0214734176	-0.0218458072	0.0075907674	-0.0260454342	0.0711247879	-0.0297337117	0.0464200774	-0.035712406	0.0998310544	-0.0556571083	-0.1144202	0.0118021718	-0.0762090111	0.009036701	-0.0446356511	-0.0428946597	0.0242837795	0.1227346557	-0.1134737185	-0.0767919895	-0.014232538	-0.0237772739	0.0105763905	-0.038047769	-0.008703227	0.0556626668	-0.0494973935	0.121554101	-0.075938649	0.0197107386	-0.0012747777	0.0584764492	0.0332448447	-0.0096732922	0.0147045923	-0.0585139514	0.0953344362	-0.0159070584	-0.0445579197	-0.0203988956	-0.1033134124	0.0130422553	0.0213029192	-0.0482157459	-0.0312703049	0.0834461259	-0.062743448	-0.0127568403	0.0	0.056787	0.0067431999999999	0.0032247633689999	4.547074623999997e-05	-0.397693	0.0834669999999999	0.0069667400889999	0.158159722249	2.28167	0.0106700000000001	5.2060179889	0.0001138489	-0.0138905	-0.0017469	0.00019294599025	3.051659610000003e-06	-0.0023439	-2.272999999999989e-05	5.49386721e-06	5.166528999999948e-10	0.00141474	-4.2390000000000006e-05	1.7969121000000002e-09	2.0014892676e-06	0.0	0.0	0.0	0.0	0.0	0.0	0.0	0.0	0.0	0.0	0.0	0.0	0.0
3624.7963122287138	11.85474954907977	13139148.305146882	140.535086871407	8186.726157758489	-7.251514115147074	52.584456962177256	67022485.182127066	3597.878719035432	-3.1130134570003065	9.690852783465	12944731.27688804	3710.367631705627	5453.992917327881	0.962716	42.467327	0.2636895	0.15264	-0.0010088592	0.0058354901	0.004781885	-0.0118107846	0.0107317836	0.0204064191	-0.0438988433	-0.0786117337	0.1327586572	0.0184918927	-0.0370503903	0.0557172813	-0.0217278729	-0.0282709181	-0.0008407242	-0.0701406552	0.079764063	0.000164792	0.0392966017	0.0093312731	0.0180993393	-0.0411872482	-0.095182645	0.0022006399	0.0463633423	0.0212811733	-0.0789593395	0.0036511975	0.0841319424	0.0471140023	-0.1533361771	0.0089009643	0.0742869515	-0.1042554639	-0.04298664	0.0369443831	-0.0872245401	0.0428021571	0.0133197631	0.011657611	0.0218695423	-0.121162324	0.1369792878	-0.007656617	0.0140179113	-0.0544289466	0.0196233113	-0.0025018656	-0.0044869179	-0.0244302232	-0.1526499878	0.0361670755	-0.0552695934	-0.1198876401	-0.0315543996	-0.0250888327	-0.1163829909	-0.0074405162	0.1388626105	0.0280575587	0.033375135	0.0352950532	0.1240359934	0.1548145056	0.008941139	0.0864369077	-0.0557947051	0.0153430492	-0.0172355381	-0.083722982	-0.0597061851	0.0282029557	-0.0011306322	-0.107368567	0.0509330767	0.0013377201	0.014313203	0.0967351845	0.0264716557	0.0156661276	-0.0156995894	-0.0443428431	-0.0177080719	-0.0010479307	0.1021331225	0.0146509854	-0.0290582195	-0.0171519458	-0.0509516904	-0.0257963584	0.0118114007	-0.0489242954	0.0200094631	-0.0235698307	-0.0929041406	-0.0573699094	-0.0423120248	0.0410298822	-0.0390902173	-0.0711711697	0.0468777104	0.0093322538	-0.023731057	-0.1070099559	-0.1181352463	0.0273353741	-0.0551035832	-0.1011906206	-0.0388219253	-0.1386049221	0.0160313482	0.0439756548	0.0026763776	-0.0149797948	-0.0855835164	0.0525262629	0.054731557	0.0467697398	-0.1564207891	0.0109191925	0.0901107262	0.0057866477	-0.0379164325	-0.06397618	0.075987521	-0.0236541451	0.1147004947	0.0250513352	0.1085560755	0.0324374629	0.0283853127	-0.0517399523	-0.0114792897	-0.1764880099	0.0642260713	0.0067652844	0.0638503702	-0.0534357963	-0.0844951308	-0.1233896361	0.0251321359	0.115130812	-0.0701924009	0.0278185014	0.020220321	-0.0853995253	0.0982152534	0.0484085604	-0.0240968746	-0.0191433348	-0.0602762114	0.0240883304	-0.0924420371	0.0985394558	0.0481964418	0.0724537093	-0.005394925	0.0324140826	-0.0273310535	0.0349713013	-0.0490263519	-0.0294284286	0.0827390082	-0.0653558284	-0.0078685961	0.0	0.0449965	-0.0117904999999999	0.00202468501225	0.0001390158902499	-0.536049	-0.1383559999999999	0.0191423827359999	0.287348530401	2.28649	0.00482	5.228036520100001	2.323240000000045e-05	-0.0122904	0.0016001	0.00015105393216	2.56032001e-06	-0.00259537	-0.00025147	6.735945436900001e-06	6.32371609000001e-08	0.00173763	0.0003228899999999	1.0425795209999997e-07	3.0193580169e-06	0.0	0.0	0.0	0.0	0.0	0.0	0.0	0.0	0.0	0.0	0.0	0.0	0.0
3630.533777645685	5.73746541697119	13180775.510626247	32.918509410940395	8225.964280112496	39.23812235400692	1539.6302458680177	67666488.33768669	3597.8281977611223	-0.0505212743096308	0.0025523991578689	12944367.740605043	3711.748154956093	5500.3185167803085	0.946086	41.733727	0.1914539	0.10318	0.0031846162	0.0072164926	0.0039454633	0.0304197868	0.0077276802	0.0319718355	0.0418936759	0.1130324228	0.0750132551	0.0093674615	0.1223640626	0.0350199856	-0.034150312	0.0028684715	-0.1826292792	0.0437853234	0.0422520902	0.0264653148	0.0139392625	0.0251708636	0.0051252869	0.0605869747	-0.0644423069	0.0339467341	-0.0595985113	-0.0535446404	0.0890160016	0.0118363513	0.0276467549	-0.015206043	-0.03856039	0.0143731424	0.091490771	-0.0555216835	-0.0182956531	-0.0297184153	-0.0737121117	0.0917624825	-0.0237546825	0.0555149431	-0.0299714006	-0.1054415505	0.0730188263	0.1204480476	-0.0741975521	-0.023348112	0.0205659137	0.0936338013	0.0608275705	0.0579903576	0.0193268406	0.0956453197	0.0221313931	-0.016699506	0.0155215097	-0.02141235	-0.0334865097	0.102208237	-0.0007085579	-0.0014194393	-0.0510806315	0.0412169041	0.0243986814	-0.0088274329	-0.0103831876	-0.1262936404	-0.0446470633	-0.0001638999	-0.0984441884	0.0043674954	0.0154089537	0.0110181714	-0.0933186412	-0.0875398941	0.1110477257	-0.0629910114	-0.001657695	-0.085692134	-0.138113601	0.0112869923	-0.0177013452	0.0006348084	0.1028096741	-0.0816016428	-0.1428574646	-0.0030639145	0.1180877366	0.0531426531	-0.0381934431	-0.0289442554	-0.0452416767	0.0647817153	0.1586823882	0.092542488	-0.0185108363	-0.0497606936	-0.035872983	-0.0520523255	-0.0171102664	-0.0369134058	0.0393454014	0.0691731417	-0.0662593574	0.0864737761	-0.0214007172	0.0122355353	0.0143617783	-0.011813805	-0.0005448168	-0.080578798	0.0380959799	0.0005864851	0.0923824171	-0.0702894777	-0.053209656	0.0430739345	0.0723188528	0.0393445747	-0.1569917832	-0.0744300509	-0.0241396236	-0.0422557974	0.0005552357	-0.0354738479	0.0523394877	-0.0896062121	-0.0438947049	-0.02260924	0.0241645683	0.0817938194	0.0618836905	-0.0111065241	0.0854889766	0.0491436233	-0.0049198184	0.0106086776	-0.0229618553	-0.050160364	-0.048868299	0.0670515761	0.0574849954	-0.0019645298	-0.0662332592	-0.0793108063	-0.0512436005	-0.0487179622	-0.0049150271	0.0381633706	0.1114818545	-0.1477525504	-0.0009715241	0.0650587438	-0.0271927542	-0.0068169424	-0.0316717116	-0.1110080909	0.0338019304	0.0775466847	-0.011432393	-0.0676044069	-0.0498304656	-0.0275709646	0.0819332888	-0.0678297559	-0.0029543088	0.0	0.0560699	0.0110733999999999	0.00314383368601	0.0001226201875599	-0.442186	0.0938629999999999	0.0088102627689999	0.195528458596	2.27692	-0.00957	5.1843646864	9.15849000000015e-05	-0.0132876	-0.0009972	0.00017656031376	9.944078400000002e-07	-0.00296141	-0.0003660399999999	8.7699491881e-06	1.3398528159999984e-07	0.00156192	-0.0001757099999999	3.087400409999997e-08	2.4395940864e-06	0.0	0.0	0.0	0.0	0.0	0.0	0.0	0.0	0.0	0.0	0.0	0.0	0.0
3637.26487377163	6.731096125944987	13229695.76197295	45.30765505671161	8235.84569170222	9.88141158972394	97.64229500553058	67829154.25753	3597.596407685178	-0.2317900759444455	0.0537266393063318	12942699.912589297	3708.105193756439	5499.17980465476	0.942844	41.590744	0.2711641000000001	0.156313	0.0011107848	0.0159353202	0.0035571564	0.0170582369	0.0466178227	0.0025212686	0.0477354914	-0.0273823829	0.0862266234	0.0071568554	-0.0179871173	0.0838907743	-0.008838422	-0.0638951438	0.033303048	0.0010678055	0.0130976809	0.0708195059	-0.0688421576	-0.0102608328	-0.0762357896	0.0045600266	-0.0491253198	-0.0504450996	0.0562400229	0.0021321942	0.0433243475	0.0709418452	0.0501915391	0.0890646295	0.0393639056	0.0099896445	0.0301857439	0.0411368987	0.0741024995	-0.0685763834	-0.0970994283	0.0906218047	0.0543997677	0.0292340509	0.1963571516	-0.1181500047	0.0661079994	0.015153829	-0.018355905	0.113801584	-0.0665736779	-0.0368728681	-0.0225685094	0.1069369848	-0.1484216892	0.1407339308	0.0937854293	-0.029513078	-0.0414737529	0.0424882018	-0.0718036033	0.0020159248	-0.0236351102	-0.0962579295	-0.0627768845	0.0580549815	-0.0483411386	0.0330544777	0.0360343469	0.034702519	-0.0389583842	0.0281835536	0.0538509544	0.0523353663	0.0775616794	-0.0075889323	-0.0025032413	-0.0274014105	0.0076107528	-0.0173816943	-0.0221868679	0.0903309296	-0.0288340628	-0.0797102027	0.0314589927	0.0088093551	-0.0173052101	0.0171680789	0.0020419382	0.0058406889	-0.0152947003	-0.0329570093	-0.0760764077	-0.0144616161	-0.0346174673	-0.0757868875	0.0241006447	-0.0337727711	0.0690271475	-0.0063660387	0.0691200568	-0.0219953905	-0.0834336524	-0.0033187894	0.0784364349	0.0467479423	-0.0562324496	-0.0120692143	-0.0702233956	-0.0564432173	-0.0751987645	0.0900175279	0.0310839807	0.0191831007	-0.0570812258	0.0201990425	0.0583948967	0.0097257903	-0.1449973581	0.0313025318	0.001636157	0.1553829381	-0.0205914504	0.0454746252	0.0608736699	-0.0559893313	0.1350219034	-0.0858642615	-0.0256175678	-0.0207352125	0.1116104176	0.0443848963	0.0361940136	0.2027522997	0.0075667726	-0.0966248867	0.0692466458	-0.012790548	-0.1431196466	-0.0095072773	-0.024587339	-0.0377880562	-0.0117340655	0.0406322288	-0.043606323	0.0482549842	-0.0268108903	0.0524476492	0.0581802322	0.0128369491	-0.0753671787	-0.0581426985	0.0098964688	0.0155833409	-0.019543319	-0.0373236233	-0.0407836109	0.0633880369	0.0064890454	-0.0171563234	-0.0029403555	-0.0158104538	0.0183292686	-0.0321381111	-0.0506279805	-0.0256988967	0.081029928	-0.0701599896	0.0019697566	0.0	0.0393713	-0.0166986	0.0015500992636899	0.00027884324196	-0.588744	-0.146558	0.021479247364	0.3466194975360001	2.29197	0.01505	5.253126480900001	0.0002265025	-0.0122245	0.0010631	0.0001494384002499	1.130181610000002e-06	-0.00219949	0.0007619199999999	4.8377562601000005e-06	5.805220863999995e-07	0.00152979	-3.2130000000000006e-05	1.0323369000000002e-09	2.3402574441000004e-06	0.0	0.0	0.0	0.0	0.0	0.0	0.0	0.0	0.0	0.0	0.0	0.0	0.0
3633.049932998282	-4.214940773347735	13199051.815658825	17.7657257228292	8266.348540663053	30.502848960833944	930.4237947274484	68332518.19572219	3594.336509767229	-3.25989791794882	10.62693443544705	12919254.945445666	3709.854230991525	5531.574785199847	0.949496	41.884174	0.2591887000000001	0.129808	0.0042580495	0.0037507651	0.0077201771	-0.0070523228	0.0673411049	0.0174727704	0.0944346247	0.0850340992	-0.017809404	0.0318940301	0.0983740145	-0.037106107	-0.0958761756	-0.0160453187	-0.0328656021	0.1878539334	0.0289453452	-0.0503439155	-0.05452097	0.0167481575	0.0755829126	-0.0985886792	-0.134176904	0.0464251976	-0.0469487025	0.0332863289	-0.026872388	-0.0277138606	-0.039583035	0.1071685898	-0.0133327216	-0.0304407031	-0.0278873861	0.0506412847	-0.0509238803	-0.1124216043	-0.0054495843	-0.0286689215	0.0460510061	-0.0074673901	-0.0354217239	0.0679956913	-0.0209138663	-0.0507718763	0.0638144738	-0.0709061769	-0.0463868772	0.0149252738	-0.0571808348	-0.0222167483	0.0771131038	-0.0608818221	0.0563062036	0.0063178032	0.0171682248	0.001439732	0.0444352014	0.0927450555	0.0090489668	0.0250172344	-0.0066866283	-0.0699267052	0.0657042663	-0.0575321065	-0.0230879862	0.0399325573	0.0546019881	-0.0063706138	0.0421593113	-0.0171445962	-0.0315428419	-0.0247334497	-0.0022535297	0.0281320922	-0.0779213186	-0.0331676182	0.082685928	-0.0063589809	0.0273987946	-0.0357474852	-0.0512498427	-0.0732127747	0.0121426517	0.0417776556	0.045889919	0.0171031024	0.0906588468	0.1422056273	-0.0475829727	-0.023632057	-0.0346700017	0.0857246811	0.1010519845	-0.0904277752	-0.0042951448	-0.0131315071	0.0302359067	0.0914054893	0.0568428662	-0.0947389729	0.0243969968	-0.0862768813	0.0262553406	0.0114572314	0.0646575832	-0.0190290181	-0.0835939094	-0.0684959702	0.0306319025	0.0787781844	0.0300951594	-0.0261009979	0.0985591213	0.0771827248	0.0325278584	0.0037484232	-0.0456694122	-0.0096703629	0.0180172133	0.0464582865	0.0111193047	0.1324557936	-0.0156742475	0.0233527775	0.001676631	-0.0130969472	-0.0273884177	-0.0153062766	-0.095533468	-0.0428824947	0.0119702249	-0.005879062	0.0535294078	0.0852178156	0.0686882736	0.0084781242	0.0695374804	0.0647362238	0.0440360419	-0.0460307074	-0.0208788166	0.0519467925	0.068681936	-0.0491121613	0.0077693184	0.0137277592	-0.0081213527	0.018201727	-0.0123303886	0.0385701897	0.0412892773	-0.0881976061	-0.0407527615	-0.0667528654	0.0649158093	0.0045106653	0.0585383052	0.0405343446	0.0164184935	0.0534682961	-0.0514187911	-0.0238132166	0.0800300023	-0.0723415931	0.0068873025	0.0	0.063195	0.0238237	0.003993608025	0.00056756868169	-0.505367	0.083377	0.006951724129	0.255395804689	2.33359	0.0416199999999999	5.4456422881	0.0017322243999999	-0.013868	-0.0016435	0.000192321424	2.701092250000003e-06	-0.0018149	0.00038459	3.29386201e-06	1.4790946810000016e-07	0.00170906	0.00017927	3.2137732900000015e-08	2.9208860836000003e-06	0.0	0.0	0.0	0.0	0.0	0.0	0.0	0.0	0.0	0.0	0.0	0.0	0.0
3628.341905936779	-4.708027061503344	13164864.986376936	22.16551881184781	8219.898602192628	-46.44993847042497	2157.596783906265	67566733.03032833	3598.4564688045207	4.119959037291665	16.97406246896126	12948888.9578811	3710.971219384689	5492.5508462851385	0.9600550000000002	42.349968	0.2652223000000001	0.135709	-0.004340243	0.0350189763	0.015567082	0.0109318092	0.0934523195	0.062451443	0.0547492077	-0.0824965422	-0.0330901336	0.0087527684	-0.0317080515	0.0885376666	-0.1582666007	0.0045165651	-0.0095402661	-0.0415274545	-0.0066835599	0.0140074827	0.0569173202	0.076868277	-0.002645777	-0.0648807318	0.0078514536	-0.0505279388	-0.0071072567	-0.0525336203	-0.0494503793	-0.0233419924	-0.0802821298	-0.0055152803	-0.0952505398	-0.0452170644	0.0134784772	0.0633751108	-0.0564790822	0.076172037	0.0311401889	-0.0351861	-0.044959227	-0.0219788813	-0.0674419187	0.0376729145	-0.0233495198	0.010377342	-0.0153295308	0.0006547465	-0.067473627	0.019612289	0.016299013	-0.029501789	-0.0971114816	0.000984929	0.0750914057	0.0038897117	-0.0554181085	-0.0233846265	0.0028933236	-0.0377538924	0.0097087601	-0.0220125127	-0.0404460195	0.1091921456	0.0358021438	-0.0398111298	0.0417765586	0.0256962682	-0.1130738332	-0.0109457421	-0.0836037352	0.0760757601	-0.1263817243	-0.0207525223	-0.0381780239	0.1183572822	-0.0030757138	0.054483935	0.08673963	0.0018133146	0.0220143796	-0.1202202138	0.0762828237	-0.0141900767	0.0059068344	-0.0306048588	0.0274071964	-0.0002964448	-0.0334261923	0.0119971426	-0.106558057	-0.1440302373	0.0241602211	-0.0175065246	-0.0144619667	0.0191138221	-0.0422747353	-0.0397534645	-0.0166796471	-0.0065122399	-0.0457889709	6.7898e-05	-0.102929237	0.0165523748	0.0864259936	-0.0291971262	-0.0185541389	-0.0998211981	0.0094662174	-0.0794381449	-0.0064063532	0.0304413805	0.0148528373	-0.0261028786	-0.0497571498	-0.0151616294	0.0586192641	0.0065376621	0.0270241449	-0.1303664009	0.0075703365	0.001745006	0.0125348948	0.0591341545	0.0550629676	-0.0775944986	0.0743919192	-0.051428471	0.0261471811	0.0645768673	-0.0399883516	0.0483443176	-0.0048253469	-0.0325637382	-0.0024318735	0.0395840702	-0.0279379768	0.0143240236	0.0139896315	-0.1123023517	0.081679222	-0.0771209648	-0.0637889733	-0.0347999478	-0.1093289006	0.0058399538	-0.0524772711	-0.0293062299	0.0579351563	0.0609792447	-0.0891895472	0.0561687672	0.2042817929	-0.0146647407	-0.0828543867	-0.0657747397	-0.0021767112	-0.0195610634	-0.0297883905	0.0279456898	-0.0271330591	0.0039349376	-0.0522027924	-0.021914923	0.0789347034	-0.0743699446	0.0117820532	0.0	0.0461297	-0.0170653	0.00212794922209	0.0002912244640899	-0.615587	-0.1102199999999999	0.0121484483999999	0.378947354569	2.29397	-0.0396200000000002	5.262298360899999	0.0015697444	-0.0125801	0.0012878999999999	0.00015825891601	1.6586864099999995e-06	-0.0024154	-0.0006004999999999	5.83415716e-06	3.606002499999999e-07	0.001787	7.793999999999987e-05	6.0746435999999805e-09	3.193369e-06	0.0	0.0	0.0	0.0	0.0	0.0	0.0	0.0	0.0	0.0	0.0	0.0	0.0
3627.335325794541	-1.006580142237908	13157561.565756988	1.0132035827476873	8242.433330173599	22.534727980970278	507.8139651763246	67937707.20235664	3605.729826928751	7.273358124230526	52.9017384033102	13001287.584803645	3720.52944558232	5518.595828486851	0.942305	41.566975	0.2073625000000001	0.12498	-0.0020804495	0.0289726989	0.0154596303	0.0229829269	0.1076359708	0.0412597278	0.0200524936	0.0335198148	-0.0307694442	0.0126759124	0.0770094004	-0.0334668046	-0.0456136777	-0.0549528609	0.0364257271	-0.0938225629	0.0315435113	-0.0001750958	-0.0399729502	0.0646445517	-0.0281415094	-0.0619627824	-0.0921563787	0.0076822396	0.0395168391	0.0474904062	0.0393137842	0.0534867575	0.1322325053	-0.0038943548	-0.0035640551	0.0265684117	-0.097682228	-0.0106391241	0.068679931	-0.0546354364	0.0593171439	-0.0194293708	-0.0310953235	0.0025443381	-0.0862156949	-0.0690516699	0.0113962086	-0.0285410539	8.79469e-05	0.1178539739	0.0885426168	-0.0366123251	-0.103094431	-0.0247087181	-0.1140355101	0.0060850347	-0.0774168769	0.0177176941	0.1495943122	0.037797558	0.1136900649	0.0369239691	-0.0386325061	-0.0013081552	0.0298006049	0.0263107566	-0.0381800197	-0.0397083302	0.0338216904	0.0277950916	-0.1293778757	-0.1283092074	0.0317896307	0.0465517704	0.1128380561	-0.0352228988	0.0113299031	0.0968421717	0.0293681791	0.0041225875	0.0309552564	0.134322982	0.1070644899	-0.0049239707	-0.0829254919	0.0611545643	0.0580945708	-0.0701145312	0.0745569214	0.0034153162	0.0655176243	0.0709757719	0.0142061117	-0.0256817619	0.0260274573	-0.0931839412	-0.0174253659	0.0036300634	-0.048512248	-0.0444316051	0.0615838669	0.0087737451	-0.0352042975	-0.0367369943	0.0880096387	-0.0294489175	-0.1053727053	0.0149154945	-0.0710186512	0.0254281739	0.0014388565	-0.0045521762	0.027279238	0.0742372879	-0.1360302291	0.0271994667	0.0353457916	0.0296337142	0.0712164536	-0.0284697622	-0.0482246776	-0.10074582	-0.0536993506	0.0620210516	0.0918113914	-0.1448279486	0.0146753054	-0.0517946798	0.0481124588	0.047411328	0.1641439856	0.0050666999	-0.0094763698	-0.0957472283	0.052226468	0.1011646033	0.009310034	0.0998118227	-0.0403377023	0.0265156637	-0.0262291026	0.0217333472	0.0077036969	-0.0152860502	0.0308835602	-0.0779709576	-0.0977599008	0.0142125937	0.1286218705	0.0923501294	-0.0403574388	-0.094814685	-0.0061489705	0.0603298312	0.0691463243	-0.068478282	0.0512137179	0.0516313132	0.1020363922	0.1193090254	0.0746155976	-0.0222888708	-0.1011222252	-0.0196665497	-0.0529798809	-0.0200050215	0.0777453364	-0.0762407473	0.0166378083	0.0	0.0687012	0.0225715	0.00471985488144	0.00050947261225	-0.496248	0.1193389999999999	0.0142417969209999	0.246262077504	2.30443	0.0104600000000001	5.3103976249	0.0001094116	-0.0124032	0.0001769	0.00015383937024	3.1293610000000235e-08	-0.00264698	-0.00023158	7.006503120400001e-06	5.362929640000016e-08	0.00109564	-0.00069136	4.779786496e-07	1.2004270095999998e-06	0.0	0.0	0.0	0.0	0.0	0.0	0.0	0.0	0.0	0.0	0.0	0.0	0.0
3624.655824467568	-2.679501326972968	13138129.845846664	7.179727361249896	8206.492850532744	-35.94047964085439	1291.718076814669	67346524.90584505	3598.126299878451	-7.603527050300272	57.81362360464796	12946512.869876992	3714.338221958705	5505.42322948839	0.971456	42.85289	0.1095428	0.0699051	0.0007817164	0.031991509	0.0066665514	0.0319733567	0.0245385566	0.0719335686	-0.0305949365	-0.0649495939	0.027913566	0.0057595957	0.0053959673	0.0607345709	-0.0567398029	-0.0706577344	0.055918898	0.1147761856	-0.0079562557	0.0287575365	0.0705324381	-0.1012614744	0.0789204224	-0.0537466936	0.0396785902	-0.0316604064	-0.0720281893	-0.0089554167	0.007351164	-0.0616555772	-0.0128189688	0.006644401	0.0483137776	0.0038034026	0.0050460216	-0.0037045029	-0.0950148899	0.0042290125	-0.0107007921	-0.0057513839	0.0888980603	-0.061514767	-0.0001462679	-0.114267196	0.062397892	-0.0071431761	-0.0226619235	0.0301919266	-0.0362099951	0.0706287255	-0.0188568296	0.0614897065	-0.0960227088	0.0172761852	0.0020185729	0.0079861427	0.0992609242	0.1285661312	0.0101616363	0.0709063563	-0.1295452298	-0.0188429834	0.0425718809	0.0162870492	0.0029545384	0.0375280605	-0.1203403127	0.0297212922	0.0202706459	0.0848925294	0.1507445769	0.0292076186	0.0537543871	0.0212233367	-0.0569537464	0.0456585225	-0.0257376778	0.0313389451	0.0124985629	-0.1254283686	0.0487972893	-0.021054133	0.0934494059	0.0065626643	-0.0494082717	-0.021050339	-0.0059784237	-0.0084778783	0.0063005856	0.0593457295	-0.1236300691	-0.0096773453	-0.0381332988	-0.0023812624	0.0238512943	-0.0851283823	0.062511217	0.0816037645	-0.0785621419	0.1147409413	-0.0078765855	0.0301491768	-0.0952530927	0.0102264035	0.0306935026	0.0559655941	-0.0037027689	0.0086861014	-0.0020780889	0.0163643727	0.0061929469	0.0141497098	0.0157149696	-0.0824902527	-0.0301777564	0.0830391351	-0.0612403291	0.090075609	-0.0538677998	0.0014899344	-0.1090454697	0.0102412374	0.0551580289	-0.0366036895	0.0316982793	-0.0853698743	-3.78957e-05	-0.1250191409	0.0442552897	-0.0118652058	0.035930244	-0.0699066122	-0.0107048269	0.0188389138	0.0644683143	0.014487833	-0.076863923	-0.0279305688	-0.1116096784	0.0849043755	-0.0333709751	-0.008327761	-0.0825867202	0.0640823982	0.0963764449	-0.0692326615	0.1024968707	0.0129801402	-0.0755014943	-0.0272192432	0.0585448541	0.0400867886	0.0093004359	0.0534981409	0.0351402606	-0.1253686972	-0.0721276536	0.0276041322	-0.0975757061	-0.0577098854	0.0247371576	-0.0082413482	-0.0537499534	-0.0180845237	0.0764633189	-0.077950038	0.0214384965	0.0	0.0591999	-0.0095013	0.00350462816001	9.027470169000007e-05	-0.564021	-0.0677729999999999	0.0045931795289999	0.3181196884409999	2.30055	-0.0038800000000001	5.2925303025	1.505440000000082e-05	-0.0124001	3.099999999998937e-06	0.00015376248001	9.60999999999341e-12	-0.00279938	-0.0001524	7.836528384400001e-06	2.3225760000000005e-08	0.00150791	0.0004122699999999	1.6996655289999997e-07	2.2737925681e-06	0.0	0.0	0.0	0.0	0.0	0.0	0.0	0.0	0.0	0.0	0.0	0.0	0.0
3628.0734450420223	3.417620574454304	13162916.922619088	11.680130390933368	8224.690765721838	18.19791518909369	331.1641172294469	67645538.19175008	3596.315383384968	-1.8109164934830917	3.2794185463690955	12933484.336771367	3711.849863288916	5499.512169886998	0.944827	41.678219	0.1672326000000001	0.0926548	0.0027631633	0.0187322516	0.001656486	0.000264112	0.0435478702	0.0311341342	-0.0300500322	0.0702411269	0.021830748	0.0086063908	0.0842303895	-0.0162388334	0.001470922	0.0508429641	-0.0305468265	0.0073319992	0.1149197451	-0.0793816555	-0.1014266782	-0.1039861708	0.0274678939	0.0248669694	0.1381407058	-0.013146216	0.0256553041	-0.1541777813	0.1109062757	-0.0023032777	-0.0380000756	-0.0312001685	-0.0214773335	0.0047272448	0.0097860888	0.0480919161	0.0208349549	-0.1109462225	0.0092232496	-0.0485161972	0.0048097677	0.1513336608	-0.0035220668	-0.0469287666	0.1244153421	0.1342709491	-0.0520968472	-0.0713909114	-0.0080625519	-0.1211822897	0.1139907689	-0.1220529572	0.0041481671	-0.063629066	0.0163952482	-0.0762740978	0.0432410509	-0.0097444269	-0.0395757243	-0.0783871772	-0.147748886	0.0205243691	0.1144587083	0.0016168491	0.0254053181	-0.0236113177	-0.0807715015	-0.0440769096	0.0372901494	0.0509209479	0.0340599467	-0.0391257835	0.0662928927	-0.0564611115	-0.0717651717	0.1017640267	0.0251874179	-0.0325718551	0.0301181597	-0.0140476231	-0.0473745238	0.0923223538	0.0194100275	0.0811964688	0.0856144299	0.0408957527	0.0321574336	-0.0013138109	0.0748094479	0.0578813012	0.0604291731	-0.0493344491	-0.1258171509	-0.0479520722	0.0397078155	0.0080496037	-0.0305898627	0.0386442301	0.0392990489	0.0194175766	0.1080725411	0.1214066104	0.0231120426	0.1746788797	0.0455680929	0.0698281014	0.0245842975	-0.036920872	0.0441186934	0.0093738394	0.0451791322	-0.0090220945	0.0481769715	0.017546159	0.0858099131	-0.0034276136	0.0857059622	-0.0570850296	0.0751983446	0.1353624869	-0.1286587664	-0.1332577531	-0.0284143728	0.0462287007	0.0380758269	-0.055411323	-0.0186358391	0.1343953635	-0.0339780327	0.0515083134	-0.0187958365	-0.0606154885	0.0334722763	0.0122333502	-0.0478895821	-0.1526445137	-0.0128612546	-0.0557246865	-0.1280789382	0.0658091953	0.0132439137	-0.0566835191	-0.0051633146	-0.0610403177	0.1289894477	-0.0631027185	-0.0079459577	0.0021673357	0.0288094949	-0.0892374203	0.1043023039	-0.0352479323	0.0534604752	0.0426313034	0.1273202749	-0.0351306298	0.0694846263	-0.0049398838	-0.0561402568	-0.014884141	-0.003724917	-0.0748293163	-0.0545129082	-0.0161544469	0.0750901786	-0.0794941956	0.0261682287	0.0	0.064891	0.0056911	0.004210841881	3.238861921000005e-05	-0.518719	0.0453019999999999	0.0020522712039999	0.269069400961	2.36932	0.0687700000000002	5.6136772624	0.0047293129	-0.0130107	-0.0006105999999999	0.00016927831449	3.728323599999992e-07	-0.00289114	-9.175999999999976e-05	8.3586904996e-06	8.419897599999956e-09	0.00126088	-0.0002470299999999	6.102382089999993e-08	1.5898183744e-06	0.0	0.0	0.0	0.0	0.0	0.0	0.0	0.0	0.0	0.0	0.0	0.0	0.0
3623.872684425707	-4.200760616315165	13132453.23292678	17.646389755584565	8200.314075235548	-24.37669048628959	594.2230390643614	67245150.93250625	3587.469763444171	-8.84561994079695	78.24499213702465	12869939.303626176	3701.5608647943855	5488.522590288435	0.9066	39.991943	0.1410619999999999	0.0714745	-0.0009062295	0.0314581841	0.0164392828	0.0321259802	0.0187326623	0.0053766098	-0.0199247083	-0.0281095693	0.0691434454	0.0132289808	-0.0513311537	0.1005819826	-0.0076248313	-0.0740107698	-0.032950375	0.0316827021	0.0911392283	-0.1589667634	0.0264378826	-0.0077118286	0.1148418703	0.0028283663	0.0616203674	-0.1203697939	-0.0600767733	-0.0297189913	-0.0468431355	0.0151235197	0.0394161431	-0.0306330195	0.040341928	0.0038018349	-0.041382434	0.1048877567	-0.0798562191	0.1159547433	-0.0237003567	-0.0280685377	-0.0812292535	0.0218656825	0.0592869402	0.073327448	0.0049477539	0.0368266415	0.0800638175	-0.0741703071	0.0496416805	-0.0044160358	-0.0660377513	0.0204121945	-0.0040616753	-0.0270750078	-0.0473975813	0.0714682577	-0.0314798896	0.0998973739	-0.0107678188	-0.0296092647	0.1062612938	0.0066615291	0.0569043311	0.0174221851	-0.0138888682	-0.0681258159	-0.0509430321	-0.066488651	0.0139667889	-0.0545114304	-0.0363236566	-0.0086029132	-0.0795294891	-0.0094431861	-0.0781417202	0.1236244751	0.010349713	-0.13362321	-0.0328023587	0.0733134153	0.0359013008	0.0718845101	0.0431549094	0.0795465607	0.0652603968	0.1298600435	-0.117131906	0.0118426375	-0.0333775931	-0.0011567497	-0.1284267702	0.0089454046	-0.0933115306	-0.0270852803	0.0486222052	-0.0409263185	-0.1583489128	-0.0053602247	-0.0403912772	0.075818206	-0.0204872382	0.1037868302	-0.0643948289	0.0346231031	-0.0118532533	-0.0467320185	0.0724337202	0.0798632421	-0.0077997777	-0.0091462548	0.0178502647	0.0761139706	0.0846718955	-0.0673346433	-0.1150859893	-0.0819103355	-0.0088994175	-0.0757541053	0.0802849321	0.0287598659	0.0858209231	-0.0745163296	0.0206739829	0.0437432894	-0.0905686629	0.0535881169	-0.018990924	-0.0240649545	0.0584673934	-0.0304854299	0.0153830356	-0.036297327	-0.1050626939	-0.0305480386	-0.0537941741	-0.0182479406	-0.032217437	-0.003191929	0.0717692378	-0.0133444556	-0.0369912097	0.0357477979	0.0185058526	-0.1013675083	0.0232266115	-0.1044083227	-0.0072972813	-0.0051889945	0.001783926	0.0839877153	-0.0012884222	-0.0261391637	0.1162286757	-0.063101312	0.0938272264	0.0623187261	0.0597731382	0.1093682426	-0.037982537	0.0382335281	0.1129600785	-0.1199143278	-0.0552686441	-0.0142158133	0.0736275519	-0.0808699489	0.0308113507	0.0	0.0429925	-0.0218985	0.00184835505625	0.00047954430225	-0.557691	-0.038972	0.001518816784	0.311019251481	2.3233	-0.0460199999999999	5.397722890000001	0.0021178403999999	-0.0128567	0.0001539999999999	0.00016529473489	2.3715999999999883e-08	-0.00242126	0.0004698799999999	5.862499987600001e-06	2.2078721439999978e-07	0.00132043	5.955000000000001e-05	3.5462025000000004e-09	1.7435353849000002e-06	0.0	0.0	0.0	0.0	0.0	0.0	0.0	0.0	0.0	0.0	0.0	0.0	0.0
3619.7897810966087	-4.082903329098372	13102878.059331434	16.670099594762565	8214.26712496454	13.953049728990663	194.68759673968643	67474184.40027319	3585.903409309575	-1.5663541345957128	2.4534652749650845	12858703.260898037	3699.860419209	5502.280008043562	0.914842	40.355503	0.2243085999999998	0.115585	0.0025203234	0.0189116756	0.0136098769	0.0080604462	0.032679706	-0.0020284571	-0.0841065738	0.0182203969	0.0317249025	-0.0072281635	0.0258974759	0.05544888	0.0410206837	-0.0300894772	0.0667488892	0.0731917354	-0.0813212898	-0.0459050108	-0.0618321637	0.0761834495	0.095418065	-0.0428464262	0.0662566357	7.87143e-05	-0.0644603056	0.1149609972	-0.0316210277	0.0850410798	-0.0150133884	0.0132206194	-0.0699774985	0.0717339419	-0.1722016401	0.0366843667	0.0518754927	0.0068766761	-0.0240585953	0.064744251	0.0845086455	0.0231101592	0.0341774419	0.0138500004	-0.0417572491	0.1364520454	0.1259219658	0.0043023238	-0.0224384838	-0.0418183745	0.0865940803	0.0908501662	-0.0073326891	0.0183149012	0.0877437676	-0.1067469111	0.0040540317	0.0108017535	0.0738362694	-0.0518059099	0.1278426267	0.1034277655	-0.0199864885	-0.0290844177	-0.0996255218	-0.0325146636	-0.0330220969	0.0231987906	-0.079704361	0.0358198111	0.0699344095	-0.0520970696	-0.004407012	0.0166310138	0.043588449	-0.057222396	0.032518355	-0.0711352679	-0.0426931143	-0.0162910265	0.114242154	0.0842742893	0.0937352896	-0.0248961647	-0.070207566	-0.0444693165	0.0346113851	-0.006473413	0.0299083962	0.0164373788	-0.0450071152	0.053309175	-0.0860843513	0.0248106491	-0.0658783084	-0.0654631966	0.0190082785	-0.0263435377	0.0568245538	0.0478860023	0.0220495335	0.1180740911	-0.0483153017	-0.1274666188	-0.085348845	0.0042245818	0.0523026281	-0.0155995054	-0.0022151384	-0.1236217696	0.1243465586	0.1027663929	-0.1269166134	0.0771019636	0.0170878914	-0.0160663691	-0.0875857258	0.0850195443	0.0133510476	0.0096894783	0.0688730231	-0.1167364508	0.0911862506	0.0314645373	-0.0383754492	-0.0386836983	-0.0977128966	-0.0330497059	-0.0415570406	0.0747768114	-0.0626660885	0.0514354814	0.0990016694	-0.0644751598	-0.1070292531	-0.038184276	0.0248405467	0.0483496741	0.1038127677	-0.0138168292	0.0064646724	0.0773169661	-0.0670434546	-0.0222162127	-0.0462153042	0.0079418685	0.0772038731	0.0392728971	0.0222021291	-0.0531930001	0.0033982891	-0.0491146231	-0.0976703585	0.0191355004	0.0279120854	0.0207461677	-0.0464302125	0.1330253236	-0.0675558617	0.0239863936	-0.058227657	0.0047747924	-0.056017061	-0.0122696499	0.0720771819	-0.0820743834	0.035352495	0.0	0.0644701	0.0214776	0.00415639379401	0.0004612873017599	-0.49566	0.062031	0.003847844961	0.2456788355999999	2.39439	0.0710899999999998	5.7331034721	0.0050537880999999	-0.0131586	-0.0003018999999999	0.0001731487539599	9.114360999999943e-08	-0.00339573	-0.0009744699999999	1.15309822329e-05	9.495917808999996e-07	0.00143826	0.0001178299999999	1.3883908899999996e-08	2.0685918276e-06	0.0	0.0	0.0	0.0	0.0	0.0	0.0	0.0	0.0	0.0	0.0	0.0	0.0
3617.256907461451	-2.532873635157557	13084547.534577582	6.415448851676258	8230.136981729689	15.869856765149962	251.852353746376	67735154.73803468	3595.230110356373	9.326701046798007	86.98735241634304	12925679.5464131	3709.785163915326	5474.093252743312	0.907172	40.017181	0.1387719000000001	0.0862374	0.0001471922	0.0377807071	0.0116687031	0.0192424058	0.0382572393	0.0437077766	-0.0163319258	-0.0245618717	0.1409893402	0.012736681	-0.0160591883	0.1132857962	-0.0166889689	-0.0492056815	-0.1292838202	0.060637005	0.075189651	-0.0435220164	-0.0788816104	-0.0040191844	-0.0003682541	-0.0433578372	0.0896473612	0.0374184007	0.0059736631	0.1297615609	0.0410044242	0.0463144447	0.0326598667	0.0301307042	-0.0852402849	0.041775514	-0.0067337312	-0.1167498446	0.084019355	0.0252598777	0.0906234015	-0.0850504881	0.0256216509	-0.0277458407	-0.009216164	0.0866407977	0.0418477679	-0.1069935627	-0.0036271225	0.0089464641	0.0219062272	-0.0088645321	-0.0492712999	0.0070172928	-0.0545717486	0.0306271709	-0.0111836774	-0.0435306643	0.0130383105	-0.0889484852	-0.1298827569	0.035596696	0.1173896491	0.1311841996	0.0296537817	-0.055422773	0.0313906858	-0.0843706073	0.0154604452	0.0385719735	-0.0203627743	0.080400479	0.1117624044	-0.0033796041	-0.0320916046	-0.0470149153	-0.0305365733	0.0753140197	0.0160488317	-0.0585829824	0.0267634449	-0.1250643507	-0.0631308319	-0.0063991091	0.0005914666	0.0046146228	-0.0532036435	0.0793934895	0.0165229867	0.0054222489	-0.0045554372	-0.0262221842	-0.0918783463	-0.031189838	-0.070922399	0.0118705535	0.1557110642	0.0284103536	-0.055980783	0.0276908259	0.0797326528	0.0316567631	0.0723860087	0.0631553847	0.014517734	-0.1187943427	-0.0884018305	0.0149868557	-0.0258635072	0.0025808068	-0.0231958215	-0.0605753847	-0.0359831384	-0.1164923516	-0.0263316077	0.1111509131	-0.0391665324	0.0364804811	0.0795406416	-0.0245113614	-0.0698437557	0.0041557683	0.072307127	0.0524604511	0.0282156833	-0.0388469354	-0.0400476787	-0.0647691872	0.009509316	-0.0206094306	0.0529053549	-0.0639362994	0.0575757269	0.0111968668	-0.0585967235	-0.0234128286	0.0165120518	-0.1598155071	0.1720447549	-0.0050748534	0.1308676581	0.0239954607	0.1094922734	0.0145116289	-0.0425319181	0.0366856059	0.0198759591	-0.0246555299	0.0464492088	0.010785854	0.0448613511	-0.0784436905	0.0216480066	-0.1038601295	0.0769583921	0.0126500523	0.0594022495	-0.1090775482	-0.0047290963	-0.0619465947	-0.0028706739	-0.0450210285	0.0585820424	0.0267313144	-0.0567580599	-0.0103169874	0.0704409161	-0.0831049477	0.0397766315	0.0	0.0557512	-0.0087189	0.00310819630144	7.601921721000003e-05	-0.495218	0.0004419999999999	1.9536399999999818e-07	0.2452408675239999	2.33932	-0.0550700000000001	5.472418062399999	0.0030327049	-0.0122832	0.0008754	0.00015087700224	7.663251600000003e-07	-0.00284934	0.0005463899999999	8.118738435600001e-06	2.985420320999999e-07	0.00150729	6.903000000000009e-05	4.7651409000000135e-09	2.2719231441e-06	0.0	0.0	0.0	0.0	0.0	0.0	0.0	0.0	0.0	0.0	0.0	0.0	0.0
3628.2568334689113	10.99992600746009	13164247.649613852	120.99837216959688	8219.832413955774	-10.30456777391555	106.18411700721887	67565644.913518	3597.2136777680494	1.9835674116761768	3.9345396766637264	12939946.243521536	3709.258410970308	5451.884201878139	0.928641	40.964207	0.2041928000000002	0.141071	-0.0021948218	0.0218022882	0.0061542368	0.0139420387	-0.0249349539	0.0041277956	-0.0355192456	0.0451251997	0.1322167706	-0.0161675013	0.0027980113	0.0494423273	-0.059355879	0.0203407747	-0.0144957081	0.0360347805	0.0780196148	0.0138227741	-0.095591034	0.0776370288	0.0651001323	-0.0079177658	-0.0628419243	0.0063970365	0.0721932705	-0.0313722216	0.127013028	-0.0271360831	0.0401847368	-0.0069300758	0.0551922386	-0.0269508237	0.0882354863	0.0133686308	-0.1351548171	-0.0027795314	0.0767725715	-0.0593501721	0.0057788592	-0.0641324514	0.0802331439	0.016401008	-0.1031503128	0.0161409837	0.0629133531	0.06237978	0.0946883347	0.1490235158	0.0379467267	-0.0696807116	0.0145764841	0.0205087317	0.0381923422	0.0085154786	0.0493479131	0.050424085	-0.0214252936	-0.0303652583	0.0209326824	0.0159684658	-0.0826533438	-0.0485016816	0.078141108	-0.0665092612	-0.0476984917	0.1253677204	0.0483061614	-0.0840059771	0.0207952901	-0.0001763678	0.1128669751	-0.020719842	0.0804836362	-0.0725293427	0.0345038582	-0.0017640698	-0.0546152502	0.0078173268	-0.0674832081	-0.0388409533	0.0538674984	-0.0081384689	0.0441696395	0.1177977597	0.0497478861	-0.0107396708	0.0089535819	-0.0023521547	-0.0516643989	-0.0670723834	-0.0473205119	-0.0006884973	0.0572782986	-0.0553480073	-0.004141675	-0.1356551277	0.0422211315	0.0137660652	0.0123862494	0.0091902055	0.1268102541	0.0447411483	-0.0137971022	0.0556727511	-0.066715521	-0.013374778	0.0065521137	0.0230365408	-0.0922634803	-0.0203423113	0.0499182663	-0.1590705876	-0.0404547901	0.1026437685	0.0081153877	-0.0060122622	-0.0162541059	-0.0309412623	0.099616215	-0.0294277041	0.0251817775	-0.0535482782	-0.0733474353	0.0730231693	0.1319514087	-0.0380379649	-0.0977752963	0.0336237091	-0.0387880625	0.0432560821	-0.0172787611	0.0264804504	0.0393416494	0.0249399816	-0.0273924592	0.0928216237	0.061381853	-0.0266946097	-0.0090095673	-0.148794876	0.0103844031	0.013516923	0.0802766272	-0.002867339	0.036969658	0.0662025309	-0.0944736117	-0.0339961984	0.0056054489	-0.0583211376	-0.1268895909	-0.0365714475	-0.0143789134	0.0654811305	-0.0211217462	-0.0336544328	-0.0386853042	-0.0044905368	0.1361314615	-0.0696326779	-0.0574915426	-0.0083588602	0.0687207046	-0.0839594584	0.0440691175	0.0	0.0362474	-0.0195038	0.00131387400676	0.00038039821444	-0.494615	0.0006029999999999	3.636089999999574e-07	0.244643998225	2.40831	0.0689900000000003	5.799957056100001	0.0047596201	-0.0143156	-0.0020324	0.00020493640336	4.130649760000001e-06	-0.00290503	-5.568999999999973e-05	8.439199300899999e-06	3.10137609999997e-09	0.00129346	-0.00021383	4.5723268900000066e-08	1.6730387716e-06	0.0	0.0	0.0	0.0	0.0	0.0	0.0	0.0	0.0	0.0	0.0	0.0	0.0
3636.809237647785	8.55240417887353	13226381.43104026	73.14361723881342	8235.513377610532	15.68096365475867	245.8926211418624	67823680.59280203	3603.108833400682	5.89515563263285	34.75285993296282	12982393.265330026	3714.306644457663	5499.2250117710655	0.927437	40.911102	0.2272757	0.135033	0.0012564774	0.0478346467	0.0151948835	0.0688308038	0.0329242443	-0.0032173804	0.0201334693	0.0389788233	0.1294599246	-0.0087344977	0.0462755313	0.0717324006	-0.0113565097	-0.112028184	-0.0754163122	0.0776049017	-0.0194384579	0.0906486379	-0.1296097874	-0.0375462359	-0.0227012328	0.0254743812	-0.0541859943	0.0054514633	-0.0314918522	-0.0946613091	0.0775217957	0.0161531017	0.0520650217	0.0219872927	-0.0163291926	-0.0052717222	0.0778750331	-0.0533080396	-0.160295742	-0.082050032	-0.0061200046	-0.0179441107	0.0708446866	-0.0819582113	0.0171051659	0.0640395279	0.104117154	0.0620027892	-0.0512339862	-0.0686108092	0.0153520969	0.0584061462	-0.1027855108	-0.0708300901	0.1024031123	0.0562118514	-0.041701945	-0.002154244	0.045805401	0.0629709608	-0.0170453033	-0.0462289942	0.0184229179	0.0705821613	-0.1366351605	0.1185815155	-0.1207609317	-0.0552243088	0.1272719668	0.0034100616	0.0505571376	-0.0053733212	-0.122022637	-0.0556748377	-0.020865422	0.0112684256	-0.0123955267	-0.0236811172	-0.0824632892	0.0070867822	0.132763747	-0.0621635665	0.1318733767	-0.0662843021	0.0348267695	0.0332508873	-0.1061587802	-0.0756761153	0.06722303	-0.0088124374	0.057187716	-0.0142864934	-0.0976610804	0.0207794926	0.0039678341	-0.0175344655	0.1313976166	0.015489063	0.1209034613	-0.0102373804	0.1028773652	0.0113229737	-0.0149125789	-0.0411712436	0.0510742541	0.0995645796	-0.0449621247	0.0558928488	0.0424786413	0.0387088634	-0.0146028149	-0.070786772	-0.0435229774	-0.0668649107	0.1369017086	-0.082078368	0.0445715087	0.0596087449	-0.0079759807	0.0473227646	-0.0931323305	0.0759491244	-0.0308328099	-0.0867207331	-0.0353344207	0.0343354177	-0.024218924	0.0238788635	0.1059544859	-0.0385189293	0.0385520095	-0.1539880864	-0.0524444311	-0.0267349824	0.0529954613	0.0706310542	-0.0302548896	0.0153566439	-0.0598319721	0.1237721398	0.0439086323	-0.1001604441	0.1186444844	0.11892542	-0.0197535474	-0.0517707022	0.0009495353	0.0811018039	-0.0425676742	-0.1841129043	-0.0111813954	0.0462360902	-0.0109222451	0.0255366298	-0.0085035734	-0.0799131591	-0.0491747518	-0.1519598846	0.0235298912	0.0611750849	-0.0583695929	-0.1247605037	-0.0724989383	0.0847624855	-0.058217412	-0.0063963055	0.0669185973	-0.0846361055	0.0482157459	0.0	0.0359142	-0.0003331999999999	0.00128982976164	1.110222399999992e-07	-0.514712	-0.0200969999999999	0.0004038894089999	0.2649284429439999	2.32632	-0.0819900000000002	5.4117647424	0.0067223601	-0.0127067	0.0016089	0.0001614602248899	2.58855921e-06	-0.00240462	0.0005004099999999	5.7821973444e-06	2.5041016809999976e-07	0.00168126	0.0003878	1.5038884e-07	2.8266351876e-06	0.0	0.0	0.0	0.0	0.0	0.0	0.0	0.0	0.0	0.0	0.0	0.0	0.0
3634.353167105761	-2.4560705420240083	13208522.943251677	6.032282507398106	8263.172111042384	27.658733431851942	765.0055350542443	68280013.33670865	3599.052577227012	-4.056256173670136	16.453214146437087	12953179.4536444	3711.8048835407058	5499.12184110369	0.8816319999999999	38.890556	0.0995236000000001	0.0563899	0.0015418045	0.0395064961	0.0125326526	0.0524157092	0.0475926127	-0.0249885213	0.0408180628	0.0511157404	0.1195906705	0.0018487878	0.0547815045	0.1130183937	-0.0667205825	-0.0017944323	0.0750416792	0.0434660913	0.0661751765	-0.049550792	-0.0305182757	-0.0314615152	0.0024450752	0.0160030057	-0.0430170366	-0.0466562818	-0.0278857858	0.0281136303	0.0681949795	0.0526685758	-0.0049378381	0.1051073152	0.0514210052	-0.0401784462	-0.0133646265	0.0732107817	-0.0811594979	0.0252895218	-0.0213159724	0.0081167729	0.1217711801	-0.0079627698	0.0362381193	-0.0596250608	0.0073778283	0.0983885307	-0.0253850195	-0.0622522101	-0.0138042712	-0.0607314997	-0.1093027934	0.0733466068	-0.0866633832	-0.1049109705	-0.0061973773	0.1446618708	0.0333087157	0.0189210268	0.0091268509	0.0571317467	0.0314976691	-0.0003611837	0.0372168797	0.0114250946	0.112973649	-0.0886986367	-0.0223349664	-0.0348424992	-0.013325735	0.1167851695	-0.0750349523	0.0750410322	0.05048301	0.0142433035	0.0458638792	0.0217281583	0.0321547793	0.0749798312	-0.0627200405	-0.0394082066	-0.0401077559	0.0274772842	-0.0358689378	-0.0154808046	0.034903034	0.106971929	-0.0004300303	-0.0013350878	0.0665907281	-0.0082134007	-0.0891714947	-0.082895005	-0.0923510972	-0.034854373	-0.0008458811	-0.099247819	-0.0308303455	0.016457827	0.0026704393	0.020295946	-0.0352239861	-0.0129434789	0.0291700694	-0.0136639556	-0.0383157565	0.0357722192	0.0476481411	-0.0531050624	-0.0988882207	0.0305998894	0.0119302453	0.0695580931	0.0597383917	-0.038275419	-0.0289886798	0.032100694	-0.0564121124	0.0876433573	-0.0187399553	0.0458505971	-0.0376129341	-0.0842666656	-0.0253603843	0.0197277386	0.0395582083	0.0491186143	-0.0525473363	-0.0162947466	0.1713883635	0.0585970748	0.0123836271	-0.0925116769	-0.1078925296	0.00021766	0.0695522004	0.0866961552	-0.0039571888	-0.0200941613	0.0495284606	-0.0306159676	0.059733247	-0.0366769852	0.0114610257	0.021614522	-0.0258789733	-0.126567917	-0.1183545135	0.0376571982	0.0177411412	-0.0629572648	0.0387024016	0.034913962	-0.0493226253	0.1373678433	0.0675081905	0.0374491712	-0.0068284129	-0.0673619481	0.0484188161	-0.0042356054	0.046734985	0.0062322521	-0.0589355719	-0.0044303628	0.0650367418	-0.0851334554	0.0522027924	0.0	0.0335906	-0.0023236	0.00112832840836	5.3991169600000095e-06	-0.528307	-0.013595	0.000184824025	0.2791082862489999	2.36165	0.03533	5.577390722500001	0.0012482089	-0.0132953	-0.0005885999999999	0.00017676500209	3.464499599999999e-07	-0.00204831	0.00035631	4.195573856099999e-06	1.2695681610000022e-07	0.00170185	2.0590000000000015e-05	4.2394810000000076e-10	2.8962934225e-06	0.0	0.0	0.0	0.0	0.0	0.0	0.0	0.0	0.0	0.0	0.0	0.0	0.0
3628.483948905544	-5.869218200216892	13165895.76746517	34.447722281757216	8267.681650257644	4.509539215259792	20.335943933965904	68354559.87000696	3606.750318906186	7.69774167917376	59.255226959288855	13008647.862929871	3721.027851002931	5526.29195262364	0.9215350000000002	40.650757	0.0948019999999998	0.0500389	0.0050491337	0.0503904881	0.0230433743	0.0650288411	0.0393822003	0.0456879273	0.0981058168	0.0273625543	0.093439487	0.0139125185	0.0263476176	0.1351490051	-0.154587171	-0.043389399	0.0024564541	0.0761687529	-0.0618427982	-0.0027093177	-0.0737099646	-0.0428612299	0.0383086813	-0.0895767929	0.1220574116	0.0967320653	0.0863728015	0.0116405447	0.0086505278	-0.0399059127	0.0088609738	0.0522326374	0.0332657073	-0.015322492	-0.0244387514	0.0211024919	-0.0281797163	-0.0975827173	-0.0971132055	-0.0657349327	0.0626767454	-0.0531400982	-0.0526342724	0.0222658992	0.0076116465	-0.0083145585	0.1146140916	0.0276365732	0.0745578703	-0.0139212245	0.1188277671	-0.0406684629	-0.0121963875	0.0469068816	-0.0466568236	0.0004165323	-0.0114089038	-0.0469268427	-0.0323140366	0.0017011464	-0.0296054084	-0.0120443895	-0.0792880102	-0.0536267175	-0.0276493426	0.0651009404	0.1034900391	0.0781749332	0.0448518683	-0.039298879	0.0001036542	0.0612655394	-0.0487851041	0.0441652585	0.0884030999	-0.0260999135	-0.0857362044	-0.0791405857	0.0324149991	-0.0607897653	-0.10380781	0.0933306389	0.0034469394	-0.0133797872	-0.0598273971	0.1225883046	-0.0246951929	0.0032698932	0.0457752813	0.0128951522	-0.1887497851	-0.1122905841	0.0233933467	0.0413161024	0.0161786701	-0.016611839	0.0525517504	0.0603550295	0.0951380987	0.0692483145	0.1369259516	0.0954372087	0.0217591769	-0.0226114145	0.0440612795	0.0028734421	-0.0443142689	0.0098007028	-0.0318866854	-0.0002475403	0.0239480985	0.0210649778	0.0511121092	-0.0131719527	0.0812241345	0.0703675948	-0.062775657	-0.0403894679	-0.1092920746	-0.0323429798	-0.008924403	-0.0424509042	0.0950919357	0.0217990439	-0.0750651959	0.006226165	0.0124825694	0.0921898763	-0.0723711614	0.0541182827	0.0901913864	0.0402043843	-0.0112267069	0.0481293277	0.0242888336	-0.0108452136	-0.0117404764	-0.0162404944	-0.0060720782	0.0168149765	0.0090743774	0.0318815144	0.0211746742	0.0520774709	0.000625763	0.1569247606	-0.0181784292	0.0330780259	-0.0281740735	0.0679797205	-0.0969935366	-0.0812969339	-0.0724121775	-0.0158477834	0.0899214017	-0.0429173748	0.0755823409	-0.1077506743	-0.0658615772	-0.0143245089	0.0972303512	0.037080062	-0.0596459273	-0.0024620734	0.0630773808	-0.0854504545	0.056017061	0.0	0.0398776	0.006287	0.00159022298176	3.952636900000001e-05	-0.570008	-0.0417009999999999	0.0017389734009999	0.3249091200639999	2.34093	-0.0207199999999998	5.479953264900001	0.0004293183999999	-0.0135733	-0.000278	0.00018423447289	7.728400000000027e-08	-0.00200402	4.428999999999978e-05	4.0160961604e-06	1.9616040999999806e-09	0.00190144	0.0001995899999999	3.9836168099999976e-08	3.6154740736e-06	0.0	0.0	0.0	0.0	0.0	0.0	0.0	0.0	0.0	0.0	0.0	0.0	0.0
3628.707305761056	0.2233568555120655	13167516.710883662	0.0498882849042377	8255.28653881137	-12.395111446274312	153.6387877655605	68149755.83788021	3599.626083399079	-7.124235507106732	50.75473156072032	12957307.940286994	3712.328808172157	5499.981065545763	0.949824	41.898624	0.1585124999999998	0.0897566999999999	-0.0015160421	0.0450682627	0.015312698	0.0305988521	0.0689279354	0.0187052735	0.0625436457	0.0051798928	-0.0091588778	-0.0044634656	0.0315289769	-0.01713292	-0.0170601244	-0.0856776824	0.089011334	-0.0019467959	-0.0262681847	8.79989e-05	0.0475661492	0.0453108556	0.1589852084	0.1173591958	0.0757835968	0.0220663552	-0.0141123163	0.0275930718	0.0982594536	0.1013552535	0.1188933514	-0.0061324448	-0.0765946689	-0.0641185408	0.0042841075	0.0119779706	0.0232198065	-0.0447844802	-0.0051720717	-0.0363891299	-0.0382266257	-0.102612696	0.0599749968	-0.046955119	0.0090369718	-0.0375478313	0.0586810962	0.0868633675	-0.0456789614	-0.0258644262	0.0149805983	-0.059849224	0.0837383422	-0.0093762677	-0.0680832313	0.0136642979	0.0410119092	0.0268959271	0.017439648	-0.0909153449	-0.070506493	-0.004424792	0.0384549186	-0.0726105768	-0.0857827657	0.0272009651	0.149428993	-0.0892951405	-0.014553899	-0.0858107606	-0.0601224314	0.0044377674	-0.0233623794	0.0213590007	-0.0236035711	-0.0706550126	0.013409777	0.0312567051	-0.0669671338	-0.0365775457	0.0195520353	-0.1414237433	-0.0732830777	-0.042782018	0.0942103756	0.0049463014	0.1173303615	-0.0058892467	0.0378064971	0.0430065623	-0.0772642634	0.0602190955	0.0059241536	-0.0636801419	-0.0735916423	-0.0324217273	0.0481612659	-0.0416509424	-0.1464500395	-0.0357605888	0.0437308726	0.1387870924	0.0375505185	-0.0036484673	-0.1596921169	0.0271623189	-0.0573706077	-0.0199495774	1.00088e-05	-0.0359547431	-0.0755756071	0.0264467796	0.0240540616	0.0158099739	0.0104321179	0.0303489728	0.00313819	-0.0716801649	-0.0699792429	0.0070911213	0.0182405417	0.0613710416	0.0667143867	0.015178717	0.0473067524	0.0953681183	-0.0346920021	0.0534315111	-0.0453009564	-0.01600783	-0.0221293082	-0.0339530358	0.0594682976	0.0851878085	-0.0740506948	-0.0062591138	-0.0759386765	0.0314051668	-0.0764678884	0.0329138217	0.040712459	0.0916251048	0.2018390779	-0.0705108685	-0.0366551502	0.0912782394	0.0032424518	-0.0462212	-0.0020005382	0.034327142	-0.0108429309	0.0008767253	-0.0135003251	0.0042234972	-0.0549558066	0.0199901294	-0.0843834378	0.0053925897	0.1071055849	0.044651344	0.0040528591	-0.0609091941	-0.0603483841	-0.0004924799	0.0610428493	-0.0855864312	0.0596459273	0.0	0.0569251	0.0170475	0.00324046701001	0.00029061725625	-0.575671	-0.005663	3.206956900000096e-05	0.331397100241	2.40467	0.0637399999999996	5.782437808899999	0.0040627875999999	-0.0143379	-0.0007646	0.00020557537641	5.84613160000001e-07	-0.00243179	-0.00042777	5.9136026041e-06	1.8298717290000005e-07	0.00165257	-0.00024887	6.19362769e-08	2.7309876049e-06	0.0	0.0	0.0	0.0	0.0	0.0	0.0	0.0	0.0	0.0	0.0	0.0	0.0
3629.3216500141466	0.6143442530906214	13171975.639261408	0.3774188613054734	8246.94054971194	-8.345989099429062	69.65553404778872	68012028.43048309	3608.963475319748	9.33739192066878	87.18688788017059	13024617.366191993	3720.766849535788	5490.9226297869	0.970496	42.810501	0.1474768	0.109157	0.0019906003	0.051702483	0.0135976787	0.0311146731	0.0814440776	0.0026255594	0.0123367286	-0.0258244188	-0.0167851382	0.0138185332	-0.0278828214	-0.0015542974	-0.0454334494	-0.0875604687	-0.0026934041	-0.0152197477	0.1247876259	0.0584943761	-0.0366334477	0.1064999758	-0.0136532895	-0.002669004	0.1610608165	0.1066053966	-0.0270216808	-0.0062406324	-0.096345638	0.0353908884	-0.0706154498	-0.1514561075	0.06037611	-0.005681353	-0.0108575112	0.0627178456	-0.0124160791	0.0324861052	0.0104191959	0.1079376337	-0.062249115	0.0275757142	0.0857501104	-0.1040233728	0.0280666854	-0.0740462154	0.0578636138	0.0148889901	-0.0373624852	0.0113439285	0.1050228816	-0.0457583887	-0.0174779211	-0.0519219204	-0.1081445243	-0.0080601187	0.0688305333	0.0241208227	0.0592174568	-0.0475402781	-0.0731500394	0.0115362935	-0.0414395949	-0.0267893772	0.0390990131	-0.0241508091	-0.0335068095	0.0945238942	0.0219389908	0.0874374783	0.0785038022	0.0629867958	-0.1532692995	0.0764977778	-0.049290056	-0.0157700427	0.02910384	-0.095774219	-0.0144730859	0.0621147728	0.0732358352	-0.0329616049	-0.0682735481	0.0324246106	-0.051789288	-0.0165489969	0.019265825	0.0050181214	-0.0162895171	0.010188665	-0.0517200741	4.60571e-05	0.0621199987	-0.1068076259	0.0869459063	-0.0336570675	-0.0109060591	-0.0743414582	0.0182034633	-0.1006154615	0.1535487362	0.0609006861	-0.1110747594	-0.0280614079	-0.005218751	-0.0494037471	-0.0104118463	-0.0468527649	0.1554097512	0.0848405551	0.004507126	0.0555865373	-0.0798479499	-0.0829983981	-0.0326639655	-0.0736844962	-0.0640727947	0.0258869861	0.0811402272	0.0476387964	-0.0155703086	0.0759563305	0.0840111319	-0.0092797783	-0.0037692429	-0.036945239	-0.0310790659	-0.0050214812	-0.063507067	0.0616478297	0.0759954434	-0.0753564445	0.032364126	0.1229403495	-0.0587287492	-0.0267768821	-0.0108951002	0.0040310483	-0.0133139381	0.042875548	0.0978486718	-0.027072145	-0.1115353122	0.0705684642	0.1104007734	0.0192080561	0.0179705745	0.0174843571	0.0042329072	0.1057624167	-0.0356269048	-0.0230402346	0.0550513516	0.0299853807	-0.0277021555	0.0347119483	0.0295536687	0.0699951369	0.120316711	-0.0241489521	-0.0119348845	-0.0539829942	-0.0610428493	0.0014773745	0.0589355719	-0.0855410976	0.0630773808	0.0	0.0450878	-0.0118373	0.0020329097088399	0.00014012167129	-0.577662	-0.0019909999999999	3.964080999999861e-06	0.333693386244	2.4145	0.00983	5.82981025	9.66289000000001e-05	-0.0122393	0.0020986	0.00014980046449	4.404121960000003e-06	-0.00271524	-0.0002834499999999	7.372528257599999e-06	8.034390249999988e-08	0.00155825	-9.431999999999996e-05	8.89626239999999e-09	2.4281430625e-06	0.0	0.0	0.0	0.0	0.0	0.0	0.0	0.0	0.0	0.0	0.0	0.0	0.0
3632.309340038439	2.987690024292533	13193671.141730482	8.926291681257117	8265.581944531423	18.64139481948223	347.5016008158189	68319844.88176386	3600.1371316643576	-8.826343655390247	77.90434232304766	12960987.36678847	3708.8512576116686	5469.493350873675	0.96652	42.635124	0.242826	0.139875	-0.0062740577	0.0253696193	0.007820119	-0.0158379869	0.0492359268	-0.0475598813	-0.0207979603	-0.0208844047	-0.0471304074	0.0070031605	-0.0681858404	0.0058485081	-0.0531297272	-0.0743711919	-0.0406510407	-0.1833953823	0.0220439833	0.0743340163	-0.0007495785	-0.0276490112	-0.0997848658	0.0032586907	0.0375439135	-0.0006103113	-0.0070705811	-0.0551722747	0.0045057502	0.0224798759	-0.1210363399	-0.0438023568	0.0261295647	-0.1039018433	0.0172488541	0.0906924384	0.0449651575	0.0377198404	-0.0001045196	0.0308704921	-0.0497849346	0.121667671	0.0824011321	-0.0371066967	-0.0593237837	0.0804807437	0.1113878314	-0.0392793361	0.031321169	0.0873735609	0.0396611082	-0.0504780779	0.01740955	0.0027996313	-0.0085129051	0.04617726	0.0265616051	-0.0318585429	0.0367319726	0.0895203463	-0.0121706351	-0.0170626122	-0.1617496775	0.0544383363	0.1270806331	0.1457909951	0.0171961071	-0.0783814498	-0.0136211238	-0.017622917	-0.0031236718	-0.0974490879	0.0117384669	0.0143310367	0.0127732416	0.0257425299	-0.0477245034	0.0518900027	-0.0865478703	-0.0567538556	0.0906126108	-0.0212107816	-0.0289720086	-0.0551164999	0.018073648	-0.0404605539	0.0273774046	0.0135317119	-0.0645029799	-0.0488040567	-0.0055113615	-0.0484854368	0.1007029848	-0.1659938811	0.0087243528	0.1168091729	-0.0006097105	-0.0077696642	0.0348686561	-0.0458563126	-0.015347239	-0.0285507478	-0.0660204289	0.073494129	0.0647697031	0.0248198377	0.0015774186	-0.1191531814	0.047832394	0.083493383	-0.0386855536	0.090677016	-0.0202810542	0.0024266632	0.0317514858	-0.0392405762	-0.0154555898	-0.0012840671	0.1571290132	0.0302491274	0.0517647259	-0.0656196358	0.05023036	0.0136380961	-0.0678019409	0.0885995851	0.0576225715	-0.0148282614	-0.0404223032	0.0587790238	-0.0037535256	0.0350730215	0.0108711676	0.0809307646	0.0762308287	0.0425598236	-0.0144293853	0.0608653959	-0.0182562494	-0.058251564	-0.1103567245	0.0521142058	0.0297009192	0.1819813495	-0.0153303784	-0.0321515368	0.0236397133	-0.0220291419	0.1009519271	0.0482099594	0.0046652713	0.0377717686	-0.0215068041	-0.0089156861	0.0711184065	-0.0535356828	-0.1200424527	0.0523774078	0.0293048804	0.0258074828	-0.0650838099	0.0626345378	-0.0617292309	0.0034464463	0.0567580599	-0.0853145497	0.0663000642	0.0	0.0470268	0.001939	0.00221151991824	3.759721000000013e-06	-0.628217	-0.050555	0.002555808025	0.394656599089	2.51089	0.0963899999999999	6.304568592099999	0.0092910320999999	-0.013466	-0.0012267	0.000181333156	1.5047928900000015e-06	-0.00229831	0.0004169299999999	5.2822288561e-06	1.7383062489999985e-07	0.00179346	0.00023521	5.532374410000001e-08	3.2164987716e-06	0.0	0.0	0.0	0.0	0.0	0.0	0.0	0.0	0.0	0.0	0.0	0.0	0.0
3623.037966690461	-9.27137334797817	13126404.10808055	85.95836375759993	8269.032466398272	3.450521866849158	11.906101153604196	68376897.9303487	3593.133196750885	-7.003934913472676	49.05510427216151	12910606.169593234	3705.074322615164	5456.495678961617	0.936559	41.313507	0.1604069000000002	0.0773087999999999	-0.0021599682	0.0255139838	0.0015012528	-0.022274667	0.084828949	-0.0261934624	0.0455231031	-0.0189077502	-0.0831340784	0.0098749581	-0.0150999202	0.0646991243	0.0343839928	0.0324984829	-0.0194393098	0.0294350336	0.0002938412	0.0830744483	0.0237745723	-0.0219812019	-0.148529113	0.0279246708	0.0063373183	-0.0344151289	-0.0378989146	0.0474821694	-0.0625650618	0.0244153202	0.1747295072	0.1043547111	-0.0632237698	0.1208397719	-0.0459834386	-0.0027402819	-0.0324290952	0.0197195306	0.0907972943	0.0759072909	0.0172104386	0.1432894783	0.0066192506	-0.0578917021	0.0726317697	0.0539173103	-0.0175331866	0.0198192155	-0.068950836	0.0263927202	0.1038970149	0.0042383848	-0.0764857791	-0.0865091533	0.0245758191	0.1082394618	0.0661037558	0.1077480848	0.0295910845	0.010930714	0.0255374	-0.0396400936	0.0492005959	-0.0487371944	-0.1084161417	-0.0613836948	0.0801303466	0.0281388776	0.0382569668	0.0243956782	-0.0367624132	-0.1208053091	-0.0727175514	0.0633624272	0.1459794223	-0.1197342971	-0.0486228911	0.0588463482	-0.0786051817	-0.0251354181	0.0030890789	-0.0995986133	0.0185035046	-0.0126116666	-0.0195917429	0.0721312269	-0.0164570246	0.013631347	-0.0213294124	-0.0500191258	0.0322234311	-0.0495567332	-0.0340956711	0.0068343482	0.0604982423	-0.0132645626	0.0458532514	0.0563264248	0.0364583075	-0.0806045434	-0.1043388244	-0.0227800054	-0.0467941661	0.005691032	-0.1220160035	-0.0684115434	-0.0975880163	0.0885792688	-0.1374055993	-0.0514271903	0.1260675693	-0.0091257156	-0.0775042937	-0.0144427574	0.0043142061	-0.0122770903	0.0401322771	0.1039661826	0.1133299777	0.027160857	-0.0332548146	-0.0359648406	0.0315452864	-0.0385053254	0.0715384445	-0.1085017607	-0.0074496766	-0.0607543934	-0.028457626	0.072469836	0.0200581512	-0.1122993185	-0.0808931052	0.0529272111	-0.0057842752	0.0254151541	-0.094008717	-0.0676964874	0.075303958	0.0547128251	0.0678977563	0.0828156868	0.0090603973	-0.0723641015	0.0566524005	0.081897349	-0.0199368841	-0.0656094789	0.0938471165	0.0203841158	-0.0653386793	0.0486329035	-0.1737638359	-0.0380296759	-0.0972924366	0.0342753752	-0.1427678178	0.0024986047	0.002970707	-0.0387230076	0.1036926782	-0.0073849817	-0.062407438	0.0054136926	0.0545129082	-0.0849072673	0.0693033112	0.0	0.0361574	-0.0108694	0.0013073575747599	0.00011814385636	-0.573205	0.055012	0.003026320144	0.328563972025	2.55789	0.0470000000000001	6.5428012521	0.002209	-0.0131578	0.0003081999999999	0.00017312770084	9.498723999999989e-08	-0.00208487	0.00021344	4.3466829169e-06	4.555663360000003e-08	0.00136459	-0.00042887	1.8392947690000002e-07	1.8621058681e-06	0.0	0.0	0.0	0.0	0.0	0.0	0.0	0.0	0.0	0.0	0.0	0.0	0.0
3624.2245647271466	1.1865980366856093	13135003.695571676	1.4080149006661424	8264.87870711854	-4.153759279732185	17.25371615396124	68308220.04338142	3591.762199815271	-1.37099693561413	1.879632597463335	12900755.700021831	3698.3904149700734	5423.318045819587	0.911202	40.194927	0.0527691000000002	0.0309773	-0.0096014509	0.0344853756	0.0080368079	-0.038305374	0.0722407435	-0.0648879867	0.00537841	0.0358740707	-0.0909386137	0.0024387996	-0.0463102818	-0.0183344248	0.06054277	0.0220000815	-0.0022026687	-0.1171751625	0.1109685424	0.1010401564	0.0993983073	0.0413950031	-0.0359288452	-0.1176469051	-0.0527539667	-0.0130553878	-0.0560382549	0.0632501568	0.0382862613	-0.0067903757	-0.0561860051	-0.0069142818	0.0596913157	-0.1876802959	0.0086584694	0.095279896	0.030109574	0.0674829579	-0.0422575837	0.0096757055	0.0316384191	-0.1196083131	-0.0884466579	0.013949772	-0.0202950838	-0.09125163	0.0243273581	-0.0247340238	0.0291175823	-0.0383123389	0.0504026779	0.1060227282	-0.0299450589	0.0487497971	0.0849764438	-0.0418184928	-0.0710763938	-0.0127265119	-0.0483281729	-0.0536346933	-0.0386415694	0.0481841257	0.0683334586	0.0274781995	-0.0221631574	-0.0680175347	0.09015127	-0.0217246172	0.0349882587	-0.1055660501	-0.0032354906	0.0340415172	0.0407335518	0.0007973976	-0.030693746	-0.0197902538	0.0209061257	0.0342710381	0.0053896302	0.0187773736	-0.1135270206	0.1401363108	0.0099064039	-0.0822879908	0.0476642964	0.0191162281	-0.0531425687	0.0188501824	-0.0486957926	-0.1032782314	0.1062731025	-0.0061361791	0.1070029255	-0.0348032183	0.0305608137	-0.0174347493	-0.0953062749	-0.0655480633	-0.0358835103	0.0560817913	-0.0605888947	-0.0909123315	-0.0723690181	-0.0422904851	0.0084469969	0.068652687	-0.0406524861	-0.1119523276	-0.0078438937	0.0679970355	-0.0839901623	0.1291593621	0.0892173126	0.0173563603	-0.0400472064	-0.05940287	-0.0207009747	0.0421643221	-0.1345557296	-0.0728444925	-0.0100905659	0.0703790549	0.0165396562	-0.0038967352	-0.0816668105	-0.0496415718	-0.066984498	-0.0291390016	-0.0098134382	0.0349973013	0.0176726119	0.0986674262	-0.0285115664	-0.1121117918	0.0039914888	-0.02891619	0.0148670441	0.0375349708	-0.0292573958	-0.027745876	0.0021432379	-0.005684146	0.1006786493	-0.1291700948	0.060090688	0.0623011087	0.0126655784	0.0350554418	0.0027611279	-0.0182768126	0.0423705756	-0.0353916017	0.0097011523	0.0674911031	0.0367840973	0.040384067	0.0471949521	-0.105902613	-0.0998350443	0.1006459034	-0.0065254135	0.0734852157	-0.0630773808	0.0073780714	0.0522027924	-0.0843201134	0.0720771819	0.0	0.0517195	0.0155621	0.00267490668025	0.00024217895641	-0.585056	-0.011851	0.000140446201	0.342290523136	2.55927	0.0013800000000001	6.549862932900001	1.9044000000004385e-06	-0.013233	-7.519999999999923e-05	0.000175112289	5.655039999999884e-09	-0.00208608	-1.2100000000001866e-06	4.3517297664e-06	1.4641000000004518e-12	0.0017677	0.00040311	1.624976721000001e-07	3.12476329e-06	0.0	0.0	0.0	0.0	0.0	0.0	0.0	0.0	0.0	0.0	0.0	0.0	0.0
3628.5005220694175	4.275957342270885	13166016.038658036	18.283811192920293	8222.687957892182	-42.19074922635809	1780.0593202814362	67612597.25286509	3591.2403239734067	-0.52187584186413	0.2723543943213944	12897007.06453262	3699.575739742261	5422.145543452672	0.986008	43.494766	0.2190207	0.12859	-0.0007001249	0.0130995455	-0.0114424738	-0.016524025	-0.0739878708	-0.0414807845	-0.0171908779	0.0839954627	-0.092760607	0.0188134081	0.0257112434	0.0378799674	0.1143411129	0.0960866651	-0.0251287828	0.0368288691	0.0296764106	-0.0008856401	-0.0288306857	0.0638775854	-0.0029006688	0.06070646	0.0170735167	-0.0235283889	-0.0337867793	-0.0866431316	0.0342711667	0.0505833861	-0.0889901066	-0.0049441402	-0.0453173903	-0.0084862438	-0.0048564023	-0.0369490844	0.0948042022	0.0147149992	0.0155446267	0.0137179805	0.0025928085	0.0194553139	0.0339312168	0.0588905474	0.0474332455	0.0510048742	0.0237383555	-0.0453199659	-0.0077063099	-0.2130009863	-0.0816740858	-0.058900474	-0.0138079064	0.0659405311	-0.0679768741	0.1191231243	0.0395947347	0.038599413	0.02398726	0.0005337777	-0.066350778	-0.0394402183	0.0273542443	0.024734165	-0.0498831635	0.1559388088	-0.0127755681	0.0519827121	-0.0370256368	-0.178335361	0.1240516529	-0.0570467135	0.0486048145	0.0695005197	-0.0359493124	-0.0852802651	-0.0036927718	0.0704554918	0.0592274457	0.0779859779	-0.0642718791	-0.0464333203	0.044810854	-0.0674286825	-0.0349343531	0.0070395949	0.0074429563	0.0185311275	0.0164514276	-0.0799992448	0.0647729755	0.0368524776	-0.1014280076	0.0662831815	0.0143629099	-0.0132248778	-0.0004396743	-0.0691353912	-0.0047583151	-0.076942305	0.0028841396	0.0216986212	-0.0200710656	0.0691964186	0.0024608718	0.0233945718	0.0770303857	-0.086275309	0.0293500781	-0.0153475785	-0.0187860046	-0.0290570154	-0.0411461024	0.0957802366	0.0088147286	-0.0391162236	0.0315555814	0.0085269543	0.0130485373	0.0499638709	0.0254039543	-0.0651999964	-0.0170687289	0.0889927708	0.0147446043	-0.0531468692	-0.0765385023	0.1584333855	0.13262097	-0.0954996337	0.0097069828	0.0011471129	-0.0812069842	0.0930393548	-0.0085254154	0.0475256853	-0.0363582945	0.0331938933	-0.1042001731	0.0244298847	-0.122446403	-0.0169996312	0.0274794014	-0.012061677	-0.0177390018	0.0792526132	0.2193746648	0.0029994766	0.0088224992	0.0695761954	0.0297629289	0.0619555648	-0.0461009592	-0.044020035	-0.1236350533	0.0487929428	0.0326220802	-0.0368066314	-0.0325269248	-0.0109586893	0.0146603719	0.0489655154	-0.0637389706	0.0093385422	0.0498304656	-0.0835543317	0.0746124954	0.0	0.0420138	-0.0097057	0.0017651593904399	9.420061249000008e-05	-0.609857	-0.0248009999999999	0.0006150896009999	0.371925560449	2.60665	0.0473799999999999	6.7946242225	0.0022448643999999	-0.0151426	-0.0019096	0.00022929833476	3.646572160000004e-06	-0.00148613	0.00059995	2.2085823769e-06	3.5994000250000015e-07	0.00153457	-0.00023313	5.4349596900000006e-08	2.3549050849000004e-06	0.0	0.0	0.0	0.0	0.0	0.0	0.0	0.0	0.0	0.0	0.0	0.0	0.0
3639.271457280848	10.770935211430697	13244296.739779068	116.01304532883762	8201.138122461276	-21.54983543090566	464.39540709911694	67258666.50368766	3594.55573722451	3.3154132511031094	10.991965025590089	12920830.94801364	3700.272504629857	5404.276771589007	0.966816	42.648201	0.1441182999999999	0.0943198	-0.0082825018	0.00642086	-0.0114079443	-0.0154249243	-0.1458826296	-0.1441226418	-0.0692120732	0.0189424812	-0.085698143	0.0080978727	-0.0477169672	-0.0548782159	0.2029088797	0.0058848268	0.0657484052	0.0727918825	-0.0230800644	0.0528572394	0.2020019707	0.0220575	0.0370423441	-0.0152755333	0.1371539063	-0.0222546777	0.0542077738	0.0433751332	0.0425347874	0.0228660021	-0.0469562606	0.0254105313	0.1401228416	-0.0126697663	0.0372061218	-0.0765001288	0.0310989892	-0.0422495295	-0.1314152511	-0.0591841224	0.0360535279	0.1060104441	-0.0579756076	-0.056292429	-0.0707698787	-0.0024369997	0.0265091988	0.0167195306	-0.0642816848	-0.0425460294	-0.151117443	-0.0366157018	0.0457175818	-0.0778732521	-0.0114978955	-0.0252744991	0.0864368884	-0.0509256919	-0.036339506	0.0026567443	-0.0260884999	0.0429912054	-0.037136853	0.0066589609	0.0953154555	-0.0250291893	-0.0256422557	-0.0087642069	0.0179738621	-0.0581156255	-0.0072827793	-0.0432567472	0.0720501141	-0.0577501889	0.029704887	0.1495183787	0.0310057891	0.1049131066	0.0114748914	-0.0780041032	0.0354710872	-0.1385148169	0.1058520202	-0.0095252694	-0.0315959495	-0.034041019	-0.0643501757	0.0155463672	-0.0641737742	-0.1138857791	0.1690206737	0.1282358291	0.0527552578	0.0988949856	-0.0034327928	-0.0752927792	-0.0001119164	0.0987246585	-0.1269165626	0.0229268434	-0.0416770677	0.1810225004	-0.0102019282	-0.0402170818	0.0113073205	0.0596730451	0.0199264754	-0.033603226	0.0165682694	0.1411393594	-0.0033650722	0.0024469601	0.001241191	0.0530766606	0.0716096014	0.1051152015	-0.1278110605	-0.0130577824	0.0688975476	-0.1047048004	-0.057110023	0.0142598939	-9.97159e-05	0.0268569251	0.067611951	0.07123853	-0.0132489555	0.0468069673	0.0756358291	-0.0572121267	-0.0756053343	-0.0506898584	0.0337763147	0.0656726573	0.101494154	-0.0297747715	0.0470466005	0.0977441141	0.0288351628	0.0001993423	0.0051804283	-0.1119635277	0.0271300642	0.0050515941	0.0290682775	-0.0268019524	-0.0209260974	0.0236221878	0.044432967	-0.0521273779	0.0327118887	0.0804289532	0.1054832195	-0.0542637844	-0.032340326	-0.1247344881	-0.0847386218	0.0225880163	-0.051867984	-0.0694551897	0.0389842023	-0.0080828353	-0.0643921198	0.0112940664	0.0473987549	-0.0826115445	0.0769008606	0.0	0.0475431	0.0055293	0.0022603463576099	3.057315849000001e-05	-0.625253	-0.0153959999999999	0.0002370368159999	0.3909413140089999	2.67262	0.06597	7.142897664400001	0.0043520409	-0.0161252	-0.0009825999999999	0.00026002207504	9.655027599999968e-07	-0.00136704	0.00011909	1.8687983616e-06	1.4182428100000022e-08	0.00157734	4.276999999999992e-05	1.8292728999999927e-09	2.4880014756e-06	0.0	0.0	0.0	0.0	0.0	0.0	0.0	0.0	0.0	0.0	0.0	0.0	0.0
3641.534563702313	2.2631064214647267	13260773.978638597	5.121650674874881	8271.039079593265	69.90095713198934	4886.143807968212	68410087.45615901	3609.336063178302	14.780325953792271	218.4580353003454	13027306.816959444	3714.657097401761	5448.205442374093	0.962815	42.471695	0.0875351999999995	0.0403339	-0.0004622875	-0.000488993	-0.0167531668	-0.0326875098	-0.1059942156	-0.1525978819	0.0710665771	0.0817680093	-0.0388988581	0.0256200476	0.0387345124	-0.0155223323	-0.0085777387	0.1916828986	0.0403311045	0.1127529083	0.0019955658	0.1249732871	0.0667546337	-0.0087920012	-0.0111429578	-0.0220165587	-0.0230925702	-0.1304630435	0.0853931748	-0.0370180857	0.05104629	-0.0846656989	0.0513262746	-0.1143898675	0.1674691236	0.1058478534	0.0045175751	-0.1193935609	0.1057430599	0.0318110212	-0.026997985	0.0698295213	-0.099783887	-0.0482218757	0.0397563247	0.1430029238	0.0513463696	0.2044660372	-0.0684945423	-0.0386409389	-0.0293729641	-0.018289903	0.0776070342	0.0890485831	0.0078768943	0.0678020701	0.0347088205	0.003981836	-0.0397557544	-0.0001160207	-0.068545007	0.0592378286	0.0052228608	-0.0234610312	-0.0171299813	-0.0545636933	-0.0105860253	-0.0181883108	0.0288495231	-0.0093407507	-0.0148132225	-0.0879576388	0.0485812625	-0.1237493122	-0.0094977264	0.0721439292	0.0186150289	0.076753116	-0.1268423834	-0.1464791387	-0.1131875725	0.0169703966	0.0167954155	0.0243852381	-0.0286434022	0.0912195509	-0.06929272	0.0158887927	-0.0257204598	0.0277255833	0.0301038123	-0.0550471901	0.1325156475	-0.1087829191	0.0299490861	0.1805998632	0.0214682987	-0.1051042243	0.0823977917	-0.010215069	-0.037854662	0.0429747713	-0.1272253039	0.0280328152	0.0603976629	0.0667791375	0.0437061922	0.0225758997	-0.0311099653	0.1534898554	0.1078850209	0.1360032848	-0.0471282118	-0.0839868221	-0.1026813604	0.0277680565	-0.053302983	-0.1289262397	-0.0264226377	-0.0641321141	-0.0511347587	0.0649939007	0.0519244013	-0.2043504317	-0.0971950069	0.0291145339	0.0357041373	-0.0844905981	-0.0531363509	-0.0379109585	-0.0682352572	-0.0201149995	0.0200521036	0.0918420686	0.011910591	-0.0939409859	0.0703493781	0.0115778833	-0.030469719	-0.0188212132	0.0191823773	0.0557534152	0.0310039175	0.0433215887	0.0359704732	-0.0108028897	-0.0240256336	-0.0077406657	0.0877920913	0.0164891596	0.0680853645	0.0730323956	-0.0048775733	0.0151476015	-0.0253911959	-0.1936834997	0.1360834798	0.0285509805	-0.0438427937	0.0295397174	0.0293546801	-0.062143324	0.0097265545	-0.060535509	-0.0650367418	0.0132436085	0.0449105582	-0.081493749	0.0789347034	0.0	0.0412234	-0.0063196999999999	0.00169936870756	3.993860808999997e-05	-0.599892	0.0253609999999999	0.0006431803209999	0.3598704116639999	2.6912	0.0185799999999995	7.242557439999999	0.0003452163999999	-0.015686	0.0004392	0.0002460505959999	1.928966400000006e-07	-0.0012754	9.163999999999982e-05	1.6266451600000004e-06	8.397889599999967e-09	0.00136269	-0.00021465	4.6074622500000014e-08	1.8569240361e-06	0.0	0.0	0.0	0.0	0.0	0.0	0.0	0.0	0.0	0.0	0.0	0.0	0.0
3638.357157647703	-3.1774060546099463	13237642.806606272	10.095909235871945	8248.509302890501	-22.52977670276414	507.59083827641376	68037905.71987115	3615.637389635609	6.301326457306914	39.7067151215561	13072833.733331	3718.784021015257	5454.466418958392	0.965131	42.573875	0.1879252999999997	0.108966	-0.0034769205	0.0122795559	-0.0084166253	0.0196075758	-0.1173945198	-0.1535336956	0.0318414836	0.0169341048	-0.0319380653	0.0084289839	-0.0125300817	0.0053950428	-0.060964257	-0.1799895572	-0.0332941491	0.0052214365	0.0125509949	0.2624225065	-0.0897688203	0.0653050392	-0.1387257937	0.0335220314	0.0738303055	0.0307012519	0.1234303737	0.0490369777	-0.0074340973	0.0117496917	-0.0310612608	0.075019169	0.0504432024	-0.0603411897	0.0156727046	-0.1877485227	0.0467038539	-0.0820739583	0.0349470662	-0.0750220687	0.0346254521	0.102213852	-0.0866948279	0.0874808342	-0.0541107294	0.0021390232	0.0868862649	0.015036047	0.0376923416	0.0785117567	0.0044156893	0.069246813	0.0215488128	-0.069500915	-0.0377699397	-0.0502813074	-0.1634981334	-0.0571666606	-0.0462541559	-0.0518341885	0.0382032777	0.0488292667	0.0983862085	0.0030009305	-0.0208209773	-0.0159785032	-0.0565427255	-0.0030180016	0.0595776861	0.1208550423	0.0134845364	-0.014453796	-0.0109016447	-0.0629711818	-0.1370149397	0.0031010375	0.1412562438	0.0681608634	-0.0133985346	0.0064128963	-0.0240600429	0.0931828271	-0.0061016262	-0.0791910621	0.0803772198	-0.0262397965	0.0531013428	0.0254513944	-0.0019883087	-0.1136643834	0.0140625975	-0.0502063921	0.2584088465	-0.1078955474	0.1828747226	-0.0309240351	0.1522584171	-0.012940303	0.1362635854	-0.0920155209	-0.0229057398	0.082908047	0.0864653078	-0.0573754599	0.0132715816	-0.0258955773	0.0340751176	0.0314621729	-0.0413508659	0.0337028678	-0.0923995173	-0.0720408696	-0.0100947657	0.1111843461	0.1447820405	0.1195040955	0.0295836274	0.0054044383	0.0153859303	-0.0735739285	0.0621107142	-0.0536384023	0.033544601	-0.0279873158	-0.0558502777	0.0820641192	-0.0309594293	-0.0513309164	-0.0569954157	0.0025916501	0.0621736144	-0.0032525537	-0.0623169287	-0.1199588391	-0.0637515066	-0.1057184858	0.1137947207	-0.0530936332	-0.020869936	-0.0366236722	-0.0136698991	-0.0290431698	-0.0826370443	-0.0360695684	0.0355116748	-0.0075927389	-0.0694833137	-0.0308389411	-0.0141743112	-0.0747154971	0.1060006183	-0.0122996215	0.1137602978	0.1328504091	-0.0468417694	0.0578742625	-0.0226507094	0.0088884957	-0.0110164616	0.1286883168	-0.0281099948	0.0455109496	-0.0656727513	0.0151861356	0.0423688407	-0.0802033134	0.0807072924	0.0	0.0419882	0.0007648	0.00176300893924	5.849190400000046e-07	-0.676877	-0.0769849999999999	0.0059266902249999	0.4581624731289999	2.61375	-0.0774499999999998	6.8316890625	0.0059985024999999	-0.0158723	-0.0001863	0.00025192990729	3.4707690000000135e-08	-0.00151976	-0.0002443599999999	2.3096704576e-06	5.971180959999995e-08	0.00158654	0.00022385	5.010882250000003e-08	2.5171091716e-06	0.0	0.0	0.0	0.0	0.0	0.0	0.0	0.0	0.0	0.0	0.0	0.0	0.0
3632.19071980573	-6.1664378419727655	13192809.425042868	38.02495565891374	8292.950522998524	44.44122010802312	1975.0220446897583	68773028.37690149	3608.0391124105217	-7.598277225087259	57.73381678927973	13017946.236684106	3719.762918565112	5517.943120509556	1.017649	44.890537	0.1706030999999998	0.0749458999999999	0.0089596629	0.0002276828	-0.0100912596	-0.0089207672	-0.0584926297	-0.0616301504	0.1199749097	0.0688146385	-0.0788484067	0.0190108092	0.0333493411	0.0106925557	-0.0916488143	0.0830987681	-0.0671116881	0.00323865	-0.0827896825	-0.0183571096	0.0055265807	-0.0540205375	-0.0142170433	0.0176058234	0.0299241096	-0.0115155101	-0.0528838086	0.0042692139	0.0173356037	0.0377007537	0.0059098171	-0.0070817692	0.0062778925	-0.1306290105	0.0704984288	-0.1060685954	0.0482555743	-0.0420359038	0.0616475466	0.124732035	0.0178864059	-0.0111038229	-0.0710039955	-0.0971234961	-0.0544869393	-0.1583346544	0.0075923448	-0.060353983	0.0693963827	0.0704188224	-0.0556013717	0.1149886417	-0.0355325737	-0.0700458324	-0.0118252862	-0.0288346213	-0.0675555956	0.1512520563	0.037177749	-0.0302630551	-0.0061693463	0.1256330108	-0.0523454458	0.0798579149	-0.0008976017	0.0764531789	0.1113039765	-0.1151974831	-0.0189139009	-0.0358412912	0.0651031492	-0.1191826881	0.0165030224	0.0499492015	-0.0317398276	0.0361647519	-0.0287023277	-0.0157519382	0.0740813497	-0.0007253595	-0.043930348	0.0778432137	-0.0469111657	-0.0522309355	-0.0911626724	-0.0410630276	0.0651905813	0.0185859709	0.0304259612	0.0207119537	-0.0095060759	-0.0914783048	0.0045922095	0.0986867253	-0.0072623477	0.08675918	0.0379527331	0.0373727245	-0.0001815158	-0.0104832915	0.0079694261	-0.0143497846	-0.0431221845	0.0091475295	-0.0351756574	0.0067495121	0.0393607431	0.0219543819	0.0004209262	0.0424064995	-0.1700541156	-0.0207960825	-0.0040226474	0.0349656801	0.1144549077	-0.0206764543	0.0159816965	0.1229519616	-0.0012189088	-0.0395926949	-0.0305437414	0.192880184	-0.0020963597	-0.0376193647	-0.130133228	0.0347413621	-0.0329584661	-0.0946906213	0.0604276442	-0.0031407617	0.042691117	-0.0936856054	-0.0158224215	-0.137483335	-0.0747042548	-0.0129438091	-0.0429513809	0.0885754559	-0.0793031989	-0.1135968121	-0.0311335511	0.1703156091	0.0686940711	0.0726579246	0.0497885329	-0.0038383019	0.034070551	0.0016405054	0.1225443733	0.000483728	0.0625393085	-0.0120589001	-0.0048270697	-0.0812098193	0.0287703332	-0.0034521935	0.0890457159	-0.0373556813	-0.016393167	-0.0271311191	-0.0572794355	0.1201254357	-0.0663000642	0.0171206189	0.0397766315	-0.0787429712	0.0822127608	0.0	0.0640004	0.0220121999999999	0.0040960512001599	0.0004845369488399	-0.626184	0.0506929999999999	0.0025697802489999	0.3921064018559999	2.65381	0.0400599999999999	7.0427075161	0.0016048035999999	-0.0157534	0.0001188999999999	0.00024816961156	1.4137209999999563e-08	-0.000799092	0.0007206679999999	6.38548024464e-07	5.193623662239999e-07	0.00126935	-0.0003171899999999	1.0060949609999999e-07	1.6112494225e-06	0.0	0.0	0.0	0.0	0.0	0.0	0.0	0.0	0.0	0.0	0.0	0.0	0.0
3634.788517352197	2.5977975464666088	13211687.56587538	6.748552092427932	8256.233763732058	-36.7167592664664	1348.120411031646	68165395.96138923	3608.0528548417615	0.0137424312397342	0.0001888544163788	13018045.403331785	3712.956854180976	5472.963137844631	1.022104	45.087051	0.3754061	0.210736	0.0078823715	0.0412303247	0.0072124002	0.010277226	0.0998211904	-0.0905121619	0.0267457114	-0.1106639559	-0.1185974973	0.0171351109	0.0031538862	0.0623420974	-0.0495590369	0.0970940291	0.1009208912	-0.1030136705	-0.0534595412	-0.014146333	0.0038823079	-0.0661186708	-0.0550338757	0.1085281656	-0.0099220264	0.0114530133	0.0018808156	0.0742960958	0.0229346612	-0.0396087992	-0.0216544909	0.0317064108	-0.0964118357	-0.074338955	0.012578377	-0.0819575667	0.0500046835	-0.0765692875	0.1471760452	-0.0106993892	-0.0175932443	0.0532277431	0.0147453828	0.0120033381	-0.0429772981	0.0187341426	0.0492759102	-0.014152444	-0.1727653004	-0.1668629733	-0.0130477603	-0.0138099672	-0.0433868243	-0.1298227241	0.0013825986	0.1611624388	-0.0456422443	-0.0048838795	-0.0065299829	-0.1856188145	0.0413639506	0.0441330776	-0.0624972509	-0.1137190416	-0.0939802873	0.0948634126	0.0103636664	-0.0260690033	0.107964961	0.0110382394	0.0181561251	0.0481130441	-0.0412078007	-0.1574425505	-0.117157183	0.0795334132	0.0546534831	0.0175651993	0.0026648974	0.0904877662	0.0296374331	0.0181941558	-0.0637371721	0.1002659472	-0.0635559776	-0.0225973214	0.0106631803	0.0249379992	-0.0060795035	-0.0773576823	0.0098886215	-0.1097067408	-0.0257277145	-0.0495023872	-0.1460418686	0.0195521222	0.0510265315	0.0599851114	-0.0518005974	-0.0884965526	-0.0022147544	-0.0533132385	0.0140469602	-0.0425833583	-0.013196317	-0.0009668117	-0.0327505515	-0.0059734911	-0.054940448	-0.0429699597	-0.121097226	-0.0493980855	-0.0855206662	0.0557610495	0.0716474082	0.0339115524	0.1435648633	0.0220656635	0.0426343552	0.020699655	0.0273597364	-0.0351732016	-0.0616521438	0.1327929396	0.1322835128	0.0870018997	-0.1688300164	0.0896404035	0.0113048305	0.0852454774	-0.0152601514	-0.018929483	-0.2090192772	0.034852346	-0.1312495511	-0.0901816666	-0.0288817406	0.1141377754	0.0406674974	0.0597278488	-0.0409077486	0.0314275515	0.0057989238	0.015119081	0.0492877954	0.1111111134	-0.0635284873	0.0041789649	-0.0652802275	-0.0570534193	-0.0160923285	-0.0031342149	0.1731511539	0.0204254326	-0.0156415796	0.0477349244	0.0619905592	0.0588485365	0.0725319761	-0.0730809803	-0.1094786127	-0.0299526644	-0.0669185973	0.0190460337	0.0371370197	-0.0771158161	0.0834461259	0.0	0.0567652	-0.0072351999999999	0.00322228793104	5.234811903999996e-05	-0.664351	-0.038167	0.001456719889	0.441362251201	2.5752	-0.0786099999999998	6.631655040000001	0.0061795320999999	-0.0125619	0.0031915	0.00015780133161	1.018567225e-05	-0.00228334	-0.001484248	5.2136415556000005e-06	2.2029921255040003e-06	0.00162148	0.00035213	1.239955369e-07	2.6291973904e-06	0.0	0.0	0.0	0.0	0.0	0.0	0.0	0.0	0.0	0.0	0.0	0.0	0.0
3630.630974262924	-4.157543089272622	13181481.27127735	17.285164539158536	8284.921440550735	28.687676818677573	822.9828012528906	68639923.27609727	3602.225686961207	-5.827167880554498	33.955885508166	12976029.89980314	3712.9427223864304	5520.102878069197	1.037549	45.768387	0.2221852	0.110878	0.0085440244	0.0210417495	0.0012172589	0.0267892485	0.015575956	-0.0151901721	0.021343871	0.0883178614	-0.0425227594	-0.0018288418	0.1112697673	-0.1031321579	0.0129686934	0.1033483299	0.0549108393	0.0416428649	-0.0688061623	0.0373816205	-0.0234944657	0.0061134178	-0.0250826256	0.1318062947	-0.0970664034	0.121075813	0.0161278438	-0.045422901	-0.060884391	0.1050909462	-0.1437139622	0.0056711785	0.0058407136	-0.036734025	-0.074480058	-0.0456733206	-0.0749939261	0.0318300478	0.0438012617	0.0435545144	-0.0115665352	-0.0174959362	-0.0221084065	0.0765624776	-0.0544525259	-0.0671877068	-0.062341621	-0.0354949243	0.088018098	0.0305620808	-0.0350209604	0.1285842735	0.1058098463	0.1027496459	0.0030053942	0.0983054861	0.0113454997	0.0462665402	0.0257892713	-0.1112117584	-0.0255094211	0.02410015	-0.1044807109	-0.0241943871	0.0850979839	-0.0707685838	-0.0581259098	-0.0459942374	0.0779902075	0.0865294383	-0.0609513115	0.0116194177	0.090728743	-0.0359360031	0.0168249115	0.0526717882	-0.0213552173	-0.0711307805	-0.0691562189	0.0401612619	0.1276591268	-0.0374475378	0.0025222435	0.0384978509	-0.0280388418	0.0162632646	-0.0116915779	-0.0003841447	0.1001876335	0.0295078421	0.1000710979	0.0071656325	0.0319571134	0.0673738635	-0.0883350971	-0.0113901418	0.1158012138	-0.0084650132	-0.0347232181	-0.1171556795	0.0717392356	-0.1211945832	0.0833182559	-0.0031654236	0.0159736692	-0.0587400114	0.1728811251	-0.0654467033	0.0232397909	-0.0771281509	-0.0229725327	0.0389536418	0.0170061978	-0.0301848518	-9.75609e-05	-0.0311006244	-0.0207532066	0.0305684743	-0.0008000436	-0.0234971554	0.0661144863	0.0244407834	-0.1117405565	-0.0947662149	-0.0993579818	-0.0063574251	-0.0657350831	-0.0638218241	-0.0609443411	-0.1544574807	-0.0028835167	0.061377628	-0.0783046664	0.0286845563	-0.030533736	0.0541062291	-0.0762327908	0.0835677166	0.0066784316	-0.0297635381	0.0757230644	-0.0484585385	-0.0180314544	0.0781824502	0.0386647124	-0.0842008819	-0.1304386413	0.0375318545	-0.0617319481	-0.0258151113	0.0249714722	0.0333563477	-0.0162150748	-0.0485208638	0.0875756449	0.0136530834	-0.0354234144	0.1380281396	0.0263024721	-0.0228370873	2.18095e-05	-0.0276073049	-0.0675282686	0.0209613602	0.0344531511	-0.0753252952	0.0844033055	0.0	0.044893	-0.0118722	0.002015381449	0.0001409491328399	-0.607888	0.056463	0.003188070369	0.3695278205439999	2.55241	-0.02279	6.514796808100001	0.0005193841	-0.0144248	-0.0018628999999999	0.00020807485504	3.470396409999996e-06	-0.00163597	0.00064737	2.6763978409e-06	4.190879169e-07	0.00173241	0.0001109299999999	1.2305464899999993e-08	3.0012444081e-06	0.0	0.0	0.0	0.0	0.0	0.0	0.0	0.0	0.0	0.0	0.0	0.0	0.0
3626.3399507042304	-4.291023558693723	13150341.43807356	18.412883181264547	8236.861169186384	-48.06027136435114	2309.78968361507	67845881.9204505	3596.869178909778	-5.356508051429046	28.69217850502419	12937467.8901911	3705.5613923604296	5505.737061538696	0.988692	43.613167	0.2154306999999999	0.122819	0.0165985715	0.0366856495	0.0050816048	0.0567994453	0.07667686	-0.0578554844	-0.0496200182	-0.1377458327	-0.0078396457	-0.0113798339	-0.0567299294	0.0459690318	0.0074575455	0.0415549058	-0.0152704707	-0.1376095345	-0.0936133953	-0.0181247592	-0.098170673	-0.0272367103	-0.1225404395	0.0308895998	-0.0420716206	0.1084055827	-0.027257008	-0.0157741941	0.0652557102	-0.0344615968	0.0206784084	-0.0650317756	0.0167403534	-0.0173549101	0.0364041136	0.0584163574	-0.0561980008	0.0143500769	0.0411863331	-0.0539379842	-0.0135975781	-0.0212269596	0.0835375564	-0.0273187621	0.1398818742	0.0133469495	0.0717967519	-0.0022865507	-0.1015876623	-0.0132006308	-0.0218791662	0.0942784014	0.1867206972	-0.0467771564	-0.0397365614	-0.1251667134	-0.0138668882	0.001593938	-0.0355489675	-0.0141492912	-0.0326242548	-0.0480772723	-0.0231714014	0.0153887918	0.039270331	-0.138359022	-0.0235342454	0.0642996887	-0.0222508927	-0.0916259258	-0.0777168003	0.0119961257	-0.044719297	0.0092849859	-0.1286926102	0.0076653931	0.015293862	0.1131505499	-0.0061768035	-0.089308821	0.0528682663	-0.0081286774	0.0384910084	-0.0243329139	0.0007465444	0.0044006296	-0.1208210203	-0.0102981526	-0.0457574856	-0.0776096874	-0.0252857502	-0.0146395059	-0.0028891017	-0.0547931063	-0.1088033457	0.1411489724	0.0467635256	0.0167598251	0.113480182	-0.0868117135	0.0591961738	-0.1212544352	0.0352135029	0.0251285025	-0.0211721905	0.0732487919	-0.0415090836	0.0036435557	0.0353803354	0.0266048128	-0.0093596411	0.0017192775	0.0639534359	-0.0753047349	-0.0787948041	0.0217923043	0.0505929924	-0.0341345207	0.0074826283	0.1264513446	-0.036928929	-0.0084169593	0.0886437741	0.0687025607	0.0460683319	0.0748175906	-0.1435518461	-0.068972717	-0.0538840898	-0.0581944011	-0.0483930494	-0.0233030282	0.1506661179	-0.0288721584	0.0277566439	0.0236448021	-0.0215334874	0.0133408072	0.0385465818	-0.0170862435	0.0669445294	-0.1134288014	0.0022106468	-0.097574972	-0.0032131293	-0.0135364168	0.0427179368	-0.0979095982	-0.0114527007	0.095366356	0.0379421625	0.0095482961	0.1069045177	0.0769043232	0.0133113012	-0.0175545741	-0.0517677614	-0.0031618565	-0.0005933272	-0.0309008157	0.083585455	0.0222022577	-0.0681289976	0.0228655838	0.0317282239	-0.0733752016	0.0850811316	0.0	0.0561047	0.0112116999999999	0.00314773736209	0.0001257022168899	-0.629892	-0.022004	0.000484176016	0.396763931664	2.5072	-0.0452099999999999	6.286051840000001	0.0020439440999999	-0.0124898	0.0019349999999999	0.00015599510404	3.744224999999997e-06	-0.00220222	-0.0005662499999999	4.8497729284e-06	3.206390624999999e-07	0.00149356	-0.00023885	5.704932250000004e-08	2.2307214735999995e-06	0.0	0.0	0.0	0.0	0.0	0.0	0.0	0.0	0.0	0.0	0.0	0.0	0.0
3612.3894332526575	-13.950517451572978	13049357.417475456	194.6169371666422	8259.578163745975	22.716994559590603	516.061841820469	68220631.44302933	3597.459973565464	0.5907946556862953	0.3490383251874882	12941718.26140563	3710.400653162407	5540.873793007987	1.022979	45.125633	0.2347172999999998	0.126997	0.0157410006	0.0166009672	0.0003634476	0.0133506621	0.0627100035	0.0739412844	0.0135425429	0.0433608752	-0.0120705225	0.0052380991	0.0702670399	0.0071204753	0.0050130571	0.046251865	0.0529509043	-0.0301426696	-0.0202695736	-0.1211738128	-0.0756322069	0.0239063413	-0.0343781693	0.0046883147	-0.0556912633	0.016998593	0.1031768012	-0.0369601088	-0.0772432314	-0.0094019621	0.0830737347	-0.0814684436	0.0066756357	0.0116941504	-0.0011635924	0.1518531501	0.0184487001	-0.0077105198	-0.0226114111	-0.0901360227	0.060164298	0.0082374428	0.0347288439	0.0103574534	-0.0286485911	-0.0571914141	-0.1170294032	0.0302003651	0.0862459329	-0.0547518659	0.0342939715	0.0353365605	-0.0014732724	0.0382907785	0.0067507912	-0.0746370051	-0.0234055041	0.0519635508	-0.0908009769	0.0567929931	0.0595058064	-0.040031885	0.1093096067	0.0065457972	0.0943763393	-0.083087492	0.051476697	0.0328685336	-0.0364016678	-0.0883559427	-0.0569462222	0.0727154558	-0.0632051255	0.1140744704	-0.0521177365	0.0310695111	-0.0919176625	0.0505285761	-0.0323711403	-0.0011009975	-0.0009625115	-0.0254129931	-0.0203862824	-0.0733484203	-0.0111865734	0.019232112	-0.0188541978	-0.0008375003	0.0673326876	0.0396934778	-0.0116984524	0.0011323966	-0.1028998995	-0.0279426258	-0.1217778781	0.0080229241	-0.0555208008	0.0047911594	0.076973022	-0.0236990228	-0.0027309287	-0.0402465941	0.0731822421	0.0022836595	0.0542885885	-0.1009553174	-0.0708841933	0.0133585399	0.0785221649	0.0127354361	0.1279713599	0.0907165765	0.1008977581	-0.0019754512	-0.0420158814	0.0546826282	0.0249983454	-0.0412555224	-0.0418100919	0.0099831759	0.0463407686	0.0433392738	-0.0284061333	-0.0744170771	-0.0231251137	-0.0996698888	0.0093182998	0.0608271979	0.0173443944	-0.0358863787	0.0779740171	-0.0170437568	0.0655469003	-0.1286441738	0.0662996817	0.0053606836	0.0079098083	-0.0984467794	0.0671956071	-0.0628050241	0.096173853	-0.0612411236	0.1015266625	-0.0526355213	-0.0351669922	-0.034295973	0.0268126093	0.0028422452	-0.0199646992	0.1433473623	-0.0199002679	0.0786402506	0.0375725778	-0.0061683482	0.0182950943	0.0422069773	-0.033511221	-0.0613478243	0.0275343388	0.0252190388	0.0301172681	0.058283842	-0.0687207046	0.0247576959	0.0289654857	-0.0712696665	0.0854773608	0.0	0.0495739	-0.0065308	0.00245757156121	4.265134864000005e-05	-0.570531	0.059361	0.003523728321	0.325505621961	2.57585	0.0686499999999998	6.6350032225	0.0047128224999999	-0.014012	-0.0015221999999999	0.000196336144	2.317092839999999e-06	-0.00195021	0.00025201	3.8033190441e-06	6.35090401e-08	0.00172286	0.0002293	5.257849000000009e-08	2.9682465796000003e-06	0.0	0.0	0.0	0.0	0.0	0.0	0.0	0.0	0.0	0.0	0.0	0.0	0.0
3606.516682828517	-5.872750424140577	13006962.583520409	34.489197544243325	8227.627566256038	-31.950597489936627	1020.8406799639448	67693855.36901626	3587.3140358008773	-10.14593776458696	102.94005312287186	12868821.991453975	3697.685163991979	5473.670746394566	1.008067	44.467854	0.1868766000000001	0.0982983	0.0188961687	0.034264048	-0.0069416921	0.0277397122	0.0367267368	0.0912873912	-0.0305287396	-0.1785915447	0.0292356003	-0.024266919	-0.042725012	0.0737241945	0.0290552261	0.1207963411	0.0097064376	-0.1143454888	-0.0613107131	-0.0584873658	-0.1058402001	-0.0668243093	0.0059496974	-0.0587029085	-0.0403870962	0.0631167651	-0.0466586183	-0.0368131968	-0.0918735853	0.0145519164	-0.1514690688	0.0443485151	0.0928897064	0.0118289971	0.0649448091	-0.0521308691	0.0334043693	0.06736163	0.0430018149	-0.0687058783	0.0337624697	0.1552778628	-0.0482203911	0.0022270891	-0.0600225646	-0.0663981745	0.0062967617	0.0407036925	0.0358315779	-0.0178425874	-0.0735282225	-0.0241643146	-0.0086595295	0.1345608824	0.1143887075	0.0830634421	0.0565605724	-0.0773729701	-0.1088089363	-0.0048177775	-0.0494513832	-0.0148359281	-0.0337469699	0.0647432297	-0.0082629422	0.0045686297	-0.0246439875	0.0490114761	0.0921446792	0.0309165051	0.0209495302	0.0430592663	-0.1207251687	0.03638926	0.0738277904	0.0535834437	0.0666279018	-0.0072887757	0.0053261256	-0.0428497985	-0.0370310217	0.011412621	-0.0014718123	0.090467541	-0.023919884	-0.0139226337	0.0435231751	-0.0206703034	-0.04338066	-0.0875834626	-0.0046197645	-0.0414325136	-0.0927967411	0.0017523853	-0.1301830695	0.0894657898	0.0005576398	-0.0335381186	0.0671081652	0.0656947864	0.0822989936	-0.1138878358	-0.0387245951	-0.0166021118	0.0710281428	-0.0293725446	0.1260087953	-0.0692008679	-0.0240737716	0.0958566625	0.0182585917	-0.04353344	-0.0028182794	0.034763289	-0.0079486917	0.0949507003	0.026942813	0.0345613733	0.1381196362	-0.0740439896	0.0298508752	0.0320764673	-0.0002560916	-0.0600141107	-0.0161323618	-0.0738597837	0.0275941128	0.0580361793	0.0337433935	-0.1135808005	-0.0589037341	0.1282180803	-0.1124087151	0.034952192	0.1484296428	-0.0581309315	0.0009005782	-0.0433488847	-0.0248078074	-0.0021555215	-0.0055303971	0.0119402995	-0.0982649569	-0.0257176161	0.0599205123	0.0609236407	-0.1006681219	0.0821310757	0.0539264768	0.0512036548	-0.0820642646	-0.0262161733	0.0230297448	0.068406912	0.0449070462	-0.027193775	0.0193250517	-0.0109310831	0.0136102727	-0.0744357458	-0.0078004644	-0.0565710085	-0.0693033112	0.0266366943	0.0261682287	-0.0690131503	0.0855906817	0.0	0.0442558	-0.0053180999999999	0.0019585758336399	2.8282187609999992e-05	-0.652007	-0.0814759999999999	0.0066383385759999	0.425113128049	2.54092	-0.0349300000000001	6.456274446399999	0.0012201049	-0.0132305	0.0007815	0.0001750461302499	6.107422500000015e-07	-0.0023702	-0.0004199899999999	5.61784804e-06	1.763916000999999e-07	0.00182442	0.0001015599999999	1.0314433599999977e-08	3.3285083364e-06	0.0	0.0	0.0	0.0	0.0	0.0	0.0	0.0	0.0	0.0	0.0	0.0	0.0
3607.119889179129	0.603206350612254	13011313.894911652	0.3638579014189535	8226.017547212752	-1.6100190432862291	2.5921613197443047	67667364.6870521	3584.455278167975	-2.858757632902325	8.172495203677304	12848319.641186254	3698.4080875702143	5475.372092394147	1.053433	46.469021	0.4239563	0.253568	0.009741741	0.0079371008	-0.0096159282	-0.0120581653	-0.0324823123	0.1397900056	0.0129813929	0.0594852134	-0.1680880411	0.0051241527	0.0763637396	0.0236744451	0.1328199154	0.0931143844	-0.0487368964	0.0492990314	-0.0800250757	0.0235970791	0.0325560898	0.0659750181	-0.037162812	-0.0546175753	0.0118262466	0.0032532844	-0.0212636092	0.020117797	0.0505240855	-0.0562608676	0.01879499	-0.0272089802	-0.0148007011	0.0754499669	-0.026070246	0.0601782112	-0.0083359818	-0.0489143651	-0.0857130394	-0.0932829472	-0.0635332369	0.0579681552	0.0758767805	0.0092119018	-0.1022878086	0.0459435491	-0.0806655797	-0.0348818369	-0.0089902284	-0.0807496368	-0.0601320585	-0.0460456151	-0.1555746032	-0.1166471335	-0.0111322052	-0.0207962509	0.0549777154	0.0336989821	0.0851584031	0.0436230337	0.1032753845	0.0332783962	0.0450962557	-0.0184713206	0.0332103597	0.0695474018	-0.104471937	0.0159311005	0.068711478	-0.0477620634	0.0547488891	0.0329283639	-0.0039214953	0.0680881835	-0.0858131938	0.0374516635	0.0188966119	-0.0332996177	-0.0661142862	-0.0170072261	-0.0571090166	-0.0533028636	-0.0704419068	-0.0053015077	-0.0473084871	-0.1391327446	0.1158738359	-0.0036355474	0.0660380749	-0.0092978964	0.0661150514	0.064731621	-0.1026776183	0.1231381118	-0.0002050133	0.0294899553	0.0135241208	-0.0219027379	0.0290177966	-0.0204785148	-0.063639844	0.0112431339	-0.0672704106	-0.0201624366	0.0090803561	0.0785333599	-0.110800699	-0.025037092	0.0254534097	-0.0150273145	0.1127093797	0.0122300821	-0.0307086277	-0.0396758148	0.0350634107	0.0425438116	-0.059289712	-0.117976436	0.0561439234	-0.0564570746	0.0398643718	-0.0655075781	-0.0724048541	0.0177702621	0.0556317711	-0.0851149948	0.0168802478	0.0388102018	0.1686082267	0.0913076948	0.0217326511	-0.1534237796	0.0221915491	-0.012294936	-0.0213263003	-0.0079556253	0.0865678931	0.0191339286	0.0714708317	0.0018140644	-0.0941849522	-0.0380810501	-0.0428348468	0.0354423512	0.0272974041	-0.0290062846	-0.0029795648	0.116613983	-0.058779532	0.0859586136	0.0667150631	0.0267005673	0.0417092798	-0.0721459912	-0.0389538437	0.0213705544	-0.0722424847	-0.0511436765	0.0979550294	-0.0016514039	-0.2255638003	0.0258666112	-0.0698767404	0.0285015838	0.0233397865	-0.0666104333	0.0854207191	0.0	0.038009	-0.0062467999999999	0.001444684081	3.902251023999996e-05	-0.597741	0.054266	0.002944798756	0.3572943030809999	2.68442	0.1434999999999999	7.2061107363999986	0.0205922499999999	-0.0165711	-0.0033405999999999	0.0002746013552099	1.1159608359999996e-05	-0.00134792	0.0010222799999999	1.8168883264e-06	1.0450563983999994e-06	0.00186041	3.599000000000007e-05	1.2952801000000047e-09	3.4611253681e-06	0.0	0.0	0.0	0.0	0.0	0.0	0.0	0.0	0.0	0.0	0.0	0.0	0.0
3610.7674466765575	3.647557497428352	13037641.553979147	13.30467569704578	8194.02739236648	-31.990154846271253	1023.370007088412	67142084.90685223	3587.95081127649	3.4955331085152466	12.218751712726265	12873391.024139624	3700.957982325292	5431.171555807931	0.968531	42.723839	0.1931571999999998	0.110802	0.0169121222	0.0227208764	-0.0160093284	0.0213964884	-0.0220871478	0.0899033327	-0.0740417931	-0.0592421003	-0.086459546	-0.026708908	-0.0091218358	0.0361420641	0.0705950662	0.1773646286	-0.0656575084	-0.0144378638	-0.0132256513	0.0297570857	0.0613589327	0.0631418954	0.0857081214	0.0417265214	0.0115230785	-0.1144377545	0.0400823041	-0.0530557768	-0.0233824463	0.1372616612	-0.0030001966	-0.1039198978	-0.0178008688	0.0050561131	-0.0480291915	-0.1194225969	-0.0041639265	-0.0907008094	-0.0416466126	0.024926189	-0.070940494	-0.1121179836	0.1391410441	-0.031595894	-0.0886880207	-0.0126892266	0.0930270494	-0.1090965846	0.0281569205	0.1187272018	-0.0366228661	-0.1042393724	0.0486190191	0.02091701	0.0186539666	-0.0266603363	-0.0985285503	-0.0357147513	0.0027740748	-0.0970222944	0.1168596128	-0.0512671321	-0.017187486	-0.0241452601	0.0657856768	-0.0212180616	-0.1694062259	0.0615264072	0.0689945242	-0.0252725968	-0.037492115	0.0199548753	-0.0431345687	-0.0094397982	0.0737560811	-0.1563553	0.0178884501	-0.0728651125	0.0076540893	-0.051333932	0.0126616751	0.1045790633	-0.0538536397	0.0022915957	0.0192540397	-0.0193757861	-0.0164953232	-0.026220386	-0.0111235263	-0.0533036919	0.041364066	-0.013634738	-0.0871415021	0.1254333758	-0.0156753209	0.0651906171	0.0067272009	-0.1250630629	-0.0991033899	-0.0070644731	-0.0628001969	0.0666456265	-0.0010266691	0.095773187	-0.0843871071	-0.1119267933	0.0117822308	-0.0404585071	0.1017235374	-0.0377888177	-0.1232331199	-0.032690277	-0.1232417424	-0.0254880267	0.001428055	0.0258894269	-0.1308778263	-0.1012097203	-0.0221330087	0.0706742541	0.0390365253	0.0290581779	-0.0635833891	0.075162405	-0.1293994289	0.1472785383	0.0989882291	-0.036890193	-0.0174073163	0.0082666505	-0.045752487	0.0648605129	0.0006969925	-0.00226	-0.1063609514	-0.042908631	0.0135237113	-0.0461129668	0.1089451471	-0.0071954866	-0.0454646258	-0.1165342136	-0.0752332425	-0.0036673036	0.0353717406	-0.0547301103	-0.0392797927	0.0063487488	-0.0497456643	0.0980253658	-0.0678389473	-0.0913322378	-0.1307230513	0.0482515861	-0.0047039835	0.0069160918	0.012455292	0.005286154	0.0279618031	0.0434184169	-0.0508422601	0.0304131185	-0.0704409161	0.0303513764	0.0204835299	-0.0640666057	0.0849680357	0.0	0.0289088	-0.0091002	0.0008357187174399	8.281364004000005e-05	-0.642937	-0.045196	0.002042678416	0.413367985969	2.63759	-0.0468299999999999	6.956881008099999	0.0021930488999999	-0.014961	0.0016100999999999	0.000223831521	2.5924220099999936e-06	-0.00153405	-0.0001861299999999	2.3533094025e-06	3.4644376899999946e-08	0.00181602	-4.439000000000005e-05	1.970472100000005e-09	3.2979286404e-06	0.0	0.0	0.0	0.0	0.0	0.0	0.0	0.0	0.0	0.0	0.0	0.0	0.0
3618.86702770441	8.09958102785231	13096198.56420615	65.60321282674508	8220.015786964801	25.98839459832016	675.3966537979962	67568659.53795056	3588.0308004044155	0.0799891279252733	0.0063982605862457	12873965.02465075	3699.4584071759714	5444.6052583312985	0.926651	40.876423	0.1705100000000003	0.0863813999999999	0.0087695391	0.0105423761	-0.0136788996	0.0096083895	-0.0765621672	0.0366496522	-0.03343837	0.0876328874	-0.1265567105	0.0018077743	0.111577726	-0.0348701986	0.1268914385	0.0297300976	-0.0344106508	0.1003323153	0.0152891741	-0.0692211621	0.0661807345	0.0116844126	0.0254461023	0.0352382541	0.0426126259	0.0148146718	-0.1699921929	-0.1078480497	0.0918755193	-0.0360065667	0.0656520534	-0.0225305558	0.0041631826	-0.0800916452	-0.0726590962	0.031693985	0.1707682663	-0.1021972674	0.0331730897	0.0304820432	0.0188006483	-0.0546761903	-0.0013365218	-0.079042184	-0.0029993779	-0.0471564727	-0.0178433167	0.1613916782	0.0300453436	0.1188251932	-0.0198850095	-0.1127258968	0.0300331973	0.0731155404	0.0752541542	-0.1076797929	0.0313267655	-0.0050961808	0.0330664175	0.0342696346	-0.0026867575	-0.0294014038	-0.0052131216	0.0668292986	0.0843298147	0.052669557	0.0035745703	-0.033560538	0.0383759617	0.1020360328	-0.0496399787	0.0388726847	-0.0101656318	-0.0479686876	-0.044900722	-0.0644146919	-0.0682809402	0.0232922001	-0.0265248799	0.0480448735	-0.0896017475	-0.016650739	-0.0048101603	0.0594313633	0.0411104268	0.0250347221	-0.0252268018	-0.0020518861	0.1023765104	0.0103002674	0.0691444705	0.1176747856	-0.105126442	0.0875547985	0.040102378	-0.0162462459	-0.0279377383	0.0266337964	-0.0653677599	-0.0637087982	0.0366590977	0.0016875849	-0.1186073915	0.1080791292	-0.0462597782	0.1496747719	-0.0183243133	0.0455678548	0.0261005181	0.016806714	-0.0301538791	0.1119993407	-0.0693409242	0.1052270231	0.0639492827	0.0262373808	0.0434815402	-0.0313618953	-0.0877799538	0.0289725773	-0.018391955	0.1224039952	0.0604140211	-0.0974901359	0.0534215085	0.0419240563	0.1559354666	0.0221444799	-0.0468292613	-0.0180283085	-0.0885822857	0.0751856254	0.1138069351	0.0030024282	0.0095042099	-0.0077440768	-0.0148175517	-0.0491953807	-0.0242074049	-0.0548577597	-0.0445462144	0.0444616982	0.0482365399	0.1123852231	0.0608767593	-0.0661785325	-0.056438711	-0.0865724638	-0.077081788	0.0011566625	-0.0298662429	0.0225471522	-0.0242237991	0.058676682	-0.0129301522	0.084547109	0.0154984839	-0.077896057	-0.0019575994	0.0222625551	0.0062385642	-0.0903402959	-0.0709957637	0.0321850925	0.0176028627	-0.0613870563	0.0842341297	0.0	0.0464493	0.0175405	0.00215753747049	0.00030766914025	-0.608767	0.03417	0.0011675889	0.3705972602889999	2.67377	0.0361800000000003	7.149046012900001	0.0013089924	-0.0161621	-0.0012010999999999	0.0002612134764099	1.442641209999996e-06	-0.0015857	-5.165000000000009e-05	2.51444449e-06	2.667722500000009e-09	0.00141638	-0.0003996399999999	1.5971212959999998e-07	2.0061323044000003e-06	0.0	0.0	0.0	0.0	0.0	0.0	0.0	0.0	0.0	0.0	0.0	0.0	0.0
3626.041731119173	7.174703414763371	13148178.63581773	51.47636908981718	8230.578764824893	10.56297786009236	111.57650127280138	67742426.80398646	3603.755731090928	15.72493068651238	247.2734450956187	12987055.369370708	3710.88624081694	5437.430158669608	0.955361	42.142899	0.3186421000000004	0.190713	0.0159827989	0.0388449836	-0.0086536252	0.0575000231	0.0047061507	-0.0142302938	-0.0854043028	-0.0316890522	-0.0685740149	-0.0343015031	-0.0120824381	0.0391157069	0.0063031269	-0.033309726	0.0599836748	-0.0981021034	-0.0172917928	-0.0569101176	0.0628540836	0.0608164625	0.0030235684	0.0424044266	0.0151431716	-0.0458398661	0.0172782246	0.1259998546	-0.0278844567	-0.0334716516	0.0428082094	0.0131784034	0.0606617844	0.0982491711	0.0694630207	-0.0302670024	0.0738336764	-0.0748190331	0.0219780833	-0.0029619272	0.1392725669	-0.079518943	0.0623099068	0.0147191342	0.0430279602	0.0693119161	-0.0678444623	-0.0624226762	0.0808188872	-0.0142402079	0.015303603	0.0269975791	0.0011191358	-0.0415866017	0.0044854642	-0.0408787342	-0.0882024597	0.0030844044	0.0077366104	0.0333238027	-0.1002509467	-0.0373956779	-0.0033055547	0.005007754	-0.0474489316	0.0911395098	0.0256571042	-0.1361803946	-0.1013862456	0.0090785822	-0.0172373646	0.1386948237	-0.0065414471	-0.0865014708	0.0784763964	-0.0107259621	-0.0095410672	0.061103603	-0.0470930042	0.0192020564	-0.0714342023	0.0455468738	0.1162580525	0.0377593208	0.0032467655	0.0057890978	-0.0340490264	-0.0177839654	-0.0062657887	-0.0710719782	-0.0266396079	0.0110698117	0.0410710606	-0.0557540375	-0.0990293526	0.0090476314	-0.0900502611	0.0028260543	-0.0376652776	-0.0383415295	-0.0593544341	0.0634986596	0.0232188964	-0.1054372065	-0.0228325936	-0.012551555	-0.019863625	0.0583707921	-0.0170784411	0.0902296422	0.0574901968	-0.07110888	-0.0338476115	0.0353084783	-0.0064704059	0.0791696465	0.0169102301	0.0639463334	-0.0967883308	0.1395316119	-0.01348342	-0.056635039	-0.0874418776	0.027153327	-0.0429327216	0.0162408765	0.0200436053	0.0411336918	-0.0019741186	0.0771135619	-0.0078520034	-0.0155954883	0.0452181298	-0.094164859	-0.0010718386	0.0704767679	-0.0435398221	0.0063104165	-0.140155382	0.0134763293	-0.0201391418	0.0708161784	0.0639940639	0.0137332759	-0.1431130335	-0.0372315093	-0.0236961412	0.0487991733	-0.046411913	-0.0691569413	-0.1222185292	-0.0068458546	0.0349272099	0.0698250673	-0.0515467734	-0.0052568482	-0.033222832	-0.0859956622	-0.0974382756	0.0044918692	0.0035320948	-0.077798171	-0.0715412097	0.0340017607	0.0147012178	-0.0585774616	0.0832214302	0.0	0.0406327	-0.0058165999999999	0.00165101630929	3.383283555999998e-05	-0.641139	-0.032372	0.001047946384	0.411059217321	2.56328	-0.1104900000000004	6.570404358399999	0.0122080401	-0.0136579	0.0025041999999999	0.00018653823241	6.27101763999999e-06	-0.00228467	-0.0006989699999999	5.2197170089e-06	4.885590608999999e-07	0.00161248	0.0001960999999999	3.8455209999999944e-08	2.6000917504e-06	0.0	0.0	0.0	0.0	0.0	0.0	0.0	0.0	0.0	0.0	0.0	0.0	0.0
3622.305208066256	-3.736523052917164	13121095.020383922	13.961604524981404	8242.435331840186	11.856567015292969	140.57818138813315	67937740.19956744	3603.083065139445	-0.6726659514829407	0.4524794822844499	12982207.574294657	3713.981794659721	5485.734978768485	0.973277	42.933189	0.3486894000000002	0.207854	0.0150812237	0.0093585267	-0.0157840207	0.0268545018	-0.0619938695	0.0316527073	-0.0123630553	0.0599669403	-0.1514654813	-0.0163498128	0.0716800336	-0.1090975735	0.1190955911	-0.0737078332	-0.0714765655	-0.0517778618	-0.0355165033	0.1200711932	0.0375033641	-0.0619407241	-0.0005311484	0.0330169238	0.1024853587	-0.0322567798	0.0355987273	-0.0830769595	0.0394749091	0.0040284693	-0.0545904483	-0.0530187161	-0.0257990949	0.0336444622	0.0610597073	0.0075346965	-0.1888477922	0.0879193124	-0.0043146575	0.1250076014	-0.0684528733	0.0423193504	-0.1032304577	-0.0578746688	-0.0586370261	0.0110477785	-0.0142506735	0.0057957764	-0.0839902891	-0.0578924929	-0.0388575277	-0.0156374516	0.0114493327	0.0632219031	-0.0426244539	0.0293367517	-0.0700578856	0.0140620328	0.0729236385	-0.0013639291	-0.0797052313	0.0725450453	-0.1065304255	0.0071957964	-0.0269626593	0.0034555765	0.0413390032	-0.1062699434	-0.1650608615	0.0443625357	-0.0255740938	0.2345791245	-0.0076036492	0.0541714369	0.1666423905	-0.0039861252	0.0425035611	-0.1422344271	0.107718314	0.08839069	-0.0617084672	0.1447381874	-0.0289262723	0.0803536695	0.0290595767	0.0923952646	0.0236844801	-0.0125292912	0.0668314231	-0.0064507391	0.1044599742	0.1304741618	0.0684901673	-0.0728616857	0.0650150678	0.0892677505	0.1073148339	0.0104799006	-0.0476452376	-0.0134131359	-0.0105884718	0.0785088123	-0.0488086632	0.1097047338	0.0310398812	-0.0071152796	0.0095167295	-0.0267552139	0.0462624879	-0.0461562173	-0.028131456	-0.0641295241	0.0129394882	-0.1919001695	-0.0088577713	-0.1309789839	-0.0298256446	0.0939990637	0.1097872059	-0.1416006602	-0.0493564813	0.0096970169	-0.000532912	0.0521460357	0.0730375316	0.0179825368	-0.0206667442	0.0476892514	0.0210268953	-0.0562629735	0.0346519775	0.0031081623	0.0122509709	-0.0317318152	-0.0490769094	0.0996584094	-0.0226468185	0.0616432343	-0.0985300384	-0.0376118009	0.0756279419	0.1365426516	-0.0512496734	0.039159313	-0.1345828056	-0.0357259381	-0.0911468881	0.2056593705	-0.0230103266	-0.0178570486	-0.1150797166	-0.1577508688	-0.0556055866	0.0462084651	0.061223203	0.0345705289	0.2228495533	-0.0356598233	-0.0663491471	-0.0160296423	0.0374228455	-0.0282133753	-0.0720771819	0.0358004188	0.0117820532	-0.0556437736	0.0819332888	0.0	0.0246193	-0.0160134	0.00060610993249	0.00025642897956	-0.611533	0.029606	0.000876515236	0.373972610089	2.64493	0.0816500000000002	6.9956547049	0.0066667225	-0.016874	-0.0032160999999999	0.000284731876	1.0343299209999997e-05	-0.0012018	0.0010828699999999	1.44432324e-06	1.1726074368999997e-06	0.00174191	0.00012943	1.6752124900000012e-08	3.0342504481e-06	0.0	0.0	0.0	0.0	0.0	0.0	0.0	0.0	0.0	0.0	0.0	0.0	0.0
3622.393064088792	0.0878560225360161	13121731.510758588	0.0077186806958489	8243.979316202622	1.543984362435367	2.383887711444947	67963194.96597664	3604.755302341505	1.6722372020599323	2.796377259953231	12994260.789759194	3715.315388103108	5461.33220198495	1.02677	45.292885	0.3055554000000001	0.198837	0.0214485729	0.0239116078	-0.0137729043	0.0472485693	-0.0098873566	-0.0079389887	-0.088264724	-0.0541850872	0.016984007	-0.0196242724	-0.0457440027	0.0508706087	-0.0118010064	0.0401404343	0.0928577892	-0.0405424671	0.0107129814	0.0205004762	0.0427765582	0.0983190504	-0.0082049049	0.0137902599	0.0451091238	0.0652128253	-0.0357854422	0.0819941538	-0.0682854271	-0.1713377662	-0.1369462816	0.0939055757	-0.0316722965	-0.0282249817	0.02057981	0.06980658	0.0762691805	0.0187697595	0.0487478626	-0.0886481893	-0.0589351626	-0.0028101024	-0.106662997	-0.0239158019	-0.0454857011	0.1288678213	-0.0250602801	0.0866725338	-0.0374395329	-0.1341003351	-0.0856901581	0.0493999344	-0.0359721375	-0.0085231026	0.0718102951	-0.0171190881	0.0401717436	0.0052673929	0.0861897551	0.095112005	0.0773119299	-0.0605178536	-0.0387359032	-0.0603490934	0.1078684805	0.0290790034	0.0179906789	-0.0576119731	0.0153442837	0.0059184635	-0.0349113526	-0.0399389214	0.0455510806	0.1018672779	0.0397070854	-0.0811220442	-0.0345633355	-0.0458413584	0.0563978387	0.0556412711	-0.0077787775	-0.0316544422	0.022671557	0.0289853993	0.0310832703	-0.0290072833	-0.0899366035	-0.0142946927	-0.033052239	-0.07377702	-0.0208278415	-0.0308205186	0.0510625513	0.0070356208	-0.0833127407	-0.0703112699	-0.0397039471	-0.0555097965	-0.0448973969	-0.0834007209	0.0477446415	-0.0201075638	-0.1215144293	-0.1391443759	0.1765772753	0.0579122444	-0.023217741	-0.0626856224	-0.095215849	0.0393047345	0.0649675491	0.0009959728	-0.0211434786	0.0489883435	0.0126941558	0.0017341733	0.1124038595	-0.0445835242	-0.0067700693	-0.1233044056	-0.037680621	-0.0964480309	-0.008229473	-0.0474933451	0.0874989679	0.0121105579	-0.1032718928	0.0415664387	0.1067389058	0.0221050381	-0.0695711426	0.0358387175	0.0441642188	-0.0183060182	0.0053844019	0.0870556937	-0.01260898	-0.0275642299	0.1116933134	0.0208737464	-0.0400814027	0.0360818644	0.0661062781	0.110716306	-0.0037902289	-0.0591334217	-0.0139570493	0.0194731359	0.0082487379	0.0781495379	0.0631948181	-0.0040353954	-0.1268445964	-0.0336958907	-0.0335748937	-0.0030185145	0.0481478882	0.0185936124	-0.0061617074	0.0179630366	0.0385317151	-0.0574527973	-0.0726036092	0.0375801141	0.0088488477	-0.0525922072	0.0803739691	0.0	0.0322442	0.0076249	0.00103968843364	5.813910001e-05	-0.644087	-0.0325539999999999	0.0010597629159999	0.4148480635689999	2.56993	-0.0750000000000001	6.604540204899999	0.005625	-0.013668	0.003206	0.000186814224	1.0278436000000003e-05	-0.00178103	-0.00057923	3.1720678609000004e-06	3.355073929e-07	0.00171961	-2.229999999999984e-05	4.972899999999927e-10	2.9570585521000003e-06	0.0	0.0	0.0	0.0	0.0	0.0	0.0	0.0	0.0	0.0	0.0	0.0	0.0
3628.428965942604	6.035901853811993	13165496.760891316	36.432111188851046	8246.248454714507	2.269138511885103	5.14898958612014	68000613.5768814	3594.7965633097933	-9.958739031711502	99.17648310173416	12922562.3315839	3705.085495977237	5469.560004621233	0.958358	42.275097	0.2655196000000001	0.172542	0.0150247191	0.0025444437	-0.0189692891	-0.0067138295	0.0322325691	-0.0934026003	-0.0828912387	0.0413968329	-0.0254904753	-0.0206145941	0.0053615697	-0.1033703337	0.0636798045	0.0187032122	-0.1059897704	0.028864304	0.0241055768	-0.0846375271	0.0694460893	-0.0208462626	-0.0601127577	0.0194849939	0.0265193124	-0.2047963865	0.1047226963	0.0011040114	-0.0056962267	0.0609072718	-0.0271755029	-0.0679253945	-0.023031982	-0.1273560265	-0.0298416419	-0.0062611818	-0.0205965224	0.1180709439	0.0223546593	0.0344799327	0.028877842	-0.0325963174	-0.0102955614	0.1315405136	-0.0713666273	-0.0424793174	-0.1781907659	0.1037179203	0.0578078349	0.0186006996	0.007980052	0.1739911675	0.0776162628	-0.0246179072	0.0206333537	-0.0901243655	0.0259017687	-0.0281757528	-0.0081205403	-0.1184384185	-0.0354339428	0.040889004	0.0411051859	0.0007320265	-0.0116007059	-0.093534462	0.0354051997	0.04390373	0.0521478022	-0.0320522561	0.0761804477	0.1073707408	0.0486687341	-0.0461160234	-0.0607792379	-0.143748166	0.0335910279	-0.0071582391	0.0096502052	0.0217367266	0.0558402365	-0.0346704648	0.0143880886	0.026843953	0.0217046501	0.0172338135	0.0896939461	-0.0176043132	-0.007369099	0.0245925216	0.1232747177	0.0430112913	-0.025173403	0.0379327723	0.0527333335	0.0745940775	-0.0863258202	0.1091687961	0.0086184648	0.010106689	-0.1473425663	0.0933000552	0.0338187192	0.0177599813	0.0559186653	-0.0881748084	0.0547881612	-0.0518035685	0.0561375241	-0.0311307004	-0.1071790264	0.0674108488	0.1221094121	0.0622706815	-0.1066932963	-0.0900010371	0.0137427919	0.0491869675	-0.0682049912	-0.0165467471	0.1118467036	0.0373245176	-0.1332604304	-0.1896361354	0.0456111252	-0.0090975036	-0.0951413011	-0.0868400461	-0.0700129942	-0.0361439134	-0.0312615289	0.0083530875	0.0566118482	-0.0528425769	-0.0610628655	-0.0373996955	0.0153849651	0.028153876	-0.0123407091	-0.0417073989	0.1101214539	-0.0695987705	0.0268850609	-0.0470026882	0.0635939162	0.0425269147	0.0858970907	0.0344434896	-0.140863156	-0.0374202899	0.0173033172	-0.0425854675	0.0080059089	0.0786013555	-0.1074696705	-0.0136588318	0.013931405	0.0366392779	0.0003411566	-0.0024427031	0.0059051243	-0.0518603009	-0.0731204221	0.0393399038	0.0059050968	-0.049429227	0.078548632	0.0	0.0444053	0.0121611	0.00197183066809	0.00014789235321	-0.551714	0.0923729999999999	0.0085327711289999	0.304388337796	2.71449	0.1445600000000002	7.3684559601	0.0208975936	-0.013739	-7.099999999999988e-05	0.0001887601209999	5.040999999999984e-09	-0.00186092	-7.989e-05	3.4630232464000003e-06	6.3824120999999995e-09	0.00154199	-0.00017762	3.154886440000003e-08	2.3777331601e-06	0.0	0.0	0.0	0.0	0.0	0.0	0.0	0.0	0.0	0.0	0.0	0.0	0.0
3625.45215756632	-2.976808376284225	13143903.346802283	8.861388109115925	8214.65369689692	-31.59475781758738	998.2287215519988	67480535.35994223	3598.9933855529684	4.19682224317512	17.613316940809447	12952753.38925402	3709.939832558624	5464.329370901925	0.954237	42.093315	0.2563037000000003	0.147798	0.0320047838	0.0053143625	-0.031014137	0.0290280508	-0.0519771059	0.0023406046	-0.0408042755	-0.040182213	-0.0181382835	-0.0273445946	-0.033728829	0.0623832209	0.0372404701	0.0469488065	0.0982550596	0.0091551665	-0.1060914098	-0.0808484282	-0.0107578217	-0.0439279434	-0.00661762	-0.0943642372	0.0637332045	-0.0210876382	0.036736118	-0.0293219106	0.0379230889	0.0473565123	-0.0416952596	0.0900876275	-0.0087510925	0.0925951096	-0.0076002332	0.0182373644	0.0232614921	0.0237770241	0.0064708106	0.1153576705	-0.12840275	-0.0906938963	-0.0985528074	0.0014193329	-0.0704739349	-0.0739827098	0.0523426542	0.0563692726	0.0622705667	-0.0454048482	0.0142614009	-0.0055357176	0.0312975184	0.1259270634	0.0013846577	0.0082293658	-0.077274742	-0.0482715445	0.0422130721	-0.0768310868	0.0547687198	0.0273499094	0.0101642121	0.0110885148	0.074544977	0.0177960577	-0.0618585393	-0.0576361723	-0.1611764514	-0.0427395095	-0.0664427116	-0.1260449463	0.0345770673	0.0455434169	-0.0255720227	-0.0178182193	0.0251682672	0.0597650742	-0.0728714666	-0.040549015	0.0238185344	0.0749333683	0.0199862151	-0.0581093953	-0.0498826537	-0.0620937515	-0.0792562063	-0.0272516819	-0.026173936	-0.0651705656	-0.023585779	0.0046708545	-0.0217706992	0.0839815051	-0.1246054469	-0.0437131048	-0.0032919137	0.0863744358	0.0777599195	0.082112895	0.0204260529	0.0585858075	-0.0101125192	0.0420880547	-0.001804877	0.0058378379	0.0375991718	-0.0400767951	-0.0682989232	0.0177845624	0.0431146948	-0.0687789686	-0.1120787245	-0.0486885248	0.0051218033	-0.1471082734	-0.0038623872	-0.0295221729	-0.037582831	-0.1270660115	0.0216554858	0.1020482769	0.0158727976	-0.0345643111	-0.0583753448	0.0371884347	0.0052864182	0.0685684213	-0.0228616902	-0.0431261057	-0.0172002392	0.1448034107	-0.0117327468	0.0021738916	-0.1410373756	0.0235816139	0.0193584177	0.0202647703	-0.0081253301	-0.0425714805	-0.0629036872	-0.0658491716	0.0646520691	-0.004974628	-0.1249569781	-0.0925181916	0.0464014871	-0.0520867371	0.1185240511	0.0192080279	0.0733884744	-0.038146064	-0.0364060516	0.0247864335	0.0792956918	0.0659641034	-0.0755714179	0.0037812997	-0.0418074212	-0.0258975461	0.011808445	0.0866601698	-0.0736275519	0.0410788559	0.0029543088	-0.0461615335	0.0764633189	0.0	0.0401141	-0.0042912	0.00160914101881	1.8414397440000016e-05	-0.679031	-0.127317	0.016209618489	0.4610830989610001	2.66754	-0.0469500000000002	7.115769651599999	0.0022043025	-0.014746	-0.001007	0.000217444516	1.014049000000002e-06	-0.00154472	0.0003162	2.3861598784000004e-06	9.998244e-08	0.0017737	0.00023171	5.36895241e-08	3.14601169e-06	0.0	0.0	0.0	0.0	0.0	0.0	0.0	0.0	0.0	0.0	0.0	0.0	0.0
3626.0907457842486	0.6385882179288274	13148534.096662167	0.4077949120775155	8231.225852799398	16.5721559024787	274.6363512560596	67753079.03979318	3594.8771948602985	-4.1161906926699885	16.94302581842304	12923142.046126649	3705.5296933639743	5497.2247695486885	0.981271	43.285816	0.100739	0.058031	0.0217614371	-0.0065592672	-0.0196368283	0.0027438532	-0.0037813857	-0.0345538775	-0.0598510859	-0.0061419801	-0.0526998738	-0.0144603693	-0.0083900916	0.058370623	0.0338358472	-0.018035547	-0.0707611717	-0.1109661935	0.055551955	-0.0680952214	0.0418771889	0.0043799038	0.0604268511	0.0447550241	-0.0990781896	0.0119276959	0.017869057	0.1073540309	-0.11713841	-0.0379409335	0.1138048213	-0.0569846228	0.0317433626	0.1405979655	0.0764592782	-0.0688144087	-0.0665147302	0.0148652373	-0.0003367185	-0.0898402208	0.1147971045	-0.019360698	-0.0509656548	-0.0188842471	-0.0321676932	0.0280529985	0.0775480002	-0.1442119916	0.0535810388	0.0756514587	0.1553323928	-0.0077566156	0.0373654537	-0.0099475558	0.0140196149	-0.0175599702	0.0585520276	-0.1322921467	0.0058361488	0.0043725707	-0.0243659449	0.028061084	-0.0639047975	-0.0188429749	-0.0379303768	-0.0427541317	0.016678044	-0.0808635085	-0.0073526994	-0.0493259074	0.0637701984	0.0384317595	0.0860046698	-0.0555638983	0.0049737813	0.0549688191	0.1075480493	-0.0175709217	0.0744718246	-0.011444265	0.0213099176	-0.0322244682	-0.1487981286	-0.0113921083	0.0649098055	-0.0471631031	-0.0120141676	-0.017359554	-0.0133708124	-0.0655863541	0.0007637143	0.0012143717	-0.0408064653	-0.0481554924	0.0105011178	0.0891921133	-0.1166706495	-0.0369647101	-0.0815137953	0.0244515566	-0.0278016966	-0.0466237799	0.0767907664	-0.1031063551	-0.0326495953	-0.0749221269	-0.0125256121	0.164446028	0.0483438892	0.0060977431	0.0784813074	-0.0959030738	0.0313876852	-0.025537533	-0.0409260731	0.124241286	0.0131783619	0.067232045	0.0013143832	-0.0420785921	-0.05575195	-0.0507491694	-0.0304535821	0.0682465413	-0.1615377768	0.0177466773	0.0535845438	-0.041535934	-0.1219118428	0.1192349174	-0.0061926361	0.0529903816	0.0657428105	0.1005432948	0.0663271524	0.0014681351	0.0403485493	0.0766829128	-0.0110770034	0.0236424187	0.0098756527	0.0234907543	0.0334873878	-0.0514559159	-0.0508585143	0.0187867927	0.0090482392	0.1104595273	0.0231923808	-0.1009480235	0.0791256383	-0.0251190283	0.0436345546	-0.0058875771	-0.0280063654	-0.1087002954	0.0791817131	-0.0017972414	0.1682898001	0.0578356881	-0.0839269417	-0.0029595494	-0.0741249317	0.0427960493	0.0	-0.0427960493	0.0741249317	0.0	0.0344736	-0.0056405	0.00118842909696	3.1815240249999995e-05	-0.624673	0.054358	0.002954792164	0.390216356929	2.67934	0.0118	7.1788628356	0.00013924	-0.0150276	-0.0002815999999999	0.00022582876176	7.929855999999995e-08	-0.00156382	-1.9099999999999976e-05	2.4455329924000003e-06	3.648099999999991e-10	0.00149559	-0.00027811	7.734517210000003e-08	2.2367894481e-06	0.0	0.0	0.0	0.0	0.0	0.0	0.0	0.0	0.0	0.0	0.0	0.0	0.0
3609.3396525992216	-16.751093185027003	13027332.72782507	280.5991228934581	8226.13233116701	-5.093521632388729	25.94396261961194	67669253.12987117	3593.928968507864	-0.9482263524346308	0.8991332154514847	12916325.430679996	3707.474413142661	5501.922042410714	0.968	42.70042	0.0714421999999998	0.0396245	0.0370278558	-0.0088930319	-0.0266315285	0.0198638706	-0.0384607483	0.0677411185	-0.0224655539	-0.0647818317	-0.0709447669	-0.0247205325	-0.0143890554	-0.116131972	0.0661202197	-0.0521650131	-0.0931943266	-0.0518431549	-0.015320697	0.0354855847	-0.1230922667	0.0645467207	0.0128967906	0.1498878654	-0.0947037672	0.0194391906	-0.0410134952	-0.0126801991	-0.0001474776	-0.0223614269	0.1649662747	0.0162148406	0.1193234452	-0.0399296081	-0.0298469031	0.0712754964	0.0897350392	0.0346946494	-0.0393526947	-0.0121593834	0.0008099981	0.0182975915	0.0426585446	-0.0993946767	-0.1159541262	-0.1536848161	-0.0731293689	-0.0029663682	-0.0038121388	-0.1545028616	0.0530539961	-0.0945687391	0.024255012	0.0356451524	0.048689427	-0.0729928252	-0.1154061782	-0.0765296988	-0.0597624147	0.0472546025	-0.0082274532	0.0548383848	-0.0836555528	-0.0079539025	-0.1141187739	-0.009014904	-0.0159791665	-0.0693929708	-0.0793771253	0.1119560992	0.0440508002	-0.0852392646	-0.0814811495	-0.0333073844	0.0410019232	-0.0091499079	-0.0195821624	-0.0013415308	0.0768535196	-0.0530242267	-0.0331868067	-0.0118663389	0.02946217	0.008915654	0.0441323919	0.0517934105	-0.0154909541	-0.0248856173	-0.0191034634	0.0576252538	0.0274487521	0.1226623547	-0.0218240906	-0.0863446845	0.0290480726	0.1087260968	0.0726287521	-0.1347201027	0.0099263202	-0.1008038991	-0.0119041521	-0.0580334816	0.0846336061	0.0054313722	-0.0498111884	0.0216352918	-0.034286978	0.1137402879	-0.0340272604	0.0833438402	0.0360111468	0.1329014872	0.03285087	0.0515399503	-0.0767153347	0.0342916386	-0.0401078526	-0.0343609058	0.0331695172	-0.0084498402	-0.0156313015	0.1812424923	-0.1150476658	0.0233078155	-0.0034391902	-0.0052970806	-0.0059977824	0.219799103	-0.0430499882	0.0247185904	0.0204413354	0.1111317294	0.0406897107	-0.111437974	0.0080915814	-0.0475949323	0.0846052246	0.0442808751	-0.0056344439	0.0487372222	0.0111172874	0.1120316884	-0.0908322912	0.0071023188	-0.0070776241	-0.0075640244	-0.0034603211	-0.0721151296	0.1188699295	-0.058151009	-0.0527609834	-0.0309469592	-0.0127780489	0.0200452288	-0.0435178802	-0.061834524	0.0212189668	-0.0168600441	-0.0518219927	0.0205889435	0.0659998806	-0.0615113074	-0.0746124954	0.0444905743	-0.0029543088	-0.0393399038	0.0715412097	0.0	0.0371998	0.0027261999999999	0.0013838251200399	7.43216643999999e-06	-0.600093	0.02458	0.0006041764	0.360111608649	2.67366	-0.0056799999999999	7.1484577956	3.226239999999895e-05	-0.0156795	-0.0006518999999999	0.0002458467202499	4.2497360999999835e-07	-0.00153615	2.767000000000004e-05	2.3597568225e-06	7.65628900000002e-10	0.00158514	8.955000000000009e-05	8.019202500000015e-09	2.5126688196e-06	0.0	0.0	0.0	0.0	0.0	0.0	0.0	0.0	0.0	0.0	0.0	0.0	0.0
3615.149806256261	5.810153657039336	13069308.12167468	33.757885518407576	8200.780475582966	-25.351855584043733	642.7165815542094	67252800.40870278	3588.0650075527246	-5.863960955139191	34.38603808339694	12874210.498424334	3696.819796431944	5401.829298400879	1.021957	45.080589	0.1586793999999999	0.075172	0.0121789123	-0.001452012	-0.022540449	-0.0237656321	-0.0300956795	-0.0236213812	-0.1186373038	-0.0674978109	0.0062126978	-0.00588445	-0.0657667627	-0.0110469208	0.1804229259	-0.1056618992	-0.1032468691	-0.0095606755	0.0337055139	0.0089512529	0.026523897	-0.2126410475	0.0170806248	0.0042052464	-0.0241349994	0.0407846731	0.09117841	0.0462204629	-0.0633029221	-0.1626922244	0.1543426501	0.0090019531	0.0095765034	-0.0377906961	-0.0122353317	-0.0118115757	-0.0414877602	0.0568533271	-0.1232628822	0.0595471714	0.0583778994	0.0358968528	-0.0754456658	0.0553608671	0.0028727148	0.0317570308	0.1000519528	-0.0240461119	-0.0058227577	0.0360944204	0.0448489725	-0.0941694044	0.0414286626	0.0105993541	0.05101905	0.1476877414	-0.0402942504	0.0255531422	0.0242870428	0.0389683756	-0.0109626366	-0.0796635964	-0.0383603311	0.0190323736	0.0875267407	0.0817074794	0.0222730011	0.0829457182	-0.0149657471	-0.0139301573	-0.1139376883	-0.0192707415	0.0173803298	0.0601409542	-0.0497713814	-0.0487573576	-0.1249686853	0.0275900483	-0.1422961959	0.037093948	0.0430120887	-0.0572545042	0.0467372274	-0.0109197815	-0.0111981207	-0.0435629642	-0.0161989981	-0.0050444807	-0.0649232434	-0.0829273997	0.059457873	0.1608990985	-0.0368896344	-0.0848840861	0.1134162343	0.0818435256	0.0224564754	0.1351992093	-0.0640824812	0.1030976083	0.0237254913	-0.0467529219	0.051469027	-0.0178292806	0.1024093354	-0.0468200553	-0.1292123672	0.1897426966	-0.0503716578	-0.018877304	0.0164645991	0.0328742065	0.0896406483	0.034895312	0.0036486055	-0.0593642513	-0.0774828663	0.0727231467	0.0148997222	-0.0569538057	-0.0160121729	-0.0642293222	0.0639856858	0.095989186	-0.0153164441	0.0162610345	0.0678227054	0.0549466908	-0.0778384732	0.0022454593	-0.0502554658	-0.0053515195	-0.1002856057	0.0582503934	0.0342211639	0.1058373194	-0.0384686789	-0.0772600967	-0.0142153421	-0.043825162	-0.0054651388	-0.0446406984	0.0023805013	0.1136818952	-0.0398974512	0.0482523071	0.005029471	-0.0980638579	-0.0543348387	0.1170639057	0.0120456897	0.0656048528	-0.0209405941	-0.0780161883	0.044579861	0.1055632398	-0.1293693719	0.0093966626	-0.0160366416	-0.035148649	-0.0226926634	0.0144229448	-0.0750901786	0.0461615335	-0.0059050968	-0.0358004188	0.0687207046	0.0	0.0449007	0.0077009	0.00201607286049	5.930386081000005e-05	-0.618166	-0.018073	0.000326633329	0.382129203556	2.7365	0.06284	7.48843225	0.0039488656	-0.0146889	0.0009905999999999	0.0002157637832099	9.812883599999989e-07	-0.00167123	-0.0001350799999999	2.7930097128999995e-06	1.8246606399999972e-08	0.00130951	-0.00027563	7.59718969e-08	1.7148164401e-06	0.0	0.0	0.0	0.0	0.0	0.0	0.0	0.0	0.0	0.0	0.0	0.0	0.0
3625.168370591336	10.018564335075098	13141845.715135844	100.37163133603872	8218.71156041354	17.931084830574036	321.52380320124234	67547219.71327516	3598.513961516382	10.44895396365746	109.18063893463292	12949302.731228326	3707.8710782277153	5436.559798278809	0.987949	43.580406	0.2253822500000001	0.101901	0.0266172268	-0.0082120706	-0.0305389933	0.0398572016	-0.0884015535	-0.0089335651	-0.0208815026	0.0534107822	-0.0048826895	-0.004459215	0.0933093657	0.0205499874	0.0201631209	0.1124178523	-0.0416322029	0.0781362647	-0.0432750453	0.1474066563	0.0732289174	-0.1003947736	0.0666263524	-0.0298760967	-0.0391360964	0.0049703333	-0.0137364272	-0.039732862	-0.1072155895	-0.1228172705	-0.0022051391	-0.0870736654	-0.0298672334	0.0418309906	-0.0151328015	0.0323070589	0.1134417297	0.0455215972	0.0717550953	-0.03075267	0.1709688866	0.0777120738	0.0020923769	-0.0033570283	0.0770963766	-0.0305315982	-0.1084597105	0.0629500384	0.0595674064	0.0650228898	-0.0585880724	-0.0128516387	-0.0150473748	0.0043339251	-0.054559275	-0.0731942934	0.0941561754	-0.0020408943	-0.0232284156	-0.1169359413	-0.0837272847	0.1062873803	0.1538313004	-0.1696789583	-0.08917124	-0.0260839139	0.1316901776	0.0480872021	0.0076163598	-0.0274805383	-0.0517108894	-0.0518601258	0.0312689053	-0.0496052837	0.0851319421	-0.0252357461	0.063858177	-0.0558266234	0.006113043	0.0681838053	-0.0230501859	-0.0961933691	0.0913630515	-0.0592440212	0.0165836672	-0.01303084	0.0593926731	-0.0121954818	0.0902030973	-0.0443614363	0.0585605307	-0.0354464696	-0.0022557091	0.1336958115	0.0388439542	0.0100681843	0.1228194954	0.0055623391	-0.1132193359	0.0971559409	-0.0075183916	-0.0669751005	-0.0711986058	0.0125924615	0.1222732674	-0.0185311082	-0.0512299505	0.0524885753	0.0901375688	-0.0032895663	0.1156213222	0.0169909497	0.0036564077	0.132282916	-0.0354138615	0.0745429919	0.0844207377	0.1084253311	0.0024909522	0.0857636243	0.0106520605	0.0063384972	0.0343252341	-0.1256443729	0.0330550414	-0.0355577124	0.0721121026	-0.0488082195	0.0374338501	-0.0910727501	0.0395236174	-0.0738995231	0.0207804733	0.0244472463	-0.0607640503	-0.1008979093	0.0611117436	0.0336256855	-0.0765235724	0.1183848036	0.1199190153	-0.0395676349	0.1506363292	-0.1040825419	0.0180490779	0.148872857	-0.0559438607	0.0339728047	-0.0221257225	-0.1136568154	-0.007913876	-0.0757405864	-0.051550024	-0.1028735969	-0.094010759	0.0451660062	-0.0250412372	0.0355134655	-0.0419489993	0.061879753	0.0343922161	-0.0036095256	-0.075557918	0.0478080418	-0.0088488477	-0.0321850925	0.0656727513	0.0	0.0367157	-0.008185	0.0013480426264899	6.699422500000008e-05	-0.562991	0.0551749999999999	0.0030442806249999	0.316958866081	2.70177	-0.0347300000000001	7.299561132899999	0.0012061729	-0.0162326	-0.0015437	0.00026349730276	2.383009690000001e-06	-0.000931095	0.000740135	8.669378990249999e-07	5.47799818225e-07	0.00157152	0.00026201	6.864924010000001e-08	2.4696751104000003e-06	0.0	0.0	0.0	0.0	0.0	0.0	0.0	0.0	0.0	0.0	0.0	0.0	0.0
3635.702047587275	10.533676995939004	13218329.378830304	110.95835105477455	8228.128761518978	9.417201105437924	88.68367666026128	67702102.91613582	3597.249586484311	-1.264375032071257	1.5986442217251922	12940204.587461546	3705.414440208926	5420.969909994943	0.911611	40.212978	0.18387035	0.101883	0.0212493249	-0.0043631213	-0.0307672198	0.0192784806	-0.0977251333	-0.1190354258	-0.039044565	-0.0001696375	-0.0082321614	-0.0443216143	-0.0151263423	-0.0166120342	0.0967764562	0.0632066254	0.0066104907	-0.0194935361	-0.0112036953	-0.0350547439	0.1554773577	-0.0228483598	-0.0122440027	-0.0137016579	0.0051558386	0.0898612887	0.1057745393	0.0566881962	0.1315305118	0.0467231055	-0.0544607695	-0.0177619637	-0.0435941539	-0.0127072764	-0.0686049339	0.008603588	-0.0079816675	-0.020576013	-0.1836605743	0.005508028	0.0849619193	0.1195665353	0.0735825224	-0.0572595773	-0.0581263107	-0.0675693394	-0.0647145283	0.0229346795	-0.0243217624	0.0095575878	-0.03800539	-0.0371528977	-0.0067274437	0.0181918381	-0.0016587963	-0.0165644905	-0.0347727213	-0.044875871	0.0108844093	0.1412569497	0.091204392	-0.0307064402	0.0259497575	0.1003915849	0.0275516966	-0.1150059677	0.119403513	-0.0044797798	0.116181388	-0.0047030476	-0.0881330688	-0.0887866455	-0.0364506021	0.0600676177	-0.0673540055	0.0587135778	0.0789543037	0.1075353423	0.0600309515	0.1245770714	0.0298597907	0.0988123398	-0.0286518532	-0.0388668203	0.0407394148	0.0084629059	-0.0265981718	-0.0298690825	-0.0207763135	-0.091198799	0.1026375852	0.0367479647	0.0300498628	0.0747302492	-0.0471678502	0.0193824502	-0.0765065364	0.1138370519	-0.0852155971	-0.0037840972	0.0199002364	0.024177976	0.1011904144	-0.0338366467	0.0061654418	0.0738582256	-0.0590709491	-0.116880469	0.0211800264	-0.0749426785	0.007168358	0.0469986341	0.0327414795	0.0300408818	0.0398192793	0.0313345922	-0.199603533	-0.0216845122	0.0764904427	0.0396908812	0.0191690334	0.0739906584	-0.0098418202	-0.0230080363	0.0632571375	0.0007675056	0.0718004431	0.0385299537	0.0540873378	-0.0157362748	0.0704363987	-0.0115586427	0.0548511338	-0.0416285096	0.1040875546	0.0765421665	0.062465016	-0.0838259068	0.113777361	-0.0929441833	-0.0147383954	0.056099099	0.029737317	-0.078799154	0.088506645	0.048383015	-0.1060250121	-0.0504940151	0.091226927	0.0172619496	0.0936505407	0.0875645465	0.0531347152	0.0622460456	0.0208069471	0.082022557	0.0900253104	0.0707364143	-0.0050895682	0.0674898755	-0.0260217722	0.0989064053	-0.0760156516	0.049429227	-0.0117820532	-0.0285015838	0.062407438	0.0	0.0393888	0.0026731	0.00155147756544	7.145463610000025e-06	-0.655684	-0.092693	0.008591992249	0.4299215078560001	2.72645	0.02468	7.433529602499999	0.0006091024	-0.0156324	0.0006001999999999	0.00024437192976	3.602400399999984e-07	-0.00156267	-0.000631575	2.4419375289e-06	3.98886980625e-07	0.00152681	-4.4710000000000106e-05	1.9989841000000092e-09	2.3311487761e-06	0.0	0.0	0.0	0.0	0.0	0.0	0.0	0.0	0.0	0.0	0.0	0.0	0.0
3635.859152875509	0.1571052882341064	13219471.779548615	0.0246820715911216	8252.893269141121	24.76450762214336	613.2808377671963	68110247.31183481	3600.382210967968	3.1326244836573096	9.813336155609226	12962752.065054595	3708.942295236153	5478.434415261405	0.911647	40.214561	0.1575505999999999	0.0861392	0.0302066045	-0.0103653293	-0.0414608207	0.0504409173	-0.0912273456	-0.0850542298	-3.37343e-05	0.0292727826	-0.0307649826	-0.0134284714	0.036471631	-0.0045824489	0.0165380226	0.0137788908	-0.0535110552	-0.1119572068	-0.0045342132	-0.080721581	-0.0340449003	0.011034262	0.0093179318	-0.0212808686	-0.0797339798	0.1338780545	0.1376303189	-0.0209358914	-0.0874480641	-0.0751207981	-0.0803378429	-0.0403215382	0.0326643897	0.0882894357	-0.1258246456	-0.0293448227	-0.0073257765	-0.049965204	0.0028624419	0.0264513368	-0.0888728557	-0.06354431	0.0328152476	0.0579515733	0.025199642	-0.0053616726	0.053943645	0.0818058946	0.0002098828	-0.0019615601	-0.0116773137	0.0090038758	-0.0572261357	0.0101941862	0.0365060234	0.0890593059	-0.0689519506	0.0057710775	-0.0340623343	0.1076054477	-0.0757606706	0.0101367492	0.0844713	0.0339424668	0.0122886979	-0.020490764	-0.027238624	0.071122062	-0.0134321246	-0.091555279	-0.1151464846	0.0997344089	0.0947286382	-0.1018876738	-0.0252722835	-0.0441003147	-0.0664881479	-0.0850096447	-0.0188575453	-0.0881667836	-0.0471099498	0.0504888198	0.0392480084	0.0191818287	-0.0423034803	-0.0359365341	0.0132871648	-0.0099113995	0.04051591	-0.0501855084	0.0368512465	0.0141134849	0.0454826432	0.0006162959	-0.0419291196	0.0863681496	-0.0912568096	-0.0242378496	0.0342995764	0.004347281	0.1136757624	-0.0796878346	0.1210575273	-0.0224450239	0.1453072706	-0.0650412097	0.0418212626	0.0581378712	0.0414496514	-0.0404199164	0.024311481	-0.0070749473	-0.1474063679	-0.0517072635	0.0346506668	-0.0382229618	-0.0285981267	-0.0758650192	-0.0500468998	-0.008122109	0.0594677971	-0.0209078786	0.0528706107	0.0055847541	0.048387759	-0.0422279142	-0.0028092759	-0.0199139862	0.0393214314	0.0569893354	-0.023030599	0.0214284834	-0.0865972131	-0.0150561221	0.0632858062	0.0984726052	0.0507540782	-0.0385172934	-0.0789068458	-0.0470170241	-0.0213670899	-0.0749331384	0.0700765587	-0.0874374788	-0.0178849062	-0.0226933347	0.0144599489	-0.1144825335	-0.2061047629	0.0110899643	-0.0362357071	-0.1294713791	-0.0383798628	-0.0332622223	0.1022470338	-0.0487830092	-0.001375487	-0.0602456577	-0.0684119565	-0.0209433214	-0.0243906557	-0.033222325	-0.0764633189	0.0510242304	-0.0147012178	-0.0247576959	0.0589355719	0.0	0.0241787	-0.0152101	0.00058460953369	0.00023134714201	-0.586257	0.069427	0.004820108329	0.343697270049	2.68538	-0.0410699999999999	7.211265744399999	0.0016867448999999	-0.0156612	-2.8799999999998965e-05	0.00024527318544	8.294399999999403e-10	-0.00119838	0.0003642899999999	1.4361146244e-06	1.3270720409999997e-07	0.00177059	0.00024378	5.942868840000004e-08	3.1349889481e-06	0.0	0.0	0.0	0.0	0.0	0.0	0.0	0.0	0.0	0.0	0.0	0.0	0.0
3629.768364896094	-6.090787979414927	13175218.382800464	37.09769821018536	8237.591511433027	-15.301757708093646	234.14378895720333	67857913.90923347	3597.008210381068	-3.3740005869003653	11.383879960404007	12938468.065548811	3706.7219537228953	5448.737295423235	0.903733	39.865452	0.1998050000000001	0.0947152	0.0298713513	-0.015553501	-0.0387527042	0.0135204253	-0.0699147244	-0.0881346046	-0.057180487	-0.0239800972	-0.0021510211	-0.0529542115	-0.1022928979	0.0289271267	0.0176356931	0.001996945	0.197871441	-0.0571788355	0.1042647347	0.0193689622	0.0045894996	0.005656587	0.1015282796	-0.1808851259	-0.0659988688	0.0207308589	-0.0539560744	-0.0201894333	0.0240289232	-0.0289434351	-0.080304269	-0.0562933082	0.0676167578	-0.0161750032	0.1660788266	0.0270957793	-0.0561192737	0.029159033	0.04445034	0.0195459941	0.0393687003	0.1288061083	0.0013348044	-0.0651856853	-0.052256929	0.0143616993	0.0002519999	-0.0393363687	0.0046837685	0.0852178199	-0.0082921766	0.0312771655	0.0329600004	-0.0684654431	0.0471482131	-0.0090070397	0.0059296573	-0.0483838685	-0.0052523341	-0.0192537237	-0.002013714	0.0135269533	0.0466509137	0.0683923053	-0.1055116243	-0.0850505851	0.0643270571	-0.0593147147	-0.0173890672	-0.0600673439	-0.0172040546	0.0300149632	0.0264618758	-0.0092935545	-0.0343321883	-0.1042433159	-0.0899719847	-0.0875418905	-0.0281395118	0.0517363031	-0.0473672262	0.0020078818	-0.032098526	-0.0107906713	-0.0811150755	-0.0452336362	-0.0069921458	-0.0412647172	-0.1016157316	-0.0655515145	0.0127586246	-0.0096115901	0.0433722994	-0.0619260843	-0.1035683315	-0.1759986724	-0.0720251998	-0.0757155631	-0.0108025272	0.175849438	0.0364053225	-0.0549612157	-0.0241228605	0.0116438101	0.0304392839	0.0754464493	0.0054613016	-0.0804847476	0.0584728006	0.1125336894	0.0054780412	-0.0221876499	0.0775911724	-0.0572218313	0.0196229655	0.0377383606	0.0421643624	0.1144788066	0.1507215657	0.0095044723	-0.0391611325	0.0040511329	-0.0307374538	-0.0056926367	-0.0140257347	0.0293807474	-0.0009399125	-0.0796531177	-0.0206485544	0.0647403832	-0.0817578168	-0.0028032017	0.0282306733	0.0050658336	0.0270860393	-0.0115414553	0.030839567	-0.0369746406	-0.0200959803	-0.0904125539	0.0811261413	0.1066073701	0.0235249267	-0.1051670178	0.0018943507	-0.0067969232	0.037766295	-0.0087411045	-0.1137652331	0.0019613825	-0.0134118093	-0.0450909735	-0.0101326691	-0.1131561293	-0.050336308	0.0748813918	0.0073305171	-0.0489951835	0.0244439136	-0.0272508179	-0.0281211889	0.0267578694	-0.0769008606	0.0525922072	-0.0176028627	-0.0209613602	0.0552686441	0.0	0.0347532	0.0105744999999999	0.0012077849102399	0.0001118200502499	-0.662435	-0.0761779999999999	0.0058030876839999	0.438820129225	2.73591	0.0505300000000001	7.4852035281	0.0025532809	-0.0149205	0.0007407	0.00022262132025	5.486364900000006e-07	-0.00143022	-0.00023184	2.0455292484e-06	5.3749785600000046e-08	0.00149268	-0.00027791	7.723396810000009e-08	2.2280935824e-06	0.0	0.0	0.0	0.0	0.0	0.0	0.0	0.0	0.0	0.0	0.0	0.0	0.0
3628.268459585934	-1.499905310160102	13164332.014826087	2.249715939446472	8257.658857143126	20.06734571009838	402.69836384860383	68188929.80095431	3610.802916578472	13.79470619740414	190.29391907270016	13037897.7023716	3721.143335459184	5478.223433314733	0.934669	41.230122	0.1466268	0.0783684	0.0310856213	-0.0293766195	-0.0335805359	0.0009030785	-0.0829238358	-0.049941473	-0.0165720641	0.0265655589	0.0131846098	-0.0562058678	0.0452925165	-0.0740974456	-0.0358102653	0.1027327222	0.0248910802	-0.1364430114	0.0403243962	0.0177269189	0.0301792795	-0.016230005	0.0213106953	-0.1152843652	-0.0325316034	-0.0598138673	0.0218666651	-0.0300386285	0.0014111646	0.0997653038	0.005835599	-0.0667906105	-0.013978457	0.1047294346	-0.184971436	0.0123910546	-0.0405490652	-0.0615549785	-0.0787307121	0.022976622	-0.0824851671	-0.0677521995	-0.0673401385	0.003239669	0.001818283	-0.0337732877	-0.0426533493	-8.7086e-05	-0.1222839776	0.0909914155	-0.0532805345	0.089944125	-0.007910537	-0.1024948849	0.0405178929	-0.0370907052	0.0788180459	-0.0015295365	-0.0635538677	0.0144631921	0.0535366274	-0.1523231369	-0.087053153	0.0263618037	-0.0118633215	8.60303e-05	0.0931871874	0.0128288859	-0.0704357474	0.1239451267	0.0667898835	-0.0190338839	-0.0874320241	-0.03002173	0.084167836	0.0158457602	-0.0150899142	0.0110875175	-0.072231486	-0.1019281658	-0.0449711886	-0.0223279056	0.0332015712	0.0059612318	0.0124583096	0.0313285633	0.0219179443	-0.0463341403	0.0350606674	-0.0111364035	0.1270065345	-0.0916108932	0.0862273098	-0.0005001425	-0.0736800291	0.0240984247	-0.073671894	-0.0475451216	0.0056116399	0.1194089344	-0.0298813368	-0.0173274814	0.0152994367	0.0489830323	-0.0578646987	-0.0435082331	0.0567349108	0.0025578382	0.0773165465	-0.0968436875	0.0551575244	0.0456975416	-0.0794688835	-0.0476936978	-0.0108584192	-0.0824696454	-0.0645485479	-0.1090262473	-0.1025700833	-0.0264173354	-0.0313844961	0.0653321732	-0.0511471016	-0.0039935275	0.1024813593	0.0567796514	-0.0293186804	-0.1375273496	0.0294078834	0.0265389031	-0.0337660055	-0.0586959965	0.0281498195	0.0084624369	0.0933126806	-0.0628261064	-0.1362894396	-0.1149608229	0.1110006226	0.0072526677	0.0328325492	0.0660070955	-0.0772014126	0.0877891913	-0.0252075174	0.0533478539	-0.0018998784	-0.0057002167	0.1401042573	-0.0686273625	-0.0838718513	-0.0618243982	0.0168094882	0.0481932652	0.0358035925	-0.0421621505	-0.0966223011	-0.0758920712	-0.0240589777	-0.025702975	0.0469408948	-0.012033457	-0.0773282186	0.0541323269	-0.0204835299	-0.0171206189	0.0514187911	0.0	0.040074	0.0053208	0.0016059254759999	2.8310912640000005e-05	-0.597218	0.0652169999999999	0.0042532570889999	0.356669339524	2.72804	-0.00787	7.4422022416	6.193690000000068e-05	-0.0158808	-0.0009603	0.00025219980864	9.221760900000014e-07	-0.0017126	-0.00028238	2.9329987600000003e-06	7.973846440000003e-08	0.00137098	-0.0001216999999999	1.4810889999999994e-08	1.8795861604e-06	0.0	0.0	0.0	0.0	0.0	0.0	0.0	0.0	0.0	0.0	0.0	0.0	0.0
3628.066776528767	-0.2016830571669743	13162868.53495184	0.040676055548217	8227.652903487562	-30.005953655563644	900.3572547798332	67694272.30026731	3602.239863152966	-8.563053425506041	73.32588396807074	12976132.0316883	3712.061689966702	5450.803728430612	0.937629	41.360699	0.3064720000000001	0.150777	0.032004901	-0.0213454955	-0.0445227283	-0.0112798722	-0.0549498445	-0.1140937769	-0.0064577614	-0.1110512043	0.0508719812	-0.0409361891	-0.1116550275	0.0474424174	-0.0423442035	-0.0633425906	0.0092958622	-0.0730400892	0.0247771284	0.0503172356	0.0547424864	-0.0408074913	0.0511071187	0.0344668342	0.0210444763	-0.0367766756	-0.0424124282	-0.0166880858	-0.0471800798	0.0475306581	-0.0017825857	-0.005873834	-0.0472229794	-0.0257915724	-0.0234291379	0.030599238	-0.164523412	-0.0100956195	-0.0149714636	-0.048198036	-0.003853272	0.0802088112	0.0263110824	0.0824070144	0.0151305844	-0.0038920972	0.0048882083	0.1624275067	0.0577428023	0.0421756577	0.0267878972	0.038134937	-0.0494538477	-0.0092576694	-0.0557764504	0.0659958969	-0.0263726698	-0.0673950458	0.0350599185	0.0682426594	0.1573634613	0.0976573794	-0.0388261463	-0.0766617191	0.0499985317	0.0368640203	-0.1390220972	-0.0324938577	0.0769240348	-0.0182982776	0.0217927977	-0.0883950263	-0.0274774096	-0.0821728936	-0.0268783694	0.0264548315	-0.0726238666	-0.0573978213	0.0137963134	-0.0539610138	0.0218373558	0.0271342411	-0.1109566945	0.0127437261	0.0551204467	-0.0642182657	-0.0494617831	-0.0355205828	-0.106415031	-0.0765943164	-0.0280825153	-0.0581390714	0.0707385933	-0.0687853145	0.0113800571	0.009484749	-0.0055733683	-0.0027982999	-0.0748972486	0.0475472675	-0.0355561427	0.0401550731	-0.0175785679	0.0167254955	-0.0448977921	-0.0416148649	0.0651999438	0.0304398792	-0.004737026	-0.0834441603	0.0114800426	0.0098613942	0.1223221857	-0.0767685594	0.0361328121	0.0236031199	-0.0032835358	-0.0317564391	0.0570772183	0.0127540381	0.0755468217	-0.0434656558	0.0754677399	-0.1665469317	0.0613723812	0.0263243467	0.0169364181	-0.0171526289	-0.0326775995	0.0510485698	0.0691172186	0.0360132204	-0.1207042233	0.0337370877	-0.0591707589	-0.0050429878	0.1499726395	0.0754642143	0.131111027	0.0714025777	-0.1276691543	0.002447631	-0.011504704	0.062747055	0.0170479644	-0.1269428458	0.0086306977	-0.0736592451	0.0107341021	0.0360529785	-0.0106655756	0.0123179098	0.028765169	-0.0463074579	0.0718913033	-0.0879868713	0.0154680523	0.0044137791	0.1139287588	0.0484435621	0.0358374067	-0.039734154	-0.0777453364	0.0556437736	-0.0233397865	-0.0132436085	0.0473987549	0.0	0.0386319	-0.0014421	0.0014924236976099	2.079652410000005e-06	-0.711321	-0.1141029999999999	0.0130194946089999	0.505977565041	2.77538	0.0473400000000001	7.702734144400001	0.0022410756	-0.0139107	0.0019701	0.00019350757449	3.881294010000003e-06	-0.000896692	0.000815908	8.04056542864e-07	6.657058644640001e-07	0.00128525	-8.573000000000001e-05	7.349632900000001e-09	1.6518675624999998e-06	0.0	0.0	0.0	0.0	0.0	0.0	0.0	0.0	0.0	0.0	0.0	0.0	0.0
3625.8893273109	-2.177449217866979	13147073.413907092	4.741285096389518	8272.560723023145	44.90781953558326	2016.7122554405128	68435260.91610523	3595.232075708449	-7.007787444516907	49.10908486752881	12925693.678202882	3707.170089362368	5478.322031849452	0.985907	43.490341	0.2259044500000004	0.159917	0.036060939	-0.0360699213	-0.0428638136	-0.0086477634	-0.0326891635	-0.0380690591	0.0521179812	0.0482186136	-0.0181041078	-0.0374887633	0.0256944902	-0.0125050824	0.0367655906	0.0664072984	0.0344389583	0.1822490746	0.0847038338	-0.0094578418	-0.0240253765	-0.0377603182	-0.0760026874	-0.1071062624	-0.0772670041	-0.0063080957	-0.0012573947	0.0442684096	-0.020506804	-0.0547633861	0.164205631	0.0427998668	-0.0429491765	0.0713127079	0.0846277103	0.1325369239	-0.1227764927	0.1552269919	0.071198885	-0.0302560686	-0.101622433	0.0109032427	-0.0196026422	0.083669362	-0.0365454844	0.0346340472	0.0558618662	-0.1204524861	0.0333773812	-0.0880996358	-0.0881388404	0.0439201227	0.0225737683	-0.1216939168	0.0936296171	0.1043449107	-0.0811353306	-0.0043725016	0.0230920689	-0.123808077	-0.0277550805	-0.0683759082	-0.0464816364	-0.0228928766	0.0010298488	0.1475717858	-0.0824168564	-0.0838906634	0.0300414459	0.0521330396	0.0452216199	-0.0519768346	0.0196290687	0.0075322758	-0.1179265609	-0.0166879812	-0.0829437908	0.0766046086	0.0768853205	-0.0221101848	0.00483669	0.0399491576	0.0296257473	0.0405043132	0.117611761	0.1286611545	0.0089740452	-0.0328293163	0.0328997684	-0.0062307742	0.0536277551	-0.0112635044	-0.0209026623	0.1150491338	0.0933933288	-0.1751005886	-0.0245656314	0.0318028583	0.0892268775	0.0712080995	-0.0255905307	-0.0915582906	0.0118686481	-0.0089187738	-0.0488345747	-0.061407621	-0.1130725361	0.0739910467	-0.0836668041	-0.009989614	0.0980866438	-0.0318572512	0.1371681102	-0.116950913	-0.1540781326	-0.0798698826	0.1179503741	-0.0248135233	0.0796225601	-0.0218877262	0.0661229792	-0.0404866687	-0.0747592854	0.0680853151	-0.0747180573	0.129122312	-0.1176560105	0.0279044825	0.0558459632	0.0429230665	-0.1508364958	-0.0161698381	-0.1564486574	-0.0211038728	-0.0855781592	-0.0286988399	-0.0788524716	0.023908698	-0.0765809065	0.0422340215	-0.1033314326	0.0091303817	-0.0323913645	0.1054196955	0.0031662755	-0.0024216628	0.0216437309	-0.0448369224	0.0415157979	0.032992419	0.0861094743	0.0895025113	0.0298645156	0.0884254427	0.0005017051	-0.043045005	0.029939147	-0.0260787874	-0.074943942	0.0399812266	0.0514211067	-0.024995221	-0.0781521589	0.0571257468	-0.0261682287	-0.0093385422	0.0432218409	0.0	0.0369392	-0.0016926999999999	0.0013645044966399	2.8652332899999945e-06	-0.560368	0.150953	0.022786808209	0.314012295424	2.77302	-0.0023600000000003	7.6896399203999986	5.569600000001708e-06	-0.0153063	-0.0013956	0.00023428281969	1.947699360000001e-06	-0.000875317	2.1375000000000015e-05	7.66179850489e-07	4.568906250000008e-10	0.00128625	1.0000000000001327e-06	1.0000000000002655e-12	1.6544390625000002e-06	0.0	0.0	0.0	0.0	0.0	0.0	0.0	0.0	0.0	0.0	0.0	0.0	0.0
3631.4230523291	5.533725018199675	13187233.384987196	30.622112577048995	8248.202440981093	-24.35828204205245	593.3259040401749	68032843.50740646	3592.968066486428	-2.264009222020832	5.125737757395371	12909419.526791222	3701.613417309532	5448.50074659075	1.002642	44.228531	0.1999310999999996	0.131561	0.0401692235	-0.0199809853	-0.0539669076	-0.0125812276	-0.0366283094	-0.062246318	0.0962300852	-0.0660952361	-0.0610237396	-0.0478329529	-0.0727162812	0.0425071432	0.1454963281	-0.0164096608	0.0635022813	-0.0780714174	-0.1182034054	-0.0785023769	-0.0379905498	0.0219802701	-0.020872088	-0.1186629872	0.0004912806	0.0123462949	-0.0262866621	0.0875420933	0.0988033391	0.0874206647	-0.0416761325	-0.0308083672	-0.0377399165	0.0823108368	0.0053551519	0.0234073159	0.1178761892	0.0019534734	0.0181094017	0.0485248694	-0.0551919943	-0.0685292807	-0.1251782713	0.0029280709	0.0703219043	0.1481570352	0.0686231518	0.0065382565	-0.0157448579	-0.0195946854	0.0762820931	-0.0932367509	0.0129458569	-0.0417948735	-0.108031225	-0.0455358295	-0.070998992	-0.045333249	-0.1216299238	0.0469731972	-0.0848543739	0.0185168984	0.0090354709	0.0009310973	-0.0157150467	-0.0243647918	-0.0506248342	0.0511072532	0.0769504458	0.0435106444	0.0631660399	-0.0296000262	-0.0157180623	-0.0382494691	0.0756152742	-0.0326972803	0.0096497595	0.0687268676	0.1268634037	0.1662306758	0.0106764819	-0.00295607	0.0047411347	-0.0910705241	0.0276489924	0.0644228789	-0.0381755152	-0.0357080373	-0.0674317497	-0.113321872	-0.0011484009	0.1201653817	-0.0068430731	0.0156363954	-0.1373000638	0.022815657	-0.0364527426	0.0326216568	0.1094108321	0.0656642835	-0.0092888909	0.0104746371	0.0030730949	-0.0660278015	-0.1145772108	0.0657121921	-0.0067331095	-0.0772904549	0.0320116172	-0.0046759973	0.0147038366	-0.0710493559	-0.1253374933	0.0276672523	0.0173114121	-0.157613619	0.0886992908	-0.0293814131	-0.0708639181	-0.0383071403	-0.0754155325	-0.1215910146	0.0833628444	0.0794055911	0.003043803	0.063964728	0.0520344477	0.0949037564	-0.0756194503	0.0369012804	0.0937398988	0.0049519063	0.0400057809	-0.0379493288	0.117456975	-0.06716803	0.0472270448	0.0190275523	-0.0850957964	0.0275806737	0.0161141764	-0.0498538397	-0.052730232	-0.0392111304	0.0654051873	-0.0023780471	-0.0073584272	-0.002084763	0.0203644664	-0.0418200669	-0.0570164578	0.0945371842	-0.0512030281	0.0076348342	-0.1299156583	0.0471607562	0.1361487642	0.053855067	-0.0030770843	0.0840604136	0.072063757	0.036548644	-0.078548632	0.0585774616	-0.0289654857	-0.0054136926	0.0389018737	0.0	0.0447014	0.0077622	0.00199821516196	6.025174884000006e-05	-0.68954	-0.129172	0.016685405584	0.4754654116	2.76921	-0.0038099999999996	7.668524024100001	1.451609999999731e-05	-0.0145591	0.0007472	0.00021196739281	5.5830784e-07	-0.000634719	0.000240598	4.028682089609999e-07	5.788739760400004e-08	0.00148219	0.0001959399999999	3.8392483599999966e-08	2.1968871961e-06	0.0	0.0	0.0	0.0	0.0	0.0	0.0	0.0	0.0	0.0	0.0	0.0	0.0
3641.338096601231	9.915044272131126	13259343.133759476	98.30810291832026	8278.291648493503	30.08920751241021	905.3604087248832	68530112.61751728	3596.5164121430494	3.5483456566212226	12.590756898862695	12934930.302814312	3703.23049979457	5449.8392849731445	1.033132	45.573544	0.2216974000000002	0.148847	0.0284944173	-0.0259091351	-0.0451687259	0.0082867259	-0.0257594541	-0.1127642032	0.0351089647	0.0641195706	-0.0986321107	-0.0112762297	0.067431186	-0.0278671953	0.0523958729	0.0044222784	-0.0729947241	0.0739468152	0.0340008269	-0.0683736668	0.1585487213	-0.0345597597	0.0665134468	0.1202115887	-0.0822844037	0.039567296	-0.0669360915	-0.0702767674	-0.0277681736	0.0989731605	-0.0540419337	0.0326879322	-0.010111042	0.079469476	-0.0950186188	0.0459840726	-0.001529547	0.0236673361	0.0931785476	0.0099797954	0.1075462311	-0.0173903806	-0.1955784455	0.0378096323	0.0308607143	-0.1601833351	0.1060334631	0.1096711566	0.0810618861	0.0387046907	0.026873091	0.019598579	-0.0037870704	-0.1194971801	-0.1689085491	-0.022734709	-0.0138892319	-0.1047728115	0.0157432571	0.0489655722	-0.0986730539	-0.1230689867	0.0009544911	0.0889627934	-0.0838209474	-0.0299045528	-0.0984064501	-0.0897754432	-0.0240751905	-0.0339152212	0.0855056494	-0.1315430337	0.0448487899	0.076904485	0.0242901837	-0.0656880059	0.0598656172	0.0541684904	-0.09920641	-0.1407048529	-0.0961328267	-0.028537181	0.0049782597	0.0032371924	0.0076567873	0.0119532672	0.0410574346	-0.0062316377	0.0598058691	-0.0409878829	0.0802913554	0.0284313029	0.0150555572	0.0970982569	0.0871858243	0.0067212236	-0.0656547583	0.0836958858	-0.177068183	-0.0285117646	0.0267046556	-0.0418333013	0.0664497728	0.0284121356	-0.0578149252	0.0100846938	0.2513017135	0.0306419296	-0.003322122	-0.0753733311	0.1115787577	0.0194223117	0.0202613465	0.0284056632	-0.0273476574	-0.0045889916	0.1358710919	0.0844653052	-0.0902306671	-0.060384736	0.0132092525	0.1694155459	0.1454631893	-0.078885845	-0.0440973216	0.1307342498	0.0039424703	0.0426629413	-0.0326251186	0.0965973043	0.1008884464	-0.0562220196	0.042381448	0.081263867	0.0514684203	0.0239487657	0.0042824362	-0.0496099761	-0.094215524	0.0023681135	-0.0873057976	-0.0019924399	-0.0974104461	-0.1177318093	-0.0214268435	-0.0679997946	0.050827243	0.0308356742	0.1078439729	0.0037354619	0.0799034033	-0.0164979905	-0.0684428278	0.0168046604	-0.0626829984	-0.0454520097	-0.1707003372	-0.1047820086	0.0094838606	-0.027614446	-0.003204878	-0.0135023244	-0.0789347034	0.0599981489	-0.0317282239	-0.0014773745	0.0344531511	0.0	0.0596588	0.0149573999999999	0.00355917241744	0.0002237238147599	-0.541029	0.148511	0.022055517121	0.292712378841	2.76565	-0.0035600000000002	7.648819922499999	1.2673600000001637e-05	-0.0149202	-0.0003610999999999	0.00022261236804	1.3039320999999972e-07	-0.000233119	0.0004015999999999	5.4344468161e-08	1.6128255999999997e-07	0.00115151	-0.00033068	1.0934926240000005e-07	1.3259752801e-06	0.0	0.0	0.0	0.0	0.0	0.0	0.0	0.0	0.0	0.0	0.0	0.0	0.0
3641.023968393428	-0.3141282078031508	13257055.538415425	0.0986765309376195	8243.18759324645	-35.10405524705311	1232.2946947881571	67950141.6974522	3607.706176958257	11.189764815207582	125.21083661965756	13015543.859262764	3714.517865383082	5471.7534614508495	1.032801	45.558922	0.35303545	0.192204	0.0435791372	-0.0267005102	-0.0482196442	0.0470794308	-0.099364733	-0.0829758839	-0.0050477549	-0.0046720506	-0.062788998	-0.0421495703	-0.0223842539	0.0532595374	0.0416439241	0.0765530169	-0.0010804258	-0.02320392	-0.0766765355	0.0163516124	-0.0005291571	0.0436521384	0.0310242189	0.0040281732	0.0680582705	0.1345457521	-0.0516965283	0.0291064834	0.0853840483	0.0011779711	0.0041337665	-0.0135484194	0.0450431376	0.0849571949	0.0789147728	0.0111227474	0.0232553732	0.0413475249	0.0045842148	-0.0241961301	0.026435976	-0.0353500131	-0.1685873755	0.08950772	0.0284992244	-0.0119118793	-0.1067905316	0.0429981238	-0.1478265316	0.0763091115	-0.0581981362	-0.0053887611	-0.0695414184	0.0354069938	-0.1501026719	0.0867208843	-0.0928432012	-0.0437292912	0.1521550844	0.0056996295	0.0448878489	-0.0245943222	0.0868498514	0.05213079	0.0176934885	0.0424515605	-0.0688813433	0.0323832752	-0.058657419	0.0513743244	-0.0476464928	-0.0064850706	-0.0978593225	-0.1012755018	-0.0596964297	-0.0540910521	0.0719713	-0.0423342676	-0.0185663338	0.1264065439	0.085950573	0.0438733113	0.1102158711	-0.0633752824	-0.1209931002	0.0017681046	-0.0544104873	-0.039698856	-0.0129403797	-0.1109762636	0.0140562848	-0.005102552	0.0421674935	0.1064781101	-0.0616624629	0.031368295	0.0117652753	-0.0109441856	0.0028053514	-0.0192797011	0.1144212433	0.0221323989	-0.0004311927	-0.0552909078	-0.0560779289	0.1354083411	0.0204154236	0.019478377	0.021682298	0.063790297	0.0804053475	-0.1013381012	0.0649268289	0.0363651457	-0.0278311492	-0.0551377264	0.0796724105	0.0288568649	-0.0754279725	-0.1069457383	-0.0180926638	-0.0089734748	-0.0395674301	0.0504451104	0.1591707458	0.0182264539	0.080023311	-0.0796217438	0.0439947935	-0.0512706615	0.1378617459	-0.0181283572	-0.0540773528	0.058997065	-0.1379116082	0.0935833435	0.0708216241	-0.0822133184	-0.0124816611	-0.0150229822	-0.0562461873	-0.03246308	-0.0847404994	0.0075205314	-0.0247986703	-0.0456846366	-0.0109072796	-0.0816948733	-0.0124540212	-0.0138931373	-0.0753537539	-0.0580752733	0.0909267609	0.023891196	-0.0529194273	0.1256109664	0.0029395129	0.1530602726	-0.0916759876	0.0215315509	-0.0527759182	0.0861836374	-0.0793103218	0.0613870563	-0.0344531511	0.0024620734	0.0298903973	0.0	0.0279844	-0.0316744	0.00078312664336	0.00100326761536	-0.710884	-0.1698549999999999	0.0288507210249999	0.505356061456	2.68837	-0.07728	7.2273332569	0.0059721984	-0.0150989	-0.0001787	0.00022797678121	3.1933690000000146e-08	-0.00115996	-0.000926841	1.3455072016e-06	8.590342392810002e-07	0.00153049	0.00037898	1.4362584040000008e-07	2.3423996401e-06	0.0	0.0	0.0	0.0	0.0	0.0	0.0	0.0	0.0	0.0	0.0	0.0	0.0
3637.086931307128	-3.937037086299824	13228401.345885102	15.50026101890021	8283.23637743902	40.048784192569656	1603.905115303017	68612004.8845291	3616.781081827599	9.074904869341935	82.35389838760597	13081105.393866016	3726.004597854016	5508.663767636844	0.98761	43.565441	0.2040459000000002	0.127446	0.0421111331	-0.0398508759	-0.0476529796	0.0046536665	-0.0171550216	-0.1090752152	0.0160117909	0.0621594263	-0.0279222938	-0.0392123309	0.0183934429	-0.0775106244	-0.1389626398	0.035186311	0.0954951682	0.0114349394	0.0063472602	0.0158130552	0.0196476355	-0.0475357706	-0.1202566732	0.0215002896	0.0712975188	0.0507034544	-0.0932133638	0.1413634511	-0.0699764896	-0.0116173672	0.0475550476	0.0453114139	-0.1061548776	0.0027318427	0.0190999863	-0.0937466395	-0.1006289463	-0.0427715432	0.0035994518	0.0087454003	-0.1243155734	-0.0393852296	0.0517694744	0.1190530835	0.1248054901	-0.0905726054	-0.0996115567	0.0263363949	0.0071063579	-0.0305451982	0.1096377852	0.0044889956	0.0169760841	-0.0430030639	0.1174725036	-0.0653875366	0.1364853207	-0.0161172211	0.0226856034	0.0109492889	-0.0841129707	-0.027184852	0.0353902659	0.1114897624	0.094843777	-0.0248395683	-0.0979576118	-0.0356554084	0.0320657072	0.0262026667	-0.0933260865	-0.1322354427	0.0876566962	-0.1015016568	0.0548870974	-0.0017339954	0.006514615	-0.0238873831	0.0406116297	-0.0033447002	0.0440992143	0.0128304067	-0.0850483679	0.0724215436	-0.0009859357	-0.0188317313	0.0229747327	-0.0339465458	0.0142819728	0.0352380578	0.0540543197	-0.123357333	0.1205336292	-0.0135999617	-0.0477475232	-0.0640313202	0.0249445058	0.1066606623	0.0233078097	-0.0877478378	0.0413031973	-0.0347963844	-0.0910508822	-0.1284432969	-0.0588854272	-0.054436505	-0.0144527476	0.0698031284	-0.0748365042	-0.0979622792	-0.0593264934	-0.1169484967	0.0816190708	-0.0474002699	0.012166307	-0.0493894473	0.0211616229	-0.0839073877	-0.0463645281	0.0967544818	-0.0023260577	0.0571511958	-0.0628759232	-0.071066799	0.0471570088	-0.1764096148	-0.0341946853	-0.0149500158	-0.0736862941	0.068655052	-0.1610797504	-0.028544796	0.0667153208	0.0864399089	0.0215885068	-0.0485495221	-0.0340316966	-0.004200835	-0.0625911231	-0.0051426996	-0.0877307083	-0.1013019535	0.0268163026	-0.0110118399	0.0536066075	-0.1446560967	-0.0667806516	-0.1255864667	0.049584216	-0.0984751188	0.012670808	-0.0123590926	-0.0744892993	-0.0325387763	0.0818397917	-0.0390495592	0.0576268817	0.0556208192	0.062645065	-0.056393215	-0.0537848913	-0.0219638498	-0.0796754376	0.062743448	-0.0371370197	0.0063963055	0.0252287139	0.0	0.0448003	0.0168159	0.00200706688009	0.00028277449281	-0.594837	0.116047	0.013466906209	0.3538310565689999	2.72982	0.0414500000000002	7.4519172324	0.0017181025	-0.0147389	0.00036	0.0002172351732099	1.2960000000000068e-07	-0.00129793	-0.00013797	1.6846222849000003e-06	1.9035720900000018e-08	0.00162718	9.668999999999996e-05	9.348956099999994e-09	2.6477147524e-06	0.0	0.0	0.0	0.0	0.0	0.0	0.0	0.0	0.0	0.0	0.0	0.0	0.0
3631.141398653125	-5.945532654002818	13185187.857012574	35.34935853981379	8293.824638622433	10.588261183413124	112.11127488817309	68787527.13622053	3621.013711161997	4.232629334398098	17.915151082407284	13111740.296423178	3737.952755722932	5549.928613172258	1.061617	46.83007	0.2072784999999998	0.103717	0.0664369121	-0.0567814459	-0.0674591393	-0.0191213408	0.026773017	-0.0068421916	0.1433441197	-0.0422231405	0.0385378029	-0.0624787375	0.0055800716	-0.0022989712	-0.1262233101	-0.0134875404	0.0848195424	-0.0276090636	0.1107119392	0.0981244418	0.0529155826	0.0016330334	-0.1304270128	0.1156609541	-0.0670319244	-0.0544730312	-0.0198989227	-0.1044730458	-0.0656372571	0.0617044293	-0.0031257413	0.048328954	0.1231392453	0.1301970903	0.0082584816	-0.0056681266	0.1164053778	0.1500471858	0.037169735	0.0432020457	-0.0947925252	-0.0858531824	-0.0646284819	0.0111619423	0.0491322169	-0.0375044524	-0.020250979	-0.1226015528	0.0107075738	-0.0939906998	-0.0910932279	-0.1012364381	0.1105702594	0.0100931068	0.085837578	-0.0686677529	-0.0793121261	0.0056084832	0.0722237156	0.0619016495	0.0112265455	-0.0054186958	0.0794783838	0.0667242472	0.0674465489	-0.0684899468	-0.0668273757	0.0714544141	0.0427305169	0.0129511771	0.0295673022	-0.0038348741	-0.0299296002	-0.0054788353	-0.0294648689	-0.0109923362	0.1117818032	0.0236948784	-0.0111531924	-0.0789079255	-0.0392852586	-0.0994043084	-0.0186533103	-0.0050977749	-0.1196130809	-0.0100228437	-0.0185864919	-0.067990162	0.0011936658	0.0692140887	-0.0321181706	-0.1044514927	0.0756684533	-0.082995381	0.0319622732	-0.0833104355	0.0292790053	-0.0123546933	-0.0600008223	-0.1314807453	-0.0877784754	-0.0938453637	-0.0103598363	0.118839666	-0.0222823164	-0.0640580246	0.1016534186	0.016746772	-0.0276543832	0.1577221564	0.075253499	-0.071259481	-0.1087381999	0.0406853599	-0.150324275	-0.1265301816	0.0298806299	-0.0218856095	-0.0417882808	-0.0299087183	-0.0404146512	0.026869821	-0.0458138042	0.0851117385	-0.0781135002	-0.061170535	0.0251063959	0.0700334118	0.0655224323	-0.1159560697	-0.1293540112	-0.0344450922	0.0508038383	-0.0634074253	-0.0174703574	0.0672441965	0.0973700432	-0.0817616811	0.0184941437	-0.0729172333	-0.0204275593	-0.0882659351	-0.0634761042	-0.0287805187	0.1091525408	-0.0171616797	-0.0157398221	0.0067608695	0.0003975801	-0.0056593207	0.0471413235	-0.047860956	0.0449369785	0.0079768766	-0.0834225441	-0.0178263447	-0.0742251875	-0.0557280684	0.0954331792	-0.0925726023	0.0075842585	0.0786756766	-0.0800300023	0.0640666057	-0.0397766315	0.0103169874	0.0204835299	0.0	0.0308013	-0.013999	0.00094872008169	0.000195972001	-0.652091	-0.057254	0.003278020516	0.4252226722809999	2.81609	0.0862699999999998	7.9303628881	0.0074425128999999	-0.0138456	0.0008932999999999	0.00019170063936	7.979848899999994e-07	-0.00138467	-8.673999999999986e-05	1.9173110089e-06	7.523827599999977e-09	0.00164225	1.5070000000000056e-05	2.2710490000000171e-10	2.6969850625e-06	0.0	0.0	0.0	0.0	0.0	0.0	0.0	0.0	0.0	0.0	0.0	0.0	0.0
3627.881741246328	-3.2596574067970323	13161525.92846849	10.625366409686752	8300.913452005527	7.0888133830940205	50.25127518033289	68905164.13768631	3606.805329321249	-14.208381840748189	201.87811453250288	13009044.683620162	3722.3996267752896	5523.170740465436	1.058467	46.691086	0.1379259999999998	0.103153	0.0328844135	-0.0653649985	-0.0418977845	-0.1096929766	0.0928898791	-0.021611482	0.1116510609	-0.036044577	-0.027096371	-0.0419646523	-0.0362224695	-0.08495606	-0.0428202846	-0.115784263	-0.0445307448	0.0329570764	0.0368790893	-0.0195288428	0.0130597632	-0.1370403254	0.056859654	0.1363369806	0.0145933914	-0.0954129756	0.1574186259	-0.0374965385	-0.0245993407	0.1505616127	0.0291580132	-0.0012947984	-0.0271906591	0.0995277982	0.0856225272	0.0158949896	0.0220173998	-0.1152205542	0.1427413256	0.020421447	-0.0213387733	0.0449636571	-0.074826867	0.0405279096	0.038908945	-0.0204112269	0.0459044764	0.0323374651	-0.1249416328	-0.0501532887	-0.0013269922	0.0265948615	-0.0627971145	-0.0221634405	0.052393961	-0.0641066098	-0.0119597046	-0.0553872215	-0.0181446794	0.1528064395	-0.0822789716	-0.0385105119	-0.0950540765	-0.0805020218	0.0504265595	0.0343351177	0.0225084147	0.0590898988	0.1125042413	-0.0008252453	0.0457312187	0.0555911313	0.058767134	0.0578409	-0.0255652009	-0.1150271575	0.0293927275	-0.12064437	0.0289292988	-0.001116764	0.0062444259	0.0455275538	-0.0710406352	-0.0339118959	-0.1049782006	0.0420572204	0.080191758	-0.0472577355	-0.0503955985	0.1123956321	-0.003860624	0.0194805852	-0.0161128147	-0.1055945238	0.0897176559	0.0304035678	0.0604111491	0.1095489288	-0.0899496215	0.0101762432	-0.0270950154	0.1145083031	0.1548849215	0.0654238278	-0.060730497	-0.1560794184	0.0797336877	0.0025945882	0.0127713981	0.0128018562	0.0235477672	-0.0939538226	-0.0274264262	-0.0400599884	0.0998696564	-0.0455671952	0.1930202715	0.0271726869	-0.0209928777	0.0029105205	0.0182240874	0.0428205698	0.0335353355	0.0830428991	0.0930823165	-0.0177721493	-0.0331834612	0.0087406543	0.035604414	0.0707656053	0.0185239179	0.0570627229	0.069616771	-0.0523698617	0.1413651411	0.034750697	0.0263697883	-0.0079719052	0.0220969497	0.0685591784	0.0091274386	0.0144626781	-0.0186049627	0.1317219966	0.0992751377	0.0793468745	0.0089426098	0.0467890762	-0.103392849	0.0705889316	0.0627849452	-0.1049652797	-0.0793287364	-0.0015113834	-0.0237843804	-0.024029717	0.0425383083	0.0128903246	0.0372713486	-0.0001978836	-0.0354691219	0.0959868978	-0.0803739691	0.0653558284	-0.0423688407	0.0142158133	0.0156705506	0.0	0.0402453	0.0094439999999999	0.0016196841720899	8.918913599999995e-05	-0.641814	0.0102769999999999	0.0001056167289999	0.411925210596	2.9147	0.0986099999999998	8.495476089999999	0.0097239320999999	-0.0140923	-0.0002467	0.00019859291929	6.086089000000036e-08	-0.00133829	4.6379999999999946e-05	1.7910201241e-06	2.151104399999995e-09	0.00174107	9.88199999999999e-05	9.765392399999981e-09	3.0313247449e-06	0.0	0.0	0.0	0.0	0.0	0.0	0.0	0.0	0.0	0.0	0.0	0.0	0.0
3614.689672168492	-13.192069077836097	13065981.42608156	174.03068655439927	8285.605407220746	-15.308044784780575	234.33623513284783	68651256.96416567	3606.329680845264	-0.4756484759845989	0.2262414727064715	13005613.766945506	3723.877972230058	5513.458460300991	1.039683	45.862495	0.1897689999999996	0.102777	0.0484283807	-0.0670559759	-0.0589780513	-0.0651693273	0.0063660572	0.0903308609	0.0764124659	-0.0166895626	-0.019899087	-0.050839145	-0.02431069	-0.1270743863	-0.042997481	0.0061699265	0.0291420762	-0.0129799759	-0.0250137454	0.0581132267	-0.0812029179	0.0252416698	-0.0385540923	0.0842382941	-0.0347887915	-0.0391780565	0.0200514693	-0.0181659053	-0.0451225517	0.0764958024	-0.114916375	0.0629894126	-0.067067536	0.0175671185	0.0908197391	0.1453809064	0.0037878344	-0.0814049579	0.0039875487	-0.0682021336	-0.0700015452	-0.0306798603	0.0329207771	0.0791658455	-0.0452034927	-0.0353597825	-0.0840714985	0.0519369265	0.1479438796	-0.032737577	-0.0771432159	-0.035429851	-0.0164474209	0.0830052663	-0.0212079187	-0.0107873551	0.1070404266	0.1633866035	0.0257725153	0.0300954032	0.0068008898	0.0629900441	0.0178677325	0.0511994329	-0.0529411271	0.0944996717	-0.0451859579	0.1098997618	-0.1158023469	0.0507475194	0.1357469295	0.0588479993	0.0074180249	0.0603856422	0.0052549946	0.0103622679	-0.0316725585	0.0887574338	-0.0561407329	-0.0393227419	-0.0096549866	0.0771282341	-0.068400693	0.0375027824	-0.0758516011	0.0256871853	0.0010199694	-0.0532728183	-0.0360600616	0.1427620182	0.0375288192	0.0132218384	-0.0034973031	-0.0521622397	-0.0348866495	0.0087888455	0.0938821192	-0.0797557311	0.0235192767	-0.0697879435	-0.0507637157	-0.0341536081	-0.0155218817	-0.0116228614	0.0378513942	-0.0775151295	0.0421674114	-0.173623678	-0.0406895214	0.0242927346	0.0918350941	-0.036305217	0.0539715348	-0.0709115552	0.0802171909	-0.0036786116	0.042217952	-0.1072077934	-0.0609844498	-0.0091356708	0.1067290497	0.0144817763	-0.0048867645	-0.1306218247	-0.0640353452	-0.0757993113	0.0542122491	0.0512601152	0.0847340493	-0.1338645303	0.0027136954	-0.0976459286	0.0147244465	-0.0118241479	-0.034058979	-0.0054624089	-0.0401922894	0.0501640848	-0.0355396423	0.0211162287	-0.0655134425	0.0352324916	-0.0878165424	0.0473478434	-0.0250522139	0.0111943787	0.1663752728	0.0333421587	0.0015167218	-0.0467247975	-0.0148005907	0.029212696	-0.0557751151	0.1199617127	0.1014680819	0.035820475	0.016837085	-0.0599470501	-0.0022996347	-0.0934082345	-0.025710717	0.0415487907	-0.0807072924	0.0666104333	-0.0449105582	0.0180845237	0.0108057058	0.0	0.0370943	-0.003151	0.0013759870924899	9.928801000000008e-06	-0.662584	-0.0207699999999999	0.0004313928999999	0.4390175570559999	2.81917	-0.0955299999999996	7.947719488900001	0.0091259808999999	-0.0151582	-0.0010658999999999	0.00022977102724	1.1361428099999997e-06	-0.00147187	-0.0001335799999999	2.1664012969e-06	1.784361639999997e-08	0.00194795	0.00020688	4.27993344e-08	3.7945092025e-06	0.0	0.0	0.0	0.0	0.0	0.0	0.0	0.0	0.0	0.0	0.0	0.0	0.0
3614.736277689196	0.0466055207039062	13066318.357242344	0.0021720745600822	8236.63736201874	-48.96804520200567	2397.8694509056704	67842195.03340304	3601.635056068157	-4.6946247771070375	22.039501797827302	12971775.077099076	3716.981363868414	5481.787152143206	0.993224	43.813118	0.1002424999999997	0.0500034	0.0413251776	-0.0787194368	-0.0610312766	-0.0839069517	0.01231366	0.050114986	-0.0551920903	-0.0626615045	0.0121925704	-0.0663278432	-0.0345357687	-0.0958879459	-0.040770271	-0.0943742054	-0.1012383446	0.0401099342	-0.1440270135	0.0563341608	-0.1131856093	-0.0426177437	-0.1133140314	-0.0903015037	0.0132526276	-0.1089346949	-0.11269363	-0.0669768451	-0.0966375127	-0.0021740601	0.0073582868	-0.1320893039	-0.0144158743	0.0317984069	0.0151414206	-0.0001865567	0.0898112239	-0.0345452224	0.0192484772	-0.1176087791	0.0766185753	0.030895183	0.0746574632	-0.0855348781	-0.0535575326	-0.0692413334	-0.0623600753	-0.0900260462	-0.0264309665	0.0323350252	-0.0131768226	-0.0393277701	-0.1258381617	-0.1448165532	0.0175880795	0.0944058567	0.0169310404	0.0201731385	-0.0800292064	0.0913457904	-0.0028917551	-0.0125701104	-0.070741727	-0.1251822248	-0.0041642272	0.0511038586	-0.0345282699	-0.0160729997	-0.0487871031	0.0048867682	-0.0481392728	0.030104566	0.1938565508	0.070869201	-0.0264299236	0.0716530535	-0.0665841387	-0.1691848245	0.0863038925	-0.0147542878	0.0442452267	-0.0635135117	0.07094661	-0.0880504567	0.0927064175	0.0247854618	-0.0448278826	-0.0696930684	-0.0473406108	0.1040078829	-0.0169171379	0.0489261747	0.0282951903	-0.0338595821	0.0463256705	0.125350904	0.1336344251	0.0317502789	0.1666784946	0.0343656256	-0.0919421697	-0.0273628894	-0.1556364471	0.0371851806	-0.0063494035	-0.0440619555	-0.0064072852	0.0018025995	0.1442937255	0.0127275393	0.0589867372	0.0128623079	-0.0225825067	0.0905271357	-0.0306970054	0.1687178273	0.0354277355	-0.0241346921	0.065206217	0.058782234	-0.0378320145	0.0945550605	-0.1166214503	0.064104396	0.0150682824	0.0161312989	0.0577199266	-0.0156639263	0.048725973	0.1507071512	0.0137480834	-0.0994277068	-0.1054331567	-0.0193862272	0.1194042	-0.0055275628	-0.0074338805	0.0479055114	-0.0014144858	0.0934809673	0.0055304198	0.0102021709	-0.0008007682	0.086814455	-0.1233582678	-0.0299178513	0.0062485693	0.0286823911	-0.1249651366	0.021605237	0.1423022394	0.0130686696	-0.0329549762	-0.1693734246	0.0388830238	-0.1015201311	0.0401507941	0.0588351623	-0.0397394134	0.1042427868	0.0962504729	-0.0451735672	-0.081029928	0.0678297559	-0.0473987549	0.021914923	0.0059050968	0.0	0.0255933	-0.0115009999999999	0.00065501700489	0.0001322730009999	-0.654706	0.0078779999999999	6.206288399999906e-05	0.428639946436	2.8653	0.0461299999999997	8.20994409	0.0021279768999999	-0.0147937	0.0003645	0.00021885355969	1.3286025000000018e-07	-0.00116846	0.0003034099999999	1.3652987716000002e-06	9.20576280999999e-08	0.00197471	2.676000000000024e-05	7.160976000000126e-10	3.899479584100001e-06	0.0	0.0	0.0	0.0	0.0	0.0	0.0	0.0	0.0	0.0	0.0	0.0	0.0
3612.656445247917	-2.0798324412789952	13051286.591391316	4.325702983796545	8253.244567021191	16.607205002450428	275.7992579934145	68116045.8830648	3597.3491275079537	-4.2859285602035015	18.36918362316806	12940920.745182237	3716.9150948277447	5498.533007975987	1.03935	45.847801	0.2538182999999999	0.109779	0.0552693013	-0.0728830909	-0.0667453351	-0.033245742	-0.0511722799	0.1170376843	0.0609689311	0.0629492672	0.0619137779	-0.0593696204	0.0402699719	-0.0124417736	-0.0438218564	0.0269809015	0.0382395293	0.1794189259	-0.0221019637	-0.1175556638	0.0530120037	0.05366402	-0.1580359337	-0.042510691	-0.1558880993	0.0602262706	0.012632241	-0.0518898042	-0.0460741069	-0.0429308463	-0.0017453473	0.0506321636	0.050705748	0.0017203152	-0.0784328398	-0.0021302349	-0.0336371562	0.0196706862	-0.0082651492	3.03512e-05	-0.0949201867	-0.0158670159	-0.0215774675	-0.0511941855	-0.043957559	0.0877784151	0.0230196485	0.0431283358	0.102022999	0.0110404283	0.0434406125	0.0450442339	0.0056525224	-0.0256435352	-0.0346642841	-0.0619555858	-0.0015465707	-0.0285025691	0.0483486394	-0.0541638596	-0.061570071	0.0534117243	-0.0033459452	-0.0781885512	-0.0452760851	-0.0097085989	0.0134704838	0.1217094347	0.0210885807	0.0792177893	-0.0291394788	0.0974173828	-0.0352646839	0.0190917454	-0.0347006404	-0.0647155564	-0.1184625047	-0.0182759166	0.0662936356	0.0058292154	0.0216488243	-0.041723994	0.0286848902	-0.1411928705	0.0477362408	-0.1515545707	-0.1255697657	-0.0691792597	0.046231063	0.0907429031	-0.0396864659	0.0056376693	0.0185276298	0.1742194052	0.0232550155	-0.1257086521	-0.0794186235	0.0975350514	0.0839769953	-0.0714192352	-0.0331687267	-0.1737531971	0.0454695866	0.0290441109	0.0530399228	-0.0120132776	0.0245236618	0.0370278138	-0.0357000005	0.0081733369	0.0294504935	0.0636694427	-0.0624289023	-0.0389288506	-0.0037972681	-0.0092863094	-0.03317631	-0.0601892052	0.0213317156	-0.0774053121	-0.0257998152	-0.0708471416	0.0235956981	-0.1072857446	-0.0605988016	0.0355214696	-0.0513461202	-0.0171932437	-0.0385350372	0.0487690063	-0.0009861733	-0.0228840559	0.0643277786	0.004125832	-0.082861222	-0.0074933003	0.0553763576	0.0168354344	-0.043805076	0.0421106683	0.1369170046	-0.0269696348	-0.0546141387	0.0609665958	-0.0001690305	0.0793171592	0.0217855278	-0.0722797737	-0.1303238442	0.0495945705	-0.0360623347	0.0505955499	-0.0327361355	0.0176456846	-0.0266875217	-0.0508930259	-0.0033222787	-0.0399420185	0.0250131353	0.1338961482	-0.0140243183	0.0564596266	-0.0813418333	0.0690131503	-0.0498304656	0.0256988967	0.0009849435	0.0	0.0409596	0.0153663	0.0016776888321599	0.0002361231756899	-0.591475	0.063231	0.003998159361	0.349842675625	2.78121	-0.0840899999999997	7.7351290641000015	0.0070711280999999	-0.0157784	-0.0009847	0.00024895790656	9.69634090000003e-07	-0.0018131	-0.0006446399999999	3.28733161e-06	4.155607295999999e-07	0.00178143	-0.00019328	3.7357158400000045e-08	3.1734928449e-06	0.0	0.0	0.0	0.0	0.0	0.0	0.0	0.0	0.0	0.0	0.0	0.0	0.0
3619.920982367717	7.264537119800025	13103827.918586057	52.77349956495244	8237.30117407252	-15.943392948671317	254.19177871574223	67853130.6323765	3591.24646216582	-6.102665342133605	37.24252427807867	12897051.15201852	3706.763475451028	5479.09985924857	1.002944	44.241852	0.1559043000000003	0.102734	0.0585087929	-0.0822380066	-0.0705340784	-0.0137471516	-0.0696889761	0.0237150779	0.025655696	-0.0629187228	0.1232773731	-0.1013588691	-0.0600113045	0.0731462478	0.0270628372	0.0156616536	-0.1398094642	-0.0214300409	0.0156916739	-0.1503793338	0.0465755115	0.0601908066	-0.0378111875	-0.0736429443	0.0095749248	0.031622136	-0.1151830485	-0.0837978433	0.0452863777	0.0747235171	0.0554460996	-0.001625691	0.1320566683	0.0673898952	-0.043346904	-0.0908853023	-0.0424640047	-0.03943457	-0.0513524142	0.0272456443	0.0574785645	-0.0486462398	0.0744049016	0.0460758861	-0.0069417658	-0.0338662728	-0.0443113328	-0.0472088228	0.0020361092	-0.0179131388	-0.0310741169	0.0707971783	0.035044226	0.0564380084	-0.018734199	0.0462964201	-0.0450227629	0.0727239906	0.0389343226	-0.0651719099	-0.0155172582	0.0459662697	0.032913933	-0.0705322943	-0.126159345	0.0454621463	-0.0145100833	-0.0245146033	0.081380541	0.0884964351	-0.083960839	0.0070866474	0.0739776119	0.0318374402	0.0792938299	0.0641632706	-0.0524527262	-0.0167569618	0.0481644067	0.0264184395	-0.0048686124	-0.0362399637	-0.0659012324	0.1121194668	-0.0131275336	-0.1369456447	0.0639735869	-0.0944887966	-0.0545432194	-0.0287983815	-0.0567793346	0.0233352572	-0.0269181141	0.0976141154	0.0512396636	0.0870324538	-0.1973342406	0.0034873313	0.0617730242	0.0103602497	0.0262809327	-0.0241598648	-0.0320948392	0.0960843172	-0.1508351191	0.0604370221	0.0843193717	0.0809133655	0.0241896016	0.041839051	0.0038807152	-0.0099069156	-0.0353411497	-0.0405732189	0.0024861374	0.0652137699	-0.1268109388	0.0119370045	-0.0536071136	0.0377154556	0.0553134612	0.0016105099	-0.0550423031	0.0093258601	-0.0250584537	-0.0429318503	-0.0489616647	-0.0257596593	-0.0031924896	-0.0989488711	0.0366280373	-0.0171283368	-0.0548591347	-0.0510496553	-0.1071536801	0.017567178	-0.0172597399	0.0229628449	-0.0393024276	0.0997542441	0.016825065	0.0587577361	-0.0298806739	-0.0200557539	-0.0366893382	0.0390480209	-0.154758221	-0.0026123373	-0.0413950984	-0.0531097737	0.0166451092	0.1116974722	-0.0681943816	-0.0745126637	0.0173492791	-0.0405571138	0.0701277617	-0.0081574716	0.0548261479	-0.0716234523	-0.1185710817	-0.0553644614	-0.0816429668	0.0701599896	-0.0522027924	0.0294284286	-0.0039384698	0.0	0.0364403	-0.0045192999999999	0.00132789546409	2.042407248999997e-05	-0.690309	-0.0988339999999999	0.0097681595559999	0.4765265154809999	2.76475	-0.0164600000000003	7.643842562499999	0.0002709316	-0.0159497	-0.0001712999999999	0.00025439293009	2.9343689999999737e-08	-0.0014674	0.0003457	2.15326276e-06	1.1950849e-07	0.00198625	0.00020482	4.1951232400000044e-08	3.9451890625e-06	0.0	0.0	0.0	0.0	0.0	0.0	0.0	0.0	0.0	0.0	0.0	0.0	0.0
3617.514734833488	-2.4062475342288963	13086412.8567374	5.790027195982644	8262.758806824293	25.457632751773417	648.0910653241666	68273183.09975241	3596.1365583949096	4.890096229089522	23.91304112975557	12932198.146624384	3712.843780278037	5508.155497698102	0.962047	42.437828	0.1206345000000003	0.094001	0.0602563049	-0.0767139343	-0.0717637951	-0.0104384922	-0.0359604345	0.0997211266	0.0504813244	0.0944818361	0.0539956882	-0.069906029	0.0587581704	-0.0354398613	-0.0287407907	0.0673146696	-0.0244234481	0.0819329123	0.034981397	0.0645657127	0.0412353384	0.0770938996	0.0697076918	-0.0482193487	-0.1750247829	-0.0539496557	-0.183582372	0.0464834798	0.0034099331	-0.0172524962	0.0867308972	0.0121188532	-0.057741584	0.0149020434	0.0252082053	0.0793240512	0.1082781247	0.0296749346	0.0808177567	-0.0943053769	-0.0573547297	0.0286824966	-0.0473725523	0.0354273163	0.0761370788	0.026688273	0.0870430223	-0.0184314122	0.0444036485	0.0470265139	0.0369381809	0.0077798472	-0.0349466623	0.1565952165	-0.0933313596	0.0147666039	0.0363662584	-0.0565610265	-0.0933383781	-0.0141754439	0.0337009483	-0.0720426727	-0.0331126962	-0.0825108801	0.0499242534	0.0362172333	-0.0577539579	-0.0301562855	0.0506917117	-0.0173813837	-0.036191306	0.1171475504	-0.0323555971	0.0801627964	-0.0646478948	0.1013178822	0.1085100335	0.0370380256	0.1105489427	0.0369794126	0.0962843916	-0.0903559657	0.0374737918	-0.0014291812	-0.0102531511	-0.0617050993	-0.0060268995	-0.0752395002	0.0526448076	0.081805369	0.0068932933	-0.0197810588	-0.0030943754	0.0980803877	0.0521475341	-0.0620618666	-0.0021446516	-0.1428834705	-0.0741249525	0.0498185637	-0.1013984749	-0.1331024662	-0.0767661199	-0.0440719895	-0.1062197321	0.052141406	-0.0329290984	0.0191001224	-0.0401615678	-0.0118641966	0.05502487	0.0321859898	0.0131681091	0.0684794759	-0.0380437634	-0.0213009184	0.1822060041	-0.0764407427	0.0333320575	0.0170502844	-0.0200324236	-0.0205181513	0.091025892	0.036309772	-0.0834506967	-0.0236820604	0.0357585885	-0.008372776	-0.0246149731	-0.0472225529	0.0975951254	0.1302340188	0.0020876417	0.0772469089	0.0580505321	-0.0559790642	-0.0356353377	-0.0172134666	0.0082816788	0.0477473612	0.0009583666	-0.0489537676	0.0033777414	0.0336426698	-0.0992424626	-0.0104983838	-0.0554380339	0.1005097637	-0.098680165	0.1237098385	0.0623557877	0.0572731599	0.1214741183	0.0400912428	-0.0816857978	-0.0675862628	0.0453950107	0.1315722183	0.0027912723	-0.0486957091	0.0083063142	-0.0003716911	-0.0819332888	0.0712696665	-0.0545129082	0.0330956179	-0.0088488477	0.0	0.0341948	-0.0022455	0.0011692843470399	5.04227025000002e-06	-0.598004	0.0923049999999999	0.0085202130249999	0.357608784016	2.77049	0.0057400000000003	7.675614840100001	3.294760000000345e-05	-0.0157426	0.0002071	0.00024782945476	4.289041000000072e-08	-0.00147459	-7.1900000000000176e-06	2.1744156681000003e-06	5.169610000000025e-11	0.00179366	-0.00019259	3.7090908100000036e-08	3.2172161956000003e-06	0.0	0.0	0.0	0.0	0.0	0.0	0.0	0.0	0.0	0.0	0.0	0.0	0.0
3618.869803149245	1.3550683157568528	13096218.652145457	1.8362101403681137	8223.374983057629	-39.383823766664136	1551.0855744836588	67623896.11197805	3600.4356482995945	4.299089904684934	18.482174008563916	12963136.85754652	3717.010355855082	5482.95343315397	0.956273	42.183109	0.1830679000000002	0.105979	0.0682671573	-0.0662985445	-0.0723641854	0.0120495587	-0.0140988738	0.0671255476	0.0375703531	-0.074995683	0.0908132313	-0.1036069374	-0.0791514943	-0.0049785075	-0.0496443977	-0.0562227199	0.0769653897	0.0208990433	-0.0653800103	0.0508559636	0.001521934	0.0077197352	0.0963564238	-0.1001431311	0.0745456509	0.2180728957	-0.0241359246	-0.1487968587	-0.0868373021	0.0601541878	0.0391808345	0.033050883	-0.0654418747	-0.0881033822	-0.0417016367	-0.0520643349	0.1097302712	0.0297409494	-0.0026154398	0.0305671579	0.0182557786	-0.0317796931	0.0269906272	0.1522952763	-0.0172239192	0.0690211949	-0.0664106896	0.0104893682	0.0102218383	0.0347516338	-0.0660699068	-0.0788618749	0.0171804174	0.0691372024	0.0436045664	0.0716870645	0.0951392455	0.0096915776	0.0595011735	0.0460375899	-0.0377749877	0.0999613996	0.0998835231	-0.0800640068	-0.0719405035	0.0965128613	-0.022226904	0.0191369887	-0.0284577462	-0.0208342932	-0.0677345239	0.068716435	-0.0061530023	-0.0196436444	-0.0301149135	-0.0922115244	0.0494969896	0.015962554	-0.051931972	-0.0039572946	0.035484118	-0.0172420475	-0.0130171319	0.1312612876	0.0661935988	0.0915769158	-0.0523786831	-0.1016235565	-0.0646760997	0.0377596966	-0.1173645188	0.0497717786	0.1041386218	0.0222476956	-0.0561374526	-0.0525103964	0.0624359382	-0.0284554937	-0.0118191091	0.0460477516	0.2310192125	-0.0189585484	-0.0765536995	0.105446077	-0.0427414514	-0.0628383677	-0.0567297096	-0.0308340697	-0.0101775571	-0.0402336176	-0.0172469788	0.0374505474	-0.0284551595	0.1545862651	0.0490806581	-0.0133933221	-0.022211121	0.0142028135	-0.0319593939	-0.0570396796	0.1315911237	-0.084212489	-0.0262448259	-0.0211113193	0.0313786877	-0.0975333385	0.1092405192	-0.0187081238	0.0253406352	-0.1064241447	-0.0920638379	-0.0478813795	-0.0363380286	0.0597305682	-0.01357408	0.0641255832	0.0968603413	0.0318517851	-0.0608396458	0.115315007	-0.0525207856	0.0019332338	0.0526164982	-0.0392450661	-0.074522655	0.0259415293	-0.0125715989	-0.034357142	-0.05905665	-0.009261154	-0.0273696348	-0.0287777499	-0.0394421872	0.1071252286	-0.0312868756	0.0544503358	-0.0017053536	0.0228395632	0.0712017605	-0.0571257508	0.0146356761	-0.1282874699	-0.0822127608	0.0723415931	-0.0567580599	0.0366926959	-0.0137299382	0.0	0.0331429	-0.0010518999999999	0.00109845182041	1.1064936099999884e-06	-0.68116	-0.083156	0.006914920336	0.4639789455999999	2.71194	-0.0585500000000003	7.354618563599999	0.0034281025	-0.0152929	0.0004496999999999	0.00023387279041	2.0223008999999917e-07	-0.00127517	0.00019942	1.6260585289e-06	3.976833640000002e-08	0.00195074	0.0001570799999999	2.4674126399999997e-08	3.805386547600001e-06	0.0	0.0	0.0	0.0	0.0	0.0	0.0	0.0	0.0	0.0	0.0	0.0	0.0
3617.7065801515455	-1.1632229976994497	13087800.90007179	1.3530877423768934	8262.055874296357	38.68089123872778	1496.2113470222876	68261567.26999493	3605.063551929392	4.627903629797402	21.417492006691965	12996483.213449763	3721.8933695698834	5532.842624261039	0.947322	41.788269	0.190717	0.129427	0.0671461648	-0.0771567786	-0.0827100688	-0.0203997543	0.0056394191	0.0869367198	0.0726477754	0.0152318398	0.0464855952	-0.0775124961	0.0721457336	-0.0621545682	-0.1164387001	0.0891355378	0.0331356698	-0.0527734861	-0.0270140002	0.0323136726	-0.0499074491	0.0542351438	0.1398311283	-0.0462144472	-0.0551093121	-0.0194353228	0.0545580598	-0.1176951721	0.0622456011	0.0925617982	-0.1117949547	0.1930656745	-0.002462438	0.0009913115	-0.0837556347	-0.0314864999	-0.0710397459	0.0522933986	0.0963480586	-0.0153573346	0.0313206587	-0.0620849309	0.0844698594	-0.079859909	0.0897667276	0.0317343928	-0.0213616573	-0.002686448	-0.0037351839	-0.0538763474	0.093234684	-0.1236391486	0.0335135456	-0.003739619	-0.0394810719	0.0286945537	-0.2236967255	-0.0292537004	0.0623622095	0.0584686724	0.043000967	-0.0163822783	0.1874093719	-0.0338369448	0.0050547464	0.0427813735	0.0347634261	-0.0123976303	0.0383565426	-0.0082459066	-0.0261515433	-0.0474833782	-0.0485191268	-0.0670283368	0.0459317089	0.0677943847	-0.1141128453	-0.1145690908	-0.0578034965	-0.0545729768	-0.0357118226	-0.0663424477	0.0609136076	0.0039187976	0.1926734141	-0.0602935624	0.0940008705	-0.0822310273	0.0584795847	0.1202760803	0.001213643	-0.0935943048	0.0466139747	0.0315019454	-0.078983613	-0.0022945241	0.0302175927	-0.1470981896	-0.0151946126	0.0763905171	0.0500076549	0.0266274512	0.0868063533	0.1285122106	-0.00182027	-0.0055000435	0.1107625174	-0.1484922832	-0.1739370328	-0.0694507827	-0.0507552479	0.0174334101	-0.1207164366	-0.0580183334	-0.1173799976	0.0624875393	0.0159722928	0.0293555182	-0.0129692863	0.0772411066	-0.0714931501	-0.0659846352	0.0123219346	0.0460802962	0.0167798131	-0.0019840684	0.0315326296	0.1079270495	-0.065921823	0.0121272355	0.0792752775	-0.0077880481	-0.0496138374	-0.0885733597	-0.1253185962	0.0580397219	0.1440990413	-0.1515603208	-0.021973175	0.0118352113	-0.0377157854	-0.0196741815	0.0813015652	-0.0339858259	0.0115797553	-0.0024727926	-0.0333169326	-0.0651328963	0.0258647374	-0.0024630656	-0.0882348656	0.0331023425	0.0050679435	-0.1450861931	0.0347401765	-0.0847617746	-0.1034814314	-0.0160330411	-0.0421443406	0.1708770523	-0.0635697193	-0.1431234306	-0.0824813458	0.0733752016	-0.0589355719	0.0402120424	-0.018565586	0.0	0.0318249	-0.0013179999999999	0.00101282426001	1.7371239999999992e-06	-0.566699	0.114461	0.013101320521	0.3211477566009999	2.77296	0.06102	7.689307161599999	0.0037234404	-0.0152663	2.6599999999999888e-05	0.00023305991569	7.07559999999994e-10	-0.00124689	2.8279999999999885e-05	1.5547346721000002e-06	7.997583999999934e-10	0.00172726	-0.00022348	4.994331040000003e-08	2.9834271076e-06	0.0	0.0	0.0	0.0	0.0	0.0	0.0	0.0	0.0	0.0	0.0	0.0	0.0
3613.774135610593	-3.932444540952474	13059363.50320809	15.464120067666917	8255.474876717028	-6.5809975793290505	43.30952913913482	68152865.44010602	3605.822325557715	0.7587736283230697	0.5757374190385559	13001954.643490449	3726.117888110773	5507.227211390904	0.953519	42.061642	0.1439808999999999	0.0873424	0.0724465957	-0.0721481054	-0.0793286236	-0.0127735951	0.0126773359	0.1052593911	0.0797455488	-0.0727078646	0.0499933649	-0.0893240054	-0.0538028294	0.0283132951	-0.0415392219	-0.0304137626	-0.0195477938	-0.0189586187	-0.1531634286	-0.047199363	0.0720346367	0.0463088728	0.0175264433	0.0178101165	0.0410371735	0.1235375829	-0.0775068658	0.1730433977	0.0143546712	-0.085543649	0.0200479318	-0.0213516844	-0.0102797013	-0.0404488486	0.0916453651	-0.0490522732	-0.0407994589	-0.0720340587	-0.0552112441	0.0902683379	-0.0594811663	-0.1112789779	0.0134560171	0.0233697615	-0.0653306567	0.0744019088	0.0384850716	0.0700770682	0.0405035492	0.0295394181	0.0885551018	-0.0334034231	0.0346664352	0.0423742858	0.0828461322	0.0430379299	-0.032775395	0.0392614456	-0.0054378276	-0.0806827968	-0.0339437371	0.0451599696	-0.0384951142	-0.0123753635	0.0194149557	0.0288770955	-0.0300813481	0.0064208846	0.0107216196	0.0516907268	0.0182480996	0.0245969903	-0.0593732922	0.0619639234	0.0835927651	0.1001794381	0.0080667268	0.0354071488	0.0083242809	-0.0218966519	0.0287101766	-0.0279632313	0.1083197797	0.0562211127	-0.0356172463	0.0371555708	0.0037758049	-0.1014303102	-0.0449439861	0.0626456673	-0.1466699875	0.0543643561	0.0038873094	0.0561347799	-0.102453439	0.0880460862	-0.004197408	0.0149370236	-0.0569993391	-0.0506956686	0.0388462285	-0.0295133817	-0.0990631061	-0.1826691502	-0.0293179369	0.0735558725	-0.1442965005	0.0329752542	0.0099874637	0.0034050756	-0.0772812441	-0.0695226772	-0.0169258701	-0.083852166	0.1042692895	-0.0374878516	-0.1102024149	0.0101749118	-0.0664412067	-0.068269724	0.0377978337	-0.0714771194	0.0121454079	-0.0280570882	-0.0339798257	-0.0212160296	0.0282166685	0.0181372864	-0.1290466762	-0.0042158621	-0.059922897	0.0653994369	-0.0459193698	-0.0237512319	-0.045194739	-0.0058992015	-0.0252787413	0.0421382382	-0.0368338768	-0.0171970775	0.041342239	-0.0305658402	-0.0528507213	0.0503029813	0.0202973164	0.0169817496	-0.0613856278	0.0656463635	0.0541003071	0.0369577005	-0.0491610701	0.0640482312	0.0100704047	0.0069265336	-0.0051442505	-0.0399352384	-0.0391897081	0.0279647663	-0.1165826463	-0.0887055242	0.0054269411	-0.0298386564	-0.0827390082	0.0743699446	-0.0610428493	0.0436462017	-0.0233397865	0.0	0.0358688	0.0040438999999999	0.00128657081344	1.6353127209999967e-05	-0.636593	-0.069894	0.004885171236	0.4052506476489999	2.72124	-0.0517199999999999	7.405147137599999	0.0026749583999999	-0.0153269	-6.05999999999992e-05	0.0002349138636099	3.6723599999999027e-09	-0.00150328	-0.00025639	2.2598507584000004e-06	6.573583210000002e-08	0.00177673	4.9470000000000026e-05	2.447280900000002e-09	3.1567694929e-06	0.0	0.0	0.0	0.0	0.0	0.0	0.0	0.0	0.0	0.0	0.0	0.0	0.0
3614.201482360853	0.4273467502598578	13062452.355099386	0.1826252449576612	8254.15588195487	-1.318994762157672	1.739747182599374	68131089.32361017	3612.462626439989	6.640300882274005	44.09359580712893	13049886.227425704	3729.1297243318895	5504.349367871966	0.913067	40.277203	0.1223787000000001	0.0705347	0.0647228728	-0.0716411659	-0.0804993547	-0.0287006345	0.0177694526	0.1362219764	0.0725242803	-0.0246324622	0.0143631159	-0.102948651	-0.0191248536	-0.1099849935	-0.0019238608	-0.1152237128	-0.0399515208	-0.0571671792	-0.1299181015	0.0749424906	0.0985597048	-0.0271254183	0.0513468364	-0.0898417762	0.0701672736	-0.0461662412	-0.0299192042	-0.1979247601	0.0480697615	0.0108946788	0.0269432692	0.0760563506	0.0306357614	0.0062651285	-0.0501806767	-0.1547296178	0.0448667513	0.0699517536	0.0362679529	-0.0703564786	-0.1633518234	0.1137722214	0.0765568458	-0.0040491045	0.0498464559	0.011524708	0.0080925172	-0.0234465699	-0.0665581191	0.0646575921	0.1463787361	0.0297861271	0.0165774413	-0.0108017952	-0.0379577843	0.0596759855	0.0585682637	0.081022667	0.0199740786	0.0396877961	0.0383760876	0.0430812653	-0.0429449553	0.0576774996	-0.0351486259	-0.0768699583	0.0664424738	0.0708803212	-0.0727141422	-0.0212160793	0.0908533896	0.0190709468	0.0630228988	0.0258785921	-0.07407619	0.0952396293	0.1136404755	0.1366118122	-0.0928226778	0.0400137862	0.0678319744	0.0271615051	0.0257475912	-0.0765660078	0.0434502849	-0.0017933802	0.0571713804	-0.0981073652	-0.0160317955	0.0711500942	-0.0221524221	0.1057280154	0.1709096552	-0.0044135804	-0.0076591469	0.0885918364	0.0525374014	0.0146132499	-0.0220462235	0.0916477908	-0.0200852193	0.0696050527	-0.0720886381	0.2197632389	-0.0436242184	0.0320496257	0.0223506874	0.0346525779	-0.0751178986	-0.0028371947	-0.1166050485	-0.0402940322	-0.1154362726	0.0410946407	-0.0507291908	0.0469933437	0.0019623742	-0.1249115806	0.1513485732	-0.0287147517	0.0276309287	-0.0243770445	0.0471120007	0.0235105489	0.0187379704	-0.1337777705	-0.0149268305	-0.0982843697	-0.1150196348	0.0026664862	0.0624968755	-0.0898239168	0.0012504725	0.033526639	0.0654225679	0.0657615568	-0.039420328	0.0453723973	0.0613446787	-0.0954363988	0.029495341	0.0069874649	-0.0360923416	-0.0591941887	-0.0117923675	0.0718524449	0.1181691424	0.0839291013	0.0454545486	-0.0940613305	0.0684955117	0.0663454223	0.0697506851	0.1051396756	0.0520011982	0.0732362489	-0.0689306069	0.0818655464	-0.0046055133	0.0302322059	-0.0242802311	0.0434897306	-0.0829857139	0.0753252952	-0.0630773808	0.0469878988	-0.0280367383	0.0	0.0501185	0.0142497	0.00251186404225	0.00020305395009	-0.571377	0.0652159999999999	0.0042531266559999	0.326471676129	2.74018	0.0189400000000001	7.5085864324	0.0003587236	-0.0154248	-9.790000000000146e-05	0.00023792445504	9.584410000000286e-09	-0.00174993	-0.0002466499999999	3.0622550049e-06	6.083622249999999e-08	0.00164182	-0.00013491	1.820070810000001e-08	2.6955729124e-06	0.0	0.0	0.0	0.0	0.0	0.0	0.0	0.0	0.0	0.0	0.0	0.0	0.0
3615.113094921859	0.9116125610062228	13069042.689075503	0.8310374613843241	8228.11566989301	-26.040212061860075	678.092644226643	67701887.47713889	3596.4007844971907	-16.06184194279831	257.982766595435	12934098.602732008	3715.089663998111	5501.422586146763	0.9203690000000002	40.5993	0.1249829999999998	0.0727622	0.0692757081	-0.0739963384	-0.0823141134	-0.0021650136	0.0112202618	0.1380386934	0.0343424161	-0.042857447	0.0039353603	-0.1100410742	-0.0281851554	0.0027016149	-0.0354859333	0.0164729438	0.0103146104	0.1531179987	-0.0368788595	0.0460007312	-0.1183497168	-0.0163438361	0.0548389174	0.1062706313	-0.0457940414	-0.0206868368	-0.1239382293	-0.0294139861	0.0737923004	0.0026805004	-0.007753682	0.0044756157	0.0681152812	-0.0616484595	0.1074736421	0.1225745126	-0.0365854265	0.0411109191	-0.160305956	0.039262867	-0.0188501998	-0.0036756854	0.0025418392	-0.0920647501	0.0292786233	-0.0520676044	-0.0128150186	0.0101378379	0.0568579469	-0.0749090051	0.0338316564	0.0728897015	-0.0201614267	-0.1564525403	0.0441394574	0.0218509488	0.0494421203	-0.1283715172	0.0867159934	0.0410377706	0.1863212218	-0.0314316486	0.0271000859	-0.0339492867	-0.0560158919	0.0203875271	0.0777145009	0.0550780198	0.0581536255	0.0284880885	-0.0705345874	-0.0493596173	-0.0464823551	-0.0793229713	0.0519460211	-0.0227084116	-0.0268324433	-0.0149311724	0.1101491427	0.0953285442	0.0739929852	0.110739409	0.0068973528	0.0326901161	-0.1210775265	0.0111132621	-0.0150048624	-0.1179673502	-0.0284606451	0.0945920509	-0.0816581764	0.0101471822	-0.0972099495	0.0483965437	0.0285385982	-0.0505301715	0.1471880917	-0.0577297944	0.0084738801	-0.0191563753	-0.0127000916	-0.0317025943	-0.0028174953	0.0078515085	-0.0237334372	0.1061701292	0.0634126521	-0.0190504222	-0.0168040288	0.0929886756	0.0393411934	0.0340156188	0.2168543913	-0.0121535786	-0.0087328195	-0.0883857165	-0.0974502508	-0.0153193437	0.0216574072	0.0534452884	-0.0987344535	0.0520942047	-0.0102417714	-0.0519943253	-0.0209551764	0.0342791053	-0.1183167778	0.026937495	0.0208720412	0.1611831458	-0.0455214937	-0.0440631986	-0.0192532799	0.0365907298	-0.0164840954	0.024608692	0.0984982563	-0.0663611077	0.1779024507	-0.0014964175	-0.0408899806	0.0471713582	0.0330099513	0.0082183009	-0.004281502	0.0993443883	-0.0753637966	-0.0609589036	0.0144203388	-0.0550343161	-0.0892990487	0.0056198594	-0.0206830294	-0.0299735631	-0.0162994417	0.0578914398	0.1482535238	0.1089340544	-0.0865095137	-0.0577484832	0.0030446589	0.0972042923	-0.0832214302	0.0762407473	-0.0650367418	0.0502300546	-0.0326408955	0.0	0.042515	-0.0076035	0.0018075252249999	5.781321225000009e-05	-0.633465	-0.0620879999999999	0.0038549197439999	0.4012779062249999	2.70331	-0.0368699999999999	7.3078849561	0.0013593968999999	-0.0155068	-8.199999999999874e-05	0.00024046084624	6.723999999999793e-09	-0.00168513	6.480000000000006e-05	2.8396631169e-06	4.199040000000007e-09	0.00186345	0.00022163	4.91198569e-08	3.4724459025e-06	0.0	0.0	0.0	0.0	0.0	0.0	0.0	0.0	0.0	0.0	0.0	0.0	0.0
3618.9664899604527	3.8533950385935896	13096918.45545668	14.848653323457691	8267.04312306943	38.92745317642039	1515.3466108024015	68344001.99868956	3601.756305563039	5.355521065848279	28.681605886744688	12972648.484663112	3719.2284173171975	5504.359681145805	0.938509	41.399521	0.1252524999999996	0.0669494	0.0656627909	-0.0808349195	-0.0826459259	-0.0263687786	0.0383367149	0.0855516041	0.0383236789	0.030484261	-0.0091961636	-0.0723043854	-0.0384495793	-0.031540503	0.0126285389	-0.1411603588	-0.0344983785	0.0843952139	0.1574061827	0.0403329199	-0.0884198372	-0.021857918	0.0408131841	-0.0937796727	-0.0918412479	0.0145547953	0.095786451	0.0658746854	0.1560853692	-0.1462648773	-0.1401747839	-0.1339383072	-0.0290850676	-0.0406282939	0.0645808593	-0.0711092253	0.0936172244	-0.0472217048	0.0873382842	0.0779970544	0.0764216555	-0.0758268827	0.0763992668	-0.0065393334	-0.1350019212	0.0330605498	-0.0631162987	0.0287327139	0.0402060052	-0.0347661297	0.062932353	0.0004680486	-0.0512363186	-0.021241416	-0.1374530796	-0.0071641802	0.0350897044	-0.041425749	0.0088936637	0.0344714771	-0.1020430484	-0.0224758496	-0.0415807699	-0.0574230031	0.0354083887	0.0363873714	-0.0072474972	-0.0293662071	-0.1077520707	-0.0754076456	0.0088754771	-0.0594073861	-0.1505263843	0.0162449407	0.0890376922	0.0064046927	-0.0441595949	0.0382093845	-0.041847392	-0.0107507895	0.0222713176	-0.0148623742	-0.1704419275	0.2169579446	0.0353409201	-0.0127844282	-0.037075007	-0.0860750382	-0.0331372478	0.0568373735	-0.037885235	0.0708552422	-0.0152583071	-0.0859697767	0.1827295118	-0.0951188756	-0.0186387352	-0.0470023902	0.0321585411	0.1093014394	0.014350274	-0.0505808014	0.091111535	-0.0935785904	0.17169458	0.1538670991	-0.0987051757	-0.1013100952	0.1466552154	0.0120759501	-0.1137724156	-0.0713225826	-0.0762023055	0.0199599253	0.046062629	0.0176271511	0.0394908332	0.0793274178	-0.0525610434	0.0385905384	0.0850490682	-0.007772697	-0.1149767539	-0.0802233757	-0.0014125259	0.0689596999	-0.021896853	0.0742067078	-0.0131176782	0.0755261953	0.1255196618	-0.0153481601	0.0757640947	0.0465587562	0.0025922565	0.0254941578	-0.0092071067	0.0117052755	-0.0731169076	0.1119214997	0.0072639893	0.0051782243	0.0487610031	0.0436393517	-0.0563271372	-0.0279649422	0.0734162491	-0.0144544898	0.159273381	0.0890452675	-0.1467462819	-0.0104113383	-0.0299421059	0.0317325596	0.0826247167	0.028476544	0.0244247245	-0.0058254478	0.1444890281	-0.1464282122	-0.0314644702	-0.1134261228	-0.0834461259	0.0771158161	-0.0669185973	0.0533658005	-0.0371370197	0.0	0.0420785	-0.0004364999999999	0.0017706001622499	1.905322499999995e-07	-0.617588	0.0158769999999999	0.0002520791289999	0.381414937744	2.7672	0.0638899999999997	7.657395839999999	0.0040819320999999	-0.0151331	0.0003736999999999	0.00022901071561	1.3965168999999958e-07	-0.00147334	0.0002117899999999	2.1707307556e-06	4.4855004099999964e-08	0.00154796	-0.00031549	9.953394010000005e-08	2.3961801616e-06	0.0	0.0	0.0	0.0	0.0	0.0	0.0	0.0	0.0	0.0	0.0	0.0	0.0
3615.096856651088	-3.869633309364872	13068925.282968575	14.97406194894613	8232.420259126222	-34.62286394320836	1198.7427076299175	67772743.32287185	3596.6644984654017	-5.091807097637229	25.926499519548862	12935995.51452138	3712.7500571066766	5479.012403873716	0.987183	43.546631	0.0799724999999996	0.0431654	0.0638435795	-0.0850204472	-0.0829372652	-0.0185482641	-0.0110281576	0.0848113961	-0.0423155238	-0.0433568049	0.0407511705	-0.0953012984	-0.064520752	0.0880590306	-0.0293378811	-0.0713509832	-0.1192519181	-0.0169739476	0.0364758367	-0.0093795649	0.0785343724	0.0800623398	-0.036369105	0.0795711356	-0.0035629481	-0.0529312002	-0.0508547445	-0.0106764337	-0.0136002711	-0.1495527602	-0.0482643767	-0.0107341368	-0.019742193	-0.1626810768	-0.1227407595	0.0810791351	-0.0097207554	-0.0439751552	0.0061765486	0.0900272599	0.0125048069	0.0151458035	-0.0317422427	-0.0224806761	0.1118929922	0.0841175938	-0.0070104432	0.0635932096	-0.03055882	-0.0761852167	0.0040960441	0.1119461075	0.1138259972	0.0822526622	0.0475295773	0.0951137635	0.0713258775	-0.0110065773	-0.0672375817	-0.0742588422	0.012571369	-0.1065954381	-0.0071964516	0.0701570956	-0.0449984505	-0.0129014282	-0.0346175997	0.0324938057	-0.0306530592	0.0478614036	-0.0368763906	-0.0903916064	0.0396231394	-0.03700513	-0.0359386844	-0.0797603783	0.0014405148	0.0086844387	0.0322589538	-0.0061269248	-0.0384619687	-0.0034287638	-0.142147061	0.0655095329	-0.0701403566	0.1328028041	0.0922376032	-0.1007432541	-0.0614376255	0.0093168733	-0.1168966143	0.0063118706	-0.0122563536	-0.0238760144	0.0796916219	0.0815717188	-0.0784700787	-0.0222370293	-0.0521335262	-0.1289541345	-0.0758074152	0.0089653872	-0.0768905633	0.0079724633	0.1187192638	0.0663000584	-0.0217016839	0.0246260078	-0.0085007917	-0.0515921236	-0.0189584811	0.1895550337	0.0078956738	0.0070063799	0.0619399842	-0.0748517366	0.021321829	0.049485195	-0.038094537	0.0859678234	-0.0964986467	-0.0716860409	0.0448387554	-0.0647648866	0.0682621717	-0.0188729235	-0.1542036445	-0.0139190887	-0.0514902779	-0.1027919542	-0.0728680087	0.0929778925	-0.0766261457	0.0770813323	0.0121108967	-0.0125271362	-0.1038470886	-0.0438556053	0.0162181249	-0.0258825282	-0.0130013668	-0.0302885763	-0.0742298918	-0.0544802298	-0.0624413399	-0.0091518232	0.0034521733	-0.1033180088	0.0232365637	-0.0394429645	0.0620671571	-0.0431161742	-0.0345039814	0.0040709561	-0.0359721508	0.0261356868	0.0662240379	-0.0277981447	0.0927605595	-0.0914779782	0.0512454985	0.0417202581	-0.0836597713	0.077950038	-0.0687207046	0.0563884939	-0.0415102298	0.0	0.035054	-0.0070244999999999	0.001228782916	4.934360024999994e-05	-0.64194	-0.0243519999999999	0.0005930199039999	0.4120869635999999	2.73261	-0.0345899999999996	7.4671574121000015	0.0011964680999999	-0.0151956	-6.250000000000006e-05	0.00023090625936	3.906250000000007e-09	-0.00146757	5.769999999999994e-06	2.1537617049e-06	3.329289999999993e-11	0.00175981	0.00021185	4.4880422500000086e-08	3.0969312361000005e-06	0.0	0.0	0.0	0.0	0.0	0.0	0.0	0.0	0.0	0.0	0.0	0.0	0.0
3616.593798641386	1.4969419902981826	13079750.70437133	2.2408353223178845	8218.107464704766	-14.312794421455692	204.8560841508532	67537290.3014362	3587.123326093301	-9.541172372100846	91.03397023414048	12867453.756602664	3704.804161275388	5482.369296482631	0.954429	42.101791	0.1200633999999995	0.0765398999999999	0.0660420829	-0.0995305562	-0.0885817665	-0.0343680814	-0.0158288086	0.105758771	-0.0394369803	0.0122807808	0.0336071317	-0.0962361045	-0.016630304	-0.1414714464	0.0984293174	-0.1522628358	-0.0787356873	-0.0216694585	0.0427313267	-0.1049812209	-0.1217358642	-0.0596238383	-0.0204136401	-0.1076370261	-0.1084375672	0.0157149431	-0.0055395664	0.0442717835	-0.0207456859	-0.0524464833	-0.0018841511	-0.0839154909	0.0136432175	-0.0342327566	0.0255381173	-0.0212108583	-0.1023861251	-0.0130815559	-0.0223876421	0.0299638635	0.0646866748	0.0188173231	0.0248517164	-0.0832235079	-0.0900743952	0.1552624418	-0.0335526684	0.0405599464	-0.0870338277	-0.0595725726	-0.0197714471	-0.0192580697	-0.0555054212	0.1103539927	0.0550093953	0.0183584451	0.0372211987	-0.0988627997	0.0924517767	-0.1191317636	-0.0135789742	-0.0680017736	0.0306154716	-0.0614036579	0.0390903265	-0.0410739424	0.0234443903	-0.1080376115	0.085901975	0.0304626028	0.0415899875	-0.0289706059	-0.0822145744	-0.121934035	-0.0174745535	0.0221937111	0.082253746	0.1307449003	-0.0592851635	-0.0699715454	0.0025320457	-0.0140605876	-0.0324044541	-0.1926747418	-0.0545604462	-0.0562539819	0.0563657204	-0.1021293516	-0.0274933505	0.1028712305	0.047005024	0.1785703588	-0.0284167094	-0.1019324096	0.0732911066	0.0497156043	-0.0820655206	0.0218522442	0.1220037562	0.1131693925	0.0099512275	-0.1058891406	0.0375734383	-0.0619651341	0.0387732722	0.005934726	-0.0253719699	0.0221653248	0.0731257051	-0.0203356463	-0.0270829782	0.0233677815	0.0252303092	-0.0584080217	0.0163721883	0.0575992352	-0.0542492995	0.0889177863	0.0586097878	-0.0379037051	-0.0509466415	-0.1038558579	-0.0796762917	-0.0217258248	0.1165297931	0.0409069568	-0.0043124302	0.0342117221	0.0581012069	0.0437413178	-0.0408602166	0.1955977497	0.0204885684	0.0951700372	-0.0984864624	0.008994235	-0.0573393418	-0.0255693833	0.0167074692	0.0628278263	0.0110351986	0.0072152187	0.0813815347	-0.0126758758	0.091302093	-0.0255409958	-0.0565300109	0.0403875267	0.0624145761	-0.0752967831	-0.0150301327	0.0260113304	0.0993326758	0.1088423214	-0.0680769668	-0.0200002158	-0.1301270679	-0.0212572978	0.0881873003	0.1018216956	-0.0591172858	0.1808638299	-0.083862338	0.0787429712	-0.0704409161	0.0592917311	-0.0457460516	0.0	0.0351559	0.0001018999999999	0.0012359373048099	1.0383609999998993e-08	-0.594859	0.0470809999999999	0.0022166205609999	0.353857229881	2.79213	0.0595199999999995	7.795989936899999	0.0035426303999999	-0.0153062	-0.0001106	0.00023427975844	1.2232360000000141e-08	-0.00141825	4.932000000000005e-05	2.0114330625e-06	2.432462400000005e-09	0.00165252	-0.00010729	1.1511144100000026e-08	2.7308223504e-06	0.0	0.0	0.0	0.0	0.0	0.0	0.0	0.0	0.0	0.0	0.0	0.0	0.0
3614.6392569490095	-1.9545416923765515	13065616.957876887	3.820233227238194	8209.461161895782	-8.646302808983819	74.75855226464148	67395252.56867525	3595.715738531404	8.59241243810311	73.82955150646904	12929171.67232244	3711.014173187304	5452.936109815325	0.93353	41.179897	0.1426880000000002	0.0864399	0.0639323402	-0.1014247117	-0.0905233035	-0.0556235219	-0.0348779589	0.0362074405	-0.1106636316	-0.0764866262	0.0274356531	-0.0722887297	-0.1362098717	-0.016325403	0.0720243762	-0.066853249	-0.1227297412	0.0097811224	0.0175473494	-0.0883848404	-0.007364116	0.0167580594	-0.0161100043	0.1261413989	-0.0349943466	-0.0621091432	0.1994648323	0.048581104	0.0144639065	-0.0037636775	0.0206643345	0.0838731541	0.0505582281	-0.0614154713	0.0976842994	-0.0324756403	0.0318176418	0.064594661	0.0002829002	0.0434453668	0.0053604546	0.0252738597	0.0082087549	-0.0791221088	-0.0041421701	0.0412227547	-0.0569022902	-0.0890977718	-0.0212900189	-0.0219841273	0.2016401451	-0.0536186462	-0.0642310823	-0.0129895533	-0.0886272774	0.0115409959	0.0974529771	0.0662935175	-0.0523203935	-0.0178032264	0.0156697508	0.1051453245	0.1280186539	0.0570267844	-0.0327478036	-0.0160267909	-0.044189306	-0.0223205615	0.0122072806	-0.0147297633	-0.0259519984	0.0170589188	0.0373916434	0.03680431	0.0091455771	0.0460784034	-0.0215833698	-0.0662885419	-0.0366970578	0.0123111435	3.98211e-05	0.0467093654	0.1100069133	-0.0984193654	0.0008228163	0.0481056502	0.0115685446	-0.079038555	-0.137572698	0.037678646	-0.0501368316	0.1062830387	-0.0981557129	-0.0466169088	0.0654215419	0.0849663734	-0.0475700664	0.0078908875	-0.0099858942	-0.080583173	-0.0835108317	0.0693981783	0.1826413624	-0.0129096576	0.0718507335	-0.0794390691	-0.06969061	-0.0281753511	-0.0959356448	0.1008333216	-0.0630404643	-0.0122181098	0.0038229962	0.0092431724	-0.0191273922	-0.0233426958	-0.0312189894	0.0697282007	0.055419874	-0.0169418118	-0.0689737818	-0.0413957895	-0.0689838845	0.0534240596	-0.0425975071	-0.1313405855	-0.0012063117	0.0142797249	-0.101699091	0.0334945696	0.1247101009	-0.1040773902	-0.0071860515	0.0512021705	-0.0036363069	-0.1255287897	0.006281514	0.0230530651	-0.0459147793	-0.0447732696	-0.0109989245	0.0465638806	0.0451539864	-0.1169538739	0.0126809592	-0.0696489848	0.001087124	0.0311335147	-0.050140528	0.0165008283	0.0086558535	0.0256236955	-0.0567714978	-0.0109584211	0.0863001659	0.0329023216	-0.0007447227	0.0611340969	-0.0859133911	0.0921828436	0.0945585484	0.0098841685	-0.0840537993	0.0794941956	-0.0720771819	0.0620693619	-0.0498304656	0.0	0.0395459	0.00439	0.00156387820681	1.9272100000000045e-05	-0.677348	-0.0824889999999999	0.0068044351209999	0.4588003131039999	2.79583	0.0037000000000002	7.816665388900001	1.3690000000001914e-05	-0.0148281	0.0004781	0.00021987254961	2.285796100000004e-07	-0.00186021	-0.0004419599999999	3.4603812441e-06	1.9532864159999998e-07	0.00177464	0.00012212	1.491329440000002e-08	3.1493471296000003e-06	0.0	0.0	0.0	0.0	0.0	0.0	0.0	0.0	0.0	0.0	0.0	0.0	0.0
3615.21652330233	0.5772663533207378	13069790.510358188	0.3332364426762229	8263.209168788042	53.74800689225958	2888.848244890384	68280625.76714276	3600.8815597258567	5.165821194452747	26.6857086130572	12966348.00717372	3717.001544946404	5477.032948913574	0.981311	43.287601	0.1750549999999996	0.0936884	0.0569356362	-0.1064554838	-0.0807259856	-0.074849815	-0.026360897	0.0950245338	-0.0334571348	0.04586606	0.0288719738	-0.0962971602	-0.0147108703	-0.0279504832	-0.131807859	0.0323419288	0.023278085	0.0414021785	0.0991461056	-0.1299141367	-0.0560066095	0.1722409037	-0.0153681379	0.0025724456	0.0336581137	-0.0219081553	-0.0744705105	-0.1122727136	-0.0521285197	-0.1250426221	0.0154838816	0.1141337108	-0.0437920081	-0.1668115672	0.029741212	-0.1456856363	0.0825124155	-0.0868457692	-0.0665991407	-0.0518045001	0.0139735563	0.0283743535	0.0286828932	0.0106646929	-0.1285835332	-0.0001147394	0.0457603893	0.0037771487	-0.0369951078	0.0564398341	-0.0111513514	-0.0436904346	-0.0511159242	-0.002117084	0.0272177224	-0.1131886892	-0.0215510207	-0.0314854303	-0.0263450222	-0.0724161265	-0.0087283758	-0.0048903119	-0.0525237269	-0.0246713001	-0.0672194963	-0.1441437776	-0.0933870429	-0.0520929078	-0.0746493584	-0.0617127878	0.0756311534	-0.0860571781	0.0419078467	0.0406322495	0.0656664633	0.0472696104	-0.0253378146	0.0445066357	-0.0261560543	-0.0429983243	-0.0619497667	0.0134555133	0.0566352645	0.0328523835	-0.0672819581	-0.0289842736	-0.0586780837	-0.0962664197	-0.0252981075	0.1029918049	-0.0160739069	-0.0855010043	-0.0084565391	0.0340961915	0.0069163705	-0.0923775984	-0.1505620678	-0.1004221671	0.0789785119	-0.1127694125	0.046865083	0.013887538	-0.0907271073	0.063792173	0.1022981332	0.0146863374	0.0213633322	0.0701433071	-0.0873038279	-0.0153271615	-0.1497827511	0.0029547404	0.0247721854	0.1641216098	0.124910232	0.1378547097	-0.0450657299	-0.0358195837	0.0213056772	-0.0563784389	0.0342095566	0.0494536608	-0.0266073649	0.0176968782	0.0087951748	0.0913433636	0.0403906871	-0.0055147109	-0.0170278537	0.0762545708	-0.0437035554	0.0940104092	0.098173189	-0.0174213447	-0.0219355269	-0.068324609	-0.039587267	0.1087829897	0.0141786896	0.0701684073	0.0233081252	-0.0165493715	-0.0776373051	-0.1164921155	0.0058160734	-0.0896775839	0.0653111873	0.0722971453	0.0832940182	-0.0447999707	0.0237153637	0.0216948348	-0.0241723879	-0.0843208432	0.0084034104	5.45062e-05	-0.063981322	-0.0901280677	-0.096631777	-0.0625416893	-0.0219177446	0.0145793098	-0.0842341297	0.0802033134	-0.0736275519	0.064715502	-0.0537499534	0.0	0.0394554	-9.05000000000003e-05	0.00155672858916	8.190250000000054e-09	-0.596176	0.0811719999999999	0.0065888935839999	0.355425822976	2.82095	0.0251199999999998	7.957758902499999	0.0006310143999999	-0.0155249	-0.0006967999999999	0.0002410225200099	4.855302399999988e-07	-0.00137452	0.00048569	1.8893052304e-06	2.358947761e-07	0.00158368	-0.00019096	3.64657216e-08	2.5080423424000003e-06	0.0	0.0	0.0	0.0	0.0	0.0	0.0	0.0	0.0	0.0	0.0	0.0	0.0
3612.686776088626	-2.529747213704013	13051505.742125632	6.399620965243217	8204.422180804908	-58.78698798313417	3455.909956129161	67312543.32088356	3592.39329731758	-8.488262408276569	72.05059871176114	12905289.602612276	3705.724200238238	5447.94245060512	0.95527	42.138866	0.1713410999999999	0.0904628	0.0687726994	-0.102652179	-0.0966242246	-0.0317075539	-0.0781995535	0.0778026915	-0.0467297396	-0.0607904689	0.0006669251	-0.1086827385	-0.0903759369	-0.0782793207	0.0935925915	-0.1337912633	0.0260280161	0.0184991836	-0.0285830164	-0.0037794781	-0.0144847469	0.0059626427	-0.0989413784	0.1189758928	0.0393317104	-0.0149491332	0.0187554696	-0.0022373791	0.0531998823	-0.0192294436	-0.0328941365	0.0490651538	-0.0166798064	0.0745048556	0.0133923681	0.106504969	0.0745100412	0.022782216	-0.0381694501	-0.0866774704	0.0773760098	-0.1698082796	0.0398661818	-0.0583857801	0.038094348	0.0551605612	0.141363214	-0.0631472516	-0.0301577584	0.1094901548	-0.1405096892	-0.050203456	0.0510426185	0.0097102669	-0.014733455	0.0386154241	-0.0292652779	0.1266389826	-0.0717364167	-0.1090507842	0.0525039987	-0.0120392278	0.0641646811	0.0035057713	0.0478448479	0.0087880307	0.0954508788	0.0276644041	-0.025727449	-0.0364793063	0.0439262722	-0.1345627172	0.0039184026	0.0458634733	-0.006317002	-0.0180034434	0.0211996603	-0.0552138391	0.0379029042	-0.0823698723	-0.0243290354	0.0272948138	0.0091194645	-0.0009676942	0.0470623594	0.017344675	-0.0197769995	-0.1080651779	-0.097929195	0.0210262517	0.0053863854	0.1580570864	-0.0041389945	-0.0984976926	0.012493672	-0.0014762323	0.0528493613	0.0648554084	0.017376306	-0.1199931142	-0.0525913001	0.0325525886	0.0070125691	4.69894e-05	0.0245206385	0.0429682935	-0.0213933868	-0.073415055	-0.0234608285	0.0363622775	0.1037052977	-0.0358279237	-0.0211259032	0.0286423927	-0.0901597881	0.0646608817	-0.0464032387	-0.0389026337	-0.1267607262	0.0348939694	0.003756857	-0.0341208182	0.1073877465	0.1424501015	-0.067621205	0.1757325649	0.0645899824	-0.0900167937	0.0724233164	-0.1073610413	-0.0240244859	-0.012695009	-0.0779619481	-0.0269425227	-0.0527448905	-0.0524726627	-0.0800045664	-0.0292187028	0.0096214285	-0.0617310154	0.0261994124	-0.0362817806	0.0853434594	-0.0067960162	0.0293986251	0.0247386789	0.0757282503	-0.0454034243	0.096532847	0.0144498074	0.0694618472	-0.0496760768	-0.0584015276	-0.0575917893	-0.0112562083	-0.0363626515	0.0031136154	-0.0146807712	-0.0330414741	0.0301892555	0.0594787723	-0.0357739935	-0.0844033055	0.0808699489	-0.0750901786	0.0672245457	-0.0574915426	0.0	0.0317068	-0.0077486	0.00100532116624	6.004080196000002e-05	-0.664648	-0.0684719999999999	0.0046884147839999	0.441756963904	2.76591	-0.0550399999999999	7.650258128099999	0.0030294015999999	-0.0159949	-0.0004699999999999	0.00025583682601	2.2089999999999997e-07	-0.00132352	5.100000000000005e-05	1.7517051903999995e-06	2.601000000000005e-09	0.00186429	0.0002806099999999	7.874197209999996e-08	3.4755772041e-06	0.0	0.0	0.0	0.0	0.0	0.0	0.0	0.0	0.0	0.0	0.0	0.0	0.0
3622.874562883726	10.187786795099782	13125220.098389948	103.7909997824095	8259.850717138157	55.42853633324921	3072.322640046328	68225133.86940773	3595.2066720545977	2.8133747370175115	7.915077410888352	12925511.014785895	3707.9029839963328	5387.006096823556	1.023075	45.129871	0.2235196	0.111433	0.046536071	-0.1050314977	-0.0839205374	-0.0646200852	-0.0885442832	-0.0267172873	-0.0296982781	0.1403112859	0.126781609	-0.0814204382	0.040026423	-0.0652384864	0.0041322773	0.1226517126	-0.0475742905	0.0019090384	-0.0618589553	-0.0990842041	-0.1534018508	0.048653306	0.0259192258	-0.0855212926	0.0408021527	-0.1762896227	-0.0895158225	0.0467435431	0.070784107	-0.1486509362	-0.0556642594	-0.0175692465	0.0553311962	-0.0342434777	-0.0701820342	0.0757518168	-0.0546319984	-0.0618459662	-0.0132584222	-0.0299141253	-0.0465516716	0.0768539293	-0.0103057428	-0.0185678472	0.1451419194	-0.0666108299	-0.0005921053	-0.0279067382	0.0135338607	0.0639186532	-0.130278867	0.0381670927	-0.0184496301	-0.0346928503	-0.1426919718	0.0083213535	-0.0685824351	-0.035906709	-0.007956747	-0.0015743548	-0.0456030476	0.0539639584	-0.0728435324	0.0710284754	0.059806671	0.018835005	0.0148185794	0.0618491872	0.0754415255	-0.0033904625	-0.029652363	0.0501997629	0.0307519578	-0.0487635316	-0.0488518955	-0.0318442784	-0.0051958723	0.0005277716	-0.072315347	-0.0212153337	-0.0391261988	0.0222906184	-0.0334327898	-0.0703490815	0.0507560042	0.1019262628	0.0468732367	-0.0810889199	0.0266195571	0.0417574165	0.108720353	-0.0381588413	-0.0571065467	0.1027112707	-0.047666061	0.0530024668	-0.0404868752	-0.0618719082	0.1831058716	0.0823020461	-0.0664701643	0.0767220362	-0.0816502773	-0.0649070561	0.1128328109	0.1200320316	0.1045749627	0.093668276	-0.0258859648	-0.021265418	-0.0542174022	0.0790844736	0.0661836743	-0.0712656415	0.0057604418	-0.0319016967	0.0770748407	-0.1013192547	0.0215565942	0.1450111119	-0.0870587527	0.0686485106	0.045306423	0.018089535	0.0251014513	0.1067895437	0.026196773	-0.0477320983	0.1013775166	-0.0268978157	0.0900627029	-0.0341300631	-0.0242505621	0.0096356456	0.0348298451	0.0152458743	0.0252711762	0.0772039737	-0.0475108097	-0.0901436094	0.0072681163	-0.0218226414	-0.0054175733	0.0309109051	0.0411683311	0.0295884368	-0.0350002213	-0.0373536788	-0.0789310609	0.0039663344	-0.0216626664	0.0054961306	0.0359209751	0.0492059423	0.0598911177	0.0219278789	-0.0197288431	-0.0387350059	0.0498754819	0.0886212085	0.0566990334	0.0068531721	-0.0845613042	0.081493749	-0.0764633189	0.0695911778	-0.0610428493	0.0	0.0551275	0.0234207	0.00303904125625	0.00054852918849	-0.580383	0.084265	0.007100590225	0.336844426689	2.83384	0.06793	8.0306491456	0.0046144849	-0.0158527	0.0001421999999999	0.00025130809729	2.0220839999999598e-08	-0.0008049119999999	0.000518608	6.47883327743839e-07	2.689542576641036e-07	0.00156702	-0.00029727	8.836945290000006e-08	2.4555516804e-06	0.0	0.0	0.0	0.0	0.0	0.0	0.0	0.0	0.0	0.0	0.0	0.0	0.0
3636.301867782999	13.427304899273167	13222691.273642128	180.2925168580452	8234.619995845203	-25.230721292953604	636.5892969627024	67808966.47597367	3607.584906416769	12.378234362171495	153.22068592484322	13014668.85700609	3714.7271956559066	5426.063703591483	1.010394	44.570496	0.2594937999999999	0.133411	0.0621933552	-0.1009520202	-0.0926137487	-0.000434613	-0.0986742189	-0.1080508424	-0.0090698571	-0.0140062944	0.1446377794	-0.0737751696	-0.069727168	0.0009686145	0.0633945849	-0.0391280115	0.0868395751	0.0322306177	-0.0755126224	-0.0496983665	0.0691169603	0.0448402105	0.0410369414	0.0362674878	0.0943495999	-0.0272060427	0.1688153267	0.0575725663	-0.0436704075	0.0707793259	-0.0030632925	-0.0586870072	0.0009771108	0.0711249997	0.0302595678	0.0021569189	-0.0426844911	0.0032143273	-0.0129817148	-0.0242482761	0.0735692858	-0.0109114625	-0.0877437778	-0.0283344686	0.1624249218	-0.0359885791	0.0104205857	-0.099648482	0.0269758553	-0.0126211621	0.0089469035	0.1767205777	-0.0068910305	0.0204827455	0.0213045793	-0.0523773194	0.0566807091	-0.0268832369	-0.0797595743	-0.0356668382	-0.0080054387	-0.083056704	-0.0322457833	0.0488355964	0.008034674	0.0384801107	-0.0321711552	0.0495322259	-0.0819073526	-0.0081313297	-0.0297640384	-0.0316377973	-0.0747501146	-0.0659286626	0.0134787169	0.0363698132	-0.004385704	-0.0559757196	0.1014884765	-0.0984897637	-0.0461186431	-0.1069732831	-0.073502202	0.1580393169	0.047607157	-0.0423965892	0.008209969	-0.0680409593	-0.0600508928	-0.0791755023	0.0089692618	0.0669804715	0.0586565755	0.0488443715	-0.0832809893	-0.0494548676	-0.0100380903	0.0794039686	-0.0197468995	-0.011699922	-0.0130466216	0.1915976033	0.119354462	-0.0686756419	0.0062041362	-0.1050348016	0.0397101043	0.0028054151	0.0746116229	-0.0034271992	0.0717612313	-0.042686386	0.0673845927	-0.0101620979	-0.0216935733	-0.0021230282	0.0208134672	0.0459926305	-0.03887738	0.0430076043	-0.1081582072	0.0181126316	0.052468154	0.0209749954	-0.0882633575	-0.0664911096	-0.0973068425	-0.103682419	0.0420465899	-0.027870725	0.0023116614	0.024836882	0.0255919354	-0.0010328586	0.0344623545	-0.0621999383	-0.0744422392	-0.0298902542	-0.0063199517	-3.52999e-05	-0.0062479767	-0.0729232997	-0.0489963632	0.0132358961	-0.1189729399	0.0169443904	-0.0045949827	-0.0744420942	0.0865155641	0.0173584394	-0.0542804488	-0.071691242	0.0333867764	-0.0119428427	0.0003676272	-0.1322412733	0.0573931573	-0.0641447065	0.0949913894	-0.0639600156	-0.030787613	-0.1330106486	-0.0847081048	0.0820743834	-0.0777453364	0.0718103845	-0.0643921198	0.0	0.0489346	-0.0061929	0.00239459507716	3.835201041000001e-05	-0.667875	-0.087492	0.007654850064	0.446057015625	2.75049	-0.0833499999999998	7.5651952401	0.0069472224999999	-0.0154278	0.0004249	0.00023801701284	1.8054001000000054e-07	-0.00190791	-0.0011029980000001	3.640120568100001e-06	1.216604588004221e-06	0.0016883	0.00012128	1.4708838400000021e-08	2.85035689e-06	0.0	0.0	0.0	0.0	0.0	0.0	0.0	0.0	0.0	0.0	0.0	0.0	0.0
3635.520060790784	-0.7818069922150244	13217006.112412227	0.6112221730763032	8296.930889379606	62.31089353440257	3882.647453055652	68839062.18314146	3612.0218185149192	4.43691209815006	19.686188966710368	13046701.617427824	3719.385428675677	5458.425739658901	0.996614	43.962646	0.2266172	0.130614	0.0471498427	-0.1172642419	-0.0847766182	-0.0552932343	-0.0271171118	-0.1268315257	0.0404376538	0.1624305629	0.1474335665	-0.0788831098	-0.0049599127	-0.1368964347	-0.1682908695	0.0682635094	-0.0102195721	0.0056113874	0.018217266	0.0808903056	0.0409289909	0.055341582	0.0498600286	-0.0798716677	0.0286813677	0.1186372342	0.054571146	0.1361108775	-0.0612557165	0.0210121517	0.1280033899	0.0573159314	0.073073016	0.0451499963	-0.1018502518	0.0006117413	-0.0397909289	0.0327493329	-0.0203428731	0.0622975469	0.1229976688	0.1083674613	0.0744304072	-0.0214384355	0.0129647568	-0.0524936122	-0.0099277525	-0.0842960745	-0.0613914748	-0.0013084858	-0.014549317	0.0691877378	-0.0481243354	0.0201342153	-0.1096788043	-0.1074447904	-0.0904636946	0.0985465068	0.0275429744	0.0296663197	0.0270608393	-0.0549927939	-0.1171916223	-0.0133399348	-0.0378787733	-0.0011204834	-0.0150910258	0.0152086297	0.0223785781	-0.0904651706	-0.0223206308	-0.0464526002	0.0703456542	0.025107741	-0.0189750419	0.0266043197	0.0215481709	-0.0240687388	-0.0729583919	0.0507203525	-0.1208219118	-0.0562518102	0.0465469671	0.0812543371	-0.0105826108	-0.0632823661	-0.0815902201	-0.0686759907	-0.0199373199	0.0379375048	0.127434445	-0.15804413	0.213867035	0.0651719414	0.029992199	-0.0252479854	-0.0036105326	-0.0260196992	-0.0047494517	0.0389571316	0.1152224215	0.0400136722	0.0723988381	-0.1188841903	-0.0801397854	-0.0579613106	-0.0445134357	0.1257625564	-0.0590089467	-0.0090104659	0.0521140619	0.0992420264	-0.0263470511	-0.003947673	-0.0363660774	0.0440550717	-0.089964305	0.1122910643	0.0806040246	0.0926410414	0.019589763	0.059412052	-0.0058275105	0.0755954581	0.0152755134	0.0070486454	-0.0123082124	-0.0321649973	0.0477308477	0.0013325299	0.1517944385	-0.0036605935	0.0941284265	-0.0980405736	0.0051333368	0.0516330874	-0.0844735753	0.0818891461	0.0332225055	-0.0088047928	-0.090095919	-0.0203368424	-0.0324949685	-0.0144333837	-0.0047658317	0.0228247597	0.0017228932	0.0310056512	-0.0296160105	0.0100561501	0.0515124304	-0.0077412814	-0.0098891502	-0.1321076647	-0.0017543622	0.0814290707	-0.0401363377	-0.0702933324	0.0032188465	-0.0603922765	-0.0171256246	-0.1071971623	-0.084843688	0.0826115445	-0.0789347034	0.0738774647	-0.0675282686	0.0	0.0537548	0.0048201999999999	0.0028895785230399	2.3234328039999968e-05	-0.562088	0.1057869999999999	0.0111908893689999	0.315942919744	2.82541	0.0749200000000001	7.982941668100001	0.0056130064	-0.0155367	-0.0001089	0.00024138904689	1.1859210000000067e-08	-0.0014919	0.00041601	2.22576561e-06	1.7306432010000006e-07	0.00139141	-0.0002968899999999	8.814367209999998e-08	1.9360217881000003e-06	0.0	0.0	0.0	0.0	0.0	0.0	0.0	0.0	0.0	0.0	0.0	0.0	0.0
3628.568391686144	-6.951669104640132	13166508.573143767	48.32570334040813	8281.550273974382	-15.38061540522358	236.5633302434009	68584074.94036517	3611.995437296349	-0.02638121857035	0.0006959686932565	13046511.039049642	3724.772008491648	5468.803154144287	1.021191	45.046787	0.1526772999999998	0.106344	0.0690426986	-0.1163494951	-0.1019918138	-0.0374026203	-0.0011784512	-0.0364652828	0.1317295363	0.0153210016	0.0086848814	-0.1399530571	-0.0692426324	-0.0761279278	-0.1023857856	0.0615991718	0.1078148183	0.0415208071	-0.012083995	-0.0096314117	0.0069271299	0.0785002784	-0.0164044486	0.0078950634	0.1026955349	0.0953756468	0.0176389598	-0.054160061	0.0684307893	0.0252747856	0.0002183377	0.010231787	-0.2103571435	0.0237149456	-0.0089921269	-0.0242799874	-0.0996336882	0.0271975447	-0.0453563746	-0.0064463098	0.0195262352	0.0103089059	0.0185581353	0.1087362265	0.0226092656	-0.0452424475	0.0752868134	0.0542089715	-0.0003164073	0.0263031808	0.0263851561	-0.0107978775	-0.0644599505	-0.0056154334	0.0974229895	-0.0739595611	0.0450452717	-0.0166843166	-0.0782797989	-0.0029901161	-0.0395187444	0.0161338328	-0.0213749394	0.1061027982	0.0848298983	-0.0675892149	0.0916243736	0.0059547774	0.0190127353	-0.0660880521	0.0745604715	0.1596489349	0.0284346136	-0.0223239858	-0.0098356452	-0.0046028234	0.0404071329	0.0356510344	-0.0105667262	0.1267754206	0.0456871454	0.0077784919	-0.0956535908	-0.1337973881	-0.0402774542	0.0507437083	-0.0792823466	-0.1163114049	-0.0827271601	0.0508944263	0.0183923769	-0.0656979308	0.0907571836	0.0407166548	-0.09946469	-0.100568627	0.0059097174	0.0062799294	0.0232312046	-0.1026533451	0.1048025426	0.0667688491	-0.0018063977	0.0435701262	-0.0259969273	0.0124774648	-0.028061212	-0.0580835533	-0.0079414306	-0.2326243104	-0.0156081703	-0.0888508778	0.0981278658	-0.0143893235	-0.0077473114	-0.0164379764	-0.0286231872	-0.0002195848	-0.0213071194	-0.0160113965	0.0966566581	0.0323566525	0.096028465	0.020586931	0.0245123706	-0.0791965573	0.033015764	-0.0099119744	-0.0032420124	0.072591959	-0.0674255018	0.0382127041	0.0289466725	-0.0177216046	0.1226276458	-0.0600583239	-0.0370312322	-0.0060803615	-0.0165225626	-0.1314248659	0.0705896811	-0.00303829	0.0567928022	0.0098997935	0.0739819054	0.0038801432	0.0687894078	0.1164844787	-0.097707591	-0.0165218235	-0.0555517966	0.0115964524	0.0682939751	0.0463875619	-0.0049902882	0.0823633775	0.0664929965	0.0443381437	0.0724838151	0.0234352367	0.1055630431	0.1276923492	-0.0849680357	0.0831049477	-0.0800300023	0.0757880394	-0.0704409161	0.0	0.0507105	-0.0030443	0.0025715548102499	9.26776249e-06	-0.666746	-0.1046579999999999	0.0109532969639999	0.4445502285159999	2.82594	0.0005299999999999	7.985936883600001	2.808999999999146e-07	-0.0153175	0.0002192	0.0002346258062499	4.8048640000000443e-08	-0.00103286	0.0004590399999999	1.0667997796e-06	2.107177216e-07	0.00160207	0.0002106599999999	4.437763559999995e-08	2.5666282849e-06	0.0	0.0	0.0	0.0	0.0	0.0	0.0	0.0	0.0	0.0	0.0	0.0	0.0
3631.9854629913993	3.4170713052553765	13191318.40338085	11.676376305199682	8295.867796274537	14.317522300154453	204.99144481542	68821422.49326494	3607.4768220748015	-4.518615221547407	20.41788352039992	13013889.021806909	3724.632733355512	5481.722233712333	1.234152	54.440929	0.5162280499999997	0.338075	0.0108801525	-0.11189842	-0.0587181692	-0.1740009831	0.0659629751	-0.0722683066	0.1315318594	0.0203408896	-0.0303259564	-0.0275313148	-0.0397523186	-0.0707817154	-0.1271598969	0.1045229385	0.0221405801	-0.0123492602	0.0686347925	0.0371243729	0.0640788284	-0.0690492557	0.1308904165	0.0768090143	0.0497908325	-0.0190420342	0.0835531391	0.1979035378	-0.0787080829	-0.0122857933	-0.0821496342	-0.124264607	-0.0156656613	-0.037143823	0.0488694075	-0.0332204547	0.0529732933	-0.036328457	0.1025624334	0.0668950906	-0.0700708218	0.0172684837	-0.0133623675	-0.0339862728	0.0282280626	-0.0337891107	0.0548297183	0.036944111	0.0275046605	-0.0149783939	-0.0364064591	-0.0515035847	-0.0083904043	0.0081482094	0.099087908	0.0455641004	0.0371591984	0.109645388	0.0497204684	0.0175737919	0.1067773002	-0.0318573	-0.0279467585	0.0126574531	-0.084642886	0.0604243992	0.0601525486	0.0142248604	-0.0025942258	0.1303005597	0.0369580909	0.0790482933	0.0385107236	0.081802664	-0.0045129088	0.0473550752	-0.0375610889	0.0664282332	-0.0195838625	-0.001720193	-0.0718137307	0.0496158817	0.1589002283	-0.0961595879	0.0925747283	0.0732480826	0.0309646805	-0.0480294214	-0.0744424611	0.1275068859	0.0557662655	-0.1429580994	-0.0627771406	-0.0372999555	-0.0107825273	0.0151894386	0.0529316244	-0.0148057317	-0.2044091939	0.022127277	0.0351862908	0.0484397236	-0.0215109046	-0.1909383745	0.053633211	-0.1000063241	-0.0590992544	-0.0388052881	0.1023061789	0.0529753648	-0.1061054224	-0.0391259679	-0.1160833259	-0.0429760112	0.0425556353	-0.0594312975	0.0768308194	0.0150116451	0.0208575582	0.0115291559	-0.0186850376	0.0287476017	0.0656445089	-0.0272757358	-0.0416944852	-0.067545409	0.0266809861	0.0281323927	0.0172810506	-0.0497067141	-0.0726325572	-0.0606396207	-0.0655218299	-0.0086651432	-0.0114285165	0.0260102294	-0.0525872097	-0.0405789591	0.0984435186	-0.0316764445	-0.0356262279	0.0927012674	-0.0865059079	0.0711967023	-0.0165828151	0.0961899147	-0.0293746188	0.0485268883	-0.0447361341	-0.0432097531	0.0665337528	0.1005277249	0.023385246	0.0312994098	-0.0374953496	-0.001414497	-0.0708993122	-0.09847205	-0.1727736617	0.122166844	0.0617963619	0.0064628614	-0.0850811316	0.0835543317	-0.081029928	0.077538061	-0.0731204221	0.0	0.145058	0.0943475	0.0210418233639999	0.00890145075625	-0.635519	0.031227	0.000975125529	0.4038843993609999	3.15284	0.3268999999999997	9.9404000656	0.1068636099999998	-0.0152139	0.0001035999999999	0.00023146275321	1.0732959999999758e-08	-0.000169069	0.000863791	2.8584326761e-08	7.461348916810001e-07	0.00129439	-0.0003076799999999	9.466698239999992e-08	1.6754454721000002e-06	0.0	0.0	0.0	0.0	0.0	0.0	0.0	0.0	0.0	0.0	0.0	1.0	0.0
3603.473869791874	-28.511593199525123	12985023.930272823	812.9109467752072	8246.497130026364	-49.37066624817271	2437.46268578846	68004714.91553307	3605.989652486466	-1.4871695883352911	2.21167338446936	13003161.373839466	3709.3267607636494	5228.651686335972	2.094703	92.401543	1.66853645	0.786066	-0.167696313	0.1869739493	0.2245604281	0.0620955237	0.1764625879	-0.0698848703	0.068400009	-0.0655798958	-0.0660545928	0.2194272314	0.0348126528	0.0826218324	-0.0587658926	-0.0044231113	0.0781776992	-0.0868538545	0.0811191137	0.056708251	0.0785206447	-0.076829318	-0.0137947365	0.0041942972	-0.0469781298	0.0235761031	0.0238856353	0.0791688788	0.1070134307	0.0199461015	-0.0056239154	0.0030050608	-0.0502295706	-0.1043775374	-0.0242225267	0.0272020523	-0.0919427174	-0.0716068594	0.0095629931	-0.0185709492	-0.0752112558	0.00651499	0.0226371565	-3.54296e-05	-0.1051350989	0.0008021576	-0.0568217859	0.0524596876	0.0040502189	-0.008419099	0.0388828023	-0.0548765423	0.1272181734	0.0048734721	0.0333114208	-0.0277696054	-0.0540283032	-0.0028138031	0.1245784266	-0.07239888	-0.0020658858	-0.082521566	-0.0050930062	-0.1331862158	-0.0830312885	-0.0275325976	0.110985757	-0.044272784	-0.0894802313	0.014872018	0.0176586445	-0.0807673916	-0.0105937914	0.1498652837	-0.0051819717	0.0768768634	0.0389012452	-0.0753338684	-0.0024246617	-0.0703574163	0.067220577	0.0114830097	-0.0394527682	0.0105098953	-0.0274267231	0.0381049017	0.0386538454	0.2259571091	0.0421045784	-0.0654341908	-0.024724856	-0.1173171173	0.0225302134	-0.11751655	-0.0161214683	-0.0389522955	-0.005128194	0.0463793178	-0.0963055785	0.0223635179	-0.0204160666	-0.0569575932	0.0405726371	-0.0224079871	-0.033843635	0.0564548465	-0.0798030331	-0.0964756256	-0.0358260792	-0.0378702696	-0.0838297763	0.0863720586	0.0234317319	-0.0990252279	0.060370014	0.0072320898	-0.0012356056	-0.0634952242	0.0392774485	-0.0339452218	0.0350850267	0.0073948026	-0.0722839139	-0.0494439508	0.0315820399	0.0676954813	-0.0146133491	0.055089055	-0.0915505217	-0.020657148	-0.0574753833	-0.0011990676	0.0776029634	-0.0119050908	-0.1728767845	0.0724906929	-0.0466805377	-0.0920603361	0.0107827757	0.0812332023	0.0748619103	0.0933958907	0.0290785459	-0.0173548473	-0.0670442225	0.0977805117	-0.0005909554	0.0697207358	0.1225274775	0.0427136112	0.1139265553	-0.064227412	-0.0048774653	-0.0662141492	0.0466512464	-0.0600288915	-0.0225546614	0.0454954951	0.0294890299	-0.0294016247	0.0510759451	0.0012350695	-0.0851829606	0.0839594584	-0.0819332888	0.0791238224	-0.075557918	0.0	0.416995	0.271937	0.173884830025	0.073949731969	-0.8065799999999999	-0.1710609999999999	0.0292618657209999	0.6505712963999998	3.7055	0.5526599999999999	13.73073025	0.3054330755999999	-0.0162602	-0.0010462999999999	0.0002643941040399	1.0947436899999964e-06	0.00564363	0.005812699	3.18505595769e-05	3.3787469664601e-05	0.00789296	0.0065985699999999	4.354112604489998e-05	6.229881756159998e-05	0.0	0.0	0.0	0.0	0.0	0.0	0.0	0.0	0.0	0.0	0.0	0.0	1.0
3595.7557717073632	-7.718098084510984	12929459.569766816	59.56903804213213	8202.543645336642	-43.953484689722245	1931.908816369648	67281722.25365253	3589.1942898354114	-16.795362651054802	282.08420658044656	12882315.650187124	3695.242708358885	5172.491372988128	1.022101	45.086903	0.2503130000000002	0.148994	-0.1650323968	0.2161016824	0.2267938841	0.0797186876	0.1115991128	0.0240517916	0.0004874869	-0.0396558012	-0.0296366587	0.2123016761	0.0723641916	0.1213069009	-0.0428241279	-0.0064051111	0.0318213145	-0.0449397286	0.0854249847	-0.0242068139	0.017563161	-0.0491549468	0.0494102761	0.0373615377	-0.0712983904	0.0055812525	-0.0494044093	-0.0523660377	-0.104531048	0.0090261471	0.154673215	-0.0679993686	0.0714083635	-0.0554678212	0.0933138999	0.0599973761	0.0035388362	0.0378684911	-0.0317852363	0.0149895405	-0.0402999222	-0.0364280403	0.0519656406	0.0762091225	-0.1045117239	-0.0111622879	-0.0806817874	0.081494577	-0.0391954484	-0.0102532852	-0.0322698267	0.0477265926	0.0346702471	-0.018076559	-0.0472553726	-0.0699687544	-0.0390839884	0.0091120098	-0.0945648414	-0.0028758756	-0.003506921	0.0630878227	0.0389495391	-0.0946439284	-0.0288568772	0.0507115515	-0.0006515706	0.0479080863	-0.0176166582	-0.0341107645	0.0247289787	-0.0127272078	-0.0633722204	-0.0256775116	-0.0307464658	-0.0150817902	0.1175561695	0.0219572982	-0.0587042079	0.0110199148	0.0741686385	0.0398897796	-0.0530365793	-0.1251140201	0.0221501262	-0.0016163017	-0.0198588689	0.2103267989	0.0917040217	-0.0361603945	-0.1053582056	-0.0516427984	-0.0796177276	-0.0663939481	-0.010654116	-0.0255372597	-0.0419396115	-0.0511351673	-0.0877866548	0.025183726	0.0093777396	-0.1043098308	-0.0325489329	0.0549388848	-0.0542874778	-0.0990569806	-0.0507396044	0.1059953087	0.0407854973	0.1117829806	-0.0137869924	0.0288723757	0.1108462742	-0.0161074011	-0.0185243834	-0.0321773792	-0.0226922918	-0.0102917062	-0.0257772156	-0.0448713144	0.121820154	0.0319051639	-0.0565604266	-0.0560809474	0.0860542027	0.042918837	-0.0261977459	-0.0079619529	-0.0003838049	-0.0341380039	0.0348723224	-0.0120636364	0.0497048566	-0.1071967936	0.0239528318	-0.0619716291	0.0501144667	0.0605750888	-0.0204175002	0.0415532853	-0.0173699297	-0.0366534265	0.0504487201	-0.0299648281	-0.0344923049	0.0631292312	0.0480041112	0.0099980751	0.0087148856	-0.0044758609	-0.0079654196	-0.0462677408	0.0226119756	0.0740643153	-0.0280606004	0.0711067489	-0.0308700969	0.1056427716	0.0749240947	0.0781912917	-0.0196059893	0.0534379138	-0.0852735093	0.0843201134	-0.0827390082	0.080541964	-0.0777453364	0.0	0.386688	-0.030307	0.1495276093439999	0.000918514249	-0.8050429999999998	0.001537	2.3623690000000324e-06	0.6480942318489997	3.75202	0.0465200000000001	14.0776540804	0.0021641104	-0.0183643	-0.0021041	0.00033724751449	4.427236810000004e-06	0.0057792	0.0001355699999999	3.339915264e-05	1.8379224899999943e-08	0.00669365	-0.0011993099999999	1.4383444760999986e-06	4.48049503225e-05	0.0	0.0	0.0	0.0	0.0	0.0	0.0	0.0	0.0	0.0	0.0	0.0	0.0
3597.180567866905	1.4247961595419838	12939708.037839271	2.0300440962455863	8193.913928154461	-8.629717182180684	74.47201864442452	67140225.46200368	3587.994601244997	-1.199688590414553	1.4392527139708569	12873705.258563245	3696.050028323378	5198.166524608534	0.933401	41.174198	0.340526	0.170532	-0.1647509318	0.1801978507	0.2032378545	0.0107614341	0.0717916291	0.0425480212	-0.0037591061	-0.0112138096	-0.0823999719	0.2133356142	0.0509865928	0.045588529	0.058999289	0.0494365757	0.0262657212	0.0309071163	0.0248377884	0.0260521305	0.0222291527	0.1119267918	-0.0780646917	0.0388612817	0.0261891457	-0.1336082514	-0.037289567	-0.008369617	-0.0179203421	0.1106275378	-0.0291963351	0.0677555158	0.0523332385	-0.0218230209	0.0679914789	0.075721946	-0.0358904831	0.0317833366	-0.0241380046	0.0686749231	0.0321914392	0.0064986418	-0.0231886162	-0.0656683927	-0.0639776304	0.0246305189	-0.0592473562	0.0287038378	0.0408779504	-0.0381467638	-0.0024198836	-0.0327637115	-0.0472409739	0.0906370864	0.0137418798	0.0551153036	0.0855202509	0.1278611023	-0.1347643225	0.0869799373	-0.0619201794	-0.0396544683	-0.0147483654	-0.0400171283	-0.0361869887	-0.0192235064	-0.0017036797	-0.0426336956	0.0195682552	0.0793868833	-0.0357346286	0.0290780238	-0.1519894882	0.0202163705	-0.0940850746	0.0299260535	-0.0332714758	-0.0696457515	0.0340272939	-0.0282881666	0.0278717617	0.0713837719	-0.0860916982	-0.0559867101	0.004957096	-0.1002972529	-0.051508573	0.2097672018	0.058258435	-0.0074034342	0.0071064307	0.0035366469	-0.0749606221	0.0302414528	-4.24524e-05	-0.0552417138	-0.0140077073	-0.0603240711	0.0133438594	-0.0864180214	-0.1469124706	0.0502250976	-0.0653460875	0.0281290948	-0.0513395246	-0.0363542905	0.0234678814	-0.1202494327	-0.0527608527	0.1056896684	0.0425383725	0.0405503159	0.0208051043	-0.0488669085	0.0016949723	-0.0296897384	-0.0622344128	0.0846743261	0.0224026703	-0.0511225828	-0.0316254357	-0.0034318986	-0.0400095086	-0.0632126778	-0.0088675093	-0.0420874963	0.0310938394	0.0595486378	0.0091097631	-0.0616904495	0.0510566479	-0.0016554148	-0.061950742	-0.0300588759	0.0928651379	-0.0355316757	-0.1076012633	-0.0231202095	-0.0048053273	0.138075512	0.0624785252	0.0897500477	-0.0200092103	0.015532331	0.0101075952	-0.0561167426	-0.0111441283	-0.1064304853	-0.0200987093	0.103457621	0.0006411192	-0.0631460569	0.0555432133	0.055293891	0.0575610119	-0.0706673547	0.0512296011	0.0065657317	0.0635853229	0.077723622	-0.0810175416	0.034183058	-0.0853527656	0.0846361055	-0.0834461259	0.0817894817	-0.0796754376	0.0	0.377338	-0.0093499999999999	0.142383966244	8.742249999999943e-05	-0.8497059999999999	-0.044663	0.001994783569	0.7220002864359998	3.68274	-0.06928	13.5625739076	0.0047997184	-0.0180552	0.0003090999999999	0.00032599024704	9.554280999999978e-08	0.00323432	-0.00254488	1.0460825862400002e-05	6.476414214399999e-06	0.00520297	-0.0014906799999999	2.2221268623999983e-06	2.7070896820900003e-05	0.0	0.0	0.0	0.0	0.0	0.0	0.0	0.0	0.0	0.0	0.0	0.0	0.0
3597.3809012556744	0.2003333887691951	12941149.348719088	0.0401334666557494	8187.160547437615	-6.75338071684655	45.608151106674825	67029597.82951898	3583.9128089240817	-4.081792320915156	16.661028551081934	12844431.0219701	3688.8341190931	5170.008840754806	0.851349	37.554729	0.1287844999999999	0.0628955	-0.1684270245	0.1887917838	0.2130219921	0.0555987721	0.082910961	-0.0149442012	-0.051353449	-0.0188005229	-0.0398734685	0.2130447444	0.0400097328	0.0846469295	0.115066899	-0.058491827	-0.1013681222	0.0194221232	0.0920552397	0.0428673852	-0.0893882199	0.0266450724	0.0192013452	0.0028607279	0.0328055766	-0.04678482	-0.0392773823	0.0325699805	-0.0193491232	0.0488027042	0.0339642255	0.1914528728	-0.0250100924	-0.0106162467	-0.0143452262	0.0482656764	0.009549071	-0.0765024492	0.0281832418	0.1127481933	-0.006487176	0.0686033773	-0.044056519	0.0069621503	0.0035091306	0.0062000621	0.1653260978	0.0024351387	-0.0106462529	0.029986908	-0.0304162016	-0.0211318136	0.0325087022	-0.0653404261	0.0572621739	-0.0497344887	0.0073127953	-0.0251471031	0.0392059664	0.0150632892	0.0609964841	-0.0318207466	-0.0091728956	-0.0283740295	0.0587321573	-0.0252959742	0.0855803524	0.0258987728	-0.1192835913	-0.0716688371	-0.0441320593	0.0221106847	-0.0226859819	-0.057258467	6.59387e-05	0.0104110606	-0.0596444205	0.0024347304	0.0170759348	0.0779347274	-0.0228121589	0.0431347456	0.0907062909	0.0960507537	0.1397922649	-0.0102639057	-0.0311669935	0.2095591079	0.0595999818	-0.0813654014	-0.0074867182	0.0601054267	-0.0963332722	-0.0626587745	0.1569537227	0.009724086	-0.0027988158	-0.074119341	0.0460850204	0.0071262932	-0.0099908744	0.0482256349	-0.0391667744	-0.0186162291	-0.048253555	-0.0242073512	0.0188368596	-0.0095577681	-0.1897427628	-0.0013876241	0.038089845	0.0427325982	-0.0376811543	0.012238619	0.1237855118	-0.0555607856	0.0234599808	0.0684806946	0.026265356	-0.0032740225	0.0185605416	0.0172610484	0.100429487	0.064648248	-0.0213517478	0.0865897027	0.0047921713	-0.00214079	-0.0140313616	0.0439584064	-0.1077002702	-0.0133209875	0.0409159945	0.0035399415	0.0069096369	0.023670016	0.004029074	-0.0411510883	0.0986141123	-0.0218459624	0.0378106265	-0.0506913422	0.0672687276	0.0377567949	-0.0579781099	0.0248083808	0.0570199069	-0.0321214875	0.0069433707	-0.0118787768	-0.0812787241	-0.009602323	0.0624153709	-0.0285076106	0.0414916543	0.0567339375	0.036311447	-0.0018691737	-0.1297449178	0.0422140599	0.0029579014	-0.1290629738	-0.0854207191	0.0849072673	-0.0840537993	0.0828637327	-0.0813418333	0.0	0.396072	0.0187339999999999	0.1568730291839999	0.0003509627559999	-0.820157	0.0295489999999998	0.0008731434009999	0.6726575046490001	3.67616	-0.00658	13.5141523456	4.32964000000004e-05	-0.0177485	0.0003067	0.00031500925225	9.406489000000001e-08	0.0037236	0.0004892799999999	1.386519696e-05	2.393949183999999e-07	0.00588542	0.0006824499999999	4.6573800249999925e-07	3.4638168576399994e-05	0.0	0.0	0.0	0.0	0.0	0.0	0.0	0.0	0.0	0.0	0.0	0.0	0.0
3597.1624612664955	-0.2184399891789326	12939577.77274483	0.0477160288724921	8175.7691579637585	-11.39138947385618	129.76375414508135	66843201.32431143	3586.262553799133	2.349744875051329	5.521300977829983	12861279.10478188	3690.939603940284	5173.415485714504	0.867673	38.274784	0.060334	0.0321729	-0.1670916096	0.1834446591	0.2037947712	0.039366477	0.0285501443	0.0071423507	-0.075113643	0.0354330939	-0.0216604866	0.2193443405	0.068988185	0.0574004365	0.0403543445	-0.0078774987	-0.0431284936	0.0581782357	0.049991496	0.0144086385	0.0282774344	-0.0521605035	0.0376748739	-0.0625373251	2.34949e-05	-0.0371283168	0.1206132037	0.0523301564	-0.0294344322	-0.0549259435	-0.0859417056	0.023345601	-0.0890997348	0.0056431241	-0.0801215605	-0.0104114065	0.0447930001	0.0236837909	-0.0944237521	-0.0504351148	0.0932429559	-0.0634890846	0.0439844916	-0.0044287627	0.0262991371	0.0163513631	-0.0465352762	0.0332304048	-0.0280451549	0.0634686336	-0.035620937	-0.0695191941	-0.0442017862	-0.0786186368	0.0066342571	0.0108438467	-0.0051665208	0.0218965523	0.0244652569	-0.0166397608	-0.0140020302	0.0014688372	0.0068668593	0.0477320258	0.07243957	-0.0402854409	0.0826197538	-0.063848864	0.0025681022	-0.0559336374	0.0523953057	0.0197524018	0.0803547183	0.0045611121	-0.0260814584	0.0524826342	0.0617676435	-0.0200534168	0.0893126383	-0.0604677699	0.0508003893	0.0116020745	-0.0334171602	0.0118627996	-0.0143258758	0.0571579012	-0.0038536063	0.2187043764	0.0743586351	-0.0515221511	0.0002612058	0.0016024171	-0.0538878998	0.0107489205	0.0918237294	-0.017516125	-0.0058764734	0.0435149646	-0.0386200105	0.0693908068	-0.0055057048	0.0297725108	0.0350252941	-0.0560715516	0.1339989232	-0.0436960342	-0.041013006	-0.0782573943	-0.0116869094	-0.0874247527	0.0024884114	-0.0085079284	-0.0418639076	0.0856304711	-0.061045282	0.0506643368	-0.0797689817	-0.0221872857	-0.0763748019	0.0335933034	-0.0118063067	-0.0016616671	0.0287589038	0.0011661748	0.0806716428	0.0193643865	0.1088211675	-0.0199287594	0.0427647633	0.0608942085	-0.0099643566	-0.0623400083	0.0033184815	-0.0140525071	0.0008478839	0.0355772094	-0.0330669582	0.0038441976	-0.0179835113	-0.0685657097	0.0118268789	-0.0037215047	0.0719989876	-0.0296225077	0.0194936677	-0.0238157532	0.01275118	0.0954017228	0.0569866375	-0.0362678796	0.0805921698	-0.0165384955	0.0514373195	0.00508481	-0.0007250315	-0.1014032193	0.1001959314	0.0305402092	0.0435763572	-0.0317157167	0.0021145755	0.0101917017	-0.0854773608	0.0851334554	-0.0845613042	0.0837624412	-0.0827390082	0.0	0.388578	-0.007494	0.1509928620839999	5.616003600000001e-05	-0.815524	0.0046329999999999	2.1464688999999984e-05	0.6650793945760001	3.683	0.0068399999999999	13.564488999999998	4.678559999999941e-05	-0.0181941	-0.0004456	0.00033102527481	1.9855936000000083e-07	0.00338034	-0.00034326	1.14266985156e-05	1.1782742760000013e-07	0.0059239	3.848000000000046e-05	1.480710400000035e-09	3.5092591210000005e-05	0.0	0.0	0.0	0.0	0.0	0.0	0.0	0.0	0.0	0.0	0.0	0.0	0.0
3609.2299292085218	12.06746794202627	13026540.68189455	145.62378253183172	8200.625963775805	24.85680581204633	617.8607951777803	67250266.19775385	3595.9934701402785	9.73091634114553	94.69073283837312	12931169.037291523	3700.2888045617888	5167.40847133364	0.948311	41.831882	0.4075015000000002	0.22773	-0.1710711769	0.2002105196	0.2188023878	0.0850309734	0.0626805287	-0.0481343047	-0.0904425382	0.0386329962	-0.0224436764	0.2229580383	0.0185537812	0.0866815209	0.0874204297	-0.0116395412	-0.0079218684	-0.016812365	-0.0788935183	0.0013390821	-0.0473430219	-0.0211636197	-0.1150871202	0.0426414958	0.117690134	0.0253406326	0.0149480809	0.0190963501	0.1115123188	0.0911740653	-0.0189943636	-0.0465192369	0.1078843223	0.0015171843	-0.0135884415	0.0012206338	-0.0574520149	0.0083778801	0.0043367112	-0.0513844391	0.0100955345	0.0016482222	0.0546437709	0.0234989377	0.004889907	-0.0437123936	-0.0857266204	-0.0462859995	0.0792783799	0.0675792152	0.0137220593	-0.0223173401	0.063887621	0.0117631456	0.0715153726	0.0558486179	-0.0192779184	0.0150732678	-0.0255879099	-0.0310928099	0.0015577824	0.0502504345	-0.0054833033	-0.0581242745	0.0170394639	-0.0271423017	-0.0067139922	-0.0369792679	-0.0243820713	-0.0068690139	0.0077960612	-0.0433226873	0.1064258987	-0.0610484487	-0.0003203293	0.008760913	-0.0823666268	0.0634723196	-0.0708784108	0.0620783766	0.0069925409	-0.0752602865	-0.0367497994	0.0371567988	-0.0091409822	-0.0690100146	0.0328655564	0.2164603677	0.0312095685	-0.0966202251	-0.013072007	0.0334032787	-0.0544436725	-0.0167387129	-0.0178996379	0.0678068757	0.0658478985	0.1044164891	0.0957849794	-0.0784688855	0.0071426855	0.080271226	0.0234243076	0.0059142843	-0.0684735333	0.07810534	0.0241230748	-0.0438200945	0.0487931324	0.065395331	-0.0200454906	0.0268209614	0.0213638075	-0.0629382462	-0.0476589553	0.0401485394	-0.0467958844	-0.0354130215	-0.0013782072	0.0396902486	0.0278083168	-0.0196115388	-0.0706662007	-0.0426566557	-0.0620703811	-0.0452669328	0.0713298622	-0.0237748119	-0.0567411952	-0.0505360982	-0.045124983	-0.0225080132	-0.084885132	-0.0270547507	-0.0123043044	0.0041844662	0.0233489897	0.0147829008	0.0036282272	0.0092805632	0.0744510048	-0.0077811913	0.035570767	0.0301895259	-0.005974419	-0.0375973036	0.0095038841	-0.0108611834	-0.0254495051	-0.089094399	0.0214652518	0.0602006042	0.0115619695	-0.0903143945	0.0088107696	0.0617484408	-0.0846671666	-0.0271941996	0.0270792848	-0.0566861135	-0.075066059	0.0223518236	-0.0855226832	0.0853145497	-0.0849680357	0.0844837033	-0.083862338	0.0	0.293886	-0.094692	0.0863689809959999	0.008966574864	-0.895698	-0.0801739999999999	0.0064278702759999	0.802274907204	3.71326	0.0302600000000001	13.7882998276	0.0009156676	-0.0181699	2.4200000000002e-05	0.0003301452660099	5.856400000000966e-10	0.00239233	-0.00098801	5.723242828899999e-06	9.761637601000002e-07	0.0028886	-0.0030353	9.213046090000002e-06	8.34400996e-06	0.0	0.0	0.0	0.0	0.0	0.0	0.0	0.0	0.0	0.0	0.0	0.0	0.0
3606.79688922219	-2.4330399863315506	13008983.800102867	5.919683575088232	8179.242059718297	-21.383904057507607	457.2713527406903	66900000.671464816	3599.780543435383	3.7870732951046193	14.34192414249456	12958419.960895944	3702.180286545207	5175.651524113247	0.877183	38.694317	0.1520504999999998	0.106341	-0.1704478212	0.1991446011	0.2149736004	0.0843987545	0.081971133	-0.0292577441	-0.0930566908	0.0766267083	-0.0359687473	0.2411057432	0.1050705687	0.1128899027	0.0312035004	0.0670830468	0.0573248754	-0.0498796412	-0.0295993418	-0.0175958984	-0.0344241254	-0.0489441849	0.0341854613	-0.0006373688	0.0410991176	-0.0237964047	-0.0892106774	0.0050271196	-0.0198199519	-0.0513066819	0.0662904807	-0.0405532662	0.0029601536	0.0022807308	0.0166011671	-0.1973519089	-0.0003820647	-0.0517647704	0.1109319724	-0.0429616565	-0.0275674051	0.0964164158	0.0132091174	0.0201491945	-0.0056433712	0.0168585642	0.0135091919	0.049682495	-0.0221552948	-0.038377452	-0.0263735548	0.0273246285	0.0035746016	0.0558894396	-0.1508326481	5.45519e-05	0.0104233809	-0.0237485799	0.0113762233	0.0970684402	0.0258589489	0.0930557486	-0.0043316425	0.1669544645	0.093242082	-0.0695326145	0.0288042551	0.0003639479	0.0384080166	0.0475063857	-0.0502532299	0.1239353939	-0.0476655539	0.0172171616	0.005722132	-0.0064818019	-0.1384245122	0.0424606667	0.1107247661	-0.0327405771	-0.0047251725	0.0346107832	-0.0358225991	0.0304069202	-0.0234094844	0.0375920217	-0.030138377	0.2360862119	0.1195088368	-0.0905398049	-0.0095249659	-0.0446849142	-0.1060988816	-0.0166667331	-0.081214789	0.0044541286	0.0280227209	-0.0115668505	-0.0027524604	0.0428123516	0.0038445133	-0.0014344943	-0.0856146631	-0.0069644353	-0.042624725	0.0088965383	0.0081880161	0.1447134428	0.0229414994	-0.0106058264	-0.1166073414	-0.0904506456	-0.0532413871	0.0231392768	0.0570010658	0.0930095757	0.0764761502	0.002132354	0.0797583593	-0.0115951988	0.0334255306	-0.0327895689	0.0191973293	-0.0337476031	0.0387886244	-0.0500565155	-0.0501379961	0.020547418	0.0351822096	-0.0792500395	0.1006642283	-0.021436769	0.056654648	0.0665409748	0.0333695216	0.0304385625	0.0945915894	-0.0099825022	0.0155888451	-0.1469520793	0.0763516705	0.0465657368	-0.0204661359	0.0410960703	0.0233555484	-0.1070553032	-0.0151097969	-0.0742078024	-0.075955831	0.0700441792	-0.0982032267	0.0828031283	0.00496842	0.0813613264	0.0658165924	-0.0881332521	0.1018767588	-0.0513956609	-0.0217697666	-0.0404354415	0.070190261	0.0227934435	-0.0855566802	0.0854504545	-0.0852735093	0.0850259911	-0.0847081048	0.0	0.300075	0.006189	0.090045005625	3.8303721e-05	-0.794844	0.100854	0.0101715293159999	0.631776984336	3.70291	-0.0103499999999998	13.7115424681	0.0001071224999999	-0.0180456	0.0001243	0.0003256436793599	1.54504900000002e-08	0.0021671	-0.0002252299999999	4.69632241e-06	5.072855289999994e-08	0.00323222	0.00034362	1.1807470440000015e-07	1.04472461284e-05	0.0	0.0	0.0	0.0	0.0	0.0	0.0	0.0	0.0	0.0	0.0	0.0	0.0
3611.587447279046	4.790558056855844	13043563.889343577	22.94944649610644	8154.77067105597	-24.471388662327627	598.8488630626971	66500284.69751463	3602.0598896195734	2.279346184190217	5.195419027382504	12974835.448406173	3703.4894264496666	5171.925876862662	0.892915	39.388268	0.1300574999999996	0.0677025	-0.1703936814	0.1891142662	0.2183996952	0.0565926756	0.0734260537	-0.0768376672	-0.1378743368	-0.0150901277	0.0178520921	0.2117366078	0.0502712254	0.1270140539	-0.0266375275	0.0077902032	0.0662452551	-0.1374219129	-0.0355627808	0.0121310874	-0.0492705171	-0.0321130765	-0.0281636492	0.0875516275	0.0864955339	0.0816567489	-0.00906918	-0.0887274715	0.0954574417	-0.04014225	0.0041036991	-0.064850209	-0.0215518966	0.0239527782	-0.0971074831	-0.0082391573	0.0039392225	0.0705010927	-0.0642815847	-0.0432295714	0.0697935619	-0.0433285194	-0.0982385369	-0.0227596388	-0.0026358454	-0.0187688858	0.0629503069	-0.130650914	-0.0264795349	-0.020433773	-0.0351838719	-0.098323991	-0.0740022005	-0.0242674702	0.1442297627	-0.04590853	0.0160136787	0.1008291229	-0.0193898182	-0.0045262178	-0.0215919106	0.0705524023	-0.0244128594	0.0269135957	-0.0748931489	0.0135607377	-0.1530253241	0.0206810396	0.1438490731	-0.0466562301	-0.0832999176	0.0116111149	0.0016771737	0.0504851126	0.052960106	-0.0761639679	0.0509884732	0.0491482021	-0.0403193041	0.0768629883	-0.1006456786	-0.0895301462	0.055061402	0.0185838405	-0.0711605691	0.0611727905	-0.0091358499	0.2137737674	0.0536021192	-0.0940122503	-0.0401619018	-0.0905503954	-0.0501844728	-0.116499496	-0.1160382968	0.0476876552	0.0490837797	0.0321115196	0.0121755437	-0.076000765	0.0702438566	0.0430741945	0.0222813027	0.0903178232	0.0131302013	0.1240242698	-0.0119296653	0.0407974418	0.0644884416	-0.0866293749	0.0414405607	0.02290384	-0.0228963912	0.0478286424	-0.0657519331	0.0087426457	-0.0649976172	0.032209558	-0.0417720981	-0.0980082203	-0.0570931416	-0.0251983641	0.0196989176	0.1213529591	-0.085770416	-0.080038865	0.0697060725	0.0073939588	0.0624546172	0.0087969177	-0.0871265282	-0.0204898863	-0.0565712898	-0.0619951299	0.0220929937	-0.0723674879	-0.0145181675	0.0975301683	-0.0033851003	0.06006195	-0.1270819939	-0.0078960331	-0.0947939495	-0.0798187332	0.1347300931	0.0026495359	-0.1259141928	0.0059805097	-0.0636820758	0.0657111074	-0.0022919264	0.0142634552	-0.0516916174	-0.0344013026	-0.1192623983	0.1098008887	-0.03410333	-0.0630662222	-0.0164359058	-0.1039546933	0.1021028048	0.011998138	-0.0855793473	0.0855410976	-0.0854773608	0.0853881558	-0.0852735093	0.0	0.298448	-0.0016269999999999	0.089071208704	2.647128999999966e-06	-0.8463359999999999	-0.0514919999999998	0.0026514260639999	0.7162846248959998	3.70512	0.0022099999999998	13.7279142144	4.8840999999992186e-06	-0.0172296	0.0008159999999999	0.00029685911616	6.658559999999956e-07	0.00170246	-0.0004646399999999	2.8983700516e-06	2.158903295999999e-07	0.00344615	0.0002139299999999	4.57660448999999e-08	1.1875949822499998e-05	0.0	0.0	0.0	0.0	0.0	0.0	0.0	0.0	0.0	0.0	0.0	0.0	0.0
3607.7267298788142	-3.860717400231806	13015692.157482082	14.905138844452637	8160.279336598998	5.508665543028656	30.345396064951192	66590158.85132459	3600.788206203818	-1.271683415755433	1.6171787099074058	12965675.705936508	3701.8751144049866	5183.338531025522	1.142864	50.41404	0.3566575	0.184704	-0.1562805955	0.1872941986	0.2109085401	0.1125313712	0.041246374	-0.0571275689	-0.0693285076	0.0043412227	-0.0385596618	0.2006563824	0.114596723	0.0725267828	0.0070015429	-0.0500544833	0.0504182944	0.0256849234	0.0039115317	0.0697994784	-0.0523485848	-0.1491158594	-0.044136243	-0.1098479629	-0.0462834557	0.002165015	0.0365378769	-0.0850998171	-0.0906224816	0.0678763697	-0.0110723454	-0.0711876287	-0.0609381843	0.0637774416	-0.0062155314	0.018546599	0.0365122472	0.0050548707	-0.0332461443	-0.0783411997	-0.0651707225	0.0053469997	0.0345666707	-0.0758298619	0.083428609	0.0042837255	0.0643173909	-0.0855234752	-0.0255497161	-0.0356207374	0.0254492806	0.1159228552	0.0696019107	0.0283686052	-0.04376086	0.0038807319	0.0299181393	-0.1338342274	0.0440386913	-0.0099807772	-0.0046076664	-0.0049312145	0.0406797352	0.0890319762	0.0646718418	0.0541841325	-0.0381087279	-0.0460954106	-0.0008222435	0.0124188852	0.1338758712	0.0076356493	0.0002645329	-0.0578226808	0.1079916889	-0.1070615003	0.0479084321	-0.0211400996	-0.0618756596	-0.0113015486	0.0281958117	0.0023484866	0.1613166801	0.0021768455	-0.0610460787	-0.0894595244	0.1055167826	0.2058645393	0.132827419	-0.0716374932	-0.0323698151	-0.0175320228	0.0185606708	-0.0486312207	0.0236086581	-0.0461590117	0.0857702102	0.0814989287	0.0723666579	0.1266452237	0.003702719	-0.0741547422	0.0065188943	0.0904016668	-0.0069239468	-0.1063758873	0.0035601277	-0.0346608918	0.1040057063	-0.0276495569	0.0808968193	-0.0421670908	-0.0027862674	0.0471495833	-0.0265420262	-0.0148073033	0.0126961638	-0.0859168505	0.0293351508	0.0623824849	-0.1004182286	-0.014868214	0.0255512631	0.0530662638	-0.0594084138	0.0062988428	-0.1461337809	-0.0637737447	0.0188053702	-0.0081473413	0.0184847355	0.0760566129	0.0532159793	0.1155716537	0.0164607182	-0.0068438632	0.0866247274	-0.0214408277	-0.036657249	-0.0950177658	-0.0656569477	-0.0373053185	0.0113785663	0.0409601306	0.0530147439	-0.0447618536	0.0425203234	0.0795134598	0.042966735	-0.0716426543	-0.0772818417	-0.0502143908	-0.0833511718	0.03540812	-0.0877890221	-0.0101414934	-0.0974020075	0.0335814214	-0.129022785	0.0020460243	-0.1677147189	-0.0174398305	-0.0855906817	0.0855864312	-0.0855793473	0.0855694302	-0.0855566802	0.0	0.385607	0.0871589999999999	0.1486927584489999	0.0075966912809999	-0.795734	0.0506019999999998	0.0025605624039999	0.6331925987560001	3.71451	0.0093900000000002	13.7975845401	8.817210000000435e-05	-0.0180605	-0.0008308999999999	0.00032618166025	6.903948099999983e-07	0.00271543	0.00101297	7.3735600849e-06	1.0261082209e-06	0.00579241	0.0023462599999999	5.504935987599999e-06	3.35520136081e-05	0.0	0.0	0.0	0.0	0.0	0.0	0.0	0.0	0.0	0.0	0.0	0.0	0.0
