bids-validator@1.4.0

[32mThis dataset appears to be BIDS compatible.[39m

        [34m[4mSummary:[24m[39m                 [34m[4mAvailable Tasks:[24m[39m                             [34m[4mAvailable Modalities:[24m[39m 
        489 Files, 8.83GB        sharedreward                                 T1w                   
        9 - Subjects             TODO: full task name for sharedreward        bold                  
        1 - Session                                                           events                
                                                                              sbref                 
                                                                              fieldmap              


[36m	If you have any questions, please post on https://neurostars.org/tags/bids.[39m

You are using fMRIPrep-20.2.6, and a newer version of fMRIPrep is available: 21.0.1.
Please check out our documentation about how and when to upgrade:
https://fmriprep.readthedocs.io/en/latest/faq.html#upgrading
220226-02:04:27,9 nipype.workflow WARNING:
	 Previous output generated by version 0+unknown found.
220226-02:04:27,843 nipype.workflow IMPORTANT:
	 
    Running fMRIPREP version 20.2.6:
      * BIDS dataset path: /base/bids.
      * Participant list: ['10003'].
      * Run identifier: 20220226-020349_891ae444-503d-48e0-9dd4-e943187e5a66.
      * Output spaces: MNI152NLin2009cAsym:res-native.
      * Pre-run FreeSurfer's SUBJECTS_DIR: /base/derivatives/freesurfer.
220226-02:04:29,294 nipype.workflow INFO:
	 No single-band-reference found for sub-10003_task-sharedreward_acq-mb1me1_bold.nii.gz.
220226-02:04:30,645 nipype.workflow IMPORTANT:
	 BOLD series will be slice-timing corrected to an offset of 0.805s.
220226-02:04:30,836 nipype.workflow INFO:
	 No single-band-reference found for sub-10003_task-sharedreward_acq-mb1me4_echo-1_bold.nii.gz.
220226-02:04:31,261 nipype.workflow IMPORTANT:
	 BOLD series will be slice-timing corrected to an offset of 0.796s.
220226-02:04:31,267 nipype.workflow IMPORTANT:
	 Generating T2* map and optimally combined ME-EPI time series.
220226-02:04:31,468 nipype.workflow INFO:
	 Using single-band reference file(s) sub-10003_task-sharedreward_acq-mb3me1_sbref.nii.gz.
220226-02:04:32,214 nipype.workflow IMPORTANT:
	 BOLD series will be slice-timing corrected to an offset of 0.79s.
220226-02:04:32,372 nipype.workflow INFO:
	 Using single-band reference file(s) sub-10003_task-sharedreward_acq-mb3me4_echo-1_sbref.nii.gz,sub-10003_task-sharedreward_acq-mb3me4_echo-2_sbref.nii.gz,sub-10003_task-sharedreward_acq-mb3me4_echo-3_sbref.nii.gz,sub-10003_task-sharedreward_acq-mb3me4_echo-4_sbref.nii.gz.
220226-02:04:33,137 nipype.workflow IMPORTANT:
	 BOLD series will be slice-timing corrected to an offset of 0.791s.
220226-02:04:33,143 nipype.workflow IMPORTANT:
	 Generating T2* map and optimally combined ME-EPI time series.
220226-02:04:33,307 nipype.workflow INFO:
	 Using single-band reference file(s) sub-10003_task-sharedreward_acq-mb6me1_sbref.nii.gz.
220226-02:04:34,81 nipype.workflow IMPORTANT:
	 BOLD series will be slice-timing corrected to an offset of 0.746s.
220226-02:04:34,246 nipype.workflow INFO:
	 Using single-band reference file(s) sub-10003_task-sharedreward_acq-mb6me4_echo-1_sbref.nii.gz,sub-10003_task-sharedreward_acq-mb6me4_echo-2_sbref.nii.gz,sub-10003_task-sharedreward_acq-mb6me4_echo-3_sbref.nii.gz,sub-10003_task-sharedreward_acq-mb6me4_echo-4_sbref.nii.gz.
220226-02:04:35,15 nipype.workflow IMPORTANT:
	 BOLD series will be slice-timing corrected to an offset of 0.746s.
220226-02:04:35,21 nipype.workflow IMPORTANT:
	 Generating T2* map and optimally combined ME-EPI time series.
220226-02:04:38,566 nipype.workflow INFO:
	 fMRIPrep workflow graph with 1368 nodes built successfully.
220226-02:04:51,477 nipype.workflow IMPORTANT:
	 fMRIPrep started!
220226-02:05:03,810 nipype.workflow INFO:
	 [Node] Setting-up "fmriprep_wf.single_subject_10003_wf.func_preproc_task_sharedreward_acq_mb6me4_echo_1_wf.func_derivatives_wf.raw_sources" in "/scratch/fmriprep_wf/single_subject_10003_wf/func_preproc_task_sharedreward_acq_mb6me4_echo_1_wf/func_derivatives_wf/raw_sources".
220226-02:05:03,814 nipype.workflow INFO:
	 [Node] Executing "raw_sources" <nipype.interfaces.utility.wrappers.Function>
220226-02:05:03,817 nipype.workflow INFO:
	 [Node] Finished "raw_sources", elapsed time 0.000784s.
220226-02:05:05,285 nipype.workflow INFO:
	 [Node] Setting-up "fmriprep_wf.single_subject_10003_wf.func_preproc_task_sharedreward_acq_mb6me1_wf.func_derivatives_wf.raw_sources" in "/scratch/fmriprep_wf/single_subject_10003_wf/func_preproc_task_sharedreward_acq_mb6me1_wf/func_derivatives_wf/raw_sources".
220226-02:05:05,287 nipype.workflow INFO:
	 [Node] Executing "raw_sources" <nipype.interfaces.utility.wrappers.Function>
220226-02:05:05,291 nipype.workflow INFO:
	 [Node] Finished "raw_sources", elapsed time 0.000977s.
220226-02:05:05,316 nipype.workflow INFO:
	 [Node] Setting-up "fmriprep_wf.single_subject_10003_wf.func_preproc_task_sharedreward_acq_mb3me4_echo_1_wf.func_derivatives_wf.raw_sources" in "/scratch/fmriprep_wf/single_subject_10003_wf/func_preproc_task_sharedreward_acq_mb3me4_echo_1_wf/func_derivatives_wf/raw_sources".
220226-02:05:05,318 nipype.workflow INFO:
	 [Node] Executing "raw_sources" <nipype.interfaces.utility.wrappers.Function>
220226-02:05:05,320 nipype.workflow INFO:
	 [Node] Finished "raw_sources", elapsed time 0.000744s.
220226-02:05:05,704 nipype.workflow INFO:
	 [Node] Setting-up "fmriprep_wf.single_subject_10003_wf.func_preproc_task_sharedreward_acq_mb3me1_wf.func_derivatives_wf.raw_sources" in "/scratch/fmriprep_wf/single_subject_10003_wf/func_preproc_task_sharedreward_acq_mb3me1_wf/func_derivatives_wf/raw_sources".
220226-02:05:05,717 nipype.workflow INFO:
	 [Node] Executing "raw_sources" <nipype.interfaces.utility.wrappers.Function>
220226-02:05:05,720 nipype.workflow INFO:
	 [Node] Finished "raw_sources", elapsed time 0.001048s.
220226-02:05:05,762 nipype.workflow INFO:
	 [Node] Setting-up "fmriprep_wf.single_subject_10003_wf.func_preproc_task_sharedreward_acq_mb1me4_echo_1_wf.func_derivatives_wf.raw_sources" in "/scratch/fmriprep_wf/single_subject_10003_wf/func_preproc_task_sharedreward_acq_mb1me4_echo_1_wf/func_derivatives_wf/raw_sources".
220226-02:05:05,765 nipype.workflow INFO:
	 [Node] Executing "raw_sources" <nipype.interfaces.utility.wrappers.Function>
220226-02:05:05,768 nipype.workflow INFO:
	 [Node] Finished "raw_sources", elapsed time 0.00077s.
220226-02:05:05,814 nipype.workflow INFO:
	 [Node] Setting-up "fmriprep_wf.single_subject_10003_wf.func_preproc_task_sharedreward_acq_mb1me1_wf.func_derivatives_wf.raw_sources" in "/scratch/fmriprep_wf/single_subject_10003_wf/func_preproc_task_sharedreward_acq_mb1me1_wf/func_derivatives_wf/raw_sources".
220226-02:05:05,816 nipype.workflow INFO:
	 [Node] Executing "raw_sources" <nipype.interfaces.utility.wrappers.Function>
220226-02:05:05,818 nipype.workflow INFO:
	 [Node] Finished "raw_sources", elapsed time 0.000664s.
220226-02:05:06,152 nipype.workflow INFO:
	 [Node] Setting-up "fmriprep_wf.single_subject_10003_wf.anat_preproc_wf.brain_extraction_wf.full_wm" in "/scratch/fmriprep_wf/single_subject_10003_wf/anat_preproc_wf/brain_extraction_wf/full_wm".
220226-02:05:06,156 nipype.workflow INFO:
	 [Node] Executing "full_wm" <nipype.interfaces.utility.wrappers.Function>
220226-02:05:06,266 nipype.workflow INFO:
	 [Node] Setting-up "fmriprep_wf.single_subject_10003_wf.anat_preproc_wf.brain_extraction_wf.lap_tmpl" in "/scratch/fmriprep_wf/single_subject_10003_wf/anat_preproc_wf/brain_extraction_wf/lap_tmpl".
220226-02:05:06,293 nipype.workflow INFO:
	 [Node] Executing "lap_tmpl" <nipype.interfaces.ants.utils.ImageMath>
220226-02:05:09,121 nipype.workflow INFO:
	 [Node] Finished "full_wm", elapsed time 2.9455400000000003s.
220226-02:05:09,754 nipype.workflow INFO:
	 [Node] Setting-up "_val_sbref3" in "/scratch/fmriprep_wf/single_subject_10003_wf/func_preproc_task_sharedreward_acq_mb3me4_echo_1_wf/initial_boldref_wf/val_sbref/mapflow/_val_sbref3".
220226-02:05:09,755 nipype.workflow INFO:
	 [Node] Setting-up "_val_bold3" in "/scratch/fmriprep_wf/single_subject_10003_wf/func_preproc_task_sharedreward_acq_mb1me4_echo_1_wf/initial_boldref_wf/val_bold/mapflow/_val_bold3".
220226-02:05:09,757 nipype.workflow INFO:
	 [Node] Executing "_val_sbref3" <niworkflows.interfaces.images.ValidateImage>
220226-02:05:09,758 nipype.workflow INFO:
	 [Node] Executing "_val_bold3" <niworkflows.interfaces.images.ValidateImage>
220226-02:05:09,836 nipype.workflow INFO:
	 [Node] Finished "_val_sbref3", elapsed time 0.077245s.
220226-02:05:09,862 nipype.workflow INFO:
	 [Node] Setting-up "_val_bold2" in "/scratch/fmriprep_wf/single_subject_10003_wf/func_preproc_task_sharedreward_acq_mb1me4_echo_1_wf/initial_boldref_wf/val_bold/mapflow/_val_bold2".
220226-02:05:09,865 nipype.workflow INFO:
	 [Node] Executing "_val_bold2" <niworkflows.interfaces.images.ValidateImage>
220226-02:05:10,214 nipype.workflow INFO:
	 [Node] Setting-up "_val_bold1" in "/scratch/fmriprep_wf/single_subject_10003_wf/func_preproc_task_sharedreward_acq_mb3me4_echo_1_wf/initial_boldref_wf/val_bold/mapflow/_val_bold1".
220226-02:05:10,217 nipype.workflow INFO:
	 [Node] Executing "_val_bold1" <niworkflows.interfaces.images.ValidateImage>
220226-02:05:10,285 nipype.workflow INFO:
	 [Node] Finished "_val_bold1", elapsed time 0.065099s.
220226-02:05:10,363 nipype.workflow INFO:
	 [Node] Setting-up "_val_sbref0" in "/scratch/fmriprep_wf/single_subject_10003_wf/func_preproc_task_sharedreward_acq_mb6me1_wf/initial_boldref_wf/val_sbref/mapflow/_val_sbref0".
220226-02:05:10,365 nipype.workflow INFO:
	 [Node] Executing "_val_sbref0" <niworkflows.interfaces.images.ValidateImage>
220226-02:05:10,374 nipype.workflow INFO:
	 [Node] Setting-up "_val_sbref0" in "/scratch/fmriprep_wf/single_subject_10003_wf/func_preproc_task_sharedreward_acq_mb6me4_echo_1_wf/initial_boldref_wf/val_sbref/mapflow/_val_sbref0".
220226-02:05:10,376 nipype.workflow INFO:
	 [Node] Executing "_val_sbref0" <niworkflows.interfaces.images.ValidateImage>
220226-02:05:10,391 nipype.workflow INFO:
	 [Node] Setting-up "_val_bold0" in "/scratch/fmriprep_wf/single_subject_10003_wf/func_preproc_task_sharedreward_acq_mb1me1_wf/initial_boldref_wf/val_bold/mapflow/_val_bold0".
220226-02:05:10,393 nipype.workflow INFO:
	 [Node] Executing "_val_bold0" <niworkflows.interfaces.images.ValidateImage>
220226-02:05:10,436 nipype.workflow INFO:
	 [Node] Finished "_val_sbref0", elapsed time 0.069991s.
220226-02:05:10,448 nipype.workflow INFO:
	 [Node] Finished "_val_sbref0", elapsed time 0.069087s.
220226-02:05:10,493 nipype.workflow INFO:
	 [Node] Finished "_val_bold0", elapsed time 0.098815s.
220226-02:05:10,507 nipype.workflow INFO:
	 [Node] Setting-up "_val_bold0" in "/scratch/fmriprep_wf/single_subject_10003_wf/func_preproc_task_sharedreward_acq_mb6me1_wf/initial_boldref_wf/val_bold/mapflow/_val_bold0".
220226-02:05:10,510 nipype.workflow INFO:
	 [Node] Executing "_val_bold0" <niworkflows.interfaces.images.ValidateImage>
220226-02:05:10,593 nipype.workflow INFO:
	 [Node] Finished "_val_bold0", elapsed time 0.080335s.
220226-02:05:10,814 nipype.workflow INFO:
	 [Node] Setting-up "_val_sbref0" in "/scratch/fmriprep_wf/single_subject_10003_wf/func_preproc_task_sharedreward_acq_mb3me4_echo_1_wf/initial_boldref_wf/val_sbref/mapflow/_val_sbref0".
220226-02:05:10,816 nipype.workflow INFO:
	 [Node] Executing "_val_sbref0" <niworkflows.interfaces.images.ValidateImage>
220226-02:05:10,870 nipype.workflow INFO:
	 [Node] Finished "_val_sbref0", elapsed time 0.051243s.
220226-02:05:10,940 nipype.workflow INFO:
	 [Node] Setting-up "_val_bold3" in "/scratch/fmriprep_wf/single_subject_10003_wf/func_preproc_task_sharedreward_acq_mb3me4_echo_1_wf/initial_boldref_wf/val_bold/mapflow/_val_bold3".
220226-02:05:10,943 nipype.workflow INFO:
	 [Node] Executing "_val_bold3" <niworkflows.interfaces.images.ValidateImage>
220226-02:05:10,978 nipype.workflow INFO:
	 [Node] Setting-up "_val_sbref1" in "/scratch/fmriprep_wf/single_subject_10003_wf/func_preproc_task_sharedreward_acq_mb3me4_echo_1_wf/initial_boldref_wf/val_sbref/mapflow/_val_sbref1".
220226-02:05:10,981 nipype.workflow INFO:
	 [Node] Executing "_val_sbref1" <niworkflows.interfaces.images.ValidateImage>
220226-02:05:10,988 nipype.workflow INFO:
	 [Node] Setting-up "_val_sbref0" in "/scratch/fmriprep_wf/single_subject_10003_wf/func_preproc_task_sharedreward_acq_mb3me1_wf/initial_boldref_wf/val_sbref/mapflow/_val_sbref0".
220226-02:05:10,990 nipype.workflow INFO:
	 [Node] Executing "_val_sbref0" <niworkflows.interfaces.images.ValidateImage>
220226-02:05:11,20 nipype.workflow INFO:
	 [Node] Setting-up "_val_bold0" in "/scratch/fmriprep_wf/single_subject_10003_wf/func_preproc_task_sharedreward_acq_mb3me1_wf/initial_boldref_wf/val_bold/mapflow/_val_bold0".
220226-02:05:11,42 nipype.workflow INFO:
	 [Node] Finished "_val_sbref1", elapsed time 0.05774s.
220226-02:05:11,46 nipype.workflow INFO:
	 [Node] Executing "_val_bold0" <niworkflows.interfaces.images.ValidateImage>
220226-02:05:11,77 nipype.workflow INFO:
	 [Node] Finished "_val_bold3", elapsed time 0.131101s.
220226-02:05:11,94 nipype.workflow INFO:
	 [Node] Setting-up "_val_sbref1" in "/scratch/fmriprep_wf/single_subject_10003_wf/func_preproc_task_sharedreward_acq_mb6me4_echo_1_wf/initial_boldref_wf/val_sbref/mapflow/_val_sbref1".
220226-02:05:11,96 nipype.workflow INFO:
	 [Node] Finished "_val_sbref0", elapsed time 0.103879s.
220226-02:05:11,96 nipype.workflow INFO:
	 [Node] Executing "_val_sbref1" <niworkflows.interfaces.images.ValidateImage>
220226-02:05:11,165 nipype.workflow INFO:
	 [Node] Finished "_val_bold0", elapsed time 0.117334s.
220226-02:05:11,210 nipype.workflow INFO:
	 [Node] Finished "_val_sbref1", elapsed time 0.090817s.
220226-02:05:11,241 nipype.workflow INFO:
	 [Node] Setting-up "_val_bold1" in "/scratch/fmriprep_wf/single_subject_10003_wf/func_preproc_task_sharedreward_acq_mb1me4_echo_1_wf/initial_boldref_wf/val_bold/mapflow/_val_bold1".
220226-02:05:11,244 nipype.workflow INFO:
	 [Node] Executing "_val_bold1" <niworkflows.interfaces.images.ValidateImage>
220226-02:05:11,275 nipype.workflow INFO:
	 [Node] Setting-up "_val_bold0" in "/scratch/fmriprep_wf/single_subject_10003_wf/func_preproc_task_sharedreward_acq_mb6me4_echo_1_wf/initial_boldref_wf/val_bold/mapflow/_val_bold0".
220226-02:05:11,278 nipype.workflow INFO:
	 [Node] Executing "_val_bold0" <niworkflows.interfaces.images.ValidateImage>
220226-02:05:11,281 nipype.workflow INFO:
	 [Node] Setting-up "_val_sbref2" in "/scratch/fmriprep_wf/single_subject_10003_wf/func_preproc_task_sharedreward_acq_mb6me4_echo_1_wf/initial_boldref_wf/val_sbref/mapflow/_val_sbref2".
220226-02:05:11,283 nipype.workflow INFO:
	 [Node] Executing "_val_sbref2" <niworkflows.interfaces.images.ValidateImage>
220226-02:05:11,309 nipype.workflow INFO:
	 [Node] Finished "_val_bold0", elapsed time 0.02851s.
220226-02:05:11,350 nipype.workflow INFO:
	 [Node] Finished "_val_sbref2", elapsed time 0.064587s.
220226-02:05:11,373 nipype.workflow INFO:
	 [Node] Setting-up "fmriprep_wf.single_subject_10003_wf.anat_preproc_wf.brain_extraction_wf.res_tmpl" in "/scratch/fmriprep_wf/single_subject_10003_wf/anat_preproc_wf/brain_extraction_wf/res_tmpl".
220226-02:05:11,378 nipype.workflow INFO:
	 [Node] Executing "res_tmpl" <niworkflows.interfaces.images.RegridToZooms>
220226-02:05:11,415 nipype.workflow INFO:
	 [Node] Setting-up "_val_sbref3" in "/scratch/fmriprep_wf/single_subject_10003_wf/func_preproc_task_sharedreward_acq_mb6me4_echo_1_wf/initial_boldref_wf/val_sbref/mapflow/_val_sbref3".
220226-02:05:11,418 nipype.workflow INFO:
	 [Node] Executing "_val_sbref3" <niworkflows.interfaces.images.ValidateImage>
220226-02:05:11,443 nipype.workflow INFO:
	 [Node] Setting-up "_val_bold2" in "/scratch/fmriprep_wf/single_subject_10003_wf/func_preproc_task_sharedreward_acq_mb3me4_echo_1_wf/initial_boldref_wf/val_bold/mapflow/_val_bold2".
220226-02:05:11,445 nipype.workflow INFO:
	 [Node] Executing "_val_bold2" <niworkflows.interfaces.images.ValidateImage>
220226-02:05:11,451 nipype.workflow INFO:
	 [Node] Setting-up "_val_bold3" in "/scratch/fmriprep_wf/single_subject_10003_wf/func_preproc_task_sharedreward_acq_mb6me4_echo_1_wf/initial_boldref_wf/val_bold/mapflow/_val_bold3".
220226-02:05:11,454 nipype.workflow INFO:
	 [Node] Executing "_val_bold3" <niworkflows.interfaces.images.ValidateImage>
220226-02:05:11,461 nipype.workflow INFO:
	 [Node] Finished "_val_sbref3", elapsed time 0.040867s.
220226-02:05:11,558 nipype.workflow INFO:
	 [Node] Setting-up "_val_bold1" in "/scratch/fmriprep_wf/single_subject_10003_wf/func_preproc_task_sharedreward_acq_mb6me4_echo_1_wf/initial_boldref_wf/val_bold/mapflow/_val_bold1".
220226-02:05:11,560 nipype.workflow INFO:
	 [Node] Finished "_val_bold3", elapsed time 0.103727s.
220226-02:05:11,561 nipype.workflow INFO:
	 [Node] Executing "_val_bold1" <niworkflows.interfaces.images.ValidateImage>
220226-02:05:11,611 nipype.workflow INFO:
	 [Node] Finished "_val_bold2", elapsed time 0.163597s.
220226-02:05:11,660 nipype.workflow INFO:
	 [Node] Finished "_val_bold1", elapsed time 0.096517s.
220226-02:05:11,673 nipype.workflow INFO:
	 [Node] Setting-up "_val_sbref2" in "/scratch/fmriprep_wf/single_subject_10003_wf/func_preproc_task_sharedreward_acq_mb3me4_echo_1_wf/initial_boldref_wf/val_sbref/mapflow/_val_sbref2".
220226-02:05:11,676 nipype.workflow INFO:
	 [Node] Executing "_val_sbref2" <niworkflows.interfaces.images.ValidateImage>
220226-02:05:11,707 nipype.workflow INFO:
	 [Node] Setting-up "_val_bold2" in "/scratch/fmriprep_wf/single_subject_10003_wf/func_preproc_task_sharedreward_acq_mb6me4_echo_1_wf/initial_boldref_wf/val_bold/mapflow/_val_bold2".
220226-02:05:11,711 nipype.workflow INFO:
	 [Node] Executing "_val_bold2" <niworkflows.interfaces.images.ValidateImage>
220226-02:05:11,712 nipype.workflow INFO:
	 [Node] Setting-up "_val_bold0" in "/scratch/fmriprep_wf/single_subject_10003_wf/func_preproc_task_sharedreward_acq_mb3me4_echo_1_wf/initial_boldref_wf/val_bold/mapflow/_val_bold0".
220226-02:05:11,714 nipype.workflow INFO:
	 [Node] Executing "_val_bold0" <niworkflows.interfaces.images.ValidateImage>
220226-02:05:11,718 nipype.workflow INFO:
	 [Node] Setting-up "_val_bold0" in "/scratch/fmriprep_wf/single_subject_10003_wf/func_preproc_task_sharedreward_acq_mb1me4_echo_1_wf/initial_boldref_wf/val_bold/mapflow/_val_bold0".
220226-02:05:11,721 nipype.workflow INFO:
	 [Node] Executing "_val_bold0" <niworkflows.interfaces.images.ValidateImage>
220226-02:05:11,728 nipype.workflow INFO:
	 [Node] Finished "_val_sbref2", elapsed time 0.049285s.
220226-02:05:11,819 nipype.workflow INFO:
	 [Node] Finished "_val_bold2", elapsed time 0.105491s.
220226-02:05:11,840 nipype.workflow INFO:
	 [Node] Setting-up "fmriprep_wf.single_subject_10003_wf.bidssrc" in "/scratch/fmriprep_wf/single_subject_10003_wf/bidssrc".
220226-02:05:11,844 nipype.workflow INFO:
	 [Node] Executing "bidssrc" <niworkflows.interfaces.bids.BIDSDataGrabber>
220226-02:05:11,845 nipype.interface INFO:
	 No "t2w" images found for sub-10003
220226-02:05:11,845 nipype.interface INFO:
	 No "flair" images found for sub-10003
220226-02:05:11,845 nipype.interface INFO:
	 No "roi" images found for sub-10003
220226-02:05:11,846 nipype.workflow INFO:
	 [Node] Finished "bidssrc", elapsed time 0.000767s.
220226-02:05:11,928 nipype.workflow INFO:
	 [Node] Finished "_val_bold0", elapsed time 0.211804s.
220226-02:05:13,59 nipype.workflow INFO:
	 [Node] Setting-up "fmriprep_wf.single_subject_10003_wf.func_preproc_task_sharedreward_acq_mb6me1_wf.initial_boldref_wf.gen_ref" in "/scratch/fmriprep_wf/single_subject_10003_wf/func_preproc_task_sharedreward_acq_mb6me1_wf/initial_boldref_wf/gen_ref".
220226-02:05:13,77 nipype.workflow INFO:
	 [Node] Executing "gen_ref" <niworkflows.interfaces.registration.EstimateReferenceImage>
220226-02:05:13,183 nipype.workflow INFO:
	 [Node] Finished "gen_ref", elapsed time 0.104318s.
220226-02:05:13,368 nipype.workflow INFO:
	 [Node] Setting-up "fmriprep_wf.single_subject_10003_wf.func_preproc_task_sharedreward_acq_mb1me1_wf.initial_boldref_wf.gen_ref" in "/scratch/fmriprep_wf/single_subject_10003_wf/func_preproc_task_sharedreward_acq_mb1me1_wf/initial_boldref_wf/gen_ref".
220226-02:05:13,386 nipype.workflow INFO:
	 [Node] Executing "gen_ref" <niworkflows.interfaces.registration.EstimateReferenceImage>
220226-02:05:13,474 nipype.workflow INFO:
	 [Node] Finished "res_tmpl", elapsed time 2.091705s.
220226-02:05:14,438 nipype.workflow INFO:
	 [Node] Finished "gen_ref", elapsed time 1.049835s.
220226-02:05:14,471 nipype.workflow INFO:
	 [Node] Finished "_val_bold3", elapsed time 4.710983s.
220226-02:05:14,501 nipype.workflow INFO:
	 [Node] Setting-up "_val_sbref0" in "/scratch/fmriprep_wf/single_subject_10003_wf/func_preproc_task_sharedreward_acq_mb6me4_echo_1_wf/initial_boldref_wf/val_sbref/mapflow/_val_sbref0".
220226-02:05:14,502 nipype.workflow INFO:
	 [Node] Cached "_val_sbref0" - collecting precomputed outputs
220226-02:05:14,502 nipype.workflow INFO:
	 [Node] "_val_sbref0" found cached.
220226-02:05:14,503 nipype.workflow INFO:
	 [Node] Setting-up "_val_sbref1" in "/scratch/fmriprep_wf/single_subject_10003_wf/func_preproc_task_sharedreward_acq_mb6me4_echo_1_wf/initial_boldref_wf/val_sbref/mapflow/_val_sbref1".
220226-02:05:14,504 nipype.workflow INFO:
	 [Node] Cached "_val_sbref1" - collecting precomputed outputs
220226-02:05:14,504 nipype.workflow INFO:
	 [Node] "_val_sbref1" found cached.
220226-02:05:14,504 nipype.workflow INFO:
	 [Node] Setting-up "_val_sbref2" in "/scratch/fmriprep_wf/single_subject_10003_wf/func_preproc_task_sharedreward_acq_mb6me4_echo_1_wf/initial_boldref_wf/val_sbref/mapflow/_val_sbref2".
220226-02:05:14,505 nipype.workflow INFO:
	 [Node] Cached "_val_sbref2" - collecting precomputed outputs
220226-02:05:14,505 nipype.workflow INFO:
	 [Node] "_val_sbref2" found cached.
220226-02:05:14,506 nipype.workflow INFO:
	 [Node] Setting-up "_val_sbref3" in "/scratch/fmriprep_wf/single_subject_10003_wf/func_preproc_task_sharedreward_acq_mb6me4_echo_1_wf/initial_boldref_wf/val_sbref/mapflow/_val_sbref3".
220226-02:05:14,507 nipype.workflow INFO:
	 [Node] Cached "_val_sbref3" - collecting precomputed outputs
220226-02:05:14,507 nipype.workflow INFO:
	 [Node] "_val_sbref3" found cached.
220226-02:05:14,616 nipype.workflow INFO:
	 [Node] Setting-up "_val_bold0" in "/scratch/fmriprep_wf/single_subject_10003_wf/func_preproc_task_sharedreward_acq_mb3me4_echo_1_wf/initial_boldref_wf/val_bold/mapflow/_val_bold0".
220226-02:05:14,617 nipype.workflow INFO:
	 [Node] Cached "_val_bold0" - collecting precomputed outputs
220226-02:05:14,617 nipype.workflow INFO:
	 [Node] "_val_bold0" found cached.
220226-02:05:14,618 nipype.workflow INFO:
	 [Node] Setting-up "_val_bold1" in "/scratch/fmriprep_wf/single_subject_10003_wf/func_preproc_task_sharedreward_acq_mb3me4_echo_1_wf/initial_boldref_wf/val_bold/mapflow/_val_bold1".
220226-02:05:14,619 nipype.workflow INFO:
	 [Node] Cached "_val_bold1" - collecting precomputed outputs
220226-02:05:14,619 nipype.workflow INFO:
	 [Node] "_val_bold1" found cached.
220226-02:05:14,620 nipype.workflow INFO:
	 [Node] Setting-up "_val_bold2" in "/scratch/fmriprep_wf/single_subject_10003_wf/func_preproc_task_sharedreward_acq_mb3me4_echo_1_wf/initial_boldref_wf/val_bold/mapflow/_val_bold2".
220226-02:05:14,620 nipype.workflow INFO:
	 [Node] Cached "_val_bold2" - collecting precomputed outputs
220226-02:05:14,620 nipype.workflow INFO:
	 [Node] "_val_bold2" found cached.
220226-02:05:14,621 nipype.workflow INFO:
	 [Node] Setting-up "_val_bold3" in "/scratch/fmriprep_wf/single_subject_10003_wf/func_preproc_task_sharedreward_acq_mb3me4_echo_1_wf/initial_boldref_wf/val_bold/mapflow/_val_bold3".
220226-02:05:14,622 nipype.workflow INFO:
	 [Node] Cached "_val_bold3" - collecting precomputed outputs
220226-02:05:14,622 nipype.workflow INFO:
	 [Node] "_val_bold3" found cached.
220226-02:05:14,791 nipype.workflow INFO:
	 [Node] Setting-up "_val_bold0" in "/scratch/fmriprep_wf/single_subject_10003_wf/func_preproc_task_sharedreward_acq_mb6me4_echo_1_wf/initial_boldref_wf/val_bold/mapflow/_val_bold0".
220226-02:05:14,792 nipype.workflow INFO:
	 [Node] Cached "_val_bold0" - collecting precomputed outputs
220226-02:05:14,793 nipype.workflow INFO:
	 [Node] "_val_bold0" found cached.
220226-02:05:14,794 nipype.workflow INFO:
	 [Node] Setting-up "_val_bold1" in "/scratch/fmriprep_wf/single_subject_10003_wf/func_preproc_task_sharedreward_acq_mb6me4_echo_1_wf/initial_boldref_wf/val_bold/mapflow/_val_bold1".
220226-02:05:14,795 nipype.workflow INFO:
	 [Node] Cached "_val_bold1" - collecting precomputed outputs
220226-02:05:14,796 nipype.workflow INFO:
	 [Node] "_val_bold1" found cached.
220226-02:05:14,797 nipype.workflow INFO:
	 [Node] Setting-up "_val_bold2" in "/scratch/fmriprep_wf/single_subject_10003_wf/func_preproc_task_sharedreward_acq_mb6me4_echo_1_wf/initial_boldref_wf/val_bold/mapflow/_val_bold2".
220226-02:05:14,798 nipype.workflow INFO:
	 [Node] Cached "_val_bold2" - collecting precomputed outputs
220226-02:05:14,798 nipype.workflow INFO:
	 [Node] "_val_bold2" found cached.
220226-02:05:14,799 nipype.workflow INFO:
	 [Node] Setting-up "_val_bold3" in "/scratch/fmriprep_wf/single_subject_10003_wf/func_preproc_task_sharedreward_acq_mb6me4_echo_1_wf/initial_boldref_wf/val_bold/mapflow/_val_bold3".
220226-02:05:14,800 nipype.workflow INFO:
	 [Node] Cached "_val_bold3" - collecting precomputed outputs
220226-02:05:14,800 nipype.workflow INFO:
	 [Node] "_val_bold3" found cached.
220226-02:05:15,28 nipype.workflow INFO:
	 [Node] Finished "_val_bold2", elapsed time 5.1597290000000005s.
220226-02:05:15,82 nipype.workflow INFO:
	 [Node] Setting-up "_val_sbref0" in "/scratch/fmriprep_wf/single_subject_10003_wf/func_preproc_task_sharedreward_acq_mb3me4_echo_1_wf/initial_boldref_wf/val_sbref/mapflow/_val_sbref0".
220226-02:05:15,83 nipype.workflow INFO:
	 [Node] Cached "_val_sbref0" - collecting precomputed outputs
220226-02:05:15,84 nipype.workflow INFO:
	 [Node] "_val_sbref0" found cached.
220226-02:05:15,85 nipype.workflow INFO:
	 [Node] Setting-up "_val_sbref1" in "/scratch/fmriprep_wf/single_subject_10003_wf/func_preproc_task_sharedreward_acq_mb3me4_echo_1_wf/initial_boldref_wf/val_sbref/mapflow/_val_sbref1".
220226-02:05:15,87 nipype.workflow INFO:
	 [Node] Cached "_val_sbref1" - collecting precomputed outputs
220226-02:05:15,87 nipype.workflow INFO:
	 [Node] "_val_sbref1" found cached.
220226-02:05:15,88 nipype.workflow INFO:
	 [Node] Setting-up "_val_sbref2" in "/scratch/fmriprep_wf/single_subject_10003_wf/func_preproc_task_sharedreward_acq_mb3me4_echo_1_wf/initial_boldref_wf/val_sbref/mapflow/_val_sbref2".
220226-02:05:15,89 nipype.workflow INFO:
	 [Node] Cached "_val_sbref2" - collecting precomputed outputs
220226-02:05:15,89 nipype.workflow INFO:
	 [Node] "_val_sbref2" found cached.
220226-02:05:15,91 nipype.workflow INFO:
	 [Node] Setting-up "_val_sbref3" in "/scratch/fmriprep_wf/single_subject_10003_wf/func_preproc_task_sharedreward_acq_mb3me4_echo_1_wf/initial_boldref_wf/val_sbref/mapflow/_val_sbref3".
220226-02:05:15,92 nipype.workflow INFO:
	 [Node] Cached "_val_sbref3" - collecting precomputed outputs
220226-02:05:15,92 nipype.workflow INFO:
	 [Node] "_val_sbref3" found cached.
220226-02:05:15,254 nipype.workflow INFO:
	 [Node] Setting-up "fmriprep_wf.single_subject_10003_wf.func_preproc_task_sharedreward_acq_mb3me1_wf.initial_boldref_wf.gen_ref" in "/scratch/fmriprep_wf/single_subject_10003_wf/func_preproc_task_sharedreward_acq_mb3me1_wf/initial_boldref_wf/gen_ref".
220226-02:05:15,272 nipype.workflow INFO:
	 [Node] Executing "gen_ref" <niworkflows.interfaces.registration.EstimateReferenceImage>
220226-02:05:15,360 nipype.workflow INFO:
	 [Node] Finished "gen_ref", elapsed time 0.08559s.
220226-02:05:15,425 nipype.workflow INFO:
	 [Node] Setting-up "fmriprep_wf.single_subject_10003_wf.anat_preproc_wf.anat_template_wf.t1w_ref_dimensions" in "/scratch/fmriprep_wf/single_subject_10003_wf/anat_preproc_wf/anat_template_wf/t1w_ref_dimensions".
220226-02:05:15,542 nipype.workflow INFO:
	 [Node] Setting-up "fmriprep_wf.single_subject_10003_wf.func_preproc_task_sharedreward_acq_mb6me1_wf.initial_boldref_wf.enhance_and_skullstrip_bold_wf.init_aff" in "/scratch/fmriprep_wf/single_subject_10003_wf/func_preproc_task_sharedreward_acq_mb6me1_wf/initial_boldref_wf/enhance_and_skullstrip_bold_wf/init_aff".
220226-02:05:15,603 nipype.workflow INFO:
	 [Node] Setting-up "fmriprep_wf.single_subject_10003_wf.func_preproc_task_sharedreward_acq_mb6me1_wf.bold_hmc_wf.mcflirt" in "/scratch/fmriprep_wf/single_subject_10003_wf/func_preproc_task_sharedreward_acq_mb6me1_wf/bold_hmc_wf/mcflirt".
220226-02:05:15,853 nipype.workflow INFO:
	 [Node] Executing "t1w_ref_dimensions" <niworkflows.interfaces.images.TemplateDimensions>
220226-02:05:15,854 nipype.workflow INFO:
	 [Node] Setting-up "fmriprep_wf.single_subject_10003_wf.bids_info" in "/scratch/fmriprep_wf/single_subject_10003_wf/bids_info".
220226-02:05:15,857 nipype.workflow INFO:
	 [Node] Executing "bids_info" <niworkflows.interfaces.bids.BIDSInfo>
220226-02:05:15,865 nipype.workflow INFO:
	 [Node] Finished "bids_info", elapsed time 0.006824s.
220226-02:05:16,92 nipype.workflow INFO:
	 [Node] Finished "t1w_ref_dimensions", elapsed time 0.237058s.
220226-02:05:16,184 nipype.workflow INFO:
	 [Node] Setting-up "fmriprep_wf.single_subject_10003_wf.func_preproc_task_sharedreward_acq_mb1me1_wf.initial_boldref_wf.enhance_and_skullstrip_bold_wf.init_aff" in "/scratch/fmriprep_wf/single_subject_10003_wf/func_preproc_task_sharedreward_acq_mb1me1_wf/initial_boldref_wf/enhance_and_skullstrip_bold_wf/init_aff".
220226-02:05:16,286 nipype.workflow INFO:
	 [Node] Setting-up "fmriprep_wf.single_subject_10003_wf.func_preproc_task_sharedreward_acq_mb1me1_wf.bold_hmc_wf.mcflirt" in "/scratch/fmriprep_wf/single_subject_10003_wf/func_preproc_task_sharedreward_acq_mb1me1_wf/bold_hmc_wf/mcflirt".
220226-02:05:16,772 nipype.workflow INFO:
	 [Node] Executing "mcflirt" <nipype.interfaces.fsl.preprocess.MCFLIRT>
220226-02:05:16,795 nipype.workflow INFO:
	 [Node] Finished "_val_bold1", elapsed time 5.54885s.
220226-02:05:16,897 nipype.workflow INFO:
	 [Node] Finished "_val_bold0", elapsed time 5.1741530000000004s.
220226-02:05:16,988 nipype.workflow INFO:
	 [Node] Setting-up "fmriprep_wf.single_subject_10003_wf.func_preproc_task_sharedreward_acq_mb6me4_echo_1_wf.initial_boldref_wf.gen_ref" in "/scratch/fmriprep_wf/single_subject_10003_wf/func_preproc_task_sharedreward_acq_mb6me4_echo_1_wf/initial_boldref_wf/gen_ref".
220226-02:05:17,10 nipype.workflow INFO:
	 [Node] Executing "gen_ref" <niworkflows.interfaces.registration.EstimateReferenceImage>
220226-02:05:17,75 nipype.workflow INFO:
	 [Node] Executing "init_aff" <nipype.interfaces.ants.utils.AI>
220226-02:05:17,132 nipype.workflow INFO:
	 [Node] Finished "gen_ref", elapsed time 0.120346s.
220226-02:05:17,230 nipype.workflow INFO:
	 [Node] Executing "init_aff" <nipype.interfaces.ants.utils.AI>
220226-02:05:17,283 nipype.workflow INFO:
	 [Node] Executing "mcflirt" <nipype.interfaces.fsl.preprocess.MCFLIRT>
220226-02:05:17,519 nipype.workflow INFO:
	 [Node] Setting-up "fmriprep_wf.single_subject_10003_wf.func_preproc_task_sharedreward_acq_mb6me1_wf.bold_stc_wf.slice_timing_correction" in "/scratch/fmriprep_wf/single_subject_10003_wf/func_preproc_task_sharedreward_acq_mb6me1_wf/bold_stc_wf/slice_timing_correction".
220226-02:05:17,524 nipype.workflow INFO:
	 [Node] Executing "slice_timing_correction" <nipype.interfaces.afni.preprocess.TShift>
220226-02:05:17,767 nipype.workflow INFO:
	 [Node] Setting-up "fmriprep_wf.single_subject_10003_wf.func_preproc_task_sharedreward_acq_mb3me1_wf.initial_boldref_wf.enhance_and_skullstrip_bold_wf.init_aff" in "/scratch/fmriprep_wf/single_subject_10003_wf/func_preproc_task_sharedreward_acq_mb3me1_wf/initial_boldref_wf/enhance_and_skullstrip_bold_wf/init_aff".
220226-02:05:17,809 nipype.workflow INFO:
	 [Node] Setting-up "fmriprep_wf.single_subject_10003_wf.func_preproc_task_sharedreward_acq_mb3me1_wf.bold_hmc_wf.mcflirt" in "/scratch/fmriprep_wf/single_subject_10003_wf/func_preproc_task_sharedreward_acq_mb3me1_wf/bold_hmc_wf/mcflirt".
220226-02:05:17,900 nipype.workflow INFO:
	 [Node] Setting-up "fmriprep_wf.single_subject_10003_wf.func_preproc_task_sharedreward_acq_mb1me1_wf.bold_stc_wf.slice_timing_correction" in "/scratch/fmriprep_wf/single_subject_10003_wf/func_preproc_task_sharedreward_acq_mb1me1_wf/bold_stc_wf/slice_timing_correction".
220226-02:05:17,906 nipype.workflow INFO:
	 [Node] Executing "slice_timing_correction" <nipype.interfaces.afni.preprocess.TShift>
220226-02:05:17,974 nipype.workflow INFO:
	 [Node] Setting-up "fmriprep_wf.single_subject_10003_wf.anat_preproc_wf.anat_derivatives_wf.raw_sources" in "/scratch/fmriprep_wf/single_subject_10003_wf/anat_preproc_wf/anat_derivatives_wf/raw_sources".
220226-02:05:17,978 nipype.workflow INFO:
	 [Node] Executing "raw_sources" <nipype.interfaces.utility.wrappers.Function>
220226-02:05:17,980 nipype.workflow INFO:
	 [Node] Finished "raw_sources", elapsed time 0.000844s.
220226-02:05:17,982 nipype.workflow INFO:
	 [Node] Setting-up "_t1w_conform0" in "/scratch/fmriprep_wf/single_subject_10003_wf/anat_preproc_wf/anat_template_wf/t1w_conform/mapflow/_t1w_conform0".
220226-02:05:17,984 nipype.workflow INFO:
	 [Node] Executing "_t1w_conform0" <niworkflows.interfaces.images.Conform>
220226-02:05:18,241 nipype.workflow INFO:
	 [Node] Finished "_t1w_conform0", elapsed time 0.255472s.
220226-02:05:19,194 nipype.workflow INFO:
	 [Node] Setting-up "fmriprep_wf.single_subject_10003_wf.func_preproc_task_sharedreward_acq_mb3me4_echo_1_wf.initial_boldref_wf.gen_ref" in "/scratch/fmriprep_wf/single_subject_10003_wf/func_preproc_task_sharedreward_acq_mb3me4_echo_1_wf/initial_boldref_wf/gen_ref".
220226-02:05:19,212 nipype.workflow INFO:
	 [Node] Executing "gen_ref" <niworkflows.interfaces.registration.EstimateReferenceImage>
220226-02:05:19,258 nipype.workflow INFO:
	 [Node] Setting-up "fmriprep_wf.single_subject_10003_wf.func_preproc_task_sharedreward_acq_mb6me4_echo_1_wf.bold_hmc_wf.mcflirt" in "/scratch/fmriprep_wf/single_subject_10003_wf/func_preproc_task_sharedreward_acq_mb6me4_echo_1_wf/bold_hmc_wf/mcflirt".
220226-02:05:19,263 nipype.workflow INFO:
	 [Node] Executing "mcflirt" <nipype.interfaces.fsl.preprocess.MCFLIRT>
220226-02:05:19,266 nipype.workflow INFO:
	 [Node] Setting-up "fmriprep_wf.single_subject_10003_wf.func_preproc_task_sharedreward_acq_mb6me4_echo_1_wf.initial_boldref_wf.enhance_and_skullstrip_bold_wf.init_aff" in "/scratch/fmriprep_wf/single_subject_10003_wf/func_preproc_task_sharedreward_acq_mb6me4_echo_1_wf/initial_boldref_wf/enhance_and_skullstrip_bold_wf/init_aff".
220226-02:05:19,271 nipype.workflow INFO:
	 [Node] Executing "init_aff" <nipype.interfaces.ants.utils.AI>
220226-02:05:19,350 nipype.workflow INFO:
	 [Node] Finished "gen_ref", elapsed time 0.135207s.
220226-02:05:19,361 nipype.workflow INFO:
	 [Node] Executing "mcflirt" <nipype.interfaces.fsl.preprocess.MCFLIRT>
220226-02:05:19,396 nipype.workflow INFO:
	 [Node] Executing "init_aff" <nipype.interfaces.ants.utils.AI>
220226-02:05:19,471 nipype.workflow INFO:
	 [Node] Setting-up "fmriprep_wf.single_subject_10003_wf.func_preproc_task_sharedreward_acq_mb3me1_wf.bold_stc_wf.slice_timing_correction" in "/scratch/fmriprep_wf/single_subject_10003_wf/func_preproc_task_sharedreward_acq_mb3me1_wf/bold_stc_wf/slice_timing_correction".
220226-02:05:19,479 nipype.workflow INFO:
	 [Node] Executing "slice_timing_correction" <nipype.interfaces.afni.preprocess.TShift>
220226-02:05:19,682 nipype.workflow INFO:
	 [Node] Setting-up "_val_bold0" in "/scratch/fmriprep_wf/single_subject_10003_wf/func_preproc_task_sharedreward_acq_mb1me4_echo_1_wf/initial_boldref_wf/val_bold/mapflow/_val_bold0".
220226-02:05:19,684 nipype.workflow INFO:
	 [Node] Cached "_val_bold0" - collecting precomputed outputs
220226-02:05:19,684 nipype.workflow INFO:
	 [Node] "_val_bold0" found cached.
220226-02:05:19,686 nipype.workflow INFO:
	 [Node] Setting-up "_val_bold1" in "/scratch/fmriprep_wf/single_subject_10003_wf/func_preproc_task_sharedreward_acq_mb1me4_echo_1_wf/initial_boldref_wf/val_bold/mapflow/_val_bold1".
220226-02:05:19,687 nipype.workflow INFO:
	 [Node] Cached "_val_bold1" - collecting precomputed outputs
220226-02:05:19,687 nipype.workflow INFO:
	 [Node] "_val_bold1" found cached.
220226-02:05:19,688 nipype.workflow INFO:
	 [Node] Setting-up "_val_bold2" in "/scratch/fmriprep_wf/single_subject_10003_wf/func_preproc_task_sharedreward_acq_mb1me4_echo_1_wf/initial_boldref_wf/val_bold/mapflow/_val_bold2".
220226-02:05:19,690 nipype.workflow INFO:
	 [Node] Cached "_val_bold2" - collecting precomputed outputs
220226-02:05:19,690 nipype.workflow INFO:
	 [Node] "_val_bold2" found cached.
220226-02:05:19,691 nipype.workflow INFO:
	 [Node] Setting-up "_val_bold3" in "/scratch/fmriprep_wf/single_subject_10003_wf/func_preproc_task_sharedreward_acq_mb1me4_echo_1_wf/initial_boldref_wf/val_bold/mapflow/_val_bold3".
220226-02:05:19,692 nipype.workflow INFO:
	 [Node] Cached "_val_bold3" - collecting precomputed outputs
220226-02:05:19,693 nipype.workflow INFO:
	 [Node] "_val_bold3" found cached.
220226-02:05:19,711 nipype.workflow INFO:
	 [Node] Setting-up "fmriprep_wf.single_subject_10003_wf.anat_preproc_wf.anat_template_wf.get1st" in "/scratch/fmriprep_wf/single_subject_10003_wf/anat_preproc_wf/anat_template_wf/get1st".
220226-02:05:19,714 nipype.workflow INFO:
	 [Node] Executing "get1st" <nipype.interfaces.utility.base.Select>
220226-02:05:19,716 nipype.workflow INFO:
	 [Node] Finished "get1st", elapsed time 0.000476s.
220226-02:05:21,467 nipype.workflow INFO:
	 [Node] Setting-up "fmriprep_wf.single_subject_10003_wf.func_preproc_task_sharedreward_acq_mb6me4_echo_1_wf.bold_stc_wf.slice_timing_correction" in "/scratch/fmriprep_wf/single_subject_10003_wf/func_preproc_task_sharedreward_acq_mb6me4_echo_1_wf/bold_stc_wf/_bold_file_..base..bids..sub-10003..func..sub-10003_task-sharedreward_acq-mb6me4_echo-4_bold.nii.gz/slice_timing_correction".
220226-02:05:21,473 nipype.workflow INFO:
	 [Node] Setting-up "fmriprep_wf.single_subject_10003_wf.func_preproc_task_sharedreward_acq_mb6me4_echo_1_wf.bold_stc_wf.slice_timing_correction" in "/scratch/fmriprep_wf/single_subject_10003_wf/func_preproc_task_sharedreward_acq_mb6me4_echo_1_wf/bold_stc_wf/_bold_file_..base..bids..sub-10003..func..sub-10003_task-sharedreward_acq-mb6me4_echo-3_bold.nii.gz/slice_timing_correction".
220226-02:05:21,533 nipype.workflow INFO:
	 [Node] Executing "slice_timing_correction" <nipype.interfaces.afni.preprocess.TShift>
220226-02:05:21,540 nipype.workflow INFO:
	 [Node] Executing "slice_timing_correction" <nipype.interfaces.afni.preprocess.TShift>
220226-02:05:21,545 nipype.workflow INFO:
	 [Node] Setting-up "fmriprep_wf.single_subject_10003_wf.func_preproc_task_sharedreward_acq_mb6me4_echo_1_wf.bold_stc_wf.slice_timing_correction" in "/scratch/fmriprep_wf/single_subject_10003_wf/func_preproc_task_sharedreward_acq_mb6me4_echo_1_wf/bold_stc_wf/_bold_file_..base..bids..sub-10003..func..sub-10003_task-sharedreward_acq-mb6me4_echo-2_bold.nii.gz/slice_timing_correction".
220226-02:05:21,545 nipype.workflow INFO:
	 [Node] Setting-up "fmriprep_wf.single_subject_10003_wf.func_preproc_task_sharedreward_acq_mb6me4_echo_1_wf.bold_stc_wf.slice_timing_correction" in "/scratch/fmriprep_wf/single_subject_10003_wf/func_preproc_task_sharedreward_acq_mb6me4_echo_1_wf/bold_stc_wf/_bold_file_..base..bids..sub-10003..func..sub-10003_task-sharedreward_acq-mb6me4_echo-1_bold.nii.gz/slice_timing_correction".
220226-02:05:21,546 nipype.workflow INFO:
	 [Node] Setting-up "fmriprep_wf.single_subject_10003_wf.func_preproc_task_sharedreward_acq_mb3me4_echo_1_wf.bold_hmc_wf.mcflirt" in "/scratch/fmriprep_wf/single_subject_10003_wf/func_preproc_task_sharedreward_acq_mb3me4_echo_1_wf/bold_hmc_wf/mcflirt".
220226-02:05:21,550 nipype.workflow INFO:
	 [Node] Executing "mcflirt" <nipype.interfaces.fsl.preprocess.MCFLIRT>
220226-02:05:21,551 nipype.workflow INFO:
	 [Node] Executing "slice_timing_correction" <nipype.interfaces.afni.preprocess.TShift>
220226-02:05:21,552 nipype.workflow INFO:
	 [Node] Executing "slice_timing_correction" <nipype.interfaces.afni.preprocess.TShift>
220226-02:05:22,664 nipype.workflow INFO:
	 [Node] Setting-up "fmriprep_wf.single_subject_10003_wf.func_preproc_task_sharedreward_acq_mb1me4_echo_1_wf.initial_boldref_wf.gen_ref" in "/scratch/fmriprep_wf/single_subject_10003_wf/func_preproc_task_sharedreward_acq_mb1me4_echo_1_wf/initial_boldref_wf/gen_ref".
220226-02:05:22,668 nipype.workflow INFO:
	 [Node] Executing "gen_ref" <niworkflows.interfaces.registration.EstimateReferenceImage>
220226-02:05:23,395 nipype.workflow INFO:
	 [Node] Setting-up "fmriprep_wf.single_subject_10003_wf.func_preproc_task_sharedreward_acq_mb3me4_echo_1_wf.bold_stc_wf.slice_timing_correction" in "/scratch/fmriprep_wf/single_subject_10003_wf/func_preproc_task_sharedreward_acq_mb3me4_echo_1_wf/bold_stc_wf/_bold_file_..base..bids..sub-10003..func..sub-10003_task-sharedreward_acq-mb3me4_echo-4_bold.nii.gz/slice_timing_correction".
220226-02:05:23,401 nipype.workflow INFO:
	 [Node] Executing "slice_timing_correction" <nipype.interfaces.afni.preprocess.TShift>
220226-02:05:23,424 nipype.workflow INFO:
	 [Node] Setting-up "fmriprep_wf.single_subject_10003_wf.func_preproc_task_sharedreward_acq_mb3me4_echo_1_wf.bold_stc_wf.slice_timing_correction" in "/scratch/fmriprep_wf/single_subject_10003_wf/func_preproc_task_sharedreward_acq_mb3me4_echo_1_wf/bold_stc_wf/_bold_file_..base..bids..sub-10003..func..sub-10003_task-sharedreward_acq-mb3me4_echo-3_bold.nii.gz/slice_timing_correction".
220226-02:05:23,430 nipype.workflow INFO:
	 [Node] Executing "slice_timing_correction" <nipype.interfaces.afni.preprocess.TShift>
220226-02:05:24,272 nipype.workflow INFO:
	 [Node] Finished "lap_tmpl", elapsed time 17.304614s.
220226-02:05:24,645 nipype.workflow INFO:
	 [Node] Finished "gen_ref", elapsed time 1.974874s.
220226-02:05:25,517 nipype.workflow INFO:
	 [Node] Setting-up "fmriprep_wf.single_subject_10003_wf.func_preproc_task_sharedreward_acq_mb3me4_echo_1_wf.bold_stc_wf.slice_timing_correction" in "/scratch/fmriprep_wf/single_subject_10003_wf/func_preproc_task_sharedreward_acq_mb3me4_echo_1_wf/bold_stc_wf/_bold_file_..base..bids..sub-10003..func..sub-10003_task-sharedreward_acq-mb3me4_echo-2_bold.nii.gz/slice_timing_correction".
220226-02:05:25,523 nipype.workflow INFO:
	 [Node] Executing "slice_timing_correction" <nipype.interfaces.afni.preprocess.TShift>
220226-02:05:25,537 nipype.workflow INFO:
	 [Node] Setting-up "fmriprep_wf.single_subject_10003_wf.func_preproc_task_sharedreward_acq_mb3me4_echo_1_wf.bold_stc_wf.slice_timing_correction" in "/scratch/fmriprep_wf/single_subject_10003_wf/func_preproc_task_sharedreward_acq_mb3me4_echo_1_wf/bold_stc_wf/_bold_file_..base..bids..sub-10003..func..sub-10003_task-sharedreward_acq-mb3me4_echo-1_bold.nii.gz/slice_timing_correction".
220226-02:05:25,543 nipype.workflow INFO:
	 [Node] Executing "slice_timing_correction" <nipype.interfaces.afni.preprocess.TShift>
220226-02:06:02,166 nipype.workflow INFO:
	 [Node] Finished "slice_timing_correction", elapsed time 44.257934s.
220226-02:06:03,912 nipype.workflow INFO:
	 [Node] Setting-up "fmriprep_wf.single_subject_10003_wf.func_preproc_task_sharedreward_acq_mb1me4_echo_1_wf.bold_hmc_wf.mcflirt" in "/scratch/fmriprep_wf/single_subject_10003_wf/func_preproc_task_sharedreward_acq_mb1me4_echo_1_wf/bold_hmc_wf/mcflirt".
220226-02:06:03,918 nipype.workflow INFO:
	 [Node] Executing "mcflirt" <nipype.interfaces.fsl.preprocess.MCFLIRT>
220226-02:06:45,77 nipype.workflow INFO:
	 [Node] Finished "slice_timing_correction", elapsed time 79.53239s.
220226-02:06:45,759 nipype.workflow INFO:
	 [Node] Setting-up "fmriprep_wf.single_subject_10003_wf.func_preproc_task_sharedreward_acq_mb3me4_echo_1_wf.bold_stc_wf.copy_xform" in "/scratch/fmriprep_wf/single_subject_10003_wf/func_preproc_task_sharedreward_acq_mb3me4_echo_1_wf/bold_stc_wf/_bold_file_..base..bids..sub-10003..func..sub-10003_task-sharedreward_acq-mb3me4_echo-1_bold.nii.gz/copy_xform".
220226-02:06:45,763 nipype.workflow INFO:
	 [Node] Executing "copy_xform" <niworkflows.interfaces.utils.CopyXForm>
220226-02:06:54,501 nipype.workflow INFO:
	 [Node] Finished "slice_timing_correction", elapsed time 92.947654s.
220226-02:06:55,860 nipype.workflow INFO:
	 [Node] Finished "slice_timing_correction", elapsed time 90.334945s.
220226-02:06:55,884 nipype.workflow INFO:
	 [Node] Setting-up "fmriprep_wf.single_subject_10003_wf.func_preproc_task_sharedreward_acq_mb6me4_echo_1_wf.bold_stc_wf.copy_xform" in "/scratch/fmriprep_wf/single_subject_10003_wf/func_preproc_task_sharedreward_acq_mb6me4_echo_1_wf/bold_stc_wf/_bold_file_..base..bids..sub-10003..func..sub-10003_task-sharedreward_acq-mb6me4_echo-1_bold.nii.gz/copy_xform".
220226-02:06:55,887 nipype.workflow INFO:
	 [Node] Executing "copy_xform" <niworkflows.interfaces.utils.CopyXForm>
220226-02:06:57,82 nipype.workflow INFO:
	 [Node] Finished "slice_timing_correction", elapsed time 97.601387s.
220226-02:06:57,601 nipype.workflow INFO:
	 [Node] Setting-up "fmriprep_wf.single_subject_10003_wf.func_preproc_task_sharedreward_acq_mb3me4_echo_1_wf.bold_stc_wf.copy_xform" in "/scratch/fmriprep_wf/single_subject_10003_wf/func_preproc_task_sharedreward_acq_mb3me4_echo_1_wf/bold_stc_wf/_bold_file_..base..bids..sub-10003..func..sub-10003_task-sharedreward_acq-mb3me4_echo-2_bold.nii.gz/copy_xform".
220226-02:06:57,605 nipype.workflow INFO:
	 [Node] Executing "copy_xform" <niworkflows.interfaces.utils.CopyXForm>
220226-02:06:57,608 nipype.workflow INFO:
	 [Node] Setting-up "fmriprep_wf.single_subject_10003_wf.func_preproc_task_sharedreward_acq_mb3me1_wf.bold_stc_wf.copy_xform" in "/scratch/fmriprep_wf/single_subject_10003_wf/func_preproc_task_sharedreward_acq_mb3me1_wf/bold_stc_wf/copy_xform".
220226-02:06:57,617 nipype.workflow INFO:
	 [Node] Executing "copy_xform" <niworkflows.interfaces.utils.CopyXForm>
220226-02:06:59,473 nipype.workflow INFO:
	 [Node] Finished "slice_timing_correction", elapsed time 101.946877s.
220226-02:07:01,577 nipype.workflow INFO:
	 [Node] Setting-up "fmriprep_wf.single_subject_10003_wf.func_preproc_task_sharedreward_acq_mb6me1_wf.bold_stc_wf.copy_xform" in "/scratch/fmriprep_wf/single_subject_10003_wf/func_preproc_task_sharedreward_acq_mb6me1_wf/bold_stc_wf/copy_xform".
220226-02:07:01,598 nipype.workflow INFO:
	 [Node] Executing "copy_xform" <niworkflows.interfaces.utils.CopyXForm>
220226-02:07:03,12 nipype.workflow INFO:
	 [Node] Finished "slice_timing_correction", elapsed time 101.470072s.
220226-02:07:03,584 nipype.workflow INFO:
	 [Node] Setting-up "fmriprep_wf.single_subject_10003_wf.func_preproc_task_sharedreward_acq_mb6me4_echo_1_wf.bold_stc_wf.copy_xform" in "/scratch/fmriprep_wf/single_subject_10003_wf/func_preproc_task_sharedreward_acq_mb6me4_echo_1_wf/bold_stc_wf/_bold_file_..base..bids..sub-10003..func..sub-10003_task-sharedreward_acq-mb6me4_echo-3_bold.nii.gz/copy_xform".
220226-02:07:03,588 nipype.workflow INFO:
	 [Node] Executing "copy_xform" <niworkflows.interfaces.utils.CopyXForm>
220226-02:07:04,141 nipype.workflow INFO:
	 [Node] Finished "slice_timing_correction", elapsed time 100.708846s.
220226-02:07:04,340 nipype.workflow INFO:
	 [Node] Finished "slice_timing_correction", elapsed time 100.935528s.
220226-02:07:05,815 nipype.workflow INFO:
	 [Node] Setting-up "fmriprep_wf.single_subject_10003_wf.func_preproc_task_sharedreward_acq_mb3me4_echo_1_wf.bold_stc_wf.copy_xform" in "/scratch/fmriprep_wf/single_subject_10003_wf/func_preproc_task_sharedreward_acq_mb3me4_echo_1_wf/bold_stc_wf/_bold_file_..base..bids..sub-10003..func..sub-10003_task-sharedreward_acq-mb3me4_echo-4_bold.nii.gz/copy_xform".
220226-02:07:05,819 nipype.workflow INFO:
	 [Node] Executing "copy_xform" <niworkflows.interfaces.utils.CopyXForm>
220226-02:07:05,834 nipype.workflow INFO:
	 [Node] Setting-up "fmriprep_wf.single_subject_10003_wf.func_preproc_task_sharedreward_acq_mb3me4_echo_1_wf.bold_stc_wf.copy_xform" in "/scratch/fmriprep_wf/single_subject_10003_wf/func_preproc_task_sharedreward_acq_mb3me4_echo_1_wf/bold_stc_wf/_bold_file_..base..bids..sub-10003..func..sub-10003_task-sharedreward_acq-mb3me4_echo-3_bold.nii.gz/copy_xform".
220226-02:07:05,838 nipype.workflow INFO:
	 [Node] Executing "copy_xform" <niworkflows.interfaces.utils.CopyXForm>
220226-02:07:08,43 nipype.workflow INFO:
	 [Node] Finished "slice_timing_correction", elapsed time 106.496654s.
220226-02:07:09,768 nipype.workflow INFO:
	 [Node] Setting-up "fmriprep_wf.single_subject_10003_wf.func_preproc_task_sharedreward_acq_mb6me4_echo_1_wf.bold_stc_wf.copy_xform" in "/scratch/fmriprep_wf/single_subject_10003_wf/func_preproc_task_sharedreward_acq_mb6me4_echo_1_wf/bold_stc_wf/_bold_file_..base..bids..sub-10003..func..sub-10003_task-sharedreward_acq-mb6me4_echo-4_bold.nii.gz/copy_xform".
220226-02:07:09,772 nipype.workflow INFO:
	 [Node] Executing "copy_xform" <niworkflows.interfaces.utils.CopyXForm>
220226-02:07:09,822 nipype.workflow INFO:
	 [Node] Finished "slice_timing_correction", elapsed time 108.268031s.
220226-02:07:11,664 nipype.workflow INFO:
	 [Node] Setting-up "fmriprep_wf.single_subject_10003_wf.func_preproc_task_sharedreward_acq_mb6me4_echo_1_wf.bold_stc_wf.copy_xform" in "/scratch/fmriprep_wf/single_subject_10003_wf/func_preproc_task_sharedreward_acq_mb6me4_echo_1_wf/bold_stc_wf/_bold_file_..base..bids..sub-10003..func..sub-10003_task-sharedreward_acq-mb6me4_echo-2_bold.nii.gz/copy_xform".
220226-02:07:11,668 nipype.workflow INFO:
	 [Node] Executing "copy_xform" <niworkflows.interfaces.utils.CopyXForm>
220226-02:07:16,291 nipype.workflow INFO:
	 [Node] Finished "copy_xform", elapsed time 30.526977s.
220226-02:07:17,649 nipype.workflow INFO:
	 [Node] Setting-up "fmriprep_wf.single_subject_10003_wf.func_preproc_task_sharedreward_acq_mb3me4_echo_1_wf.bold_split" in "/scratch/fmriprep_wf/single_subject_10003_wf/func_preproc_task_sharedreward_acq_mb3me4_echo_1_wf/_bold_file_..base..bids..sub-10003..func..sub-10003_task-sharedreward_acq-mb3me4_echo-1_bold.nii.gz/bold_split".
220226-02:07:17,655 nipype.workflow INFO:
	 [Node] Executing "bold_split" <nipype.interfaces.fsl.utils.Split>
220226-02:07:19,86 nipype.workflow INFO:
	 [Node] Finished "copy_xform", elapsed time 21.455413s.
220226-02:07:19,446 nipype.workflow INFO:
	 [Node] Setting-up "fmriprep_wf.single_subject_10003_wf.func_preproc_task_sharedreward_acq_mb3me1_wf.bold_split" in "/scratch/fmriprep_wf/single_subject_10003_wf/func_preproc_task_sharedreward_acq_mb3me1_wf/bold_split".
220226-02:07:19,681 nipype.workflow INFO:
	 [Node] Executing "bold_split" <nipype.interfaces.fsl.utils.Split>
220226-02:07:27,533 nipype.workflow INFO:
	 [Node] Finished "copy_xform", elapsed time 29.926077s.
220226-02:07:29,495 nipype.workflow INFO:
	 [Node] Setting-up "fmriprep_wf.single_subject_10003_wf.func_preproc_task_sharedreward_acq_mb3me4_echo_1_wf.bold_split" in "/scratch/fmriprep_wf/single_subject_10003_wf/func_preproc_task_sharedreward_acq_mb3me4_echo_1_wf/_bold_file_..base..bids..sub-10003..func..sub-10003_task-sharedreward_acq-mb3me4_echo-2_bold.nii.gz/bold_split".
220226-02:07:29,653 nipype.workflow INFO:
	 [Node] Executing "bold_split" <nipype.interfaces.fsl.utils.Split>
220226-02:07:31,659 nipype.workflow INFO:
	 [Node] Finished "copy_xform", elapsed time 35.770993s.
220226-02:07:33,716 nipype.workflow INFO:
	 [Node] Setting-up "fmriprep_wf.single_subject_10003_wf.func_preproc_task_sharedreward_acq_mb6me4_echo_1_wf.bold_split" in "/scratch/fmriprep_wf/single_subject_10003_wf/func_preproc_task_sharedreward_acq_mb6me4_echo_1_wf/_bold_file_..base..bids..sub-10003..func..sub-10003_task-sharedreward_acq-mb6me4_echo-1_bold.nii.gz/bold_split".
220226-02:07:33,720 nipype.workflow INFO:
	 [Node] Executing "bold_split" <nipype.interfaces.fsl.utils.Split>
220226-02:07:39,943 nipype.workflow INFO:
	 [Node] Finished "copy_xform", elapsed time 30.169004s.
220226-02:07:41,53 nipype.workflow INFO:
	 [Node] Finished "copy_xform", elapsed time 37.463391s.
220226-02:07:41,444 nipype.workflow INFO:
	 [Node] Setting-up "fmriprep_wf.single_subject_10003_wf.func_preproc_task_sharedreward_acq_mb6me4_echo_1_wf.bold_split" in "/scratch/fmriprep_wf/single_subject_10003_wf/func_preproc_task_sharedreward_acq_mb6me4_echo_1_wf/_bold_file_..base..bids..sub-10003..func..sub-10003_task-sharedreward_acq-mb6me4_echo-4_bold.nii.gz/bold_split".
220226-02:07:41,447 nipype.workflow INFO:
	 [Node] Executing "bold_split" <nipype.interfaces.fsl.utils.Split>
220226-02:07:41,460 nipype.workflow INFO:
	 [Node] Setting-up "fmriprep_wf.single_subject_10003_wf.func_preproc_task_sharedreward_acq_mb6me4_echo_1_wf.bold_split" in "/scratch/fmriprep_wf/single_subject_10003_wf/func_preproc_task_sharedreward_acq_mb6me4_echo_1_wf/_bold_file_..base..bids..sub-10003..func..sub-10003_task-sharedreward_acq-mb6me4_echo-3_bold.nii.gz/bold_split".
220226-02:07:41,464 nipype.workflow INFO:
	 [Node] Executing "bold_split" <nipype.interfaces.fsl.utils.Split>
220226-02:07:42,18 nipype.workflow INFO:
	 [Node] Finished "copy_xform", elapsed time 36.182052s.
220226-02:07:42,355 nipype.workflow INFO:
	 [Node] Finished "copy_xform", elapsed time 40.755668s.
220226-02:07:42,977 nipype.workflow INFO:
	 [Node] Finished "copy_xform", elapsed time 31.3021s.
220226-02:07:43,434 nipype.workflow INFO:
	 [Node] Setting-up "fmriprep_wf.single_subject_10003_wf.func_preproc_task_sharedreward_acq_mb6me4_echo_1_wf.bold_split" in "/scratch/fmriprep_wf/single_subject_10003_wf/func_preproc_task_sharedreward_acq_mb6me4_echo_1_wf/_bold_file_..base..bids..sub-10003..func..sub-10003_task-sharedreward_acq-mb6me4_echo-2_bold.nii.gz/bold_split".
220226-02:07:43,436 nipype.workflow INFO:
	 [Node] Setting-up "fmriprep_wf.single_subject_10003_wf.func_preproc_task_sharedreward_acq_mb6me1_wf.bold_split" in "/scratch/fmriprep_wf/single_subject_10003_wf/func_preproc_task_sharedreward_acq_mb6me1_wf/bold_split".
220226-02:07:43,438 nipype.workflow INFO:
	 [Node] Executing "bold_split" <nipype.interfaces.fsl.utils.Split>
220226-02:07:43,438 nipype.workflow INFO:
	 [Node] Setting-up "fmriprep_wf.single_subject_10003_wf.func_preproc_task_sharedreward_acq_mb3me4_echo_1_wf.bold_split" in "/scratch/fmriprep_wf/single_subject_10003_wf/func_preproc_task_sharedreward_acq_mb3me4_echo_1_wf/_bold_file_..base..bids..sub-10003..func..sub-10003_task-sharedreward_acq-mb3me4_echo-4_bold.nii.gz/bold_split".
220226-02:07:43,439 nipype.workflow INFO:
	 [Node] Executing "bold_split" <nipype.interfaces.fsl.utils.Split>
220226-02:07:43,442 nipype.workflow INFO:
	 [Node] Executing "bold_split" <nipype.interfaces.fsl.utils.Split>
220226-02:07:44,745 nipype.workflow INFO:
	 [Node] Finished "copy_xform", elapsed time 38.898288s.
220226-02:07:44,974 nipype.workflow INFO:
	 [Node] Finished "mcflirt", elapsed time 147.684807s.
220226-02:07:45,717 nipype.workflow INFO:
	 [Node] Setting-up "fmriprep_wf.single_subject_10003_wf.func_preproc_task_sharedreward_acq_mb3me4_echo_1_wf.bold_split" in "/scratch/fmriprep_wf/single_subject_10003_wf/func_preproc_task_sharedreward_acq_mb3me4_echo_1_wf/_bold_file_..base..bids..sub-10003..func..sub-10003_task-sharedreward_acq-mb3me4_echo-3_bold.nii.gz/bold_split".
220226-02:07:45,720 nipype.workflow INFO:
	 [Node] Executing "bold_split" <nipype.interfaces.fsl.utils.Split>
220226-02:07:49,585 nipype.workflow INFO:
	 [Node] Setting-up "fmriprep_wf.single_subject_10003_wf.func_preproc_task_sharedreward_acq_mb1me1_wf.bold_hmc_wf.normalize_motion" in "/scratch/fmriprep_wf/single_subject_10003_wf/func_preproc_task_sharedreward_acq_mb1me1_wf/bold_hmc_wf/normalize_motion".
220226-02:07:49,616 nipype.workflow INFO:
	 [Node] Executing "normalize_motion" <niworkflows.interfaces.utils.NormalizeMotionParams>
220226-02:07:49,691 nipype.workflow INFO:
	 [Node] Finished "normalize_motion", elapsed time 0.073227s.
220226-02:07:52,88 nipype.workflow INFO:
	 [Node] Setting-up "fmriprep_wf.single_subject_10003_wf.func_preproc_task_sharedreward_acq_mb1me4_echo_1_wf.bold_stc_wf.slice_timing_correction" in "/scratch/fmriprep_wf/single_subject_10003_wf/func_preproc_task_sharedreward_acq_mb1me4_echo_1_wf/bold_stc_wf/_bold_file_..base..bids..sub-10003..func..sub-10003_task-sharedreward_acq-mb1me4_echo-4_bold.nii.gz/slice_timing_correction".
220226-02:07:52,94 nipype.workflow INFO:
	 [Node] Executing "slice_timing_correction" <nipype.interfaces.afni.preprocess.TShift>
220226-02:07:57,949 nipype.workflow INFO:
	 [Node] Finished "mcflirt", elapsed time 114.028972s.
220226-02:08:00,726 nipype.workflow INFO:
	 [Node] Setting-up "fmriprep_wf.single_subject_10003_wf.func_preproc_task_sharedreward_acq_mb1me4_echo_1_wf.bold_hmc_wf.normalize_motion" in "/scratch/fmriprep_wf/single_subject_10003_wf/func_preproc_task_sharedreward_acq_mb1me4_echo_1_wf/bold_hmc_wf/normalize_motion".
220226-02:08:00,798 nipype.workflow INFO:
	 [Node] Executing "normalize_motion" <niworkflows.interfaces.utils.NormalizeMotionParams>
220226-02:08:00,851 nipype.workflow INFO:
	 [Node] Finished "normalize_motion", elapsed time 0.051891s.
220226-02:08:02,692 nipype.workflow INFO:
	 [Node] Setting-up "fmriprep_wf.single_subject_10003_wf.func_preproc_task_sharedreward_acq_mb1me4_echo_1_wf.bold_confounds_wf.fdisp" in "/scratch/fmriprep_wf/single_subject_10003_wf/func_preproc_task_sharedreward_acq_mb1me4_echo_1_wf/bold_confounds_wf/fdisp".
220226-02:08:02,695 nipype.workflow INFO:
	 [Node] Executing "fdisp" <nipype.algorithms.confounds.FramewiseDisplacement>
220226-02:08:02,918 nipype.workflow INFO:
	 [Node] Finished "fdisp", elapsed time 0.221644s.
220226-02:08:04,112 nipype.workflow INFO:
	 [Node] Setting-up "fmriprep_wf.single_subject_10003_wf.func_preproc_task_sharedreward_acq_mb1me4_echo_1_wf.bold_stc_wf.slice_timing_correction" in "/scratch/fmriprep_wf/single_subject_10003_wf/func_preproc_task_sharedreward_acq_mb1me4_echo_1_wf/bold_stc_wf/_bold_file_..base..bids..sub-10003..func..sub-10003_task-sharedreward_acq-mb1me4_echo-3_bold.nii.gz/slice_timing_correction".
220226-02:08:04,117 nipype.workflow INFO:
	 [Node] Executing "slice_timing_correction" <nipype.interfaces.afni.preprocess.TShift>
220226-02:08:09,276 nipype.workflow INFO:
	 [Node] Finished "bold_split", elapsed time 51.617666s.
220226-02:08:10,173 nipype.workflow INFO:
	 [Node] Setting-up "fmriprep_wf.single_subject_10003_wf.func_preproc_task_sharedreward_acq_mb1me4_echo_1_wf.bold_stc_wf.slice_timing_correction" in "/scratch/fmriprep_wf/single_subject_10003_wf/func_preproc_task_sharedreward_acq_mb1me4_echo_1_wf/bold_stc_wf/_bold_file_..base..bids..sub-10003..func..sub-10003_task-sharedreward_acq-mb1me4_echo-2_bold.nii.gz/slice_timing_correction".
220226-02:08:10,192 nipype.workflow INFO:
	 [Node] Executing "slice_timing_correction" <nipype.interfaces.afni.preprocess.TShift>
220226-02:08:17,534 nipype.workflow INFO:
	 [Node] Finished "bold_split", elapsed time 57.849808s.
220226-02:08:20,144 nipype.workflow INFO:
	 [Node] Setting-up "fmriprep_wf.single_subject_10003_wf.func_preproc_task_sharedreward_acq_mb3me1_wf.bold_std_trans_wf.gen_ref" in "/scratch/fmriprep_wf/single_subject_10003_wf/func_preproc_task_sharedreward_acq_mb3me1_wf/bold_std_trans_wf/_std_target_MNI152NLin2009cAsym.resnative/gen_ref".
220226-02:08:20,206 nipype.workflow INFO:
	 [Node] Executing "gen_ref" <niworkflows.interfaces.utils.GenerateSamplingReference>
220226-02:08:20,864 nipype.workflow INFO:
	 [Node] Finished "gen_ref", elapsed time 0.651877s.
220226-02:08:22,50 nipype.workflow INFO:
	 [Node] Setting-up "fmriprep_wf.single_subject_10003_wf.func_preproc_task_sharedreward_acq_mb1me4_echo_1_wf.bold_stc_wf.slice_timing_correction" in "/scratch/fmriprep_wf/single_subject_10003_wf/func_preproc_task_sharedreward_acq_mb1me4_echo_1_wf/bold_stc_wf/_bold_file_..base..bids..sub-10003..func..sub-10003_task-sharedreward_acq-mb1me4_echo-1_bold.nii.gz/slice_timing_correction".
220226-02:08:22,55 nipype.workflow INFO:
	 [Node] Executing "slice_timing_correction" <nipype.interfaces.afni.preprocess.TShift>
220226-02:08:25,17 nipype.workflow INFO:
	 [Node] Finished "bold_split", elapsed time 51.294591s.
220226-02:08:28,152 nipype.workflow INFO:
	 [Node] Setting-up "fmriprep_wf.single_subject_10003_wf.func_preproc_task_sharedreward_acq_mb1me1_wf.bold_confounds_wf.fdisp" in "/scratch/fmriprep_wf/single_subject_10003_wf/func_preproc_task_sharedreward_acq_mb1me1_wf/bold_confounds_wf/fdisp".
220226-02:08:28,157 nipype.workflow INFO:
	 [Node] Executing "fdisp" <nipype.algorithms.confounds.FramewiseDisplacement>
220226-02:08:28,254 nipype.workflow INFO:
	 [Node] Finished "fdisp", elapsed time 0.095642s.
220226-02:08:29,864 nipype.workflow INFO:
	 [Node] Finished "bold_split", elapsed time 60.209187s.
220226-02:08:30,649 nipype.workflow INFO:
	 [Node] Setting-up "fmriprep_wf.single_subject_10003_wf.func_preproc_task_sharedreward_acq_mb1me1_wf.bold_stc_wf.copy_xform" in "/scratch/fmriprep_wf/single_subject_10003_wf/func_preproc_task_sharedreward_acq_mb1me1_wf/bold_stc_wf/copy_xform".
220226-02:08:30,662 nipype.workflow INFO:
	 [Node] Setting-up "fmriprep_wf.single_subject_10003_wf.anat_preproc_wf.brain_extraction_wf.mrg_tmpl" in "/scratch/fmriprep_wf/single_subject_10003_wf/anat_preproc_wf/brain_extraction_wf/mrg_tmpl".
220226-02:08:30,716 nipype.workflow INFO:
	 [Node] Executing "copy_xform" <niworkflows.interfaces.utils.CopyXForm>
220226-02:08:30,760 nipype.workflow INFO:
	 [Node] Finished "slice_timing_correction", elapsed time 38.664368s.
220226-02:08:30,862 nipype.workflow INFO:
	 [Node] Executing "mrg_tmpl" <nipype.interfaces.utility.base.Merge>
220226-02:08:30,864 nipype.workflow INFO:
	 [Node] Finished "mrg_tmpl", elapsed time 0.000363s.
220226-02:08:30,926 nipype.workflow INFO:
	 [Node] Finished "slice_timing_correction", elapsed time 26.805633s.
220226-02:08:32,572 nipype.workflow INFO:
	 [Node] Setting-up "fmriprep_wf.single_subject_10003_wf.func_preproc_task_sharedreward_acq_mb1me4_echo_1_wf.bold_stc_wf.copy_xform" in "/scratch/fmriprep_wf/single_subject_10003_wf/func_preproc_task_sharedreward_acq_mb1me4_echo_1_wf/bold_stc_wf/_bold_file_..base..bids..sub-10003..func..sub-10003_task-sharedreward_acq-mb1me4_echo-4_bold.nii.gz/copy_xform".
220226-02:08:32,577 nipype.workflow INFO:
	 [Node] Executing "copy_xform" <niworkflows.interfaces.utils.CopyXForm>
220226-02:08:32,598 nipype.workflow INFO:
	 [Node] Setting-up "_truncate_images0" in "/scratch/fmriprep_wf/single_subject_10003_wf/anat_preproc_wf/brain_extraction_wf/truncate_images/mapflow/_truncate_images0".
220226-02:08:32,600 nipype.workflow INFO:
	 [Node] Executing "_truncate_images0" <nipype.interfaces.ants.utils.ImageMath>
220226-02:08:35,408 nipype.workflow INFO:
	 [Node] Setting-up "fmriprep_wf.single_subject_10003_wf.func_preproc_task_sharedreward_acq_mb1me4_echo_1_wf.bold_stc_wf.copy_xform" in "/scratch/fmriprep_wf/single_subject_10003_wf/func_preproc_task_sharedreward_acq_mb1me4_echo_1_wf/bold_stc_wf/_bold_file_..base..bids..sub-10003..func..sub-10003_task-sharedreward_acq-mb1me4_echo-3_bold.nii.gz/copy_xform".
220226-02:08:35,412 nipype.workflow INFO:
	 [Node] Executing "copy_xform" <niworkflows.interfaces.utils.CopyXForm>
220226-02:08:35,734 nipype.workflow INFO:
	 [Node] Finished "init_aff", elapsed time 198.29414s.
220226-02:08:36,482 nipype.workflow INFO:
	 [Node] Finished "slice_timing_correction", elapsed time 26.278461s.
220226-02:08:36,570 nipype.workflow INFO:
	 [Node] Setting-up "fmriprep_wf.single_subject_10003_wf.func_preproc_task_sharedreward_acq_mb3me4_echo_1_wf.initial_boldref_wf.enhance_and_skullstrip_bold_wf.init_aff" in "/scratch/fmriprep_wf/single_subject_10003_wf/func_preproc_task_sharedreward_acq_mb3me4_echo_1_wf/initial_boldref_wf/enhance_and_skullstrip_bold_wf/init_aff".
220226-02:08:36,637 nipype.workflow INFO:
	 [Node] Executing "init_aff" <nipype.interfaces.ants.utils.AI>
220226-02:08:38,733 nipype.workflow INFO:
	 [Node] Setting-up "fmriprep_wf.single_subject_10003_wf.func_preproc_task_sharedreward_acq_mb1me4_echo_1_wf.bold_stc_wf.copy_xform" in "/scratch/fmriprep_wf/single_subject_10003_wf/func_preproc_task_sharedreward_acq_mb1me4_echo_1_wf/bold_stc_wf/_bold_file_..base..bids..sub-10003..func..sub-10003_task-sharedreward_acq-mb1me4_echo-2_bold.nii.gz/copy_xform".
220226-02:08:38,737 nipype.workflow INFO:
	 [Node] Executing "copy_xform" <niworkflows.interfaces.utils.CopyXForm>
220226-02:08:42,198 nipype.workflow INFO:
	 [Node] Finished "copy_xform", elapsed time 9.61677s.
220226-02:08:44,537 nipype.workflow INFO:
	 [Node] Setting-up "fmriprep_wf.single_subject_10003_wf.func_preproc_task_sharedreward_acq_mb1me4_echo_1_wf.bold_split" in "/scratch/fmriprep_wf/single_subject_10003_wf/func_preproc_task_sharedreward_acq_mb1me4_echo_1_wf/_bold_file_..base..bids..sub-10003..func..sub-10003_task-sharedreward_acq-mb1me4_echo-4_bold.nii.gz/bold_split".
220226-02:08:44,544 nipype.workflow INFO:
	 [Node] Executing "bold_split" <nipype.interfaces.fsl.utils.Split>
220226-02:08:45,782 nipype.workflow INFO:
	 [Node] Finished "copy_xform", elapsed time 10.36931s.
220226-02:08:46,572 nipype.workflow INFO:
	 [Node] Setting-up "fmriprep_wf.single_subject_10003_wf.func_preproc_task_sharedreward_acq_mb1me4_echo_1_wf.bold_split" in "/scratch/fmriprep_wf/single_subject_10003_wf/func_preproc_task_sharedreward_acq_mb1me4_echo_1_wf/_bold_file_..base..bids..sub-10003..func..sub-10003_task-sharedreward_acq-mb1me4_echo-3_bold.nii.gz/bold_split".
220226-02:08:46,575 nipype.workflow INFO:
	 [Node] Executing "bold_split" <nipype.interfaces.fsl.utils.Split>
220226-02:08:47,439 nipype.workflow INFO:
	 [Node] Finished "copy_xform", elapsed time 16.719663s.
220226-02:08:48,386 nipype.workflow INFO:
	 [Node] Setting-up "fmriprep_wf.single_subject_10003_wf.func_preproc_task_sharedreward_acq_mb1me1_wf.bold_split" in "/scratch/fmriprep_wf/single_subject_10003_wf/func_preproc_task_sharedreward_acq_mb1me1_wf/bold_split".
220226-02:08:48,389 nipype.workflow INFO:
	 [Node] Executing "bold_split" <nipype.interfaces.fsl.utils.Split>
220226-02:08:49,382 nipype.workflow INFO:
	 [Node] Finished "slice_timing_correction", elapsed time 27.325391s.
220226-02:08:50,560 nipype.workflow INFO:
	 [Node] Setting-up "fmriprep_wf.single_subject_10003_wf.func_preproc_task_sharedreward_acq_mb1me4_echo_1_wf.bold_stc_wf.copy_xform" in "/scratch/fmriprep_wf/single_subject_10003_wf/func_preproc_task_sharedreward_acq_mb1me4_echo_1_wf/bold_stc_wf/_bold_file_..base..bids..sub-10003..func..sub-10003_task-sharedreward_acq-mb1me4_echo-1_bold.nii.gz/copy_xform".
220226-02:08:50,565 nipype.workflow INFO:
	 [Node] Executing "copy_xform" <niworkflows.interfaces.utils.CopyXForm>
220226-02:08:50,908 nipype.workflow INFO:
	 [Node] Finished "_truncate_images0", elapsed time 17.459159s.
220226-02:08:51,233 nipype.workflow INFO:
	 [Node] Finished "copy_xform", elapsed time 12.494718s.
220226-02:08:51,378 nipype.workflow INFO:
	 [Node] Finished "bold_split", elapsed time 69.928811s.
220226-02:08:52,495 nipype.workflow INFO:
	 [Node] Setting-up "fmriprep_wf.single_subject_10003_wf.func_preproc_task_sharedreward_acq_mb1me4_echo_1_wf.bold_split" in "/scratch/fmriprep_wf/single_subject_10003_wf/func_preproc_task_sharedreward_acq_mb1me4_echo_1_wf/_bold_file_..base..bids..sub-10003..func..sub-10003_task-sharedreward_acq-mb1me4_echo-2_bold.nii.gz/bold_split".
220226-02:08:52,498 nipype.workflow INFO:
	 [Node] Executing "bold_split" <nipype.interfaces.fsl.utils.Split>
220226-02:08:52,527 nipype.workflow INFO:
	 [Node] Finished "bold_split", elapsed time 71.061334s.
220226-02:08:52,773 nipype.workflow INFO:
	 [Node] Finished "bold_split", elapsed time 69.332423s.
220226-02:08:52,897 nipype.workflow INFO:
	 [Node] Finished "bold_split", elapsed time 69.458049s.
220226-02:08:53,164 nipype.workflow INFO:
	 [Node] Finished "bold_split", elapsed time 69.720709s.
220226-02:08:54,426 nipype.workflow INFO:
	 [Node] Setting-up "fmriprep_wf.single_subject_10003_wf.func_preproc_task_sharedreward_acq_mb6me1_wf.bold_std_trans_wf.gen_ref" in "/scratch/fmriprep_wf/single_subject_10003_wf/func_preproc_task_sharedreward_acq_mb6me1_wf/bold_std_trans_wf/_std_target_MNI152NLin2009cAsym.resnative/gen_ref".
220226-02:08:54,580 nipype.workflow INFO:
	 [Node] Executing "gen_ref" <niworkflows.interfaces.utils.GenerateSamplingReference>
220226-02:08:54,935 nipype.workflow INFO:
	 [Node] Finished "gen_ref", elapsed time 0.348521s.
220226-02:08:55,97 nipype.workflow INFO:
	 [Node] Finished "bold_split", elapsed time 69.375611s.
220226-02:08:59,42 nipype.workflow INFO:
	 [Node] Finished "copy_xform", elapsed time 8.475681s.
220226-02:09:00,539 nipype.workflow INFO:
	 [Node] Setting-up "fmriprep_wf.single_subject_10003_wf.func_preproc_task_sharedreward_acq_mb1me4_echo_1_wf.bold_hmc_wf.fsl2itk" in "/scratch/fmriprep_wf/single_subject_10003_wf/func_preproc_task_sharedreward_acq_mb1me4_echo_1_wf/bold_hmc_wf/fsl2itk".
220226-02:09:00,665 nipype.workflow INFO:
	 [Node] Executing "fsl2itk" <niworkflows.interfaces.itk.MCFLIRT2ITK>
220226-02:09:00,847 nipype.workflow INFO:
	 [Node] Finished "bold_split", elapsed time 14.269826s.
220226-02:09:01,464 nipype.workflow INFO:
	 [Node] Finished "bold_split", elapsed time 16.917529000000002s.
220226-02:09:02,541 nipype.workflow INFO:
	 [Node] Setting-up "fmriprep_wf.single_subject_10003_wf.func_preproc_task_sharedreward_acq_mb1me4_echo_1_wf.bold_split" in "/scratch/fmriprep_wf/single_subject_10003_wf/func_preproc_task_sharedreward_acq_mb1me4_echo_1_wf/_bold_file_..base..bids..sub-10003..func..sub-10003_task-sharedreward_acq-mb1me4_echo-1_bold.nii.gz/bold_split".
220226-02:09:02,548 nipype.workflow INFO:
	 [Node] Executing "bold_split" <nipype.interfaces.fsl.utils.Split>
220226-02:09:06,7 nipype.workflow INFO:
	 [Node] Finished "bold_split", elapsed time 13.506982s.
220226-02:09:06,819 nipype.workflow INFO:
	 [Node] Finished "bold_split", elapsed time 18.428407s.
220226-02:09:08,144 nipype.workflow INFO:
	 [Node] Finished "init_aff", elapsed time 228.334064s.
220226-02:09:08,511 nipype.workflow INFO:
	 [Node] Setting-up "fmriprep_wf.single_subject_10003_wf.func_preproc_task_sharedreward_acq_mb1me1_wf.bold_std_trans_wf.gen_ref" in "/scratch/fmriprep_wf/single_subject_10003_wf/func_preproc_task_sharedreward_acq_mb1me1_wf/bold_std_trans_wf/_std_target_MNI152NLin2009cAsym.resnative/gen_ref".
220226-02:09:08,617 nipype.workflow INFO:
	 [Node] Executing "gen_ref" <niworkflows.interfaces.utils.GenerateSamplingReference>
220226-02:09:08,842 nipype.workflow INFO:
	 [Node] Finished "gen_ref", elapsed time 0.22362s.
220226-02:09:10,569 nipype.workflow INFO:
	 [Node] Setting-up "fmriprep_wf.single_subject_10003_wf.func_preproc_task_sharedreward_acq_mb3me1_wf.initial_boldref_wf.enhance_and_skullstrip_bold_wf.norm" in "/scratch/fmriprep_wf/single_subject_10003_wf/func_preproc_task_sharedreward_acq_mb3me1_wf/initial_boldref_wf/enhance_and_skullstrip_bold_wf/norm".
220226-02:09:10,695 nipype.workflow INFO:
	 [Node] Executing "norm" <niworkflows.interfaces.fixes.FixHeaderRegistration>
220226-02:09:13,807 nipype.workflow INFO:
	 [Node] Finished "norm", elapsed time 2.762196s.
220226-02:09:14,346 nipype.workflow INFO:
	 [Node] Finished "bold_split", elapsed time 11.79682s.
220226-02:09:14,439 nipype.workflow INFO:
	 [Node] Setting-up "fmriprep_wf.single_subject_10003_wf.func_preproc_task_sharedreward_acq_mb3me1_wf.initial_boldref_wf.enhance_and_skullstrip_bold_wf.map_brainmask" in "/scratch/fmriprep_wf/single_subject_10003_wf/func_preproc_task_sharedreward_acq_mb3me1_wf/initial_boldref_wf/enhance_and_skullstrip_bold_wf/map_brainmask".
220226-02:09:14,442 nipype.workflow INFO:
	 [Node] Setting-up "fmriprep_wf.single_subject_10003_wf.func_preproc_task_sharedreward_acq_mb1me4_echo_1_wf.initial_boldref_wf.enhance_and_skullstrip_bold_wf.init_aff" in "/scratch/fmriprep_wf/single_subject_10003_wf/func_preproc_task_sharedreward_acq_mb1me4_echo_1_wf/initial_boldref_wf/enhance_and_skullstrip_bold_wf/init_aff".
220226-02:09:14,448 nipype.workflow INFO:
	 [Node] Executing "init_aff" <nipype.interfaces.ants.utils.AI>
220226-02:09:14,462 nipype.workflow INFO:
	 [Node] Executing "map_brainmask" <niworkflows.interfaces.fixes.FixHeaderApplyTransforms>
220226-02:09:17,652 nipype.workflow INFO:
	 [Node] Finished "map_brainmask", elapsed time 2.615951s.
220226-02:09:18,403 nipype.workflow INFO:
	 [Node] Setting-up "fmriprep_wf.single_subject_10003_wf.func_preproc_task_sharedreward_acq_mb3me1_wf.initial_boldref_wf.enhance_and_skullstrip_bold_wf.binarize_mask" in "/scratch/fmriprep_wf/single_subject_10003_wf/func_preproc_task_sharedreward_acq_mb3me1_wf/initial_boldref_wf/enhance_and_skullstrip_bold_wf/binarize_mask".
220226-02:09:18,407 nipype.workflow INFO:
	 [Node] Executing "binarize_mask" <niworkflows.interfaces.nibabel.Binarize>
220226-02:09:18,498 nipype.workflow INFO:
	 [Node] Finished "binarize_mask", elapsed time 0.089467s.
220226-02:09:20,400 nipype.workflow INFO:
	 [Node] Setting-up "fmriprep_wf.single_subject_10003_wf.func_preproc_task_sharedreward_acq_mb3me1_wf.initial_boldref_wf.enhance_and_skullstrip_bold_wf.pre_mask_dilate" in "/scratch/fmriprep_wf/single_subject_10003_wf/func_preproc_task_sharedreward_acq_mb3me1_wf/initial_boldref_wf/enhance_and_skullstrip_bold_wf/pre_mask_dilate".
220226-02:09:20,407 nipype.workflow INFO:
	 [Node] Executing "pre_mask_dilate" <nipype.interfaces.fsl.maths.DilateImage>
220226-02:09:20,466 nipype.workflow INFO:
	 [Node] Finished "init_aff", elapsed time 240.771418s.
220226-02:09:20,611 nipype.workflow INFO:
	 [Node] Finished "init_aff", elapsed time 243.306529s.
220226-02:09:21,308 nipype.workflow INFO:
	 [Node] Finished "pre_mask_dilate", elapsed time 0.898936s.
220226-02:09:22,421 nipype.workflow INFO:
	 [Node] Setting-up "fmriprep_wf.single_subject_10003_wf.func_preproc_task_sharedreward_acq_mb6me4_echo_1_wf.initial_boldref_wf.enhance_and_skullstrip_bold_wf.norm" in "/scratch/fmriprep_wf/single_subject_10003_wf/func_preproc_task_sharedreward_acq_mb6me4_echo_1_wf/initial_boldref_wf/enhance_and_skullstrip_bold_wf/norm".
220226-02:09:22,427 nipype.workflow INFO:
	 [Node] Setting-up "fmriprep_wf.single_subject_10003_wf.func_preproc_task_sharedreward_acq_mb6me1_wf.initial_boldref_wf.enhance_and_skullstrip_bold_wf.norm" in "/scratch/fmriprep_wf/single_subject_10003_wf/func_preproc_task_sharedreward_acq_mb6me1_wf/initial_boldref_wf/enhance_and_skullstrip_bold_wf/norm".
220226-02:09:22,788 nipype.workflow INFO:
	 [Node] Executing "norm" <niworkflows.interfaces.fixes.FixHeaderRegistration>
220226-02:09:22,789 nipype.workflow INFO:
	 [Node] Executing "norm" <niworkflows.interfaces.fixes.FixHeaderRegistration>
220226-02:09:24,406 nipype.workflow INFO:
	 [Node] Setting-up "fmriprep_wf.single_subject_10003_wf.func_preproc_task_sharedreward_acq_mb3me1_wf.initial_boldref_wf.enhance_and_skullstrip_bold_wf.n4_correct" in "/scratch/fmriprep_wf/single_subject_10003_wf/func_preproc_task_sharedreward_acq_mb3me1_wf/initial_boldref_wf/enhance_and_skullstrip_bold_wf/n4_correct".
220226-02:09:24,424 nipype.workflow INFO:
	 [Node] Executing "n4_correct" <niworkflows.interfaces.fixes.FixN4BiasFieldCorrection>
220226-02:09:27,153 nipype.workflow INFO:
	 [Node] Finished "mcflirt", elapsed time 247.789289s.
220226-02:09:28,837 nipype.workflow INFO:
	 [Node] Setting-up "fmriprep_wf.single_subject_10003_wf.func_preproc_task_sharedreward_acq_mb3me1_wf.bold_hmc_wf.normalize_motion" in "/scratch/fmriprep_wf/single_subject_10003_wf/func_preproc_task_sharedreward_acq_mb3me1_wf/bold_hmc_wf/normalize_motion".
220226-02:09:28,874 nipype.workflow INFO:
	 [Node] Executing "normalize_motion" <niworkflows.interfaces.utils.NormalizeMotionParams>
220226-02:09:29,66 nipype.workflow INFO:
	 [Node] Finished "normalize_motion", elapsed time 0.190565s.
220226-02:09:30,747 nipype.workflow INFO:
	 [Node] Setting-up "fmriprep_wf.single_subject_10003_wf.func_preproc_task_sharedreward_acq_mb3me1_wf.bold_confounds_wf.fdisp" in "/scratch/fmriprep_wf/single_subject_10003_wf/func_preproc_task_sharedreward_acq_mb3me1_wf/bold_confounds_wf/fdisp".
220226-02:09:30,751 nipype.workflow INFO:
	 [Node] Executing "fdisp" <nipype.algorithms.confounds.FramewiseDisplacement>
220226-02:09:30,878 nipype.workflow INFO:
	 [Node] Finished "fdisp", elapsed time 0.122797s.
220226-02:09:31,129 nipype.workflow INFO:
	 [Node] Finished "n4_correct", elapsed time 6.288913s.
220226-02:09:32,430 nipype.workflow INFO:
	 [Node] Setting-up "fmriprep_wf.single_subject_10003_wf.func_preproc_task_sharedreward_acq_mb3me1_wf.initial_boldref_wf.enhance_and_skullstrip_bold_wf.skullstrip_first_pass" in "/scratch/fmriprep_wf/single_subject_10003_wf/func_preproc_task_sharedreward_acq_mb3me1_wf/initial_boldref_wf/enhance_and_skullstrip_bold_wf/skullstrip_first_pass".
220226-02:09:32,434 nipype.workflow INFO:
	 [Node] Executing "skullstrip_first_pass" <nipype.interfaces.fsl.preprocess.BET>
220226-02:09:34,656 nipype.workflow INFO:
	 [Node] Finished "norm", elapsed time 11.478223s.
220226-02:09:34,681 nipype.workflow INFO:
	 [Node] Finished "norm", elapsed time 11.472084s.
220226-02:09:35,876 nipype.workflow INFO:
	 [Node] Finished "skullstrip_first_pass", elapsed time 3.4405s.
220226-02:09:36,334 nipype.workflow INFO:
	 [Node] Finished "mcflirt", elapsed time 257.069051s.
220226-02:09:36,429 nipype.workflow INFO:
	 [Node] Setting-up "fmriprep_wf.single_subject_10003_wf.func_preproc_task_sharedreward_acq_mb6me4_echo_1_wf.initial_boldref_wf.enhance_and_skullstrip_bold_wf.map_brainmask" in "/scratch/fmriprep_wf/single_subject_10003_wf/func_preproc_task_sharedreward_acq_mb6me4_echo_1_wf/initial_boldref_wf/enhance_and_skullstrip_bold_wf/map_brainmask".
220226-02:09:36,432 nipype.workflow INFO:
	 [Node] Setting-up "fmriprep_wf.single_subject_10003_wf.func_preproc_task_sharedreward_acq_mb6me1_wf.initial_boldref_wf.enhance_and_skullstrip_bold_wf.map_brainmask" in "/scratch/fmriprep_wf/single_subject_10003_wf/func_preproc_task_sharedreward_acq_mb6me1_wf/initial_boldref_wf/enhance_and_skullstrip_bold_wf/map_brainmask".
220226-02:09:36,435 nipype.workflow INFO:
	 [Node] Executing "map_brainmask" <niworkflows.interfaces.fixes.FixHeaderApplyTransforms>
220226-02:09:36,437 nipype.workflow INFO:
	 [Node] Executing "map_brainmask" <niworkflows.interfaces.fixes.FixHeaderApplyTransforms>
220226-02:09:36,439 nipype.workflow INFO:
	 [Node] Setting-up "fmriprep_wf.single_subject_10003_wf.func_preproc_task_sharedreward_acq_mb3me1_wf.bold_hmc_wf.fsl2itk" in "/scratch/fmriprep_wf/single_subject_10003_wf/func_preproc_task_sharedreward_acq_mb3me1_wf/bold_hmc_wf/fsl2itk".
220226-02:09:36,440 nipype.workflow INFO:
	 [Node] Setting-up "fmriprep_wf.single_subject_10003_wf.func_preproc_task_sharedreward_acq_mb3me1_wf.initial_boldref_wf.enhance_and_skullstrip_bold_wf.skullstrip_first_dilate" in "/scratch/fmriprep_wf/single_subject_10003_wf/func_preproc_task_sharedreward_acq_mb3me1_wf/initial_boldref_wf/enhance_and_skullstrip_bold_wf/skullstrip_first_dilate".
220226-02:09:36,444 nipype.workflow INFO:
	 [Node] Executing "skullstrip_first_dilate" <nipype.interfaces.fsl.maths.DilateImage>
220226-02:09:36,445 nipype.workflow INFO:
	 [Node] Setting-up "fmriprep_wf.single_subject_10003_wf.func_preproc_task_sharedreward_acq_mb1me1_wf.bold_hmc_wf.fsl2itk" in "/scratch/fmriprep_wf/single_subject_10003_wf/func_preproc_task_sharedreward_acq_mb1me1_wf/bold_hmc_wf/fsl2itk".
220226-02:09:36,558 nipype.workflow INFO:
	 [Node] Executing "fsl2itk" <niworkflows.interfaces.itk.MCFLIRT2ITK>
220226-02:09:36,634 nipype.workflow INFO:
	 [Node] Executing "fsl2itk" <niworkflows.interfaces.itk.MCFLIRT2ITK>
220226-02:09:38,441 nipype.workflow INFO:
	 [Node] Finished "skullstrip_first_dilate", elapsed time 1.995371s.
220226-02:09:38,762 nipype.workflow INFO:
	 [Node] Setting-up "fmriprep_wf.single_subject_10003_wf.func_preproc_task_sharedreward_acq_mb6me4_echo_1_wf.bold_hmc_wf.normalize_motion" in "/scratch/fmriprep_wf/single_subject_10003_wf/func_preproc_task_sharedreward_acq_mb6me4_echo_1_wf/bold_hmc_wf/normalize_motion".
220226-02:09:38,800 nipype.workflow INFO:
	 [Node] Executing "normalize_motion" <niworkflows.interfaces.utils.NormalizeMotionParams>
220226-02:09:39,46 nipype.workflow INFO:
	 [Node] Finished "normalize_motion", elapsed time 0.244215s.
220226-02:09:39,49 nipype.workflow INFO:
	 [Node] Finished "map_brainmask", elapsed time 2.168637s.
220226-02:09:39,56 nipype.workflow INFO:
	 [Node] Finished "map_brainmask", elapsed time 2.094992s.
220226-02:09:40,694 nipype.workflow INFO:
	 [Node] Setting-up "fmriprep_wf.single_subject_10003_wf.func_preproc_task_sharedreward_acq_mb6me4_echo_1_wf.bold_confounds_wf.fdisp" in "/scratch/fmriprep_wf/single_subject_10003_wf/func_preproc_task_sharedreward_acq_mb6me4_echo_1_wf/bold_confounds_wf/fdisp".
220226-02:09:40,699 nipype.workflow INFO:
	 [Node] Executing "fdisp" <nipype.algorithms.confounds.FramewiseDisplacement>
220226-02:09:40,701 nipype.workflow INFO:
	 [Node] Setting-up "fmriprep_wf.single_subject_10003_wf.func_preproc_task_sharedreward_acq_mb3me1_wf.initial_boldref_wf.enhance_and_skullstrip_bold_wf.skullstrip_first_mask" in "/scratch/fmriprep_wf/single_subject_10003_wf/func_preproc_task_sharedreward_acq_mb3me1_wf/initial_boldref_wf/enhance_and_skullstrip_bold_wf/skullstrip_first_mask".
220226-02:09:40,706 nipype.workflow INFO:
	 [Node] Executing "skullstrip_first_mask" <nipype.interfaces.fsl.maths.ApplyMask>
220226-02:09:40,716 nipype.workflow INFO:
	 [Node] Setting-up "fmriprep_wf.single_subject_10003_wf.func_preproc_task_sharedreward_acq_mb6me1_wf.initial_boldref_wf.enhance_and_skullstrip_bold_wf.binarize_mask" in "/scratch/fmriprep_wf/single_subject_10003_wf/func_preproc_task_sharedreward_acq_mb6me1_wf/initial_boldref_wf/enhance_and_skullstrip_bold_wf/binarize_mask".
220226-02:09:40,721 nipype.workflow INFO:
	 [Node] Executing "binarize_mask" <niworkflows.interfaces.nibabel.Binarize>
220226-02:09:40,816 nipype.workflow INFO:
	 [Node] Finished "fdisp", elapsed time 0.115603s.
220226-02:09:40,853 nipype.workflow INFO:
	 [Node] Finished "binarize_mask", elapsed time 0.129558s.
220226-02:09:40,931 nipype.workflow INFO:
	 [Node] Finished "skullstrip_first_mask", elapsed time 0.223156s.
220226-02:09:42,403 nipype.workflow INFO:
	 [Node] Setting-up "fmriprep_wf.single_subject_10003_wf.func_preproc_task_sharedreward_acq_mb6me4_echo_1_wf.initial_boldref_wf.enhance_and_skullstrip_bold_wf.binarize_mask" in "/scratch/fmriprep_wf/single_subject_10003_wf/func_preproc_task_sharedreward_acq_mb6me4_echo_1_wf/initial_boldref_wf/enhance_and_skullstrip_bold_wf/binarize_mask".
220226-02:09:42,407 nipype.workflow INFO:
	 [Node] Executing "binarize_mask" <niworkflows.interfaces.nibabel.Binarize>
220226-02:09:42,443 nipype.workflow INFO:
	 [Node] Setting-up "fmriprep_wf.single_subject_10003_wf.func_preproc_task_sharedreward_acq_mb6me1_wf.initial_boldref_wf.enhance_and_skullstrip_bold_wf.pre_mask_dilate" in "/scratch/fmriprep_wf/single_subject_10003_wf/func_preproc_task_sharedreward_acq_mb6me1_wf/initial_boldref_wf/enhance_and_skullstrip_bold_wf/pre_mask_dilate".
220226-02:09:42,443 nipype.workflow INFO:
	 [Node] Setting-up "fmriprep_wf.single_subject_10003_wf.func_preproc_task_sharedreward_acq_mb3me1_wf.initial_boldref_wf.enhance_and_skullstrip_bold_wf.unifize" in "/scratch/fmriprep_wf/single_subject_10003_wf/func_preproc_task_sharedreward_acq_mb3me1_wf/initial_boldref_wf/enhance_and_skullstrip_bold_wf/unifize".
220226-02:09:42,451 nipype.workflow INFO:
	 [Node] Executing "pre_mask_dilate" <nipype.interfaces.fsl.maths.DilateImage>
220226-02:09:42,482 nipype.workflow INFO:
	 [Node] Finished "binarize_mask", elapsed time 0.074247s.
220226-02:09:42,596 nipype.workflow INFO:
	 [Node] Executing "unifize" <nipype.interfaces.afni.utils.Unifize>
220226-02:09:43,256 nipype.workflow INFO:
	 [Node] Finished "pre_mask_dilate", elapsed time 0.803954s.
220226-02:09:44,416 nipype.workflow INFO:
	 [Node] Setting-up "fmriprep_wf.single_subject_10003_wf.func_preproc_task_sharedreward_acq_mb6me4_echo_1_wf.initial_boldref_wf.enhance_and_skullstrip_bold_wf.pre_mask_dilate" in "/scratch/fmriprep_wf/single_subject_10003_wf/func_preproc_task_sharedreward_acq_mb6me4_echo_1_wf/initial_boldref_wf/enhance_and_skullstrip_bold_wf/pre_mask_dilate".
220226-02:09:44,423 nipype.workflow INFO:
	 [Node] Executing "pre_mask_dilate" <nipype.interfaces.fsl.maths.DilateImage>
220226-02:09:44,968 nipype.workflow INFO:
	 [Node] Finished "mcflirt", elapsed time 263.41622s.
220226-02:09:45,388 nipype.workflow INFO:
	 [Node] Finished "pre_mask_dilate", elapsed time 0.963005s.
220226-02:09:46,690 nipype.workflow INFO:
	 [Node] Finished "unifize", elapsed time 4.092788s.
220226-02:09:46,797 nipype.workflow INFO:
	 [Node] Setting-up "fmriprep_wf.single_subject_10003_wf.func_preproc_task_sharedreward_acq_mb6me1_wf.initial_boldref_wf.enhance_and_skullstrip_bold_wf.n4_correct" in "/scratch/fmriprep_wf/single_subject_10003_wf/func_preproc_task_sharedreward_acq_mb6me1_wf/initial_boldref_wf/enhance_and_skullstrip_bold_wf/n4_correct".
220226-02:09:46,804 nipype.workflow INFO:
	 [Node] Executing "n4_correct" <niworkflows.interfaces.fixes.FixN4BiasFieldCorrection>
220226-02:09:47,44 nipype.workflow INFO:
	 [Node] Setting-up "fmriprep_wf.single_subject_10003_wf.func_preproc_task_sharedreward_acq_mb3me4_echo_1_wf.bold_hmc_wf.normalize_motion" in "/scratch/fmriprep_wf/single_subject_10003_wf/func_preproc_task_sharedreward_acq_mb3me4_echo_1_wf/bold_hmc_wf/normalize_motion".
220226-02:09:47,113 nipype.workflow INFO:
	 [Node] Executing "normalize_motion" <niworkflows.interfaces.utils.NormalizeMotionParams>
220226-02:09:47,124 nipype.workflow INFO:
	 [Node] Finished "normalize_motion", elapsed time 0.009347s.
220226-02:09:48,464 nipype.workflow INFO:
	 [Node] Setting-up "fmriprep_wf.single_subject_10003_wf.func_preproc_task_sharedreward_acq_mb6me4_echo_1_wf.initial_boldref_wf.enhance_and_skullstrip_bold_wf.n4_correct" in "/scratch/fmriprep_wf/single_subject_10003_wf/func_preproc_task_sharedreward_acq_mb6me4_echo_1_wf/initial_boldref_wf/enhance_and_skullstrip_bold_wf/n4_correct".
220226-02:09:48,488 nipype.workflow INFO:
	 [Node] Executing "n4_correct" <niworkflows.interfaces.fixes.FixN4BiasFieldCorrection>
220226-02:09:48,670 nipype.workflow INFO:
	 [Node] Setting-up "fmriprep_wf.single_subject_10003_wf.func_preproc_task_sharedreward_acq_mb3me4_echo_1_wf.bold_confounds_wf.fdisp" in "/scratch/fmriprep_wf/single_subject_10003_wf/func_preproc_task_sharedreward_acq_mb3me4_echo_1_wf/bold_confounds_wf/fdisp".
220226-02:09:48,674 nipype.workflow INFO:
	 [Node] Executing "fdisp" <nipype.algorithms.confounds.FramewiseDisplacement>
220226-02:09:48,684 nipype.workflow INFO:
	 [Node] Setting-up "fmriprep_wf.single_subject_10003_wf.func_preproc_task_sharedreward_acq_mb3me1_wf.initial_boldref_wf.enhance_and_skullstrip_bold_wf.fixhdr_unifize" in "/scratch/fmriprep_wf/single_subject_10003_wf/func_preproc_task_sharedreward_acq_mb3me1_wf/initial_boldref_wf/enhance_and_skullstrip_bold_wf/fixhdr_unifize".
220226-02:09:48,685 nipype.workflow INFO:
	 [Node] Finished "fdisp", elapsed time 0.008814s.
220226-02:09:48,689 nipype.workflow INFO:
	 [Node] Executing "fixhdr_unifize" <niworkflows.interfaces.utils.CopyXForm>
220226-02:09:48,814 nipype.workflow INFO:
	 [Node] Finished "fixhdr_unifize", elapsed time 0.123765s.
220226-02:09:50,493 nipype.workflow INFO:
	 [Node] Setting-up "fmriprep_wf.single_subject_10003_wf.func_preproc_task_sharedreward_acq_mb3me1_wf.initial_boldref_wf.enhance_and_skullstrip_bold_wf.skullstrip_second_pass" in "/scratch/fmriprep_wf/single_subject_10003_wf/func_preproc_task_sharedreward_acq_mb3me1_wf/initial_boldref_wf/enhance_and_skullstrip_bold_wf/skullstrip_second_pass".
220226-02:09:50,497 nipype.workflow INFO:
	 [Node] Executing "skullstrip_second_pass" <nipype.interfaces.afni.preprocess.Automask>
220226-02:09:50,527 nipype.workflow INFO:
	 [Node] Finished "fsl2itk", elapsed time 49.860697s.
220226-02:09:51,2 nipype.workflow INFO:
	 [Node] Finished "skullstrip_second_pass", elapsed time 0.504207s.
220226-02:09:51,868 nipype.workflow INFO:
	 [Node] Finished "mcflirt", elapsed time 275.094295s.
220226-02:09:51,876 nipype.workflow INFO:
	 [Node] Finished "n4_correct", elapsed time 5.070743s.
220226-02:09:52,437 nipype.workflow INFO:
	 [Node] Setting-up "fmriprep_wf.single_subject_10003_wf.func_preproc_task_sharedreward_acq_mb6me4_echo_1_wf.bold_hmc_wf.fsl2itk" in "/scratch/fmriprep_wf/single_subject_10003_wf/func_preproc_task_sharedreward_acq_mb6me4_echo_1_wf/bold_hmc_wf/fsl2itk".
220226-02:09:52,700 nipype.workflow INFO:
	 [Node] Executing "fsl2itk" <niworkflows.interfaces.itk.MCFLIRT2ITK>
220226-02:09:52,897 nipype.workflow INFO:
	 [Node] Setting-up "fmriprep_wf.single_subject_10003_wf.func_preproc_task_sharedreward_acq_mb6me1_wf.bold_hmc_wf.normalize_motion" in "/scratch/fmriprep_wf/single_subject_10003_wf/func_preproc_task_sharedreward_acq_mb6me1_wf/bold_hmc_wf/normalize_motion".
220226-02:09:52,907 nipype.workflow INFO:
	 [Node] Setting-up "fmriprep_wf.single_subject_10003_wf.func_preproc_task_sharedreward_acq_mb3me1_wf.initial_boldref_wf.enhance_and_skullstrip_bold_wf.fixhdr_skullstrip2" in "/scratch/fmriprep_wf/single_subject_10003_wf/func_preproc_task_sharedreward_acq_mb3me1_wf/initial_boldref_wf/enhance_and_skullstrip_bold_wf/fixhdr_skullstrip2".
220226-02:09:52,907 nipype.workflow INFO:
	 [Node] Setting-up "fmriprep_wf.single_subject_10003_wf.func_preproc_task_sharedreward_acq_mb6me1_wf.initial_boldref_wf.enhance_and_skullstrip_bold_wf.skullstrip_first_pass" in "/scratch/fmriprep_wf/single_subject_10003_wf/func_preproc_task_sharedreward_acq_mb6me1_wf/initial_boldref_wf/enhance_and_skullstrip_bold_wf/skullstrip_first_pass".
220226-02:09:52,911 nipype.workflow INFO:
	 [Node] Executing "fixhdr_skullstrip2" <niworkflows.interfaces.utils.CopyXForm>
220226-02:09:52,912 nipype.workflow INFO:
	 [Node] Executing "skullstrip_first_pass" <nipype.interfaces.fsl.preprocess.BET>
220226-02:09:52,958 nipype.workflow INFO:
	 [Node] Executing "normalize_motion" <niworkflows.interfaces.utils.NormalizeMotionParams>
220226-02:09:52,971 nipype.workflow INFO:
	 [Node] Finished "normalize_motion", elapsed time 0.011383s.
220226-02:09:53,366 nipype.workflow INFO:
	 [Node] Finished "fixhdr_skullstrip2", elapsed time 0.452933s.
220226-02:09:53,857 nipype.workflow INFO:
	 [Node] Finished "n4_correct", elapsed time 4.991853s.
220226-02:09:54,476 nipype.workflow INFO:
	 [Node] Setting-up "fmriprep_wf.single_subject_10003_wf.func_preproc_task_sharedreward_acq_mb6me4_echo_1_wf.initial_boldref_wf.enhance_and_skullstrip_bold_wf.skullstrip_first_pass" in "/scratch/fmriprep_wf/single_subject_10003_wf/func_preproc_task_sharedreward_acq_mb6me4_echo_1_wf/initial_boldref_wf/enhance_and_skullstrip_bold_wf/skullstrip_first_pass".
220226-02:09:54,480 nipype.workflow INFO:
	 [Node] Executing "skullstrip_first_pass" <nipype.interfaces.fsl.preprocess.BET>
220226-02:09:54,678 nipype.workflow INFO:
	 [Node] Setting-up "fmriprep_wf.single_subject_10003_wf.func_preproc_task_sharedreward_acq_mb6me1_wf.bold_confounds_wf.fdisp" in "/scratch/fmriprep_wf/single_subject_10003_wf/func_preproc_task_sharedreward_acq_mb6me1_wf/bold_confounds_wf/fdisp".
220226-02:09:54,681 nipype.workflow INFO:
	 [Node] Executing "fdisp" <nipype.algorithms.confounds.FramewiseDisplacement>
220226-02:09:54,684 nipype.workflow INFO:
	 [Node] Setting-up "fmriprep_wf.single_subject_10003_wf.func_preproc_task_sharedreward_acq_mb3me1_wf.initial_boldref_wf.enhance_and_skullstrip_bold_wf.combine_masks" in "/scratch/fmriprep_wf/single_subject_10003_wf/func_preproc_task_sharedreward_acq_mb3me1_wf/initial_boldref_wf/enhance_and_skullstrip_bold_wf/combine_masks".
220226-02:09:54,689 nipype.workflow INFO:
	 [Node] Executing "combine_masks" <nipype.interfaces.fsl.maths.BinaryMaths>
220226-02:09:54,691 nipype.workflow INFO:
	 [Node] Finished "fdisp", elapsed time 0.008198s.
220226-02:09:54,963 nipype.workflow INFO:
	 [Node] Finished "combine_masks", elapsed time 0.272311s.
220226-02:09:55,888 nipype.workflow INFO:
	 [Node] Finished "skullstrip_first_pass", elapsed time 2.974145s.
220226-02:09:56,433 nipype.workflow INFO:
	 [Node] Setting-up "fmriprep_wf.single_subject_10003_wf.func_preproc_task_sharedreward_acq_mb6me1_wf.initial_boldref_wf.enhance_and_skullstrip_bold_wf.skullstrip_first_dilate" in "/scratch/fmriprep_wf/single_subject_10003_wf/func_preproc_task_sharedreward_acq_mb6me1_wf/initial_boldref_wf/enhance_and_skullstrip_bold_wf/skullstrip_first_dilate".
220226-02:09:56,437 nipype.workflow INFO:
	 [Node] Executing "skullstrip_first_dilate" <nipype.interfaces.fsl.maths.DilateImage>
220226-02:09:56,439 nipype.workflow INFO:
	 [Node] Setting-up "fmriprep_wf.single_subject_10003_wf.func_preproc_task_sharedreward_acq_mb3me1_wf.initial_boldref_wf.enhance_and_skullstrip_bold_wf.apply_mask" in "/scratch/fmriprep_wf/single_subject_10003_wf/func_preproc_task_sharedreward_acq_mb3me1_wf/initial_boldref_wf/enhance_and_skullstrip_bold_wf/apply_mask".
220226-02:09:56,443 nipype.workflow INFO:
	 [Node] Executing "apply_mask" <nipype.interfaces.fsl.maths.ApplyMask>
220226-02:09:56,724 nipype.workflow INFO:
	 [Node] Finished "apply_mask", elapsed time 0.279609s.
220226-02:09:57,433 nipype.workflow INFO:
	 [Node] Finished "skullstrip_first_pass", elapsed time 2.950884s.
220226-02:09:58,426 nipype.workflow INFO:
	 [Node] Finished "skullstrip_first_dilate", elapsed time 1.98672s.
220226-02:09:58,439 nipype.workflow INFO:
	 [Node] Setting-up "fmriprep_wf.single_subject_10003_wf.func_preproc_task_sharedreward_acq_mb6me4_echo_1_wf.initial_boldref_wf.enhance_and_skullstrip_bold_wf.skullstrip_first_dilate" in "/scratch/fmriprep_wf/single_subject_10003_wf/func_preproc_task_sharedreward_acq_mb6me4_echo_1_wf/initial_boldref_wf/enhance_and_skullstrip_bold_wf/skullstrip_first_dilate".
220226-02:09:58,443 nipype.workflow INFO:
	 [Node] Executing "skullstrip_first_dilate" <nipype.interfaces.fsl.maths.DilateImage>
220226-02:10:00,422 nipype.workflow INFO:
	 [Node] Setting-up "fmriprep_wf.single_subject_10003_wf.func_preproc_task_sharedreward_acq_mb6me1_wf.initial_boldref_wf.enhance_and_skullstrip_bold_wf.skullstrip_first_mask" in "/scratch/fmriprep_wf/single_subject_10003_wf/func_preproc_task_sharedreward_acq_mb6me1_wf/initial_boldref_wf/enhance_and_skullstrip_bold_wf/skullstrip_first_mask".
220226-02:10:00,426 nipype.workflow INFO:
	 [Node] Executing "skullstrip_first_mask" <nipype.interfaces.fsl.maths.ApplyMask>
220226-02:10:00,592 nipype.workflow INFO:
	 [Node] Finished "skullstrip_first_dilate", elapsed time 2.147241s.
220226-02:10:00,701 nipype.workflow INFO:
	 [Node] Finished "skullstrip_first_mask", elapsed time 0.273412s.
220226-02:10:02,468 nipype.workflow INFO:
	 [Node] Setting-up "fmriprep_wf.single_subject_10003_wf.func_preproc_task_sharedreward_acq_mb6me4_echo_1_wf.initial_boldref_wf.enhance_and_skullstrip_bold_wf.skullstrip_first_mask" in "/scratch/fmriprep_wf/single_subject_10003_wf/func_preproc_task_sharedreward_acq_mb6me4_echo_1_wf/initial_boldref_wf/enhance_and_skullstrip_bold_wf/skullstrip_first_mask".
220226-02:10:02,471 nipype.workflow INFO:
	 [Node] Setting-up "fmriprep_wf.single_subject_10003_wf.func_preproc_task_sharedreward_acq_mb6me1_wf.initial_boldref_wf.enhance_and_skullstrip_bold_wf.unifize" in "/scratch/fmriprep_wf/single_subject_10003_wf/func_preproc_task_sharedreward_acq_mb6me1_wf/initial_boldref_wf/enhance_and_skullstrip_bold_wf/unifize".
220226-02:10:02,474 nipype.workflow INFO:
	 [Node] Executing "skullstrip_first_mask" <nipype.interfaces.fsl.maths.ApplyMask>
220226-02:10:02,475 nipype.workflow INFO:
	 [Node] Executing "unifize" <nipype.interfaces.afni.utils.Unifize>
220226-02:10:02,776 nipype.workflow INFO:
	 [Node] Finished "skullstrip_first_mask", elapsed time 0.300696s.
220226-02:10:04,457 nipype.workflow INFO:
	 [Node] Setting-up "fmriprep_wf.single_subject_10003_wf.func_preproc_task_sharedreward_acq_mb6me4_echo_1_wf.initial_boldref_wf.enhance_and_skullstrip_bold_wf.unifize" in "/scratch/fmriprep_wf/single_subject_10003_wf/func_preproc_task_sharedreward_acq_mb6me4_echo_1_wf/initial_boldref_wf/enhance_and_skullstrip_bold_wf/unifize".
220226-02:10:04,461 nipype.workflow INFO:
	 [Node] Executing "unifize" <nipype.interfaces.afni.utils.Unifize>
220226-02:10:06,571 nipype.workflow INFO:
	 [Node] Finished "unifize", elapsed time 4.094427s.
220226-02:10:08,436 nipype.workflow INFO:
	 [Node] Setting-up "fmriprep_wf.single_subject_10003_wf.func_preproc_task_sharedreward_acq_mb6me1_wf.initial_boldref_wf.enhance_and_skullstrip_bold_wf.fixhdr_unifize" in "/scratch/fmriprep_wf/single_subject_10003_wf/func_preproc_task_sharedreward_acq_mb6me1_wf/initial_boldref_wf/enhance_and_skullstrip_bold_wf/fixhdr_unifize".
220226-02:10:08,442 nipype.workflow INFO:
	 [Node] Executing "fixhdr_unifize" <niworkflows.interfaces.utils.CopyXForm>
220226-02:10:08,643 nipype.workflow INFO:
	 [Node] Finished "unifize", elapsed time 4.179921s.
220226-02:10:08,809 nipype.workflow INFO:
	 [Node] Finished "fixhdr_unifize", elapsed time 0.366299s.
220226-02:10:10,432 nipype.workflow INFO:
	 [Node] Setting-up "fmriprep_wf.single_subject_10003_wf.func_preproc_task_sharedreward_acq_mb6me4_echo_1_wf.initial_boldref_wf.enhance_and_skullstrip_bold_wf.fixhdr_unifize" in "/scratch/fmriprep_wf/single_subject_10003_wf/func_preproc_task_sharedreward_acq_mb6me4_echo_1_wf/initial_boldref_wf/enhance_and_skullstrip_bold_wf/fixhdr_unifize".
220226-02:10:10,436 nipype.workflow INFO:
	 [Node] Executing "fixhdr_unifize" <niworkflows.interfaces.utils.CopyXForm>
220226-02:10:10,444 nipype.workflow INFO:
	 [Node] Setting-up "fmriprep_wf.single_subject_10003_wf.func_preproc_task_sharedreward_acq_mb6me1_wf.initial_boldref_wf.enhance_and_skullstrip_bold_wf.skullstrip_second_pass" in "/scratch/fmriprep_wf/single_subject_10003_wf/func_preproc_task_sharedreward_acq_mb6me1_wf/initial_boldref_wf/enhance_and_skullstrip_bold_wf/skullstrip_second_pass".
220226-02:10:10,448 nipype.workflow INFO:
	 [Node] Executing "skullstrip_second_pass" <nipype.interfaces.afni.preprocess.Automask>
220226-02:10:10,765 nipype.workflow INFO:
	 [Node] Finished "fixhdr_unifize", elapsed time 0.327147s.
220226-02:10:10,891 nipype.workflow INFO:
	 [Node] Finished "skullstrip_second_pass", elapsed time 0.441146s.
220226-02:10:12,481 nipype.workflow INFO:
	 [Node] Setting-up "fmriprep_wf.single_subject_10003_wf.func_preproc_task_sharedreward_acq_mb6me4_echo_1_wf.initial_boldref_wf.enhance_and_skullstrip_bold_wf.skullstrip_second_pass" in "/scratch/fmriprep_wf/single_subject_10003_wf/func_preproc_task_sharedreward_acq_mb6me4_echo_1_wf/initial_boldref_wf/enhance_and_skullstrip_bold_wf/skullstrip_second_pass".
220226-02:10:12,487 nipype.workflow INFO:
	 [Node] Setting-up "fmriprep_wf.single_subject_10003_wf.func_preproc_task_sharedreward_acq_mb6me1_wf.initial_boldref_wf.enhance_and_skullstrip_bold_wf.fixhdr_skullstrip2" in "/scratch/fmriprep_wf/single_subject_10003_wf/func_preproc_task_sharedreward_acq_mb6me1_wf/initial_boldref_wf/enhance_and_skullstrip_bold_wf/fixhdr_skullstrip2".
220226-02:10:12,491 nipype.workflow INFO:
	 [Node] Executing "fixhdr_skullstrip2" <niworkflows.interfaces.utils.CopyXForm>
220226-02:10:12,486 nipype.workflow INFO:
	 [Node] Executing "skullstrip_second_pass" <nipype.interfaces.afni.preprocess.Automask>
220226-02:10:12,764 nipype.workflow INFO:
	 [Node] Finished "fixhdr_skullstrip2", elapsed time 0.271724s.
220226-02:10:12,969 nipype.workflow INFO:
	 [Node] Finished "skullstrip_second_pass", elapsed time 0.473338s.
220226-02:10:14,438 nipype.workflow INFO:
	 [Node] Setting-up "fmriprep_wf.single_subject_10003_wf.func_preproc_task_sharedreward_acq_mb6me4_echo_1_wf.initial_boldref_wf.enhance_and_skullstrip_bold_wf.fixhdr_skullstrip2" in "/scratch/fmriprep_wf/single_subject_10003_wf/func_preproc_task_sharedreward_acq_mb6me4_echo_1_wf/initial_boldref_wf/enhance_and_skullstrip_bold_wf/fixhdr_skullstrip2".
220226-02:10:14,441 nipype.workflow INFO:
	 [Node] Setting-up "fmriprep_wf.single_subject_10003_wf.func_preproc_task_sharedreward_acq_mb6me1_wf.initial_boldref_wf.enhance_and_skullstrip_bold_wf.combine_masks" in "/scratch/fmriprep_wf/single_subject_10003_wf/func_preproc_task_sharedreward_acq_mb6me1_wf/initial_boldref_wf/enhance_and_skullstrip_bold_wf/combine_masks".
220226-02:10:14,443 nipype.workflow INFO:
	 [Node] Executing "fixhdr_skullstrip2" <niworkflows.interfaces.utils.CopyXForm>
220226-02:10:14,445 nipype.workflow INFO:
	 [Node] Executing "combine_masks" <nipype.interfaces.fsl.maths.BinaryMaths>
220226-02:10:14,524 nipype.workflow INFO:
	 [Node] Finished "fixhdr_skullstrip2", elapsed time 0.079448s.
220226-02:10:14,708 nipype.workflow INFO:
	 [Node] Finished "combine_masks", elapsed time 0.260512s.
220226-02:10:16,457 nipype.workflow INFO:
	 [Node] Setting-up "fmriprep_wf.single_subject_10003_wf.func_preproc_task_sharedreward_acq_mb6me4_echo_1_wf.initial_boldref_wf.enhance_and_skullstrip_bold_wf.combine_masks" in "/scratch/fmriprep_wf/single_subject_10003_wf/func_preproc_task_sharedreward_acq_mb6me4_echo_1_wf/initial_boldref_wf/enhance_and_skullstrip_bold_wf/combine_masks".
220226-02:10:16,461 nipype.workflow INFO:
	 [Node] Setting-up "fmriprep_wf.single_subject_10003_wf.func_preproc_task_sharedreward_acq_mb6me1_wf.initial_boldref_wf.enhance_and_skullstrip_bold_wf.apply_mask" in "/scratch/fmriprep_wf/single_subject_10003_wf/func_preproc_task_sharedreward_acq_mb6me1_wf/initial_boldref_wf/enhance_and_skullstrip_bold_wf/apply_mask".
220226-02:10:16,463 nipype.workflow INFO:
	 [Node] Executing "combine_masks" <nipype.interfaces.fsl.maths.BinaryMaths>
220226-02:10:16,465 nipype.workflow INFO:
	 [Node] Executing "apply_mask" <nipype.interfaces.fsl.maths.ApplyMask>
220226-02:10:16,718 nipype.workflow INFO:
	 [Node] Finished "apply_mask", elapsed time 0.251255s.
220226-02:10:16,734 nipype.workflow INFO:
	 [Node] Finished "combine_masks", elapsed time 0.269626s.
220226-02:10:18,874 nipype.workflow INFO:
	 [Node] Setting-up "fmriprep_wf.single_subject_10003_wf.func_preproc_task_sharedreward_acq_mb6me4_echo_1_wf.initial_boldref_wf.enhance_and_skullstrip_bold_wf.apply_mask" in "/scratch/fmriprep_wf/single_subject_10003_wf/func_preproc_task_sharedreward_acq_mb6me4_echo_1_wf/initial_boldref_wf/enhance_and_skullstrip_bold_wf/apply_mask".
220226-02:10:18,878 nipype.workflow INFO:
	 [Node] Executing "apply_mask" <nipype.interfaces.fsl.maths.ApplyMask>
220226-02:10:19,191 nipype.workflow INFO:
	 [Node] Finished "apply_mask", elapsed time 0.311434s.
220226-02:10:20,475 nipype.workflow INFO:
	 [Node] Setting-up "fmriprep_wf.single_subject_10003_wf.func_preproc_task_sharedreward_acq_mb6me1_wf.bold_hmc_wf.fsl2itk" in "/scratch/fmriprep_wf/single_subject_10003_wf/func_preproc_task_sharedreward_acq_mb6me1_wf/bold_hmc_wf/fsl2itk".
220226-02:10:20,562 nipype.workflow INFO:
	 [Node] Executing "fsl2itk" <niworkflows.interfaces.itk.MCFLIRT2ITK>
220226-02:10:22,453 nipype.workflow INFO:
	 [Node] Finished "fsl2itk", elapsed time 45.893204s.
220226-02:10:23,154 nipype.workflow INFO:
	 [Node] Finished "fsl2itk", elapsed time 46.507195s.
220226-02:10:24,485 nipype.workflow INFO:
	 [Node] Setting-up "fmriprep_wf.single_subject_10003_wf.func_preproc_task_sharedreward_acq_mb3me4_echo_1_wf.bold_hmc_wf.fsl2itk" in "/scratch/fmriprep_wf/single_subject_10003_wf/func_preproc_task_sharedreward_acq_mb3me4_echo_1_wf/bold_hmc_wf/fsl2itk".
220226-02:10:24,587 nipype.workflow INFO:
	 [Node] Executing "fsl2itk" <niworkflows.interfaces.itk.MCFLIRT2ITK>
220226-02:10:24,698 nipype.workflow INFO:
	 [Node] Setting-up "fmriprep_wf.single_subject_10003_wf.func_preproc_task_sharedreward_acq_mb1me4_echo_1_wf.bold_bold_trans_wf.bold_transform" in "/scratch/fmriprep_wf/single_subject_10003_wf/func_preproc_task_sharedreward_acq_mb1me4_echo_1_wf/bold_bold_trans_wf/_bold_file_..base..bids..sub-10003..func..sub-10003_task-sharedreward_acq-mb1me4_echo-4_bold.nii.gz/bold_transform".
220226-02:10:24,789 nipype.workflow INFO:
	 [Node] Executing "bold_transform" <niworkflows.interfaces.itk.MultiApplyTransforms>
220226-02:10:39,679 nipype.workflow INFO:
	 [Node] Finished "fsl2itk", elapsed time 46.978081s.
220226-02:10:40,677 nipype.workflow INFO:
	 [Node] Setting-up "fmriprep_wf.single_subject_10003_wf.func_preproc_task_sharedreward_acq_mb3me1_wf.bold_bold_trans_wf.bold_transform" in "/scratch/fmriprep_wf/single_subject_10003_wf/func_preproc_task_sharedreward_acq_mb3me1_wf/bold_bold_trans_wf/bold_transform".
220226-02:10:40,778 nipype.workflow INFO:
	 [Node] Executing "bold_transform" <niworkflows.interfaces.itk.MultiApplyTransforms>
220226-02:11:16,651 nipype.workflow INFO:
	 [Node] Finished "fsl2itk", elapsed time 56.08805s.
220226-02:11:18,668 nipype.workflow INFO:
	 [Node] Setting-up "fmriprep_wf.single_subject_10003_wf.func_preproc_task_sharedreward_acq_mb6me4_echo_1_wf.bold_bold_trans_wf.bold_transform" in "/scratch/fmriprep_wf/single_subject_10003_wf/func_preproc_task_sharedreward_acq_mb6me4_echo_1_wf/bold_bold_trans_wf/_bold_file_..base..bids..sub-10003..func..sub-10003_task-sharedreward_acq-mb6me4_echo-4_bold.nii.gz/bold_transform".
220226-02:11:18,834 nipype.workflow INFO:
	 [Node] Executing "bold_transform" <niworkflows.interfaces.itk.MultiApplyTransforms>
220226-02:11:23,360 nipype.workflow INFO:
	 [Node] Finished "fsl2itk", elapsed time 58.771632s.
220226-02:11:24,663 nipype.workflow INFO:
	 [Node] Setting-up "fmriprep_wf.single_subject_10003_wf.func_preproc_task_sharedreward_acq_mb6me4_echo_1_wf.bold_bold_trans_wf.bold_transform" in "/scratch/fmriprep_wf/single_subject_10003_wf/func_preproc_task_sharedreward_acq_mb6me4_echo_1_wf/bold_bold_trans_wf/_bold_file_..base..bids..sub-10003..func..sub-10003_task-sharedreward_acq-mb6me4_echo-3_bold.nii.gz/bold_transform".
220226-02:11:24,793 nipype.workflow INFO:
	 [Node] Executing "bold_transform" <niworkflows.interfaces.itk.MultiApplyTransforms>
220226-02:11:25,727 nipype.workflow INFO:
	 [Node] Finished "init_aff", elapsed time 168.608088s.
220226-02:11:26,527 nipype.workflow INFO:
	 [Node] Setting-up "fmriprep_wf.single_subject_10003_wf.func_preproc_task_sharedreward_acq_mb6me4_echo_1_wf.bold_bold_trans_wf.bold_transform" in "/scratch/fmriprep_wf/single_subject_10003_wf/func_preproc_task_sharedreward_acq_mb6me4_echo_1_wf/bold_bold_trans_wf/_bold_file_..base..bids..sub-10003..func..sub-10003_task-sharedreward_acq-mb6me4_echo-2_bold.nii.gz/bold_transform".
220226-02:11:26,659 nipype.workflow INFO:
	 [Node] Executing "bold_transform" <niworkflows.interfaces.itk.MultiApplyTransforms>
220226-02:11:29,816 nipype.workflow INFO:
	 [Node] Finished "init_aff", elapsed time 134.877917s.
220226-02:11:30,763 nipype.workflow INFO:
	 [Node] Setting-up "fmriprep_wf.single_subject_10003_wf.func_preproc_task_sharedreward_acq_mb6me4_echo_1_wf.bold_bold_trans_wf.bold_transform" in "/scratch/fmriprep_wf/single_subject_10003_wf/func_preproc_task_sharedreward_acq_mb6me4_echo_1_wf/bold_bold_trans_wf/_bold_file_..base..bids..sub-10003..func..sub-10003_task-sharedreward_acq-mb6me4_echo-1_bold.nii.gz/bold_transform".
220226-02:11:30,938 nipype.workflow INFO:
	 [Node] Executing "bold_transform" <niworkflows.interfaces.itk.MultiApplyTransforms>
220226-02:13:07,823 nipype.workflow INFO:
	 [Node] Finished "bold_transform", elapsed time 163.032808s.
220226-02:13:10,32 nipype.workflow INFO:
	 [Node] Setting-up "fmriprep_wf.single_subject_10003_wf.func_preproc_task_sharedreward_acq_mb3me4_echo_1_wf.initial_boldref_wf.enhance_and_skullstrip_bold_wf.norm" in "/scratch/fmriprep_wf/single_subject_10003_wf/func_preproc_task_sharedreward_acq_mb3me4_echo_1_wf/initial_boldref_wf/enhance_and_skullstrip_bold_wf/norm".
220226-02:13:10,41 nipype.workflow INFO:
	 [Node] Executing "norm" <niworkflows.interfaces.fixes.FixHeaderRegistration>
220226-02:13:13,863 nipype.workflow INFO:
	 [Node] Finished "norm", elapsed time 2.940095s.
220226-02:13:14,910 nipype.workflow INFO:
	 [Node] Setting-up "fmriprep_wf.single_subject_10003_wf.func_preproc_task_sharedreward_acq_mb6me1_wf.bold_bold_trans_wf.bold_transform" in "/scratch/fmriprep_wf/single_subject_10003_wf/func_preproc_task_sharedreward_acq_mb6me1_wf/bold_bold_trans_wf/bold_transform".
220226-02:13:15,111 nipype.workflow INFO:
	 [Node] Executing "bold_transform" <niworkflows.interfaces.itk.MultiApplyTransforms>
220226-02:16:31,780 nipype.workflow INFO:
	 [Node] Finished "bold_transform", elapsed time 351.000292s.
220226-02:16:33,192 nipype.workflow INFO:
	 [Node] Setting-up "fmriprep_wf.single_subject_10003_wf.func_preproc_task_sharedreward_acq_mb3me4_echo_1_wf.initial_boldref_wf.enhance_and_skullstrip_bold_wf.map_brainmask" in "/scratch/fmriprep_wf/single_subject_10003_wf/func_preproc_task_sharedreward_acq_mb3me4_echo_1_wf/initial_boldref_wf/enhance_and_skullstrip_bold_wf/map_brainmask".
220226-02:16:33,198 nipype.workflow INFO:
	 [Node] Executing "map_brainmask" <niworkflows.interfaces.fixes.FixHeaderApplyTransforms>
220226-02:16:33,855 nipype.workflow INFO:
	 [Node] Setting-up "fmriprep_wf.single_subject_10003_wf.func_preproc_task_sharedreward_acq_mb1me4_echo_1_wf.bold_bold_trans_wf.merge" in "/scratch/fmriprep_wf/single_subject_10003_wf/func_preproc_task_sharedreward_acq_mb1me4_echo_1_wf/bold_bold_trans_wf/_bold_file_..base..bids..sub-10003..func..sub-10003_task-sharedreward_acq-mb1me4_echo-4_bold.nii.gz/merge".
220226-02:16:34,107 nipype.workflow INFO:
	 [Node] Executing "merge" <niworkflows.interfaces.nilearn.Merge>
220226-02:16:37,374 nipype.workflow INFO:
	 [Node] Setting-up "fmriprep_wf.single_subject_10003_wf.func_preproc_task_sharedreward_acq_mb3me1_wf.bold_bold_trans_wf.merge" in "/scratch/fmriprep_wf/single_subject_10003_wf/func_preproc_task_sharedreward_acq_mb3me1_wf/bold_bold_trans_wf/merge".
220226-02:16:37,545 nipype.workflow INFO:
	 [Node] Executing "merge" <niworkflows.interfaces.nilearn.Merge>
220226-02:16:38,275 nipype.workflow INFO:
	 [Node] Finished "map_brainmask", elapsed time 4.30092s.
220226-02:16:39,200 nipype.workflow INFO:
	 [Node] Setting-up "fmriprep_wf.single_subject_10003_wf.func_preproc_task_sharedreward_acq_mb3me4_echo_1_wf.initial_boldref_wf.enhance_and_skullstrip_bold_wf.binarize_mask" in "/scratch/fmriprep_wf/single_subject_10003_wf/func_preproc_task_sharedreward_acq_mb3me4_echo_1_wf/initial_boldref_wf/enhance_and_skullstrip_bold_wf/binarize_mask".
220226-02:16:39,203 nipype.workflow INFO:
	 [Node] Executing "binarize_mask" <niworkflows.interfaces.nibabel.Binarize>
220226-02:16:39,444 nipype.workflow INFO:
	 [Node] Finished "binarize_mask", elapsed time 0.239281s.
220226-02:16:41,261 nipype.workflow INFO:
	 [Node] Setting-up "fmriprep_wf.single_subject_10003_wf.func_preproc_task_sharedreward_acq_mb3me4_echo_1_wf.initial_boldref_wf.enhance_and_skullstrip_bold_wf.pre_mask_dilate" in "/scratch/fmriprep_wf/single_subject_10003_wf/func_preproc_task_sharedreward_acq_mb3me4_echo_1_wf/initial_boldref_wf/enhance_and_skullstrip_bold_wf/pre_mask_dilate".
220226-02:16:41,268 nipype.workflow INFO:
	 [Node] Executing "pre_mask_dilate" <nipype.interfaces.fsl.maths.DilateImage>
220226-02:16:43,4 nipype.workflow INFO:
	 [Node] Finished "pre_mask_dilate", elapsed time 1.734218s.
220226-02:16:47,266 nipype.workflow INFO:
	 [Node] Setting-up "fmriprep_wf.single_subject_10003_wf.func_preproc_task_sharedreward_acq_mb3me4_echo_1_wf.initial_boldref_wf.enhance_and_skullstrip_bold_wf.n4_correct" in "/scratch/fmriprep_wf/single_subject_10003_wf/func_preproc_task_sharedreward_acq_mb3me4_echo_1_wf/initial_boldref_wf/enhance_and_skullstrip_bold_wf/n4_correct".
220226-02:16:47,271 nipype.workflow INFO:
	 [Node] Executing "n4_correct" <niworkflows.interfaces.fixes.FixN4BiasFieldCorrection>
220226-02:16:58,9 nipype.workflow INFO:
	 [Node] Finished "n4_correct", elapsed time 9.836189s.
220226-02:16:59,149 nipype.workflow INFO:
	 [Node] Setting-up "fmriprep_wf.single_subject_10003_wf.func_preproc_task_sharedreward_acq_mb3me4_echo_1_wf.initial_boldref_wf.enhance_and_skullstrip_bold_wf.skullstrip_first_pass" in "/scratch/fmriprep_wf/single_subject_10003_wf/func_preproc_task_sharedreward_acq_mb3me4_echo_1_wf/initial_boldref_wf/enhance_and_skullstrip_bold_wf/skullstrip_first_pass".
220226-02:16:59,153 nipype.workflow INFO:
	 [Node] Executing "skullstrip_first_pass" <nipype.interfaces.fsl.preprocess.BET>
220226-02:17:03,623 nipype.workflow INFO:
	 [Node] Finished "skullstrip_first_pass", elapsed time 4.467499s.
220226-02:17:05,91 nipype.workflow INFO:
	 [Node] Setting-up "fmriprep_wf.single_subject_10003_wf.func_preproc_task_sharedreward_acq_mb3me4_echo_1_wf.initial_boldref_wf.enhance_and_skullstrip_bold_wf.skullstrip_first_dilate" in "/scratch/fmriprep_wf/single_subject_10003_wf/func_preproc_task_sharedreward_acq_mb3me4_echo_1_wf/initial_boldref_wf/enhance_and_skullstrip_bold_wf/skullstrip_first_dilate".
220226-02:17:05,95 nipype.workflow INFO:
	 [Node] Executing "skullstrip_first_dilate" <nipype.interfaces.fsl.maths.DilateImage>
220226-02:17:10,917 nipype.workflow INFO:
	 [Node] Finished "skullstrip_first_dilate", elapsed time 5.820419s.
220226-02:17:13,75 nipype.workflow INFO:
	 [Node] Setting-up "fmriprep_wf.single_subject_10003_wf.func_preproc_task_sharedreward_acq_mb3me4_echo_1_wf.initial_boldref_wf.enhance_and_skullstrip_bold_wf.skullstrip_first_mask" in "/scratch/fmriprep_wf/single_subject_10003_wf/func_preproc_task_sharedreward_acq_mb3me4_echo_1_wf/initial_boldref_wf/enhance_and_skullstrip_bold_wf/skullstrip_first_mask".
220226-02:17:13,80 nipype.workflow INFO:
	 [Node] Executing "skullstrip_first_mask" <nipype.interfaces.fsl.maths.ApplyMask>
220226-02:17:13,773 nipype.workflow INFO:
	 [Node] Finished "skullstrip_first_mask", elapsed time 0.691233s.
220226-02:17:14,784 nipype.workflow INFO:
	 [Node] Finished "merge", elapsed time 40.663877s.
220226-02:17:15,256 nipype.workflow INFO:
	 [Node] Setting-up "fmriprep_wf.single_subject_10003_wf.func_preproc_task_sharedreward_acq_mb3me4_echo_1_wf.initial_boldref_wf.enhance_and_skullstrip_bold_wf.unifize" in "/scratch/fmriprep_wf/single_subject_10003_wf/func_preproc_task_sharedreward_acq_mb3me4_echo_1_wf/initial_boldref_wf/enhance_and_skullstrip_bold_wf/unifize".
220226-02:17:15,261 nipype.workflow INFO:
	 [Node] Executing "unifize" <nipype.interfaces.afni.utils.Unifize>
220226-02:17:17,70 nipype.workflow INFO:
	 [Node] Setting-up "fmriprep_wf.single_subject_10003_wf.func_preproc_task_sharedreward_acq_mb1me4_echo_1_wf.skullstrip_bold_wf.skullstrip_first_pass" in "/scratch/fmriprep_wf/single_subject_10003_wf/func_preproc_task_sharedreward_acq_mb1me4_echo_1_wf/skullstrip_bold_wf/_bold_file_..base..bids..sub-10003..func..sub-10003_task-sharedreward_acq-mb1me4_echo-4_bold.nii.gz/skullstrip_first_pass".
220226-02:17:17,384 nipype.workflow INFO:
	 [Node] Executing "skullstrip_first_pass" <nipype.interfaces.fsl.preprocess.BET>
220226-02:17:23,728 nipype.workflow INFO:
	 [Node] Finished "unifize", elapsed time 8.466041s.
220226-02:17:25,64 nipype.workflow INFO:
	 [Node] Setting-up "fmriprep_wf.single_subject_10003_wf.func_preproc_task_sharedreward_acq_mb3me4_echo_1_wf.initial_boldref_wf.enhance_and_skullstrip_bold_wf.fixhdr_unifize" in "/scratch/fmriprep_wf/single_subject_10003_wf/func_preproc_task_sharedreward_acq_mb3me4_echo_1_wf/initial_boldref_wf/enhance_and_skullstrip_bold_wf/fixhdr_unifize".
220226-02:17:25,69 nipype.workflow INFO:
	 [Node] Executing "fixhdr_unifize" <niworkflows.interfaces.utils.CopyXForm>
220226-02:17:25,230 nipype.workflow INFO:
	 [Node] Finished "fixhdr_unifize", elapsed time 0.159748s.
220226-02:17:25,695 nipype.workflow INFO:
	 [Node] Finished "skullstrip_first_pass", elapsed time 8.309152s.
220226-02:17:27,226 nipype.workflow INFO:
	 [Node] Setting-up "fmriprep_wf.single_subject_10003_wf.func_preproc_task_sharedreward_acq_mb3me4_echo_1_wf.initial_boldref_wf.enhance_and_skullstrip_bold_wf.skullstrip_second_pass" in "/scratch/fmriprep_wf/single_subject_10003_wf/func_preproc_task_sharedreward_acq_mb3me4_echo_1_wf/initial_boldref_wf/enhance_and_skullstrip_bold_wf/skullstrip_second_pass".
220226-02:17:27,229 nipype.workflow INFO:
	 [Node] Executing "skullstrip_second_pass" <nipype.interfaces.afni.preprocess.Automask>
220226-02:17:27,260 nipype.workflow INFO:
	 [Node] Setting-up "fmriprep_wf.single_subject_10003_wf.func_preproc_task_sharedreward_acq_mb1me4_echo_1_wf.skullstrip_bold_wf.skullstrip_second_pass" in "/scratch/fmriprep_wf/single_subject_10003_wf/func_preproc_task_sharedreward_acq_mb1me4_echo_1_wf/skullstrip_bold_wf/_bold_file_..base..bids..sub-10003..func..sub-10003_task-sharedreward_acq-mb1me4_echo-4_bold.nii.gz/skullstrip_second_pass".
220226-02:17:27,265 nipype.workflow INFO:
	 [Node] Executing "skullstrip_second_pass" <nipype.interfaces.afni.preprocess.Automask>
220226-02:17:28,251 nipype.workflow INFO:
	 [Node] Finished "skullstrip_second_pass", elapsed time 0.984526s.
220226-02:17:28,502 nipype.workflow INFO:
	 [Node] Finished "skullstrip_second_pass", elapsed time 1.270993s.
220226-02:17:29,142 nipype.workflow INFO:
	 [Node] Setting-up "fmriprep_wf.single_subject_10003_wf.func_preproc_task_sharedreward_acq_mb3me4_echo_1_wf.initial_boldref_wf.enhance_and_skullstrip_bold_wf.fixhdr_skullstrip2" in "/scratch/fmriprep_wf/single_subject_10003_wf/func_preproc_task_sharedreward_acq_mb3me4_echo_1_wf/initial_boldref_wf/enhance_and_skullstrip_bold_wf/fixhdr_skullstrip2".
220226-02:17:29,146 nipype.workflow INFO:
	 [Node] Executing "fixhdr_skullstrip2" <niworkflows.interfaces.utils.CopyXForm>
220226-02:17:29,152 nipype.workflow INFO:
	 [Node] Setting-up "fmriprep_wf.single_subject_10003_wf.func_preproc_task_sharedreward_acq_mb1me4_echo_1_wf.skullstrip_bold_wf.combine_masks" in "/scratch/fmriprep_wf/single_subject_10003_wf/func_preproc_task_sharedreward_acq_mb1me4_echo_1_wf/skullstrip_bold_wf/_bold_file_..base..bids..sub-10003..func..sub-10003_task-sharedreward_acq-mb1me4_echo-4_bold.nii.gz/combine_masks".
220226-02:17:29,157 nipype.workflow INFO:
	 [Node] Executing "combine_masks" <nipype.interfaces.fsl.maths.BinaryMaths>
220226-02:17:29,263 nipype.workflow INFO:
	 [Node] Finished "fixhdr_skullstrip2", elapsed time 0.115435s.
220226-02:17:29,577 nipype.workflow INFO:
	 [Node] Finished "combine_masks", elapsed time 0.418353s.
220226-02:17:31,61 nipype.workflow INFO:
	 [Node] Setting-up "fmriprep_wf.single_subject_10003_wf.func_preproc_task_sharedreward_acq_mb3me4_echo_1_wf.initial_boldref_wf.enhance_and_skullstrip_bold_wf.combine_masks" in "/scratch/fmriprep_wf/single_subject_10003_wf/func_preproc_task_sharedreward_acq_mb3me4_echo_1_wf/initial_boldref_wf/enhance_and_skullstrip_bold_wf/combine_masks".
220226-02:17:31,66 nipype.workflow INFO:
	 [Node] Executing "combine_masks" <nipype.interfaces.fsl.maths.BinaryMaths>
220226-02:17:31,68 nipype.workflow INFO:
	 [Node] Setting-up "fmriprep_wf.single_subject_10003_wf.func_preproc_task_sharedreward_acq_mb1me4_echo_1_wf.skullstrip_bold_wf.mask_reportlet" in "/scratch/fmriprep_wf/single_subject_10003_wf/func_preproc_task_sharedreward_acq_mb1me4_echo_1_wf/skullstrip_bold_wf/_bold_file_..base..bids..sub-10003..func..sub-10003_task-sharedreward_acq-mb1me4_echo-4_bold.nii.gz/mask_reportlet".
220226-02:17:31,69 nipype.workflow INFO:
	 [Node] Setting-up "fmriprep_wf.single_subject_10003_wf.func_preproc_task_sharedreward_acq_mb1me4_echo_1_wf.skullstrip_bold_wf.apply_mask" in "/scratch/fmriprep_wf/single_subject_10003_wf/func_preproc_task_sharedreward_acq_mb1me4_echo_1_wf/skullstrip_bold_wf/_bold_file_..base..bids..sub-10003..func..sub-10003_task-sharedreward_acq-mb1me4_echo-4_bold.nii.gz/apply_mask".
220226-02:17:31,235 nipype.workflow INFO:
	 [Node] Executing "apply_mask" <nipype.interfaces.fsl.maths.ApplyMask>
220226-02:17:31,558 nipype.workflow INFO:
	 [Node] Finished "combine_masks", elapsed time 0.49007s.
220226-02:17:31,764 nipype.workflow INFO:
	 [Node] Executing "mask_reportlet" <niworkflows.interfaces.masks.SimpleShowMaskRPT>
220226-02:17:33,1 nipype.workflow INFO:
	 [Node] Setting-up "fmriprep_wf.single_subject_10003_wf.func_preproc_task_sharedreward_acq_mb3me4_echo_1_wf.initial_boldref_wf.enhance_and_skullstrip_bold_wf.apply_mask" in "/scratch/fmriprep_wf/single_subject_10003_wf/func_preproc_task_sharedreward_acq_mb3me4_echo_1_wf/initial_boldref_wf/enhance_and_skullstrip_bold_wf/apply_mask".
220226-02:17:33,12 nipype.workflow INFO:
	 [Node] Executing "apply_mask" <nipype.interfaces.fsl.maths.ApplyMask>
220226-02:17:33,510 nipype.workflow INFO:
	 [Node] Finished "apply_mask", elapsed time 0.480262s.
220226-02:17:45,702 nipype.workflow INFO:
	 [Node] Finished "apply_mask", elapsed time 14.465533s.
220226-02:17:46,915 nipype.workflow INFO:
	 [Node] Finished "mask_reportlet", elapsed time 15.148814s.
220226-02:17:56,131 nipype.workflow INFO:
	 [Node] Finished "bold_transform", elapsed time 397.291117s.
220226-02:17:57,355 nipype.workflow INFO:
	 [Node] Setting-up "fmriprep_wf.single_subject_10003_wf.func_preproc_task_sharedreward_acq_mb3me4_echo_1_wf.bold_bold_trans_wf.bold_transform" in "/scratch/fmriprep_wf/single_subject_10003_wf/func_preproc_task_sharedreward_acq_mb3me4_echo_1_wf/bold_bold_trans_wf/_bold_file_..base..bids..sub-10003..func..sub-10003_task-sharedreward_acq-mb3me4_echo-4_bold.nii.gz/bold_transform".
220226-02:17:57,647 nipype.workflow INFO:
	 [Node] Executing "bold_transform" <niworkflows.interfaces.itk.MultiApplyTransforms>
220226-02:17:57,674 nipype.workflow INFO:
	 [Node] Setting-up "fmriprep_wf.single_subject_10003_wf.func_preproc_task_sharedreward_acq_mb6me4_echo_1_wf.bold_bold_trans_wf.merge" in "/scratch/fmriprep_wf/single_subject_10003_wf/func_preproc_task_sharedreward_acq_mb6me4_echo_1_wf/bold_bold_trans_wf/_bold_file_..base..bids..sub-10003..func..sub-10003_task-sharedreward_acq-mb6me4_echo-4_bold.nii.gz/merge".
220226-02:17:57,920 nipype.workflow INFO:
	 [Node] Executing "merge" <niworkflows.interfaces.nilearn.Merge>
220226-02:17:58,323 nipype.workflow INFO:
	 [Node] Finished "merge", elapsed time 80.772924s.
220226-02:17:59,119 nipype.workflow INFO:
	 [Node] Setting-up "_val_bold0" in "/scratch/fmriprep_wf/single_subject_10003_wf/func_preproc_task_sharedreward_acq_mb3me1_wf/final_boldref_wf/val_bold/mapflow/_val_bold0".
220226-02:17:59,121 nipype.workflow INFO:
	 [Node] Executing "_val_bold0" <niworkflows.interfaces.images.ValidateImage>
220226-02:17:59,162 nipype.workflow INFO:
	 [Node] Finished "_val_bold0", elapsed time 0.040373s.
220226-02:18:02,22 nipype.workflow INFO:
	 [Node] Setting-up "fmriprep_wf.single_subject_10003_wf.func_preproc_task_sharedreward_acq_mb3me1_wf.final_boldref_wf.gen_ref" in "/scratch/fmriprep_wf/single_subject_10003_wf/func_preproc_task_sharedreward_acq_mb3me1_wf/final_boldref_wf/gen_ref".
220226-02:18:02,37 nipype.workflow INFO:
	 [Node] Executing "gen_ref" <niworkflows.interfaces.registration.EstimateReferenceImage>
220226-02:18:10,872 nipype.interface INFO:
	 stderr 2022-02-26T02:18:10.871981:++ 3dvolreg: AFNI version=Debian-16.2.07~dfsg.1-5~nd16.04+1 (Jun 12 2017) [64-bit]
220226-02:18:10,926 nipype.interface INFO:
	 stderr 2022-02-26T02:18:10.926374:++ Authored by: RW Cox
220226-02:18:10,926 nipype.interface INFO:
	 stderr 2022-02-26T02:18:10.926374:** AFNI converts NIFTI_datatype=4 (INT16) in file /scratch/fmriprep_wf/single_subject_10003_wf/func_preproc_task_sharedreward_acq_mb3me1_wf/final_boldref_wf/gen_ref/slice.nii.gz to FLOAT32
220226-02:18:10,926 nipype.interface INFO:
	 stderr 2022-02-26T02:18:10.926374:     Warnings of this type will be muted for this session.
220226-02:18:10,926 nipype.interface INFO:
	 stderr 2022-02-26T02:18:10.926374:     Set AFNI_NIFTI_TYPE_WARN to YES to see them all, NO to see none.
220226-02:18:10,926 nipype.interface INFO:
	 stderr 2022-02-26T02:18:10.926374:++ Coarse del was 10, replaced with 5
220226-02:18:12,675 nipype.workflow INFO:
	 [Node] Finished "bold_transform", elapsed time 407.88087s.
220226-02:18:13,857 nipype.workflow INFO:
	 [Node] Finished "bold_transform", elapsed time 407.197036s.
220226-02:18:15,243 nipype.workflow INFO:
	 [Node] Setting-up "fmriprep_wf.single_subject_10003_wf.func_preproc_task_sharedreward_acq_mb3me4_echo_1_wf.bold_bold_trans_wf.bold_transform" in "/scratch/fmriprep_wf/single_subject_10003_wf/func_preproc_task_sharedreward_acq_mb3me4_echo_1_wf/bold_bold_trans_wf/_bold_file_..base..bids..sub-10003..func..sub-10003_task-sharedreward_acq-mb3me4_echo-3_bold.nii.gz/bold_transform".
220226-02:18:15,244 nipype.workflow INFO:
	 [Node] Setting-up "fmriprep_wf.single_subject_10003_wf.func_preproc_task_sharedreward_acq_mb3me4_echo_1_wf.bold_bold_trans_wf.bold_transform" in "/scratch/fmriprep_wf/single_subject_10003_wf/func_preproc_task_sharedreward_acq_mb3me4_echo_1_wf/bold_bold_trans_wf/_bold_file_..base..bids..sub-10003..func..sub-10003_task-sharedreward_acq-mb3me4_echo-2_bold.nii.gz/bold_transform".
220226-02:18:15,443 nipype.workflow INFO:
	 [Node] Executing "bold_transform" <niworkflows.interfaces.itk.MultiApplyTransforms>
220226-02:18:15,463 nipype.workflow INFO:
	 [Node] Setting-up "fmriprep_wf.single_subject_10003_wf.func_preproc_task_sharedreward_acq_mb6me4_echo_1_wf.bold_bold_trans_wf.merge" in "/scratch/fmriprep_wf/single_subject_10003_wf/func_preproc_task_sharedreward_acq_mb6me4_echo_1_wf/bold_bold_trans_wf/_bold_file_..base..bids..sub-10003..func..sub-10003_task-sharedreward_acq-mb6me4_echo-3_bold.nii.gz/merge".
220226-02:18:15,467 nipype.workflow INFO:
	 [Node] Executing "bold_transform" <niworkflows.interfaces.itk.MultiApplyTransforms>
220226-02:18:15,611 nipype.workflow INFO:
	 [Node] Executing "merge" <niworkflows.interfaces.nilearn.Merge>
220226-02:18:15,867 nipype.workflow INFO:
	 [Node] Setting-up "fmriprep_wf.single_subject_10003_wf.func_preproc_task_sharedreward_acq_mb6me4_echo_1_wf.bold_bold_trans_wf.merge" in "/scratch/fmriprep_wf/single_subject_10003_wf/func_preproc_task_sharedreward_acq_mb6me4_echo_1_wf/bold_bold_trans_wf/_bold_file_..base..bids..sub-10003..func..sub-10003_task-sharedreward_acq-mb6me4_echo-2_bold.nii.gz/merge".
220226-02:18:15,960 nipype.workflow INFO:
	 [Node] Executing "merge" <niworkflows.interfaces.nilearn.Merge>
220226-02:18:18,377 nipype.workflow INFO:
	 [Node] Finished "bold_transform", elapsed time 407.437207s.
220226-02:18:19,203 nipype.workflow INFO:
	 [Node] Setting-up "fmriprep_wf.single_subject_10003_wf.func_preproc_task_sharedreward_acq_mb3me4_echo_1_wf.bold_bold_trans_wf.bold_transform" in "/scratch/fmriprep_wf/single_subject_10003_wf/func_preproc_task_sharedreward_acq_mb3me4_echo_1_wf/bold_bold_trans_wf/_bold_file_..base..bids..sub-10003..func..sub-10003_task-sharedreward_acq-mb3me4_echo-1_bold.nii.gz/bold_transform".
220226-02:18:19,356 nipype.workflow INFO:
	 [Node] Executing "bold_transform" <niworkflows.interfaces.itk.MultiApplyTransforms>
220226-02:18:19,476 nipype.workflow INFO:
	 [Node] Setting-up "fmriprep_wf.single_subject_10003_wf.func_preproc_task_sharedreward_acq_mb6me4_echo_1_wf.bold_bold_trans_wf.merge" in "/scratch/fmriprep_wf/single_subject_10003_wf/func_preproc_task_sharedreward_acq_mb6me4_echo_1_wf/bold_bold_trans_wf/_bold_file_..base..bids..sub-10003..func..sub-10003_task-sharedreward_acq-mb6me4_echo-1_bold.nii.gz/merge".
220226-02:18:19,638 nipype.workflow INFO:
	 [Node] Executing "merge" <niworkflows.interfaces.nilearn.Merge>
220226-02:19:48,906 nipype.workflow INFO:
	 [Node] Finished "merge", elapsed time 110.974798s.
220226-02:19:50,126 nipype.workflow INFO:
	 [Node] Finished "merge", elapsed time 94.156107s.
220226-02:19:51,290 nipype.workflow INFO:
	 [Node] Setting-up "fmriprep_wf.single_subject_10003_wf.func_preproc_task_sharedreward_acq_mb6me4_echo_1_wf.skullstrip_bold_wf.skullstrip_first_pass" in "/scratch/fmriprep_wf/single_subject_10003_wf/func_preproc_task_sharedreward_acq_mb6me4_echo_1_wf/skullstrip_bold_wf/_bold_file_..base..bids..sub-10003..func..sub-10003_task-sharedreward_acq-mb6me4_echo-4_bold.nii.gz/skullstrip_first_pass".
220226-02:19:51,299 nipype.workflow INFO:
	 [Node] Setting-up "fmriprep_wf.single_subject_10003_wf.func_preproc_task_sharedreward_acq_mb6me4_echo_1_wf.skullstrip_bold_wf.skullstrip_first_pass" in "/scratch/fmriprep_wf/single_subject_10003_wf/func_preproc_task_sharedreward_acq_mb6me4_echo_1_wf/skullstrip_bold_wf/_bold_file_..base..bids..sub-10003..func..sub-10003_task-sharedreward_acq-mb6me4_echo-2_bold.nii.gz/skullstrip_first_pass".
220226-02:19:51,616 nipype.workflow INFO:
	 [Node] Executing "skullstrip_first_pass" <nipype.interfaces.fsl.preprocess.BET>
220226-02:19:52,164 nipype.workflow INFO:
	 [Node] Executing "skullstrip_first_pass" <nipype.interfaces.fsl.preprocess.BET>
220226-02:19:53,933 nipype.workflow INFO:
	 [Node] Finished "merge", elapsed time 94.293143s.
220226-02:19:55,294 nipype.workflow INFO:
	 [Node] Setting-up "fmriprep_wf.single_subject_10003_wf.func_preproc_task_sharedreward_acq_mb6me4_echo_1_wf.skullstrip_bold_wf.skullstrip_first_pass" in "/scratch/fmriprep_wf/single_subject_10003_wf/func_preproc_task_sharedreward_acq_mb6me4_echo_1_wf/skullstrip_bold_wf/_bold_file_..base..bids..sub-10003..func..sub-10003_task-sharedreward_acq-mb6me4_echo-1_bold.nii.gz/skullstrip_first_pass".
220226-02:19:56,94 nipype.workflow INFO:
	 [Node] Executing "skullstrip_first_pass" <nipype.interfaces.fsl.preprocess.BET>
220226-02:19:56,341 nipype.workflow INFO:
	 [Node] Finished "skullstrip_first_pass", elapsed time 4.17508s.
220226-02:19:56,964 nipype.workflow INFO:
	 [Node] Finished "skullstrip_first_pass", elapsed time 5.346178s.
220226-02:19:57,169 nipype.workflow INFO:
	 [Node] Setting-up "fmriprep_wf.single_subject_10003_wf.func_preproc_task_sharedreward_acq_mb6me4_echo_1_wf.skullstrip_bold_wf.skullstrip_second_pass" in "/scratch/fmriprep_wf/single_subject_10003_wf/func_preproc_task_sharedreward_acq_mb6me4_echo_1_wf/skullstrip_bold_wf/_bold_file_..base..bids..sub-10003..func..sub-10003_task-sharedreward_acq-mb6me4_echo-2_bold.nii.gz/skullstrip_second_pass".
220226-02:19:57,174 nipype.workflow INFO:
	 [Node] Executing "skullstrip_second_pass" <nipype.interfaces.afni.preprocess.Automask>
220226-02:19:58,213 nipype.workflow INFO:
	 [Node] Finished "skullstrip_second_pass", elapsed time 1.037706s.
220226-02:19:59,364 nipype.workflow INFO:
	 [Node] Setting-up "fmriprep_wf.single_subject_10003_wf.func_preproc_task_sharedreward_acq_mb6me4_echo_1_wf.skullstrip_bold_wf.combine_masks" in "/scratch/fmriprep_wf/single_subject_10003_wf/func_preproc_task_sharedreward_acq_mb6me4_echo_1_wf/skullstrip_bold_wf/_bold_file_..base..bids..sub-10003..func..sub-10003_task-sharedreward_acq-mb6me4_echo-2_bold.nii.gz/combine_masks".
220226-02:19:59,367 nipype.workflow INFO:
	 [Node] Setting-up "fmriprep_wf.single_subject_10003_wf.func_preproc_task_sharedreward_acq_mb6me4_echo_1_wf.skullstrip_bold_wf.skullstrip_second_pass" in "/scratch/fmriprep_wf/single_subject_10003_wf/func_preproc_task_sharedreward_acq_mb6me4_echo_1_wf/skullstrip_bold_wf/_bold_file_..base..bids..sub-10003..func..sub-10003_task-sharedreward_acq-mb6me4_echo-4_bold.nii.gz/skullstrip_second_pass".
220226-02:19:59,369 nipype.workflow INFO:
	 [Node] Executing "combine_masks" <nipype.interfaces.fsl.maths.BinaryMaths>
220226-02:19:59,371 nipype.workflow INFO:
	 [Node] Executing "skullstrip_second_pass" <nipype.interfaces.afni.preprocess.Automask>
220226-02:19:59,972 nipype.workflow INFO:
	 [Node] Finished "combine_masks", elapsed time 0.599656s.
220226-02:20:00,576 nipype.workflow INFO:
	 [Node] Finished "skullstrip_second_pass", elapsed time 1.203213s.
220226-02:20:01,439 nipype.workflow INFO:
	 [Node] Setting-up "fmriprep_wf.single_subject_10003_wf.func_preproc_task_sharedreward_acq_mb6me4_echo_1_wf.skullstrip_bold_wf.combine_masks" in "/scratch/fmriprep_wf/single_subject_10003_wf/func_preproc_task_sharedreward_acq_mb6me4_echo_1_wf/skullstrip_bold_wf/_bold_file_..base..bids..sub-10003..func..sub-10003_task-sharedreward_acq-mb6me4_echo-4_bold.nii.gz/combine_masks".
220226-02:20:01,444 nipype.workflow INFO:
	 [Node] Executing "combine_masks" <nipype.interfaces.fsl.maths.BinaryMaths>
220226-02:20:01,456 nipype.workflow INFO:
	 [Node] Setting-up "fmriprep_wf.single_subject_10003_wf.func_preproc_task_sharedreward_acq_mb6me4_echo_1_wf.skullstrip_bold_wf.mask_reportlet" in "/scratch/fmriprep_wf/single_subject_10003_wf/func_preproc_task_sharedreward_acq_mb6me4_echo_1_wf/skullstrip_bold_wf/_bold_file_..base..bids..sub-10003..func..sub-10003_task-sharedreward_acq-mb6me4_echo-2_bold.nii.gz/mask_reportlet".
220226-02:20:01,458 nipype.workflow INFO:
	 [Node] Setting-up "fmriprep_wf.single_subject_10003_wf.func_preproc_task_sharedreward_acq_mb6me4_echo_1_wf.skullstrip_bold_wf.apply_mask" in "/scratch/fmriprep_wf/single_subject_10003_wf/func_preproc_task_sharedreward_acq_mb6me4_echo_1_wf/skullstrip_bold_wf/_bold_file_..base..bids..sub-10003..func..sub-10003_task-sharedreward_acq-mb6me4_echo-2_bold.nii.gz/apply_mask".
220226-02:20:02,89 nipype.workflow INFO:
	 [Node] Finished "combine_masks", elapsed time 0.64389s.
220226-02:20:02,97 nipype.workflow INFO:
	 [Node] Executing "apply_mask" <nipype.interfaces.fsl.maths.ApplyMask>
220226-02:20:02,121 nipype.workflow INFO:
	 [Node] Executing "mask_reportlet" <niworkflows.interfaces.masks.SimpleShowMaskRPT>
220226-02:20:02,166 nipype.workflow INFO:
	 [Node] Finished "bold_transform", elapsed time 407.054071s.
220226-02:20:03,133 nipype.workflow INFO:
	 [Node] Setting-up "fmriprep_wf.single_subject_10003_wf.func_preproc_task_sharedreward_acq_mb6me4_echo_1_wf.skullstrip_bold_wf.mask_reportlet" in "/scratch/fmriprep_wf/single_subject_10003_wf/func_preproc_task_sharedreward_acq_mb6me4_echo_1_wf/skullstrip_bold_wf/_bold_file_..base..bids..sub-10003..func..sub-10003_task-sharedreward_acq-mb6me4_echo-4_bold.nii.gz/mask_reportlet".
220226-02:20:03,149 nipype.workflow INFO:
	 [Node] Setting-up "fmriprep_wf.single_subject_10003_wf.func_preproc_task_sharedreward_acq_mb6me4_echo_1_wf.skullstrip_bold_wf.apply_mask" in "/scratch/fmriprep_wf/single_subject_10003_wf/func_preproc_task_sharedreward_acq_mb6me4_echo_1_wf/skullstrip_bold_wf/_bold_file_..base..bids..sub-10003..func..sub-10003_task-sharedreward_acq-mb6me4_echo-4_bold.nii.gz/apply_mask".
220226-02:20:03,158 nipype.workflow INFO:
	 [Node] Setting-up "fmriprep_wf.single_subject_10003_wf.func_preproc_task_sharedreward_acq_mb1me4_echo_1_wf.initial_boldref_wf.enhance_and_skullstrip_bold_wf.norm" in "/scratch/fmriprep_wf/single_subject_10003_wf/func_preproc_task_sharedreward_acq_mb1me4_echo_1_wf/initial_boldref_wf/enhance_and_skullstrip_bold_wf/norm".
220226-02:20:03,167 nipype.workflow INFO:
	 [Node] Executing "norm" <niworkflows.interfaces.fixes.FixHeaderRegistration>
220226-02:20:03,213 nipype.workflow INFO:
	 [Node] Finished "skullstrip_first_pass", elapsed time 7.116273s.
220226-02:20:03,299 nipype.workflow INFO:
	 [Node] Executing "mask_reportlet" <niworkflows.interfaces.masks.SimpleShowMaskRPT>
220226-02:20:03,368 nipype.workflow INFO:
	 [Node] Setting-up "fmriprep_wf.single_subject_10003_wf.func_preproc_task_sharedreward_acq_mb6me1_wf.bold_bold_trans_wf.merge" in "/scratch/fmriprep_wf/single_subject_10003_wf/func_preproc_task_sharedreward_acq_mb6me1_wf/bold_bold_trans_wf/merge".
220226-02:20:03,458 nipype.workflow INFO:
	 [Node] Executing "merge" <niworkflows.interfaces.nilearn.Merge>
220226-02:20:03,460 nipype.workflow INFO:
	 [Node] Executing "apply_mask" <nipype.interfaces.fsl.maths.ApplyMask>
220226-02:20:05,390 nipype.workflow INFO:
	 [Node] Setting-up "fmriprep_wf.single_subject_10003_wf.func_preproc_task_sharedreward_acq_mb6me4_echo_1_wf.skullstrip_bold_wf.skullstrip_second_pass" in "/scratch/fmriprep_wf/single_subject_10003_wf/func_preproc_task_sharedreward_acq_mb6me4_echo_1_wf/skullstrip_bold_wf/_bold_file_..base..bids..sub-10003..func..sub-10003_task-sharedreward_acq-mb6me4_echo-1_bold.nii.gz/skullstrip_second_pass".
220226-02:20:05,395 nipype.workflow INFO:
	 [Node] Executing "skullstrip_second_pass" <nipype.interfaces.afni.preprocess.Automask>
220226-02:20:05,976 nipype.workflow INFO:
	 [Node] Finished "norm", elapsed time 2.806671s.
220226-02:20:06,642 nipype.workflow INFO:
	 [Node] Finished "skullstrip_second_pass", elapsed time 1.245104s.
220226-02:20:07,350 nipype.workflow INFO:
	 [Node] Setting-up "fmriprep_wf.single_subject_10003_wf.func_preproc_task_sharedreward_acq_mb6me4_echo_1_wf.skullstrip_bold_wf.combine_masks" in "/scratch/fmriprep_wf/single_subject_10003_wf/func_preproc_task_sharedreward_acq_mb6me4_echo_1_wf/skullstrip_bold_wf/_bold_file_..base..bids..sub-10003..func..sub-10003_task-sharedreward_acq-mb6me4_echo-1_bold.nii.gz/combine_masks".
220226-02:20:07,351 nipype.workflow INFO:
	 [Node] Setting-up "fmriprep_wf.single_subject_10003_wf.func_preproc_task_sharedreward_acq_mb1me4_echo_1_wf.initial_boldref_wf.enhance_and_skullstrip_bold_wf.map_brainmask" in "/scratch/fmriprep_wf/single_subject_10003_wf/func_preproc_task_sharedreward_acq_mb1me4_echo_1_wf/initial_boldref_wf/enhance_and_skullstrip_bold_wf/map_brainmask".
220226-02:20:07,354 nipype.workflow INFO:
	 [Node] Executing "combine_masks" <nipype.interfaces.fsl.maths.BinaryMaths>
220226-02:20:07,357 nipype.workflow INFO:
	 [Node] Executing "map_brainmask" <niworkflows.interfaces.fixes.FixHeaderApplyTransforms>
220226-02:20:07,936 nipype.workflow INFO:
	 [Node] Finished "combine_masks", elapsed time 0.579302s.
220226-02:20:09,238 nipype.workflow INFO:
	 [Node] Setting-up "fmriprep_wf.single_subject_10003_wf.func_preproc_task_sharedreward_acq_mb6me4_echo_1_wf.skullstrip_bold_wf.mask_reportlet" in "/scratch/fmriprep_wf/single_subject_10003_wf/func_preproc_task_sharedreward_acq_mb6me4_echo_1_wf/skullstrip_bold_wf/_bold_file_..base..bids..sub-10003..func..sub-10003_task-sharedreward_acq-mb6me4_echo-1_bold.nii.gz/mask_reportlet".
220226-02:20:09,249 nipype.workflow INFO:
	 [Node] Setting-up "fmriprep_wf.single_subject_10003_wf.func_preproc_task_sharedreward_acq_mb6me4_echo_1_wf.skullstrip_bold_wf.apply_mask" in "/scratch/fmriprep_wf/single_subject_10003_wf/func_preproc_task_sharedreward_acq_mb6me4_echo_1_wf/skullstrip_bold_wf/_bold_file_..base..bids..sub-10003..func..sub-10003_task-sharedreward_acq-mb6me4_echo-1_bold.nii.gz/apply_mask".
220226-02:20:09,589 nipype.workflow INFO:
	 [Node] Executing "apply_mask" <nipype.interfaces.fsl.maths.ApplyMask>
220226-02:20:09,645 nipype.workflow INFO:
	 [Node] Executing "mask_reportlet" <niworkflows.interfaces.masks.SimpleShowMaskRPT>
220226-02:20:12,141 nipype.workflow INFO:
	 [Node] Finished "map_brainmask", elapsed time 4.053421s.
220226-02:20:12,921 nipype.workflow INFO:
	 [Node] Finished "merge", elapsed time 117.308472s.
220226-02:20:13,340 nipype.workflow INFO:
	 [Node] Setting-up "fmriprep_wf.single_subject_10003_wf.func_preproc_task_sharedreward_acq_mb1me4_echo_1_wf.initial_boldref_wf.enhance_and_skullstrip_bold_wf.binarize_mask" in "/scratch/fmriprep_wf/single_subject_10003_wf/func_preproc_task_sharedreward_acq_mb1me4_echo_1_wf/initial_boldref_wf/enhance_and_skullstrip_bold_wf/binarize_mask".
220226-02:20:13,343 nipype.workflow INFO:
	 [Node] Executing "binarize_mask" <niworkflows.interfaces.nibabel.Binarize>
220226-02:20:13,427 nipype.workflow INFO:
	 [Node] Finished "binarize_mask", elapsed time 0.082346s.
220226-02:20:15,402 nipype.workflow INFO:
	 [Node] Setting-up "fmriprep_wf.single_subject_10003_wf.func_preproc_task_sharedreward_acq_mb6me4_echo_1_wf.skullstrip_bold_wf.skullstrip_first_pass" in "/scratch/fmriprep_wf/single_subject_10003_wf/func_preproc_task_sharedreward_acq_mb6me4_echo_1_wf/skullstrip_bold_wf/_bold_file_..base..bids..sub-10003..func..sub-10003_task-sharedreward_acq-mb6me4_echo-3_bold.nii.gz/skullstrip_first_pass".
220226-02:20:15,440 nipype.workflow INFO:
	 [Node] Setting-up "fmriprep_wf.single_subject_10003_wf.func_preproc_task_sharedreward_acq_mb1me4_echo_1_wf.initial_boldref_wf.enhance_and_skullstrip_bold_wf.pre_mask_dilate" in "/scratch/fmriprep_wf/single_subject_10003_wf/func_preproc_task_sharedreward_acq_mb1me4_echo_1_wf/initial_boldref_wf/enhance_and_skullstrip_bold_wf/pre_mask_dilate".
220226-02:20:15,450 nipype.workflow INFO:
	 [Node] Executing "pre_mask_dilate" <nipype.interfaces.fsl.maths.DilateImage>
220226-02:20:16,51 nipype.workflow INFO:
	 [Node] Executing "skullstrip_first_pass" <nipype.interfaces.fsl.preprocess.BET>
220226-02:20:16,773 nipype.workflow INFO:
	 [Node] Finished "pre_mask_dilate", elapsed time 1.321224s.
220226-02:20:19,288 nipype.workflow INFO:
	 [Node] Setting-up "fmriprep_wf.single_subject_10003_wf.func_preproc_task_sharedreward_acq_mb1me4_echo_1_wf.initial_boldref_wf.enhance_and_skullstrip_bold_wf.n4_correct" in "/scratch/fmriprep_wf/single_subject_10003_wf/func_preproc_task_sharedreward_acq_mb1me4_echo_1_wf/initial_boldref_wf/enhance_and_skullstrip_bold_wf/n4_correct".
220226-02:20:19,293 nipype.workflow INFO:
	 [Node] Executing "n4_correct" <niworkflows.interfaces.fixes.FixN4BiasFieldCorrection>
220226-02:20:24,895 nipype.workflow INFO:
	 [Node] Finished "skullstrip_first_pass", elapsed time 8.842133s.
220226-02:20:25,776 nipype.workflow INFO:
	 [Node] Finished "mask_reportlet", elapsed time 22.476197s.
220226-02:20:27,211 nipype.workflow INFO:
	 [Node] Setting-up "fmriprep_wf.single_subject_10003_wf.func_preproc_task_sharedreward_acq_mb6me4_echo_1_wf.skullstrip_bold_wf.skullstrip_second_pass" in "/scratch/fmriprep_wf/single_subject_10003_wf/func_preproc_task_sharedreward_acq_mb6me4_echo_1_wf/skullstrip_bold_wf/_bold_file_..base..bids..sub-10003..func..sub-10003_task-sharedreward_acq-mb6me4_echo-3_bold.nii.gz/skullstrip_second_pass".
220226-02:20:27,215 nipype.workflow INFO:
	 [Node] Executing "skullstrip_second_pass" <nipype.interfaces.afni.preprocess.Automask>
220226-02:20:28,94 nipype.workflow INFO:
	 [Node] Finished "skullstrip_second_pass", elapsed time 0.877643s.
220226-02:20:28,737 nipype.workflow INFO:
	 [Node] Finished "n4_correct", elapsed time 8.713057s.
220226-02:20:29,304 nipype.workflow INFO:
	 [Node] Setting-up "fmriprep_wf.single_subject_10003_wf.func_preproc_task_sharedreward_acq_mb6me4_echo_1_wf.skullstrip_bold_wf.combine_masks" in "/scratch/fmriprep_wf/single_subject_10003_wf/func_preproc_task_sharedreward_acq_mb6me4_echo_1_wf/skullstrip_bold_wf/_bold_file_..base..bids..sub-10003..func..sub-10003_task-sharedreward_acq-mb6me4_echo-3_bold.nii.gz/combine_masks".
220226-02:20:29,309 nipype.workflow INFO:
	 [Node] Executing "combine_masks" <nipype.interfaces.fsl.maths.BinaryMaths>
220226-02:20:29,321 nipype.workflow INFO:
	 [Node] Setting-up "fmriprep_wf.single_subject_10003_wf.func_preproc_task_sharedreward_acq_mb1me4_echo_1_wf.initial_boldref_wf.enhance_and_skullstrip_bold_wf.skullstrip_first_pass" in "/scratch/fmriprep_wf/single_subject_10003_wf/func_preproc_task_sharedreward_acq_mb1me4_echo_1_wf/initial_boldref_wf/enhance_and_skullstrip_bold_wf/skullstrip_first_pass".
220226-02:20:29,325 nipype.workflow INFO:
	 [Node] Executing "skullstrip_first_pass" <nipype.interfaces.fsl.preprocess.BET>
220226-02:20:29,719 nipype.workflow INFO:
	 [Node] Finished "combine_masks", elapsed time 0.40843s.
220226-02:20:30,777 nipype.workflow INFO:
	 [Node] Finished "mask_reportlet", elapsed time 21.113482s.
220226-02:20:31,259 nipype.workflow INFO:
	 [Node] Setting-up "fmriprep_wf.single_subject_10003_wf.func_preproc_task_sharedreward_acq_mb6me4_echo_1_wf.skullstrip_bold_wf.mask_reportlet" in "/scratch/fmriprep_wf/single_subject_10003_wf/func_preproc_task_sharedreward_acq_mb6me4_echo_1_wf/skullstrip_bold_wf/_bold_file_..base..bids..sub-10003..func..sub-10003_task-sharedreward_acq-mb6me4_echo-3_bold.nii.gz/mask_reportlet".
220226-02:20:31,277 nipype.workflow INFO:
	 [Node] Setting-up "fmriprep_wf.single_subject_10003_wf.func_preproc_task_sharedreward_acq_mb6me4_echo_1_wf.skullstrip_bold_wf.apply_mask" in "/scratch/fmriprep_wf/single_subject_10003_wf/func_preproc_task_sharedreward_acq_mb6me4_echo_1_wf/skullstrip_bold_wf/_bold_file_..base..bids..sub-10003..func..sub-10003_task-sharedreward_acq-mb6me4_echo-3_bold.nii.gz/apply_mask".
220226-02:20:31,504 nipype.workflow INFO:
	 [Node] Executing "apply_mask" <nipype.interfaces.fsl.maths.ApplyMask>
220226-02:20:31,568 nipype.workflow INFO:
	 [Node] Executing "mask_reportlet" <niworkflows.interfaces.masks.SimpleShowMaskRPT>
220226-02:20:35,519 nipype.workflow INFO:
	 [Node] Finished "skullstrip_first_pass", elapsed time 6.192153s.
220226-02:20:36,448 nipype.workflow INFO:
	 [Node] Finished "mask_reportlet", elapsed time 34.297844s.
220226-02:20:37,315 nipype.workflow INFO:
	 [Node] Setting-up "fmriprep_wf.single_subject_10003_wf.func_preproc_task_sharedreward_acq_mb1me4_echo_1_wf.initial_boldref_wf.enhance_and_skullstrip_bold_wf.skullstrip_first_dilate" in "/scratch/fmriprep_wf/single_subject_10003_wf/func_preproc_task_sharedreward_acq_mb1me4_echo_1_wf/initial_boldref_wf/enhance_and_skullstrip_bold_wf/skullstrip_first_dilate".
220226-02:20:37,319 nipype.workflow INFO:
	 [Node] Executing "skullstrip_first_dilate" <nipype.interfaces.fsl.maths.DilateImage>
220226-02:20:37,328 nipype.workflow INFO:
	 [Node] Setting-up "fmriprep_wf.single_subject_10003_wf.func_preproc_task_sharedreward_acq_mb1me4_echo_1_wf.bold_bold_trans_wf.bold_transform" in "/scratch/fmriprep_wf/single_subject_10003_wf/func_preproc_task_sharedreward_acq_mb1me4_echo_1_wf/bold_bold_trans_wf/_bold_file_..base..bids..sub-10003..func..sub-10003_task-sharedreward_acq-mb1me4_echo-3_bold.nii.gz/bold_transform".
220226-02:20:37,639 nipype.workflow INFO:
	 [Node] Executing "bold_transform" <niworkflows.interfaces.itk.MultiApplyTransforms>
220226-02:20:40,409 nipype.workflow INFO:
	 [Node] Finished "skullstrip_first_dilate", elapsed time 3.088903s.
220226-02:20:41,315 nipype.workflow INFO:
	 [Node] Setting-up "fmriprep_wf.single_subject_10003_wf.func_preproc_task_sharedreward_acq_mb1me4_echo_1_wf.initial_boldref_wf.enhance_and_skullstrip_bold_wf.skullstrip_first_mask" in "/scratch/fmriprep_wf/single_subject_10003_wf/func_preproc_task_sharedreward_acq_mb1me4_echo_1_wf/initial_boldref_wf/enhance_and_skullstrip_bold_wf/skullstrip_first_mask".
220226-02:20:41,320 nipype.workflow INFO:
	 [Node] Executing "skullstrip_first_mask" <nipype.interfaces.fsl.maths.ApplyMask>
220226-02:20:41,724 nipype.workflow INFO:
	 [Node] Finished "skullstrip_first_mask", elapsed time 0.402844s.
220226-02:20:43,301 nipype.workflow INFO:
	 [Node] Setting-up "fmriprep_wf.single_subject_10003_wf.func_preproc_task_sharedreward_acq_mb1me4_echo_1_wf.initial_boldref_wf.enhance_and_skullstrip_bold_wf.unifize" in "/scratch/fmriprep_wf/single_subject_10003_wf/func_preproc_task_sharedreward_acq_mb1me4_echo_1_wf/initial_boldref_wf/enhance_and_skullstrip_bold_wf/unifize".
220226-02:20:43,305 nipype.workflow INFO:
	 [Node] Executing "unifize" <nipype.interfaces.afni.utils.Unifize>
220226-02:20:48,853 nipype.workflow INFO:
	 [Node] Finished "unifize", elapsed time 5.546633s.
220226-02:20:49,485 nipype.workflow INFO:
	 [Node] Finished "apply_mask", elapsed time 47.385304s.
220226-02:20:51,378 nipype.workflow INFO:
	 [Node] Setting-up "fmriprep_wf.single_subject_10003_wf.func_preproc_task_sharedreward_acq_mb1me4_echo_1_wf.initial_boldref_wf.enhance_and_skullstrip_bold_wf.fixhdr_unifize" in "/scratch/fmriprep_wf/single_subject_10003_wf/func_preproc_task_sharedreward_acq_mb1me4_echo_1_wf/initial_boldref_wf/enhance_and_skullstrip_bold_wf/fixhdr_unifize".
220226-02:20:51,383 nipype.workflow INFO:
	 [Node] Executing "fixhdr_unifize" <niworkflows.interfaces.utils.CopyXForm>
220226-02:20:51,500 nipype.workflow INFO:
	 [Node] Finished "fixhdr_unifize", elapsed time 0.115797s.
220226-02:20:52,352 nipype.workflow INFO:
	 [Node] Finished "apply_mask", elapsed time 42.740049s.
220226-02:20:53,314 nipype.workflow INFO:
	 [Node] Setting-up "fmriprep_wf.single_subject_10003_wf.func_preproc_task_sharedreward_acq_mb1me4_echo_1_wf.initial_boldref_wf.enhance_and_skullstrip_bold_wf.skullstrip_second_pass" in "/scratch/fmriprep_wf/single_subject_10003_wf/func_preproc_task_sharedreward_acq_mb1me4_echo_1_wf/initial_boldref_wf/enhance_and_skullstrip_bold_wf/skullstrip_second_pass".
220226-02:20:53,319 nipype.workflow INFO:
	 [Node] Executing "skullstrip_second_pass" <nipype.interfaces.afni.preprocess.Automask>
220226-02:20:53,860 nipype.workflow INFO:
	 [Node] Finished "skullstrip_second_pass", elapsed time 0.539099s.
220226-02:20:54,269 nipype.workflow INFO:
	 [Node] Finished "apply_mask", elapsed time 50.802219s.
220226-02:20:55,25 nipype.workflow INFO:
	 [Node] Finished "mask_reportlet", elapsed time 23.455136s.
220226-02:20:55,499 nipype.workflow INFO:
	 [Node] Setting-up "fmriprep_wf.single_subject_10003_wf.func_preproc_task_sharedreward_acq_mb1me4_echo_1_wf.initial_boldref_wf.enhance_and_skullstrip_bold_wf.fixhdr_skullstrip2" in "/scratch/fmriprep_wf/single_subject_10003_wf/func_preproc_task_sharedreward_acq_mb1me4_echo_1_wf/initial_boldref_wf/enhance_and_skullstrip_bold_wf/fixhdr_skullstrip2".
220226-02:20:55,503 nipype.workflow INFO:
	 [Node] Executing "fixhdr_skullstrip2" <niworkflows.interfaces.utils.CopyXForm>
220226-02:20:55,612 nipype.workflow INFO:
	 [Node] Finished "fixhdr_skullstrip2", elapsed time 0.107755s.
220226-02:20:57,349 nipype.workflow INFO:
	 [Node] Setting-up "fmriprep_wf.single_subject_10003_wf.func_preproc_task_sharedreward_acq_mb1me4_echo_1_wf.initial_boldref_wf.enhance_and_skullstrip_bold_wf.combine_masks" in "/scratch/fmriprep_wf/single_subject_10003_wf/func_preproc_task_sharedreward_acq_mb1me4_echo_1_wf/initial_boldref_wf/enhance_and_skullstrip_bold_wf/combine_masks".
220226-02:20:57,353 nipype.workflow INFO:
	 [Node] Executing "combine_masks" <nipype.interfaces.fsl.maths.BinaryMaths>
220226-02:20:57,716 nipype.workflow INFO:
	 [Node] Finished "combine_masks", elapsed time 0.361277s.
220226-02:20:59,381 nipype.workflow INFO:
	 [Node] Setting-up "fmriprep_wf.single_subject_10003_wf.func_preproc_task_sharedreward_acq_mb1me4_echo_1_wf.initial_boldref_wf.enhance_and_skullstrip_bold_wf.apply_mask" in "/scratch/fmriprep_wf/single_subject_10003_wf/func_preproc_task_sharedreward_acq_mb1me4_echo_1_wf/initial_boldref_wf/enhance_and_skullstrip_bold_wf/apply_mask".
220226-02:20:59,385 nipype.workflow INFO:
	 [Node] Executing "apply_mask" <nipype.interfaces.fsl.maths.ApplyMask>
220226-02:20:59,810 nipype.workflow INFO:
	 [Node] Finished "apply_mask", elapsed time 0.423268s.
220226-02:21:10,126 nipype.workflow INFO:
	 [Node] Finished "apply_mask", elapsed time 38.598948s.
220226-02:21:11,372 nipype.workflow INFO:
	 [Node] Setting-up "fmriprep_wf.single_subject_10003_wf.func_preproc_task_sharedreward_acq_mb6me4_echo_1_wf.join_echos" in "/scratch/fmriprep_wf/single_subject_10003_wf/func_preproc_task_sharedreward_acq_mb6me4_echo_1_wf/join_echos".
220226-02:21:11,691 nipype.workflow INFO:
	 [Node] Executing "join_echos" <nipype.interfaces.utility.base.IdentityInterface>
220226-02:21:11,693 nipype.workflow INFO:
	 [Node] Finished "join_echos", elapsed time 0.000479s.
220226-02:21:14,545 nipype.workflow INFO:
	 [Node] Setting-up "fmriprep_wf.single_subject_10003_wf.func_preproc_task_sharedreward_acq_mb6me4_echo_1_wf.bold_t2smap_wf.t2smap_node" in "/scratch/fmriprep_wf/single_subject_10003_wf/func_preproc_task_sharedreward_acq_mb6me4_echo_1_wf/bold_t2smap_wf/t2smap_node".
220226-02:21:14,566 nipype.workflow INFO:
	 [Node] Executing "t2smap_node" <fmriprep.interfaces.multiecho.T2SMap>
220226-02:21:15,207 nipype.workflow INFO:
	 [Node] Setting-up "_val_bold0" in "/scratch/fmriprep_wf/single_subject_10003_wf/func_preproc_task_sharedreward_acq_mb6me4_echo_1_wf/final_boldref_wf/val_bold/mapflow/_val_bold0".
220226-02:21:15,210 nipype.workflow INFO:
	 [Node] Executing "_val_bold0" <niworkflows.interfaces.images.ValidateImage>
220226-02:21:15,224 nipype.workflow INFO:
	 [Node] Setting-up "_val_bold2" in "/scratch/fmriprep_wf/single_subject_10003_wf/func_preproc_task_sharedreward_acq_mb6me4_echo_1_wf/final_boldref_wf/val_bold/mapflow/_val_bold2".
220226-02:21:15,224 nipype.workflow INFO:
	 [Node] Setting-up "_val_bold3" in "/scratch/fmriprep_wf/single_subject_10003_wf/func_preproc_task_sharedreward_acq_mb6me4_echo_1_wf/final_boldref_wf/val_bold/mapflow/_val_bold3".
220226-02:21:15,226 nipype.workflow INFO:
	 [Node] Executing "_val_bold2" <niworkflows.interfaces.images.ValidateImage>
220226-02:21:15,226 nipype.workflow INFO:
	 [Node] Executing "_val_bold3" <niworkflows.interfaces.images.ValidateImage>
220226-02:21:15,255 nipype.workflow INFO:
	 [Node] Setting-up "_val_bold1" in "/scratch/fmriprep_wf/single_subject_10003_wf/func_preproc_task_sharedreward_acq_mb6me4_echo_1_wf/final_boldref_wf/val_bold/mapflow/_val_bold1".
220226-02:21:15,258 nipype.workflow INFO:
	 [Node] Executing "_val_bold1" <niworkflows.interfaces.images.ValidateImage>
220226-02:21:15,288 nipype.workflow INFO:
	 [Node] Finished "_val_bold2", elapsed time 0.060904s.
220226-02:21:15,292 nipype.workflow INFO:
	 [Node] Finished "_val_bold0", elapsed time 0.079748s.
220226-02:21:15,303 nipype.workflow INFO:
	 [Node] Finished "_val_bold3", elapsed time 0.075723s.
220226-02:21:15,320 nipype.workflow INFO:
	 [Node] Finished "_val_bold1", elapsed time 0.040765s.
220226-02:21:17,136 nipype.workflow INFO:
	 [Node] Setting-up "_val_bold0" in "/scratch/fmriprep_wf/single_subject_10003_wf/func_preproc_task_sharedreward_acq_mb6me4_echo_1_wf/final_boldref_wf/val_bold/mapflow/_val_bold0".
220226-02:21:17,138 nipype.workflow INFO:
	 [Node] Cached "_val_bold0" - collecting precomputed outputs
220226-02:21:17,138 nipype.workflow INFO:
	 [Node] "_val_bold0" found cached.
220226-02:21:17,139 nipype.workflow INFO:
	 [Node] Setting-up "_val_bold1" in "/scratch/fmriprep_wf/single_subject_10003_wf/func_preproc_task_sharedreward_acq_mb6me4_echo_1_wf/final_boldref_wf/val_bold/mapflow/_val_bold1".
220226-02:21:17,141 nipype.workflow INFO:
	 [Node] Cached "_val_bold1" - collecting precomputed outputs
220226-02:21:17,141 nipype.workflow INFO:
	 [Node] "_val_bold1" found cached.
220226-02:21:17,142 nipype.workflow INFO:
	 [Node] Setting-up "_val_bold2" in "/scratch/fmriprep_wf/single_subject_10003_wf/func_preproc_task_sharedreward_acq_mb6me4_echo_1_wf/final_boldref_wf/val_bold/mapflow/_val_bold2".
220226-02:21:17,143 nipype.workflow INFO:
	 [Node] Cached "_val_bold2" - collecting precomputed outputs
220226-02:21:17,143 nipype.workflow INFO:
	 [Node] "_val_bold2" found cached.
220226-02:21:17,144 nipype.workflow INFO:
	 [Node] Setting-up "_val_bold3" in "/scratch/fmriprep_wf/single_subject_10003_wf/func_preproc_task_sharedreward_acq_mb6me4_echo_1_wf/final_boldref_wf/val_bold/mapflow/_val_bold3".
220226-02:21:17,146 nipype.workflow INFO:
	 [Node] Cached "_val_bold3" - collecting precomputed outputs
220226-02:21:17,146 nipype.workflow INFO:
	 [Node] "_val_bold3" found cached.
220226-02:21:20,304 nipype.workflow INFO:
	 [Node] Setting-up "fmriprep_wf.single_subject_10003_wf.func_preproc_task_sharedreward_acq_mb6me4_echo_1_wf.final_boldref_wf.gen_ref" in "/scratch/fmriprep_wf/single_subject_10003_wf/func_preproc_task_sharedreward_acq_mb6me4_echo_1_wf/final_boldref_wf/gen_ref".
220226-02:21:20,308 nipype.workflow INFO:
	 [Node] Executing "gen_ref" <niworkflows.interfaces.registration.EstimateReferenceImage>
220226-02:21:28,758 nipype.interface INFO:
	 stderr 2022-02-26T02:21:28.758036:++ 3dvolreg: AFNI version=Debian-16.2.07~dfsg.1-5~nd16.04+1 (Jun 12 2017) [64-bit]
220226-02:21:28,758 nipype.interface INFO:
	 stderr 2022-02-26T02:21:28.758947:++ Authored by: RW Cox
220226-02:21:28,760 nipype.interface INFO:
	 stderr 2022-02-26T02:21:28.760287:** AFNI converts NIFTI_datatype=4 (INT16) in file /scratch/fmriprep_wf/single_subject_10003_wf/func_preproc_task_sharedreward_acq_mb6me4_echo_1_wf/final_boldref_wf/gen_ref/slice.nii.gz to FLOAT32
220226-02:21:28,760 nipype.interface INFO:
	 stderr 2022-02-26T02:21:28.760578:     Warnings of this type will be muted for this session.
220226-02:21:28,760 nipype.interface INFO:
	 stderr 2022-02-26T02:21:28.760578:     Set AFNI_NIFTI_TYPE_WARN to YES to see them all, NO to see none.
220226-02:21:28,761 nipype.interface INFO:
	 stderr 2022-02-26T02:21:28.761285:++ Coarse del was 10, replaced with 5
220226-02:21:55,366 nipype.interface INFO:
	 stderr 2022-02-26T02:21:55.366112:++ Max displacement in automask = 0.14 (mm) at sub-brick 16
220226-02:21:55,386 nipype.interface INFO:
	 stderr 2022-02-26T02:21:55.386349:++ Max delta displ  in automask = 0.15 (mm) at sub-brick 5
220226-02:21:57,616 nipype.workflow INFO:
	 [Node] Finished "merge", elapsed time 114.150763s.
220226-02:21:59,314 nipype.workflow INFO:
	 [Node] Setting-up "_val_bold0" in "/scratch/fmriprep_wf/single_subject_10003_wf/func_preproc_task_sharedreward_acq_mb6me1_wf/final_boldref_wf/val_bold/mapflow/_val_bold0".
220226-02:21:59,316 nipype.workflow INFO:
	 [Node] Executing "_val_bold0" <niworkflows.interfaces.images.ValidateImage>
220226-02:21:59,380 nipype.workflow INFO:
	 [Node] Finished "_val_bold0", elapsed time 0.062855s.
220226-02:22:02,20 nipype.workflow INFO:
	 [Node] Setting-up "fmriprep_wf.single_subject_10003_wf.func_preproc_task_sharedreward_acq_mb6me1_wf.final_boldref_wf.gen_ref" in "/scratch/fmriprep_wf/single_subject_10003_wf/func_preproc_task_sharedreward_acq_mb6me1_wf/final_boldref_wf/gen_ref".
220226-02:22:02,23 nipype.workflow INFO:
	 [Node] Executing "gen_ref" <niworkflows.interfaces.registration.EstimateReferenceImage>
220226-02:22:06,833 nipype.workflow INFO:
	 [Node] Finished "gen_ref", elapsed time 244.79438s.
220226-02:22:08,599 nipype.workflow INFO:
	 [Node] Finished "gen_ref", elapsed time 6.573646s.
220226-02:23:53,293 nipype.workflow INFO:
	 [Node] Finished "bold_transform", elapsed time 195.651951s.
220226-02:23:55,526 nipype.workflow INFO:
	 [Node] Setting-up "fmriprep_wf.single_subject_10003_wf.func_preproc_task_sharedreward_acq_mb6me1_wf.final_boldref_wf.enhance_and_skullstrip_bold_wf.init_aff" in "/scratch/fmriprep_wf/single_subject_10003_wf/func_preproc_task_sharedreward_acq_mb6me1_wf/final_boldref_wf/enhance_and_skullstrip_bold_wf/init_aff".
220226-02:23:55,531 nipype.workflow INFO:
	 [Node] Executing "init_aff" <nipype.interfaces.ants.utils.AI>
220226-02:23:55,716 nipype.workflow INFO:
	 [Node] Setting-up "fmriprep_wf.single_subject_10003_wf.func_preproc_task_sharedreward_acq_mb1me4_echo_1_wf.bold_bold_trans_wf.merge" in "/scratch/fmriprep_wf/single_subject_10003_wf/func_preproc_task_sharedreward_acq_mb1me4_echo_1_wf/bold_bold_trans_wf/_bold_file_..base..bids..sub-10003..func..sub-10003_task-sharedreward_acq-mb1me4_echo-3_bold.nii.gz/merge".
220226-02:23:55,873 nipype.workflow INFO:
	 [Node] Executing "merge" <niworkflows.interfaces.nilearn.Merge>
220226-02:24:14,364 nipype.workflow INFO:
	 [Node] Finished "bold_transform", elapsed time 376.701127s.
220226-02:24:15,455 nipype.workflow INFO:
	 [Node] Setting-up "fmriprep_wf.single_subject_10003_wf.func_preproc_task_sharedreward_acq_mb3me4_echo_1_wf.bold_bold_trans_wf.merge" in "/scratch/fmriprep_wf/single_subject_10003_wf/func_preproc_task_sharedreward_acq_mb3me4_echo_1_wf/bold_bold_trans_wf/_bold_file_..base..bids..sub-10003..func..sub-10003_task-sharedreward_acq-mb3me4_echo-4_bold.nii.gz/merge".
220226-02:24:15,456 nipype.workflow INFO:
	 [Node] Setting-up "fmriprep_wf.single_subject_10003_wf.func_preproc_task_sharedreward_acq_mb3me1_wf.final_boldref_wf.enhance_and_skullstrip_bold_wf.init_aff" in "/scratch/fmriprep_wf/single_subject_10003_wf/func_preproc_task_sharedreward_acq_mb3me1_wf/final_boldref_wf/enhance_and_skullstrip_bold_wf/init_aff".
220226-02:24:15,461 nipype.workflow INFO:
	 [Node] Executing "init_aff" <nipype.interfaces.ants.utils.AI>
220226-02:24:15,780 nipype.workflow INFO:
	 [Node] Executing "merge" <niworkflows.interfaces.nilearn.Merge>
220226-02:24:18,965 nipype.workflow INFO:
	 [Node] Finished "bold_transform", elapsed time 363.520671s.
220226-02:24:19,259 nipype.workflow INFO:
	 [Node] Finished "bold_transform", elapsed time 363.790568s.
220226-02:24:20,885 nipype.workflow INFO:
	 [Node] Finished "bold_transform", elapsed time 361.513736s.
220226-02:24:21,525 nipype.workflow INFO:
	 [Node] Setting-up "fmriprep_wf.single_subject_10003_wf.func_preproc_task_sharedreward_acq_mb1me4_echo_1_wf.bold_bold_trans_wf.bold_transform" in "/scratch/fmriprep_wf/single_subject_10003_wf/func_preproc_task_sharedreward_acq_mb1me4_echo_1_wf/bold_bold_trans_wf/_bold_file_..base..bids..sub-10003..func..sub-10003_task-sharedreward_acq-mb1me4_echo-2_bold.nii.gz/bold_transform".
220226-02:24:21,540 nipype.workflow INFO:
	 [Node] Setting-up "fmriprep_wf.single_subject_10003_wf.func_preproc_task_sharedreward_acq_mb1me4_echo_1_wf.bold_bold_trans_wf.bold_transform" in "/scratch/fmriprep_wf/single_subject_10003_wf/func_preproc_task_sharedreward_acq_mb1me4_echo_1_wf/bold_bold_trans_wf/_bold_file_..base..bids..sub-10003..func..sub-10003_task-sharedreward_acq-mb1me4_echo-1_bold.nii.gz/bold_transform".
220226-02:24:21,542 nipype.workflow INFO:
	 [Node] Setting-up "fmriprep_wf.single_subject_10003_wf.func_preproc_task_sharedreward_acq_mb1me1_wf.initial_boldref_wf.enhance_and_skullstrip_bold_wf.norm" in "/scratch/fmriprep_wf/single_subject_10003_wf/func_preproc_task_sharedreward_acq_mb1me1_wf/initial_boldref_wf/enhance_and_skullstrip_bold_wf/norm".
220226-02:24:21,571 nipype.workflow INFO:
	 [Node] Executing "norm" <niworkflows.interfaces.fixes.FixHeaderRegistration>
220226-02:24:21,720 nipype.workflow INFO:
	 [Node] Setting-up "fmriprep_wf.single_subject_10003_wf.func_preproc_task_sharedreward_acq_mb3me4_echo_1_wf.bold_bold_trans_wf.merge" in "/scratch/fmriprep_wf/single_subject_10003_wf/func_preproc_task_sharedreward_acq_mb3me4_echo_1_wf/bold_bold_trans_wf/_bold_file_..base..bids..sub-10003..func..sub-10003_task-sharedreward_acq-mb3me4_echo-1_bold.nii.gz/merge".
220226-02:24:21,722 nipype.workflow INFO:
	 [Node] Executing "bold_transform" <niworkflows.interfaces.itk.MultiApplyTransforms>
220226-02:24:21,775 nipype.workflow INFO:
	 [Node] Setting-up "fmriprep_wf.single_subject_10003_wf.func_preproc_task_sharedreward_acq_mb3me4_echo_1_wf.bold_bold_trans_wf.merge" in "/scratch/fmriprep_wf/single_subject_10003_wf/func_preproc_task_sharedreward_acq_mb3me4_echo_1_wf/bold_bold_trans_wf/_bold_file_..base..bids..sub-10003..func..sub-10003_task-sharedreward_acq-mb3me4_echo-3_bold.nii.gz/merge".
220226-02:24:21,795 nipype.workflow INFO:
	 [Node] Executing "bold_transform" <niworkflows.interfaces.itk.MultiApplyTransforms>
220226-02:24:21,805 nipype.workflow INFO:
	 [Node] Setting-up "fmriprep_wf.single_subject_10003_wf.func_preproc_task_sharedreward_acq_mb3me4_echo_1_wf.bold_bold_trans_wf.merge" in "/scratch/fmriprep_wf/single_subject_10003_wf/func_preproc_task_sharedreward_acq_mb3me4_echo_1_wf/bold_bold_trans_wf/_bold_file_..base..bids..sub-10003..func..sub-10003_task-sharedreward_acq-mb3me4_echo-2_bold.nii.gz/merge".
220226-02:24:21,808 nipype.workflow INFO:
	 [Node] Executing "merge" <niworkflows.interfaces.nilearn.Merge>
220226-02:24:21,940 nipype.workflow INFO:
	 [Node] Executing "merge" <niworkflows.interfaces.nilearn.Merge>
220226-02:24:22,25 nipype.workflow INFO:
	 [Node] Executing "merge" <niworkflows.interfaces.nilearn.Merge>
220226-02:24:26,610 nipype.workflow INFO:
	 [Node] Finished "norm", elapsed time 4.397466s.
220226-02:24:27,475 nipype.workflow INFO:
	 [Node] Setting-up "fmriprep_wf.single_subject_10003_wf.func_preproc_task_sharedreward_acq_mb1me1_wf.initial_boldref_wf.enhance_and_skullstrip_bold_wf.map_brainmask" in "/scratch/fmriprep_wf/single_subject_10003_wf/func_preproc_task_sharedreward_acq_mb1me1_wf/initial_boldref_wf/enhance_and_skullstrip_bold_wf/map_brainmask".
220226-02:24:27,482 nipype.workflow INFO:
	 [Node] Executing "map_brainmask" <niworkflows.interfaces.fixes.FixHeaderApplyTransforms>
220226-02:24:27,487 nipype.workflow INFO:
	 [Node] Setting-up "fmriprep_wf.single_subject_10003_wf.func_preproc_task_sharedreward_acq_mb1me1_wf.bold_bold_trans_wf.bold_transform" in "/scratch/fmriprep_wf/single_subject_10003_wf/func_preproc_task_sharedreward_acq_mb1me1_wf/bold_bold_trans_wf/bold_transform".
220226-02:24:27,656 nipype.workflow INFO:
	 [Node] Executing "bold_transform" <niworkflows.interfaces.itk.MultiApplyTransforms>
220226-02:24:30,626 nipype.workflow INFO:
	 [Node] Finished "map_brainmask", elapsed time 2.338697s.
220226-02:24:31,400 nipype.workflow INFO:
	 [Node] Setting-up "fmriprep_wf.single_subject_10003_wf.func_preproc_task_sharedreward_acq_mb1me1_wf.initial_boldref_wf.enhance_and_skullstrip_bold_wf.binarize_mask" in "/scratch/fmriprep_wf/single_subject_10003_wf/func_preproc_task_sharedreward_acq_mb1me1_wf/initial_boldref_wf/enhance_and_skullstrip_bold_wf/binarize_mask".
220226-02:24:31,404 nipype.workflow INFO:
	 [Node] Executing "binarize_mask" <niworkflows.interfaces.nibabel.Binarize>
220226-02:24:31,440 nipype.workflow INFO:
	 [Node] Finished "merge", elapsed time 35.566277s.
220226-02:24:31,449 nipype.workflow INFO:
	 [Node] Finished "binarize_mask", elapsed time 0.04303s.
220226-02:24:33,425 nipype.workflow INFO:
	 [Node] Setting-up "fmriprep_wf.single_subject_10003_wf.func_preproc_task_sharedreward_acq_mb1me4_echo_1_wf.skullstrip_bold_wf.skullstrip_first_pass" in "/scratch/fmriprep_wf/single_subject_10003_wf/func_preproc_task_sharedreward_acq_mb1me4_echo_1_wf/skullstrip_bold_wf/_bold_file_..base..bids..sub-10003..func..sub-10003_task-sharedreward_acq-mb1me4_echo-3_bold.nii.gz/skullstrip_first_pass".
220226-02:24:33,440 nipype.workflow INFO:
	 [Node] Setting-up "fmriprep_wf.single_subject_10003_wf.func_preproc_task_sharedreward_acq_mb1me1_wf.initial_boldref_wf.enhance_and_skullstrip_bold_wf.pre_mask_dilate" in "/scratch/fmriprep_wf/single_subject_10003_wf/func_preproc_task_sharedreward_acq_mb1me1_wf/initial_boldref_wf/enhance_and_skullstrip_bold_wf/pre_mask_dilate".
220226-02:24:33,447 nipype.workflow INFO:
	 [Node] Executing "pre_mask_dilate" <nipype.interfaces.fsl.maths.DilateImage>
220226-02:24:33,633 nipype.workflow INFO:
	 [Node] Executing "skullstrip_first_pass" <nipype.interfaces.fsl.preprocess.BET>
220226-02:24:34,737 nipype.workflow INFO:
	 [Node] Finished "pre_mask_dilate", elapsed time 1.288833s.
220226-02:24:37,484 nipype.workflow INFO:
	 [Node] Setting-up "fmriprep_wf.single_subject_10003_wf.func_preproc_task_sharedreward_acq_mb1me1_wf.initial_boldref_wf.enhance_and_skullstrip_bold_wf.n4_correct" in "/scratch/fmriprep_wf/single_subject_10003_wf/func_preproc_task_sharedreward_acq_mb1me1_wf/initial_boldref_wf/enhance_and_skullstrip_bold_wf/n4_correct".
220226-02:24:37,489 nipype.workflow INFO:
	 [Node] Executing "n4_correct" <niworkflows.interfaces.fixes.FixN4BiasFieldCorrection>
220226-02:24:39,32 nipype.workflow INFO:
	 [Node] Finished "skullstrip_first_pass", elapsed time 5.397236s.
220226-02:24:41,461 nipype.workflow INFO:
	 [Node] Setting-up "fmriprep_wf.single_subject_10003_wf.func_preproc_task_sharedreward_acq_mb1me4_echo_1_wf.skullstrip_bold_wf.skullstrip_second_pass" in "/scratch/fmriprep_wf/single_subject_10003_wf/func_preproc_task_sharedreward_acq_mb1me4_echo_1_wf/skullstrip_bold_wf/_bold_file_..base..bids..sub-10003..func..sub-10003_task-sharedreward_acq-mb1me4_echo-3_bold.nii.gz/skullstrip_second_pass".
220226-02:24:41,465 nipype.workflow INFO:
	 [Node] Executing "skullstrip_second_pass" <nipype.interfaces.afni.preprocess.Automask>
220226-02:24:41,961 nipype.workflow INFO:
	 [Node] Finished "skullstrip_second_pass", elapsed time 0.493615s.
220226-02:24:42,383 nipype.interface INFO:
	 stderr 2022-02-26T02:24:42.383042:++ Max displacement in automask = 0.26 (mm) at sub-brick 19
220226-02:24:42,383 nipype.interface INFO:
	 stderr 2022-02-26T02:24:42.383564:++ Max delta displ  in automask = 0.10 (mm) at sub-brick 12
220226-02:24:43,395 nipype.workflow INFO:
	 [Node] Setting-up "fmriprep_wf.single_subject_10003_wf.func_preproc_task_sharedreward_acq_mb1me4_echo_1_wf.skullstrip_bold_wf.combine_masks" in "/scratch/fmriprep_wf/single_subject_10003_wf/func_preproc_task_sharedreward_acq_mb1me4_echo_1_wf/skullstrip_bold_wf/_bold_file_..base..bids..sub-10003..func..sub-10003_task-sharedreward_acq-mb1me4_echo-3_bold.nii.gz/combine_masks".
220226-02:24:43,405 nipype.workflow INFO:
	 [Node] Executing "combine_masks" <nipype.interfaces.fsl.maths.BinaryMaths>
220226-02:24:43,784 nipype.workflow INFO:
	 [Node] Finished "combine_masks", elapsed time 0.375935s.
220226-02:24:44,135 nipype.workflow INFO:
	 [Node] Finished "n4_correct", elapsed time 6.623649s.
220226-02:24:45,478 nipype.workflow INFO:
	 [Node] Setting-up "fmriprep_wf.single_subject_10003_wf.func_preproc_task_sharedreward_acq_mb1me4_echo_1_wf.skullstrip_bold_wf.mask_reportlet" in "/scratch/fmriprep_wf/single_subject_10003_wf/func_preproc_task_sharedreward_acq_mb1me4_echo_1_wf/skullstrip_bold_wf/_bold_file_..base..bids..sub-10003..func..sub-10003_task-sharedreward_acq-mb1me4_echo-3_bold.nii.gz/mask_reportlet".
220226-02:24:45,489 nipype.workflow INFO:
	 [Node] Setting-up "fmriprep_wf.single_subject_10003_wf.func_preproc_task_sharedreward_acq_mb1me4_echo_1_wf.skullstrip_bold_wf.apply_mask" in "/scratch/fmriprep_wf/single_subject_10003_wf/func_preproc_task_sharedreward_acq_mb1me4_echo_1_wf/skullstrip_bold_wf/_bold_file_..base..bids..sub-10003..func..sub-10003_task-sharedreward_acq-mb1me4_echo-3_bold.nii.gz/apply_mask".
220226-02:24:45,670 nipype.workflow INFO:
	 [Node] Executing "mask_reportlet" <niworkflows.interfaces.masks.SimpleShowMaskRPT>
220226-02:24:45,806 nipype.workflow INFO:
	 [Node] Executing "apply_mask" <nipype.interfaces.fsl.maths.ApplyMask>
220226-02:24:48,689 nipype.workflow INFO:
	 [Node] Finished "gen_ref", elapsed time 208.379845s.
220226-02:24:50,72 nipype.workflow INFO:
	 [Node] Setting-up "fmriprep_wf.single_subject_10003_wf.func_preproc_task_sharedreward_acq_mb1me1_wf.initial_boldref_wf.enhance_and_skullstrip_bold_wf.skullstrip_first_pass" in "/scratch/fmriprep_wf/single_subject_10003_wf/func_preproc_task_sharedreward_acq_mb1me1_wf/initial_boldref_wf/enhance_and_skullstrip_bold_wf/skullstrip_first_pass".
220226-02:24:50,76 nipype.workflow INFO:
	 [Node] Executing "skullstrip_first_pass" <nipype.interfaces.fsl.preprocess.BET>
220226-02:24:55,838 nipype.workflow INFO:
	 [Node] Finished "skullstrip_first_pass", elapsed time 5.760395s.
220226-02:24:57,542 nipype.workflow INFO:
	 [Node] Setting-up "fmriprep_wf.single_subject_10003_wf.func_preproc_task_sharedreward_acq_mb1me1_wf.initial_boldref_wf.enhance_and_skullstrip_bold_wf.skullstrip_first_dilate" in "/scratch/fmriprep_wf/single_subject_10003_wf/func_preproc_task_sharedreward_acq_mb1me1_wf/initial_boldref_wf/enhance_and_skullstrip_bold_wf/skullstrip_first_dilate".
220226-02:24:57,546 nipype.workflow INFO:
	 [Node] Executing "skullstrip_first_dilate" <nipype.interfaces.fsl.maths.DilateImage>
220226-02:24:58,401 nipype.workflow INFO:
	 [Node] Finished "apply_mask", elapsed time 12.594019s.
220226-02:24:59,472 nipype.workflow INFO:
	 [Node] Finished "mask_reportlet", elapsed time 13.800726000000001s.
220226-02:24:59,757 nipype.workflow INFO:
	 [Node] Finished "skullstrip_first_dilate", elapsed time 2.209512s.
220226-02:25:01,350 nipype.workflow INFO:
	 [Node] Setting-up "fmriprep_wf.single_subject_10003_wf.func_preproc_task_sharedreward_acq_mb1me1_wf.initial_boldref_wf.enhance_and_skullstrip_bold_wf.skullstrip_first_mask" in "/scratch/fmriprep_wf/single_subject_10003_wf/func_preproc_task_sharedreward_acq_mb1me1_wf/initial_boldref_wf/enhance_and_skullstrip_bold_wf/skullstrip_first_mask".
220226-02:25:01,355 nipype.workflow INFO:
	 [Node] Executing "skullstrip_first_mask" <nipype.interfaces.fsl.maths.ApplyMask>
220226-02:25:01,699 nipype.workflow INFO:
	 [Node] Finished "skullstrip_first_mask", elapsed time 0.342533s.
220226-02:25:03,547 nipype.workflow INFO:
	 [Node] Setting-up "fmriprep_wf.single_subject_10003_wf.func_preproc_task_sharedreward_acq_mb1me1_wf.initial_boldref_wf.enhance_and_skullstrip_bold_wf.unifize" in "/scratch/fmriprep_wf/single_subject_10003_wf/func_preproc_task_sharedreward_acq_mb1me1_wf/initial_boldref_wf/enhance_and_skullstrip_bold_wf/unifize".
220226-02:25:03,552 nipype.workflow INFO:
	 [Node] Executing "unifize" <nipype.interfaces.afni.utils.Unifize>
220226-02:25:08,491 nipype.workflow INFO:
	 [Node] Finished "unifize", elapsed time 4.9368680000000005s.
220226-02:25:09,537 nipype.workflow INFO:
	 [Node] Setting-up "fmriprep_wf.single_subject_10003_wf.func_preproc_task_sharedreward_acq_mb1me1_wf.initial_boldref_wf.enhance_and_skullstrip_bold_wf.fixhdr_unifize" in "/scratch/fmriprep_wf/single_subject_10003_wf/func_preproc_task_sharedreward_acq_mb1me1_wf/initial_boldref_wf/enhance_and_skullstrip_bold_wf/fixhdr_unifize".
220226-02:25:09,551 nipype.workflow INFO:
	 [Node] Executing "fixhdr_unifize" <niworkflows.interfaces.utils.CopyXForm>
220226-02:25:09,704 nipype.workflow INFO:
	 [Node] Finished "fixhdr_unifize", elapsed time 0.136501s.
220226-02:25:11,406 nipype.workflow INFO:
	 [Node] Setting-up "fmriprep_wf.single_subject_10003_wf.func_preproc_task_sharedreward_acq_mb1me1_wf.initial_boldref_wf.enhance_and_skullstrip_bold_wf.skullstrip_second_pass" in "/scratch/fmriprep_wf/single_subject_10003_wf/func_preproc_task_sharedreward_acq_mb1me1_wf/initial_boldref_wf/enhance_and_skullstrip_bold_wf/skullstrip_second_pass".
220226-02:25:11,410 nipype.workflow INFO:
	 [Node] Executing "skullstrip_second_pass" <nipype.interfaces.afni.preprocess.Automask>
220226-02:25:12,3 nipype.workflow INFO:
	 [Node] Finished "skullstrip_second_pass", elapsed time 0.592048s.
220226-02:25:13,436 nipype.workflow INFO:
	 [Node] Setting-up "fmriprep_wf.single_subject_10003_wf.func_preproc_task_sharedreward_acq_mb1me1_wf.initial_boldref_wf.enhance_and_skullstrip_bold_wf.fixhdr_skullstrip2" in "/scratch/fmriprep_wf/single_subject_10003_wf/func_preproc_task_sharedreward_acq_mb1me1_wf/initial_boldref_wf/enhance_and_skullstrip_bold_wf/fixhdr_skullstrip2".
220226-02:25:13,440 nipype.workflow INFO:
	 [Node] Executing "fixhdr_skullstrip2" <niworkflows.interfaces.utils.CopyXForm>
220226-02:25:13,485 nipype.workflow INFO:
	 [Node] Finished "fixhdr_skullstrip2", elapsed time 0.044068s.
220226-02:25:15,380 nipype.workflow INFO:
	 [Node] Setting-up "fmriprep_wf.single_subject_10003_wf.func_preproc_task_sharedreward_acq_mb1me1_wf.initial_boldref_wf.enhance_and_skullstrip_bold_wf.combine_masks" in "/scratch/fmriprep_wf/single_subject_10003_wf/func_preproc_task_sharedreward_acq_mb1me1_wf/initial_boldref_wf/enhance_and_skullstrip_bold_wf/combine_masks".
220226-02:25:15,385 nipype.workflow INFO:
	 [Node] Executing "combine_masks" <nipype.interfaces.fsl.maths.BinaryMaths>
220226-02:25:15,877 nipype.workflow INFO:
	 [Node] Finished "combine_masks", elapsed time 0.490172s.
220226-02:25:17,508 nipype.workflow INFO:
	 [Node] Setting-up "fmriprep_wf.single_subject_10003_wf.func_preproc_task_sharedreward_acq_mb1me1_wf.initial_boldref_wf.enhance_and_skullstrip_bold_wf.apply_mask" in "/scratch/fmriprep_wf/single_subject_10003_wf/func_preproc_task_sharedreward_acq_mb1me1_wf/initial_boldref_wf/enhance_and_skullstrip_bold_wf/apply_mask".
220226-02:25:17,515 nipype.workflow INFO:
	 [Node] Executing "apply_mask" <nipype.interfaces.fsl.maths.ApplyMask>
220226-02:25:17,959 nipype.workflow INFO:
	 [Node] Finished "apply_mask", elapsed time 0.440684s.
220226-02:25:36,946 nipype.workflow INFO:
	 [Node] Finished "merge", elapsed time 75.001174s.
220226-02:25:37,645 nipype.workflow INFO:
	 [Node] Setting-up "fmriprep_wf.single_subject_10003_wf.func_preproc_task_sharedreward_acq_mb3me4_echo_1_wf.skullstrip_bold_wf.skullstrip_first_pass" in "/scratch/fmriprep_wf/single_subject_10003_wf/func_preproc_task_sharedreward_acq_mb3me4_echo_1_wf/skullstrip_bold_wf/_bold_file_..base..bids..sub-10003..func..sub-10003_task-sharedreward_acq-mb3me4_echo-2_bold.nii.gz/skullstrip_first_pass".
220226-02:25:37,884 nipype.workflow INFO:
	 [Node] Executing "skullstrip_first_pass" <nipype.interfaces.fsl.preprocess.BET>
220226-02:25:39,358 nipype.workflow INFO:
	 [Node] Finished "merge", elapsed time 83.574912s.
220226-02:25:41,524 nipype.workflow INFO:
	 [Node] Setting-up "fmriprep_wf.single_subject_10003_wf.func_preproc_task_sharedreward_acq_mb3me4_echo_1_wf.skullstrip_bold_wf.skullstrip_first_pass" in "/scratch/fmriprep_wf/single_subject_10003_wf/func_preproc_task_sharedreward_acq_mb3me4_echo_1_wf/skullstrip_bold_wf/_bold_file_..base..bids..sub-10003..func..sub-10003_task-sharedreward_acq-mb3me4_echo-4_bold.nii.gz/skullstrip_first_pass".
220226-02:25:41,529 nipype.workflow INFO:
	 [Node] Executing "skullstrip_first_pass" <nipype.interfaces.fsl.preprocess.BET>
220226-02:25:43,290 nipype.workflow INFO:
	 [Node] Finished "skullstrip_first_pass", elapsed time 5.403537s.
220226-02:25:43,531 nipype.workflow INFO:
	 [Node] Finished "merge", elapsed time 81.721371s.
220226-02:25:45,152 nipype.workflow INFO:
	 [Node] Finished "merge", elapsed time 83.124722s.
220226-02:25:45,544 nipype.workflow INFO:
	 [Node] Setting-up "fmriprep_wf.single_subject_10003_wf.func_preproc_task_sharedreward_acq_mb3me4_echo_1_wf.skullstrip_bold_wf.skullstrip_second_pass" in "/scratch/fmriprep_wf/single_subject_10003_wf/func_preproc_task_sharedreward_acq_mb3me4_echo_1_wf/skullstrip_bold_wf/_bold_file_..base..bids..sub-10003..func..sub-10003_task-sharedreward_acq-mb3me4_echo-2_bold.nii.gz/skullstrip_second_pass".
220226-02:25:45,548 nipype.workflow INFO:
	 [Node] Executing "skullstrip_second_pass" <nipype.interfaces.afni.preprocess.Automask>
220226-02:25:45,580 nipype.workflow INFO:
	 [Node] Setting-up "fmriprep_wf.single_subject_10003_wf.func_preproc_task_sharedreward_acq_mb3me4_echo_1_wf.skullstrip_bold_wf.skullstrip_first_pass" in "/scratch/fmriprep_wf/single_subject_10003_wf/func_preproc_task_sharedreward_acq_mb3me4_echo_1_wf/skullstrip_bold_wf/_bold_file_..base..bids..sub-10003..func..sub-10003_task-sharedreward_acq-mb3me4_echo-1_bold.nii.gz/skullstrip_first_pass".
220226-02:25:45,585 nipype.workflow INFO:
	 [Node] Executing "skullstrip_first_pass" <nipype.interfaces.fsl.preprocess.BET>
220226-02:25:46,169 nipype.workflow INFO:
	 [Node] Finished "skullstrip_second_pass", elapsed time 0.619393s.
220226-02:25:46,524 nipype.workflow INFO:
	 [Node] Finished "skullstrip_first_pass", elapsed time 4.993199s.
220226-02:25:47,844 nipype.workflow INFO:
	 [Node] Setting-up "fmriprep_wf.single_subject_10003_wf.func_preproc_task_sharedreward_acq_mb3me4_echo_1_wf.skullstrip_bold_wf.skullstrip_second_pass" in "/scratch/fmriprep_wf/single_subject_10003_wf/func_preproc_task_sharedreward_acq_mb3me4_echo_1_wf/skullstrip_bold_wf/_bold_file_..base..bids..sub-10003..func..sub-10003_task-sharedreward_acq-mb3me4_echo-4_bold.nii.gz/skullstrip_second_pass".
220226-02:25:47,849 nipype.workflow INFO:
	 [Node] Executing "skullstrip_second_pass" <nipype.interfaces.afni.preprocess.Automask>
220226-02:25:47,855 nipype.workflow INFO:
	 [Node] Setting-up "fmriprep_wf.single_subject_10003_wf.func_preproc_task_sharedreward_acq_mb3me4_echo_1_wf.skullstrip_bold_wf.skullstrip_first_pass" in "/scratch/fmriprep_wf/single_subject_10003_wf/func_preproc_task_sharedreward_acq_mb3me4_echo_1_wf/skullstrip_bold_wf/_bold_file_..base..bids..sub-10003..func..sub-10003_task-sharedreward_acq-mb3me4_echo-3_bold.nii.gz/skullstrip_first_pass".
220226-02:25:47,861 nipype.workflow INFO:
	 [Node] Executing "skullstrip_first_pass" <nipype.interfaces.fsl.preprocess.BET>
220226-02:25:47,862 nipype.workflow INFO:
	 [Node] Setting-up "fmriprep_wf.single_subject_10003_wf.func_preproc_task_sharedreward_acq_mb3me4_echo_1_wf.skullstrip_bold_wf.combine_masks" in "/scratch/fmriprep_wf/single_subject_10003_wf/func_preproc_task_sharedreward_acq_mb3me4_echo_1_wf/skullstrip_bold_wf/_bold_file_..base..bids..sub-10003..func..sub-10003_task-sharedreward_acq-mb3me4_echo-2_bold.nii.gz/combine_masks".
220226-02:25:47,867 nipype.workflow INFO:
	 [Node] Executing "combine_masks" <nipype.interfaces.fsl.maths.BinaryMaths>
220226-02:25:48,541 nipype.workflow INFO:
	 [Node] Finished "combine_masks", elapsed time 0.659673s.
220226-02:25:48,748 nipype.workflow INFO:
	 [Node] Finished "skullstrip_second_pass", elapsed time 0.89779s.
220226-02:25:49,524 nipype.workflow INFO:
	 [Node] Setting-up "fmriprep_wf.single_subject_10003_wf.func_preproc_task_sharedreward_acq_mb3me4_echo_1_wf.skullstrip_bold_wf.combine_masks" in "/scratch/fmriprep_wf/single_subject_10003_wf/func_preproc_task_sharedreward_acq_mb3me4_echo_1_wf/skullstrip_bold_wf/_bold_file_..base..bids..sub-10003..func..sub-10003_task-sharedreward_acq-mb3me4_echo-4_bold.nii.gz/combine_masks".
220226-02:25:49,531 nipype.workflow INFO:
	 [Node] Executing "combine_masks" <nipype.interfaces.fsl.maths.BinaryMaths>
220226-02:25:49,537 nipype.workflow INFO:
	 [Node] Setting-up "fmriprep_wf.single_subject_10003_wf.func_preproc_task_sharedreward_acq_mb3me4_echo_1_wf.skullstrip_bold_wf.mask_reportlet" in "/scratch/fmriprep_wf/single_subject_10003_wf/func_preproc_task_sharedreward_acq_mb3me4_echo_1_wf/skullstrip_bold_wf/_bold_file_..base..bids..sub-10003..func..sub-10003_task-sharedreward_acq-mb3me4_echo-2_bold.nii.gz/mask_reportlet".
220226-02:25:49,544 nipype.workflow INFO:
	 [Node] Executing "mask_reportlet" <niworkflows.interfaces.masks.SimpleShowMaskRPT>
220226-02:25:49,545 nipype.workflow INFO:
	 [Node] Setting-up "fmriprep_wf.single_subject_10003_wf.func_preproc_task_sharedreward_acq_mb3me4_echo_1_wf.skullstrip_bold_wf.apply_mask" in "/scratch/fmriprep_wf/single_subject_10003_wf/func_preproc_task_sharedreward_acq_mb3me4_echo_1_wf/skullstrip_bold_wf/_bold_file_..base..bids..sub-10003..func..sub-10003_task-sharedreward_acq-mb3me4_echo-2_bold.nii.gz/apply_mask".
220226-02:25:49,900 nipype.workflow INFO:
	 [Node] Executing "apply_mask" <nipype.interfaces.fsl.maths.ApplyMask>
220226-02:25:50,66 nipype.workflow INFO:
	 [Node] Finished "combine_masks", elapsed time 0.53308s.
220226-02:25:51,634 nipype.workflow INFO:
	 [Node] Setting-up "fmriprep_wf.single_subject_10003_wf.func_preproc_task_sharedreward_acq_mb3me4_echo_1_wf.skullstrip_bold_wf.mask_reportlet" in "/scratch/fmriprep_wf/single_subject_10003_wf/func_preproc_task_sharedreward_acq_mb3me4_echo_1_wf/skullstrip_bold_wf/_bold_file_..base..bids..sub-10003..func..sub-10003_task-sharedreward_acq-mb3me4_echo-4_bold.nii.gz/mask_reportlet".
220226-02:25:51,638 nipype.workflow INFO:
	 [Node] Setting-up "fmriprep_wf.single_subject_10003_wf.func_preproc_task_sharedreward_acq_mb3me4_echo_1_wf.skullstrip_bold_wf.apply_mask" in "/scratch/fmriprep_wf/single_subject_10003_wf/func_preproc_task_sharedreward_acq_mb3me4_echo_1_wf/skullstrip_bold_wf/_bold_file_..base..bids..sub-10003..func..sub-10003_task-sharedreward_acq-mb3me4_echo-4_bold.nii.gz/apply_mask".
220226-02:25:51,941 nipype.workflow INFO:
	 [Node] Executing "mask_reportlet" <niworkflows.interfaces.masks.SimpleShowMaskRPT>
220226-02:25:51,963 nipype.workflow INFO:
	 [Node] Executing "apply_mask" <nipype.interfaces.fsl.maths.ApplyMask>
220226-02:25:52,72 nipype.workflow INFO:
	 [Node] Finished "skullstrip_first_pass", elapsed time 6.486086s.
220226-02:25:53,576 nipype.workflow INFO:
	 [Node] Setting-up "fmriprep_wf.single_subject_10003_wf.func_preproc_task_sharedreward_acq_mb3me4_echo_1_wf.skullstrip_bold_wf.skullstrip_second_pass" in "/scratch/fmriprep_wf/single_subject_10003_wf/func_preproc_task_sharedreward_acq_mb3me4_echo_1_wf/skullstrip_bold_wf/_bold_file_..base..bids..sub-10003..func..sub-10003_task-sharedreward_acq-mb3me4_echo-1_bold.nii.gz/skullstrip_second_pass".
220226-02:25:53,591 nipype.workflow INFO:
	 [Node] Executing "skullstrip_second_pass" <nipype.interfaces.afni.preprocess.Automask>
220226-02:25:54,460 nipype.workflow INFO:
	 [Node] Finished "skullstrip_second_pass", elapsed time 0.866811s.
220226-02:25:54,505 nipype.workflow INFO:
	 [Node] Finished "skullstrip_first_pass", elapsed time 6.625891s.
220226-02:25:55,329 nipype.workflow INFO:
	 [Node] Setting-up "fmriprep_wf.single_subject_10003_wf.func_preproc_task_sharedreward_acq_mb3me4_echo_1_wf.skullstrip_bold_wf.skullstrip_second_pass" in "/scratch/fmriprep_wf/single_subject_10003_wf/func_preproc_task_sharedreward_acq_mb3me4_echo_1_wf/skullstrip_bold_wf/_bold_file_..base..bids..sub-10003..func..sub-10003_task-sharedreward_acq-mb3me4_echo-3_bold.nii.gz/skullstrip_second_pass".
220226-02:25:55,334 nipype.workflow INFO:
	 [Node] Setting-up "fmriprep_wf.single_subject_10003_wf.func_preproc_task_sharedreward_acq_mb3me4_echo_1_wf.skullstrip_bold_wf.combine_masks" in "/scratch/fmriprep_wf/single_subject_10003_wf/func_preproc_task_sharedreward_acq_mb3me4_echo_1_wf/skullstrip_bold_wf/_bold_file_..base..bids..sub-10003..func..sub-10003_task-sharedreward_acq-mb3me4_echo-1_bold.nii.gz/combine_masks".
220226-02:25:55,348 nipype.workflow INFO:
	 [Node] Executing "skullstrip_second_pass" <nipype.interfaces.afni.preprocess.Automask>
220226-02:25:55,354 nipype.workflow INFO:
	 [Node] Executing "combine_masks" <nipype.interfaces.fsl.maths.BinaryMaths>
220226-02:25:55,762 nipype.workflow INFO:
	 [Node] Finished "combine_masks", elapsed time 0.406839s.
220226-02:25:56,342 nipype.workflow INFO:
	 [Node] Finished "skullstrip_second_pass", elapsed time 0.993321s.
220226-02:25:57,592 nipype.workflow INFO:
	 [Node] Setting-up "fmriprep_wf.single_subject_10003_wf.func_preproc_task_sharedreward_acq_mb3me4_echo_1_wf.skullstrip_bold_wf.combine_masks" in "/scratch/fmriprep_wf/single_subject_10003_wf/func_preproc_task_sharedreward_acq_mb3me4_echo_1_wf/skullstrip_bold_wf/_bold_file_..base..bids..sub-10003..func..sub-10003_task-sharedreward_acq-mb3me4_echo-3_bold.nii.gz/combine_masks".
220226-02:25:57,597 nipype.workflow INFO:
	 [Node] Executing "combine_masks" <nipype.interfaces.fsl.maths.BinaryMaths>
220226-02:25:57,608 nipype.workflow INFO:
	 [Node] Setting-up "fmriprep_wf.single_subject_10003_wf.func_preproc_task_sharedreward_acq_mb3me4_echo_1_wf.skullstrip_bold_wf.mask_reportlet" in "/scratch/fmriprep_wf/single_subject_10003_wf/func_preproc_task_sharedreward_acq_mb3me4_echo_1_wf/skullstrip_bold_wf/_bold_file_..base..bids..sub-10003..func..sub-10003_task-sharedreward_acq-mb3me4_echo-1_bold.nii.gz/mask_reportlet".
220226-02:25:57,625 nipype.workflow INFO:
	 [Node] Setting-up "fmriprep_wf.single_subject_10003_wf.func_preproc_task_sharedreward_acq_mb3me4_echo_1_wf.skullstrip_bold_wf.apply_mask" in "/scratch/fmriprep_wf/single_subject_10003_wf/func_preproc_task_sharedreward_acq_mb3me4_echo_1_wf/skullstrip_bold_wf/_bold_file_..base..bids..sub-10003..func..sub-10003_task-sharedreward_acq-mb3me4_echo-1_bold.nii.gz/apply_mask".
220226-02:25:57,630 nipype.workflow INFO:
	 [Node] Executing "apply_mask" <nipype.interfaces.fsl.maths.ApplyMask>
220226-02:25:57,833 nipype.workflow INFO:
	 [Node] Executing "mask_reportlet" <niworkflows.interfaces.masks.SimpleShowMaskRPT>
220226-02:25:58,139 nipype.workflow INFO:
	 [Node] Finished "combine_masks", elapsed time 0.540256s.
220226-02:25:59,532 nipype.workflow INFO:
	 [Node] Setting-up "fmriprep_wf.single_subject_10003_wf.func_preproc_task_sharedreward_acq_mb3me4_echo_1_wf.skullstrip_bold_wf.mask_reportlet" in "/scratch/fmriprep_wf/single_subject_10003_wf/func_preproc_task_sharedreward_acq_mb3me4_echo_1_wf/skullstrip_bold_wf/_bold_file_..base..bids..sub-10003..func..sub-10003_task-sharedreward_acq-mb3me4_echo-3_bold.nii.gz/mask_reportlet".
220226-02:25:59,536 nipype.workflow INFO:
	 [Node] Executing "mask_reportlet" <niworkflows.interfaces.masks.SimpleShowMaskRPT>
220226-02:26:11,488 nipype.workflow INFO:
	 [Node] Finished "mask_reportlet", elapsed time 21.942306s.
220226-02:26:13,558 nipype.workflow INFO:
	 [Node] Setting-up "fmriprep_wf.single_subject_10003_wf.func_preproc_task_sharedreward_acq_mb3me4_echo_1_wf.skullstrip_bold_wf.apply_mask" in "/scratch/fmriprep_wf/single_subject_10003_wf/func_preproc_task_sharedreward_acq_mb3me4_echo_1_wf/skullstrip_bold_wf/_bold_file_..base..bids..sub-10003..func..sub-10003_task-sharedreward_acq-mb3me4_echo-3_bold.nii.gz/apply_mask".
220226-02:26:13,813 nipype.workflow INFO:
	 [Node] Executing "apply_mask" <nipype.interfaces.fsl.maths.ApplyMask>
220226-02:26:14,465 nipype.workflow INFO:
	 [Node] Finished "mask_reportlet", elapsed time 22.513641s.
220226-02:26:20,526 nipype.workflow INFO:
	 [Node] Finished "mask_reportlet", elapsed time 22.678792s.
220226-02:26:20,798 nipype.workflow INFO:
	 [Node] Finished "apply_mask", elapsed time 28.829604s.
220226-02:26:21,783 nipype.workflow INFO:
	 [Node] Finished "mask_reportlet", elapsed time 22.245274s.
220226-02:26:23,737 nipype.workflow INFO:
	 [Node] Finished "apply_mask", elapsed time 33.835196s.
220226-02:26:25,916 nipype.workflow INFO:
	 [Node] Finished "apply_mask", elapsed time 28.283894s.
220226-02:26:41,710 nipype.workflow INFO:
	 [Node] Finished "apply_mask", elapsed time 27.895451s.
220226-02:26:43,485 nipype.workflow INFO:
	 [Node] Setting-up "fmriprep_wf.single_subject_10003_wf.func_preproc_task_sharedreward_acq_mb3me4_echo_1_wf.join_echos" in "/scratch/fmriprep_wf/single_subject_10003_wf/func_preproc_task_sharedreward_acq_mb3me4_echo_1_wf/join_echos".
220226-02:26:43,495 nipype.workflow INFO:
	 [Node] Executing "join_echos" <nipype.interfaces.utility.base.IdentityInterface>
220226-02:26:43,497 nipype.workflow INFO:
	 [Node] Finished "join_echos", elapsed time 0.000488s.
220226-02:26:46,840 nipype.workflow INFO:
	 [Node] Setting-up "fmriprep_wf.single_subject_10003_wf.func_preproc_task_sharedreward_acq_mb3me4_echo_1_wf.bold_t2smap_wf.t2smap_node" in "/scratch/fmriprep_wf/single_subject_10003_wf/func_preproc_task_sharedreward_acq_mb3me4_echo_1_wf/bold_t2smap_wf/t2smap_node".
220226-02:26:46,844 nipype.workflow INFO:
	 [Node] Executing "t2smap_node" <fmriprep.interfaces.multiecho.T2SMap>
220226-02:26:47,333 nipype.workflow INFO:
	 [Node] Setting-up "_val_bold0" in "/scratch/fmriprep_wf/single_subject_10003_wf/func_preproc_task_sharedreward_acq_mb3me4_echo_1_wf/final_boldref_wf/val_bold/mapflow/_val_bold0".
220226-02:26:47,336 nipype.workflow INFO:
	 [Node] Executing "_val_bold0" <niworkflows.interfaces.images.ValidateImage>
220226-02:26:47,348 nipype.workflow INFO:
	 [Node] Setting-up "_val_bold1" in "/scratch/fmriprep_wf/single_subject_10003_wf/func_preproc_task_sharedreward_acq_mb3me4_echo_1_wf/final_boldref_wf/val_bold/mapflow/_val_bold1".
220226-02:26:47,348 nipype.workflow INFO:
	 [Node] Setting-up "_val_bold2" in "/scratch/fmriprep_wf/single_subject_10003_wf/func_preproc_task_sharedreward_acq_mb3me4_echo_1_wf/final_boldref_wf/val_bold/mapflow/_val_bold2".
220226-02:26:47,349 nipype.workflow INFO:
	 [Node] Setting-up "_val_bold3" in "/scratch/fmriprep_wf/single_subject_10003_wf/func_preproc_task_sharedreward_acq_mb3me4_echo_1_wf/final_boldref_wf/val_bold/mapflow/_val_bold3".
220226-02:26:47,350 nipype.workflow INFO:
	 [Node] Executing "_val_bold1" <niworkflows.interfaces.images.ValidateImage>
220226-02:26:47,350 nipype.workflow INFO:
	 [Node] Executing "_val_bold2" <niworkflows.interfaces.images.ValidateImage>
220226-02:26:47,351 nipype.workflow INFO:
	 [Node] Executing "_val_bold3" <niworkflows.interfaces.images.ValidateImage>
220226-02:26:47,385 nipype.workflow INFO:
	 [Node] Finished "_val_bold2", elapsed time 0.033561s.
220226-02:26:47,378 nipype.workflow INFO:
	 [Node] Finished "_val_bold0", elapsed time 0.040653s.
220226-02:26:47,411 nipype.workflow INFO:
	 [Node] Finished "_val_bold3", elapsed time 0.058134s.
220226-02:26:47,418 nipype.workflow INFO:
	 [Node] Finished "_val_bold1", elapsed time 0.067096s.
220226-02:26:49,583 nipype.workflow INFO:
	 [Node] Setting-up "_val_bold0" in "/scratch/fmriprep_wf/single_subject_10003_wf/func_preproc_task_sharedreward_acq_mb3me4_echo_1_wf/final_boldref_wf/val_bold/mapflow/_val_bold0".
220226-02:26:49,585 nipype.workflow INFO:
	 [Node] Cached "_val_bold0" - collecting precomputed outputs
220226-02:26:49,586 nipype.workflow INFO:
	 [Node] "_val_bold0" found cached.
220226-02:26:49,616 nipype.workflow INFO:
	 [Node] Setting-up "_val_bold1" in "/scratch/fmriprep_wf/single_subject_10003_wf/func_preproc_task_sharedreward_acq_mb3me4_echo_1_wf/final_boldref_wf/val_bold/mapflow/_val_bold1".
220226-02:26:49,627 nipype.workflow INFO:
	 [Node] Cached "_val_bold1" - collecting precomputed outputs
220226-02:26:49,628 nipype.workflow INFO:
	 [Node] "_val_bold1" found cached.
220226-02:26:49,629 nipype.workflow INFO:
	 [Node] Setting-up "_val_bold2" in "/scratch/fmriprep_wf/single_subject_10003_wf/func_preproc_task_sharedreward_acq_mb3me4_echo_1_wf/final_boldref_wf/val_bold/mapflow/_val_bold2".
220226-02:26:49,630 nipype.workflow INFO:
	 [Node] Cached "_val_bold2" - collecting precomputed outputs
220226-02:26:49,631 nipype.workflow INFO:
	 [Node] "_val_bold2" found cached.
220226-02:26:49,632 nipype.workflow INFO:
	 [Node] Setting-up "_val_bold3" in "/scratch/fmriprep_wf/single_subject_10003_wf/func_preproc_task_sharedreward_acq_mb3me4_echo_1_wf/final_boldref_wf/val_bold/mapflow/_val_bold3".
220226-02:26:49,633 nipype.workflow INFO:
	 [Node] Cached "_val_bold3" - collecting precomputed outputs
220226-02:26:49,633 nipype.workflow INFO:
	 [Node] "_val_bold3" found cached.
220226-02:26:52,535 nipype.workflow INFO:
	 [Node] Setting-up "fmriprep_wf.single_subject_10003_wf.func_preproc_task_sharedreward_acq_mb3me4_echo_1_wf.final_boldref_wf.gen_ref" in "/scratch/fmriprep_wf/single_subject_10003_wf/func_preproc_task_sharedreward_acq_mb3me4_echo_1_wf/final_boldref_wf/gen_ref".
220226-02:26:52,539 nipype.workflow INFO:
	 [Node] Executing "gen_ref" <niworkflows.interfaces.registration.EstimateReferenceImage>
220226-02:26:58,19 nipype.interface INFO:
	 stderr 2022-02-26T02:26:58.018896:++ 3dvolreg: AFNI version=Debian-16.2.07~dfsg.1-5~nd16.04+1 (Jun 12 2017) [64-bit]
220226-02:26:58,29 nipype.interface INFO:
	 stderr 2022-02-26T02:26:58.029868:++ Authored by: RW Cox
220226-02:26:58,31 nipype.interface INFO:
	 stderr 2022-02-26T02:26:58.031028:** AFNI converts NIFTI_datatype=4 (INT16) in file /scratch/fmriprep_wf/single_subject_10003_wf/func_preproc_task_sharedreward_acq_mb3me4_echo_1_wf/final_boldref_wf/gen_ref/slice.nii.gz to FLOAT32
220226-02:26:58,31 nipype.interface INFO:
	 stderr 2022-02-26T02:26:58.031280:     Warnings of this type will be muted for this session.
220226-02:26:58,31 nipype.interface INFO:
	 stderr 2022-02-26T02:26:58.031280:     Set AFNI_NIFTI_TYPE_WARN to YES to see them all, NO to see none.
220226-02:26:58,32 nipype.interface INFO:
	 stderr 2022-02-26T02:26:58.032040:++ Coarse del was 10, replaced with 5
220226-02:27:23,577 nipype.workflow INFO:
	 [Node] Finished "init_aff", elapsed time 207.330777s.
220226-02:27:24,736 nipype.workflow INFO:
	 [Node] Finished "bold_transform", elapsed time 182.939922s.
220226-02:27:25,379 nipype.workflow INFO:
	 [Node] Setting-up "fmriprep_wf.single_subject_10003_wf.func_preproc_task_sharedreward_acq_mb6me4_echo_1_wf.final_boldref_wf.enhance_and_skullstrip_bold_wf.init_aff" in "/scratch/fmriprep_wf/single_subject_10003_wf/func_preproc_task_sharedreward_acq_mb6me4_echo_1_wf/final_boldref_wf/enhance_and_skullstrip_bold_wf/init_aff".
220226-02:27:25,384 nipype.workflow INFO:
	 [Node] Setting-up "fmriprep_wf.single_subject_10003_wf.func_preproc_task_sharedreward_acq_mb6me1_wf.final_boldref_wf.enhance_and_skullstrip_bold_wf.norm" in "/scratch/fmriprep_wf/single_subject_10003_wf/func_preproc_task_sharedreward_acq_mb6me1_wf/final_boldref_wf/enhance_and_skullstrip_bold_wf/norm".
220226-02:27:25,392 nipype.workflow INFO:
	 [Node] Executing "init_aff" <nipype.interfaces.ants.utils.AI>
220226-02:27:25,396 nipype.workflow INFO:
	 [Node] Setting-up "fmriprep_wf.single_subject_10003_wf.func_preproc_task_sharedreward_acq_mb1me4_echo_1_wf.bold_bold_trans_wf.merge" in "/scratch/fmriprep_wf/single_subject_10003_wf/func_preproc_task_sharedreward_acq_mb1me4_echo_1_wf/bold_bold_trans_wf/_bold_file_..base..bids..sub-10003..func..sub-10003_task-sharedreward_acq-mb1me4_echo-1_bold.nii.gz/merge".
220226-02:27:25,425 nipype.workflow INFO:
	 [Node] Executing "norm" <niworkflows.interfaces.fixes.FixHeaderRegistration>
220226-02:27:25,580 nipype.workflow INFO:
	 [Node] Executing "merge" <niworkflows.interfaces.nilearn.Merge>
220226-02:27:27,780 nipype.workflow INFO:
	 [Node] Finished "bold_transform", elapsed time 186.056395s.
220226-02:27:28,359 nipype.workflow INFO:
	 [Node] Finished "norm", elapsed time 2.234288s.
220226-02:27:29,504 nipype.workflow INFO:
	 [Node] Setting-up "fmriprep_wf.single_subject_10003_wf.func_preproc_task_sharedreward_acq_mb6me1_wf.final_boldref_wf.enhance_and_skullstrip_bold_wf.map_brainmask" in "/scratch/fmriprep_wf/single_subject_10003_wf/func_preproc_task_sharedreward_acq_mb6me1_wf/final_boldref_wf/enhance_and_skullstrip_bold_wf/map_brainmask".
220226-02:27:29,511 nipype.workflow INFO:
	 [Node] Setting-up "fmriprep_wf.single_subject_10003_wf.func_preproc_task_sharedreward_acq_mb1me4_echo_1_wf.bold_bold_trans_wf.merge" in "/scratch/fmriprep_wf/single_subject_10003_wf/func_preproc_task_sharedreward_acq_mb1me4_echo_1_wf/bold_bold_trans_wf/_bold_file_..base..bids..sub-10003..func..sub-10003_task-sharedreward_acq-mb1me4_echo-2_bold.nii.gz/merge".
220226-02:27:29,519 nipype.workflow INFO:
	 [Node] Setting-up "_inu_n40" in "/scratch/fmriprep_wf/single_subject_10003_wf/anat_preproc_wf/brain_extraction_wf/inu_n4/mapflow/_inu_n40".
220226-02:27:29,520 nipype.workflow INFO:
	 [Node] Executing "map_brainmask" <niworkflows.interfaces.fixes.FixHeaderApplyTransforms>
220226-02:27:29,522 nipype.workflow INFO:
	 [Node] Executing "_inu_n40" <nipype.interfaces.ants.segmentation.N4BiasFieldCorrection>
220226-02:27:29,612 nipype.workflow INFO:
	 [Node] Executing "merge" <niworkflows.interfaces.nilearn.Merge>
220226-02:27:31,908 nipype.workflow INFO:
	 [Node] Finished "map_brainmask", elapsed time 2.387351s.
220226-02:27:33,503 nipype.workflow INFO:
	 [Node] Setting-up "fmriprep_wf.single_subject_10003_wf.func_preproc_task_sharedreward_acq_mb6me1_wf.final_boldref_wf.enhance_and_skullstrip_bold_wf.binarize_mask" in "/scratch/fmriprep_wf/single_subject_10003_wf/func_preproc_task_sharedreward_acq_mb6me1_wf/final_boldref_wf/enhance_and_skullstrip_bold_wf/binarize_mask".
220226-02:27:33,506 nipype.workflow INFO:
	 [Node] Executing "binarize_mask" <niworkflows.interfaces.nibabel.Binarize>
220226-02:27:33,593 nipype.workflow INFO:
	 [Node] Finished "binarize_mask", elapsed time 0.085653s.
220226-02:27:34,488 nipype.workflow INFO:
	 [Node] Finished "init_aff", elapsed time 199.024536s.
220226-02:27:35,430 nipype.workflow INFO:
	 [Node] Setting-up "fmriprep_wf.single_subject_10003_wf.func_preproc_task_sharedreward_acq_mb6me1_wf.final_boldref_wf.enhance_and_skullstrip_bold_wf.pre_mask_dilate" in "/scratch/fmriprep_wf/single_subject_10003_wf/func_preproc_task_sharedreward_acq_mb6me1_wf/final_boldref_wf/enhance_and_skullstrip_bold_wf/pre_mask_dilate".
220226-02:27:35,437 nipype.workflow INFO:
	 [Node] Executing "pre_mask_dilate" <nipype.interfaces.fsl.maths.DilateImage>
220226-02:27:35,443 nipype.workflow INFO:
	 [Node] Setting-up "fmriprep_wf.single_subject_10003_wf.func_preproc_task_sharedreward_acq_mb3me1_wf.final_boldref_wf.enhance_and_skullstrip_bold_wf.norm" in "/scratch/fmriprep_wf/single_subject_10003_wf/func_preproc_task_sharedreward_acq_mb3me1_wf/final_boldref_wf/enhance_and_skullstrip_bold_wf/norm".
220226-02:27:35,509 nipype.workflow INFO:
	 [Node] Executing "norm" <niworkflows.interfaces.fixes.FixHeaderRegistration>
220226-02:27:36,745 nipype.workflow INFO:
	 [Node] Finished "pre_mask_dilate", elapsed time 1.306119s.
220226-02:27:38,731 nipype.workflow INFO:
	 [Node] Finished "norm", elapsed time 2.607722s.
220226-02:27:39,431 nipype.workflow INFO:
	 [Node] Setting-up "fmriprep_wf.single_subject_10003_wf.func_preproc_task_sharedreward_acq_mb6me1_wf.final_boldref_wf.enhance_and_skullstrip_bold_wf.n4_correct" in "/scratch/fmriprep_wf/single_subject_10003_wf/func_preproc_task_sharedreward_acq_mb6me1_wf/final_boldref_wf/enhance_and_skullstrip_bold_wf/n4_correct".
220226-02:27:39,434 nipype.workflow INFO:
	 [Node] Setting-up "fmriprep_wf.single_subject_10003_wf.func_preproc_task_sharedreward_acq_mb3me1_wf.final_boldref_wf.enhance_and_skullstrip_bold_wf.map_brainmask" in "/scratch/fmriprep_wf/single_subject_10003_wf/func_preproc_task_sharedreward_acq_mb3me1_wf/final_boldref_wf/enhance_and_skullstrip_bold_wf/map_brainmask".
220226-02:27:39,439 nipype.workflow INFO:
	 [Node] Executing "n4_correct" <niworkflows.interfaces.fixes.FixN4BiasFieldCorrection>
220226-02:27:39,440 nipype.workflow INFO:
	 [Node] Executing "map_brainmask" <niworkflows.interfaces.fixes.FixHeaderApplyTransforms>
220226-02:27:42,88 nipype.workflow INFO:
	 [Node] Finished "bold_transform", elapsed time 194.430155s.
220226-02:27:42,362 nipype.workflow INFO:
	 [Node] Finished "map_brainmask", elapsed time 2.561209s.
220226-02:27:43,378 nipype.workflow INFO:
	 [Node] Setting-up "fmriprep_wf.single_subject_10003_wf.func_preproc_task_sharedreward_acq_mb1me1_wf.bold_bold_trans_wf.merge" in "/scratch/fmriprep_wf/single_subject_10003_wf/func_preproc_task_sharedreward_acq_mb1me1_wf/bold_bold_trans_wf/merge".
220226-02:27:43,379 nipype.workflow INFO:
	 [Node] Setting-up "fmriprep_wf.single_subject_10003_wf.func_preproc_task_sharedreward_acq_mb3me1_wf.final_boldref_wf.enhance_and_skullstrip_bold_wf.binarize_mask" in "/scratch/fmriprep_wf/single_subject_10003_wf/func_preproc_task_sharedreward_acq_mb3me1_wf/final_boldref_wf/enhance_and_skullstrip_bold_wf/binarize_mask".
220226-02:27:43,383 nipype.workflow INFO:
	 [Node] Executing "binarize_mask" <niworkflows.interfaces.nibabel.Binarize>
220226-02:27:43,444 nipype.workflow INFO:
	 [Node] Finished "binarize_mask", elapsed time 0.059958s.
220226-02:27:43,469 nipype.workflow INFO:
	 [Node] Executing "merge" <niworkflows.interfaces.nilearn.Merge>
220226-02:27:43,486 nipype.workflow INFO:
	 [Node] Finished "n4_correct", elapsed time 4.045317s.
220226-02:27:45,624 nipype.workflow INFO:
	 [Node] Setting-up "fmriprep_wf.single_subject_10003_wf.func_preproc_task_sharedreward_acq_mb6me1_wf.final_boldref_wf.enhance_and_skullstrip_bold_wf.skullstrip_first_pass" in "/scratch/fmriprep_wf/single_subject_10003_wf/func_preproc_task_sharedreward_acq_mb6me1_wf/final_boldref_wf/enhance_and_skullstrip_bold_wf/skullstrip_first_pass".
220226-02:27:45,628 nipype.workflow INFO:
	 [Node] Executing "skullstrip_first_pass" <nipype.interfaces.fsl.preprocess.BET>
220226-02:27:45,641 nipype.workflow INFO:
	 [Node] Setting-up "fmriprep_wf.single_subject_10003_wf.func_preproc_task_sharedreward_acq_mb3me1_wf.final_boldref_wf.enhance_and_skullstrip_bold_wf.pre_mask_dilate" in "/scratch/fmriprep_wf/single_subject_10003_wf/func_preproc_task_sharedreward_acq_mb3me1_wf/final_boldref_wf/enhance_and_skullstrip_bold_wf/pre_mask_dilate".
220226-02:27:45,646 nipype.workflow INFO:
	 [Node] Executing "pre_mask_dilate" <nipype.interfaces.fsl.maths.DilateImage>
220226-02:27:46,575 nipype.workflow INFO:
	 [Node] Finished "pre_mask_dilate", elapsed time 0.927173s.
220226-02:27:48,832 nipype.workflow INFO:
	 [Node] Finished "skullstrip_first_pass", elapsed time 3.20259s.
220226-02:27:49,401 nipype.workflow INFO:
	 [Node] Setting-up "fmriprep_wf.single_subject_10003_wf.func_preproc_task_sharedreward_acq_mb6me1_wf.final_boldref_wf.enhance_and_skullstrip_bold_wf.skullstrip_first_dilate" in "/scratch/fmriprep_wf/single_subject_10003_wf/func_preproc_task_sharedreward_acq_mb6me1_wf/final_boldref_wf/enhance_and_skullstrip_bold_wf/skullstrip_first_dilate".
220226-02:27:49,404 nipype.workflow INFO:
	 [Node] Setting-up "fmriprep_wf.single_subject_10003_wf.func_preproc_task_sharedreward_acq_mb3me1_wf.final_boldref_wf.enhance_and_skullstrip_bold_wf.n4_correct" in "/scratch/fmriprep_wf/single_subject_10003_wf/func_preproc_task_sharedreward_acq_mb3me1_wf/final_boldref_wf/enhance_and_skullstrip_bold_wf/n4_correct".
220226-02:27:49,408 nipype.workflow INFO:
	 [Node] Executing "skullstrip_first_dilate" <nipype.interfaces.fsl.maths.DilateImage>
220226-02:27:49,437 nipype.workflow INFO:
	 [Node] Executing "n4_correct" <niworkflows.interfaces.fixes.FixN4BiasFieldCorrection>
220226-02:27:51,588 nipype.workflow INFO:
	 [Node] Finished "skullstrip_first_dilate", elapsed time 2.178112s.
220226-02:27:53,405 nipype.workflow INFO:
	 [Node] Setting-up "fmriprep_wf.single_subject_10003_wf.func_preproc_task_sharedreward_acq_mb6me1_wf.final_boldref_wf.enhance_and_skullstrip_bold_wf.skullstrip_first_mask" in "/scratch/fmriprep_wf/single_subject_10003_wf/func_preproc_task_sharedreward_acq_mb6me1_wf/final_boldref_wf/enhance_and_skullstrip_bold_wf/skullstrip_first_mask".
220226-02:27:53,419 nipype.workflow INFO:
	 [Node] Executing "skullstrip_first_mask" <nipype.interfaces.fsl.maths.ApplyMask>
220226-02:27:53,695 nipype.workflow INFO:
	 [Node] Finished "skullstrip_first_mask", elapsed time 0.272155s.
220226-02:27:54,891 nipype.workflow INFO:
	 [Node] Finished "n4_correct", elapsed time 4.9735949999999995s.
220226-02:27:55,392 nipype.workflow INFO:
	 [Node] Setting-up "fmriprep_wf.single_subject_10003_wf.func_preproc_task_sharedreward_acq_mb6me1_wf.final_boldref_wf.enhance_and_skullstrip_bold_wf.unifize" in "/scratch/fmriprep_wf/single_subject_10003_wf/func_preproc_task_sharedreward_acq_mb6me1_wf/final_boldref_wf/enhance_and_skullstrip_bold_wf/unifize".
220226-02:27:55,393 nipype.workflow INFO:
	 [Node] Setting-up "fmriprep_wf.single_subject_10003_wf.func_preproc_task_sharedreward_acq_mb3me1_wf.final_boldref_wf.enhance_and_skullstrip_bold_wf.skullstrip_first_pass" in "/scratch/fmriprep_wf/single_subject_10003_wf/func_preproc_task_sharedreward_acq_mb3me1_wf/final_boldref_wf/enhance_and_skullstrip_bold_wf/skullstrip_first_pass".
220226-02:27:55,396 nipype.workflow INFO:
	 [Node] Executing "unifize" <nipype.interfaces.afni.utils.Unifize>
220226-02:27:55,398 nipype.workflow INFO:
	 [Node] Executing "skullstrip_first_pass" <nipype.interfaces.fsl.preprocess.BET>
220226-02:27:55,677 nipype.workflow INFO:
	 [Node] Finished "merge", elapsed time 30.09506s.
220226-02:27:57,418 nipype.workflow INFO:
	 [Node] Setting-up "fmriprep_wf.single_subject_10003_wf.func_preproc_task_sharedreward_acq_mb1me4_echo_1_wf.skullstrip_bold_wf.skullstrip_first_pass" in "/scratch/fmriprep_wf/single_subject_10003_wf/func_preproc_task_sharedreward_acq_mb1me4_echo_1_wf/skullstrip_bold_wf/_bold_file_..base..bids..sub-10003..func..sub-10003_task-sharedreward_acq-mb1me4_echo-1_bold.nii.gz/skullstrip_first_pass".
220226-02:27:57,426 nipype.workflow INFO:
	 [Node] Executing "skullstrip_first_pass" <nipype.interfaces.fsl.preprocess.BET>
220226-02:27:57,812 nipype.workflow INFO:
	 [Node] Finished "merge", elapsed time 28.198333s.
220226-02:27:58,378 nipype.workflow INFO:
	 [Node] Finished "skullstrip_first_pass", elapsed time 2.978576s.
220226-02:27:59,388 nipype.workflow INFO:
	 [Node] Setting-up "fmriprep_wf.single_subject_10003_wf.func_preproc_task_sharedreward_acq_mb3me1_wf.final_boldref_wf.enhance_and_skullstrip_bold_wf.skullstrip_first_dilate" in "/scratch/fmriprep_wf/single_subject_10003_wf/func_preproc_task_sharedreward_acq_mb3me1_wf/final_boldref_wf/enhance_and_skullstrip_bold_wf/skullstrip_first_dilate".
220226-02:27:59,393 nipype.workflow INFO:
	 [Node] Executing "skullstrip_first_dilate" <nipype.interfaces.fsl.maths.DilateImage>
220226-02:27:59,401 nipype.workflow INFO:
	 [Node] Setting-up "fmriprep_wf.single_subject_10003_wf.func_preproc_task_sharedreward_acq_mb1me4_echo_1_wf.skullstrip_bold_wf.skullstrip_first_pass" in "/scratch/fmriprep_wf/single_subject_10003_wf/func_preproc_task_sharedreward_acq_mb1me4_echo_1_wf/skullstrip_bold_wf/_bold_file_..base..bids..sub-10003..func..sub-10003_task-sharedreward_acq-mb1me4_echo-2_bold.nii.gz/skullstrip_first_pass".
220226-02:27:59,407 nipype.workflow INFO:
	 [Node] Executing "skullstrip_first_pass" <nipype.interfaces.fsl.preprocess.BET>
220226-02:27:59,792 nipype.workflow INFO:
	 [Node] Finished "unifize", elapsed time 4.393921s.
220226-02:28:00,312 nipype.workflow INFO:
	 [Node] Finished "skullstrip_first_pass", elapsed time 2.883274s.
220226-02:28:01,398 nipype.workflow INFO:
	 [Node] Setting-up "fmriprep_wf.single_subject_10003_wf.func_preproc_task_sharedreward_acq_mb6me1_wf.final_boldref_wf.enhance_and_skullstrip_bold_wf.fixhdr_unifize" in "/scratch/fmriprep_wf/single_subject_10003_wf/func_preproc_task_sharedreward_acq_mb6me1_wf/final_boldref_wf/enhance_and_skullstrip_bold_wf/fixhdr_unifize".
220226-02:28:01,400 nipype.workflow INFO:
	 [Node] Setting-up "fmriprep_wf.single_subject_10003_wf.func_preproc_task_sharedreward_acq_mb1me4_echo_1_wf.skullstrip_bold_wf.skullstrip_second_pass" in "/scratch/fmriprep_wf/single_subject_10003_wf/func_preproc_task_sharedreward_acq_mb1me4_echo_1_wf/skullstrip_bold_wf/_bold_file_..base..bids..sub-10003..func..sub-10003_task-sharedreward_acq-mb1me4_echo-1_bold.nii.gz/skullstrip_second_pass".
220226-02:28:01,403 nipype.workflow INFO:
	 [Node] Executing "fixhdr_unifize" <niworkflows.interfaces.utils.CopyXForm>
220226-02:28:01,404 nipype.workflow INFO:
	 [Node] Executing "skullstrip_second_pass" <nipype.interfaces.afni.preprocess.Automask>
220226-02:28:01,583 nipype.workflow INFO:
	 [Node] Finished "fixhdr_unifize", elapsed time 0.1795s.
220226-02:28:01,591 nipype.workflow INFO:
	 [Node] Finished "skullstrip_first_dilate", elapsed time 2.195474s.
220226-02:28:01,733 nipype.workflow INFO:
	 [Node] Finished "skullstrip_second_pass", elapsed time 0.32704s.
220226-02:28:02,149 nipype.workflow INFO:
	 [Node] Finished "skullstrip_first_pass", elapsed time 2.7407209999999997s.
220226-02:28:03,426 nipype.workflow INFO:
	 [Node] Setting-up "fmriprep_wf.single_subject_10003_wf.func_preproc_task_sharedreward_acq_mb6me1_wf.final_boldref_wf.enhance_and_skullstrip_bold_wf.skullstrip_second_pass" in "/scratch/fmriprep_wf/single_subject_10003_wf/func_preproc_task_sharedreward_acq_mb6me1_wf/final_boldref_wf/enhance_and_skullstrip_bold_wf/skullstrip_second_pass".
220226-02:28:03,431 nipype.workflow INFO:
	 [Node] Executing "skullstrip_second_pass" <nipype.interfaces.afni.preprocess.Automask>
220226-02:28:03,437 nipype.workflow INFO:
	 [Node] Setting-up "fmriprep_wf.single_subject_10003_wf.func_preproc_task_sharedreward_acq_mb3me1_wf.final_boldref_wf.enhance_and_skullstrip_bold_wf.skullstrip_first_mask" in "/scratch/fmriprep_wf/single_subject_10003_wf/func_preproc_task_sharedreward_acq_mb3me1_wf/final_boldref_wf/enhance_and_skullstrip_bold_wf/skullstrip_first_mask".
220226-02:28:03,442 nipype.workflow INFO:
	 [Node] Executing "skullstrip_first_mask" <nipype.interfaces.fsl.maths.ApplyMask>
220226-02:28:03,444 nipype.workflow INFO:
	 [Node] Setting-up "fmriprep_wf.single_subject_10003_wf.func_preproc_task_sharedreward_acq_mb1me4_echo_1_wf.skullstrip_bold_wf.skullstrip_second_pass" in "/scratch/fmriprep_wf/single_subject_10003_wf/func_preproc_task_sharedreward_acq_mb1me4_echo_1_wf/skullstrip_bold_wf/_bold_file_..base..bids..sub-10003..func..sub-10003_task-sharedreward_acq-mb1me4_echo-2_bold.nii.gz/skullstrip_second_pass".
220226-02:28:03,445 nipype.workflow INFO:
	 [Node] Setting-up "fmriprep_wf.single_subject_10003_wf.func_preproc_task_sharedreward_acq_mb1me4_echo_1_wf.skullstrip_bold_wf.combine_masks" in "/scratch/fmriprep_wf/single_subject_10003_wf/func_preproc_task_sharedreward_acq_mb1me4_echo_1_wf/skullstrip_bold_wf/_bold_file_..base..bids..sub-10003..func..sub-10003_task-sharedreward_acq-mb1me4_echo-1_bold.nii.gz/combine_masks".
220226-02:28:03,449 nipype.workflow INFO:
	 [Node] Executing "skullstrip_second_pass" <nipype.interfaces.afni.preprocess.Automask>
220226-02:28:03,450 nipype.workflow INFO:
	 [Node] Executing "combine_masks" <nipype.interfaces.fsl.maths.BinaryMaths>
220226-02:28:03,771 nipype.workflow INFO:
	 [Node] Finished "skullstrip_first_mask", elapsed time 0.327487s.
220226-02:28:03,784 nipype.workflow INFO:
	 [Node] Finished "combine_masks", elapsed time 0.333148s.
220226-02:28:03,846 nipype.workflow INFO:
	 [Node] Finished "skullstrip_second_pass", elapsed time 0.395321s.
220226-02:28:03,889 nipype.workflow INFO:
	 [Node] Finished "skullstrip_second_pass", elapsed time 0.455993s.
220226-02:28:05,486 nipype.workflow INFO:
	 [Node] Setting-up "fmriprep_wf.single_subject_10003_wf.func_preproc_task_sharedreward_acq_mb6me1_wf.final_boldref_wf.enhance_and_skullstrip_bold_wf.fixhdr_skullstrip2" in "/scratch/fmriprep_wf/single_subject_10003_wf/func_preproc_task_sharedreward_acq_mb6me1_wf/final_boldref_wf/enhance_and_skullstrip_bold_wf/fixhdr_skullstrip2".
220226-02:28:05,488 nipype.workflow INFO:
	 [Node] Setting-up "fmriprep_wf.single_subject_10003_wf.func_preproc_task_sharedreward_acq_mb3me1_wf.final_boldref_wf.enhance_and_skullstrip_bold_wf.unifize" in "/scratch/fmriprep_wf/single_subject_10003_wf/func_preproc_task_sharedreward_acq_mb3me1_wf/final_boldref_wf/enhance_and_skullstrip_bold_wf/unifize".
220226-02:28:05,489 nipype.workflow INFO:
	 [Node] Setting-up "fmriprep_wf.single_subject_10003_wf.func_preproc_task_sharedreward_acq_mb1me4_echo_1_wf.skullstrip_bold_wf.combine_masks" in "/scratch/fmriprep_wf/single_subject_10003_wf/func_preproc_task_sharedreward_acq_mb1me4_echo_1_wf/skullstrip_bold_wf/_bold_file_..base..bids..sub-10003..func..sub-10003_task-sharedreward_acq-mb1me4_echo-2_bold.nii.gz/combine_masks".
220226-02:28:05,491 nipype.workflow INFO:
	 [Node] Setting-up "fmriprep_wf.single_subject_10003_wf.func_preproc_task_sharedreward_acq_mb1me4_echo_1_wf.skullstrip_bold_wf.mask_reportlet" in "/scratch/fmriprep_wf/single_subject_10003_wf/func_preproc_task_sharedreward_acq_mb1me4_echo_1_wf/skullstrip_bold_wf/_bold_file_..base..bids..sub-10003..func..sub-10003_task-sharedreward_acq-mb1me4_echo-1_bold.nii.gz/mask_reportlet".
220226-02:28:05,491 nipype.workflow INFO:
	 [Node] Executing "fixhdr_skullstrip2" <niworkflows.interfaces.utils.CopyXForm>
220226-02:28:05,492 nipype.workflow INFO:
	 [Node] Setting-up "fmriprep_wf.single_subject_10003_wf.func_preproc_task_sharedreward_acq_mb1me4_echo_1_wf.skullstrip_bold_wf.apply_mask" in "/scratch/fmriprep_wf/single_subject_10003_wf/func_preproc_task_sharedreward_acq_mb1me4_echo_1_wf/skullstrip_bold_wf/_bold_file_..base..bids..sub-10003..func..sub-10003_task-sharedreward_acq-mb1me4_echo-1_bold.nii.gz/apply_mask".
220226-02:28:05,492 nipype.workflow INFO:
	 [Node] Executing "unifize" <nipype.interfaces.afni.utils.Unifize>
220226-02:28:05,494 nipype.workflow INFO:
	 [Node] Executing "combine_masks" <nipype.interfaces.fsl.maths.BinaryMaths>
220226-02:28:05,498 nipype.workflow INFO:
	 [Node] Executing "apply_mask" <nipype.interfaces.fsl.maths.ApplyMask>
220226-02:28:05,498 nipype.workflow INFO:
	 [Node] Executing "mask_reportlet" <niworkflows.interfaces.masks.SimpleShowMaskRPT>
220226-02:28:05,602 nipype.workflow INFO:
	 [Node] Finished "fixhdr_skullstrip2", elapsed time 0.109785s.
220226-02:28:05,845 nipype.workflow INFO:
	 [Node] Finished "combine_masks", elapsed time 0.348654s.
220226-02:28:07,427 nipype.workflow INFO:
	 [Node] Setting-up "fmriprep_wf.single_subject_10003_wf.func_preproc_task_sharedreward_acq_mb6me1_wf.final_boldref_wf.enhance_and_skullstrip_bold_wf.combine_masks" in "/scratch/fmriprep_wf/single_subject_10003_wf/func_preproc_task_sharedreward_acq_mb6me1_wf/final_boldref_wf/enhance_and_skullstrip_bold_wf/combine_masks".
220226-02:28:07,432 nipype.workflow INFO:
	 [Node] Setting-up "fmriprep_wf.single_subject_10003_wf.func_preproc_task_sharedreward_acq_mb1me4_echo_1_wf.skullstrip_bold_wf.mask_reportlet" in "/scratch/fmriprep_wf/single_subject_10003_wf/func_preproc_task_sharedreward_acq_mb1me4_echo_1_wf/skullstrip_bold_wf/_bold_file_..base..bids..sub-10003..func..sub-10003_task-sharedreward_acq-mb1me4_echo-2_bold.nii.gz/mask_reportlet".
220226-02:28:07,432 nipype.workflow INFO:
	 [Node] Setting-up "fmriprep_wf.single_subject_10003_wf.func_preproc_task_sharedreward_acq_mb1me4_echo_1_wf.skullstrip_bold_wf.apply_mask" in "/scratch/fmriprep_wf/single_subject_10003_wf/func_preproc_task_sharedreward_acq_mb1me4_echo_1_wf/skullstrip_bold_wf/_bold_file_..base..bids..sub-10003..func..sub-10003_task-sharedreward_acq-mb1me4_echo-2_bold.nii.gz/apply_mask".
220226-02:28:07,432 nipype.workflow INFO:
	 [Node] Executing "combine_masks" <nipype.interfaces.fsl.maths.BinaryMaths>
220226-02:28:07,437 nipype.workflow INFO:
	 [Node] Executing "mask_reportlet" <niworkflows.interfaces.masks.SimpleShowMaskRPT>
220226-02:28:07,553 nipype.workflow INFO:
	 [Node] Executing "apply_mask" <nipype.interfaces.fsl.maths.ApplyMask>
220226-02:28:07,813 nipype.workflow INFO:
	 [Node] Finished "combine_masks", elapsed time 0.379246s.
220226-02:28:09,389 nipype.workflow INFO:
	 [Node] Setting-up "fmriprep_wf.single_subject_10003_wf.func_preproc_task_sharedreward_acq_mb6me1_wf.bold_confounds_wf.tcompcor" in "/scratch/fmriprep_wf/single_subject_10003_wf/func_preproc_task_sharedreward_acq_mb6me1_wf/bold_confounds_wf/tcompcor".
220226-02:28:09,400 nipype.workflow INFO:
	 [Node] Setting-up "fmriprep_wf.single_subject_10003_wf.func_preproc_task_sharedreward_acq_mb6me1_wf.bold_confounds_wf.dvars" in "/scratch/fmriprep_wf/single_subject_10003_wf/func_preproc_task_sharedreward_acq_mb6me1_wf/bold_confounds_wf/dvars".
220226-02:28:09,402 nipype.workflow INFO:
	 [Node] Setting-up "fmriprep_wf.single_subject_10003_wf.func_preproc_task_sharedreward_acq_mb6me1_wf.final_boldref_wf.enhance_and_skullstrip_bold_wf.apply_mask" in "/scratch/fmriprep_wf/single_subject_10003_wf/func_preproc_task_sharedreward_acq_mb6me1_wf/final_boldref_wf/enhance_and_skullstrip_bold_wf/apply_mask".
220226-02:28:09,407 nipype.workflow INFO:
	 [Node] Executing "apply_mask" <nipype.interfaces.fsl.maths.ApplyMask>
220226-02:28:09,408 nipype.workflow INFO:
	 [Node] Executing "dvars" <nipype.algorithms.confounds.ComputeDVARS>
220226-02:28:09,422 nipype.workflow INFO:
	 [Node] Executing "tcompcor" <niworkflows.interfaces.patches.RobustTCompCor>
220226-02:28:09,832 nipype.workflow INFO:
	 [Node] Finished "apply_mask", elapsed time 0.423759s.
220226-02:28:10,165 nipype.workflow INFO:
	 [Node] Finished "unifize", elapsed time 4.670978s.
220226-02:28:11,390 nipype.workflow INFO:
	 [Node] Setting-up "fmriprep_wf.single_subject_10003_wf.func_preproc_task_sharedreward_acq_mb3me1_wf.final_boldref_wf.enhance_and_skullstrip_bold_wf.fixhdr_unifize" in "/scratch/fmriprep_wf/single_subject_10003_wf/func_preproc_task_sharedreward_acq_mb3me1_wf/final_boldref_wf/enhance_and_skullstrip_bold_wf/fixhdr_unifize".
220226-02:28:11,395 nipype.workflow INFO:
	 [Node] Executing "fixhdr_unifize" <niworkflows.interfaces.utils.CopyXForm>
220226-02:28:11,637 nipype.workflow INFO:
	 [Node] Finished "fixhdr_unifize", elapsed time 0.24044s.
220226-02:28:12,390 nipype.workflow INFO:
	 [Node] Finished "apply_mask", elapsed time 6.890181s.
220226-02:28:13,396 nipype.workflow INFO:
	 [Node] Setting-up "fmriprep_wf.single_subject_10003_wf.func_preproc_task_sharedreward_acq_mb3me1_wf.final_boldref_wf.enhance_and_skullstrip_bold_wf.skullstrip_second_pass" in "/scratch/fmriprep_wf/single_subject_10003_wf/func_preproc_task_sharedreward_acq_mb3me1_wf/final_boldref_wf/enhance_and_skullstrip_bold_wf/skullstrip_second_pass".
220226-02:28:13,400 nipype.workflow INFO:
	 [Node] Executing "skullstrip_second_pass" <nipype.interfaces.afni.preprocess.Automask>
220226-02:28:13,714 nipype.workflow INFO:
	 [Node] Finished "mask_reportlet", elapsed time 8.202924s.
220226-02:28:13,916 nipype.workflow INFO:
	 [Node] Finished "skullstrip_second_pass", elapsed time 0.515317s.
220226-02:28:15,183 nipype.workflow INFO:
	 [Node] Finished "apply_mask", elapsed time 7.627877s.
220226-02:28:15,395 nipype.workflow INFO:
	 [Node] Setting-up "fmriprep_wf.single_subject_10003_wf.func_preproc_task_sharedreward_acq_mb3me1_wf.final_boldref_wf.enhance_and_skullstrip_bold_wf.fixhdr_skullstrip2" in "/scratch/fmriprep_wf/single_subject_10003_wf/func_preproc_task_sharedreward_acq_mb3me1_wf/final_boldref_wf/enhance_and_skullstrip_bold_wf/fixhdr_skullstrip2".
220226-02:28:15,399 nipype.workflow INFO:
	 [Node] Executing "fixhdr_skullstrip2" <niworkflows.interfaces.utils.CopyXForm>
220226-02:28:15,479 nipype.workflow INFO:
	 [Node] Finished "fixhdr_skullstrip2", elapsed time 0.078189s.
220226-02:28:15,818 nipype.workflow INFO:
	 [Node] Finished "mask_reportlet", elapsed time 8.379611s.
220226-02:28:17,516 nipype.workflow INFO:
	 [Node] Setting-up "fmriprep_wf.single_subject_10003_wf.func_preproc_task_sharedreward_acq_mb3me1_wf.final_boldref_wf.enhance_and_skullstrip_bold_wf.combine_masks" in "/scratch/fmriprep_wf/single_subject_10003_wf/func_preproc_task_sharedreward_acq_mb3me1_wf/final_boldref_wf/enhance_and_skullstrip_bold_wf/combine_masks".
220226-02:28:17,523 nipype.workflow INFO:
	 [Node] Executing "combine_masks" <nipype.interfaces.fsl.maths.BinaryMaths>
220226-02:28:17,529 nipype.workflow INFO:
	 [Node] Setting-up "fmriprep_wf.single_subject_10003_wf.func_preproc_task_sharedreward_acq_mb1me4_echo_1_wf.join_echos" in "/scratch/fmriprep_wf/single_subject_10003_wf/func_preproc_task_sharedreward_acq_mb1me4_echo_1_wf/join_echos".
220226-02:28:17,570 nipype.workflow INFO:
	 [Node] Executing "join_echos" <nipype.interfaces.utility.base.IdentityInterface>
220226-02:28:17,572 nipype.workflow INFO:
	 [Node] Finished "join_echos", elapsed time 0.000493s.
220226-02:28:17,769 nipype.workflow INFO:
	 [Node] Finished "combine_masks", elapsed time 0.243888s.
220226-02:28:18,312 nipype.workflow INFO:
	 [Node] Finished "merge", elapsed time 34.841269s.
220226-02:28:18,574 nipype.workflow INFO:
	 [Node] Finished "tcompcor", elapsed time 9.150098s.
220226-02:28:19,398 nipype.workflow INFO:
	 [Node] Setting-up "fmriprep_wf.single_subject_10003_wf.func_preproc_task_sharedreward_acq_mb6me1_wf.bold_confounds_wf.tcc_metadata_fmt" in "/scratch/fmriprep_wf/single_subject_10003_wf/func_preproc_task_sharedreward_acq_mb6me1_wf/bold_confounds_wf/tcc_metadata_fmt".
220226-02:28:19,405 nipype.workflow INFO:
	 [Node] Executing "tcc_metadata_fmt" <niworkflows.interfaces.utils.TSV2JSON>
220226-02:28:19,414 nipype.workflow INFO:
	 [Node] Setting-up "fmriprep_wf.single_subject_10003_wf.func_preproc_task_sharedreward_acq_mb3me1_wf.bold_confounds_wf.tcompcor" in "/scratch/fmriprep_wf/single_subject_10003_wf/func_preproc_task_sharedreward_acq_mb3me1_wf/bold_confounds_wf/tcompcor".
220226-02:28:19,418 nipype.workflow INFO:
	 [Node] Setting-up "fmriprep_wf.single_subject_10003_wf.func_preproc_task_sharedreward_acq_mb3me1_wf.bold_confounds_wf.dvars" in "/scratch/fmriprep_wf/single_subject_10003_wf/func_preproc_task_sharedreward_acq_mb3me1_wf/bold_confounds_wf/dvars".
220226-02:28:19,421 nipype.workflow INFO:
	 [Node] Setting-up "fmriprep_wf.single_subject_10003_wf.func_preproc_task_sharedreward_acq_mb3me1_wf.final_boldref_wf.enhance_and_skullstrip_bold_wf.apply_mask" in "/scratch/fmriprep_wf/single_subject_10003_wf/func_preproc_task_sharedreward_acq_mb3me1_wf/final_boldref_wf/enhance_and_skullstrip_bold_wf/apply_mask".
220226-02:28:19,427 nipype.workflow INFO:
	 [Node] Executing "apply_mask" <nipype.interfaces.fsl.maths.ApplyMask>
220226-02:28:19,436 nipype.workflow INFO:
	 [Node] Executing "dvars" <nipype.algorithms.confounds.ComputeDVARS>
220226-02:28:19,479 nipype.workflow INFO:
	 [Node] Setting-up "_val_bold0" in "/scratch/fmriprep_wf/single_subject_10003_wf/func_preproc_task_sharedreward_acq_mb1me1_wf/final_boldref_wf/val_bold/mapflow/_val_bold0".
220226-02:28:19,481 nipype.workflow INFO:
	 [Node] Executing "_val_bold0" <niworkflows.interfaces.images.ValidateImage>
220226-02:28:19,508 nipype.workflow INFO:
	 [Node] Finished "_val_bold0", elapsed time 0.025631s.
220226-02:28:19,615 nipype.workflow INFO:
	 [Node] Executing "tcompcor" <niworkflows.interfaces.patches.RobustTCompCor>
220226-02:28:19,622 nipype.workflow INFO:
	 [Node] Finished "tcc_metadata_fmt", elapsed time 0.215114s.
220226-02:28:19,849 nipype.workflow INFO:
	 [Node] Finished "apply_mask", elapsed time 0.419364s.
220226-02:28:20,221 nipype.workflow INFO:
	 [Node] Setting-up "fmriprep_wf.single_subject_10003_wf.func_preproc_task_sharedreward_acq_mb1me4_echo_1_wf.bold_t2smap_wf.t2smap_node" in "/scratch/fmriprep_wf/single_subject_10003_wf/func_preproc_task_sharedreward_acq_mb1me4_echo_1_wf/bold_t2smap_wf/t2smap_node".
220226-02:28:20,225 nipype.workflow INFO:
	 [Node] Executing "t2smap_node" <fmriprep.interfaces.multiecho.T2SMap>
220226-02:28:21,982 nipype.workflow INFO:
	 [Node] Setting-up "fmriprep_wf.single_subject_10003_wf.func_preproc_task_sharedreward_acq_mb1me1_wf.final_boldref_wf.gen_ref" in "/scratch/fmriprep_wf/single_subject_10003_wf/func_preproc_task_sharedreward_acq_mb1me1_wf/final_boldref_wf/gen_ref".
220226-02:28:21,985 nipype.workflow INFO:
	 [Node] Setting-up "_val_bold0" in "/scratch/fmriprep_wf/single_subject_10003_wf/func_preproc_task_sharedreward_acq_mb1me4_echo_1_wf/final_boldref_wf/val_bold/mapflow/_val_bold0".
220226-02:28:21,985 nipype.workflow INFO:
	 [Node] Setting-up "_val_bold1" in "/scratch/fmriprep_wf/single_subject_10003_wf/func_preproc_task_sharedreward_acq_mb1me4_echo_1_wf/final_boldref_wf/val_bold/mapflow/_val_bold1".
220226-02:28:21,987 nipype.workflow INFO:
	 [Node] Executing "gen_ref" <niworkflows.interfaces.registration.EstimateReferenceImage>
220226-02:28:21,987 nipype.workflow INFO:
	 [Node] Executing "_val_bold0" <niworkflows.interfaces.images.ValidateImage>
220226-02:28:21,988 nipype.workflow INFO:
	 [Node] Executing "_val_bold1" <niworkflows.interfaces.images.ValidateImage>
220226-02:28:21,990 nipype.workflow INFO:
	 [Node] Setting-up "_val_bold2" in "/scratch/fmriprep_wf/single_subject_10003_wf/func_preproc_task_sharedreward_acq_mb1me4_echo_1_wf/final_boldref_wf/val_bold/mapflow/_val_bold2".
220226-02:28:21,993 nipype.workflow INFO:
	 [Node] Executing "_val_bold2" <niworkflows.interfaces.images.ValidateImage>
220226-02:28:21,995 nipype.workflow INFO:
	 [Node] Setting-up "_val_bold3" in "/scratch/fmriprep_wf/single_subject_10003_wf/func_preproc_task_sharedreward_acq_mb1me4_echo_1_wf/final_boldref_wf/val_bold/mapflow/_val_bold3".
220226-02:28:21,998 nipype.workflow INFO:
	 [Node] Executing "_val_bold3" <niworkflows.interfaces.images.ValidateImage>
220226-02:28:23,213 nipype.workflow INFO:
	 [Node] Finished "gen_ref", elapsed time 1.224349s.
220226-02:28:25,503 nipype.workflow INFO:
	 [Node] Setting-up "fmriprep_wf.single_subject_10003_wf.func_preproc_task_sharedreward_acq_mb1me1_wf.final_boldref_wf.enhance_and_skullstrip_bold_wf.init_aff" in "/scratch/fmriprep_wf/single_subject_10003_wf/func_preproc_task_sharedreward_acq_mb1me1_wf/final_boldref_wf/enhance_and_skullstrip_bold_wf/init_aff".
220226-02:28:25,508 nipype.workflow INFO:
	 [Node] Executing "init_aff" <nipype.interfaces.ants.utils.AI>
220226-02:28:29,419 nipype.workflow INFO:
	 [Node] Finished "tcompcor", elapsed time 9.799343s.
220226-02:28:29,685 nipype.workflow INFO:
	 [Node] Finished "_val_bold0", elapsed time 7.696151s.
220226-02:28:29,799 nipype.workflow INFO:
	 [Node] Finished "_val_bold1", elapsed time 7.806912s.
220226-02:28:30,424 nipype.workflow INFO:
	 [Node] Finished "_val_bold2", elapsed time 8.4278s.
220226-02:28:31,395 nipype.workflow INFO:
	 [Node] Setting-up "fmriprep_wf.single_subject_10003_wf.func_preproc_task_sharedreward_acq_mb3me1_wf.bold_confounds_wf.tcc_metadata_fmt" in "/scratch/fmriprep_wf/single_subject_10003_wf/func_preproc_task_sharedreward_acq_mb3me1_wf/bold_confounds_wf/tcc_metadata_fmt".
220226-02:28:31,400 nipype.workflow INFO:
	 [Node] Executing "tcc_metadata_fmt" <niworkflows.interfaces.utils.TSV2JSON>
220226-02:28:31,415 nipype.workflow INFO:
	 [Node] Finished "tcc_metadata_fmt", elapsed time 0.014212s.
220226-02:28:31,540 nipype.workflow INFO:
	 [Node] Finished "_val_bold3", elapsed time 9.539941s.
220226-02:28:33,654 nipype.workflow INFO:
	 [Node] Setting-up "_val_bold0" in "/scratch/fmriprep_wf/single_subject_10003_wf/func_preproc_task_sharedreward_acq_mb1me4_echo_1_wf/final_boldref_wf/val_bold/mapflow/_val_bold0".
220226-02:28:33,656 nipype.workflow INFO:
	 [Node] Cached "_val_bold0" - collecting precomputed outputs
220226-02:28:33,657 nipype.workflow INFO:
	 [Node] "_val_bold0" found cached.
220226-02:28:33,658 nipype.workflow INFO:
	 [Node] Setting-up "_val_bold1" in "/scratch/fmriprep_wf/single_subject_10003_wf/func_preproc_task_sharedreward_acq_mb1me4_echo_1_wf/final_boldref_wf/val_bold/mapflow/_val_bold1".
220226-02:28:33,660 nipype.workflow INFO:
	 [Node] Cached "_val_bold1" - collecting precomputed outputs
220226-02:28:33,660 nipype.workflow INFO:
	 [Node] "_val_bold1" found cached.
220226-02:28:33,661 nipype.workflow INFO:
	 [Node] Setting-up "_val_bold2" in "/scratch/fmriprep_wf/single_subject_10003_wf/func_preproc_task_sharedreward_acq_mb1me4_echo_1_wf/final_boldref_wf/val_bold/mapflow/_val_bold2".
220226-02:28:33,663 nipype.workflow INFO:
	 [Node] Cached "_val_bold2" - collecting precomputed outputs
220226-02:28:33,663 nipype.workflow INFO:
	 [Node] "_val_bold2" found cached.
220226-02:28:33,664 nipype.workflow INFO:
	 [Node] Setting-up "_val_bold3" in "/scratch/fmriprep_wf/single_subject_10003_wf/func_preproc_task_sharedreward_acq_mb1me4_echo_1_wf/final_boldref_wf/val_bold/mapflow/_val_bold3".
220226-02:28:33,666 nipype.workflow INFO:
	 [Node] Cached "_val_bold3" - collecting precomputed outputs
220226-02:28:33,666 nipype.workflow INFO:
	 [Node] "_val_bold3" found cached.
220226-02:28:36,502 nipype.workflow INFO:
	 [Node] Setting-up "fmriprep_wf.single_subject_10003_wf.func_preproc_task_sharedreward_acq_mb1me4_echo_1_wf.final_boldref_wf.gen_ref" in "/scratch/fmriprep_wf/single_subject_10003_wf/func_preproc_task_sharedreward_acq_mb1me4_echo_1_wf/final_boldref_wf/gen_ref".
220226-02:28:36,506 nipype.workflow INFO:
	 [Node] Executing "gen_ref" <niworkflows.interfaces.registration.EstimateReferenceImage>
220226-02:28:37,728 nipype.workflow INFO:
	 [Node] Finished "gen_ref", elapsed time 1.220199s.
220226-02:28:39,447 nipype.workflow INFO:
	 [Node] Setting-up "fmriprep_wf.single_subject_10003_wf.func_preproc_task_sharedreward_acq_mb1me4_echo_1_wf.final_boldref_wf.enhance_and_skullstrip_bold_wf.init_aff" in "/scratch/fmriprep_wf/single_subject_10003_wf/func_preproc_task_sharedreward_acq_mb1me4_echo_1_wf/final_boldref_wf/enhance_and_skullstrip_bold_wf/init_aff".
220226-02:28:39,453 nipype.workflow INFO:
	 [Node] Executing "init_aff" <nipype.interfaces.ants.utils.AI>
220226-02:28:40,659 nipype.interface INFO:
	 stderr 2022-02-26T02:28:40.658830:++ Max displacement in automask = 0.07 (mm) at sub-brick 17
220226-02:28:40,660 nipype.interface INFO:
	 stderr 2022-02-26T02:28:40.660118:++ Max delta displ  in automask = 0.06 (mm) at sub-brick 10
220226-02:28:45,920 nipype.workflow INFO:
	 [Node] Finished "gen_ref", elapsed time 113.378094s.
220226-02:28:47,557 nipype.workflow INFO:
	 [Node] Setting-up "fmriprep_wf.single_subject_10003_wf.func_preproc_task_sharedreward_acq_mb3me4_echo_1_wf.final_boldref_wf.enhance_and_skullstrip_bold_wf.init_aff" in "/scratch/fmriprep_wf/single_subject_10003_wf/func_preproc_task_sharedreward_acq_mb3me4_echo_1_wf/final_boldref_wf/enhance_and_skullstrip_bold_wf/init_aff".
220226-02:28:47,562 nipype.workflow INFO:
	 [Node] Executing "init_aff" <nipype.interfaces.ants.utils.AI>
220226-02:28:54,327 nipype.workflow INFO:
	 [Node] Finished "dvars", elapsed time 44.915902s.
220226-02:28:56,254 nipype.workflow INFO:
	 [Node] Finished "_inu_n40", elapsed time 86.727732s.
220226-02:28:57,541 nipype.workflow INFO:
	 [Node] Setting-up "fmriprep_wf.single_subject_10003_wf.anat_preproc_wf.brain_extraction_wf.lap_target" in "/scratch/fmriprep_wf/single_subject_10003_wf/anat_preproc_wf/brain_extraction_wf/lap_target".
220226-02:28:57,546 nipype.workflow INFO:
	 [Node] Executing "lap_target" <nipype.interfaces.ants.utils.ImageMath>
220226-02:28:57,554 nipype.workflow INFO:
	 [Node] Setting-up "fmriprep_wf.single_subject_10003_wf.anat_preproc_wf.brain_extraction_wf.res_target" in "/scratch/fmriprep_wf/single_subject_10003_wf/anat_preproc_wf/brain_extraction_wf/res_target".
220226-02:28:57,558 nipype.workflow INFO:
	 [Node] Executing "res_target" <niworkflows.interfaces.images.RegridToZooms>
220226-02:28:59,751 nipype.workflow INFO:
	 [Node] Finished "res_target", elapsed time 2.180214s.
220226-02:29:01,694 nipype.workflow INFO:
	 [Node] Setting-up "fmriprep_wf.single_subject_10003_wf.anat_preproc_wf.brain_extraction_wf.init_aff" in "/scratch/fmriprep_wf/single_subject_10003_wf/anat_preproc_wf/brain_extraction_wf/init_aff".
220226-02:29:01,712 nipype.workflow INFO:
	 [Node] Executing "init_aff" <nipype.interfaces.ants.utils.AI>
220226-02:29:05,934 nipype.workflow INFO:
	 [Node] Finished "dvars", elapsed time 46.486922s.
220226-02:29:16,982 nipype.workflow INFO:
	 [Node] Finished "lap_target", elapsed time 19.431098s.
220226-02:29:17,618 nipype.workflow INFO:
	 [Node] Setting-up "fmriprep_wf.single_subject_10003_wf.anat_preproc_wf.brain_extraction_wf.mrg_target" in "/scratch/fmriprep_wf/single_subject_10003_wf/anat_preproc_wf/brain_extraction_wf/mrg_target".
220226-02:29:17,622 nipype.workflow INFO:
	 [Node] Executing "mrg_target" <nipype.interfaces.utility.base.Merge>
220226-02:29:17,623 nipype.workflow INFO:
	 [Node] Finished "mrg_target", elapsed time 0.00033s.
220226-02:30:43,992 nipype.workflow INFO:
	 [Node] Finished "init_aff", elapsed time 197.891409s.
220226-02:30:45,641 nipype.workflow INFO:
	 [Node] Setting-up "fmriprep_wf.single_subject_10003_wf.func_preproc_task_sharedreward_acq_mb6me4_echo_1_wf.final_boldref_wf.enhance_and_skullstrip_bold_wf.norm" in "/scratch/fmriprep_wf/single_subject_10003_wf/func_preproc_task_sharedreward_acq_mb6me4_echo_1_wf/final_boldref_wf/enhance_and_skullstrip_bold_wf/norm".
220226-02:30:45,666 nipype.workflow INFO:
	 [Node] Executing "norm" <niworkflows.interfaces.fixes.FixHeaderRegistration>
220226-02:30:55,708 nipype.workflow INFO:
	 [Node] Finished "norm", elapsed time 10.039036s.
220226-02:30:57,613 nipype.workflow INFO:
	 [Node] Setting-up "fmriprep_wf.single_subject_10003_wf.func_preproc_task_sharedreward_acq_mb6me4_echo_1_wf.final_boldref_wf.enhance_and_skullstrip_bold_wf.map_brainmask" in "/scratch/fmriprep_wf/single_subject_10003_wf/func_preproc_task_sharedreward_acq_mb6me4_echo_1_wf/final_boldref_wf/enhance_and_skullstrip_bold_wf/map_brainmask".
220226-02:30:57,620 nipype.workflow INFO:
	 [Node] Executing "map_brainmask" <niworkflows.interfaces.fixes.FixHeaderApplyTransforms>
220226-02:30:59,938 nipype.workflow INFO:
	 [Node] Finished "map_brainmask", elapsed time 2.316332s.
220226-02:31:01,640 nipype.workflow INFO:
	 [Node] Setting-up "fmriprep_wf.single_subject_10003_wf.func_preproc_task_sharedreward_acq_mb6me4_echo_1_wf.final_boldref_wf.enhance_and_skullstrip_bold_wf.binarize_mask" in "/scratch/fmriprep_wf/single_subject_10003_wf/func_preproc_task_sharedreward_acq_mb6me4_echo_1_wf/final_boldref_wf/enhance_and_skullstrip_bold_wf/binarize_mask".
220226-02:31:01,652 nipype.workflow INFO:
	 [Node] Executing "binarize_mask" <niworkflows.interfaces.nibabel.Binarize>
220226-02:31:01,690 nipype.workflow INFO:
	 [Node] Finished "init_aff", elapsed time 119.975378s.
220226-02:31:01,736 nipype.workflow INFO:
	 [Node] Finished "binarize_mask", elapsed time 0.082673s.
220226-02:31:03,603 nipype.workflow INFO:
	 [Node] Setting-up "fmriprep_wf.single_subject_10003_wf.func_preproc_task_sharedreward_acq_mb6me4_echo_1_wf.final_boldref_wf.enhance_and_skullstrip_bold_wf.pre_mask_dilate" in "/scratch/fmriprep_wf/single_subject_10003_wf/func_preproc_task_sharedreward_acq_mb6me4_echo_1_wf/final_boldref_wf/enhance_and_skullstrip_bold_wf/pre_mask_dilate".
220226-02:31:03,608 nipype.workflow INFO:
	 [Node] Setting-up "fmriprep_wf.single_subject_10003_wf.anat_preproc_wf.brain_extraction_wf.norm" in "/scratch/fmriprep_wf/single_subject_10003_wf/anat_preproc_wf/brain_extraction_wf/norm".
220226-02:31:03,610 nipype.workflow INFO:
	 [Node] Executing "pre_mask_dilate" <nipype.interfaces.fsl.maths.DilateImage>
220226-02:31:03,637 nipype.workflow INFO:
	 [Node] Executing "norm" <niworkflows.interfaces.fixes.FixHeaderRegistration>
220226-02:31:04,546 nipype.workflow INFO:
	 [Node] Finished "pre_mask_dilate", elapsed time 0.934002s.
220226-02:31:07,697 nipype.workflow INFO:
	 [Node] Setting-up "fmriprep_wf.single_subject_10003_wf.func_preproc_task_sharedreward_acq_mb6me4_echo_1_wf.final_boldref_wf.enhance_and_skullstrip_bold_wf.n4_correct" in "/scratch/fmriprep_wf/single_subject_10003_wf/func_preproc_task_sharedreward_acq_mb6me4_echo_1_wf/final_boldref_wf/enhance_and_skullstrip_bold_wf/n4_correct".
220226-02:31:07,704 nipype.workflow INFO:
	 [Node] Executing "n4_correct" <niworkflows.interfaces.fixes.FixN4BiasFieldCorrection>
220226-02:31:13,89 nipype.workflow INFO:
	 [Node] Finished "n4_correct", elapsed time 4.873157s.
220226-02:31:13,582 nipype.workflow INFO:
	 [Node] Setting-up "fmriprep_wf.single_subject_10003_wf.func_preproc_task_sharedreward_acq_mb6me4_echo_1_wf.final_boldref_wf.enhance_and_skullstrip_bold_wf.skullstrip_first_pass" in "/scratch/fmriprep_wf/single_subject_10003_wf/func_preproc_task_sharedreward_acq_mb6me4_echo_1_wf/final_boldref_wf/enhance_and_skullstrip_bold_wf/skullstrip_first_pass".
220226-02:31:13,588 nipype.workflow INFO:
	 [Node] Executing "skullstrip_first_pass" <nipype.interfaces.fsl.preprocess.BET>
220226-02:31:17,94 nipype.workflow INFO:
	 [Node] Finished "skullstrip_first_pass", elapsed time 3.501159s.
220226-02:31:17,674 nipype.workflow INFO:
	 [Node] Setting-up "fmriprep_wf.single_subject_10003_wf.func_preproc_task_sharedreward_acq_mb6me4_echo_1_wf.final_boldref_wf.enhance_and_skullstrip_bold_wf.skullstrip_first_dilate" in "/scratch/fmriprep_wf/single_subject_10003_wf/func_preproc_task_sharedreward_acq_mb6me4_echo_1_wf/final_boldref_wf/enhance_and_skullstrip_bold_wf/skullstrip_first_dilate".
220226-02:31:17,678 nipype.workflow INFO:
	 [Node] Executing "skullstrip_first_dilate" <nipype.interfaces.fsl.maths.DilateImage>
220226-02:31:18,283 nipype.workflow INFO:
	 [Node] Finished "init_aff", elapsed time 158.227436s.
220226-02:31:18,408 nipype.workflow INFO:
	 [Node] Finished "init_aff", elapsed time 172.403209s.
220226-02:31:19,608 nipype.workflow INFO:
	 [Node] Setting-up "fmriprep_wf.single_subject_10003_wf.func_preproc_task_sharedreward_acq_mb1me4_echo_1_wf.final_boldref_wf.enhance_and_skullstrip_bold_wf.norm" in "/scratch/fmriprep_wf/single_subject_10003_wf/func_preproc_task_sharedreward_acq_mb1me4_echo_1_wf/final_boldref_wf/enhance_and_skullstrip_bold_wf/norm".
220226-02:31:19,610 nipype.workflow INFO:
	 [Node] Setting-up "fmriprep_wf.single_subject_10003_wf.func_preproc_task_sharedreward_acq_mb1me1_wf.final_boldref_wf.enhance_and_skullstrip_bold_wf.norm" in "/scratch/fmriprep_wf/single_subject_10003_wf/func_preproc_task_sharedreward_acq_mb1me1_wf/final_boldref_wf/enhance_and_skullstrip_bold_wf/norm".
220226-02:31:19,619 nipype.workflow INFO:
	 [Node] Executing "norm" <niworkflows.interfaces.fixes.FixHeaderRegistration>
220226-02:31:19,621 nipype.workflow INFO:
	 [Node] Executing "norm" <niworkflows.interfaces.fixes.FixHeaderRegistration>
220226-02:31:19,773 nipype.workflow INFO:
	 [Node] Finished "skullstrip_first_dilate", elapsed time 2.092559s.
220226-02:31:21,601 nipype.workflow INFO:
	 [Node] Setting-up "fmriprep_wf.single_subject_10003_wf.func_preproc_task_sharedreward_acq_mb6me4_echo_1_wf.final_boldref_wf.enhance_and_skullstrip_bold_wf.skullstrip_first_mask" in "/scratch/fmriprep_wf/single_subject_10003_wf/func_preproc_task_sharedreward_acq_mb6me4_echo_1_wf/final_boldref_wf/enhance_and_skullstrip_bold_wf/skullstrip_first_mask".
220226-02:31:21,606 nipype.workflow INFO:
	 [Node] Executing "skullstrip_first_mask" <nipype.interfaces.fsl.maths.ApplyMask>
220226-02:31:21,755 nipype.workflow INFO:
	 [Node] Finished "norm", elapsed time 1.8536679999999999s.
220226-02:31:21,800 nipype.workflow INFO:
	 [Node] Finished "norm", elapsed time 2.177298s.
220226-02:31:21,901 nipype.workflow INFO:
	 [Node] Finished "skullstrip_first_mask", elapsed time 0.293258s.
220226-02:31:23,629 nipype.workflow INFO:
	 [Node] Setting-up "fmriprep_wf.single_subject_10003_wf.func_preproc_task_sharedreward_acq_mb6me4_echo_1_wf.final_boldref_wf.enhance_and_skullstrip_bold_wf.unifize" in "/scratch/fmriprep_wf/single_subject_10003_wf/func_preproc_task_sharedreward_acq_mb6me4_echo_1_wf/final_boldref_wf/enhance_and_skullstrip_bold_wf/unifize".
220226-02:31:23,632 nipype.workflow INFO:
	 [Node] Setting-up "fmriprep_wf.single_subject_10003_wf.func_preproc_task_sharedreward_acq_mb1me4_echo_1_wf.final_boldref_wf.enhance_and_skullstrip_bold_wf.map_brainmask" in "/scratch/fmriprep_wf/single_subject_10003_wf/func_preproc_task_sharedreward_acq_mb1me4_echo_1_wf/final_boldref_wf/enhance_and_skullstrip_bold_wf/map_brainmask".
220226-02:31:23,634 nipype.workflow INFO:
	 [Node] Setting-up "fmriprep_wf.single_subject_10003_wf.func_preproc_task_sharedreward_acq_mb1me1_wf.final_boldref_wf.enhance_and_skullstrip_bold_wf.map_brainmask" in "/scratch/fmriprep_wf/single_subject_10003_wf/func_preproc_task_sharedreward_acq_mb1me1_wf/final_boldref_wf/enhance_and_skullstrip_bold_wf/map_brainmask".
220226-02:31:23,635 nipype.workflow INFO:
	 [Node] Executing "unifize" <nipype.interfaces.afni.utils.Unifize>
220226-02:31:23,639 nipype.workflow INFO:
	 [Node] Executing "map_brainmask" <niworkflows.interfaces.fixes.FixHeaderApplyTransforms>
220226-02:31:23,640 nipype.workflow INFO:
	 [Node] Executing "map_brainmask" <niworkflows.interfaces.fixes.FixHeaderApplyTransforms>
220226-02:31:25,8 nipype.workflow INFO:
	 [Node] Finished "map_brainmask", elapsed time 1.365557s.
220226-02:31:25,147 nipype.workflow INFO:
	 [Node] Finished "map_brainmask", elapsed time 1.505924s.
220226-02:31:25,607 nipype.workflow INFO:
	 [Node] Setting-up "fmriprep_wf.single_subject_10003_wf.func_preproc_task_sharedreward_acq_mb1me4_echo_1_wf.final_boldref_wf.enhance_and_skullstrip_bold_wf.binarize_mask" in "/scratch/fmriprep_wf/single_subject_10003_wf/func_preproc_task_sharedreward_acq_mb1me4_echo_1_wf/final_boldref_wf/enhance_and_skullstrip_bold_wf/binarize_mask".
220226-02:31:25,608 nipype.workflow INFO:
	 [Node] Setting-up "fmriprep_wf.single_subject_10003_wf.func_preproc_task_sharedreward_acq_mb1me1_wf.final_boldref_wf.enhance_and_skullstrip_bold_wf.binarize_mask" in "/scratch/fmriprep_wf/single_subject_10003_wf/func_preproc_task_sharedreward_acq_mb1me1_wf/final_boldref_wf/enhance_and_skullstrip_bold_wf/binarize_mask".
220226-02:31:25,610 nipype.workflow INFO:
	 [Node] Executing "binarize_mask" <niworkflows.interfaces.nibabel.Binarize>
220226-02:31:25,611 nipype.workflow INFO:
	 [Node] Executing "binarize_mask" <niworkflows.interfaces.nibabel.Binarize>
220226-02:31:25,655 nipype.workflow INFO:
	 [Node] Finished "binarize_mask", elapsed time 0.043319s.
220226-02:31:25,694 nipype.workflow INFO:
	 [Node] Finished "binarize_mask", elapsed time 0.082454s.
220226-02:31:27,610 nipype.workflow INFO:
	 [Node] Setting-up "fmriprep_wf.single_subject_10003_wf.func_preproc_task_sharedreward_acq_mb1me4_echo_1_wf.final_boldref_wf.enhance_and_skullstrip_bold_wf.pre_mask_dilate" in "/scratch/fmriprep_wf/single_subject_10003_wf/func_preproc_task_sharedreward_acq_mb1me4_echo_1_wf/final_boldref_wf/enhance_and_skullstrip_bold_wf/pre_mask_dilate".
220226-02:31:27,612 nipype.workflow INFO:
	 [Node] Setting-up "fmriprep_wf.single_subject_10003_wf.func_preproc_task_sharedreward_acq_mb1me1_wf.final_boldref_wf.enhance_and_skullstrip_bold_wf.pre_mask_dilate" in "/scratch/fmriprep_wf/single_subject_10003_wf/func_preproc_task_sharedreward_acq_mb1me1_wf/final_boldref_wf/enhance_and_skullstrip_bold_wf/pre_mask_dilate".
220226-02:31:27,617 nipype.workflow INFO:
	 [Node] Executing "pre_mask_dilate" <nipype.interfaces.fsl.maths.DilateImage>
220226-02:31:27,622 nipype.workflow INFO:
	 [Node] Executing "pre_mask_dilate" <nipype.interfaces.fsl.maths.DilateImage>
220226-02:31:27,677 nipype.workflow INFO:
	 [Node] Finished "unifize", elapsed time 4.040597s.
220226-02:31:28,35 nipype.workflow INFO:
	 [Node] Finished "pre_mask_dilate", elapsed time 0.416423s.
220226-02:31:28,217 nipype.workflow INFO:
	 [Node] Finished "pre_mask_dilate", elapsed time 0.59269s.
220226-02:31:29,572 nipype.workflow INFO:
	 [Node] Setting-up "fmriprep_wf.single_subject_10003_wf.func_preproc_task_sharedreward_acq_mb6me4_echo_1_wf.final_boldref_wf.enhance_and_skullstrip_bold_wf.fixhdr_unifize" in "/scratch/fmriprep_wf/single_subject_10003_wf/func_preproc_task_sharedreward_acq_mb6me4_echo_1_wf/final_boldref_wf/enhance_and_skullstrip_bold_wf/fixhdr_unifize".
220226-02:31:29,576 nipype.workflow INFO:
	 [Node] Executing "fixhdr_unifize" <niworkflows.interfaces.utils.CopyXForm>
220226-02:31:29,658 nipype.workflow INFO:
	 [Node] Finished "fixhdr_unifize", elapsed time 0.081152s.
220226-02:31:31,569 nipype.workflow INFO:
	 [Node] Setting-up "fmriprep_wf.single_subject_10003_wf.func_preproc_task_sharedreward_acq_mb6me4_echo_1_wf.final_boldref_wf.enhance_and_skullstrip_bold_wf.skullstrip_second_pass" in "/scratch/fmriprep_wf/single_subject_10003_wf/func_preproc_task_sharedreward_acq_mb6me4_echo_1_wf/final_boldref_wf/enhance_and_skullstrip_bold_wf/skullstrip_second_pass".
220226-02:31:31,572 nipype.workflow INFO:
	 [Node] Setting-up "fmriprep_wf.single_subject_10003_wf.func_preproc_task_sharedreward_acq_mb1me4_echo_1_wf.final_boldref_wf.enhance_and_skullstrip_bold_wf.n4_correct" in "/scratch/fmriprep_wf/single_subject_10003_wf/func_preproc_task_sharedreward_acq_mb1me4_echo_1_wf/final_boldref_wf/enhance_and_skullstrip_bold_wf/n4_correct".
220226-02:31:31,573 nipype.workflow INFO:
	 [Node] Setting-up "fmriprep_wf.single_subject_10003_wf.func_preproc_task_sharedreward_acq_mb1me1_wf.final_boldref_wf.enhance_and_skullstrip_bold_wf.n4_correct" in "/scratch/fmriprep_wf/single_subject_10003_wf/func_preproc_task_sharedreward_acq_mb1me1_wf/final_boldref_wf/enhance_and_skullstrip_bold_wf/n4_correct".
220226-02:31:31,573 nipype.workflow INFO:
	 [Node] Executing "skullstrip_second_pass" <nipype.interfaces.afni.preprocess.Automask>
220226-02:31:31,577 nipype.workflow INFO:
	 [Node] Executing "n4_correct" <niworkflows.interfaces.fixes.FixN4BiasFieldCorrection>
220226-02:31:31,578 nipype.workflow INFO:
	 [Node] Executing "n4_correct" <niworkflows.interfaces.fixes.FixN4BiasFieldCorrection>
220226-02:31:32,75 nipype.workflow INFO:
	 [Node] Finished "skullstrip_second_pass", elapsed time 0.49999s.
220226-02:31:33,564 nipype.workflow INFO:
	 [Node] Setting-up "fmriprep_wf.single_subject_10003_wf.func_preproc_task_sharedreward_acq_mb6me4_echo_1_wf.final_boldref_wf.enhance_and_skullstrip_bold_wf.fixhdr_skullstrip2" in "/scratch/fmriprep_wf/single_subject_10003_wf/func_preproc_task_sharedreward_acq_mb6me4_echo_1_wf/final_boldref_wf/enhance_and_skullstrip_bold_wf/fixhdr_skullstrip2".
220226-02:31:33,570 nipype.workflow INFO:
	 [Node] Executing "fixhdr_skullstrip2" <niworkflows.interfaces.utils.CopyXForm>
220226-02:31:33,633 nipype.workflow INFO:
	 [Node] Finished "fixhdr_skullstrip2", elapsed time 0.061658s.
220226-02:31:35,333 nipype.workflow INFO:
	 [Node] Finished "n4_correct", elapsed time 3.754072s.
220226-02:31:35,585 nipype.workflow INFO:
	 [Node] Setting-up "fmriprep_wf.single_subject_10003_wf.func_preproc_task_sharedreward_acq_mb6me4_echo_1_wf.final_boldref_wf.enhance_and_skullstrip_bold_wf.combine_masks" in "/scratch/fmriprep_wf/single_subject_10003_wf/func_preproc_task_sharedreward_acq_mb6me4_echo_1_wf/final_boldref_wf/enhance_and_skullstrip_bold_wf/combine_masks".
220226-02:31:35,586 nipype.workflow INFO:
	 [Node] Setting-up "fmriprep_wf.single_subject_10003_wf.func_preproc_task_sharedreward_acq_mb1me1_wf.final_boldref_wf.enhance_and_skullstrip_bold_wf.skullstrip_first_pass" in "/scratch/fmriprep_wf/single_subject_10003_wf/func_preproc_task_sharedreward_acq_mb1me1_wf/final_boldref_wf/enhance_and_skullstrip_bold_wf/skullstrip_first_pass".
220226-02:31:35,591 nipype.workflow INFO:
	 [Node] Executing "skullstrip_first_pass" <nipype.interfaces.fsl.preprocess.BET>
220226-02:31:35,600 nipype.workflow INFO:
	 [Node] Executing "combine_masks" <nipype.interfaces.fsl.maths.BinaryMaths>
220226-02:31:35,859 nipype.workflow INFO:
	 [Node] Finished "combine_masks", elapsed time 0.256736s.
220226-02:31:35,938 nipype.workflow INFO:
	 [Node] Finished "n4_correct", elapsed time 4.359576s.
220226-02:31:36,668 nipype.workflow INFO:
	 [Node] Finished "t2smap_node", elapsed time 622.100383s.
220226-02:31:37,588 nipype.workflow INFO:
	 [Node] Setting-up "fmriprep_wf.single_subject_10003_wf.func_preproc_task_sharedreward_acq_mb6me4_echo_1_wf.final_boldref_wf.enhance_and_skullstrip_bold_wf.apply_mask" in "/scratch/fmriprep_wf/single_subject_10003_wf/func_preproc_task_sharedreward_acq_mb6me4_echo_1_wf/final_boldref_wf/enhance_and_skullstrip_bold_wf/apply_mask".
220226-02:31:37,592 nipype.workflow INFO:
	 [Node] Executing "apply_mask" <nipype.interfaces.fsl.maths.ApplyMask>
220226-02:31:37,600 nipype.workflow INFO:
	 [Node] Setting-up "fmriprep_wf.single_subject_10003_wf.func_preproc_task_sharedreward_acq_mb6me4_echo_1_wf.bold_confounds_wf.tcompcor" in "/scratch/fmriprep_wf/single_subject_10003_wf/func_preproc_task_sharedreward_acq_mb6me4_echo_1_wf/bold_confounds_wf/tcompcor".
220226-02:31:37,612 nipype.workflow INFO:
	 [Node] Setting-up "fmriprep_wf.single_subject_10003_wf.func_preproc_task_sharedreward_acq_mb1me4_echo_1_wf.final_boldref_wf.enhance_and_skullstrip_bold_wf.skullstrip_first_pass" in "/scratch/fmriprep_wf/single_subject_10003_wf/func_preproc_task_sharedreward_acq_mb1me4_echo_1_wf/final_boldref_wf/enhance_and_skullstrip_bold_wf/skullstrip_first_pass".
220226-02:31:37,612 nipype.workflow INFO:
	 [Node] Setting-up "fmriprep_wf.single_subject_10003_wf.func_preproc_task_sharedreward_acq_mb6me4_echo_1_wf.bold_confounds_wf.dvars" in "/scratch/fmriprep_wf/single_subject_10003_wf/func_preproc_task_sharedreward_acq_mb6me4_echo_1_wf/bold_confounds_wf/dvars".
220226-02:31:37,613 nipype.workflow INFO:
	 [Node] Setting-up "fmriprep_wf.single_subject_10003_wf.func_preproc_task_sharedreward_acq_mb6me4_echo_1_wf.split_opt_comb" in "/scratch/fmriprep_wf/single_subject_10003_wf/func_preproc_task_sharedreward_acq_mb6me4_echo_1_wf/split_opt_comb".
220226-02:31:37,616 nipype.workflow INFO:
	 [Node] Executing "skullstrip_first_pass" <nipype.interfaces.fsl.preprocess.BET>
220226-02:31:37,944 nipype.workflow INFO:
	 [Node] Finished "apply_mask", elapsed time 0.350084s.
220226-02:31:38,188 nipype.workflow INFO:
	 [Node] Executing "split_opt_comb" <nipype.interfaces.fsl.utils.Split>
220226-02:31:38,221 nipype.workflow INFO:
	 [Node] Finished "skullstrip_first_pass", elapsed time 2.629123s.
220226-02:31:38,371 nipype.workflow INFO:
	 [Node] Executing "tcompcor" <niworkflows.interfaces.patches.RobustTCompCor>
220226-02:31:38,520 nipype.workflow INFO:
	 [Node] Executing "dvars" <nipype.algorithms.confounds.ComputeDVARS>
220226-02:31:39,568 nipype.workflow INFO:
	 [Node] Setting-up "fmriprep_wf.single_subject_10003_wf.func_preproc_task_sharedreward_acq_mb1me1_wf.final_boldref_wf.enhance_and_skullstrip_bold_wf.skullstrip_first_dilate" in "/scratch/fmriprep_wf/single_subject_10003_wf/func_preproc_task_sharedreward_acq_mb1me1_wf/final_boldref_wf/enhance_and_skullstrip_bold_wf/skullstrip_first_dilate".
220226-02:31:39,572 nipype.workflow INFO:
	 [Node] Executing "skullstrip_first_dilate" <nipype.interfaces.fsl.maths.DilateImage>
220226-02:31:40,261 nipype.workflow INFO:
	 [Node] Finished "skullstrip_first_pass", elapsed time 2.642906s.
220226-02:31:40,548 nipype.workflow INFO:
	 [Node] Finished "skullstrip_first_dilate", elapsed time 0.974355s.
220226-02:31:41,588 nipype.workflow INFO:
	 [Node] Setting-up "fmriprep_wf.single_subject_10003_wf.func_preproc_task_sharedreward_acq_mb1me4_echo_1_wf.final_boldref_wf.enhance_and_skullstrip_bold_wf.skullstrip_first_dilate" in "/scratch/fmriprep_wf/single_subject_10003_wf/func_preproc_task_sharedreward_acq_mb1me4_echo_1_wf/final_boldref_wf/enhance_and_skullstrip_bold_wf/skullstrip_first_dilate".
220226-02:31:41,589 nipype.workflow INFO:
	 [Node] Setting-up "fmriprep_wf.single_subject_10003_wf.func_preproc_task_sharedreward_acq_mb1me1_wf.final_boldref_wf.enhance_and_skullstrip_bold_wf.skullstrip_first_mask" in "/scratch/fmriprep_wf/single_subject_10003_wf/func_preproc_task_sharedreward_acq_mb1me1_wf/final_boldref_wf/enhance_and_skullstrip_bold_wf/skullstrip_first_mask".
220226-02:31:41,593 nipype.workflow INFO:
	 [Node] Executing "skullstrip_first_dilate" <nipype.interfaces.fsl.maths.DilateImage>
220226-02:31:41,593 nipype.workflow INFO:
	 [Node] Executing "skullstrip_first_mask" <nipype.interfaces.fsl.maths.ApplyMask>
220226-02:31:41,861 nipype.workflow INFO:
	 [Node] Finished "skullstrip_first_mask", elapsed time 0.266207s.
220226-02:31:42,417 nipype.workflow INFO:
	 [Node] Finished "skullstrip_first_dilate", elapsed time 0.822342s.
220226-02:31:43,583 nipype.workflow INFO:
	 [Node] Setting-up "fmriprep_wf.single_subject_10003_wf.func_preproc_task_sharedreward_acq_mb1me4_echo_1_wf.final_boldref_wf.enhance_and_skullstrip_bold_wf.skullstrip_first_mask" in "/scratch/fmriprep_wf/single_subject_10003_wf/func_preproc_task_sharedreward_acq_mb1me4_echo_1_wf/final_boldref_wf/enhance_and_skullstrip_bold_wf/skullstrip_first_mask".
220226-02:31:43,587 nipype.workflow INFO:
	 [Node] Setting-up "fmriprep_wf.single_subject_10003_wf.func_preproc_task_sharedreward_acq_mb1me1_wf.final_boldref_wf.enhance_and_skullstrip_bold_wf.unifize" in "/scratch/fmriprep_wf/single_subject_10003_wf/func_preproc_task_sharedreward_acq_mb1me1_wf/final_boldref_wf/enhance_and_skullstrip_bold_wf/unifize".
220226-02:31:43,588 nipype.workflow INFO:
	 [Node] Executing "skullstrip_first_mask" <nipype.interfaces.fsl.maths.ApplyMask>
220226-02:31:43,591 nipype.workflow INFO:
	 [Node] Executing "unifize" <nipype.interfaces.afni.utils.Unifize>
220226-02:31:43,788 nipype.workflow INFO:
	 [Node] Finished "skullstrip_first_mask", elapsed time 0.197937s.
220226-02:31:45,627 nipype.workflow INFO:
	 [Node] Setting-up "fmriprep_wf.single_subject_10003_wf.func_preproc_task_sharedreward_acq_mb1me4_echo_1_wf.final_boldref_wf.enhance_and_skullstrip_bold_wf.unifize" in "/scratch/fmriprep_wf/single_subject_10003_wf/func_preproc_task_sharedreward_acq_mb1me4_echo_1_wf/final_boldref_wf/enhance_and_skullstrip_bold_wf/unifize".
220226-02:31:45,633 nipype.workflow INFO:
	 [Node] Executing "unifize" <nipype.interfaces.afni.utils.Unifize>
220226-02:31:45,789 nipype.workflow INFO:
	 [Node] Finished "unifize", elapsed time 2.196221s.
220226-02:31:45,834 nipype.workflow INFO:
	 [Node] Finished "tcompcor", elapsed time 7.46144s.
220226-02:31:47,516 nipype.workflow INFO:
	 [Node] Finished "unifize", elapsed time 1.880719s.
220226-02:31:47,663 nipype.workflow INFO:
	 [Node] Setting-up "fmriprep_wf.single_subject_10003_wf.func_preproc_task_sharedreward_acq_mb6me4_echo_1_wf.bold_confounds_wf.tcc_metadata_fmt" in "/scratch/fmriprep_wf/single_subject_10003_wf/func_preproc_task_sharedreward_acq_mb6me4_echo_1_wf/bold_confounds_wf/tcc_metadata_fmt".
220226-02:31:47,665 nipype.workflow INFO:
	 [Node] Setting-up "fmriprep_wf.single_subject_10003_wf.func_preproc_task_sharedreward_acq_mb1me1_wf.final_boldref_wf.enhance_and_skullstrip_bold_wf.fixhdr_unifize" in "/scratch/fmriprep_wf/single_subject_10003_wf/func_preproc_task_sharedreward_acq_mb1me1_wf/final_boldref_wf/enhance_and_skullstrip_bold_wf/fixhdr_unifize".
220226-02:31:47,667 nipype.workflow INFO:
	 [Node] Executing "tcc_metadata_fmt" <niworkflows.interfaces.utils.TSV2JSON>
220226-02:31:47,669 nipype.workflow INFO:
	 [Node] Executing "fixhdr_unifize" <niworkflows.interfaces.utils.CopyXForm>
220226-02:31:47,685 nipype.workflow INFO:
	 [Node] Finished "tcc_metadata_fmt", elapsed time 0.016666s.
220226-02:31:47,722 nipype.workflow INFO:
	 [Node] Finished "fixhdr_unifize", elapsed time 0.052024s.
220226-02:31:49,595 nipype.workflow INFO:
	 [Node] Setting-up "fmriprep_wf.single_subject_10003_wf.func_preproc_task_sharedreward_acq_mb1me4_echo_1_wf.final_boldref_wf.enhance_and_skullstrip_bold_wf.fixhdr_unifize" in "/scratch/fmriprep_wf/single_subject_10003_wf/func_preproc_task_sharedreward_acq_mb1me4_echo_1_wf/final_boldref_wf/enhance_and_skullstrip_bold_wf/fixhdr_unifize".
220226-02:31:49,596 nipype.workflow INFO:
	 [Node] Setting-up "fmriprep_wf.single_subject_10003_wf.func_preproc_task_sharedreward_acq_mb1me1_wf.final_boldref_wf.enhance_and_skullstrip_bold_wf.skullstrip_second_pass" in "/scratch/fmriprep_wf/single_subject_10003_wf/func_preproc_task_sharedreward_acq_mb1me1_wf/final_boldref_wf/enhance_and_skullstrip_bold_wf/skullstrip_second_pass".
220226-02:31:49,600 nipype.workflow INFO:
	 [Node] Executing "skullstrip_second_pass" <nipype.interfaces.afni.preprocess.Automask>
220226-02:31:49,602 nipype.workflow INFO:
	 [Node] Executing "fixhdr_unifize" <niworkflows.interfaces.utils.CopyXForm>
220226-02:31:49,702 nipype.workflow INFO:
	 [Node] Finished "fixhdr_unifize", elapsed time 0.097153s.
220226-02:31:50,0 nipype.workflow INFO:
	 [Node] Finished "skullstrip_second_pass", elapsed time 0.398076s.
220226-02:31:51,635 nipype.workflow INFO:
	 [Node] Setting-up "fmriprep_wf.single_subject_10003_wf.func_preproc_task_sharedreward_acq_mb1me4_echo_1_wf.final_boldref_wf.enhance_and_skullstrip_bold_wf.skullstrip_second_pass" in "/scratch/fmriprep_wf/single_subject_10003_wf/func_preproc_task_sharedreward_acq_mb1me4_echo_1_wf/final_boldref_wf/enhance_and_skullstrip_bold_wf/skullstrip_second_pass".
220226-02:31:51,638 nipype.workflow INFO:
	 [Node] Executing "skullstrip_second_pass" <nipype.interfaces.afni.preprocess.Automask>
220226-02:31:51,644 nipype.workflow INFO:
	 [Node] Setting-up "fmriprep_wf.single_subject_10003_wf.func_preproc_task_sharedreward_acq_mb1me1_wf.final_boldref_wf.enhance_and_skullstrip_bold_wf.fixhdr_skullstrip2" in "/scratch/fmriprep_wf/single_subject_10003_wf/func_preproc_task_sharedreward_acq_mb1me1_wf/final_boldref_wf/enhance_and_skullstrip_bold_wf/fixhdr_skullstrip2".
220226-02:31:51,651 nipype.workflow INFO:
	 [Node] Executing "fixhdr_skullstrip2" <niworkflows.interfaces.utils.CopyXForm>
220226-02:31:51,785 nipype.workflow INFO:
	 [Node] Finished "fixhdr_skullstrip2", elapsed time 0.132148s.
220226-02:31:51,929 nipype.workflow INFO:
	 [Node] Finished "skullstrip_second_pass", elapsed time 0.289235s.
220226-02:31:53,635 nipype.workflow INFO:
	 [Node] Setting-up "fmriprep_wf.single_subject_10003_wf.func_preproc_task_sharedreward_acq_mb1me4_echo_1_wf.final_boldref_wf.enhance_and_skullstrip_bold_wf.fixhdr_skullstrip2" in "/scratch/fmriprep_wf/single_subject_10003_wf/func_preproc_task_sharedreward_acq_mb1me4_echo_1_wf/final_boldref_wf/enhance_and_skullstrip_bold_wf/fixhdr_skullstrip2".
220226-02:31:53,636 nipype.workflow INFO:
	 [Node] Setting-up "fmriprep_wf.single_subject_10003_wf.func_preproc_task_sharedreward_acq_mb1me1_wf.final_boldref_wf.enhance_and_skullstrip_bold_wf.combine_masks" in "/scratch/fmriprep_wf/single_subject_10003_wf/func_preproc_task_sharedreward_acq_mb1me1_wf/final_boldref_wf/enhance_and_skullstrip_bold_wf/combine_masks".
220226-02:31:53,639 nipype.workflow INFO:
	 [Node] Executing "fixhdr_skullstrip2" <niworkflows.interfaces.utils.CopyXForm>
220226-02:31:53,652 nipype.workflow INFO:
	 [Node] Executing "combine_masks" <nipype.interfaces.fsl.maths.BinaryMaths>
220226-02:31:53,692 nipype.workflow INFO:
	 [Node] Finished "fixhdr_skullstrip2", elapsed time 0.051877s.
220226-02:31:53,889 nipype.workflow INFO:
	 [Node] Finished "combine_masks", elapsed time 0.235459s.
220226-02:31:54,619 nipype.workflow INFO:
	 [Node] Finished "init_aff", elapsed time 187.055404s.
220226-02:31:55,581 nipype.workflow INFO:
	 [Node] Setting-up "fmriprep_wf.single_subject_10003_wf.func_preproc_task_sharedreward_acq_mb3me4_echo_1_wf.final_boldref_wf.enhance_and_skullstrip_bold_wf.norm" in "/scratch/fmriprep_wf/single_subject_10003_wf/func_preproc_task_sharedreward_acq_mb3me4_echo_1_wf/final_boldref_wf/enhance_and_skullstrip_bold_wf/norm".
220226-02:31:55,583 nipype.workflow INFO:
	 [Node] Setting-up "fmriprep_wf.single_subject_10003_wf.func_preproc_task_sharedreward_acq_mb1me4_echo_1_wf.final_boldref_wf.enhance_and_skullstrip_bold_wf.combine_masks" in "/scratch/fmriprep_wf/single_subject_10003_wf/func_preproc_task_sharedreward_acq_mb1me4_echo_1_wf/final_boldref_wf/enhance_and_skullstrip_bold_wf/combine_masks".
220226-02:31:55,587 nipype.workflow INFO:
	 [Node] Executing "combine_masks" <nipype.interfaces.fsl.maths.BinaryMaths>
220226-02:31:55,589 nipype.workflow INFO:
	 [Node] Setting-up "fmriprep_wf.single_subject_10003_wf.func_preproc_task_sharedreward_acq_mb1me1_wf.bold_confounds_wf.tcompcor" in "/scratch/fmriprep_wf/single_subject_10003_wf/func_preproc_task_sharedreward_acq_mb1me1_wf/bold_confounds_wf/tcompcor".
220226-02:31:55,589 nipype.workflow INFO:
	 [Node] Setting-up "fmriprep_wf.single_subject_10003_wf.func_preproc_task_sharedreward_acq_mb1me1_wf.bold_confounds_wf.dvars" in "/scratch/fmriprep_wf/single_subject_10003_wf/func_preproc_task_sharedreward_acq_mb1me1_wf/bold_confounds_wf/dvars".
220226-02:31:55,591 nipype.workflow INFO:
	 [Node] Setting-up "fmriprep_wf.single_subject_10003_wf.func_preproc_task_sharedreward_acq_mb1me1_wf.final_boldref_wf.enhance_and_skullstrip_bold_wf.apply_mask" in "/scratch/fmriprep_wf/single_subject_10003_wf/func_preproc_task_sharedreward_acq_mb1me1_wf/final_boldref_wf/enhance_and_skullstrip_bold_wf/apply_mask".
220226-02:31:55,595 nipype.workflow INFO:
	 [Node] Executing "dvars" <nipype.algorithms.confounds.ComputeDVARS>
220226-02:31:55,595 nipype.workflow INFO:
	 [Node] Executing "apply_mask" <nipype.interfaces.fsl.maths.ApplyMask>
220226-02:31:55,600 nipype.workflow INFO:
	 [Node] Executing "norm" <niworkflows.interfaces.fixes.FixHeaderRegistration>
220226-02:31:55,600 nipype.workflow INFO:
	 [Node] Executing "tcompcor" <niworkflows.interfaces.patches.RobustTCompCor>
220226-02:31:55,803 nipype.workflow INFO:
	 [Node] Finished "apply_mask", elapsed time 0.206161s.
220226-02:31:55,804 nipype.workflow INFO:
	 [Node] Finished "combine_masks", elapsed time 0.214921s.
220226-02:31:56,801 nipype.workflow INFO:
	 [Node] Finished "norm", elapsed time 1.1974529999999999s.
220226-02:31:57,693 nipype.workflow INFO:
	 [Node] Setting-up "fmriprep_wf.single_subject_10003_wf.func_preproc_task_sharedreward_acq_mb3me4_echo_1_wf.final_boldref_wf.enhance_and_skullstrip_bold_wf.map_brainmask" in "/scratch/fmriprep_wf/single_subject_10003_wf/func_preproc_task_sharedreward_acq_mb3me4_echo_1_wf/final_boldref_wf/enhance_and_skullstrip_bold_wf/map_brainmask".
220226-02:31:57,695 nipype.workflow INFO:
	 [Node] Setting-up "fmriprep_wf.single_subject_10003_wf.func_preproc_task_sharedreward_acq_mb1me4_echo_1_wf.final_boldref_wf.enhance_and_skullstrip_bold_wf.apply_mask" in "/scratch/fmriprep_wf/single_subject_10003_wf/func_preproc_task_sharedreward_acq_mb1me4_echo_1_wf/final_boldref_wf/enhance_and_skullstrip_bold_wf/apply_mask".
220226-02:31:57,699 nipype.workflow INFO:
	 [Node] Executing "apply_mask" <nipype.interfaces.fsl.maths.ApplyMask>
220226-02:31:57,699 nipype.workflow INFO:
	 [Node] Executing "map_brainmask" <niworkflows.interfaces.fixes.FixHeaderApplyTransforms>
220226-02:31:57,930 nipype.workflow INFO:
	 [Node] Finished "apply_mask", elapsed time 0.22918s.
220226-02:31:58,926 nipype.workflow INFO:
	 [Node] Finished "map_brainmask", elapsed time 1.224998s.
220226-02:31:59,441 nipype.workflow INFO:
	 [Node] Finished "tcompcor", elapsed time 3.83788s.
220226-02:31:59,706 nipype.workflow INFO:
	 [Node] Setting-up "fmriprep_wf.single_subject_10003_wf.func_preproc_task_sharedreward_acq_mb3me4_echo_1_wf.final_boldref_wf.enhance_and_skullstrip_bold_wf.binarize_mask" in "/scratch/fmriprep_wf/single_subject_10003_wf/func_preproc_task_sharedreward_acq_mb3me4_echo_1_wf/final_boldref_wf/enhance_and_skullstrip_bold_wf/binarize_mask".
220226-02:31:59,709 nipype.workflow INFO:
	 [Node] Executing "binarize_mask" <niworkflows.interfaces.nibabel.Binarize>
220226-02:31:59,751 nipype.workflow INFO:
	 [Node] Finished "binarize_mask", elapsed time 0.040689s.
220226-02:32:01,501 nipype.workflow INFO:
	 [Node] Finished "split_opt_comb", elapsed time 23.310896s.
220226-02:32:01,667 nipype.workflow INFO:
	 [Node] Setting-up "fmriprep_wf.single_subject_10003_wf.func_preproc_task_sharedreward_acq_mb3me4_echo_1_wf.final_boldref_wf.enhance_and_skullstrip_bold_wf.pre_mask_dilate" in "/scratch/fmriprep_wf/single_subject_10003_wf/func_preproc_task_sharedreward_acq_mb3me4_echo_1_wf/final_boldref_wf/enhance_and_skullstrip_bold_wf/pre_mask_dilate".
220226-02:32:01,667 nipype.workflow INFO:
	 [Node] Setting-up "fmriprep_wf.single_subject_10003_wf.func_preproc_task_sharedreward_acq_mb1me1_wf.bold_confounds_wf.tcc_metadata_fmt" in "/scratch/fmriprep_wf/single_subject_10003_wf/func_preproc_task_sharedreward_acq_mb1me1_wf/bold_confounds_wf/tcc_metadata_fmt".
220226-02:32:01,674 nipype.workflow INFO:
	 [Node] Executing "pre_mask_dilate" <nipype.interfaces.fsl.maths.DilateImage>
220226-02:32:01,675 nipype.workflow INFO:
	 [Node] Executing "tcc_metadata_fmt" <niworkflows.interfaces.utils.TSV2JSON>
220226-02:32:01,698 nipype.workflow INFO:
	 [Node] Finished "tcc_metadata_fmt", elapsed time 0.020843s.
220226-02:32:02,354 nipype.workflow INFO:
	 [Node] Finished "pre_mask_dilate", elapsed time 0.678502s.
220226-02:32:03,692 nipype.workflow INFO:
	 [Node] Setting-up "fmriprep_wf.single_subject_10003_wf.func_preproc_task_sharedreward_acq_mb6me4_echo_1_wf.bold_std_trans_wf.gen_ref" in "/scratch/fmriprep_wf/single_subject_10003_wf/func_preproc_task_sharedreward_acq_mb6me4_echo_1_wf/bold_std_trans_wf/_std_target_MNI152NLin2009cAsym.resnative/gen_ref".
220226-02:32:03,754 nipype.workflow INFO:
	 [Node] Executing "gen_ref" <niworkflows.interfaces.utils.GenerateSamplingReference>
220226-02:32:03,982 nipype.workflow INFO:
	 [Node] Finished "gen_ref", elapsed time 0.226077s.
220226-02:32:05,721 nipype.workflow INFO:
	 [Node] Setting-up "fmriprep_wf.single_subject_10003_wf.func_preproc_task_sharedreward_acq_mb3me4_echo_1_wf.final_boldref_wf.enhance_and_skullstrip_bold_wf.n4_correct" in "/scratch/fmriprep_wf/single_subject_10003_wf/func_preproc_task_sharedreward_acq_mb3me4_echo_1_wf/final_boldref_wf/enhance_and_skullstrip_bold_wf/n4_correct".
220226-02:32:05,733 nipype.workflow INFO:
	 [Node] Executing "n4_correct" <niworkflows.interfaces.fixes.FixN4BiasFieldCorrection>
220226-02:32:08,547 nipype.workflow INFO:
	 [Node] Finished "n4_correct", elapsed time 2.811453s.
220226-02:32:09,606 nipype.workflow INFO:
	 [Node] Setting-up "fmriprep_wf.single_subject_10003_wf.func_preproc_task_sharedreward_acq_mb3me4_echo_1_wf.final_boldref_wf.enhance_and_skullstrip_bold_wf.skullstrip_first_pass" in "/scratch/fmriprep_wf/single_subject_10003_wf/func_preproc_task_sharedreward_acq_mb3me4_echo_1_wf/final_boldref_wf/enhance_and_skullstrip_bold_wf/skullstrip_first_pass".
220226-02:32:09,613 nipype.workflow INFO:
	 [Node] Executing "skullstrip_first_pass" <nipype.interfaces.fsl.preprocess.BET>
220226-02:32:11,719 nipype.workflow INFO:
	 [Node] Finished "dvars", elapsed time 33.195666s.
220226-02:32:12,602 nipype.workflow INFO:
	 [Node] Finished "skullstrip_first_pass", elapsed time 2.986666s.
220226-02:32:14,51 nipype.workflow INFO:
	 [Node] Setting-up "fmriprep_wf.single_subject_10003_wf.func_preproc_task_sharedreward_acq_mb3me4_echo_1_wf.final_boldref_wf.enhance_and_skullstrip_bold_wf.skullstrip_first_dilate" in "/scratch/fmriprep_wf/single_subject_10003_wf/func_preproc_task_sharedreward_acq_mb3me4_echo_1_wf/final_boldref_wf/enhance_and_skullstrip_bold_wf/skullstrip_first_dilate".
220226-02:32:14,54 nipype.workflow INFO:
	 [Node] Executing "skullstrip_first_dilate" <nipype.interfaces.fsl.maths.DilateImage>
220226-02:32:15,719 nipype.workflow INFO:
	 [Node] Finished "skullstrip_first_dilate", elapsed time 1.6638009999999999s.
220226-02:32:17,614 nipype.workflow INFO:
	 [Node] Setting-up "fmriprep_wf.single_subject_10003_wf.func_preproc_task_sharedreward_acq_mb3me4_echo_1_wf.final_boldref_wf.enhance_and_skullstrip_bold_wf.skullstrip_first_mask" in "/scratch/fmriprep_wf/single_subject_10003_wf/func_preproc_task_sharedreward_acq_mb3me4_echo_1_wf/final_boldref_wf/enhance_and_skullstrip_bold_wf/skullstrip_first_mask".
220226-02:32:17,618 nipype.workflow INFO:
	 [Node] Executing "skullstrip_first_mask" <nipype.interfaces.fsl.maths.ApplyMask>
220226-02:32:17,818 nipype.workflow INFO:
	 [Node] Finished "skullstrip_first_mask", elapsed time 0.197513s.
220226-02:32:19,741 nipype.workflow INFO:
	 [Node] Setting-up "fmriprep_wf.single_subject_10003_wf.func_preproc_task_sharedreward_acq_mb3me4_echo_1_wf.final_boldref_wf.enhance_and_skullstrip_bold_wf.unifize" in "/scratch/fmriprep_wf/single_subject_10003_wf/func_preproc_task_sharedreward_acq_mb3me4_echo_1_wf/final_boldref_wf/enhance_and_skullstrip_bold_wf/unifize".
220226-02:32:19,744 nipype.workflow INFO:
	 [Node] Executing "unifize" <nipype.interfaces.afni.utils.Unifize>
220226-02:32:21,661 nipype.workflow INFO:
	 [Node] Finished "dvars", elapsed time 26.063619s.
220226-02:32:23,282 nipype.workflow INFO:
	 [Node] Finished "unifize", elapsed time 3.537347s.
220226-02:32:23,589 nipype.workflow INFO:
	 [Node] Setting-up "fmriprep_wf.single_subject_10003_wf.func_preproc_task_sharedreward_acq_mb3me4_echo_1_wf.final_boldref_wf.enhance_and_skullstrip_bold_wf.fixhdr_unifize" in "/scratch/fmriprep_wf/single_subject_10003_wf/func_preproc_task_sharedreward_acq_mb3me4_echo_1_wf/final_boldref_wf/enhance_and_skullstrip_bold_wf/fixhdr_unifize".
220226-02:32:23,599 nipype.workflow INFO:
	 [Node] Executing "fixhdr_unifize" <niworkflows.interfaces.utils.CopyXForm>
220226-02:32:23,691 nipype.workflow INFO:
	 [Node] Finished "fixhdr_unifize", elapsed time 0.089408s.
220226-02:32:25,573 nipype.workflow INFO:
	 [Node] Setting-up "fmriprep_wf.single_subject_10003_wf.func_preproc_task_sharedreward_acq_mb3me4_echo_1_wf.final_boldref_wf.enhance_and_skullstrip_bold_wf.skullstrip_second_pass" in "/scratch/fmriprep_wf/single_subject_10003_wf/func_preproc_task_sharedreward_acq_mb3me4_echo_1_wf/final_boldref_wf/enhance_and_skullstrip_bold_wf/skullstrip_second_pass".
220226-02:32:25,576 nipype.workflow INFO:
	 [Node] Executing "skullstrip_second_pass" <nipype.interfaces.afni.preprocess.Automask>
220226-02:32:25,899 nipype.workflow INFO:
	 [Node] Finished "skullstrip_second_pass", elapsed time 0.321169s.
220226-02:32:27,652 nipype.workflow INFO:
	 [Node] Setting-up "fmriprep_wf.single_subject_10003_wf.func_preproc_task_sharedreward_acq_mb3me4_echo_1_wf.final_boldref_wf.enhance_and_skullstrip_bold_wf.fixhdr_skullstrip2" in "/scratch/fmriprep_wf/single_subject_10003_wf/func_preproc_task_sharedreward_acq_mb3me4_echo_1_wf/final_boldref_wf/enhance_and_skullstrip_bold_wf/fixhdr_skullstrip2".
220226-02:32:27,658 nipype.workflow INFO:
	 [Node] Executing "fixhdr_skullstrip2" <niworkflows.interfaces.utils.CopyXForm>
220226-02:32:27,720 nipype.workflow INFO:
	 [Node] Finished "fixhdr_skullstrip2", elapsed time 0.060464s.
220226-02:32:29,659 nipype.workflow INFO:
	 [Node] Setting-up "fmriprep_wf.single_subject_10003_wf.func_preproc_task_sharedreward_acq_mb3me4_echo_1_wf.final_boldref_wf.enhance_and_skullstrip_bold_wf.combine_masks" in "/scratch/fmriprep_wf/single_subject_10003_wf/func_preproc_task_sharedreward_acq_mb3me4_echo_1_wf/final_boldref_wf/enhance_and_skullstrip_bold_wf/combine_masks".
220226-02:32:29,664 nipype.workflow INFO:
	 [Node] Executing "combine_masks" <nipype.interfaces.fsl.maths.BinaryMaths>
220226-02:32:29,915 nipype.workflow INFO:
	 [Node] Finished "combine_masks", elapsed time 0.250021s.
220226-02:32:31,659 nipype.workflow INFO:
	 [Node] Setting-up "fmriprep_wf.single_subject_10003_wf.func_preproc_task_sharedreward_acq_mb3me4_echo_1_wf.final_boldref_wf.enhance_and_skullstrip_bold_wf.apply_mask" in "/scratch/fmriprep_wf/single_subject_10003_wf/func_preproc_task_sharedreward_acq_mb3me4_echo_1_wf/final_boldref_wf/enhance_and_skullstrip_bold_wf/apply_mask".
220226-02:32:31,664 nipype.workflow INFO:
	 [Node] Executing "apply_mask" <nipype.interfaces.fsl.maths.ApplyMask>
220226-02:32:31,889 nipype.workflow INFO:
	 [Node] Finished "apply_mask", elapsed time 0.224189s.
220226-02:32:43,532 nipype.workflow INFO:
	 [Node] Finished "t2smap_node", elapsed time 263.305385s.
220226-02:32:45,670 nipype.workflow INFO:
	 [Node] Setting-up "fmriprep_wf.single_subject_10003_wf.func_preproc_task_sharedreward_acq_mb1me4_echo_1_wf.bold_confounds_wf.tcompcor" in "/scratch/fmriprep_wf/single_subject_10003_wf/func_preproc_task_sharedreward_acq_mb1me4_echo_1_wf/bold_confounds_wf/tcompcor".
220226-02:32:45,670 nipype.workflow INFO:
	 [Node] Setting-up "fmriprep_wf.single_subject_10003_wf.func_preproc_task_sharedreward_acq_mb1me4_echo_1_wf.bold_confounds_wf.dvars" in "/scratch/fmriprep_wf/single_subject_10003_wf/func_preproc_task_sharedreward_acq_mb1me4_echo_1_wf/bold_confounds_wf/dvars".
220226-02:32:45,671 nipype.workflow INFO:
	 [Node] Setting-up "fmriprep_wf.single_subject_10003_wf.func_preproc_task_sharedreward_acq_mb1me4_echo_1_wf.split_opt_comb" in "/scratch/fmriprep_wf/single_subject_10003_wf/func_preproc_task_sharedreward_acq_mb1me4_echo_1_wf/split_opt_comb".
220226-02:32:45,675 nipype.workflow INFO:
	 [Node] Executing "split_opt_comb" <nipype.interfaces.fsl.utils.Split>
220226-02:32:46,248 nipype.workflow INFO:
	 [Node] Executing "tcompcor" <niworkflows.interfaces.patches.RobustTCompCor>
220226-02:32:46,516 nipype.workflow INFO:
	 [Node] Executing "dvars" <nipype.algorithms.confounds.ComputeDVARS>
220226-02:32:49,83 nipype.workflow INFO:
	 [Node] Finished "tcompcor", elapsed time 2.833275s.
220226-02:32:49,610 nipype.workflow INFO:
	 [Node] Setting-up "fmriprep_wf.single_subject_10003_wf.func_preproc_task_sharedreward_acq_mb1me4_echo_1_wf.bold_confounds_wf.tcc_metadata_fmt" in "/scratch/fmriprep_wf/single_subject_10003_wf/func_preproc_task_sharedreward_acq_mb1me4_echo_1_wf/bold_confounds_wf/tcc_metadata_fmt".
220226-02:32:49,614 nipype.workflow INFO:
	 [Node] Executing "tcc_metadata_fmt" <niworkflows.interfaces.utils.TSV2JSON>
220226-02:32:49,625 nipype.workflow INFO:
	 [Node] Finished "tcc_metadata_fmt", elapsed time 0.009717s.
220226-02:32:53,820 nipype.workflow INFO:
	 [Node] Finished "split_opt_comb", elapsed time 8.14408s.
220226-02:32:56,73 nipype.workflow INFO:
	 [Node] Setting-up "fmriprep_wf.single_subject_10003_wf.func_preproc_task_sharedreward_acq_mb1me4_echo_1_wf.bold_std_trans_wf.gen_ref" in "/scratch/fmriprep_wf/single_subject_10003_wf/func_preproc_task_sharedreward_acq_mb1me4_echo_1_wf/bold_std_trans_wf/_std_target_MNI152NLin2009cAsym.resnative/gen_ref".
220226-02:32:56,189 nipype.workflow INFO:
	 [Node] Executing "gen_ref" <niworkflows.interfaces.utils.GenerateSamplingReference>
220226-02:32:56,379 nipype.workflow INFO:
	 [Node] Finished "gen_ref", elapsed time 0.189139s.
220226-02:33:05,167 nipype.workflow INFO:
	 [Node] Finished "dvars", elapsed time 18.649552s.
220226-02:34:01,172 nipype.workflow INFO:
	 [Node] Finished "t2smap_node", elapsed time 434.326355s.
220226-02:34:01,691 nipype.workflow INFO:
	 [Node] Setting-up "fmriprep_wf.single_subject_10003_wf.func_preproc_task_sharedreward_acq_mb3me4_echo_1_wf.bold_confounds_wf.tcompcor" in "/scratch/fmriprep_wf/single_subject_10003_wf/func_preproc_task_sharedreward_acq_mb3me4_echo_1_wf/bold_confounds_wf/tcompcor".
220226-02:34:01,691 nipype.workflow INFO:
	 [Node] Setting-up "fmriprep_wf.single_subject_10003_wf.func_preproc_task_sharedreward_acq_mb3me4_echo_1_wf.bold_confounds_wf.dvars" in "/scratch/fmriprep_wf/single_subject_10003_wf/func_preproc_task_sharedreward_acq_mb3me4_echo_1_wf/bold_confounds_wf/dvars".
220226-02:34:01,691 nipype.workflow INFO:
	 [Node] Setting-up "fmriprep_wf.single_subject_10003_wf.func_preproc_task_sharedreward_acq_mb3me4_echo_1_wf.split_opt_comb" in "/scratch/fmriprep_wf/single_subject_10003_wf/func_preproc_task_sharedreward_acq_mb3me4_echo_1_wf/split_opt_comb".
220226-02:34:01,736 nipype.workflow INFO:
	 [Node] Executing "tcompcor" <niworkflows.interfaces.patches.RobustTCompCor>
220226-02:34:02,244 nipype.workflow INFO:
	 [Node] Executing "split_opt_comb" <nipype.interfaces.fsl.utils.Split>
220226-02:34:02,255 nipype.workflow INFO:
	 [Node] Executing "dvars" <nipype.algorithms.confounds.ComputeDVARS>
220226-02:34:07,579 nipype.workflow INFO:
	 [Node] Finished "tcompcor", elapsed time 5.841198s.
220226-02:34:09,690 nipype.workflow INFO:
	 [Node] Setting-up "fmriprep_wf.single_subject_10003_wf.func_preproc_task_sharedreward_acq_mb3me4_echo_1_wf.bold_confounds_wf.tcc_metadata_fmt" in "/scratch/fmriprep_wf/single_subject_10003_wf/func_preproc_task_sharedreward_acq_mb3me4_echo_1_wf/bold_confounds_wf/tcc_metadata_fmt".
220226-02:34:09,695 nipype.workflow INFO:
	 [Node] Executing "tcc_metadata_fmt" <niworkflows.interfaces.utils.TSV2JSON>
220226-02:34:09,709 nipype.workflow INFO:
	 [Node] Finished "tcc_metadata_fmt", elapsed time 0.012972s.
220226-02:34:18,733 nipype.workflow INFO:
	 [Node] Finished "split_opt_comb", elapsed time 16.488006s.
220226-02:34:19,681 nipype.workflow INFO:
	 [Node] Setting-up "fmriprep_wf.single_subject_10003_wf.func_preproc_task_sharedreward_acq_mb3me4_echo_1_wf.bold_std_trans_wf.gen_ref" in "/scratch/fmriprep_wf/single_subject_10003_wf/func_preproc_task_sharedreward_acq_mb3me4_echo_1_wf/bold_std_trans_wf/_std_target_MNI152NLin2009cAsym.resnative/gen_ref".
220226-02:34:19,722 nipype.workflow INFO:
	 [Node] Executing "gen_ref" <niworkflows.interfaces.utils.GenerateSamplingReference>
220226-02:34:19,913 nipype.workflow INFO:
	 [Node] Finished "gen_ref", elapsed time 0.189654s.
220226-02:34:29,747 nipype.workflow INFO:
	 [Node] Finished "dvars", elapsed time 27.491347s.
220226-02:43:42,757 nipype.workflow INFO:
	 [Node] Finished "norm", elapsed time 759.116856s.
220226-02:43:44,131 nipype.workflow INFO:
	 [Node] Setting-up "fmriprep_wf.single_subject_10003_wf.anat_preproc_wf.brain_extraction_wf.map_wmmask" in "/scratch/fmriprep_wf/single_subject_10003_wf/anat_preproc_wf/brain_extraction_wf/map_wmmask".
220226-02:43:44,132 nipype.workflow INFO:
	 [Node] Setting-up "fmriprep_wf.single_subject_10003_wf.anat_preproc_wf.brain_extraction_wf.map_brainmask" in "/scratch/fmriprep_wf/single_subject_10003_wf/anat_preproc_wf/brain_extraction_wf/map_brainmask".
220226-02:43:44,160 nipype.workflow INFO:
	 [Node] Executing "map_brainmask" <niworkflows.interfaces.fixes.FixHeaderApplyTransforms>
220226-02:43:44,164 nipype.workflow INFO:
	 [Node] Executing "map_wmmask" <niworkflows.interfaces.fixes.FixHeaderApplyTransforms>
220226-02:44:13,507 nipype.workflow INFO:
	 [Node] Finished "map_wmmask", elapsed time 29.342157s.
220226-02:44:14,186 nipype.workflow INFO:
	 [Node] Setting-up "_inu_n4_final0" in "/scratch/fmriprep_wf/single_subject_10003_wf/anat_preproc_wf/brain_extraction_wf/inu_n4_final/mapflow/_inu_n4_final0".
220226-02:44:14,190 nipype.workflow INFO:
	 [Node] Executing "_inu_n4_final0" <nipype.interfaces.ants.segmentation.N4BiasFieldCorrection>
220226-02:44:14,921 nipype.workflow INFO:
	 [Node] Finished "map_brainmask", elapsed time 30.759263s.
220226-02:44:16,175 nipype.workflow INFO:
	 [Node] Setting-up "fmriprep_wf.single_subject_10003_wf.anat_preproc_wf.brain_extraction_wf.thr_brainmask" in "/scratch/fmriprep_wf/single_subject_10003_wf/anat_preproc_wf/brain_extraction_wf/thr_brainmask".
220226-02:44:16,181 nipype.workflow INFO:
	 [Node] Executing "thr_brainmask" <nipype.interfaces.ants.utils.ThresholdImage>
220226-02:44:17,505 nipype.workflow INFO:
	 [Node] Finished "thr_brainmask", elapsed time 1.321426s.
220226-02:44:18,172 nipype.workflow INFO:
	 [Node] Setting-up "fmriprep_wf.single_subject_10003_wf.anat_preproc_wf.brain_extraction_wf.atropos_wf.03_pad_mask" in "/scratch/fmriprep_wf/single_subject_10003_wf/anat_preproc_wf/brain_extraction_wf/atropos_wf/03_pad_mask".
220226-02:44:18,173 nipype.workflow INFO:
	 [Node] Setting-up "fmriprep_wf.single_subject_10003_wf.anat_preproc_wf.brain_extraction_wf.atropos_wf.dil_brainmask" in "/scratch/fmriprep_wf/single_subject_10003_wf/anat_preproc_wf/brain_extraction_wf/atropos_wf/dil_brainmask".
220226-02:44:18,177 nipype.workflow INFO:
	 [Node] Executing "03_pad_mask" <nipype.interfaces.ants.utils.ImageMath>
220226-02:44:18,180 nipype.workflow INFO:
	 [Node] Executing "dil_brainmask" <nipype.interfaces.ants.utils.ImageMath>
220226-02:44:19,175 nipype.workflow INFO:
	 [Node] Finished "03_pad_mask", elapsed time 0.766299s.
220226-02:44:19,590 nipype.workflow INFO:
	 [Node] Finished "dil_brainmask", elapsed time 1.408536s.
220226-02:44:20,166 nipype.workflow INFO:
	 [Node] Setting-up "fmriprep_wf.single_subject_10003_wf.anat_preproc_wf.brain_extraction_wf.atropos_wf.get_brainmask" in "/scratch/fmriprep_wf/single_subject_10003_wf/anat_preproc_wf/brain_extraction_wf/atropos_wf/get_brainmask".
220226-02:44:20,168 nipype.workflow INFO:
	 [Node] Executing "get_brainmask" <nipype.interfaces.ants.utils.ImageMath>
220226-02:44:21,861 nipype.workflow INFO:
	 [Node] Finished "get_brainmask", elapsed time 1.690644s.
220226-02:44:40,650 nipype.workflow INFO:
	 [Node] Finished "_inu_n4_final0", elapsed time 26.458748s.
220226-02:44:42,191 nipype.workflow INFO:
	 [Node] Setting-up "fmriprep_wf.single_subject_10003_wf.anat_preproc_wf.brain_extraction_wf.atropos_wf.01_atropos" in "/scratch/fmriprep_wf/single_subject_10003_wf/anat_preproc_wf/brain_extraction_wf/atropos_wf/01_atropos".
220226-02:44:42,201 nipype.workflow INFO:
	 [Node] Executing "01_atropos" <nipype.interfaces.ants.segmentation.Atropos>
220226-02:44:42,206 nipype.workflow INFO:
	 [Node] Setting-up "_apply_mask0" in "/scratch/fmriprep_wf/single_subject_10003_wf/anat_preproc_wf/brain_extraction_wf/apply_mask/mapflow/_apply_mask0".
220226-02:44:42,210 nipype.workflow INFO:
	 [Node] Executing "_apply_mask0" <niworkflows.interfaces.nibabel.ApplyMask>
220226-02:44:43,80 nipype.workflow INFO:
	 [Node] Finished "_apply_mask0", elapsed time 0.869451s.
220226-02:45:39,356 nipype.workflow INFO:
	 [Node] Finished "01_atropos", elapsed time 57.152768s.
220226-02:45:40,386 nipype.workflow INFO:
	 [Node] Setting-up "fmriprep_wf.single_subject_10003_wf.anat_preproc_wf.brain_extraction_wf.atropos_wf.02_pad_segm" in "/scratch/fmriprep_wf/single_subject_10003_wf/anat_preproc_wf/brain_extraction_wf/atropos_wf/02_pad_segm".
220226-02:45:40,394 nipype.workflow INFO:
	 [Node] Executing "02_pad_segm" <nipype.interfaces.ants.utils.ImageMath>
220226-02:45:41,244 nipype.workflow INFO:
	 [Node] Finished "02_pad_segm", elapsed time 0.848995s.
220226-02:45:46,59 nipype.workflow INFO:
	 [Node] Setting-up "fmriprep_wf.single_subject_10003_wf.anat_preproc_wf.brain_extraction_wf.atropos_wf.04_sel_labels" in "/scratch/fmriprep_wf/single_subject_10003_wf/anat_preproc_wf/brain_extraction_wf/atropos_wf/04_sel_labels".
220226-02:45:46,62 nipype.workflow INFO:
	 [Node] Executing "04_sel_labels" <nipype.interfaces.utility.wrappers.Function>
220226-02:45:46,412 nipype.workflow INFO:
	 [Node] Finished "04_sel_labels", elapsed time 0.349167s.
220226-02:45:49,34 nipype.workflow INFO:
	 [Node] Setting-up "fmriprep_wf.single_subject_10003_wf.anat_preproc_wf.brain_extraction_wf.atropos_wf.27_depad_csf" in "/scratch/fmriprep_wf/single_subject_10003_wf/anat_preproc_wf/brain_extraction_wf/atropos_wf/27_depad_csf".
220226-02:45:49,34 nipype.workflow INFO:
	 [Node] Setting-up "fmriprep_wf.single_subject_10003_wf.anat_preproc_wf.brain_extraction_wf.atropos_wf.06_get_gm" in "/scratch/fmriprep_wf/single_subject_10003_wf/anat_preproc_wf/brain_extraction_wf/atropos_wf/06_get_gm".
220226-02:45:49,35 nipype.workflow INFO:
	 [Node] Setting-up "fmriprep_wf.single_subject_10003_wf.anat_preproc_wf.brain_extraction_wf.atropos_wf.10_me_csf" in "/scratch/fmriprep_wf/single_subject_10003_wf/anat_preproc_wf/brain_extraction_wf/atropos_wf/10_me_csf".
220226-02:45:49,36 nipype.workflow INFO:
	 [Node] Setting-up "fmriprep_wf.single_subject_10003_wf.anat_preproc_wf.brain_extraction_wf.atropos_wf.05_get_wm" in "/scratch/fmriprep_wf/single_subject_10003_wf/anat_preproc_wf/brain_extraction_wf/atropos_wf/05_get_wm".
220226-02:45:49,37 nipype.workflow INFO:
	 [Node] Executing "06_get_gm" <nipype.interfaces.ants.utils.ImageMath>
220226-02:45:49,37 nipype.workflow INFO:
	 [Node] Executing "27_depad_csf" <nipype.interfaces.ants.utils.ImageMath>
220226-02:45:49,39 nipype.workflow INFO:
	 [Node] Executing "05_get_wm" <nipype.interfaces.ants.utils.ImageMath>
220226-02:45:49,42 nipype.workflow INFO:
	 [Node] Executing "10_me_csf" <nipype.interfaces.ants.utils.ImageMath>
220226-02:45:49,737 nipype.workflow INFO:
	 [Node] Finished "27_depad_csf", elapsed time 0.698147s.
220226-02:45:50,213 nipype.workflow INFO:
	 [Node] Setting-up "fmriprep_wf.single_subject_10003_wf.anat_preproc_wf.brain_extraction_wf.atropos_wf.apply_wm_prior" in "/scratch/fmriprep_wf/single_subject_10003_wf/anat_preproc_wf/brain_extraction_wf/atropos_wf/apply_wm_prior".
220226-02:45:50,223 nipype.workflow INFO:
	 [Node] Executing "apply_wm_prior" <nipype.interfaces.utility.wrappers.Function>
220226-02:45:50,761 nipype.workflow INFO:
	 [Node] Finished "05_get_wm", elapsed time 1.720065s.
220226-02:45:50,874 nipype.workflow INFO:
	 [Node] Finished "06_get_gm", elapsed time 1.835777s.
220226-02:45:51,297 nipype.workflow INFO:
	 [Node] Finished "apply_wm_prior", elapsed time 1.072121s.
220226-02:45:52,219 nipype.workflow INFO:
	 [Node] Setting-up "fmriprep_wf.single_subject_10003_wf.anat_preproc_wf.brain_extraction_wf.atropos_wf.09_relabel_wm" in "/scratch/fmriprep_wf/single_subject_10003_wf/anat_preproc_wf/brain_extraction_wf/atropos_wf/09_relabel_wm".
220226-02:45:52,219 nipype.workflow INFO:
	 [Node] Setting-up "fmriprep_wf.single_subject_10003_wf.anat_preproc_wf.brain_extraction_wf.atropos_wf.07_fill_gm" in "/scratch/fmriprep_wf/single_subject_10003_wf/anat_preproc_wf/brain_extraction_wf/atropos_wf/07_fill_gm".
220226-02:45:52,225 nipype.workflow INFO:
	 [Node] Executing "07_fill_gm" <nipype.interfaces.ants.utils.ImageMath>
220226-02:45:52,225 nipype.workflow INFO:
	 [Node] Executing "09_relabel_wm" <nipype.interfaces.ants.utils.MultiplyImages>
220226-02:45:52,225 nipype.workflow INFO:
	 [Node] Setting-up "_inu_n4_final0" in "/scratch/fmriprep_wf/single_subject_10003_wf/anat_preproc_wf/brain_extraction_wf/atropos_wf/inu_n4_final/mapflow/_inu_n4_final0".
220226-02:45:52,228 nipype.workflow INFO:
	 [Node] Executing "_inu_n4_final0" <nipype.interfaces.ants.segmentation.N4BiasFieldCorrection>
220226-02:45:53,361 nipype.workflow INFO:
	 [Node] Finished "09_relabel_wm", elapsed time 1.134221s.
220226-02:45:53,755 nipype.workflow INFO:
	 [Node] Finished "10_me_csf", elapsed time 4.711027s.
220226-02:45:54,227 nipype.workflow INFO:
	 [Node] Setting-up "fmriprep_wf.single_subject_10003_wf.anat_preproc_wf.brain_extraction_wf.atropos_wf.26_depad_wm" in "/scratch/fmriprep_wf/single_subject_10003_wf/anat_preproc_wf/brain_extraction_wf/atropos_wf/26_depad_wm".
220226-02:45:54,231 nipype.workflow INFO:
	 [Node] Executing "26_depad_wm" <nipype.interfaces.ants.utils.ImageMath>
220226-02:45:55,297 nipype.workflow INFO:
	 [Node] Finished "26_depad_wm", elapsed time 1.064608s.
220226-02:46:05,996 nipype.workflow INFO:
	 [Node] Finished "07_fill_gm", elapsed time 13.768324s.
220226-02:46:08,253 nipype.workflow INFO:
	 [Node] Setting-up "fmriprep_wf.single_subject_10003_wf.anat_preproc_wf.brain_extraction_wf.atropos_wf.08_mult_gm" in "/scratch/fmriprep_wf/single_subject_10003_wf/anat_preproc_wf/brain_extraction_wf/atropos_wf/08_mult_gm".
220226-02:46:08,257 nipype.workflow INFO:
	 [Node] Executing "08_mult_gm" <nipype.interfaces.ants.utils.MultiplyImages>
220226-02:46:09,531 nipype.workflow INFO:
	 [Node] Finished "08_mult_gm", elapsed time 1.272783s.
220226-02:46:10,232 nipype.workflow INFO:
	 [Node] Setting-up "fmriprep_wf.single_subject_10003_wf.anat_preproc_wf.brain_extraction_wf.atropos_wf.11_add_gm" in "/scratch/fmriprep_wf/single_subject_10003_wf/anat_preproc_wf/brain_extraction_wf/atropos_wf/11_add_gm".
220226-02:46:10,235 nipype.workflow INFO:
	 [Node] Executing "11_add_gm" <nipype.interfaces.ants.utils.ImageMath>
220226-02:46:14,445 nipype.workflow INFO:
	 [Node] Finished "11_add_gm", elapsed time 4.20825s.
220226-02:46:16,236 nipype.workflow INFO:
	 [Node] Setting-up "fmriprep_wf.single_subject_10003_wf.anat_preproc_wf.brain_extraction_wf.atropos_wf.12_relabel_gm" in "/scratch/fmriprep_wf/single_subject_10003_wf/anat_preproc_wf/brain_extraction_wf/atropos_wf/12_relabel_gm".
220226-02:46:16,242 nipype.workflow INFO:
	 [Node] Executing "12_relabel_gm" <nipype.interfaces.ants.utils.MultiplyImages>
220226-02:46:17,235 nipype.workflow INFO:
	 [Node] Finished "12_relabel_gm", elapsed time 0.990654s.
220226-02:46:18,243 nipype.workflow INFO:
	 [Node] Setting-up "fmriprep_wf.single_subject_10003_wf.anat_preproc_wf.brain_extraction_wf.atropos_wf.25_depad_gm" in "/scratch/fmriprep_wf/single_subject_10003_wf/anat_preproc_wf/brain_extraction_wf/atropos_wf/25_depad_gm".
220226-02:46:18,243 nipype.workflow INFO:
	 [Node] Setting-up "fmriprep_wf.single_subject_10003_wf.anat_preproc_wf.brain_extraction_wf.atropos_wf.13_add_gm_wm" in "/scratch/fmriprep_wf/single_subject_10003_wf/anat_preproc_wf/brain_extraction_wf/atropos_wf/13_add_gm_wm".
220226-02:46:18,246 nipype.workflow INFO:
	 [Node] Executing "25_depad_gm" <nipype.interfaces.ants.utils.ImageMath>
220226-02:46:18,249 nipype.workflow INFO:
	 [Node] Executing "13_add_gm_wm" <nipype.interfaces.ants.utils.ImageMath>
220226-02:46:18,595 nipype.workflow INFO:
	 [Node] Finished "_inu_n4_final0", elapsed time 26.364455s.
220226-02:46:19,182 nipype.workflow INFO:
	 [Node] Finished "25_depad_gm", elapsed time 0.93517s.
220226-02:46:20,241 nipype.workflow INFO:
	 [Node] Setting-up "fmriprep_wf.single_subject_10003_wf.anat_preproc_wf.brain_extraction_wf.atropos_wf.merge_tpms" in "/scratch/fmriprep_wf/single_subject_10003_wf/anat_preproc_wf/brain_extraction_wf/atropos_wf/merge_tpms".
220226-02:46:20,251 nipype.workflow INFO:
	 [Node] Executing "merge_tpms" <nipype.interfaces.utility.base.Merge>
220226-02:46:20,253 nipype.workflow INFO:
	 [Node] Finished "merge_tpms", elapsed time 0.000371s.
220226-02:46:22,811 nipype.workflow INFO:
	 [Node] Finished "13_add_gm_wm", elapsed time 4.560046s.
220226-02:46:24,246 nipype.workflow INFO:
	 [Node] Setting-up "fmriprep_wf.single_subject_10003_wf.anat_preproc_wf.brain_extraction_wf.atropos_wf.24_depad_segm" in "/scratch/fmriprep_wf/single_subject_10003_wf/anat_preproc_wf/brain_extraction_wf/atropos_wf/24_depad_segm".
220226-02:46:24,246 nipype.workflow INFO:
	 [Node] Setting-up "fmriprep_wf.single_subject_10003_wf.anat_preproc_wf.brain_extraction_wf.atropos_wf.14_sel_labels2" in "/scratch/fmriprep_wf/single_subject_10003_wf/anat_preproc_wf/brain_extraction_wf/atropos_wf/14_sel_labels2".
220226-02:46:24,252 nipype.workflow INFO:
	 [Node] Executing "14_sel_labels2" <nipype.interfaces.utility.wrappers.Function>
220226-02:46:24,252 nipype.workflow INFO:
	 [Node] Executing "24_depad_segm" <nipype.interfaces.ants.utils.ImageMath>
220226-02:46:24,533 nipype.workflow INFO:
	 [Node] Finished "14_sel_labels2", elapsed time 0.278712s.
220226-02:46:25,332 nipype.workflow INFO:
	 [Node] Finished "24_depad_segm", elapsed time 0.873291s.
220226-02:46:26,251 nipype.workflow INFO:
	 [Node] Setting-up "fmriprep_wf.single_subject_10003_wf.anat_preproc_wf.brain_extraction_wf.atropos_wf.15_add_7" in "/scratch/fmriprep_wf/single_subject_10003_wf/anat_preproc_wf/brain_extraction_wf/atropos_wf/15_add_7".
220226-02:46:26,309 nipype.workflow INFO:
	 [Node] Executing "15_add_7" <nipype.interfaces.ants.utils.ImageMath>
220226-02:46:30,547 nipype.workflow INFO:
	 [Node] Finished "15_add_7", elapsed time 3.958288s.
220226-02:46:32,280 nipype.workflow INFO:
	 [Node] Setting-up "fmriprep_wf.single_subject_10003_wf.anat_preproc_wf.brain_extraction_wf.atropos_wf.16_me_7" in "/scratch/fmriprep_wf/single_subject_10003_wf/anat_preproc_wf/brain_extraction_wf/atropos_wf/16_me_7".
220226-02:46:32,284 nipype.workflow INFO:
	 [Node] Executing "16_me_7" <nipype.interfaces.ants.utils.ImageMath>
220226-02:46:35,978 nipype.workflow INFO:
	 [Node] Finished "16_me_7", elapsed time 3.441601s.
220226-02:46:36,261 nipype.workflow INFO:
	 [Node] Setting-up "fmriprep_wf.single_subject_10003_wf.anat_preproc_wf.brain_extraction_wf.atropos_wf.17_comp_7" in "/scratch/fmriprep_wf/single_subject_10003_wf/anat_preproc_wf/brain_extraction_wf/atropos_wf/17_comp_7".
220226-02:46:36,283 nipype.workflow INFO:
	 [Node] Executing "17_comp_7" <nipype.interfaces.ants.utils.ImageMath>
220226-02:46:38,236 nipype.workflow INFO:
	 [Node] Finished "17_comp_7", elapsed time 1.950873s.
220226-02:46:40,264 nipype.workflow INFO:
	 [Node] Setting-up "fmriprep_wf.single_subject_10003_wf.anat_preproc_wf.brain_extraction_wf.atropos_wf.18_md_7" in "/scratch/fmriprep_wf/single_subject_10003_wf/anat_preproc_wf/brain_extraction_wf/atropos_wf/18_md_7".
220226-02:46:40,274 nipype.workflow INFO:
	 [Node] Executing "18_md_7" <nipype.interfaces.ants.utils.ImageMath>
220226-02:46:42,219 nipype.workflow INFO:
	 [Node] Finished "18_md_7", elapsed time 1.942044s.
220226-02:46:44,271 nipype.workflow INFO:
	 [Node] Setting-up "fmriprep_wf.single_subject_10003_wf.anat_preproc_wf.brain_extraction_wf.atropos_wf.19_fill_7" in "/scratch/fmriprep_wf/single_subject_10003_wf/anat_preproc_wf/brain_extraction_wf/atropos_wf/19_fill_7".
220226-02:46:44,275 nipype.workflow INFO:
	 [Node] Executing "19_fill_7" <nipype.interfaces.ants.utils.ImageMath>
220226-02:46:55,985 nipype.workflow INFO:
	 [Node] Finished "19_fill_7", elapsed time 11.70787s.
220226-02:46:56,276 nipype.workflow INFO:
	 [Node] Setting-up "fmriprep_wf.single_subject_10003_wf.anat_preproc_wf.brain_extraction_wf.atropos_wf.20_add_7_2" in "/scratch/fmriprep_wf/single_subject_10003_wf/anat_preproc_wf/brain_extraction_wf/atropos_wf/20_add_7_2".
220226-02:46:56,284 nipype.workflow INFO:
	 [Node] Executing "20_add_7_2" <nipype.interfaces.ants.utils.ImageMath>
220226-02:47:00,402 nipype.workflow INFO:
	 [Node] Finished "20_add_7_2", elapsed time 4.116258s.
220226-02:47:02,282 nipype.workflow INFO:
	 [Node] Setting-up "fmriprep_wf.single_subject_10003_wf.anat_preproc_wf.brain_extraction_wf.atropos_wf.21_md_7_2" in "/scratch/fmriprep_wf/single_subject_10003_wf/anat_preproc_wf/brain_extraction_wf/atropos_wf/21_md_7_2".
220226-02:47:02,289 nipype.workflow INFO:
	 [Node] Executing "21_md_7_2" <nipype.interfaces.ants.utils.ImageMath>
220226-02:47:04,202 nipype.workflow INFO:
	 [Node] Finished "21_md_7_2", elapsed time 1.910666s.
220226-02:47:06,289 nipype.workflow INFO:
	 [Node] Setting-up "fmriprep_wf.single_subject_10003_wf.anat_preproc_wf.brain_extraction_wf.atropos_wf.22_me_7_2" in "/scratch/fmriprep_wf/single_subject_10003_wf/anat_preproc_wf/brain_extraction_wf/atropos_wf/22_me_7_2".
220226-02:47:06,296 nipype.workflow INFO:
	 [Node] Executing "22_me_7_2" <nipype.interfaces.ants.utils.ImageMath>
220226-02:47:09,425 nipype.workflow INFO:
	 [Node] Finished "22_me_7_2", elapsed time 3.126564s.
220226-02:47:10,295 nipype.workflow INFO:
	 [Node] Setting-up "fmriprep_wf.single_subject_10003_wf.anat_preproc_wf.brain_extraction_wf.atropos_wf.23_depad_mask" in "/scratch/fmriprep_wf/single_subject_10003_wf/anat_preproc_wf/brain_extraction_wf/atropos_wf/23_depad_mask".
220226-02:47:10,302 nipype.workflow INFO:
	 [Node] Executing "23_depad_mask" <nipype.interfaces.ants.utils.ImageMath>
220226-02:47:11,126 nipype.workflow INFO:
	 [Node] Finished "23_depad_mask", elapsed time 0.822514s.
220226-02:47:12,291 nipype.workflow INFO:
	 [Node] Setting-up "fmriprep_wf.single_subject_10003_wf.anat_preproc_wf.brain_extraction_wf.atropos_wf.msk_conform" in "/scratch/fmriprep_wf/single_subject_10003_wf/anat_preproc_wf/brain_extraction_wf/atropos_wf/msk_conform".
220226-02:47:12,299 nipype.workflow INFO:
	 [Node] Executing "msk_conform" <nipype.interfaces.utility.wrappers.Function>
220226-02:47:12,537 nipype.workflow INFO:
	 [Node] Finished "msk_conform", elapsed time 0.235965s.
220226-02:47:19,565 nipype.workflow INFO:
	 [Node] Setting-up "fmriprep_wf.single_subject_10003_wf.anat_preproc_wf.anat_norm_wf.trunc_mov" in "/scratch/fmriprep_wf/single_subject_10003_wf/anat_preproc_wf/anat_norm_wf/_template_MNI152NLin2009cAsym/trunc_mov".
220226-02:47:19,566 nipype.workflow INFO:
	 [Node] Setting-up "fmriprep_wf.single_subject_10003_wf.anat_preproc_wf.anat_derivatives_wf.gen_ref" in "/scratch/fmriprep_wf/single_subject_10003_wf/anat_preproc_wf/anat_derivatives_wf/_in_tuple_MNI152NLin2009cAsym.resnative/gen_ref".
220226-02:47:19,569 nipype.workflow INFO:
	 [Node] Executing "trunc_mov" <nipype.interfaces.ants.utils.ImageMath>
220226-02:47:19,595 nipype.interface WARNING:
	 Changing /base/derivatives/fmriprep/sub-10003/anat/sub-10003_desc-brain_mask.nii.gz dtype from int16 to uint8
220226-02:47:19,942 nipype.workflow INFO:
	 [Node] Executing "gen_ref" <niworkflows.interfaces.utils.GenerateSamplingReference>
220226-02:47:21,664 nipype.workflow INFO:
	 [Node] Finished "gen_ref", elapsed time 1.721525s.
220226-02:47:22,272 nipype.workflow INFO:
	 [Node] Setting-up "fmriprep_wf.single_subject_10003_wf.func_preproc_task_sharedreward_acq_mb1me4_echo_1_wf.t1w_brain" in "/scratch/fmriprep_wf/single_subject_10003_wf/func_preproc_task_sharedreward_acq_mb1me4_echo_1_wf/t1w_brain".
220226-02:47:22,274 nipype.workflow INFO:
	 [Node] Setting-up "fmriprep_wf.single_subject_10003_wf.func_preproc_task_sharedreward_acq_mb1me1_wf.t1w_brain" in "/scratch/fmriprep_wf/single_subject_10003_wf/func_preproc_task_sharedreward_acq_mb1me1_wf/t1w_brain".
220226-02:47:22,278 nipype.workflow INFO:
	 [Node] Executing "t1w_brain" <niworkflows.interfaces.nibabel.ApplyMask>
220226-02:47:22,280 nipype.workflow INFO:
	 [Node] Setting-up "fmriprep_wf.single_subject_10003_wf.func_preproc_task_sharedreward_acq_mb3me1_wf.t1w_brain" in "/scratch/fmriprep_wf/single_subject_10003_wf/func_preproc_task_sharedreward_acq_mb3me1_wf/t1w_brain".
220226-02:47:22,280 nipype.workflow INFO:
	 [Node] Executing "t1w_brain" <niworkflows.interfaces.nibabel.ApplyMask>
220226-02:47:22,286 nipype.workflow INFO:
	 [Node] Executing "t1w_brain" <niworkflows.interfaces.nibabel.ApplyMask>
220226-02:47:22,415 nipype.workflow INFO:
	 [Node] Setting-up "fmriprep_wf.single_subject_10003_wf.func_preproc_task_sharedreward_acq_mb6me4_echo_1_wf.t1w_brain" in "/scratch/fmriprep_wf/single_subject_10003_wf/func_preproc_task_sharedreward_acq_mb6me4_echo_1_wf/t1w_brain".
220226-02:47:22,415 nipype.workflow INFO:
	 [Node] Setting-up "_apply_mask0" in "/scratch/fmriprep_wf/single_subject_10003_wf/anat_preproc_wf/brain_extraction_wf/atropos_wf/apply_mask/mapflow/_apply_mask0".
220226-02:47:22,417 nipype.workflow INFO:
	 [Node] Setting-up "fmriprep_wf.single_subject_10003_wf.func_preproc_task_sharedreward_acq_mb3me4_echo_1_wf.t1w_brain" in "/scratch/fmriprep_wf/single_subject_10003_wf/func_preproc_task_sharedreward_acq_mb3me4_echo_1_wf/t1w_brain".
220226-02:47:22,417 nipype.workflow INFO:
	 [Node] Setting-up "fmriprep_wf.single_subject_10003_wf.func_preproc_task_sharedreward_acq_mb6me1_wf.t1w_brain" in "/scratch/fmriprep_wf/single_subject_10003_wf/func_preproc_task_sharedreward_acq_mb6me1_wf/t1w_brain".
220226-02:47:22,417 nipype.workflow INFO:
	 [Node] Executing "_apply_mask0" <niworkflows.interfaces.nibabel.ApplyMask>
220226-02:47:22,419 nipype.workflow INFO:
	 [Node] Executing "t1w_brain" <niworkflows.interfaces.nibabel.ApplyMask>
220226-02:47:22,423 nipype.workflow INFO:
	 [Node] Executing "t1w_brain" <niworkflows.interfaces.nibabel.ApplyMask>
220226-02:47:22,423 nipype.workflow INFO:
	 [Node] Executing "t1w_brain" <niworkflows.interfaces.nibabel.ApplyMask>
220226-02:47:23,166 nipype.workflow INFO:
	 [Node] Finished "t1w_brain", elapsed time 0.884362s.
220226-02:47:23,181 nipype.workflow INFO:
	 [Node] Finished "t1w_brain", elapsed time 0.892826s.
220226-02:47:23,205 nipype.workflow INFO:
	 [Node] Finished "t1w_brain", elapsed time 0.924844s.
220226-02:47:23,326 nipype.workflow INFO:
	 [Node] Finished "t1w_brain", elapsed time 0.90564s.
220226-02:47:23,369 nipype.workflow INFO:
	 [Node] Finished "_apply_mask0", elapsed time 0.950995s.
220226-02:47:23,379 nipype.workflow INFO:
	 [Node] Finished "t1w_brain", elapsed time 0.955103s.
220226-02:47:23,380 nipype.workflow INFO:
	 [Node] Finished "t1w_brain", elapsed time 0.956044s.
220226-02:47:24,434 nipype.workflow INFO:
	 [Node] Setting-up "fmriprep_wf.single_subject_10003_wf.func_preproc_task_sharedreward_acq_mb1me1_wf.bold_t1_trans_wf.gen_ref" in "/scratch/fmriprep_wf/single_subject_10003_wf/func_preproc_task_sharedreward_acq_mb1me1_wf/bold_t1_trans_wf/gen_ref".
220226-02:47:24,436 nipype.workflow INFO:
	 [Node] Setting-up "fmriprep_wf.single_subject_10003_wf.func_preproc_task_sharedreward_acq_mb1me4_echo_1_wf.bold_t1_trans_wf.gen_ref" in "/scratch/fmriprep_wf/single_subject_10003_wf/func_preproc_task_sharedreward_acq_mb1me4_echo_1_wf/bold_t1_trans_wf/gen_ref".
220226-02:47:24,436 nipype.workflow INFO:
	 [Node] Setting-up "fmriprep_wf.single_subject_10003_wf.func_preproc_task_sharedreward_acq_mb1me1_wf.bold_reg_wf.fsl_bbr_wf.flt_bbr_init" in "/scratch/fmriprep_wf/single_subject_10003_wf/func_preproc_task_sharedreward_acq_mb1me1_wf/bold_reg_wf/fsl_bbr_wf/flt_bbr_init".
220226-02:47:24,438 nipype.workflow INFO:
	 [Node] Setting-up "fmriprep_wf.single_subject_10003_wf.func_preproc_task_sharedreward_acq_mb1me4_echo_1_wf.bold_reg_wf.fsl_bbr_wf.flt_bbr_init" in "/scratch/fmriprep_wf/single_subject_10003_wf/func_preproc_task_sharedreward_acq_mb1me4_echo_1_wf/bold_reg_wf/fsl_bbr_wf/flt_bbr_init".
220226-02:47:24,438 nipype.workflow INFO:
	 [Node] Setting-up "fmriprep_wf.single_subject_10003_wf.func_preproc_task_sharedreward_acq_mb3me1_wf.bold_t1_trans_wf.gen_ref" in "/scratch/fmriprep_wf/single_subject_10003_wf/func_preproc_task_sharedreward_acq_mb3me1_wf/bold_t1_trans_wf/gen_ref".
220226-02:47:24,439 nipype.workflow INFO:
	 [Node] Setting-up "fmriprep_wf.single_subject_10003_wf.func_preproc_task_sharedreward_acq_mb3me4_echo_1_wf.bold_t1_trans_wf.gen_ref" in "/scratch/fmriprep_wf/single_subject_10003_wf/func_preproc_task_sharedreward_acq_mb3me4_echo_1_wf/bold_t1_trans_wf/gen_ref".
220226-02:47:24,439 nipype.workflow INFO:
	 [Node] Setting-up "fmriprep_wf.single_subject_10003_wf.func_preproc_task_sharedreward_acq_mb3me1_wf.bold_reg_wf.fsl_bbr_wf.flt_bbr_init" in "/scratch/fmriprep_wf/single_subject_10003_wf/func_preproc_task_sharedreward_acq_mb3me1_wf/bold_reg_wf/fsl_bbr_wf/flt_bbr_init".
220226-02:47:24,440 nipype.workflow INFO:
	 [Node] Setting-up "fmriprep_wf.single_subject_10003_wf.func_preproc_task_sharedreward_acq_mb6me1_wf.bold_t1_trans_wf.gen_ref" in "/scratch/fmriprep_wf/single_subject_10003_wf/func_preproc_task_sharedreward_acq_mb6me1_wf/bold_t1_trans_wf/gen_ref".
220226-02:47:24,441 nipype.workflow INFO:
	 [Node] Setting-up "fmriprep_wf.single_subject_10003_wf.func_preproc_task_sharedreward_acq_mb3me4_echo_1_wf.bold_reg_wf.fsl_bbr_wf.flt_bbr_init" in "/scratch/fmriprep_wf/single_subject_10003_wf/func_preproc_task_sharedreward_acq_mb3me4_echo_1_wf/bold_reg_wf/fsl_bbr_wf/flt_bbr_init".
220226-02:47:24,442 nipype.workflow INFO:
	 [Node] Setting-up "fmriprep_wf.single_subject_10003_wf.func_preproc_task_sharedreward_acq_mb6me4_echo_1_wf.bold_t1_trans_wf.gen_ref" in "/scratch/fmriprep_wf/single_subject_10003_wf/func_preproc_task_sharedreward_acq_mb6me4_echo_1_wf/bold_t1_trans_wf/gen_ref".
220226-02:47:24,442 nipype.workflow INFO:
	 [Node] Setting-up "fmriprep_wf.single_subject_10003_wf.func_preproc_task_sharedreward_acq_mb6me1_wf.bold_reg_wf.fsl_bbr_wf.flt_bbr_init" in "/scratch/fmriprep_wf/single_subject_10003_wf/func_preproc_task_sharedreward_acq_mb6me1_wf/bold_reg_wf/fsl_bbr_wf/flt_bbr_init".
220226-02:47:24,443 nipype.workflow INFO:
	 [Node] Setting-up "fmriprep_wf.single_subject_10003_wf.func_preproc_task_sharedreward_acq_mb6me4_echo_1_wf.bold_reg_wf.fsl_bbr_wf.flt_bbr_init" in "/scratch/fmriprep_wf/single_subject_10003_wf/func_preproc_task_sharedreward_acq_mb6me4_echo_1_wf/bold_reg_wf/fsl_bbr_wf/flt_bbr_init".
220226-02:47:24,444 nipype.workflow INFO:
	 [Node] Setting-up "fmriprep_wf.single_subject_10003_wf.anat_preproc_wf.t1w_dseg" in "/scratch/fmriprep_wf/single_subject_10003_wf/anat_preproc_wf/t1w_dseg".
220226-02:47:24,458 nipype.workflow INFO:
	 [Node] Executing "t1w_dseg" <nipype.interfaces.fsl.preprocess.FAST>
220226-02:47:24,459 nipype.workflow INFO:
	 [Node] Executing "flt_bbr_init" <niworkflows.interfaces.registration.FLIRTRPT>
220226-02:47:24,460 nipype.workflow INFO:
	 [Node] Executing "flt_bbr_init" <niworkflows.interfaces.registration.FLIRTRPT>
220226-02:47:24,462 nipype.workflow INFO:
	 [Node] Executing "gen_ref" <niworkflows.interfaces.utils.GenerateSamplingReference>
220226-02:47:24,463 nipype.workflow INFO:
	 [Node] Executing "flt_bbr_init" <niworkflows.interfaces.registration.FLIRTRPT>
220226-02:47:24,464 nipype.workflow INFO:
	 [Node] Executing "gen_ref" <niworkflows.interfaces.utils.GenerateSamplingReference>
220226-02:47:24,465 nipype.workflow INFO:
	 [Node] Executing "gen_ref" <niworkflows.interfaces.utils.GenerateSamplingReference>
220226-02:47:24,468 nipype.workflow INFO:
	 [Node] Executing "gen_ref" <niworkflows.interfaces.utils.GenerateSamplingReference>
220226-02:47:24,473 nipype.workflow INFO:
	 [Node] Executing "flt_bbr_init" <niworkflows.interfaces.registration.FLIRTRPT>
220226-02:47:24,502 nipype.workflow INFO:
	 [Node] Executing "gen_ref" <niworkflows.interfaces.utils.GenerateSamplingReference>
220226-02:47:24,505 nipype.workflow INFO:
	 [Node] Executing "flt_bbr_init" <niworkflows.interfaces.registration.FLIRTRPT>
220226-02:47:24,507 nipype.workflow INFO:
	 [Node] Executing "gen_ref" <niworkflows.interfaces.utils.GenerateSamplingReference>
220226-02:47:24,507 nipype.workflow INFO:
	 [Node] Executing "flt_bbr_init" <niworkflows.interfaces.registration.FLIRTRPT>
220226-02:47:24,590 nipype.workflow INFO:
	 [Node] Finished "trunc_mov", elapsed time 5.018956s.
220226-02:47:25,360 nipype.workflow INFO:
	 [Node] Finished "gen_ref", elapsed time 0.896276s.
220226-02:47:25,373 nipype.workflow INFO:
	 [Node] Finished "gen_ref", elapsed time 0.903802s.
220226-02:47:25,376 nipype.workflow INFO:
	 [Node] Finished "gen_ref", elapsed time 0.910999s.
220226-02:47:25,425 nipype.workflow INFO:
	 [Node] Finished "gen_ref", elapsed time 0.958802s.
220226-02:47:25,429 nipype.workflow INFO:
	 [Node] Finished "gen_ref", elapsed time 0.925095s.
220226-02:47:25,449 nipype.workflow INFO:
	 [Node] Finished "gen_ref", elapsed time 0.940557s.
220226-02:47:26,445 nipype.workflow INFO:
	 [Node] Setting-up "fmriprep_wf.single_subject_10003_wf.anat_preproc_wf.anat_norm_wf.registration" in "/scratch/fmriprep_wf/single_subject_10003_wf/anat_preproc_wf/anat_norm_wf/_template_MNI152NLin2009cAsym/registration".
220226-02:47:26,866 nipype.workflow INFO:
	 [Node] Executing "registration" <niworkflows.interfaces.mni.RobustMNINormalization>
220226-02:48:30,277 nipype.workflow INFO:
	 [Node] Finished "flt_bbr_init", elapsed time 65.815222s.
220226-02:48:33,814 nipype.workflow INFO:
	 [Node] Finished "flt_bbr_init", elapsed time 69.348765s.
220226-02:48:35,504 nipype.workflow INFO:
	 [Node] Finished "flt_bbr_init", elapsed time 70.994641s.
220226-02:48:36,68 nipype.workflow INFO:
	 [Node] Finished "flt_bbr_init", elapsed time 71.606533s.
220226-02:48:37,441 nipype.workflow INFO:
	 [Node] Finished "flt_bbr_init", elapsed time 72.933523s.
220226-02:48:37,958 nipype.workflow INFO:
	 [Node] Finished "flt_bbr_init", elapsed time 73.482735s.
220226-02:50:37,381 nipype.workflow INFO:
	 [Node] Finished "t1w_dseg", elapsed time 192.921733s.
220226-02:50:38,849 nipype.workflow INFO:
	 [Node] Setting-up "fmriprep_wf.single_subject_10003_wf.anat_preproc_wf.lut_t1w_dseg" in "/scratch/fmriprep_wf/single_subject_10003_wf/anat_preproc_wf/lut_t1w_dseg".
220226-02:50:38,855 nipype.workflow INFO:
	 [Node] Executing "lut_t1w_dseg" <nipype.interfaces.utility.wrappers.Function>
220226-02:50:39,230 nipype.workflow INFO:
	 [Node] Finished "lut_t1w_dseg", elapsed time 0.37426s.
220226-02:50:46,541 nipype.workflow INFO:
	 [Node] Setting-up "fmriprep_wf.single_subject_10003_wf.func_preproc_task_sharedreward_acq_mb3me4_echo_1_wf.bold_confounds_wf.acc_masks" in "/scratch/fmriprep_wf/single_subject_10003_wf/func_preproc_task_sharedreward_acq_mb3me4_echo_1_wf/bold_confounds_wf/acc_masks".
220226-02:50:46,555 nipype.workflow INFO:
	 [Node] Setting-up "fmriprep_wf.single_subject_10003_wf.anat_preproc_wf.anat_reports_wf.seg_rpt" in "/scratch/fmriprep_wf/single_subject_10003_wf/anat_preproc_wf/anat_reports_wf/seg_rpt".
220226-02:50:46,557 nipype.workflow INFO:
	 [Node] Executing "acc_masks" <fmriprep.interfaces.confounds.aCompCorMasks>
220226-02:50:46,561 nipype.workflow INFO:
	 [Node] Executing "seg_rpt" <niworkflows.interfaces.masks.ROIsPlot>
220226-02:50:47,84 nipype.workflow INFO:
	 [Node] Setting-up "fmriprep_wf.single_subject_10003_wf.func_preproc_task_sharedreward_acq_mb3me1_wf.bold_confounds_wf.acc_masks" in "/scratch/fmriprep_wf/single_subject_10003_wf/func_preproc_task_sharedreward_acq_mb3me1_wf/bold_confounds_wf/acc_masks".
220226-02:50:47,85 nipype.workflow INFO:
	 [Node] Setting-up "fmriprep_wf.single_subject_10003_wf.func_preproc_task_sharedreward_acq_mb6me1_wf.bold_confounds_wf.acc_masks" in "/scratch/fmriprep_wf/single_subject_10003_wf/func_preproc_task_sharedreward_acq_mb6me1_wf/bold_confounds_wf/acc_masks".
220226-02:50:47,89 nipype.workflow INFO:
	 [Node] Setting-up "fmriprep_wf.single_subject_10003_wf.func_preproc_task_sharedreward_acq_mb1me1_wf.bold_confounds_wf.acc_masks" in "/scratch/fmriprep_wf/single_subject_10003_wf/func_preproc_task_sharedreward_acq_mb1me1_wf/bold_confounds_wf/acc_masks".
220226-02:50:47,130 nipype.workflow INFO:
	 [Node] Setting-up "fmriprep_wf.single_subject_10003_wf.func_preproc_task_sharedreward_acq_mb1me4_echo_1_wf.bold_confounds_wf.acc_masks" in "/scratch/fmriprep_wf/single_subject_10003_wf/func_preproc_task_sharedreward_acq_mb1me4_echo_1_wf/bold_confounds_wf/acc_masks".
220226-02:50:47,173 nipype.workflow INFO:
	 [Node] Setting-up "fmriprep_wf.single_subject_10003_wf.func_preproc_task_sharedreward_acq_mb6me4_echo_1_wf.bold_confounds_wf.acc_masks" in "/scratch/fmriprep_wf/single_subject_10003_wf/func_preproc_task_sharedreward_acq_mb6me4_echo_1_wf/bold_confounds_wf/acc_masks".
220226-02:50:47,205 nipype.workflow INFO:
	 [Node] Executing "acc_masks" <fmriprep.interfaces.confounds.aCompCorMasks>
220226-02:50:47,206 nipype.workflow INFO:
	 [Node] Executing "acc_masks" <fmriprep.interfaces.confounds.aCompCorMasks>
220226-02:50:47,206 nipype.workflow INFO:
	 [Node] Executing "acc_masks" <fmriprep.interfaces.confounds.aCompCorMasks>
220226-02:50:47,206 nipype.workflow INFO:
	 [Node] Executing "acc_masks" <fmriprep.interfaces.confounds.aCompCorMasks>
220226-02:50:47,211 nipype.workflow INFO:
	 [Node] Executing "acc_masks" <fmriprep.interfaces.confounds.aCompCorMasks>
220226-02:50:49,510 nipype.workflow INFO:
	 [Node] Setting-up "fmriprep_wf.single_subject_10003_wf.func_preproc_task_sharedreward_acq_mb1me1_wf.bold_reg_wf.fsl_bbr_wf.wm_mask" in "/scratch/fmriprep_wf/single_subject_10003_wf/func_preproc_task_sharedreward_acq_mb1me1_wf/bold_reg_wf/fsl_bbr_wf/wm_mask".
220226-02:50:49,516 nipype.workflow INFO:
	 [Node] Executing "wm_mask" <nipype.interfaces.utility.wrappers.Function>
220226-02:50:49,682 nipype.workflow INFO:
	 [Node] Setting-up "fmriprep_wf.single_subject_10003_wf.func_preproc_task_sharedreward_acq_mb3me4_echo_1_wf.bold_reg_wf.fsl_bbr_wf.wm_mask" in "/scratch/fmriprep_wf/single_subject_10003_wf/func_preproc_task_sharedreward_acq_mb3me4_echo_1_wf/bold_reg_wf/fsl_bbr_wf/wm_mask".
220226-02:50:49,682 nipype.workflow INFO:
	 [Node] Setting-up "fmriprep_wf.single_subject_10003_wf.func_preproc_task_sharedreward_acq_mb3me1_wf.bold_reg_wf.fsl_bbr_wf.wm_mask" in "/scratch/fmriprep_wf/single_subject_10003_wf/func_preproc_task_sharedreward_acq_mb3me1_wf/bold_reg_wf/fsl_bbr_wf/wm_mask".
220226-02:50:49,683 nipype.workflow INFO:
	 [Node] Setting-up "fmriprep_wf.single_subject_10003_wf.func_preproc_task_sharedreward_acq_mb1me4_echo_1_wf.bold_reg_wf.fsl_bbr_wf.wm_mask" in "/scratch/fmriprep_wf/single_subject_10003_wf/func_preproc_task_sharedreward_acq_mb1me4_echo_1_wf/bold_reg_wf/fsl_bbr_wf/wm_mask".
220226-02:50:49,683 nipype.workflow INFO:
	 [Node] Setting-up "fmriprep_wf.single_subject_10003_wf.func_preproc_task_sharedreward_acq_mb6me1_wf.bold_reg_wf.fsl_bbr_wf.wm_mask" in "/scratch/fmriprep_wf/single_subject_10003_wf/func_preproc_task_sharedreward_acq_mb6me1_wf/bold_reg_wf/fsl_bbr_wf/wm_mask".
220226-02:50:49,683 nipype.workflow INFO:
	 [Node] Setting-up "fmriprep_wf.single_subject_10003_wf.func_preproc_task_sharedreward_acq_mb6me4_echo_1_wf.bold_reg_wf.fsl_bbr_wf.wm_mask" in "/scratch/fmriprep_wf/single_subject_10003_wf/func_preproc_task_sharedreward_acq_mb6me4_echo_1_wf/bold_reg_wf/fsl_bbr_wf/wm_mask".
220226-02:50:49,686 nipype.workflow INFO:
	 [Node] Executing "wm_mask" <nipype.interfaces.utility.wrappers.Function>
220226-02:50:49,686 nipype.workflow INFO:
	 [Node] Executing "wm_mask" <nipype.interfaces.utility.wrappers.Function>
220226-02:50:49,686 nipype.workflow INFO:
	 [Node] Executing "wm_mask" <nipype.interfaces.utility.wrappers.Function>
220226-02:50:49,687 nipype.workflow INFO:
	 [Node] Executing "wm_mask" <nipype.interfaces.utility.wrappers.Function>
220226-02:50:49,691 nipype.workflow INFO:
	 [Node] Executing "wm_mask" <nipype.interfaces.utility.wrappers.Function>
220226-02:50:49,692 nipype.workflow INFO:
	 [Node] Finished "wm_mask", elapsed time 0.174202s.
220226-02:50:49,830 nipype.workflow INFO:
	 [Node] Finished "wm_mask", elapsed time 0.137887s.
220226-02:50:49,847 nipype.workflow INFO:
	 [Node] Finished "wm_mask", elapsed time 0.159725s.
220226-02:50:49,854 nipype.workflow INFO:
	 [Node] Finished "wm_mask", elapsed time 0.1668s.
220226-02:50:49,855 nipype.workflow INFO:
	 [Node] Finished "wm_mask", elapsed time 0.166379s.
220226-02:50:49,857 nipype.workflow INFO:
	 [Node] Finished "wm_mask", elapsed time 0.169436s.
220226-02:50:50,711 nipype.workflow INFO:
	 [Node] Finished "acc_masks", elapsed time 4.151782s.
220226-02:50:51,316 nipype.workflow INFO:
	 [Node] Finished "acc_masks", elapsed time 4.109143s.
220226-02:50:51,348 nipype.workflow INFO:
	 [Node] Finished "acc_masks", elapsed time 4.134319s.
220226-02:50:51,626 nipype.workflow INFO:
	 [Node] Finished "acc_masks", elapsed time 4.41863s.
220226-02:50:51,668 nipype.workflow INFO:
	 [Node] Setting-up "fmriprep_wf.single_subject_10003_wf.func_preproc_task_sharedreward_acq_mb1me1_wf.bold_reg_wf.fsl_bbr_wf.flt_bbr" in "/scratch/fmriprep_wf/single_subject_10003_wf/func_preproc_task_sharedreward_acq_mb1me1_wf/bold_reg_wf/fsl_bbr_wf/flt_bbr".
220226-02:50:51,671 nipype.workflow INFO:
	 [Node] Setting-up "fmriprep_wf.single_subject_10003_wf.func_preproc_task_sharedreward_acq_mb1me4_echo_1_wf.bold_reg_wf.fsl_bbr_wf.flt_bbr" in "/scratch/fmriprep_wf/single_subject_10003_wf/func_preproc_task_sharedreward_acq_mb1me4_echo_1_wf/bold_reg_wf/fsl_bbr_wf/flt_bbr".
220226-02:50:51,672 nipype.workflow INFO:
	 [Node] Setting-up "fmriprep_wf.single_subject_10003_wf.func_preproc_task_sharedreward_acq_mb3me1_wf.bold_reg_wf.fsl_bbr_wf.flt_bbr" in "/scratch/fmriprep_wf/single_subject_10003_wf/func_preproc_task_sharedreward_acq_mb3me1_wf/bold_reg_wf/fsl_bbr_wf/flt_bbr".
220226-02:50:51,675 nipype.workflow INFO:
	 [Node] Setting-up "fmriprep_wf.single_subject_10003_wf.func_preproc_task_sharedreward_acq_mb3me4_echo_1_wf.bold_reg_wf.fsl_bbr_wf.flt_bbr" in "/scratch/fmriprep_wf/single_subject_10003_wf/func_preproc_task_sharedreward_acq_mb3me4_echo_1_wf/bold_reg_wf/fsl_bbr_wf/flt_bbr".
220226-02:50:51,677 nipype.workflow INFO:
	 [Node] Executing "flt_bbr" <niworkflows.interfaces.registration.FLIRTRPT>
220226-02:50:51,677 nipype.workflow INFO:
	 [Node] Setting-up "fmriprep_wf.single_subject_10003_wf.func_preproc_task_sharedreward_acq_mb6me1_wf.bold_reg_wf.fsl_bbr_wf.flt_bbr" in "/scratch/fmriprep_wf/single_subject_10003_wf/func_preproc_task_sharedreward_acq_mb6me1_wf/bold_reg_wf/fsl_bbr_wf/flt_bbr".
220226-02:50:51,680 nipype.workflow INFO:
	 [Node] Executing "flt_bbr" <niworkflows.interfaces.registration.FLIRTRPT>
220226-02:50:51,680 nipype.workflow INFO:
	 [Node] Setting-up "fmriprep_wf.single_subject_10003_wf.func_preproc_task_sharedreward_acq_mb6me4_echo_1_wf.bold_reg_wf.fsl_bbr_wf.flt_bbr" in "/scratch/fmriprep_wf/single_subject_10003_wf/func_preproc_task_sharedreward_acq_mb6me4_echo_1_wf/bold_reg_wf/fsl_bbr_wf/flt_bbr".
220226-02:50:51,683 nipype.workflow INFO:
	 [Node] Executing "flt_bbr" <niworkflows.interfaces.registration.FLIRTRPT>
220226-02:50:51,687 nipype.workflow INFO:
	 [Node] Executing "flt_bbr" <niworkflows.interfaces.registration.FLIRTRPT>
220226-02:50:51,690 nipype.workflow INFO:
	 [Node] Executing "flt_bbr" <niworkflows.interfaces.registration.FLIRTRPT>
220226-02:50:51,691 nipype.workflow INFO:
	 [Node] Executing "flt_bbr" <niworkflows.interfaces.registration.FLIRTRPT>
220226-02:50:51,823 nipype.workflow INFO:
	 [Node] Finished "acc_masks", elapsed time 4.61456s.
220226-02:50:51,907 nipype.workflow INFO:
	 [Node] Finished "acc_masks", elapsed time 4.700521s.
220226-02:50:58,601 nipype.workflow INFO:
	 [Node] Finished "seg_rpt", elapsed time 12.039349s.
220226-02:58:33,590 nipype.workflow INFO:
	 [Node] Finished "flt_bbr", elapsed time 461.89708s.
220226-02:58:38,194 nipype.workflow INFO:
	 [Node] Setting-up "_fsl_to_lta0" in "/scratch/fmriprep_wf/single_subject_10003_wf/func_preproc_task_sharedreward_acq_mb6me4_echo_1_wf/bold_reg_wf/fsl_bbr_wf/fsl_to_lta/mapflow/_fsl_to_lta0".
220226-02:58:38,197 nipype.workflow INFO:
	 [Node] Executing "_fsl_to_lta0" <niworkflows.interfaces.freesurfer.PatchedLTAConvert>
220226-02:58:38,205 nipype.workflow INFO:
	 [Node] Setting-up "_fsl_to_lta1" in "/scratch/fmriprep_wf/single_subject_10003_wf/func_preproc_task_sharedreward_acq_mb6me4_echo_1_wf/bold_reg_wf/fsl_bbr_wf/fsl_to_lta/mapflow/_fsl_to_lta1".
220226-02:58:38,210 nipype.workflow INFO:
	 [Node] Executing "_fsl_to_lta1" <niworkflows.interfaces.freesurfer.PatchedLTAConvert>
220226-02:58:38,639 nipype.workflow INFO:
	 [Node] Finished "_fsl_to_lta0", elapsed time 0.43996s.
220226-02:58:38,658 nipype.workflow INFO:
	 [Node] Finished "_fsl_to_lta1", elapsed time 0.446164s.
220226-02:58:40,238 nipype.workflow INFO:
	 [Node] Setting-up "_fsl_to_lta0" in "/scratch/fmriprep_wf/single_subject_10003_wf/func_preproc_task_sharedreward_acq_mb6me4_echo_1_wf/bold_reg_wf/fsl_bbr_wf/fsl_to_lta/mapflow/_fsl_to_lta0".
220226-02:58:40,240 nipype.workflow INFO:
	 [Node] Cached "_fsl_to_lta0" - collecting precomputed outputs
220226-02:58:40,240 nipype.workflow INFO:
	 [Node] "_fsl_to_lta0" found cached.
220226-02:58:40,242 nipype.workflow INFO:
	 [Node] Setting-up "_fsl_to_lta1" in "/scratch/fmriprep_wf/single_subject_10003_wf/func_preproc_task_sharedreward_acq_mb6me4_echo_1_wf/bold_reg_wf/fsl_bbr_wf/fsl_to_lta/mapflow/_fsl_to_lta1".
220226-02:58:40,243 nipype.workflow INFO:
	 [Node] Cached "_fsl_to_lta1" - collecting precomputed outputs
220226-02:58:40,243 nipype.workflow INFO:
	 [Node] "_fsl_to_lta1" found cached.
220226-02:58:42,115 nipype.workflow INFO:
	 [Node] Setting-up "fmriprep_wf.single_subject_10003_wf.func_preproc_task_sharedreward_acq_mb6me4_echo_1_wf.bold_reg_wf.fsl_bbr_wf.compare_transforms" in "/scratch/fmriprep_wf/single_subject_10003_wf/func_preproc_task_sharedreward_acq_mb6me4_echo_1_wf/bold_reg_wf/fsl_bbr_wf/compare_transforms".
220226-02:58:42,119 nipype.workflow INFO:
	 [Node] Executing "compare_transforms" <nipype.interfaces.utility.wrappers.Function>
220226-02:58:42,128 nipype.workflow INFO:
	 [Node] Finished "compare_transforms", elapsed time 0.007587s.
220226-02:58:46,543 nipype.workflow INFO:
	 [Node] Setting-up "fmriprep_wf.single_subject_10003_wf.func_preproc_task_sharedreward_acq_mb6me4_echo_1_wf.bold_reg_wf.fsl_bbr_wf.invt_bbr" in "/scratch/fmriprep_wf/single_subject_10003_wf/func_preproc_task_sharedreward_acq_mb6me4_echo_1_wf/bold_reg_wf/fsl_bbr_wf/invt_bbr".
220226-02:58:46,545 nipype.workflow INFO:
	 [Node] Setting-up "fmriprep_wf.single_subject_10003_wf.func_preproc_task_sharedreward_acq_mb6me4_echo_1_wf.bold_reg_wf.fsl_bbr_wf.fsl2itk_fwd" in "/scratch/fmriprep_wf/single_subject_10003_wf/func_preproc_task_sharedreward_acq_mb6me4_echo_1_wf/bold_reg_wf/fsl_bbr_wf/fsl2itk_fwd".
220226-02:58:46,547 nipype.workflow INFO:
	 [Node] Executing "invt_bbr" <nipype.interfaces.fsl.utils.ConvertXFM>
220226-02:58:46,553 nipype.workflow INFO:
	 [Node] Executing "fsl2itk_fwd" <nipype.interfaces.c3.C3dAffineTool>
220226-02:58:47,21 nipype.workflow INFO:
	 [Node] Finished "invt_bbr", elapsed time 0.473321s.
220226-02:58:47,485 nipype.workflow INFO:
	 [Node] Finished "fsl2itk_fwd", elapsed time 0.914064s.
220226-02:58:49,16 nipype.workflow INFO:
	 [Node] Setting-up "fmriprep_wf.single_subject_10003_wf.func_preproc_task_sharedreward_acq_mb6me4_echo_1_wf.bold_t1_trans_wf.mask_t1w_tfm" in "/scratch/fmriprep_wf/single_subject_10003_wf/func_preproc_task_sharedreward_acq_mb6me4_echo_1_wf/bold_t1_trans_wf/mask_t1w_tfm".
220226-02:58:49,20 nipype.workflow INFO:
	 [Node] Setting-up "fmriprep_wf.single_subject_10003_wf.func_preproc_task_sharedreward_acq_mb6me4_echo_1_wf.bold_reg_wf.fsl_bbr_wf.fsl2itk_inv" in "/scratch/fmriprep_wf/single_subject_10003_wf/func_preproc_task_sharedreward_acq_mb6me4_echo_1_wf/bold_reg_wf/fsl_bbr_wf/fsl2itk_inv".
220226-02:58:49,25 nipype.workflow INFO:
	 [Node] Executing "fsl2itk_inv" <nipype.interfaces.c3.C3dAffineTool>
220226-02:58:49,68 nipype.workflow INFO:
	 [Node] Executing "mask_t1w_tfm" <niworkflows.interfaces.fixes.FixHeaderApplyTransforms>
220226-02:58:50,345 nipype.workflow INFO:
	 [Node] Setting-up "fmriprep_wf.single_subject_10003_wf.func_preproc_task_sharedreward_acq_mb6me4_echo_1_wf.bold_t1_trans_wf.bold_to_t1w_transform" in "/scratch/fmriprep_wf/single_subject_10003_wf/func_preproc_task_sharedreward_acq_mb6me4_echo_1_wf/bold_t1_trans_wf/bold_to_t1w_transform".
220226-02:58:50,355 nipype.workflow INFO:
	 [Node] Finished "fsl2itk_inv", elapsed time 1.329064s.
220226-02:58:50,523 nipype.workflow INFO:
	 [Node] Executing "bold_to_t1w_transform" <niworkflows.interfaces.itk.MultiApplyTransforms>
220226-02:58:54,273 nipype.workflow INFO:
	 [Node] Setting-up "_acc_msk_tfm0" in "/scratch/fmriprep_wf/single_subject_10003_wf/func_preproc_task_sharedreward_acq_mb6me4_echo_1_wf/bold_confounds_wf/acc_msk_tfm/mapflow/_acc_msk_tfm0".
220226-02:58:54,276 nipype.workflow INFO:
	 [Node] Setting-up "_acc_msk_tfm1" in "/scratch/fmriprep_wf/single_subject_10003_wf/func_preproc_task_sharedreward_acq_mb6me4_echo_1_wf/bold_confounds_wf/acc_msk_tfm/mapflow/_acc_msk_tfm1".
220226-02:58:54,277 nipype.workflow INFO:
	 [Node] Executing "_acc_msk_tfm0" <niworkflows.interfaces.fixes.FixHeaderApplyTransforms>
220226-02:58:54,280 nipype.workflow INFO:
	 [Node] Executing "_acc_msk_tfm1" <niworkflows.interfaces.fixes.FixHeaderApplyTransforms>
220226-02:58:54,289 nipype.workflow INFO:
	 [Node] Setting-up "_acc_msk_tfm2" in "/scratch/fmriprep_wf/single_subject_10003_wf/func_preproc_task_sharedreward_acq_mb6me4_echo_1_wf/bold_confounds_wf/acc_msk_tfm/mapflow/_acc_msk_tfm2".
220226-02:58:54,292 nipype.workflow INFO:
	 [Node] Executing "_acc_msk_tfm2" <niworkflows.interfaces.fixes.FixHeaderApplyTransforms>
220226-02:58:55,890 nipype.workflow INFO:
	 [Node] Finished "mask_t1w_tfm", elapsed time 6.80448s.
220226-02:58:57,461 nipype.workflow INFO:
	 [Node] Finished "_acc_msk_tfm2", elapsed time 2.534142s.
220226-02:58:57,870 nipype.workflow INFO:
	 [Node] Finished "_acc_msk_tfm1", elapsed time 3.587801s.
220226-02:58:57,909 nipype.workflow INFO:
	 [Node] Finished "_acc_msk_tfm0", elapsed time 3.630891s.
220226-02:58:58,243 nipype.workflow INFO:
	 [Node] Setting-up "fmriprep_wf.single_subject_10003_wf.func_preproc_task_sharedreward_acq_mb6me4_echo_1_wf.bold_t1_trans_wf.bold_reference_wf.enhance_and_skullstrip_bold_wf.pre_mask_dilate" in "/scratch/fmriprep_wf/single_subject_10003_wf/func_preproc_task_sharedreward_acq_mb6me4_echo_1_wf/bold_t1_trans_wf/bold_reference_wf/enhance_and_skullstrip_bold_wf/pre_mask_dilate".
220226-02:58:58,247 nipype.workflow INFO:
	 [Node] Executing "pre_mask_dilate" <nipype.interfaces.fsl.maths.DilateImage>
220226-02:58:59,216 nipype.workflow INFO:
	 [Node] Finished "pre_mask_dilate", elapsed time 0.967271s.
220226-02:59:00,273 nipype.workflow INFO:
	 [Node] Setting-up "_acc_msk_tfm0" in "/scratch/fmriprep_wf/single_subject_10003_wf/func_preproc_task_sharedreward_acq_mb6me4_echo_1_wf/bold_confounds_wf/acc_msk_tfm/mapflow/_acc_msk_tfm0".
220226-02:59:00,275 nipype.workflow INFO:
	 [Node] Cached "_acc_msk_tfm0" - collecting precomputed outputs
220226-02:59:00,282 nipype.workflow INFO:
	 [Node] "_acc_msk_tfm0" found cached.
220226-02:59:00,284 nipype.workflow INFO:
	 [Node] Setting-up "_acc_msk_tfm1" in "/scratch/fmriprep_wf/single_subject_10003_wf/func_preproc_task_sharedreward_acq_mb6me4_echo_1_wf/bold_confounds_wf/acc_msk_tfm/mapflow/_acc_msk_tfm1".
220226-02:59:00,286 nipype.workflow INFO:
	 [Node] Cached "_acc_msk_tfm1" - collecting precomputed outputs
220226-02:59:00,286 nipype.workflow INFO:
	 [Node] "_acc_msk_tfm1" found cached.
220226-02:59:00,287 nipype.workflow INFO:
	 [Node] Setting-up "_acc_msk_tfm2" in "/scratch/fmriprep_wf/single_subject_10003_wf/func_preproc_task_sharedreward_acq_mb6me4_echo_1_wf/bold_confounds_wf/acc_msk_tfm/mapflow/_acc_msk_tfm2".
220226-02:59:00,289 nipype.workflow INFO:
	 [Node] Cached "_acc_msk_tfm2" - collecting precomputed outputs
220226-02:59:00,289 nipype.workflow INFO:
	 [Node] "_acc_msk_tfm2" found cached.
220226-02:59:04,158 nipype.workflow INFO:
	 [Node] Setting-up "_acc_msk_brain0" in "/scratch/fmriprep_wf/single_subject_10003_wf/func_preproc_task_sharedreward_acq_mb6me4_echo_1_wf/bold_confounds_wf/acc_msk_brain/mapflow/_acc_msk_brain0".
220226-02:59:04,159 nipype.workflow INFO:
	 [Node] Setting-up "_acc_msk_brain1" in "/scratch/fmriprep_wf/single_subject_10003_wf/func_preproc_task_sharedreward_acq_mb6me4_echo_1_wf/bold_confounds_wf/acc_msk_brain/mapflow/_acc_msk_brain1".
220226-02:59:04,160 nipype.workflow INFO:
	 [Node] Executing "_acc_msk_brain0" <niworkflows.interfaces.nibabel.ApplyMask>
220226-02:59:04,161 nipype.workflow INFO:
	 [Node] Executing "_acc_msk_brain1" <niworkflows.interfaces.nibabel.ApplyMask>
220226-02:59:04,188 nipype.workflow INFO:
	 [Node] Setting-up "_acc_msk_brain2" in "/scratch/fmriprep_wf/single_subject_10003_wf/func_preproc_task_sharedreward_acq_mb6me4_echo_1_wf/bold_confounds_wf/acc_msk_brain/mapflow/_acc_msk_brain2".
220226-02:59:04,190 nipype.workflow INFO:
	 [Node] Executing "_acc_msk_brain2" <niworkflows.interfaces.nibabel.ApplyMask>
220226-02:59:04,269 nipype.workflow INFO:
	 [Node] Finished "_acc_msk_brain1", elapsed time 0.106518s.
220226-02:59:04,327 nipype.workflow INFO:
	 [Node] Finished "_acc_msk_brain0", elapsed time 0.165113s.
220226-02:59:04,336 nipype.workflow INFO:
	 [Node] Finished "_acc_msk_brain2", elapsed time 0.138669s.
220226-02:59:06,362 nipype.workflow INFO:
	 [Node] Setting-up "_acc_msk_brain0" in "/scratch/fmriprep_wf/single_subject_10003_wf/func_preproc_task_sharedreward_acq_mb6me4_echo_1_wf/bold_confounds_wf/acc_msk_brain/mapflow/_acc_msk_brain0".
220226-02:59:06,363 nipype.workflow INFO:
	 [Node] Cached "_acc_msk_brain0" - collecting precomputed outputs
220226-02:59:06,363 nipype.workflow INFO:
	 [Node] "_acc_msk_brain0" found cached.
220226-02:59:06,364 nipype.workflow INFO:
	 [Node] Setting-up "_acc_msk_brain1" in "/scratch/fmriprep_wf/single_subject_10003_wf/func_preproc_task_sharedreward_acq_mb6me4_echo_1_wf/bold_confounds_wf/acc_msk_brain/mapflow/_acc_msk_brain1".
220226-02:59:06,366 nipype.workflow INFO:
	 [Node] Cached "_acc_msk_brain1" - collecting precomputed outputs
220226-02:59:06,366 nipype.workflow INFO:
	 [Node] "_acc_msk_brain1" found cached.
220226-02:59:06,367 nipype.workflow INFO:
	 [Node] Setting-up "_acc_msk_brain2" in "/scratch/fmriprep_wf/single_subject_10003_wf/func_preproc_task_sharedreward_acq_mb6me4_echo_1_wf/bold_confounds_wf/acc_msk_brain/mapflow/_acc_msk_brain2".
220226-02:59:06,368 nipype.workflow INFO:
	 [Node] Cached "_acc_msk_brain2" - collecting precomputed outputs
220226-02:59:06,368 nipype.workflow INFO:
	 [Node] "_acc_msk_brain2" found cached.
220226-02:59:10,252 nipype.workflow INFO:
	 [Node] Setting-up "_acc_msk_bin0" in "/scratch/fmriprep_wf/single_subject_10003_wf/func_preproc_task_sharedreward_acq_mb6me4_echo_1_wf/bold_confounds_wf/acc_msk_bin/mapflow/_acc_msk_bin0".
220226-02:59:10,254 nipype.workflow INFO:
	 [Node] Executing "_acc_msk_bin0" <niworkflows.interfaces.nibabel.Binarize>
220226-02:59:10,259 nipype.workflow INFO:
	 [Node] Setting-up "_acc_msk_bin1" in "/scratch/fmriprep_wf/single_subject_10003_wf/func_preproc_task_sharedreward_acq_mb6me4_echo_1_wf/bold_confounds_wf/acc_msk_bin/mapflow/_acc_msk_bin1".
220226-02:59:10,259 nipype.workflow INFO:
	 [Node] Setting-up "_acc_msk_bin2" in "/scratch/fmriprep_wf/single_subject_10003_wf/func_preproc_task_sharedreward_acq_mb6me4_echo_1_wf/bold_confounds_wf/acc_msk_bin/mapflow/_acc_msk_bin2".
220226-02:59:10,261 nipype.workflow INFO:
	 [Node] Executing "_acc_msk_bin1" <niworkflows.interfaces.nibabel.Binarize>
220226-02:59:10,261 nipype.workflow INFO:
	 [Node] Executing "_acc_msk_bin2" <niworkflows.interfaces.nibabel.Binarize>
220226-02:59:10,366 nipype.workflow INFO:
	 [Node] Finished "_acc_msk_bin1", elapsed time 0.103806s.
220226-02:59:10,390 nipype.workflow INFO:
	 [Node] Finished "_acc_msk_bin2", elapsed time 0.127629s.
220226-02:59:10,398 nipype.workflow INFO:
	 [Node] Finished "_acc_msk_bin0", elapsed time 0.142417s.
220226-02:59:12,314 nipype.workflow INFO:
	 [Node] Setting-up "_acc_msk_bin0" in "/scratch/fmriprep_wf/single_subject_10003_wf/func_preproc_task_sharedreward_acq_mb6me4_echo_1_wf/bold_confounds_wf/acc_msk_bin/mapflow/_acc_msk_bin0".
220226-02:59:12,334 nipype.workflow INFO:
	 [Node] Cached "_acc_msk_bin0" - collecting precomputed outputs
220226-02:59:12,334 nipype.workflow INFO:
	 [Node] "_acc_msk_bin0" found cached.
220226-02:59:12,336 nipype.workflow INFO:
	 [Node] Setting-up "_acc_msk_bin1" in "/scratch/fmriprep_wf/single_subject_10003_wf/func_preproc_task_sharedreward_acq_mb6me4_echo_1_wf/bold_confounds_wf/acc_msk_bin/mapflow/_acc_msk_bin1".
220226-02:59:12,337 nipype.workflow INFO:
	 [Node] Cached "_acc_msk_bin1" - collecting precomputed outputs
220226-02:59:12,337 nipype.workflow INFO:
	 [Node] "_acc_msk_bin1" found cached.
220226-02:59:12,338 nipype.workflow INFO:
	 [Node] Setting-up "_acc_msk_bin2" in "/scratch/fmriprep_wf/single_subject_10003_wf/func_preproc_task_sharedreward_acq_mb6me4_echo_1_wf/bold_confounds_wf/acc_msk_bin/mapflow/_acc_msk_bin2".
220226-02:59:12,339 nipype.workflow INFO:
	 [Node] Cached "_acc_msk_bin2" - collecting precomputed outputs
220226-02:59:12,339 nipype.workflow INFO:
	 [Node] "_acc_msk_bin2" found cached.
220226-02:59:14,377 nipype.workflow INFO:
	 [Node] Finished "flt_bbr", elapsed time 502.688192s.
220226-02:59:14,735 nipype.workflow INFO:
	 [Node] Setting-up "fmriprep_wf.single_subject_10003_wf.func_preproc_task_sharedreward_acq_mb6me4_echo_1_wf.bold_confounds_wf.acompcor" in "/scratch/fmriprep_wf/single_subject_10003_wf/func_preproc_task_sharedreward_acq_mb6me4_echo_1_wf/bold_confounds_wf/acompcor".
220226-02:59:15,343 nipype.workflow INFO:
	 [Node] Finished "flt_bbr", elapsed time 503.664083s.
220226-02:59:16,324 nipype.workflow INFO:
	 [Node] Executing "acompcor" <niworkflows.interfaces.patches.RobustACompCor>
220226-02:59:17,592 nipype.workflow INFO:
	 [Node] Setting-up "fmriprep_wf.single_subject_10003_wf.func_preproc_task_sharedreward_acq_mb6me4_echo_1_wf.bold_confounds_wf.rois_plot" in "/scratch/fmriprep_wf/single_subject_10003_wf/func_preproc_task_sharedreward_acq_mb6me4_echo_1_wf/bold_confounds_wf/rois_plot".
220226-02:59:17,608 nipype.workflow INFO:
	 [Node] Setting-up "fmriprep_wf.single_subject_10003_wf.func_preproc_task_sharedreward_acq_mb6me4_echo_1_wf.bold_confounds_wf.signals" in "/scratch/fmriprep_wf/single_subject_10003_wf/func_preproc_task_sharedreward_acq_mb6me4_echo_1_wf/bold_confounds_wf/signals".
220226-02:59:18,670 nipype.workflow INFO:
	 [Node] Executing "signals" <niworkflows.interfaces.images.SignalExtraction>
220226-02:59:18,795 nipype.workflow INFO:
	 [Node] Executing "rois_plot" <niworkflows.interfaces.masks.ROIsPlot>
220226-02:59:20,333 nipype.workflow INFO:
	 [Node] Setting-up "_fsl_to_lta0" in "/scratch/fmriprep_wf/single_subject_10003_wf/func_preproc_task_sharedreward_acq_mb1me1_wf/bold_reg_wf/fsl_bbr_wf/fsl_to_lta/mapflow/_fsl_to_lta0".
220226-02:59:20,336 nipype.workflow INFO:
	 [Node] Executing "_fsl_to_lta0" <niworkflows.interfaces.freesurfer.PatchedLTAConvert>
220226-02:59:20,350 nipype.workflow INFO:
	 [Node] Setting-up "_fsl_to_lta1" in "/scratch/fmriprep_wf/single_subject_10003_wf/func_preproc_task_sharedreward_acq_mb1me1_wf/bold_reg_wf/fsl_bbr_wf/fsl_to_lta/mapflow/_fsl_to_lta1".
220226-02:59:20,353 nipype.workflow INFO:
	 [Node] Executing "_fsl_to_lta1" <niworkflows.interfaces.freesurfer.PatchedLTAConvert>
220226-02:59:20,363 nipype.workflow INFO:
	 [Node] Setting-up "_fsl_to_lta0" in "/scratch/fmriprep_wf/single_subject_10003_wf/func_preproc_task_sharedreward_acq_mb6me1_wf/bold_reg_wf/fsl_bbr_wf/fsl_to_lta/mapflow/_fsl_to_lta0".
220226-02:59:20,366 nipype.workflow INFO:
	 [Node] Executing "_fsl_to_lta0" <niworkflows.interfaces.freesurfer.PatchedLTAConvert>
220226-02:59:20,578 nipype.workflow INFO:
	 [Node] Setting-up "_fsl_to_lta1" in "/scratch/fmriprep_wf/single_subject_10003_wf/func_preproc_task_sharedreward_acq_mb6me1_wf/bold_reg_wf/fsl_bbr_wf/fsl_to_lta/mapflow/_fsl_to_lta1".
220226-02:59:20,581 nipype.workflow INFO:
	 [Node] Executing "_fsl_to_lta1" <niworkflows.interfaces.freesurfer.PatchedLTAConvert>
220226-02:59:20,829 nipype.workflow INFO:
	 [Node] Finished "_fsl_to_lta1", elapsed time 0.461877s.
220226-02:59:20,849 nipype.workflow INFO:
	 [Node] Finished "_fsl_to_lta0", elapsed time 0.457561s.
220226-02:59:20,851 nipype.workflow INFO:
	 [Node] Finished "_fsl_to_lta0", elapsed time 0.513255s.
220226-02:59:21,165 nipype.workflow INFO:
	 [Node] Finished "_fsl_to_lta1", elapsed time 0.5814s.
220226-02:59:21,681 nipype.workflow INFO:
	 [Node] Finished "acompcor", elapsed time 5.354811s.
220226-02:59:22,341 nipype.workflow INFO:
	 [Node] Setting-up "_fsl_to_lta0" in "/scratch/fmriprep_wf/single_subject_10003_wf/func_preproc_task_sharedreward_acq_mb1me1_wf/bold_reg_wf/fsl_bbr_wf/fsl_to_lta/mapflow/_fsl_to_lta0".
220226-02:59:22,343 nipype.workflow INFO:
	 [Node] Cached "_fsl_to_lta0" - collecting precomputed outputs
220226-02:59:22,343 nipype.workflow INFO:
	 [Node] "_fsl_to_lta0" found cached.
220226-02:59:22,345 nipype.workflow INFO:
	 [Node] Setting-up "_fsl_to_lta1" in "/scratch/fmriprep_wf/single_subject_10003_wf/func_preproc_task_sharedreward_acq_mb1me1_wf/bold_reg_wf/fsl_bbr_wf/fsl_to_lta/mapflow/_fsl_to_lta1".
220226-02:59:22,346 nipype.workflow INFO:
	 [Node] Cached "_fsl_to_lta1" - collecting precomputed outputs
220226-02:59:22,346 nipype.workflow INFO:
	 [Node] "_fsl_to_lta1" found cached.
220226-02:59:22,353 nipype.workflow INFO:
	 [Node] Setting-up "_fsl_to_lta0" in "/scratch/fmriprep_wf/single_subject_10003_wf/func_preproc_task_sharedreward_acq_mb6me1_wf/bold_reg_wf/fsl_bbr_wf/fsl_to_lta/mapflow/_fsl_to_lta0".
220226-02:59:22,355 nipype.workflow INFO:
	 [Node] Cached "_fsl_to_lta0" - collecting precomputed outputs
220226-02:59:22,356 nipype.workflow INFO:
	 [Node] "_fsl_to_lta0" found cached.
220226-02:59:22,357 nipype.workflow INFO:
	 [Node] Setting-up "_fsl_to_lta1" in "/scratch/fmriprep_wf/single_subject_10003_wf/func_preproc_task_sharedreward_acq_mb6me1_wf/bold_reg_wf/fsl_bbr_wf/fsl_to_lta/mapflow/_fsl_to_lta1".
220226-02:59:22,359 nipype.workflow INFO:
	 [Node] Cached "_fsl_to_lta1" - collecting precomputed outputs
220226-02:59:22,359 nipype.workflow INFO:
	 [Node] "_fsl_to_lta1" found cached.
220226-02:59:22,553 nipype.workflow INFO:
	 [Node] Setting-up "fmriprep_wf.single_subject_10003_wf.func_preproc_task_sharedreward_acq_mb6me4_echo_1_wf.bold_confounds_wf.acc_metadata_fmt" in "/scratch/fmriprep_wf/single_subject_10003_wf/func_preproc_task_sharedreward_acq_mb6me4_echo_1_wf/bold_confounds_wf/acc_metadata_fmt".
220226-02:59:22,558 nipype.workflow INFO:
	 [Node] Executing "acc_metadata_fmt" <niworkflows.interfaces.utils.TSV2JSON>
220226-02:59:22,596 nipype.workflow INFO:
	 [Node] Finished "acc_metadata_fmt", elapsed time 0.035943s.
220226-02:59:23,427 nipype.workflow INFO:
	 [Node] Finished "flt_bbr", elapsed time 511.734348s.
220226-02:59:24,141 nipype.workflow INFO:
	 [Node] Setting-up "fmriprep_wf.single_subject_10003_wf.func_preproc_task_sharedreward_acq_mb1me1_wf.bold_reg_wf.fsl_bbr_wf.compare_transforms" in "/scratch/fmriprep_wf/single_subject_10003_wf/func_preproc_task_sharedreward_acq_mb1me1_wf/bold_reg_wf/fsl_bbr_wf/compare_transforms".
220226-02:59:24,152 nipype.workflow INFO:
	 [Node] Executing "compare_transforms" <nipype.interfaces.utility.wrappers.Function>
220226-02:59:24,182 nipype.workflow INFO:
	 [Node] Finished "compare_transforms", elapsed time 0.027576s.
220226-02:59:24,680 nipype.workflow INFO:
	 [Node] Setting-up "fmriprep_wf.single_subject_10003_wf.func_preproc_task_sharedreward_acq_mb6me1_wf.bold_reg_wf.fsl_bbr_wf.compare_transforms" in "/scratch/fmriprep_wf/single_subject_10003_wf/func_preproc_task_sharedreward_acq_mb6me1_wf/bold_reg_wf/fsl_bbr_wf/compare_transforms".
220226-02:59:24,688 nipype.workflow INFO:
	 [Node] Executing "compare_transforms" <nipype.interfaces.utility.wrappers.Function>
220226-02:59:24,696 nipype.workflow INFO:
	 [Node] Setting-up "fmriprep_wf.single_subject_10003_wf.func_preproc_task_sharedreward_acq_mb6me4_echo_1_wf.bold_confounds_wf.compcor_plot" in "/scratch/fmriprep_wf/single_subject_10003_wf/func_preproc_task_sharedreward_acq_mb6me4_echo_1_wf/bold_confounds_wf/compcor_plot".
220226-02:59:24,701 nipype.workflow INFO:
	 [Node] Executing "compcor_plot" <niworkflows.interfaces.plotting.CompCorVariancePlot>
220226-02:59:24,705 nipype.workflow INFO:
	 [Node] Finished "compare_transforms", elapsed time 0.015012s.
220226-02:59:25,122 nipype.workflow INFO:
	 [Node] Finished "signals", elapsed time 6.450722s.
220226-02:59:26,522 nipype.workflow INFO:
	 [Node] Finished "compcor_plot", elapsed time 1.8202340000000001s.
220226-02:59:31,228 nipype.workflow INFO:
	 [Node] Setting-up "fmriprep_wf.single_subject_10003_wf.func_preproc_task_sharedreward_acq_mb1me1_wf.bold_reg_wf.fsl_bbr_wf.fsl2itk_fwd" in "/scratch/fmriprep_wf/single_subject_10003_wf/func_preproc_task_sharedreward_acq_mb1me1_wf/bold_reg_wf/fsl_bbr_wf/fsl2itk_fwd".
220226-02:59:31,236 nipype.workflow INFO:
	 [Node] Executing "fsl2itk_fwd" <nipype.interfaces.c3.C3dAffineTool>
220226-02:59:31,242 nipype.workflow INFO:
	 [Node] Setting-up "fmriprep_wf.single_subject_10003_wf.func_preproc_task_sharedreward_acq_mb1me1_wf.bold_reg_wf.fsl_bbr_wf.invt_bbr" in "/scratch/fmriprep_wf/single_subject_10003_wf/func_preproc_task_sharedreward_acq_mb1me1_wf/bold_reg_wf/fsl_bbr_wf/invt_bbr".
220226-02:59:31,246 nipype.workflow INFO:
	 [Node] Executing "invt_bbr" <nipype.interfaces.fsl.utils.ConvertXFM>
220226-02:59:31,663 nipype.workflow INFO:
	 [Node] Setting-up "fmriprep_wf.single_subject_10003_wf.func_preproc_task_sharedreward_acq_mb6me1_wf.bold_reg_wf.fsl_bbr_wf.fsl2itk_fwd" in "/scratch/fmriprep_wf/single_subject_10003_wf/func_preproc_task_sharedreward_acq_mb6me1_wf/bold_reg_wf/fsl_bbr_wf/fsl2itk_fwd".
220226-02:59:31,668 nipype.workflow INFO:
	 [Node] Executing "fsl2itk_fwd" <nipype.interfaces.c3.C3dAffineTool>
220226-02:59:31,681 nipype.workflow INFO:
	 [Node] Setting-up "fmriprep_wf.single_subject_10003_wf.func_preproc_task_sharedreward_acq_mb6me4_echo_1_wf.bold_confounds_wf.conf_corr_plot" in "/scratch/fmriprep_wf/single_subject_10003_wf/func_preproc_task_sharedreward_acq_mb6me4_echo_1_wf/bold_confounds_wf/conf_corr_plot".
220226-02:59:31,683 nipype.workflow INFO:
	 [Node] Setting-up "fmriprep_wf.single_subject_10003_wf.func_preproc_task_sharedreward_acq_mb6me1_wf.bold_reg_wf.fsl_bbr_wf.invt_bbr" in "/scratch/fmriprep_wf/single_subject_10003_wf/func_preproc_task_sharedreward_acq_mb6me1_wf/bold_reg_wf/fsl_bbr_wf/invt_bbr".
220226-02:59:31,693 nipype.workflow INFO:
	 [Node] Setting-up "fmriprep_wf.single_subject_10003_wf.func_preproc_task_sharedreward_acq_mb6me4_echo_1_wf.bold_confounds_wf.model_expansion" in "/scratch/fmriprep_wf/single_subject_10003_wf/func_preproc_task_sharedreward_acq_mb6me4_echo_1_wf/bold_confounds_wf/model_expansion".
220226-02:59:31,699 nipype.workflow INFO:
	 [Node] Executing "invt_bbr" <nipype.interfaces.fsl.utils.ConvertXFM>
220226-02:59:31,703 nipype.workflow INFO:
	 [Node] Setting-up "_fsl_to_lta1" in "/scratch/fmriprep_wf/single_subject_10003_wf/func_preproc_task_sharedreward_acq_mb3me4_echo_1_wf/bold_reg_wf/fsl_bbr_wf/fsl_to_lta/mapflow/_fsl_to_lta1".
220226-02:59:31,706 nipype.workflow INFO:
	 [Node] Executing "_fsl_to_lta1" <niworkflows.interfaces.freesurfer.PatchedLTAConvert>
220226-02:59:31,707 nipype.workflow INFO:
	 [Node] Setting-up "_fsl_to_lta0" in "/scratch/fmriprep_wf/single_subject_10003_wf/func_preproc_task_sharedreward_acq_mb3me4_echo_1_wf/bold_reg_wf/fsl_bbr_wf/fsl_to_lta/mapflow/_fsl_to_lta0".
220226-02:59:31,710 nipype.workflow INFO:
	 [Node] Executing "conf_corr_plot" <niworkflows.interfaces.plotting.ConfoundsCorrelationPlot>
220226-02:59:31,711 nipype.workflow INFO:
	 [Node] Executing "_fsl_to_lta0" <niworkflows.interfaces.freesurfer.PatchedLTAConvert>
220226-02:59:31,859 nipype.workflow INFO:
	 [Node] Finished "invt_bbr", elapsed time 0.611032s.
220226-02:59:32,162 nipype.workflow INFO:
	 [Node] Finished "_fsl_to_lta0", elapsed time 0.449572s.
220226-02:59:32,189 nipype.workflow INFO:
	 [Node] Finished "_fsl_to_lta1", elapsed time 0.480885s.
220226-02:59:32,250 nipype.workflow INFO:
	 [Node] Finished "invt_bbr", elapsed time 0.549442s.
220226-02:59:32,509 nipype.workflow INFO:
	 [Node] Finished "fsl2itk_fwd", elapsed time 1.271793s.
220226-02:59:32,651 nipype.workflow INFO:
	 [Node] Finished "fsl2itk_fwd", elapsed time 0.981893s.
220226-02:59:33,309 nipype.workflow INFO:
	 [Node] Executing "model_expansion" <niworkflows.interfaces.confounds.ExpandModel>
220226-02:59:33,584 nipype.workflow INFO:
	 [Node] Finished "model_expansion", elapsed time 0.272824s.
220226-02:59:33,649 nipype.workflow INFO:
	 [Node] Setting-up "fmriprep_wf.single_subject_10003_wf.func_preproc_task_sharedreward_acq_mb1me1_wf.bold_t1_trans_wf.mask_t1w_tfm" in "/scratch/fmriprep_wf/single_subject_10003_wf/func_preproc_task_sharedreward_acq_mb1me1_wf/bold_t1_trans_wf/mask_t1w_tfm".
220226-02:59:33,659 nipype.workflow INFO:
	 [Node] Setting-up "fmriprep_wf.single_subject_10003_wf.func_preproc_task_sharedreward_acq_mb1me1_wf.bold_reg_wf.fsl_bbr_wf.fsl2itk_inv" in "/scratch/fmriprep_wf/single_subject_10003_wf/func_preproc_task_sharedreward_acq_mb1me1_wf/bold_reg_wf/fsl_bbr_wf/fsl2itk_inv".
220226-02:59:33,666 nipype.workflow INFO:
	 [Node] Executing "fsl2itk_inv" <nipype.interfaces.c3.C3dAffineTool>
220226-02:59:33,675 nipype.workflow INFO:
	 [Node] Setting-up "_fsl_to_lta0" in "/scratch/fmriprep_wf/single_subject_10003_wf/func_preproc_task_sharedreward_acq_mb3me4_echo_1_wf/bold_reg_wf/fsl_bbr_wf/fsl_to_lta/mapflow/_fsl_to_lta0".
220226-02:59:33,677 nipype.workflow INFO:
	 [Node] Cached "_fsl_to_lta0" - collecting precomputed outputs
220226-02:59:33,678 nipype.workflow INFO:
	 [Node] "_fsl_to_lta0" found cached.
220226-02:59:33,680 nipype.workflow INFO:
	 [Node] Setting-up "_fsl_to_lta1" in "/scratch/fmriprep_wf/single_subject_10003_wf/func_preproc_task_sharedreward_acq_mb3me4_echo_1_wf/bold_reg_wf/fsl_bbr_wf/fsl_to_lta/mapflow/_fsl_to_lta1".
220226-02:59:33,681 nipype.workflow INFO:
	 [Node] Cached "_fsl_to_lta1" - collecting precomputed outputs
220226-02:59:33,681 nipype.workflow INFO:
	 [Node] "_fsl_to_lta1" found cached.
220226-02:59:33,714 nipype.workflow INFO:
	 [Node] Executing "mask_t1w_tfm" <niworkflows.interfaces.fixes.FixHeaderApplyTransforms>
220226-02:59:34,213 nipype.workflow INFO:
	 [Node] Setting-up "fmriprep_wf.single_subject_10003_wf.func_preproc_task_sharedreward_acq_mb6me1_wf.bold_t1_trans_wf.mask_t1w_tfm" in "/scratch/fmriprep_wf/single_subject_10003_wf/func_preproc_task_sharedreward_acq_mb6me1_wf/bold_t1_trans_wf/mask_t1w_tfm".
220226-02:59:34,226 nipype.workflow INFO:
	 [Node] Setting-up "fmriprep_wf.single_subject_10003_wf.func_preproc_task_sharedreward_acq_mb6me1_wf.bold_reg_wf.fsl_bbr_wf.fsl2itk_inv" in "/scratch/fmriprep_wf/single_subject_10003_wf/func_preproc_task_sharedreward_acq_mb6me1_wf/bold_reg_wf/fsl_bbr_wf/fsl2itk_inv".
220226-02:59:34,231 nipype.workflow INFO:
	 [Node] Executing "fsl2itk_inv" <nipype.interfaces.c3.C3dAffineTool>
220226-02:59:34,255 nipype.workflow INFO:
	 [Node] Executing "mask_t1w_tfm" <niworkflows.interfaces.fixes.FixHeaderApplyTransforms>
220226-02:59:34,471 nipype.workflow INFO:
	 [Node] Finished "fsl2itk_inv", elapsed time 0.80351s.
220226-02:59:35,97 nipype.workflow INFO:
	 [Node] Finished "fsl2itk_inv", elapsed time 0.864369s.
220226-02:59:35,186 nipype.workflow INFO:
	 [Node] Setting-up "fmriprep_wf.single_subject_10003_wf.func_preproc_task_sharedreward_acq_mb1me1_wf.bold_t1_trans_wf.bold_to_t1w_transform" in "/scratch/fmriprep_wf/single_subject_10003_wf/func_preproc_task_sharedreward_acq_mb1me1_wf/bold_t1_trans_wf/bold_to_t1w_transform".
220226-02:59:35,346 nipype.workflow INFO:
	 [Node] Executing "bold_to_t1w_transform" <niworkflows.interfaces.itk.MultiApplyTransforms>
220226-02:59:35,367 nipype.workflow INFO:
	 [Node] Finished "conf_corr_plot", elapsed time 3.6557500000000003s.
220226-02:59:35,623 nipype.workflow INFO:
	 [Node] Setting-up "fmriprep_wf.single_subject_10003_wf.func_preproc_task_sharedreward_acq_mb3me4_echo_1_wf.bold_reg_wf.fsl_bbr_wf.compare_transforms" in "/scratch/fmriprep_wf/single_subject_10003_wf/func_preproc_task_sharedreward_acq_mb3me4_echo_1_wf/bold_reg_wf/fsl_bbr_wf/compare_transforms".
220226-02:59:35,626 nipype.workflow INFO:
	 [Node] Executing "compare_transforms" <nipype.interfaces.utility.wrappers.Function>
220226-02:59:35,627 nipype.workflow INFO:
	 [Node] Setting-up "fmriprep_wf.single_subject_10003_wf.func_preproc_task_sharedreward_acq_mb6me1_wf.bold_t1_trans_wf.bold_to_t1w_transform" in "/scratch/fmriprep_wf/single_subject_10003_wf/func_preproc_task_sharedreward_acq_mb6me1_wf/bold_t1_trans_wf/bold_to_t1w_transform".
220226-02:59:35,631 nipype.workflow INFO:
	 [Node] Setting-up "fmriprep_wf.single_subject_10003_wf.func_preproc_task_sharedreward_acq_mb6me4_echo_1_wf.bold_confounds_wf.spike_regressors" in "/scratch/fmriprep_wf/single_subject_10003_wf/func_preproc_task_sharedreward_acq_mb6me4_echo_1_wf/bold_confounds_wf/spike_regressors".
220226-02:59:35,634 nipype.workflow INFO:
	 [Node] Executing "spike_regressors" <niworkflows.interfaces.confounds.SpikeRegressors>
220226-02:59:35,645 nipype.workflow INFO:
	 [Node] Finished "compare_transforms", elapsed time 0.017511s.
220226-02:59:35,724 nipype.workflow INFO:
	 [Node] Executing "bold_to_t1w_transform" <niworkflows.interfaces.itk.MultiApplyTransforms>
220226-02:59:35,917 nipype.workflow INFO:
	 [Node] Finished "spike_regressors", elapsed time 0.281398s.
220226-02:59:37,234 nipype.workflow INFO:
	 [Node] Finished "mask_t1w_tfm", elapsed time 3.518862s.
220226-02:59:39,953 nipype.workflow INFO:
	 [Node] Finished "rois_plot", elapsed time 21.156107s.
220226-02:59:40,378 nipype.workflow INFO:
	 [Node] Setting-up "_acc_msk_tfm0" in "/scratch/fmriprep_wf/single_subject_10003_wf/func_preproc_task_sharedreward_acq_mb1me1_wf/bold_confounds_wf/acc_msk_tfm/mapflow/_acc_msk_tfm0".
220226-02:59:40,380 nipype.workflow INFO:
	 [Node] Setting-up "_acc_msk_tfm1" in "/scratch/fmriprep_wf/single_subject_10003_wf/func_preproc_task_sharedreward_acq_mb1me1_wf/bold_confounds_wf/acc_msk_tfm/mapflow/_acc_msk_tfm1".
220226-02:59:40,382 nipype.workflow INFO:
	 [Node] Executing "_acc_msk_tfm0" <niworkflows.interfaces.fixes.FixHeaderApplyTransforms>
220226-02:59:40,384 nipype.workflow INFO:
	 [Node] Executing "_acc_msk_tfm1" <niworkflows.interfaces.fixes.FixHeaderApplyTransforms>
220226-02:59:40,388 nipype.workflow INFO:
	 [Node] Setting-up "_acc_msk_tfm2" in "/scratch/fmriprep_wf/single_subject_10003_wf/func_preproc_task_sharedreward_acq_mb1me1_wf/bold_confounds_wf/acc_msk_tfm/mapflow/_acc_msk_tfm2".
220226-02:59:40,392 nipype.workflow INFO:
	 [Node] Executing "_acc_msk_tfm2" <niworkflows.interfaces.fixes.FixHeaderApplyTransforms>
220226-02:59:40,692 nipype.workflow INFO:
	 [Node] Setting-up "fmriprep_wf.single_subject_10003_wf.func_preproc_task_sharedreward_acq_mb1me1_wf.bold_t1_trans_wf.bold_reference_wf.enhance_and_skullstrip_bold_wf.pre_mask_dilate" in "/scratch/fmriprep_wf/single_subject_10003_wf/func_preproc_task_sharedreward_acq_mb1me1_wf/bold_t1_trans_wf/bold_reference_wf/enhance_and_skullstrip_bold_wf/pre_mask_dilate".
220226-02:59:40,696 nipype.workflow INFO:
	 [Node] Executing "pre_mask_dilate" <nipype.interfaces.fsl.maths.DilateImage>
220226-02:59:41,36 nipype.workflow INFO:
	 [Node] Setting-up "fmriprep_wf.single_subject_10003_wf.func_preproc_task_sharedreward_acq_mb3me4_echo_1_wf.bold_reg_wf.fsl_bbr_wf.invt_bbr" in "/scratch/fmriprep_wf/single_subject_10003_wf/func_preproc_task_sharedreward_acq_mb3me4_echo_1_wf/bold_reg_wf/fsl_bbr_wf/invt_bbr".
220226-02:59:41,38 nipype.workflow INFO:
	 [Node] Setting-up "fmriprep_wf.single_subject_10003_wf.func_preproc_task_sharedreward_acq_mb3me4_echo_1_wf.bold_reg_wf.fsl_bbr_wf.fsl2itk_fwd" in "/scratch/fmriprep_wf/single_subject_10003_wf/func_preproc_task_sharedreward_acq_mb3me4_echo_1_wf/bold_reg_wf/fsl_bbr_wf/fsl2itk_fwd".
220226-02:59:41,38 nipype.workflow INFO:
	 [Node] Finished "mask_t1w_tfm", elapsed time 6.256425s.
220226-02:59:41,40 nipype.workflow INFO:
	 [Node] Executing "invt_bbr" <nipype.interfaces.fsl.utils.ConvertXFM>
220226-02:59:41,43 nipype.workflow INFO:
	 [Node] Executing "fsl2itk_fwd" <nipype.interfaces.c3.C3dAffineTool>
220226-02:59:41,295 nipype.workflow INFO:
	 [Node] Finished "pre_mask_dilate", elapsed time 0.596939s.
220226-02:59:41,555 nipype.workflow INFO:
	 [Node] Finished "invt_bbr", elapsed time 0.513283s.
220226-02:59:41,606 nipype.workflow INFO:
	 [Node] Setting-up "_acc_msk_tfm0" in "/scratch/fmriprep_wf/single_subject_10003_wf/func_preproc_task_sharedreward_acq_mb6me1_wf/bold_confounds_wf/acc_msk_tfm/mapflow/_acc_msk_tfm0".
220226-02:59:41,609 nipype.workflow INFO:
	 [Node] Setting-up "_acc_msk_tfm1" in "/scratch/fmriprep_wf/single_subject_10003_wf/func_preproc_task_sharedreward_acq_mb6me1_wf/bold_confounds_wf/acc_msk_tfm/mapflow/_acc_msk_tfm1".
220226-02:59:41,609 nipype.workflow INFO:
	 [Node] Executing "_acc_msk_tfm0" <niworkflows.interfaces.fixes.FixHeaderApplyTransforms>
220226-02:59:41,609 nipype.workflow INFO:
	 [Node] Setting-up "_acc_msk_tfm2" in "/scratch/fmriprep_wf/single_subject_10003_wf/func_preproc_task_sharedreward_acq_mb6me1_wf/bold_confounds_wf/acc_msk_tfm/mapflow/_acc_msk_tfm2".
220226-02:59:41,612 nipype.workflow INFO:
	 [Node] Executing "_acc_msk_tfm1" <niworkflows.interfaces.fixes.FixHeaderApplyTransforms>
220226-02:59:41,613 nipype.workflow INFO:
	 [Node] Executing "_acc_msk_tfm2" <niworkflows.interfaces.fixes.FixHeaderApplyTransforms>
220226-02:59:42,42 nipype.workflow INFO:
	 [Node] Finished "fsl2itk_fwd", elapsed time 0.998328s.
220226-02:59:42,55 nipype.workflow INFO:
	 [Node] Finished "_acc_msk_tfm0", elapsed time 1.666932s.
220226-02:59:42,150 nipype.workflow INFO:
	 [Node] Finished "_acc_msk_tfm2", elapsed time 1.756701s.
220226-02:59:42,610 nipype.workflow INFO:
	 [Node] Finished "_acc_msk_tfm1", elapsed time 2.22421s.
220226-02:59:44,13 nipype.workflow INFO:
	 [Node] Setting-up "fmriprep_wf.single_subject_10003_wf.func_preproc_task_sharedreward_acq_mb3me4_echo_1_wf.bold_t1_trans_wf.mask_t1w_tfm" in "/scratch/fmriprep_wf/single_subject_10003_wf/func_preproc_task_sharedreward_acq_mb3me4_echo_1_wf/bold_t1_trans_wf/mask_t1w_tfm".
220226-02:59:44,28 nipype.workflow INFO:
	 [Node] Setting-up "fmriprep_wf.single_subject_10003_wf.func_preproc_task_sharedreward_acq_mb6me1_wf.bold_t1_trans_wf.bold_reference_wf.enhance_and_skullstrip_bold_wf.pre_mask_dilate" in "/scratch/fmriprep_wf/single_subject_10003_wf/func_preproc_task_sharedreward_acq_mb6me1_wf/bold_t1_trans_wf/bold_reference_wf/enhance_and_skullstrip_bold_wf/pre_mask_dilate".
220226-02:59:44,30 nipype.workflow INFO:
	 [Node] Setting-up "fmriprep_wf.single_subject_10003_wf.func_preproc_task_sharedreward_acq_mb3me4_echo_1_wf.bold_reg_wf.fsl_bbr_wf.fsl2itk_inv" in "/scratch/fmriprep_wf/single_subject_10003_wf/func_preproc_task_sharedreward_acq_mb3me4_echo_1_wf/bold_reg_wf/fsl_bbr_wf/fsl2itk_inv".
220226-02:59:44,32 nipype.workflow INFO:
	 [Node] Executing "pre_mask_dilate" <nipype.interfaces.fsl.maths.DilateImage>
220226-02:59:44,56 nipype.workflow INFO:
	 [Node] Executing "fsl2itk_inv" <nipype.interfaces.c3.C3dAffineTool>
220226-02:59:44,62 nipype.workflow INFO:
	 [Node] Executing "mask_t1w_tfm" <niworkflows.interfaces.fixes.FixHeaderApplyTransforms>
220226-02:59:44,855 nipype.workflow INFO:
	 [Node] Setting-up "_acc_msk_tfm0" in "/scratch/fmriprep_wf/single_subject_10003_wf/func_preproc_task_sharedreward_acq_mb1me1_wf/bold_confounds_wf/acc_msk_tfm/mapflow/_acc_msk_tfm0".
220226-02:59:44,857 nipype.workflow INFO:
	 [Node] Cached "_acc_msk_tfm0" - collecting precomputed outputs
220226-02:59:44,857 nipype.workflow INFO:
	 [Node] "_acc_msk_tfm0" found cached.
220226-02:59:44,859 nipype.workflow INFO:
	 [Node] Setting-up "_acc_msk_tfm1" in "/scratch/fmriprep_wf/single_subject_10003_wf/func_preproc_task_sharedreward_acq_mb1me1_wf/bold_confounds_wf/acc_msk_tfm/mapflow/_acc_msk_tfm1".
220226-02:59:44,860 nipype.workflow INFO:
	 [Node] Cached "_acc_msk_tfm1" - collecting precomputed outputs
220226-02:59:44,861 nipype.workflow INFO:
	 [Node] "_acc_msk_tfm1" found cached.
220226-02:59:44,862 nipype.workflow INFO:
	 [Node] Setting-up "_acc_msk_tfm2" in "/scratch/fmriprep_wf/single_subject_10003_wf/func_preproc_task_sharedreward_acq_mb1me1_wf/bold_confounds_wf/acc_msk_tfm/mapflow/_acc_msk_tfm2".
220226-02:59:44,864 nipype.workflow INFO:
	 [Node] Cached "_acc_msk_tfm2" - collecting precomputed outputs
220226-02:59:44,864 nipype.workflow INFO:
	 [Node] "_acc_msk_tfm2" found cached.
220226-02:59:45,2 nipype.workflow INFO:
	 [Node] Finished "_acc_msk_tfm1", elapsed time 3.388369s.
220226-02:59:45,9 nipype.workflow INFO:
	 [Node] Finished "pre_mask_dilate", elapsed time 0.975322s.
220226-02:59:45,137 nipype.workflow INFO:
	 [Node] Finished "fsl2itk_inv", elapsed time 1.079716s.
220226-02:59:45,295 nipype.workflow INFO:
	 [Node] Finished "_acc_msk_tfm0", elapsed time 3.6843820000000003s.
220226-02:59:45,547 nipype.workflow INFO:
	 [Node] Finished "_acc_msk_tfm2", elapsed time 3.9318020000000002s.
220226-02:59:46,774 nipype.workflow INFO:
	 [Node] Setting-up "fmriprep_wf.single_subject_10003_wf.func_preproc_task_sharedreward_acq_mb3me4_echo_1_wf.bold_t1_trans_wf.bold_to_t1w_transform" in "/scratch/fmriprep_wf/single_subject_10003_wf/func_preproc_task_sharedreward_acq_mb3me4_echo_1_wf/bold_t1_trans_wf/bold_to_t1w_transform".
220226-02:59:46,995 nipype.workflow INFO:
	 [Node] Executing "bold_to_t1w_transform" <niworkflows.interfaces.itk.MultiApplyTransforms>
220226-02:59:47,375 nipype.workflow INFO:
	 [Node] Setting-up "_acc_msk_tfm0" in "/scratch/fmriprep_wf/single_subject_10003_wf/func_preproc_task_sharedreward_acq_mb6me1_wf/bold_confounds_wf/acc_msk_tfm/mapflow/_acc_msk_tfm0".
220226-02:59:47,377 nipype.workflow INFO:
	 [Node] Cached "_acc_msk_tfm0" - collecting precomputed outputs
220226-02:59:47,377 nipype.workflow INFO:
	 [Node] "_acc_msk_tfm0" found cached.
220226-02:59:47,379 nipype.workflow INFO:
	 [Node] Setting-up "_acc_msk_tfm1" in "/scratch/fmriprep_wf/single_subject_10003_wf/func_preproc_task_sharedreward_acq_mb6me1_wf/bold_confounds_wf/acc_msk_tfm/mapflow/_acc_msk_tfm1".
220226-02:59:47,380 nipype.workflow INFO:
	 [Node] Cached "_acc_msk_tfm1" - collecting precomputed outputs
220226-02:59:47,380 nipype.workflow INFO:
	 [Node] "_acc_msk_tfm1" found cached.
220226-02:59:47,382 nipype.workflow INFO:
	 [Node] Setting-up "_acc_msk_tfm2" in "/scratch/fmriprep_wf/single_subject_10003_wf/func_preproc_task_sharedreward_acq_mb6me1_wf/bold_confounds_wf/acc_msk_tfm/mapflow/_acc_msk_tfm2".
220226-02:59:47,384 nipype.workflow INFO:
	 [Node] Cached "_acc_msk_tfm2" - collecting precomputed outputs
220226-02:59:47,384 nipype.workflow INFO:
	 [Node] "_acc_msk_tfm2" found cached.
220226-02:59:48,764 nipype.workflow INFO:
	 [Node] Setting-up "_acc_msk_brain0" in "/scratch/fmriprep_wf/single_subject_10003_wf/func_preproc_task_sharedreward_acq_mb1me1_wf/bold_confounds_wf/acc_msk_brain/mapflow/_acc_msk_brain0".
220226-02:59:48,765 nipype.workflow INFO:
	 [Node] Setting-up "_acc_msk_brain1" in "/scratch/fmriprep_wf/single_subject_10003_wf/func_preproc_task_sharedreward_acq_mb1me1_wf/bold_confounds_wf/acc_msk_brain/mapflow/_acc_msk_brain1".
220226-02:59:48,766 nipype.workflow INFO:
	 [Node] Executing "_acc_msk_brain0" <niworkflows.interfaces.nibabel.ApplyMask>
220226-02:59:48,768 nipype.workflow INFO:
	 [Node] Executing "_acc_msk_brain1" <niworkflows.interfaces.nibabel.ApplyMask>
220226-02:59:48,792 nipype.workflow INFO:
	 [Node] Setting-up "_acc_msk_brain2" in "/scratch/fmriprep_wf/single_subject_10003_wf/func_preproc_task_sharedreward_acq_mb1me1_wf/bold_confounds_wf/acc_msk_brain/mapflow/_acc_msk_brain2".
220226-02:59:48,795 nipype.workflow INFO:
	 [Node] Executing "_acc_msk_brain2" <niworkflows.interfaces.nibabel.ApplyMask>
220226-02:59:48,814 nipype.workflow INFO:
	 [Node] Setting-up "_acc_msk_tfm0" in "/scratch/fmriprep_wf/single_subject_10003_wf/func_preproc_task_sharedreward_acq_mb3me4_echo_1_wf/bold_confounds_wf/acc_msk_tfm/mapflow/_acc_msk_tfm0".
220226-02:59:48,817 nipype.workflow INFO:
	 [Node] Executing "_acc_msk_tfm0" <niworkflows.interfaces.fixes.FixHeaderApplyTransforms>
220226-02:59:48,829 nipype.workflow INFO:
	 [Node] Setting-up "_acc_msk_tfm1" in "/scratch/fmriprep_wf/single_subject_10003_wf/func_preproc_task_sharedreward_acq_mb3me4_echo_1_wf/bold_confounds_wf/acc_msk_tfm/mapflow/_acc_msk_tfm1".
220226-02:59:48,833 nipype.workflow INFO:
	 [Node] Executing "_acc_msk_tfm1" <niworkflows.interfaces.fixes.FixHeaderApplyTransforms>
220226-02:59:48,897 nipype.workflow INFO:
	 [Node] Finished "_acc_msk_brain0", elapsed time 0.128644s.
220226-02:59:48,904 nipype.workflow INFO:
	 [Node] Finished "_acc_msk_brain2", elapsed time 0.107571s.
220226-02:59:48,941 nipype.workflow INFO:
	 [Node] Finished "_acc_msk_brain1", elapsed time 0.17198s.
220226-02:59:51,66 nipype.workflow INFO:
	 [Node] Setting-up "_acc_msk_brain0" in "/scratch/fmriprep_wf/single_subject_10003_wf/func_preproc_task_sharedreward_acq_mb1me1_wf/bold_confounds_wf/acc_msk_brain/mapflow/_acc_msk_brain0".
220226-02:59:51,67 nipype.workflow INFO:
	 [Node] Cached "_acc_msk_brain0" - collecting precomputed outputs
220226-02:59:51,68 nipype.workflow INFO:
	 [Node] "_acc_msk_brain0" found cached.
220226-02:59:51,69 nipype.workflow INFO:
	 [Node] Setting-up "_acc_msk_brain1" in "/scratch/fmriprep_wf/single_subject_10003_wf/func_preproc_task_sharedreward_acq_mb1me1_wf/bold_confounds_wf/acc_msk_brain/mapflow/_acc_msk_brain1".
220226-02:59:51,70 nipype.workflow INFO:
	 [Node] Cached "_acc_msk_brain1" - collecting precomputed outputs
220226-02:59:51,70 nipype.workflow INFO:
	 [Node] "_acc_msk_brain1" found cached.
220226-02:59:51,71 nipype.workflow INFO:
	 [Node] Setting-up "_acc_msk_brain2" in "/scratch/fmriprep_wf/single_subject_10003_wf/func_preproc_task_sharedreward_acq_mb1me1_wf/bold_confounds_wf/acc_msk_brain/mapflow/_acc_msk_brain2".
220226-02:59:51,73 nipype.workflow INFO:
	 [Node] Cached "_acc_msk_brain2" - collecting precomputed outputs
220226-02:59:51,73 nipype.workflow INFO:
	 [Node] "_acc_msk_brain2" found cached.
220226-02:59:51,78 nipype.workflow INFO:
	 [Node] Setting-up "_acc_msk_tfm2" in "/scratch/fmriprep_wf/single_subject_10003_wf/func_preproc_task_sharedreward_acq_mb3me4_echo_1_wf/bold_confounds_wf/acc_msk_tfm/mapflow/_acc_msk_tfm2".
220226-02:59:51,82 nipype.workflow INFO:
	 [Node] Executing "_acc_msk_tfm2" <niworkflows.interfaces.fixes.FixHeaderApplyTransforms>
220226-02:59:51,89 nipype.workflow INFO:
	 [Node] Setting-up "_acc_msk_brain0" in "/scratch/fmriprep_wf/single_subject_10003_wf/func_preproc_task_sharedreward_acq_mb6me1_wf/bold_confounds_wf/acc_msk_brain/mapflow/_acc_msk_brain0".
220226-02:59:51,91 nipype.workflow INFO:
	 [Node] Executing "_acc_msk_brain0" <niworkflows.interfaces.nibabel.ApplyMask>
220226-02:59:51,430 nipype.workflow INFO:
	 [Node] Finished "_acc_msk_brain0", elapsed time 0.337072s.
220226-02:59:52,407 nipype.workflow INFO:
	 [Node] Finished "mask_t1w_tfm", elapsed time 8.343429s.
220226-02:59:52,705 nipype.workflow INFO:
	 [Node] Setting-up "_acc_msk_brain1" in "/scratch/fmriprep_wf/single_subject_10003_wf/func_preproc_task_sharedreward_acq_mb6me1_wf/bold_confounds_wf/acc_msk_brain/mapflow/_acc_msk_brain1".
220226-02:59:52,706 nipype.workflow INFO:
	 [Node] Setting-up "_acc_msk_brain2" in "/scratch/fmriprep_wf/single_subject_10003_wf/func_preproc_task_sharedreward_acq_mb6me1_wf/bold_confounds_wf/acc_msk_brain/mapflow/_acc_msk_brain2".
220226-02:59:52,707 nipype.workflow INFO:
	 [Node] Executing "_acc_msk_brain1" <niworkflows.interfaces.nibabel.ApplyMask>
220226-02:59:52,709 nipype.workflow INFO:
	 [Node] Executing "_acc_msk_brain2" <niworkflows.interfaces.nibabel.ApplyMask>
220226-02:59:52,822 nipype.workflow INFO:
	 [Node] Finished "_acc_msk_brain2", elapsed time 0.098184s.
220226-02:59:52,907 nipype.workflow INFO:
	 [Node] Finished "_acc_msk_brain1", elapsed time 0.198443s.
220226-02:59:53,359 nipype.workflow INFO:
	 [Node] Finished "_acc_msk_tfm1", elapsed time 4.523207s.
220226-02:59:53,524 nipype.workflow INFO:
	 [Node] Finished "_acc_msk_tfm0", elapsed time 4.705482s.
220226-02:59:54,594 nipype.workflow INFO:
	 [Node] Finished "_acc_msk_tfm2", elapsed time 3.510754s.
220226-02:59:54,770 nipype.workflow INFO:
	 [Node] Setting-up "fmriprep_wf.single_subject_10003_wf.func_preproc_task_sharedreward_acq_mb3me4_echo_1_wf.bold_t1_trans_wf.bold_reference_wf.enhance_and_skullstrip_bold_wf.pre_mask_dilate" in "/scratch/fmriprep_wf/single_subject_10003_wf/func_preproc_task_sharedreward_acq_mb3me4_echo_1_wf/bold_t1_trans_wf/bold_reference_wf/enhance_and_skullstrip_bold_wf/pre_mask_dilate".
220226-02:59:54,775 nipype.workflow INFO:
	 [Node] Executing "pre_mask_dilate" <nipype.interfaces.fsl.maths.DilateImage>
220226-02:59:54,797 nipype.workflow INFO:
	 [Node] Setting-up "_acc_msk_brain0" in "/scratch/fmriprep_wf/single_subject_10003_wf/func_preproc_task_sharedreward_acq_mb6me1_wf/bold_confounds_wf/acc_msk_brain/mapflow/_acc_msk_brain0".
220226-02:59:54,799 nipype.workflow INFO:
	 [Node] Setting-up "_acc_msk_bin0" in "/scratch/fmriprep_wf/single_subject_10003_wf/func_preproc_task_sharedreward_acq_mb1me1_wf/bold_confounds_wf/acc_msk_bin/mapflow/_acc_msk_bin0".
220226-02:59:54,799 nipype.workflow INFO:
	 [Node] Setting-up "_acc_msk_bin1" in "/scratch/fmriprep_wf/single_subject_10003_wf/func_preproc_task_sharedreward_acq_mb1me1_wf/bold_confounds_wf/acc_msk_bin/mapflow/_acc_msk_bin1".
220226-02:59:54,801 nipype.workflow INFO:
	 [Node] Executing "_acc_msk_bin1" <niworkflows.interfaces.nibabel.Binarize>
220226-02:59:54,801 nipype.workflow INFO:
	 [Node] Executing "_acc_msk_bin0" <niworkflows.interfaces.nibabel.Binarize>
220226-02:59:54,802 nipype.workflow INFO:
	 [Node] Setting-up "_acc_msk_bin2" in "/scratch/fmriprep_wf/single_subject_10003_wf/func_preproc_task_sharedreward_acq_mb1me1_wf/bold_confounds_wf/acc_msk_bin/mapflow/_acc_msk_bin2".
220226-02:59:54,804 nipype.workflow INFO:
	 [Node] Executing "_acc_msk_bin2" <niworkflows.interfaces.nibabel.Binarize>
220226-02:59:54,803 nipype.workflow INFO:
	 [Node] Cached "_acc_msk_brain0" - collecting precomputed outputs
220226-02:59:54,804 nipype.workflow INFO:
	 [Node] "_acc_msk_brain0" found cached.
220226-02:59:54,805 nipype.workflow INFO:
	 [Node] Setting-up "_acc_msk_brain1" in "/scratch/fmriprep_wf/single_subject_10003_wf/func_preproc_task_sharedreward_acq_mb6me1_wf/bold_confounds_wf/acc_msk_brain/mapflow/_acc_msk_brain1".
220226-02:59:54,807 nipype.workflow INFO:
	 [Node] Cached "_acc_msk_brain1" - collecting precomputed outputs
220226-02:59:54,807 nipype.workflow INFO:
	 [Node] "_acc_msk_brain1" found cached.
220226-02:59:54,808 nipype.workflow INFO:
	 [Node] Setting-up "_acc_msk_brain2" in "/scratch/fmriprep_wf/single_subject_10003_wf/func_preproc_task_sharedreward_acq_mb6me1_wf/bold_confounds_wf/acc_msk_brain/mapflow/_acc_msk_brain2".
220226-02:59:54,809 nipype.workflow INFO:
	 [Node] Cached "_acc_msk_brain2" - collecting precomputed outputs
220226-02:59:54,809 nipype.workflow INFO:
	 [Node] "_acc_msk_brain2" found cached.
220226-02:59:54,871 nipype.workflow INFO:
	 [Node] Finished "_acc_msk_bin0", elapsed time 0.068552s.
220226-02:59:54,876 nipype.workflow INFO:
	 [Node] Finished "_acc_msk_bin1", elapsed time 0.073638s.
220226-02:59:54,939 nipype.workflow INFO:
	 [Node] Finished "_acc_msk_bin2", elapsed time 0.133887s.
220226-02:59:56,114 nipype.workflow INFO:
	 [Node] Finished "pre_mask_dilate", elapsed time 1.3374920000000001s.
220226-02:59:56,820 nipype.workflow INFO:
	 [Node] Setting-up "_acc_msk_bin0" in "/scratch/fmriprep_wf/single_subject_10003_wf/func_preproc_task_sharedreward_acq_mb1me1_wf/bold_confounds_wf/acc_msk_bin/mapflow/_acc_msk_bin0".
220226-02:59:56,822 nipype.workflow INFO:
	 [Node] Cached "_acc_msk_bin0" - collecting precomputed outputs
220226-02:59:56,822 nipype.workflow INFO:
	 [Node] "_acc_msk_bin0" found cached.
220226-02:59:56,823 nipype.workflow INFO:
	 [Node] Setting-up "_acc_msk_bin1" in "/scratch/fmriprep_wf/single_subject_10003_wf/func_preproc_task_sharedreward_acq_mb1me1_wf/bold_confounds_wf/acc_msk_bin/mapflow/_acc_msk_bin1".
220226-02:59:56,824 nipype.workflow INFO:
	 [Node] Cached "_acc_msk_bin1" - collecting precomputed outputs
220226-02:59:56,824 nipype.workflow INFO:
	 [Node] "_acc_msk_bin1" found cached.
220226-02:59:56,826 nipype.workflow INFO:
	 [Node] Setting-up "_acc_msk_bin2" in "/scratch/fmriprep_wf/single_subject_10003_wf/func_preproc_task_sharedreward_acq_mb1me1_wf/bold_confounds_wf/acc_msk_bin/mapflow/_acc_msk_bin2".
220226-02:59:56,827 nipype.workflow INFO:
	 [Node] Cached "_acc_msk_bin2" - collecting precomputed outputs
220226-02:59:56,827 nipype.workflow INFO:
	 [Node] "_acc_msk_bin2" found cached.
220226-02:59:56,827 nipype.workflow INFO:
	 [Node] Setting-up "_acc_msk_tfm0" in "/scratch/fmriprep_wf/single_subject_10003_wf/func_preproc_task_sharedreward_acq_mb3me4_echo_1_wf/bold_confounds_wf/acc_msk_tfm/mapflow/_acc_msk_tfm0".
220226-02:59:56,829 nipype.workflow INFO:
	 [Node] Cached "_acc_msk_tfm0" - collecting precomputed outputs
220226-02:59:56,829 nipype.workflow INFO:
	 [Node] "_acc_msk_tfm0" found cached.
220226-02:59:56,836 nipype.workflow INFO:
	 [Node] Setting-up "_acc_msk_tfm1" in "/scratch/fmriprep_wf/single_subject_10003_wf/func_preproc_task_sharedreward_acq_mb3me4_echo_1_wf/bold_confounds_wf/acc_msk_tfm/mapflow/_acc_msk_tfm1".
220226-02:59:56,838 nipype.workflow INFO:
	 [Node] Cached "_acc_msk_tfm1" - collecting precomputed outputs
220226-02:59:56,838 nipype.workflow INFO:
	 [Node] "_acc_msk_tfm1" found cached.
220226-02:59:56,840 nipype.workflow INFO:
	 [Node] Setting-up "_acc_msk_tfm2" in "/scratch/fmriprep_wf/single_subject_10003_wf/func_preproc_task_sharedreward_acq_mb3me4_echo_1_wf/bold_confounds_wf/acc_msk_tfm/mapflow/_acc_msk_tfm2".
220226-02:59:56,847 nipype.workflow INFO:
	 [Node] Cached "_acc_msk_tfm2" - collecting precomputed outputs
220226-02:59:56,847 nipype.workflow INFO:
	 [Node] "_acc_msk_tfm2" found cached.
220226-02:59:59,801 nipype.workflow INFO:
	 [Node] Setting-up "fmriprep_wf.single_subject_10003_wf.func_preproc_task_sharedreward_acq_mb1me1_wf.bold_confounds_wf.acompcor" in "/scratch/fmriprep_wf/single_subject_10003_wf/func_preproc_task_sharedreward_acq_mb1me1_wf/bold_confounds_wf/acompcor".
220226-02:59:59,820 nipype.workflow INFO:
	 [Node] Executing "acompcor" <niworkflows.interfaces.patches.RobustACompCor>
220226-02:59:59,861 nipype.workflow INFO:
	 [Node] Setting-up "_acc_msk_bin0" in "/scratch/fmriprep_wf/single_subject_10003_wf/func_preproc_task_sharedreward_acq_mb6me1_wf/bold_confounds_wf/acc_msk_bin/mapflow/_acc_msk_bin0".
220226-02:59:59,863 nipype.workflow INFO:
	 [Node] Executing "_acc_msk_bin0" <niworkflows.interfaces.nibabel.Binarize>
220226-02:59:59,872 nipype.workflow INFO:
	 [Node] Setting-up "_acc_msk_bin1" in "/scratch/fmriprep_wf/single_subject_10003_wf/func_preproc_task_sharedreward_acq_mb6me1_wf/bold_confounds_wf/acc_msk_bin/mapflow/_acc_msk_bin1".
220226-02:59:59,874 nipype.workflow INFO:
	 [Node] Executing "_acc_msk_bin1" <niworkflows.interfaces.nibabel.Binarize>
220226-02:59:59,887 nipype.workflow INFO:
	 [Node] Setting-up "_acc_msk_bin2" in "/scratch/fmriprep_wf/single_subject_10003_wf/func_preproc_task_sharedreward_acq_mb6me1_wf/bold_confounds_wf/acc_msk_bin/mapflow/_acc_msk_bin2".
220226-02:59:59,889 nipype.workflow INFO:
	 [Node] Executing "_acc_msk_bin2" <niworkflows.interfaces.nibabel.Binarize>
220226-02:59:59,934 nipype.workflow INFO:
	 [Node] Finished "_acc_msk_bin1", elapsed time 0.058747s.
220226-03:00:00,14 nipype.workflow INFO:
	 [Node] Finished "_acc_msk_bin0", elapsed time 0.149336s.
220226-03:00:00,20 nipype.workflow INFO:
	 [Node] Finished "_acc_msk_bin2", elapsed time 0.128981s.
220226-03:00:00,721 nipype.workflow INFO:
	 [Node] Setting-up "fmriprep_wf.single_subject_10003_wf.func_preproc_task_sharedreward_acq_mb1me1_wf.bold_confounds_wf.rois_plot" in "/scratch/fmriprep_wf/single_subject_10003_wf/func_preproc_task_sharedreward_acq_mb1me1_wf/bold_confounds_wf/rois_plot".
220226-03:00:00,731 nipype.workflow INFO:
	 [Node] Setting-up "fmriprep_wf.single_subject_10003_wf.func_preproc_task_sharedreward_acq_mb1me1_wf.bold_confounds_wf.signals" in "/scratch/fmriprep_wf/single_subject_10003_wf/func_preproc_task_sharedreward_acq_mb1me1_wf/bold_confounds_wf/signals".
220226-03:00:00,737 nipype.workflow INFO:
	 [Node] Executing "signals" <niworkflows.interfaces.images.SignalExtraction>
220226-03:00:00,743 nipype.workflow INFO:
	 [Node] Setting-up "_acc_msk_brain0" in "/scratch/fmriprep_wf/single_subject_10003_wf/func_preproc_task_sharedreward_acq_mb3me4_echo_1_wf/bold_confounds_wf/acc_msk_brain/mapflow/_acc_msk_brain0".
220226-03:00:00,744 nipype.workflow INFO:
	 [Node] Setting-up "_acc_msk_brain1" in "/scratch/fmriprep_wf/single_subject_10003_wf/func_preproc_task_sharedreward_acq_mb3me4_echo_1_wf/bold_confounds_wf/acc_msk_brain/mapflow/_acc_msk_brain1".
220226-03:00:00,745 nipype.workflow INFO:
	 [Node] Executing "rois_plot" <niworkflows.interfaces.masks.ROIsPlot>
220226-03:00:00,746 nipype.workflow INFO:
	 [Node] Executing "_acc_msk_brain0" <niworkflows.interfaces.nibabel.ApplyMask>
220226-03:00:00,746 nipype.workflow INFO:
	 [Node] Executing "_acc_msk_brain1" <niworkflows.interfaces.nibabel.ApplyMask>
220226-03:00:00,748 nipype.workflow INFO:
	 [Node] Setting-up "_acc_msk_bin0" in "/scratch/fmriprep_wf/single_subject_10003_wf/func_preproc_task_sharedreward_acq_mb6me1_wf/bold_confounds_wf/acc_msk_bin/mapflow/_acc_msk_bin0".
220226-03:00:00,749 nipype.workflow INFO:
	 [Node] Cached "_acc_msk_bin0" - collecting precomputed outputs
220226-03:00:00,749 nipype.workflow INFO:
	 [Node] "_acc_msk_bin0" found cached.
220226-03:00:00,750 nipype.workflow INFO:
	 [Node] Setting-up "_acc_msk_bin1" in "/scratch/fmriprep_wf/single_subject_10003_wf/func_preproc_task_sharedreward_acq_mb6me1_wf/bold_confounds_wf/acc_msk_bin/mapflow/_acc_msk_bin1".
220226-03:00:00,751 nipype.workflow INFO:
	 [Node] Cached "_acc_msk_bin1" - collecting precomputed outputs
220226-03:00:00,752 nipype.workflow INFO:
	 [Node] "_acc_msk_bin1" found cached.
220226-03:00:00,753 nipype.workflow INFO:
	 [Node] Setting-up "_acc_msk_bin2" in "/scratch/fmriprep_wf/single_subject_10003_wf/func_preproc_task_sharedreward_acq_mb6me1_wf/bold_confounds_wf/acc_msk_bin/mapflow/_acc_msk_bin2".
220226-03:00:00,754 nipype.workflow INFO:
	 [Node] Cached "_acc_msk_bin2" - collecting precomputed outputs
220226-03:00:00,754 nipype.workflow INFO:
	 [Node] "_acc_msk_bin2" found cached.
220226-03:00:00,866 nipype.workflow INFO:
	 [Node] Finished "_acc_msk_brain1", elapsed time 0.118305s.
220226-03:00:01,39 nipype.workflow INFO:
	 [Node] Finished "_acc_msk_brain0", elapsed time 0.291758s.
220226-03:00:03,791 nipype.workflow INFO:
	 [Node] Setting-up "fmriprep_wf.single_subject_10003_wf.func_preproc_task_sharedreward_acq_mb6me1_wf.bold_confounds_wf.acompcor" in "/scratch/fmriprep_wf/single_subject_10003_wf/func_preproc_task_sharedreward_acq_mb6me1_wf/bold_confounds_wf/acompcor".
220226-03:00:03,792 nipype.workflow INFO:
	 [Node] Setting-up "_acc_msk_brain2" in "/scratch/fmriprep_wf/single_subject_10003_wf/func_preproc_task_sharedreward_acq_mb3me4_echo_1_wf/bold_confounds_wf/acc_msk_brain/mapflow/_acc_msk_brain2".
220226-03:00:03,794 nipype.workflow INFO:
	 [Node] Executing "_acc_msk_brain2" <niworkflows.interfaces.nibabel.ApplyMask>
220226-03:00:03,905 nipype.workflow INFO:
	 [Node] Finished "_acc_msk_brain2", elapsed time 0.10887s.
220226-03:00:04,3 nipype.workflow INFO:
	 [Node] Executing "acompcor" <niworkflows.interfaces.patches.RobustACompCor>
220226-03:00:04,744 nipype.workflow INFO:
	 [Node] Setting-up "fmriprep_wf.single_subject_10003_wf.func_preproc_task_sharedreward_acq_mb6me1_wf.bold_confounds_wf.rois_plot" in "/scratch/fmriprep_wf/single_subject_10003_wf/func_preproc_task_sharedreward_acq_mb6me1_wf/bold_confounds_wf/rois_plot".
220226-03:00:04,751 nipype.workflow INFO:
	 [Node] Executing "rois_plot" <niworkflows.interfaces.masks.ROIsPlot>
220226-03:00:04,866 nipype.workflow INFO:
	 [Node] Setting-up "_acc_msk_brain0" in "/scratch/fmriprep_wf/single_subject_10003_wf/func_preproc_task_sharedreward_acq_mb3me4_echo_1_wf/bold_confounds_wf/acc_msk_brain/mapflow/_acc_msk_brain0".
220226-03:00:04,868 nipype.workflow INFO:
	 [Node] Cached "_acc_msk_brain0" - collecting precomputed outputs
220226-03:00:04,868 nipype.workflow INFO:
	 [Node] "_acc_msk_brain0" found cached.
220226-03:00:04,869 nipype.workflow INFO:
	 [Node] Setting-up "_acc_msk_brain1" in "/scratch/fmriprep_wf/single_subject_10003_wf/func_preproc_task_sharedreward_acq_mb3me4_echo_1_wf/bold_confounds_wf/acc_msk_brain/mapflow/_acc_msk_brain1".
220226-03:00:04,870 nipype.workflow INFO:
	 [Node] Cached "_acc_msk_brain1" - collecting precomputed outputs
220226-03:00:04,871 nipype.workflow INFO:
	 [Node] "_acc_msk_brain1" found cached.
220226-03:00:04,872 nipype.workflow INFO:
	 [Node] Setting-up "_acc_msk_brain2" in "/scratch/fmriprep_wf/single_subject_10003_wf/func_preproc_task_sharedreward_acq_mb3me4_echo_1_wf/bold_confounds_wf/acc_msk_brain/mapflow/_acc_msk_brain2".
220226-03:00:04,873 nipype.workflow INFO:
	 [Node] Cached "_acc_msk_brain2" - collecting precomputed outputs
220226-03:00:04,873 nipype.workflow INFO:
	 [Node] "_acc_msk_brain2" found cached.
220226-03:00:05,509 nipype.workflow INFO:
	 [Node] Finished "signals", elapsed time 4.770905s.
220226-03:00:06,758 nipype.workflow INFO:
	 [Node] Finished "acompcor", elapsed time 6.936163s.
220226-03:00:06,803 nipype.workflow INFO:
	 [Node] Setting-up "fmriprep_wf.single_subject_10003_wf.func_preproc_task_sharedreward_acq_mb6me1_wf.bold_confounds_wf.signals" in "/scratch/fmriprep_wf/single_subject_10003_wf/func_preproc_task_sharedreward_acq_mb6me1_wf/bold_confounds_wf/signals".
220226-03:00:06,811 nipype.workflow INFO:
	 [Node] Executing "signals" <niworkflows.interfaces.images.SignalExtraction>
220226-03:00:08,438 nipype.workflow INFO:
	 [Node] Finished "flt_bbr", elapsed time 556.755682s.
220226-03:00:09,17 nipype.workflow INFO:
	 [Node] Setting-up "fmriprep_wf.single_subject_10003_wf.func_preproc_task_sharedreward_acq_mb1me1_wf.bold_confounds_wf.acc_metadata_fmt" in "/scratch/fmriprep_wf/single_subject_10003_wf/func_preproc_task_sharedreward_acq_mb1me1_wf/bold_confounds_wf/acc_metadata_fmt".
220226-03:00:09,22 nipype.workflow INFO:
	 [Node] Executing "acc_metadata_fmt" <niworkflows.interfaces.utils.TSV2JSON>
220226-03:00:09,82 nipype.workflow INFO:
	 [Node] Finished "acc_metadata_fmt", elapsed time 0.058343s.
220226-03:00:10,135 nipype.workflow INFO:
	 [Node] Setting-up "_acc_msk_bin0" in "/scratch/fmriprep_wf/single_subject_10003_wf/func_preproc_task_sharedreward_acq_mb3me4_echo_1_wf/bold_confounds_wf/acc_msk_bin/mapflow/_acc_msk_bin0".
220226-03:00:10,137 nipype.workflow INFO:
	 [Node] Executing "_acc_msk_bin0" <niworkflows.interfaces.nibabel.Binarize>
220226-03:00:10,197 nipype.workflow INFO:
	 [Node] Finished "_acc_msk_bin0", elapsed time 0.058273s.
220226-03:00:10,823 nipype.workflow INFO:
	 [Node] Setting-up "fmriprep_wf.single_subject_10003_wf.func_preproc_task_sharedreward_acq_mb1me1_wf.bold_confounds_wf.compcor_plot" in "/scratch/fmriprep_wf/single_subject_10003_wf/func_preproc_task_sharedreward_acq_mb1me1_wf/bold_confounds_wf/compcor_plot".
220226-03:00:10,827 nipype.workflow INFO:
	 [Node] Executing "compcor_plot" <niworkflows.interfaces.plotting.CompCorVariancePlot>
220226-03:00:11,956 nipype.workflow INFO:
	 [Node] Finished "compcor_plot", elapsed time 1.127134s.
220226-03:00:12,250 nipype.workflow INFO:
	 [Node] Setting-up "fmriprep_wf.single_subject_10003_wf.func_preproc_task_sharedreward_acq_mb1me1_wf.bold_confounds_wf.conf_corr_plot" in "/scratch/fmriprep_wf/single_subject_10003_wf/func_preproc_task_sharedreward_acq_mb1me1_wf/bold_confounds_wf/conf_corr_plot".
220226-03:00:12,253 nipype.workflow INFO:
	 [Node] Setting-up "fmriprep_wf.single_subject_10003_wf.func_preproc_task_sharedreward_acq_mb1me1_wf.bold_confounds_wf.model_expansion" in "/scratch/fmriprep_wf/single_subject_10003_wf/func_preproc_task_sharedreward_acq_mb1me1_wf/bold_confounds_wf/model_expansion".
220226-03:00:13,208 nipype.workflow INFO:
	 [Node] Executing "model_expansion" <niworkflows.interfaces.confounds.ExpandModel>
220226-03:00:13,245 nipype.workflow INFO:
	 [Node] Executing "conf_corr_plot" <niworkflows.interfaces.plotting.ConfoundsCorrelationPlot>
220226-03:00:13,391 nipype.workflow INFO:
	 [Node] Finished "acompcor", elapsed time 9.386252s.
220226-03:00:13,634 nipype.workflow INFO:
	 [Node] Finished "model_expansion", elapsed time 0.4239s.
220226-03:00:15,368 nipype.workflow INFO:
	 [Node] Finished "signals", elapsed time 8.555527s.
220226-03:00:15,632 nipype.workflow INFO:
	 [Node] Setting-up "_acc_msk_bin1" in "/scratch/fmriprep_wf/single_subject_10003_wf/func_preproc_task_sharedreward_acq_mb3me4_echo_1_wf/bold_confounds_wf/acc_msk_bin/mapflow/_acc_msk_bin1".
220226-03:00:15,634 nipype.workflow INFO:
	 [Node] Executing "_acc_msk_bin1" <niworkflows.interfaces.nibabel.Binarize>
220226-03:00:15,752 nipype.workflow INFO:
	 [Node] Finished "_acc_msk_bin1", elapsed time 0.116891s.
220226-03:00:15,913 nipype.workflow INFO:
	 [Node] Setting-up "fmriprep_wf.single_subject_10003_wf.func_preproc_task_sharedreward_acq_mb1me1_wf.bold_confounds_wf.spike_regressors" in "/scratch/fmriprep_wf/single_subject_10003_wf/func_preproc_task_sharedreward_acq_mb1me1_wf/bold_confounds_wf/spike_regressors".
220226-03:00:15,917 nipype.workflow INFO:
	 [Node] Executing "spike_regressors" <niworkflows.interfaces.confounds.SpikeRegressors>
220226-03:00:16,177 nipype.workflow INFO:
	 [Node] Finished "spike_regressors", elapsed time 0.259098s.
220226-03:00:16,306 nipype.workflow INFO:
	 [Node] Setting-up "fmriprep_wf.single_subject_10003_wf.func_preproc_task_sharedreward_acq_mb6me1_wf.bold_confounds_wf.acc_metadata_fmt" in "/scratch/fmriprep_wf/single_subject_10003_wf/func_preproc_task_sharedreward_acq_mb6me1_wf/bold_confounds_wf/acc_metadata_fmt".
220226-03:00:16,312 nipype.workflow INFO:
	 [Node] Executing "acc_metadata_fmt" <niworkflows.interfaces.utils.TSV2JSON>
220226-03:00:16,374 nipype.workflow INFO:
	 [Node] Finished "acc_metadata_fmt", elapsed time 0.059728s.
220226-03:00:16,689 nipype.workflow INFO:
	 [Node] Finished "conf_corr_plot", elapsed time 3.41644s.
220226-03:00:17,151 nipype.workflow INFO:
	 [Node] Setting-up "_acc_msk_bin2" in "/scratch/fmriprep_wf/single_subject_10003_wf/func_preproc_task_sharedreward_acq_mb3me4_echo_1_wf/bold_confounds_wf/acc_msk_bin/mapflow/_acc_msk_bin2".
220226-03:00:17,153 nipype.workflow INFO:
	 [Node] Executing "_acc_msk_bin2" <niworkflows.interfaces.nibabel.Binarize>
220226-03:00:17,341 nipype.workflow INFO:
	 [Node] Finished "_acc_msk_bin2", elapsed time 0.186798s.
220226-03:00:17,488 nipype.workflow INFO:
	 [Node] Finished "rois_plot", elapsed time 16.741421s.
220226-03:00:19,965 nipype.workflow INFO:
	 [Node] Setting-up "_acc_msk_bin0" in "/scratch/fmriprep_wf/single_subject_10003_wf/func_preproc_task_sharedreward_acq_mb3me4_echo_1_wf/bold_confounds_wf/acc_msk_bin/mapflow/_acc_msk_bin0".
220226-03:00:19,966 nipype.workflow INFO:
	 [Node] Cached "_acc_msk_bin0" - collecting precomputed outputs
220226-03:00:19,966 nipype.workflow INFO:
	 [Node] "_acc_msk_bin0" found cached.
220226-03:00:19,967 nipype.workflow INFO:
	 [Node] Setting-up "_acc_msk_bin1" in "/scratch/fmriprep_wf/single_subject_10003_wf/func_preproc_task_sharedreward_acq_mb3me4_echo_1_wf/bold_confounds_wf/acc_msk_bin/mapflow/_acc_msk_bin1".
220226-03:00:19,968 nipype.workflow INFO:
	 [Node] Cached "_acc_msk_bin1" - collecting precomputed outputs
220226-03:00:19,968 nipype.workflow INFO:
	 [Node] "_acc_msk_bin1" found cached.
220226-03:00:19,970 nipype.workflow INFO:
	 [Node] Setting-up "_acc_msk_bin2" in "/scratch/fmriprep_wf/single_subject_10003_wf/func_preproc_task_sharedreward_acq_mb3me4_echo_1_wf/bold_confounds_wf/acc_msk_bin/mapflow/_acc_msk_bin2".
220226-03:00:19,971 nipype.workflow INFO:
	 [Node] Cached "_acc_msk_bin2" - collecting precomputed outputs
220226-03:00:19,971 nipype.workflow INFO:
	 [Node] "_acc_msk_bin2" found cached.
220226-03:00:19,974 nipype.workflow INFO:
	 [Node] Setting-up "fmriprep_wf.single_subject_10003_wf.func_preproc_task_sharedreward_acq_mb6me1_wf.bold_confounds_wf.compcor_plot" in "/scratch/fmriprep_wf/single_subject_10003_wf/func_preproc_task_sharedreward_acq_mb6me1_wf/bold_confounds_wf/compcor_plot".
220226-03:00:19,979 nipype.workflow INFO:
	 [Node] Executing "compcor_plot" <niworkflows.interfaces.plotting.CompCorVariancePlot>
220226-03:00:21,113 nipype.workflow INFO:
	 [Node] Finished "compcor_plot", elapsed time 1.132985s.
220226-03:00:21,512 nipype.workflow INFO:
	 [Node] Setting-up "fmriprep_wf.single_subject_10003_wf.func_preproc_task_sharedreward_acq_mb6me1_wf.bold_confounds_wf.conf_corr_plot" in "/scratch/fmriprep_wf/single_subject_10003_wf/func_preproc_task_sharedreward_acq_mb6me1_wf/bold_confounds_wf/conf_corr_plot".
220226-03:00:21,518 nipype.workflow INFO:
	 [Node] Setting-up "fmriprep_wf.single_subject_10003_wf.func_preproc_task_sharedreward_acq_mb6me1_wf.bold_confounds_wf.model_expansion" in "/scratch/fmriprep_wf/single_subject_10003_wf/func_preproc_task_sharedreward_acq_mb6me1_wf/bold_confounds_wf/model_expansion".
220226-03:00:21,519 nipype.workflow INFO:
	 [Node] Setting-up "_fsl_to_lta0" in "/scratch/fmriprep_wf/single_subject_10003_wf/func_preproc_task_sharedreward_acq_mb3me1_wf/bold_reg_wf/fsl_bbr_wf/fsl_to_lta/mapflow/_fsl_to_lta0".
220226-03:00:21,522 nipype.workflow INFO:
	 [Node] Executing "_fsl_to_lta0" <niworkflows.interfaces.freesurfer.PatchedLTAConvert>
220226-03:00:21,524 nipype.workflow INFO:
	 [Node] Setting-up "_fsl_to_lta1" in "/scratch/fmriprep_wf/single_subject_10003_wf/func_preproc_task_sharedreward_acq_mb3me1_wf/bold_reg_wf/fsl_bbr_wf/fsl_to_lta/mapflow/_fsl_to_lta1".
220226-03:00:21,532 nipype.workflow INFO:
	 [Node] Executing "_fsl_to_lta1" <niworkflows.interfaces.freesurfer.PatchedLTAConvert>
220226-03:00:21,906 nipype.workflow INFO:
	 [Node] Finished "_fsl_to_lta1", elapsed time 0.372214s.
220226-03:00:22,119 nipype.workflow INFO:
	 [Node] Finished "_fsl_to_lta0", elapsed time 0.595737s.
220226-03:00:22,327 nipype.workflow INFO:
	 [Node] Executing "model_expansion" <niworkflows.interfaces.confounds.ExpandModel>
220226-03:00:22,611 nipype.workflow INFO:
	 [Node] Setting-up "fmriprep_wf.single_subject_10003_wf.func_preproc_task_sharedreward_acq_mb3me4_echo_1_wf.bold_confounds_wf.acompcor" in "/scratch/fmriprep_wf/single_subject_10003_wf/func_preproc_task_sharedreward_acq_mb3me4_echo_1_wf/bold_confounds_wf/acompcor".
220226-03:00:22,654 nipype.workflow INFO:
	 [Node] Executing "acompcor" <niworkflows.interfaces.patches.RobustACompCor>
220226-03:00:22,717 nipype.workflow INFO:
	 [Node] Finished "model_expansion", elapsed time 0.389161s.
220226-03:00:22,728 nipype.workflow INFO:
	 [Node] Executing "conf_corr_plot" <niworkflows.interfaces.plotting.ConfoundsCorrelationPlot>
220226-03:00:24,434 nipype.workflow INFO:
	 [Node] Setting-up "fmriprep_wf.single_subject_10003_wf.func_preproc_task_sharedreward_acq_mb3me4_echo_1_wf.bold_confounds_wf.rois_plot" in "/scratch/fmriprep_wf/single_subject_10003_wf/func_preproc_task_sharedreward_acq_mb3me4_echo_1_wf/bold_confounds_wf/rois_plot".
220226-03:00:24,449 nipype.workflow INFO:
	 [Node] Setting-up "fmriprep_wf.single_subject_10003_wf.func_preproc_task_sharedreward_acq_mb3me4_echo_1_wf.bold_confounds_wf.signals" in "/scratch/fmriprep_wf/single_subject_10003_wf/func_preproc_task_sharedreward_acq_mb3me4_echo_1_wf/bold_confounds_wf/signals".
220226-03:00:24,456 nipype.workflow INFO:
	 [Node] Executing "signals" <niworkflows.interfaces.images.SignalExtraction>
220226-03:00:24,464 nipype.workflow INFO:
	 [Node] Setting-up "fmriprep_wf.single_subject_10003_wf.func_preproc_task_sharedreward_acq_mb6me1_wf.bold_confounds_wf.spike_regressors" in "/scratch/fmriprep_wf/single_subject_10003_wf/func_preproc_task_sharedreward_acq_mb6me1_wf/bold_confounds_wf/spike_regressors".
220226-03:00:24,468 nipype.workflow INFO:
	 [Node] Executing "spike_regressors" <niworkflows.interfaces.confounds.SpikeRegressors>
220226-03:00:24,865 nipype.workflow INFO:
	 [Node] Finished "conf_corr_plot", elapsed time 2.135579s.
220226-03:00:24,981 nipype.workflow INFO:
	 [Node] Setting-up "_fsl_to_lta0" in "/scratch/fmriprep_wf/single_subject_10003_wf/func_preproc_task_sharedreward_acq_mb3me1_wf/bold_reg_wf/fsl_bbr_wf/fsl_to_lta/mapflow/_fsl_to_lta0".
220226-03:00:24,983 nipype.workflow INFO:
	 [Node] Cached "_fsl_to_lta0" - collecting precomputed outputs
220226-03:00:24,983 nipype.workflow INFO:
	 [Node] "_fsl_to_lta0" found cached.
220226-03:00:24,985 nipype.workflow INFO:
	 [Node] Setting-up "_fsl_to_lta1" in "/scratch/fmriprep_wf/single_subject_10003_wf/func_preproc_task_sharedreward_acq_mb3me1_wf/bold_reg_wf/fsl_bbr_wf/fsl_to_lta/mapflow/_fsl_to_lta1".
220226-03:00:24,986 nipype.workflow INFO:
	 [Node] Cached "_fsl_to_lta1" - collecting precomputed outputs
220226-03:00:24,987 nipype.workflow INFO:
	 [Node] "_fsl_to_lta1" found cached.
220226-03:00:25,12 nipype.workflow INFO:
	 [Node] Finished "spike_regressors", elapsed time 0.541815s.
220226-03:00:25,405 nipype.workflow INFO:
	 [Node] Executing "rois_plot" <niworkflows.interfaces.masks.ROIsPlot>
220226-03:00:25,824 nipype.workflow INFO:
	 [Node] Finished "rois_plot", elapsed time 21.071582s.
220226-03:00:26,437 nipype.workflow INFO:
	 [Node] Setting-up "fmriprep_wf.single_subject_10003_wf.func_preproc_task_sharedreward_acq_mb3me1_wf.bold_reg_wf.fsl_bbr_wf.compare_transforms" in "/scratch/fmriprep_wf/single_subject_10003_wf/func_preproc_task_sharedreward_acq_mb3me1_wf/bold_reg_wf/fsl_bbr_wf/compare_transforms".
220226-03:00:26,441 nipype.workflow INFO:
	 [Node] Executing "compare_transforms" <nipype.interfaces.utility.wrappers.Function>
220226-03:00:26,449 nipype.workflow INFO:
	 [Node] Finished "compare_transforms", elapsed time 0.007247s.
220226-03:00:29,885 nipype.workflow INFO:
	 [Node] Finished "acompcor", elapsed time 7.229611s.
220226-03:00:30,415 nipype.workflow INFO:
	 [Node] Finished "signals", elapsed time 5.957876s.
220226-03:00:31,658 nipype.workflow INFO:
	 [Node] Setting-up "fmriprep_wf.single_subject_10003_wf.func_preproc_task_sharedreward_acq_mb3me1_wf.bold_reg_wf.fsl_bbr_wf.fsl2itk_fwd" in "/scratch/fmriprep_wf/single_subject_10003_wf/func_preproc_task_sharedreward_acq_mb3me1_wf/bold_reg_wf/fsl_bbr_wf/fsl2itk_fwd".
220226-03:00:31,660 nipype.workflow INFO:
	 [Node] Setting-up "fmriprep_wf.single_subject_10003_wf.func_preproc_task_sharedreward_acq_mb3me1_wf.bold_reg_wf.fsl_bbr_wf.invt_bbr" in "/scratch/fmriprep_wf/single_subject_10003_wf/func_preproc_task_sharedreward_acq_mb3me1_wf/bold_reg_wf/fsl_bbr_wf/invt_bbr".
220226-03:00:31,663 nipype.workflow INFO:
	 [Node] Executing "fsl2itk_fwd" <nipype.interfaces.c3.C3dAffineTool>
220226-03:00:31,664 nipype.workflow INFO:
	 [Node] Executing "invt_bbr" <nipype.interfaces.fsl.utils.ConvertXFM>
220226-03:00:31,990 nipype.workflow INFO:
	 [Node] Finished "invt_bbr", elapsed time 0.324721s.
220226-03:00:32,1 nipype.workflow INFO:
	 [Node] Setting-up "fmriprep_wf.single_subject_10003_wf.func_preproc_task_sharedreward_acq_mb3me4_echo_1_wf.bold_confounds_wf.acc_metadata_fmt" in "/scratch/fmriprep_wf/single_subject_10003_wf/func_preproc_task_sharedreward_acq_mb3me4_echo_1_wf/bold_confounds_wf/acc_metadata_fmt".
220226-03:00:32,5 nipype.workflow INFO:
	 [Node] Executing "acc_metadata_fmt" <niworkflows.interfaces.utils.TSV2JSON>
220226-03:00:32,30 nipype.workflow INFO:
	 [Node] Finished "acc_metadata_fmt", elapsed time 0.024183s.
220226-03:00:33,802 nipype.workflow INFO:
	 [Node] Finished "fsl2itk_fwd", elapsed time 2.137724s.
220226-03:00:36,280 nipype.workflow INFO:
	 [Node] Setting-up "fmriprep_wf.single_subject_10003_wf.func_preproc_task_sharedreward_acq_mb3me1_wf.bold_t1_trans_wf.mask_t1w_tfm" in "/scratch/fmriprep_wf/single_subject_10003_wf/func_preproc_task_sharedreward_acq_mb3me1_wf/bold_t1_trans_wf/mask_t1w_tfm".
220226-03:00:36,281 nipype.workflow INFO:
	 [Node] Setting-up "fmriprep_wf.single_subject_10003_wf.func_preproc_task_sharedreward_acq_mb3me1_wf.bold_reg_wf.fsl_bbr_wf.fsl2itk_inv" in "/scratch/fmriprep_wf/single_subject_10003_wf/func_preproc_task_sharedreward_acq_mb3me1_wf/bold_reg_wf/fsl_bbr_wf/fsl2itk_inv".
220226-03:00:36,283 nipype.workflow INFO:
	 [Node] Setting-up "fmriprep_wf.single_subject_10003_wf.func_preproc_task_sharedreward_acq_mb3me4_echo_1_wf.bold_confounds_wf.compcor_plot" in "/scratch/fmriprep_wf/single_subject_10003_wf/func_preproc_task_sharedreward_acq_mb3me4_echo_1_wf/bold_confounds_wf/compcor_plot".
220226-03:00:36,286 nipype.workflow INFO:
	 [Node] Executing "compcor_plot" <niworkflows.interfaces.plotting.CompCorVariancePlot>
220226-03:00:36,286 nipype.workflow INFO:
	 [Node] Executing "fsl2itk_inv" <nipype.interfaces.c3.C3dAffineTool>
220226-03:00:36,310 nipype.workflow INFO:
	 [Node] Executing "mask_t1w_tfm" <niworkflows.interfaces.fixes.FixHeaderApplyTransforms>
220226-03:00:37,453 nipype.workflow INFO:
	 [Node] Finished "fsl2itk_inv", elapsed time 1.165497s.
220226-03:00:37,551 nipype.workflow INFO:
	 [Node] Finished "compcor_plot", elapsed time 1.26327s.
220226-03:00:38,158 nipype.workflow INFO:
	 [Node] Setting-up "fmriprep_wf.single_subject_10003_wf.func_preproc_task_sharedreward_acq_mb3me4_echo_1_wf.bold_confounds_wf.conf_corr_plot" in "/scratch/fmriprep_wf/single_subject_10003_wf/func_preproc_task_sharedreward_acq_mb3me4_echo_1_wf/bold_confounds_wf/conf_corr_plot".
220226-03:00:38,176 nipype.workflow INFO:
	 [Node] Executing "conf_corr_plot" <niworkflows.interfaces.plotting.ConfoundsCorrelationPlot>
220226-03:00:38,184 nipype.workflow INFO:
	 [Node] Setting-up "fmriprep_wf.single_subject_10003_wf.func_preproc_task_sharedreward_acq_mb3me4_echo_1_wf.bold_confounds_wf.model_expansion" in "/scratch/fmriprep_wf/single_subject_10003_wf/func_preproc_task_sharedreward_acq_mb3me4_echo_1_wf/bold_confounds_wf/model_expansion".
220226-03:00:38,187 nipype.workflow INFO:
	 [Node] Executing "model_expansion" <niworkflows.interfaces.confounds.ExpandModel>
220226-03:00:38,677 nipype.workflow INFO:
	 [Node] Finished "model_expansion", elapsed time 0.487745s.
220226-03:00:40,227 nipype.workflow INFO:
	 [Node] Finished "conf_corr_plot", elapsed time 2.049724s.
220226-03:00:41,702 nipype.workflow INFO:
	 [Node] Setting-up "fmriprep_wf.single_subject_10003_wf.func_preproc_task_sharedreward_acq_mb3me4_echo_1_wf.bold_confounds_wf.spike_regressors" in "/scratch/fmriprep_wf/single_subject_10003_wf/func_preproc_task_sharedreward_acq_mb3me4_echo_1_wf/bold_confounds_wf/spike_regressors".
220226-03:00:41,705 nipype.workflow INFO:
	 [Node] Executing "spike_regressors" <niworkflows.interfaces.confounds.SpikeRegressors>
220226-03:00:41,713 nipype.workflow INFO:
	 [Node] Setting-up "_acc_msk_tfm0" in "/scratch/fmriprep_wf/single_subject_10003_wf/func_preproc_task_sharedreward_acq_mb3me1_wf/bold_confounds_wf/acc_msk_tfm/mapflow/_acc_msk_tfm0".
220226-03:00:41,717 nipype.workflow INFO:
	 [Node] Executing "_acc_msk_tfm0" <niworkflows.interfaces.fixes.FixHeaderApplyTransforms>
220226-03:00:41,725 nipype.workflow INFO:
	 [Node] Setting-up "_acc_msk_tfm1" in "/scratch/fmriprep_wf/single_subject_10003_wf/func_preproc_task_sharedreward_acq_mb3me1_wf/bold_confounds_wf/acc_msk_tfm/mapflow/_acc_msk_tfm1".
220226-03:00:41,727 nipype.workflow INFO:
	 [Node] Setting-up "_acc_msk_tfm2" in "/scratch/fmriprep_wf/single_subject_10003_wf/func_preproc_task_sharedreward_acq_mb3me1_wf/bold_confounds_wf/acc_msk_tfm/mapflow/_acc_msk_tfm2".
220226-03:00:41,729 nipype.workflow INFO:
	 [Node] Executing "_acc_msk_tfm1" <niworkflows.interfaces.fixes.FixHeaderApplyTransforms>
220226-03:00:41,731 nipype.workflow INFO:
	 [Node] Executing "_acc_msk_tfm2" <niworkflows.interfaces.fixes.FixHeaderApplyTransforms>
220226-03:00:42,82 nipype.workflow INFO:
	 [Node] Finished "spike_regressors", elapsed time 0.374615s.
220226-03:00:42,175 nipype.workflow INFO:
	 [Node] Finished "rois_plot", elapsed time 16.767778s.
220226-03:00:43,85 nipype.workflow INFO:
	 [Node] Finished "mask_t1w_tfm", elapsed time 6.773722s.
220226-03:00:44,480 nipype.workflow INFO:
	 [Node] Finished "_acc_msk_tfm0", elapsed time 2.761785s.
220226-03:00:45,418 nipype.workflow INFO:
	 [Node] Setting-up "fmriprep_wf.single_subject_10003_wf.func_preproc_task_sharedreward_acq_mb3me1_wf.bold_t1_trans_wf.bold_reference_wf.enhance_and_skullstrip_bold_wf.pre_mask_dilate" in "/scratch/fmriprep_wf/single_subject_10003_wf/func_preproc_task_sharedreward_acq_mb3me1_wf/bold_t1_trans_wf/bold_reference_wf/enhance_and_skullstrip_bold_wf/pre_mask_dilate".
220226-03:00:45,421 nipype.workflow INFO:
	 [Node] Executing "pre_mask_dilate" <nipype.interfaces.fsl.maths.DilateImage>
220226-03:00:46,57 nipype.workflow INFO:
	 [Node] Finished "pre_mask_dilate", elapsed time 0.634087s.
220226-03:00:46,206 nipype.workflow INFO:
	 [Node] Finished "_acc_msk_tfm1", elapsed time 4.475834s.
220226-03:00:46,222 nipype.workflow INFO:
	 [Node] Finished "_acc_msk_tfm2", elapsed time 4.490497s.
220226-03:00:47,578 nipype.workflow INFO:
	 [Node] Setting-up "_acc_msk_tfm0" in "/scratch/fmriprep_wf/single_subject_10003_wf/func_preproc_task_sharedreward_acq_mb3me1_wf/bold_confounds_wf/acc_msk_tfm/mapflow/_acc_msk_tfm0".
220226-03:00:47,580 nipype.workflow INFO:
	 [Node] Cached "_acc_msk_tfm0" - collecting precomputed outputs
220226-03:00:47,580 nipype.workflow INFO:
	 [Node] "_acc_msk_tfm0" found cached.
220226-03:00:47,598 nipype.workflow INFO:
	 [Node] Setting-up "_acc_msk_tfm1" in "/scratch/fmriprep_wf/single_subject_10003_wf/func_preproc_task_sharedreward_acq_mb3me1_wf/bold_confounds_wf/acc_msk_tfm/mapflow/_acc_msk_tfm1".
220226-03:00:47,600 nipype.workflow INFO:
	 [Node] Cached "_acc_msk_tfm1" - collecting precomputed outputs
220226-03:00:47,600 nipype.workflow INFO:
	 [Node] "_acc_msk_tfm1" found cached.
220226-03:00:47,602 nipype.workflow INFO:
	 [Node] Setting-up "_acc_msk_tfm2" in "/scratch/fmriprep_wf/single_subject_10003_wf/func_preproc_task_sharedreward_acq_mb3me1_wf/bold_confounds_wf/acc_msk_tfm/mapflow/_acc_msk_tfm2".
220226-03:00:47,603 nipype.workflow INFO:
	 [Node] Cached "_acc_msk_tfm2" - collecting precomputed outputs
220226-03:00:47,603 nipype.workflow INFO:
	 [Node] "_acc_msk_tfm2" found cached.
220226-03:00:51,473 nipype.workflow INFO:
	 [Node] Setting-up "_acc_msk_brain0" in "/scratch/fmriprep_wf/single_subject_10003_wf/func_preproc_task_sharedreward_acq_mb3me1_wf/bold_confounds_wf/acc_msk_brain/mapflow/_acc_msk_brain0".
220226-03:00:51,475 nipype.workflow INFO:
	 [Node] Executing "_acc_msk_brain0" <niworkflows.interfaces.nibabel.ApplyMask>
220226-03:00:51,491 nipype.workflow INFO:
	 [Node] Setting-up "_acc_msk_brain1" in "/scratch/fmriprep_wf/single_subject_10003_wf/func_preproc_task_sharedreward_acq_mb3me1_wf/bold_confounds_wf/acc_msk_brain/mapflow/_acc_msk_brain1".
220226-03:00:51,492 nipype.workflow INFO:
	 [Node] Setting-up "_acc_msk_brain2" in "/scratch/fmriprep_wf/single_subject_10003_wf/func_preproc_task_sharedreward_acq_mb3me1_wf/bold_confounds_wf/acc_msk_brain/mapflow/_acc_msk_brain2".
220226-03:00:51,493 nipype.workflow INFO:
	 [Node] Executing "_acc_msk_brain1" <niworkflows.interfaces.nibabel.ApplyMask>
220226-03:00:51,495 nipype.workflow INFO:
	 [Node] Executing "_acc_msk_brain2" <niworkflows.interfaces.nibabel.ApplyMask>
220226-03:00:51,588 nipype.workflow INFO:
	 [Node] Finished "_acc_msk_brain1", elapsed time 0.092935s.
220226-03:00:51,630 nipype.workflow INFO:
	 [Node] Finished "_acc_msk_brain2", elapsed time 0.133836s.
220226-03:00:51,692 nipype.workflow INFO:
	 [Node] Finished "_acc_msk_brain0", elapsed time 0.210652s.
220226-03:00:53,690 nipype.workflow INFO:
	 [Node] Setting-up "_acc_msk_brain0" in "/scratch/fmriprep_wf/single_subject_10003_wf/func_preproc_task_sharedreward_acq_mb3me1_wf/bold_confounds_wf/acc_msk_brain/mapflow/_acc_msk_brain0".
220226-03:00:53,692 nipype.workflow INFO:
	 [Node] Cached "_acc_msk_brain0" - collecting precomputed outputs
220226-03:00:53,692 nipype.workflow INFO:
	 [Node] "_acc_msk_brain0" found cached.
220226-03:00:53,693 nipype.workflow INFO:
	 [Node] Setting-up "_acc_msk_brain1" in "/scratch/fmriprep_wf/single_subject_10003_wf/func_preproc_task_sharedreward_acq_mb3me1_wf/bold_confounds_wf/acc_msk_brain/mapflow/_acc_msk_brain1".
220226-03:00:53,695 nipype.workflow INFO:
	 [Node] Cached "_acc_msk_brain1" - collecting precomputed outputs
220226-03:00:53,695 nipype.workflow INFO:
	 [Node] "_acc_msk_brain1" found cached.
220226-03:00:53,696 nipype.workflow INFO:
	 [Node] Setting-up "_acc_msk_brain2" in "/scratch/fmriprep_wf/single_subject_10003_wf/func_preproc_task_sharedreward_acq_mb3me1_wf/bold_confounds_wf/acc_msk_brain/mapflow/_acc_msk_brain2".
220226-03:00:53,697 nipype.workflow INFO:
	 [Node] Cached "_acc_msk_brain2" - collecting precomputed outputs
220226-03:00:53,697 nipype.workflow INFO:
	 [Node] "_acc_msk_brain2" found cached.
220226-03:00:57,636 nipype.workflow INFO:
	 [Node] Setting-up "_acc_msk_bin0" in "/scratch/fmriprep_wf/single_subject_10003_wf/func_preproc_task_sharedreward_acq_mb3me1_wf/bold_confounds_wf/acc_msk_bin/mapflow/_acc_msk_bin0".
220226-03:00:57,638 nipype.workflow INFO:
	 [Node] Executing "_acc_msk_bin0" <niworkflows.interfaces.nibabel.Binarize>
220226-03:00:57,653 nipype.workflow INFO:
	 [Node] Setting-up "_acc_msk_bin1" in "/scratch/fmriprep_wf/single_subject_10003_wf/func_preproc_task_sharedreward_acq_mb3me1_wf/bold_confounds_wf/acc_msk_bin/mapflow/_acc_msk_bin1".
220226-03:00:57,655 nipype.workflow INFO:
	 [Node] Executing "_acc_msk_bin1" <niworkflows.interfaces.nibabel.Binarize>
220226-03:00:57,658 nipype.workflow INFO:
	 [Node] Setting-up "_acc_msk_bin2" in "/scratch/fmriprep_wf/single_subject_10003_wf/func_preproc_task_sharedreward_acq_mb3me1_wf/bold_confounds_wf/acc_msk_bin/mapflow/_acc_msk_bin2".
220226-03:00:57,660 nipype.workflow INFO:
	 [Node] Executing "_acc_msk_bin2" <niworkflows.interfaces.nibabel.Binarize>
220226-03:00:57,745 nipype.workflow INFO:
	 [Node] Finished "_acc_msk_bin1", elapsed time 0.088706s.
220226-03:00:57,768 nipype.workflow INFO:
	 [Node] Finished "_acc_msk_bin2", elapsed time 0.1076s.
220226-03:00:57,789 nipype.workflow INFO:
	 [Node] Finished "_acc_msk_bin0", elapsed time 0.149954s.
220226-03:00:59,510 nipype.workflow INFO:
	 [Node] Setting-up "_acc_msk_bin0" in "/scratch/fmriprep_wf/single_subject_10003_wf/func_preproc_task_sharedreward_acq_mb3me1_wf/bold_confounds_wf/acc_msk_bin/mapflow/_acc_msk_bin0".
220226-03:00:59,511 nipype.workflow INFO:
	 [Node] Cached "_acc_msk_bin0" - collecting precomputed outputs
220226-03:00:59,512 nipype.workflow INFO:
	 [Node] "_acc_msk_bin0" found cached.
220226-03:00:59,513 nipype.workflow INFO:
	 [Node] Setting-up "_acc_msk_bin1" in "/scratch/fmriprep_wf/single_subject_10003_wf/func_preproc_task_sharedreward_acq_mb3me1_wf/bold_confounds_wf/acc_msk_bin/mapflow/_acc_msk_bin1".
220226-03:00:59,514 nipype.workflow INFO:
	 [Node] Cached "_acc_msk_bin1" - collecting precomputed outputs
220226-03:00:59,514 nipype.workflow INFO:
	 [Node] "_acc_msk_bin1" found cached.
220226-03:00:59,515 nipype.workflow INFO:
	 [Node] Setting-up "_acc_msk_bin2" in "/scratch/fmriprep_wf/single_subject_10003_wf/func_preproc_task_sharedreward_acq_mb3me1_wf/bold_confounds_wf/acc_msk_bin/mapflow/_acc_msk_bin2".
220226-03:00:59,516 nipype.workflow INFO:
	 [Node] Cached "_acc_msk_bin2" - collecting precomputed outputs
220226-03:00:59,516 nipype.workflow INFO:
	 [Node] "_acc_msk_bin2" found cached.
220226-03:01:02,393 nipype.workflow INFO:
	 [Node] Setting-up "fmriprep_wf.single_subject_10003_wf.func_preproc_task_sharedreward_acq_mb3me1_wf.bold_confounds_wf.acompcor" in "/scratch/fmriprep_wf/single_subject_10003_wf/func_preproc_task_sharedreward_acq_mb3me1_wf/bold_confounds_wf/acompcor".
220226-03:01:02,464 nipype.workflow INFO:
	 [Node] Executing "acompcor" <niworkflows.interfaces.patches.RobustACompCor>
220226-03:01:03,531 nipype.workflow INFO:
	 [Node] Setting-up "fmriprep_wf.single_subject_10003_wf.func_preproc_task_sharedreward_acq_mb3me1_wf.bold_confounds_wf.rois_plot" in "/scratch/fmriprep_wf/single_subject_10003_wf/func_preproc_task_sharedreward_acq_mb3me1_wf/bold_confounds_wf/rois_plot".
220226-03:01:03,548 nipype.workflow INFO:
	 [Node] Setting-up "fmriprep_wf.single_subject_10003_wf.func_preproc_task_sharedreward_acq_mb3me1_wf.bold_confounds_wf.signals" in "/scratch/fmriprep_wf/single_subject_10003_wf/func_preproc_task_sharedreward_acq_mb3me1_wf/bold_confounds_wf/signals".
220226-03:01:03,557 nipype.workflow INFO:
	 [Node] Executing "signals" <niworkflows.interfaces.images.SignalExtraction>
220226-03:01:03,642 nipype.workflow INFO:
	 [Node] Executing "rois_plot" <niworkflows.interfaces.masks.ROIsPlot>
220226-03:01:06,919 nipype.workflow INFO:
	 [Node] Finished "acompcor", elapsed time 4.453589s.
220226-03:01:09,413 nipype.workflow INFO:
	 [Node] Finished "signals", elapsed time 5.854638s.
220226-03:01:09,670 nipype.workflow INFO:
	 [Node] Setting-up "fmriprep_wf.single_subject_10003_wf.func_preproc_task_sharedreward_acq_mb3me1_wf.bold_confounds_wf.acc_metadata_fmt" in "/scratch/fmriprep_wf/single_subject_10003_wf/func_preproc_task_sharedreward_acq_mb3me1_wf/bold_confounds_wf/acc_metadata_fmt".
220226-03:01:09,699 nipype.workflow INFO:
	 [Node] Executing "acc_metadata_fmt" <niworkflows.interfaces.utils.TSV2JSON>
220226-03:01:09,745 nipype.workflow INFO:
	 [Node] Finished "acc_metadata_fmt", elapsed time 0.044873s.
220226-03:01:11,468 nipype.workflow INFO:
	 [Node] Setting-up "fmriprep_wf.single_subject_10003_wf.func_preproc_task_sharedreward_acq_mb3me1_wf.bold_confounds_wf.compcor_plot" in "/scratch/fmriprep_wf/single_subject_10003_wf/func_preproc_task_sharedreward_acq_mb3me1_wf/bold_confounds_wf/compcor_plot".
220226-03:01:11,478 nipype.workflow INFO:
	 [Node] Executing "compcor_plot" <niworkflows.interfaces.plotting.CompCorVariancePlot>
220226-03:01:12,498 nipype.workflow INFO:
	 [Node] Finished "compcor_plot", elapsed time 1.018175s.
220226-03:01:14,549 nipype.workflow INFO:
	 [Node] Finished "bold_to_t1w_transform", elapsed time 144.010171s.
220226-03:01:14,692 nipype.workflow INFO:
	 [Node] Finished "flt_bbr", elapsed time 623.007075s.
220226-03:01:14,936 nipype.workflow INFO:
	 [Node] Setting-up "fmriprep_wf.single_subject_10003_wf.func_preproc_task_sharedreward_acq_mb3me1_wf.bold_confounds_wf.conf_corr_plot" in "/scratch/fmriprep_wf/single_subject_10003_wf/func_preproc_task_sharedreward_acq_mb3me1_wf/bold_confounds_wf/conf_corr_plot".
220226-03:01:14,952 nipype.workflow INFO:
	 [Node] Setting-up "fmriprep_wf.single_subject_10003_wf.func_preproc_task_sharedreward_acq_mb3me1_wf.bold_confounds_wf.model_expansion" in "/scratch/fmriprep_wf/single_subject_10003_wf/func_preproc_task_sharedreward_acq_mb3me1_wf/bold_confounds_wf/model_expansion".
220226-03:01:14,955 nipype.workflow INFO:
	 [Node] Executing "model_expansion" <niworkflows.interfaces.confounds.ExpandModel>
220226-03:01:15,409 nipype.workflow INFO:
	 [Node] Finished "model_expansion", elapsed time 0.45246s.
220226-03:01:15,614 nipype.workflow INFO:
	 [Node] Executing "conf_corr_plot" <niworkflows.interfaces.plotting.ConfoundsCorrelationPlot>
220226-03:01:16,249 nipype.workflow INFO:
	 [Node] Setting-up "fmriprep_wf.single_subject_10003_wf.func_preproc_task_sharedreward_acq_mb3me1_wf.bold_t1_trans_wf.bold_to_t1w_transform" in "/scratch/fmriprep_wf/single_subject_10003_wf/func_preproc_task_sharedreward_acq_mb3me1_wf/bold_t1_trans_wf/bold_to_t1w_transform".
220226-03:01:16,258 nipype.workflow INFO:
	 [Node] Setting-up "fmriprep_wf.single_subject_10003_wf.func_preproc_task_sharedreward_acq_mb6me4_echo_1_wf.bold_t1_trans_wf.merge" in "/scratch/fmriprep_wf/single_subject_10003_wf/func_preproc_task_sharedreward_acq_mb6me4_echo_1_wf/bold_t1_trans_wf/merge".
220226-03:01:16,400 nipype.workflow INFO:
	 [Node] Executing "merge" <niworkflows.interfaces.nilearn.Merge>
220226-03:01:16,449 nipype.workflow INFO:
	 [Node] Executing "bold_to_t1w_transform" <niworkflows.interfaces.itk.MultiApplyTransforms>
220226-03:01:17,64 nipype.workflow INFO:
	 [Node] Finished "conf_corr_plot", elapsed time 1.447589s.
220226-03:01:18,47 nipype.workflow INFO:
	 [Node] Setting-up "fmriprep_wf.single_subject_10003_wf.func_preproc_task_sharedreward_acq_mb3me1_wf.bold_confounds_wf.spike_regressors" in "/scratch/fmriprep_wf/single_subject_10003_wf/func_preproc_task_sharedreward_acq_mb3me1_wf/bold_confounds_wf/spike_regressors".
220226-03:01:18,50 nipype.workflow INFO:
	 [Node] Executing "spike_regressors" <niworkflows.interfaces.confounds.SpikeRegressors>
220226-03:01:18,485 nipype.workflow INFO:
	 [Node] Finished "spike_regressors", elapsed time 0.432981s.
220226-03:01:19,345 nipype.workflow INFO:
	 [Node] Finished "rois_plot", elapsed time 15.702129s.
220226-03:01:21,458 nipype.workflow INFO:
	 [Node] Setting-up "_fsl_to_lta0" in "/scratch/fmriprep_wf/single_subject_10003_wf/func_preproc_task_sharedreward_acq_mb1me4_echo_1_wf/bold_reg_wf/fsl_bbr_wf/fsl_to_lta/mapflow/_fsl_to_lta0".
220226-03:01:21,461 nipype.workflow INFO:
	 [Node] Executing "_fsl_to_lta0" <niworkflows.interfaces.freesurfer.PatchedLTAConvert>
220226-03:01:21,468 nipype.workflow INFO:
	 [Node] Setting-up "_fsl_to_lta1" in "/scratch/fmriprep_wf/single_subject_10003_wf/func_preproc_task_sharedreward_acq_mb1me4_echo_1_wf/bold_reg_wf/fsl_bbr_wf/fsl_to_lta/mapflow/_fsl_to_lta1".
220226-03:01:21,471 nipype.workflow INFO:
	 [Node] Executing "_fsl_to_lta1" <niworkflows.interfaces.freesurfer.PatchedLTAConvert>
220226-03:01:21,794 nipype.workflow INFO:
	 [Node] Finished "_fsl_to_lta0", elapsed time 0.330924s.
220226-03:01:21,993 nipype.workflow INFO:
	 [Node] Finished "_fsl_to_lta1", elapsed time 0.520338s.
220226-03:01:24,79 nipype.workflow INFO:
	 [Node] Setting-up "_fsl_to_lta0" in "/scratch/fmriprep_wf/single_subject_10003_wf/func_preproc_task_sharedreward_acq_mb1me4_echo_1_wf/bold_reg_wf/fsl_bbr_wf/fsl_to_lta/mapflow/_fsl_to_lta0".
220226-03:01:24,81 nipype.workflow INFO:
	 [Node] Cached "_fsl_to_lta0" - collecting precomputed outputs
220226-03:01:24,82 nipype.workflow INFO:
	 [Node] "_fsl_to_lta0" found cached.
220226-03:01:24,83 nipype.workflow INFO:
	 [Node] Setting-up "_fsl_to_lta1" in "/scratch/fmriprep_wf/single_subject_10003_wf/func_preproc_task_sharedreward_acq_mb1me4_echo_1_wf/bold_reg_wf/fsl_bbr_wf/fsl_to_lta/mapflow/_fsl_to_lta1".
220226-03:01:24,85 nipype.workflow INFO:
	 [Node] Cached "_fsl_to_lta1" - collecting precomputed outputs
220226-03:01:24,85 nipype.workflow INFO:
	 [Node] "_fsl_to_lta1" found cached.
220226-03:01:25,982 nipype.workflow INFO:
	 [Node] Setting-up "fmriprep_wf.single_subject_10003_wf.func_preproc_task_sharedreward_acq_mb1me4_echo_1_wf.bold_reg_wf.fsl_bbr_wf.compare_transforms" in "/scratch/fmriprep_wf/single_subject_10003_wf/func_preproc_task_sharedreward_acq_mb1me4_echo_1_wf/bold_reg_wf/fsl_bbr_wf/compare_transforms".
220226-03:01:25,990 nipype.workflow INFO:
	 [Node] Executing "compare_transforms" <nipype.interfaces.utility.wrappers.Function>
220226-03:01:26,24 nipype.workflow INFO:
	 [Node] Finished "compare_transforms", elapsed time 0.032682s.
220226-03:01:29,947 nipype.workflow INFO:
	 [Node] Setting-up "fmriprep_wf.single_subject_10003_wf.func_preproc_task_sharedreward_acq_mb1me4_echo_1_wf.bold_reg_wf.fsl_bbr_wf.fsl2itk_fwd" in "/scratch/fmriprep_wf/single_subject_10003_wf/func_preproc_task_sharedreward_acq_mb1me4_echo_1_wf/bold_reg_wf/fsl_bbr_wf/fsl2itk_fwd".
220226-03:01:29,952 nipype.workflow INFO:
	 [Node] Executing "fsl2itk_fwd" <nipype.interfaces.c3.C3dAffineTool>
220226-03:01:29,958 nipype.workflow INFO:
	 [Node] Setting-up "fmriprep_wf.single_subject_10003_wf.func_preproc_task_sharedreward_acq_mb1me4_echo_1_wf.bold_reg_wf.fsl_bbr_wf.invt_bbr" in "/scratch/fmriprep_wf/single_subject_10003_wf/func_preproc_task_sharedreward_acq_mb1me4_echo_1_wf/bold_reg_wf/fsl_bbr_wf/invt_bbr".
220226-03:01:29,962 nipype.workflow INFO:
	 [Node] Executing "invt_bbr" <nipype.interfaces.fsl.utils.ConvertXFM>
220226-03:01:30,165 nipype.workflow INFO:
	 [Node] Finished "invt_bbr", elapsed time 0.202224s.
220226-03:01:30,683 nipype.workflow INFO:
	 [Node] Finished "bold_to_t1w_transform", elapsed time 115.321148s.
220226-03:01:30,756 nipype.workflow INFO:
	 [Node] Finished "fsl2itk_fwd", elapsed time 0.803099s.
220226-03:01:31,158 nipype.workflow INFO:
	 [Node] Finished "merge", elapsed time 14.756533s.
220226-03:01:31,716 nipype.workflow INFO:
	 [Node] Setting-up "fmriprep_wf.single_subject_10003_wf.func_preproc_task_sharedreward_acq_mb1me1_wf.bold_t1_trans_wf.merge" in "/scratch/fmriprep_wf/single_subject_10003_wf/func_preproc_task_sharedreward_acq_mb1me1_wf/bold_t1_trans_wf/merge".
220226-03:01:31,779 nipype.workflow INFO:
	 [Node] Executing "merge" <niworkflows.interfaces.nilearn.Merge>
220226-03:01:32,161 nipype.workflow INFO:
	 [Node] Setting-up "fmriprep_wf.single_subject_10003_wf.func_preproc_task_sharedreward_acq_mb1me4_echo_1_wf.bold_t1_trans_wf.mask_t1w_tfm" in "/scratch/fmriprep_wf/single_subject_10003_wf/func_preproc_task_sharedreward_acq_mb1me4_echo_1_wf/bold_t1_trans_wf/mask_t1w_tfm".
220226-03:01:32,164 nipype.workflow INFO:
	 [Node] Setting-up "fmriprep_wf.single_subject_10003_wf.func_preproc_task_sharedreward_acq_mb1me4_echo_1_wf.bold_reg_wf.fsl_bbr_wf.fsl2itk_inv" in "/scratch/fmriprep_wf/single_subject_10003_wf/func_preproc_task_sharedreward_acq_mb1me4_echo_1_wf/bold_reg_wf/fsl_bbr_wf/fsl2itk_inv".
220226-03:01:32,168 nipype.workflow INFO:
	 [Node] Setting-up "_val_bold0" in "/scratch/fmriprep_wf/single_subject_10003_wf/func_preproc_task_sharedreward_acq_mb6me4_echo_1_wf/bold_t1_trans_wf/bold_reference_wf/val_bold/mapflow/_val_bold0".
220226-03:01:32,169 nipype.workflow INFO:
	 [Node] Executing "fsl2itk_inv" <nipype.interfaces.c3.C3dAffineTool>
220226-03:01:32,170 nipype.workflow INFO:
	 [Node] Executing "_val_bold0" <niworkflows.interfaces.images.ValidateImage>
220226-03:01:32,174 nipype.workflow INFO:
	 [Node] Finished "_val_bold0", elapsed time 0.002447s.
220226-03:01:32,204 nipype.workflow INFO:
	 [Node] Executing "mask_t1w_tfm" <niworkflows.interfaces.fixes.FixHeaderApplyTransforms>
220226-03:01:32,819 nipype.workflow INFO:
	 [Node] Finished "fsl2itk_inv", elapsed time 0.648815s.
220226-03:01:33,818 nipype.workflow INFO:
	 [Node] Setting-up "fmriprep_wf.single_subject_10003_wf.func_preproc_task_sharedreward_acq_mb1me4_echo_1_wf.bold_t1_trans_wf.bold_to_t1w_transform" in "/scratch/fmriprep_wf/single_subject_10003_wf/func_preproc_task_sharedreward_acq_mb1me4_echo_1_wf/bold_t1_trans_wf/bold_to_t1w_transform".
220226-03:01:34,14 nipype.workflow INFO:
	 [Node] Executing "bold_to_t1w_transform" <niworkflows.interfaces.itk.MultiApplyTransforms>
220226-03:01:34,270 nipype.workflow INFO:
	 [Node] Finished "mask_t1w_tfm", elapsed time 2.064855s.
220226-03:01:34,656 nipype.workflow INFO:
	 [Node] Setting-up "fmriprep_wf.single_subject_10003_wf.func_preproc_task_sharedreward_acq_mb6me4_echo_1_wf.bold_t1_trans_wf.bold_reference_wf.gen_ref" in "/scratch/fmriprep_wf/single_subject_10003_wf/func_preproc_task_sharedreward_acq_mb6me4_echo_1_wf/bold_t1_trans_wf/bold_reference_wf/gen_ref".
220226-03:01:34,671 nipype.workflow INFO:
	 [Node] Executing "gen_ref" <niworkflows.interfaces.registration.EstimateReferenceImage>
220226-03:01:35,843 nipype.workflow INFO:
	 [Node] Setting-up "fmriprep_wf.single_subject_10003_wf.func_preproc_task_sharedreward_acq_mb1me4_echo_1_wf.bold_t1_trans_wf.bold_reference_wf.enhance_and_skullstrip_bold_wf.pre_mask_dilate" in "/scratch/fmriprep_wf/single_subject_10003_wf/func_preproc_task_sharedreward_acq_mb1me4_echo_1_wf/bold_t1_trans_wf/bold_reference_wf/enhance_and_skullstrip_bold_wf/pre_mask_dilate".
220226-03:01:35,847 nipype.workflow INFO:
	 [Node] Executing "pre_mask_dilate" <nipype.interfaces.fsl.maths.DilateImage>
220226-03:01:35,848 nipype.workflow INFO:
	 [Node] Setting-up "_acc_msk_tfm0" in "/scratch/fmriprep_wf/single_subject_10003_wf/func_preproc_task_sharedreward_acq_mb1me4_echo_1_wf/bold_confounds_wf/acc_msk_tfm/mapflow/_acc_msk_tfm0".
220226-03:01:35,852 nipype.workflow INFO:
	 [Node] Executing "_acc_msk_tfm0" <niworkflows.interfaces.fixes.FixHeaderApplyTransforms>
220226-03:01:35,869 nipype.workflow INFO:
	 [Node] Setting-up "_acc_msk_tfm1" in "/scratch/fmriprep_wf/single_subject_10003_wf/func_preproc_task_sharedreward_acq_mb1me4_echo_1_wf/bold_confounds_wf/acc_msk_tfm/mapflow/_acc_msk_tfm1".
220226-03:01:35,873 nipype.workflow INFO:
	 [Node] Executing "_acc_msk_tfm1" <niworkflows.interfaces.fixes.FixHeaderApplyTransforms>
220226-03:01:35,874 nipype.workflow INFO:
	 [Node] Setting-up "_acc_msk_tfm2" in "/scratch/fmriprep_wf/single_subject_10003_wf/func_preproc_task_sharedreward_acq_mb1me4_echo_1_wf/bold_confounds_wf/acc_msk_tfm/mapflow/_acc_msk_tfm2".
220226-03:01:35,877 nipype.workflow INFO:
	 [Node] Executing "_acc_msk_tfm2" <niworkflows.interfaces.fixes.FixHeaderApplyTransforms>
220226-03:01:36,709 nipype.workflow INFO:
	 [Node] Finished "pre_mask_dilate", elapsed time 0.860818s.
220226-03:01:36,977 nipype.interface INFO:
	 stderr 2022-02-26T03:01:36.977740:++ 3dvolreg: AFNI version=Debian-16.2.07~dfsg.1-5~nd16.04+1 (Jun 12 2017) [64-bit]
220226-03:01:36,978 nipype.interface INFO:
	 stderr 2022-02-26T03:01:36.977740:++ Authored by: RW Cox
220226-03:01:36,978 nipype.interface INFO:
	 stderr 2022-02-26T03:01:36.978453:** AFNI converts NIFTI_datatype=64 (FLOAT64) in file /scratch/fmriprep_wf/single_subject_10003_wf/func_preproc_task_sharedreward_acq_mb6me4_echo_1_wf/bold_t1_trans_wf/bold_reference_wf/gen_ref/slice.nii.gz to FLOAT32
220226-03:01:36,978 nipype.interface INFO:
	 stderr 2022-02-26T03:01:36.978453:     Warnings of this type will be muted for this session.
220226-03:01:36,978 nipype.interface INFO:
	 stderr 2022-02-26T03:01:36.978453:     Set AFNI_NIFTI_TYPE_WARN to YES to see them all, NO to see none.
220226-03:01:36,978 nipype.interface INFO:
	 stderr 2022-02-26T03:01:36.978667:++ Coarse del was 10, replaced with 5
220226-03:01:37,343 nipype.workflow INFO:
	 [Node] Finished "_acc_msk_tfm0", elapsed time 1.4894530000000001s.
220226-03:01:37,366 nipype.workflow INFO:
	 [Node] Finished "_acc_msk_tfm2", elapsed time 1.487944s.
220226-03:01:37,518 nipype.workflow INFO:
	 [Node] Finished "_acc_msk_tfm1", elapsed time 1.643308s.
220226-03:01:39,958 nipype.workflow INFO:
	 [Node] Setting-up "_acc_msk_tfm0" in "/scratch/fmriprep_wf/single_subject_10003_wf/func_preproc_task_sharedreward_acq_mb1me4_echo_1_wf/bold_confounds_wf/acc_msk_tfm/mapflow/_acc_msk_tfm0".
220226-03:01:39,960 nipype.workflow INFO:
	 [Node] Cached "_acc_msk_tfm0" - collecting precomputed outputs
220226-03:01:39,960 nipype.workflow INFO:
	 [Node] "_acc_msk_tfm0" found cached.
220226-03:01:39,975 nipype.workflow INFO:
	 [Node] Setting-up "_acc_msk_tfm1" in "/scratch/fmriprep_wf/single_subject_10003_wf/func_preproc_task_sharedreward_acq_mb1me4_echo_1_wf/bold_confounds_wf/acc_msk_tfm/mapflow/_acc_msk_tfm1".
220226-03:01:39,977 nipype.workflow INFO:
	 [Node] Cached "_acc_msk_tfm1" - collecting precomputed outputs
220226-03:01:39,977 nipype.workflow INFO:
	 [Node] "_acc_msk_tfm1" found cached.
220226-03:01:39,979 nipype.workflow INFO:
	 [Node] Setting-up "_acc_msk_tfm2" in "/scratch/fmriprep_wf/single_subject_10003_wf/func_preproc_task_sharedreward_acq_mb1me4_echo_1_wf/bold_confounds_wf/acc_msk_tfm/mapflow/_acc_msk_tfm2".
220226-03:01:39,981 nipype.workflow INFO:
	 [Node] Cached "_acc_msk_tfm2" - collecting precomputed outputs
220226-03:01:39,981 nipype.workflow INFO:
	 [Node] "_acc_msk_tfm2" found cached.
220226-03:01:43,754 nipype.workflow INFO:
	 [Node] Setting-up "_acc_msk_brain0" in "/scratch/fmriprep_wf/single_subject_10003_wf/func_preproc_task_sharedreward_acq_mb1me4_echo_1_wf/bold_confounds_wf/acc_msk_brain/mapflow/_acc_msk_brain0".
220226-03:01:43,756 nipype.workflow INFO:
	 [Node] Setting-up "_acc_msk_brain1" in "/scratch/fmriprep_wf/single_subject_10003_wf/func_preproc_task_sharedreward_acq_mb1me4_echo_1_wf/bold_confounds_wf/acc_msk_brain/mapflow/_acc_msk_brain1".
220226-03:01:43,756 nipype.workflow INFO:
	 [Node] Setting-up "_acc_msk_brain2" in "/scratch/fmriprep_wf/single_subject_10003_wf/func_preproc_task_sharedreward_acq_mb1me4_echo_1_wf/bold_confounds_wf/acc_msk_brain/mapflow/_acc_msk_brain2".
220226-03:01:43,756 nipype.workflow INFO:
	 [Node] Executing "_acc_msk_brain0" <niworkflows.interfaces.nibabel.ApplyMask>
220226-03:01:43,758 nipype.workflow INFO:
	 [Node] Executing "_acc_msk_brain1" <niworkflows.interfaces.nibabel.ApplyMask>
220226-03:01:43,758 nipype.workflow INFO:
	 [Node] Executing "_acc_msk_brain2" <niworkflows.interfaces.nibabel.ApplyMask>
220226-03:01:43,801 nipype.workflow INFO:
	 [Node] Finished "_acc_msk_brain2", elapsed time 0.041603s.
220226-03:01:43,804 nipype.workflow INFO:
	 [Node] Finished "_acc_msk_brain1", elapsed time 0.04476s.
220226-03:01:43,851 nipype.workflow INFO:
	 [Node] Finished "_acc_msk_brain0", elapsed time 0.093458s.
220226-03:01:45,526 nipype.workflow INFO:
	 [Node] Finished "merge", elapsed time 13.744406s.
220226-03:01:45,797 nipype.workflow INFO:
	 [Node] Setting-up "_acc_msk_brain0" in "/scratch/fmriprep_wf/single_subject_10003_wf/func_preproc_task_sharedreward_acq_mb1me4_echo_1_wf/bold_confounds_wf/acc_msk_brain/mapflow/_acc_msk_brain0".
220226-03:01:45,798 nipype.workflow INFO:
	 [Node] Cached "_acc_msk_brain0" - collecting precomputed outputs
220226-03:01:45,798 nipype.workflow INFO:
	 [Node] "_acc_msk_brain0" found cached.
220226-03:01:45,800 nipype.workflow INFO:
	 [Node] Setting-up "_acc_msk_brain1" in "/scratch/fmriprep_wf/single_subject_10003_wf/func_preproc_task_sharedreward_acq_mb1me4_echo_1_wf/bold_confounds_wf/acc_msk_brain/mapflow/_acc_msk_brain1".
220226-03:01:45,801 nipype.workflow INFO:
	 [Node] Cached "_acc_msk_brain1" - collecting precomputed outputs
220226-03:01:45,801 nipype.workflow INFO:
	 [Node] "_acc_msk_brain1" found cached.
220226-03:01:45,802 nipype.workflow INFO:
	 [Node] Setting-up "_acc_msk_brain2" in "/scratch/fmriprep_wf/single_subject_10003_wf/func_preproc_task_sharedreward_acq_mb1me4_echo_1_wf/bold_confounds_wf/acc_msk_brain/mapflow/_acc_msk_brain2".
220226-03:01:45,803 nipype.workflow INFO:
	 [Node] Cached "_acc_msk_brain2" - collecting precomputed outputs
220226-03:01:45,803 nipype.workflow INFO:
	 [Node] "_acc_msk_brain2" found cached.
220226-03:01:47,754 nipype.workflow INFO:
	 [Node] Setting-up "_val_bold0" in "/scratch/fmriprep_wf/single_subject_10003_wf/func_preproc_task_sharedreward_acq_mb1me1_wf/bold_t1_trans_wf/bold_reference_wf/val_bold/mapflow/_val_bold0".
220226-03:01:47,756 nipype.workflow INFO:
	 [Node] Executing "_val_bold0" <niworkflows.interfaces.images.ValidateImage>
220226-03:01:47,759 nipype.workflow INFO:
	 [Node] Finished "_val_bold0", elapsed time 0.001953s.
220226-03:01:50,112 nipype.workflow INFO:
	 [Node] Setting-up "fmriprep_wf.single_subject_10003_wf.func_preproc_task_sharedreward_acq_mb1me1_wf.bold_t1_trans_wf.bold_reference_wf.gen_ref" in "/scratch/fmriprep_wf/single_subject_10003_wf/func_preproc_task_sharedreward_acq_mb1me1_wf/bold_t1_trans_wf/bold_reference_wf/gen_ref".
220226-03:01:50,113 nipype.workflow INFO:
	 [Node] Setting-up "_acc_msk_bin0" in "/scratch/fmriprep_wf/single_subject_10003_wf/func_preproc_task_sharedreward_acq_mb1me4_echo_1_wf/bold_confounds_wf/acc_msk_bin/mapflow/_acc_msk_bin0".
220226-03:01:50,114 nipype.workflow INFO:
	 [Node] Setting-up "_acc_msk_bin1" in "/scratch/fmriprep_wf/single_subject_10003_wf/func_preproc_task_sharedreward_acq_mb1me4_echo_1_wf/bold_confounds_wf/acc_msk_bin/mapflow/_acc_msk_bin1".
220226-03:01:50,115 nipype.workflow INFO:
	 [Node] Executing "gen_ref" <niworkflows.interfaces.registration.EstimateReferenceImage>
220226-03:01:50,115 nipype.workflow INFO:
	 [Node] Executing "_acc_msk_bin0" <niworkflows.interfaces.nibabel.Binarize>
220226-03:01:50,115 nipype.workflow INFO:
	 [Node] Setting-up "_acc_msk_bin2" in "/scratch/fmriprep_wf/single_subject_10003_wf/func_preproc_task_sharedreward_acq_mb1me4_echo_1_wf/bold_confounds_wf/acc_msk_bin/mapflow/_acc_msk_bin2".
220226-03:01:50,116 nipype.workflow INFO:
	 [Node] Executing "_acc_msk_bin1" <niworkflows.interfaces.nibabel.Binarize>
220226-03:01:50,123 nipype.workflow INFO:
	 [Node] Executing "_acc_msk_bin2" <niworkflows.interfaces.nibabel.Binarize>
220226-03:01:50,159 nipype.workflow INFO:
	 [Node] Finished "_acc_msk_bin1", elapsed time 0.041502s.
220226-03:01:50,179 nipype.workflow INFO:
	 [Node] Finished "_acc_msk_bin0", elapsed time 0.062598s.
220226-03:01:50,184 nipype.workflow INFO:
	 [Node] Finished "_acc_msk_bin2", elapsed time 0.060523s.
220226-03:01:50,991 nipype.workflow INFO:
	 [Node] Finished "gen_ref", elapsed time 0.874823s.
220226-03:01:51,376 nipype.workflow INFO:
	 [Node] Finished "bold_to_t1w_transform", elapsed time 135.649762s.
220226-03:01:52,234 nipype.workflow INFO:
	 [Node] Setting-up "fmriprep_wf.single_subject_10003_wf.func_preproc_task_sharedreward_acq_mb6me1_wf.bold_t1_trans_wf.merge" in "/scratch/fmriprep_wf/single_subject_10003_wf/func_preproc_task_sharedreward_acq_mb6me1_wf/bold_t1_trans_wf/merge".
220226-03:01:52,234 nipype.workflow INFO:
	 [Node] Setting-up "_acc_msk_bin0" in "/scratch/fmriprep_wf/single_subject_10003_wf/func_preproc_task_sharedreward_acq_mb1me4_echo_1_wf/bold_confounds_wf/acc_msk_bin/mapflow/_acc_msk_bin0".
220226-03:01:52,235 nipype.workflow INFO:
	 [Node] Cached "_acc_msk_bin0" - collecting precomputed outputs
220226-03:01:52,236 nipype.workflow INFO:
	 [Node] "_acc_msk_bin0" found cached.
220226-03:01:52,237 nipype.workflow INFO:
	 [Node] Setting-up "_acc_msk_bin1" in "/scratch/fmriprep_wf/single_subject_10003_wf/func_preproc_task_sharedreward_acq_mb1me4_echo_1_wf/bold_confounds_wf/acc_msk_bin/mapflow/_acc_msk_bin1".
220226-03:01:52,238 nipype.workflow INFO:
	 [Node] Cached "_acc_msk_bin1" - collecting precomputed outputs
220226-03:01:52,238 nipype.workflow INFO:
	 [Node] "_acc_msk_bin1" found cached.
220226-03:01:52,240 nipype.workflow INFO:
	 [Node] Setting-up "_acc_msk_bin2" in "/scratch/fmriprep_wf/single_subject_10003_wf/func_preproc_task_sharedreward_acq_mb1me4_echo_1_wf/bold_confounds_wf/acc_msk_bin/mapflow/_acc_msk_bin2".
220226-03:01:52,241 nipype.workflow INFO:
	 [Node] Cached "_acc_msk_bin2" - collecting precomputed outputs
220226-03:01:52,241 nipype.workflow INFO:
	 [Node] "_acc_msk_bin2" found cached.
220226-03:01:52,306 nipype.workflow INFO:
	 [Node] Executing "merge" <niworkflows.interfaces.nilearn.Merge>
220226-03:01:53,755 nipype.workflow INFO:
	 [Node] Setting-up "fmriprep_wf.single_subject_10003_wf.func_preproc_task_sharedreward_acq_mb1me1_wf.bold_t1_trans_wf.bold_reference_wf.enhance_and_skullstrip_bold_wf.n4_correct" in "/scratch/fmriprep_wf/single_subject_10003_wf/func_preproc_task_sharedreward_acq_mb1me1_wf/bold_t1_trans_wf/bold_reference_wf/enhance_and_skullstrip_bold_wf/n4_correct".
220226-03:01:53,759 nipype.workflow INFO:
	 [Node] Executing "n4_correct" <niworkflows.interfaces.fixes.FixN4BiasFieldCorrection>
220226-03:01:54,289 nipype.workflow INFO:
	 [Node] Setting-up "fmriprep_wf.single_subject_10003_wf.func_preproc_task_sharedreward_acq_mb1me4_echo_1_wf.bold_confounds_wf.acompcor" in "/scratch/fmriprep_wf/single_subject_10003_wf/func_preproc_task_sharedreward_acq_mb1me4_echo_1_wf/bold_confounds_wf/acompcor".
220226-03:01:54,314 nipype.workflow INFO:
	 [Node] Executing "acompcor" <niworkflows.interfaces.patches.RobustACompCor>
220226-03:01:55,699 nipype.workflow INFO:
	 [Node] Setting-up "fmriprep_wf.single_subject_10003_wf.func_preproc_task_sharedreward_acq_mb1me4_echo_1_wf.bold_confounds_wf.rois_plot" in "/scratch/fmriprep_wf/single_subject_10003_wf/func_preproc_task_sharedreward_acq_mb1me4_echo_1_wf/bold_confounds_wf/rois_plot".
220226-03:01:55,699 nipype.workflow INFO:
	 [Node] Setting-up "fmriprep_wf.single_subject_10003_wf.func_preproc_task_sharedreward_acq_mb1me4_echo_1_wf.bold_confounds_wf.signals" in "/scratch/fmriprep_wf/single_subject_10003_wf/func_preproc_task_sharedreward_acq_mb1me4_echo_1_wf/bold_confounds_wf/signals".
220226-03:01:55,725 nipype.workflow INFO:
	 [Node] Executing "signals" <niworkflows.interfaces.images.SignalExtraction>
220226-03:01:56,412 nipype.workflow INFO:
	 [Node] Executing "rois_plot" <niworkflows.interfaces.masks.ROIsPlot>
220226-03:01:56,622 nipype.workflow INFO:
	 [Node] Finished "n4_correct", elapsed time 2.861317s.
220226-03:01:56,921 nipype.workflow INFO:
	 [Node] Finished "acompcor", elapsed time 2.604824s.
220226-03:01:57,339 nipype.workflow INFO:
	 [Node] Finished "bold_to_t1w_transform", elapsed time 130.342425s.
220226-03:01:57,415 nipype.workflow INFO:
	 [Node] Finished "signals", elapsed time 1.6893099999999999s.
220226-03:01:57,715 nipype.workflow INFO:
	 [Node] Setting-up "fmriprep_wf.single_subject_10003_wf.func_preproc_task_sharedreward_acq_mb1me1_wf.bold_t1_trans_wf.bold_reference_wf.enhance_and_skullstrip_bold_wf.skullstrip_first_pass" in "/scratch/fmriprep_wf/single_subject_10003_wf/func_preproc_task_sharedreward_acq_mb1me1_wf/bold_t1_trans_wf/bold_reference_wf/enhance_and_skullstrip_bold_wf/skullstrip_first_pass".
220226-03:01:57,720 nipype.workflow INFO:
	 [Node] Executing "skullstrip_first_pass" <nipype.interfaces.fsl.preprocess.BET>
220226-03:01:57,928 nipype.workflow INFO:
	 [Node] Setting-up "fmriprep_wf.single_subject_10003_wf.func_preproc_task_sharedreward_acq_mb1me4_echo_1_wf.bold_confounds_wf.acc_metadata_fmt" in "/scratch/fmriprep_wf/single_subject_10003_wf/func_preproc_task_sharedreward_acq_mb1me4_echo_1_wf/bold_confounds_wf/acc_metadata_fmt".
220226-03:01:57,932 nipype.workflow INFO:
	 [Node] Executing "acc_metadata_fmt" <niworkflows.interfaces.utils.TSV2JSON>
220226-03:01:57,955 nipype.workflow INFO:
	 [Node] Finished "acc_metadata_fmt", elapsed time 0.02135s.
220226-03:01:58,456 nipype.workflow INFO:
	 [Node] Setting-up "fmriprep_wf.single_subject_10003_wf.func_preproc_task_sharedreward_acq_mb3me4_echo_1_wf.bold_t1_trans_wf.merge" in "/scratch/fmriprep_wf/single_subject_10003_wf/func_preproc_task_sharedreward_acq_mb3me4_echo_1_wf/bold_t1_trans_wf/merge".
220226-03:01:58,537 nipype.workflow INFO:
	 [Node] Executing "merge" <niworkflows.interfaces.nilearn.Merge>
220226-03:01:59,719 nipype.workflow INFO:
	 [Node] Setting-up "fmriprep_wf.single_subject_10003_wf.func_preproc_task_sharedreward_acq_mb1me4_echo_1_wf.bold_confounds_wf.compcor_plot" in "/scratch/fmriprep_wf/single_subject_10003_wf/func_preproc_task_sharedreward_acq_mb1me4_echo_1_wf/bold_confounds_wf/compcor_plot".
220226-03:01:59,724 nipype.workflow INFO:
	 [Node] Executing "compcor_plot" <niworkflows.interfaces.plotting.CompCorVariancePlot>
220226-03:02:00,171 nipype.workflow INFO:
	 [Node] Finished "skullstrip_first_pass", elapsed time 2.44986s.
220226-03:02:00,483 nipype.workflow INFO:
	 [Node] Finished "compcor_plot", elapsed time 0.757003s.
220226-03:02:00,595 nipype.workflow INFO:
	 [Node] Setting-up "fmriprep_wf.single_subject_10003_wf.func_preproc_task_sharedreward_acq_mb1me4_echo_1_wf.bold_confounds_wf.conf_corr_plot" in "/scratch/fmriprep_wf/single_subject_10003_wf/func_preproc_task_sharedreward_acq_mb1me4_echo_1_wf/bold_confounds_wf/conf_corr_plot".
220226-03:02:00,596 nipype.workflow INFO:
	 [Node] Setting-up "fmriprep_wf.single_subject_10003_wf.func_preproc_task_sharedreward_acq_mb1me4_echo_1_wf.bold_confounds_wf.model_expansion" in "/scratch/fmriprep_wf/single_subject_10003_wf/func_preproc_task_sharedreward_acq_mb1me4_echo_1_wf/bold_confounds_wf/model_expansion".
220226-03:02:00,614 nipype.workflow INFO:
	 [Node] Executing "conf_corr_plot" <niworkflows.interfaces.plotting.ConfoundsCorrelationPlot>
220226-03:02:01,178 nipype.workflow INFO:
	 [Node] Executing "model_expansion" <niworkflows.interfaces.confounds.ExpandModel>
220226-03:02:01,398 nipype.workflow INFO:
	 [Node] Finished "model_expansion", elapsed time 0.218622s.
220226-03:02:01,723 nipype.workflow INFO:
	 [Node] Setting-up "fmriprep_wf.single_subject_10003_wf.func_preproc_task_sharedreward_acq_mb1me1_wf.bold_t1_trans_wf.bold_reference_wf.enhance_and_skullstrip_bold_wf.skullstrip_first_dilate" in "/scratch/fmriprep_wf/single_subject_10003_wf/func_preproc_task_sharedreward_acq_mb1me1_wf/bold_t1_trans_wf/bold_reference_wf/enhance_and_skullstrip_bold_wf/skullstrip_first_dilate".
220226-03:02:01,727 nipype.workflow INFO:
	 [Node] Executing "skullstrip_first_dilate" <nipype.interfaces.fsl.maths.DilateImage>
220226-03:02:02,9 nipype.workflow INFO:
	 [Node] Finished "conf_corr_plot", elapsed time 1.393591s.
220226-03:02:02,774 nipype.workflow INFO:
	 [Node] Setting-up "fmriprep_wf.single_subject_10003_wf.func_preproc_task_sharedreward_acq_mb1me4_echo_1_wf.bold_confounds_wf.spike_regressors" in "/scratch/fmriprep_wf/single_subject_10003_wf/func_preproc_task_sharedreward_acq_mb1me4_echo_1_wf/bold_confounds_wf/spike_regressors".
220226-03:02:02,778 nipype.workflow INFO:
	 [Node] Executing "spike_regressors" <niworkflows.interfaces.confounds.SpikeRegressors>
220226-03:02:02,815 nipype.workflow INFO:
	 [Node] Finished "skullstrip_first_dilate", elapsed time 1.086204s.
220226-03:02:02,933 nipype.workflow INFO:
	 [Node] Finished "spike_regressors", elapsed time 0.154264s.
220226-03:02:03,710 nipype.workflow INFO:
	 [Node] Setting-up "fmriprep_wf.single_subject_10003_wf.func_preproc_task_sharedreward_acq_mb1me1_wf.bold_t1_trans_wf.bold_reference_wf.enhance_and_skullstrip_bold_wf.skullstrip_first_mask" in "/scratch/fmriprep_wf/single_subject_10003_wf/func_preproc_task_sharedreward_acq_mb1me1_wf/bold_t1_trans_wf/bold_reference_wf/enhance_and_skullstrip_bold_wf/skullstrip_first_mask".
220226-03:02:03,719 nipype.workflow INFO:
	 [Node] Executing "skullstrip_first_mask" <nipype.interfaces.fsl.maths.ApplyMask>
220226-03:02:03,985 nipype.workflow INFO:
	 [Node] Finished "skullstrip_first_mask", elapsed time 0.263725s.
220226-03:02:04,693 nipype.workflow INFO:
	 [Node] Finished "rois_plot", elapsed time 8.279808s.
220226-03:02:05,688 nipype.workflow INFO:
	 [Node] Setting-up "fmriprep_wf.single_subject_10003_wf.func_preproc_task_sharedreward_acq_mb1me1_wf.bold_t1_trans_wf.bold_reference_wf.enhance_and_skullstrip_bold_wf.unifize" in "/scratch/fmriprep_wf/single_subject_10003_wf/func_preproc_task_sharedreward_acq_mb1me1_wf/bold_t1_trans_wf/bold_reference_wf/enhance_and_skullstrip_bold_wf/unifize".
220226-03:02:05,698 nipype.workflow INFO:
	 [Node] Executing "unifize" <nipype.interfaces.afni.utils.Unifize>
220226-03:02:08,158 nipype.workflow INFO:
	 [Node] Finished "unifize", elapsed time 2.457799s.
220226-03:02:09,673 nipype.workflow INFO:
	 [Node] Setting-up "fmriprep_wf.single_subject_10003_wf.func_preproc_task_sharedreward_acq_mb1me1_wf.bold_t1_trans_wf.bold_reference_wf.enhance_and_skullstrip_bold_wf.fixhdr_unifize" in "/scratch/fmriprep_wf/single_subject_10003_wf/func_preproc_task_sharedreward_acq_mb1me1_wf/bold_t1_trans_wf/bold_reference_wf/enhance_and_skullstrip_bold_wf/fixhdr_unifize".
220226-03:02:09,719 nipype.workflow INFO:
	 [Node] Executing "fixhdr_unifize" <niworkflows.interfaces.utils.CopyXForm>
220226-03:02:09,779 nipype.workflow INFO:
	 [Node] Finished "fixhdr_unifize", elapsed time 0.05814s.
220226-03:02:10,884 nipype.workflow INFO:
	 [Node] Finished "merge", elapsed time 12.345423s.
220226-03:02:11,668 nipype.workflow INFO:
	 [Node] Setting-up "fmriprep_wf.single_subject_10003_wf.func_preproc_task_sharedreward_acq_mb1me1_wf.bold_t1_trans_wf.bold_reference_wf.enhance_and_skullstrip_bold_wf.skullstrip_second_pass" in "/scratch/fmriprep_wf/single_subject_10003_wf/func_preproc_task_sharedreward_acq_mb1me1_wf/bold_t1_trans_wf/bold_reference_wf/enhance_and_skullstrip_bold_wf/skullstrip_second_pass".
220226-03:02:11,673 nipype.workflow INFO:
	 [Node] Executing "skullstrip_second_pass" <nipype.interfaces.afni.preprocess.Automask>
220226-03:02:11,674 nipype.workflow INFO:
	 [Node] Setting-up "_val_bold0" in "/scratch/fmriprep_wf/single_subject_10003_wf/func_preproc_task_sharedreward_acq_mb3me4_echo_1_wf/bold_t1_trans_wf/bold_reference_wf/val_bold/mapflow/_val_bold0".
220226-03:02:11,675 nipype.workflow INFO:
	 [Node] Executing "_val_bold0" <niworkflows.interfaces.images.ValidateImage>
220226-03:02:11,678 nipype.workflow INFO:
	 [Node] Finished "_val_bold0", elapsed time 0.002327s.
220226-03:02:11,854 nipype.workflow INFO:
	 [Node] Finished "merge", elapsed time 19.545509s.
220226-03:02:11,942 nipype.workflow INFO:
	 [Node] Finished "skullstrip_second_pass", elapsed time 0.267092s.
220226-03:02:13,697 nipype.workflow INFO:
	 [Node] Setting-up "fmriprep_wf.single_subject_10003_wf.func_preproc_task_sharedreward_acq_mb1me1_wf.bold_t1_trans_wf.bold_reference_wf.enhance_and_skullstrip_bold_wf.fixhdr_skullstrip2" in "/scratch/fmriprep_wf/single_subject_10003_wf/func_preproc_task_sharedreward_acq_mb1me1_wf/bold_t1_trans_wf/bold_reference_wf/enhance_and_skullstrip_bold_wf/fixhdr_skullstrip2".
220226-03:02:13,701 nipype.workflow INFO:
	 [Node] Executing "fixhdr_skullstrip2" <niworkflows.interfaces.utils.CopyXForm>
220226-03:02:13,720 nipype.workflow INFO:
	 [Node] Finished "fixhdr_skullstrip2", elapsed time 0.017945s.
220226-03:02:14,105 nipype.workflow INFO:
	 [Node] Setting-up "fmriprep_wf.single_subject_10003_wf.func_preproc_task_sharedreward_acq_mb3me4_echo_1_wf.bold_t1_trans_wf.bold_reference_wf.gen_ref" in "/scratch/fmriprep_wf/single_subject_10003_wf/func_preproc_task_sharedreward_acq_mb3me4_echo_1_wf/bold_t1_trans_wf/bold_reference_wf/gen_ref".
220226-03:02:14,111 nipype.workflow INFO:
	 [Node] Setting-up "_val_bold0" in "/scratch/fmriprep_wf/single_subject_10003_wf/func_preproc_task_sharedreward_acq_mb6me1_wf/bold_t1_trans_wf/bold_reference_wf/val_bold/mapflow/_val_bold0".
220226-03:02:14,111 nipype.workflow INFO:
	 [Node] Executing "gen_ref" <niworkflows.interfaces.registration.EstimateReferenceImage>
220226-03:02:14,113 nipype.workflow INFO:
	 [Node] Executing "_val_bold0" <niworkflows.interfaces.images.ValidateImage>
220226-03:02:14,116 nipype.workflow INFO:
	 [Node] Finished "_val_bold0", elapsed time 0.002s.
220226-03:02:15,294 nipype.interface INFO:
	 stderr 2022-02-26T03:02:15.293847:++ 3dvolreg: AFNI version=Debian-16.2.07~dfsg.1-5~nd16.04+1 (Jun 12 2017) [64-bit]
220226-03:02:15,295 nipype.interface INFO:
	 stderr 2022-02-26T03:02:15.293847:++ Authored by: RW Cox
220226-03:02:15,295 nipype.interface INFO:
	 stderr 2022-02-26T03:02:15.295428:** AFNI converts NIFTI_datatype=64 (FLOAT64) in file /scratch/fmriprep_wf/single_subject_10003_wf/func_preproc_task_sharedreward_acq_mb3me4_echo_1_wf/bold_t1_trans_wf/bold_reference_wf/gen_ref/slice.nii.gz to FLOAT32
220226-03:02:15,295 nipype.interface INFO:
	 stderr 2022-02-26T03:02:15.295428:     Warnings of this type will be muted for this session.
220226-03:02:15,295 nipype.interface INFO:
	 stderr 2022-02-26T03:02:15.295428:     Set AFNI_NIFTI_TYPE_WARN to YES to see them all, NO to see none.
220226-03:02:15,295 nipype.interface INFO:
	 stderr 2022-02-26T03:02:15.295428:++ Coarse del was 10, replaced with 5
220226-03:02:15,717 nipype.workflow INFO:
	 [Node] Setting-up "fmriprep_wf.single_subject_10003_wf.func_preproc_task_sharedreward_acq_mb1me1_wf.bold_t1_trans_wf.bold_reference_wf.enhance_and_skullstrip_bold_wf.combine_masks" in "/scratch/fmriprep_wf/single_subject_10003_wf/func_preproc_task_sharedreward_acq_mb1me1_wf/bold_t1_trans_wf/bold_reference_wf/enhance_and_skullstrip_bold_wf/combine_masks".
220226-03:02:15,721 nipype.workflow INFO:
	 [Node] Executing "combine_masks" <nipype.interfaces.fsl.maths.BinaryMaths>
220226-03:02:15,943 nipype.workflow INFO:
	 [Node] Finished "combine_masks", elapsed time 0.219575s.
220226-03:02:15,994 nipype.interface INFO:
	 stderr 2022-02-26T03:02:15.994249:++ Max displacement in automask = 0.14 (mm) at sub-brick 19
220226-03:02:15,994 nipype.interface INFO:
	 stderr 2022-02-26T03:02:15.994249:++ Max delta displ  in automask = 0.08 (mm) at sub-brick 12
220226-03:02:16,139 nipype.workflow INFO:
	 [Node] Setting-up "fmriprep_wf.single_subject_10003_wf.func_preproc_task_sharedreward_acq_mb6me1_wf.bold_t1_trans_wf.bold_reference_wf.gen_ref" in "/scratch/fmriprep_wf/single_subject_10003_wf/func_preproc_task_sharedreward_acq_mb6me1_wf/bold_t1_trans_wf/bold_reference_wf/gen_ref".
220226-03:02:16,151 nipype.workflow INFO:
	 [Node] Executing "gen_ref" <niworkflows.interfaces.registration.EstimateReferenceImage>
220226-03:02:16,668 nipype.workflow INFO:
	 [Node] Finished "gen_ref", elapsed time 0.514533s.
220226-03:02:17,582 nipype.workflow INFO:
	 [Node] Finished "gen_ref", elapsed time 42.909926s.
220226-03:02:17,676 nipype.workflow INFO:
	 [Node] Setting-up "fmriprep_wf.single_subject_10003_wf.func_preproc_task_sharedreward_acq_mb1me1_wf.bold_t1_trans_wf.bold_reference_wf.enhance_and_skullstrip_bold_wf.apply_mask" in "/scratch/fmriprep_wf/single_subject_10003_wf/func_preproc_task_sharedreward_acq_mb1me1_wf/bold_t1_trans_wf/bold_reference_wf/enhance_and_skullstrip_bold_wf/apply_mask".
220226-03:02:17,681 nipype.workflow INFO:
	 [Node] Executing "apply_mask" <nipype.interfaces.fsl.maths.ApplyMask>
220226-03:02:17,906 nipype.workflow INFO:
	 [Node] Finished "apply_mask", elapsed time 0.222763s.
220226-03:02:19,685 nipype.workflow INFO:
	 [Node] Setting-up "fmriprep_wf.single_subject_10003_wf.func_preproc_task_sharedreward_acq_mb6me1_wf.bold_t1_trans_wf.bold_reference_wf.enhance_and_skullstrip_bold_wf.n4_correct" in "/scratch/fmriprep_wf/single_subject_10003_wf/func_preproc_task_sharedreward_acq_mb6me1_wf/bold_t1_trans_wf/bold_reference_wf/enhance_and_skullstrip_bold_wf/n4_correct".
220226-03:02:19,693 nipype.workflow INFO:
	 [Node] Executing "n4_correct" <niworkflows.interfaces.fixes.FixN4BiasFieldCorrection>
220226-03:02:21,682 nipype.workflow INFO:
	 [Node] Setting-up "fmriprep_wf.single_subject_10003_wf.func_preproc_task_sharedreward_acq_mb6me4_echo_1_wf.bold_t1_trans_wf.bold_reference_wf.enhance_and_skullstrip_bold_wf.n4_correct" in "/scratch/fmriprep_wf/single_subject_10003_wf/func_preproc_task_sharedreward_acq_mb6me4_echo_1_wf/bold_t1_trans_wf/bold_reference_wf/enhance_and_skullstrip_bold_wf/n4_correct".
220226-03:02:21,691 nipype.workflow INFO:
	 [Node] Executing "n4_correct" <niworkflows.interfaces.fixes.FixN4BiasFieldCorrection>
220226-03:02:22,361 nipype.workflow INFO:
	 [Node] Finished "n4_correct", elapsed time 2.665431s.
220226-03:02:23,683 nipype.workflow INFO:
	 [Node] Setting-up "fmriprep_wf.single_subject_10003_wf.func_preproc_task_sharedreward_acq_mb6me1_wf.bold_t1_trans_wf.bold_reference_wf.enhance_and_skullstrip_bold_wf.skullstrip_first_pass" in "/scratch/fmriprep_wf/single_subject_10003_wf/func_preproc_task_sharedreward_acq_mb6me1_wf/bold_t1_trans_wf/bold_reference_wf/enhance_and_skullstrip_bold_wf/skullstrip_first_pass".
220226-03:02:23,688 nipype.workflow INFO:
	 [Node] Executing "skullstrip_first_pass" <nipype.interfaces.fsl.preprocess.BET>
220226-03:02:24,51 nipype.workflow INFO:
	 [Node] Finished "n4_correct", elapsed time 2.358218s.
220226-03:02:25,716 nipype.workflow INFO:
	 [Node] Setting-up "fmriprep_wf.single_subject_10003_wf.func_preproc_task_sharedreward_acq_mb6me4_echo_1_wf.bold_t1_trans_wf.bold_reference_wf.enhance_and_skullstrip_bold_wf.skullstrip_first_pass" in "/scratch/fmriprep_wf/single_subject_10003_wf/func_preproc_task_sharedreward_acq_mb6me4_echo_1_wf/bold_t1_trans_wf/bold_reference_wf/enhance_and_skullstrip_bold_wf/skullstrip_first_pass".
220226-03:02:25,721 nipype.workflow INFO:
	 [Node] Executing "skullstrip_first_pass" <nipype.interfaces.fsl.preprocess.BET>
220226-03:02:25,729 nipype.workflow INFO:
	 [Node] Finished "skullstrip_first_pass", elapsed time 2.03899s.
220226-03:02:27,689 nipype.workflow INFO:
	 [Node] Setting-up "fmriprep_wf.single_subject_10003_wf.func_preproc_task_sharedreward_acq_mb6me1_wf.bold_t1_trans_wf.bold_reference_wf.enhance_and_skullstrip_bold_wf.skullstrip_first_dilate" in "/scratch/fmriprep_wf/single_subject_10003_wf/func_preproc_task_sharedreward_acq_mb6me1_wf/bold_t1_trans_wf/bold_reference_wf/enhance_and_skullstrip_bold_wf/skullstrip_first_dilate".
220226-03:02:27,692 nipype.workflow INFO:
	 [Node] Executing "skullstrip_first_dilate" <nipype.interfaces.fsl.maths.DilateImage>
220226-03:02:27,884 nipype.workflow INFO:
	 [Node] Finished "skullstrip_first_pass", elapsed time 2.16207s.
220226-03:02:28,429 nipype.workflow INFO:
	 [Node] Finished "skullstrip_first_dilate", elapsed time 0.736259s.
220226-03:02:29,684 nipype.workflow INFO:
	 [Node] Setting-up "fmriprep_wf.single_subject_10003_wf.func_preproc_task_sharedreward_acq_mb6me4_echo_1_wf.bold_t1_trans_wf.bold_reference_wf.enhance_and_skullstrip_bold_wf.skullstrip_first_dilate" in "/scratch/fmriprep_wf/single_subject_10003_wf/func_preproc_task_sharedreward_acq_mb6me4_echo_1_wf/bold_t1_trans_wf/bold_reference_wf/enhance_and_skullstrip_bold_wf/skullstrip_first_dilate".
220226-03:02:29,684 nipype.workflow INFO:
	 [Node] Setting-up "fmriprep_wf.single_subject_10003_wf.func_preproc_task_sharedreward_acq_mb6me1_wf.bold_t1_trans_wf.bold_reference_wf.enhance_and_skullstrip_bold_wf.skullstrip_first_mask" in "/scratch/fmriprep_wf/single_subject_10003_wf/func_preproc_task_sharedreward_acq_mb6me1_wf/bold_t1_trans_wf/bold_reference_wf/enhance_and_skullstrip_bold_wf/skullstrip_first_mask".
220226-03:02:29,687 nipype.workflow INFO:
	 [Node] Executing "skullstrip_first_dilate" <nipype.interfaces.fsl.maths.DilateImage>
220226-03:02:29,690 nipype.workflow INFO:
	 [Node] Executing "skullstrip_first_mask" <nipype.interfaces.fsl.maths.ApplyMask>
220226-03:02:29,935 nipype.workflow INFO:
	 [Node] Finished "skullstrip_first_mask", elapsed time 0.243203s.
220226-03:02:30,381 nipype.workflow INFO:
	 [Node] Finished "skullstrip_first_dilate", elapsed time 0.692866s.
220226-03:02:31,734 nipype.workflow INFO:
	 [Node] Setting-up "fmriprep_wf.single_subject_10003_wf.func_preproc_task_sharedreward_acq_mb6me1_wf.bold_t1_trans_wf.bold_reference_wf.enhance_and_skullstrip_bold_wf.unifize" in "/scratch/fmriprep_wf/single_subject_10003_wf/func_preproc_task_sharedreward_acq_mb6me1_wf/bold_t1_trans_wf/bold_reference_wf/enhance_and_skullstrip_bold_wf/unifize".
220226-03:02:31,734 nipype.workflow INFO:
	 [Node] Setting-up "fmriprep_wf.single_subject_10003_wf.func_preproc_task_sharedreward_acq_mb6me4_echo_1_wf.bold_t1_trans_wf.bold_reference_wf.enhance_and_skullstrip_bold_wf.skullstrip_first_mask" in "/scratch/fmriprep_wf/single_subject_10003_wf/func_preproc_task_sharedreward_acq_mb6me4_echo_1_wf/bold_t1_trans_wf/bold_reference_wf/enhance_and_skullstrip_bold_wf/skullstrip_first_mask".
220226-03:02:31,737 nipype.workflow INFO:
	 [Node] Executing "unifize" <nipype.interfaces.afni.utils.Unifize>
220226-03:02:31,739 nipype.workflow INFO:
	 [Node] Executing "skullstrip_first_mask" <nipype.interfaces.fsl.maths.ApplyMask>
220226-03:02:31,960 nipype.workflow INFO:
	 [Node] Finished "skullstrip_first_mask", elapsed time 0.21942s.
220226-03:02:33,710 nipype.workflow INFO:
	 [Node] Setting-up "fmriprep_wf.single_subject_10003_wf.func_preproc_task_sharedreward_acq_mb6me4_echo_1_wf.bold_t1_trans_wf.bold_reference_wf.enhance_and_skullstrip_bold_wf.unifize" in "/scratch/fmriprep_wf/single_subject_10003_wf/func_preproc_task_sharedreward_acq_mb6me4_echo_1_wf/bold_t1_trans_wf/bold_reference_wf/enhance_and_skullstrip_bold_wf/unifize".
220226-03:02:33,715 nipype.workflow INFO:
	 [Node] Executing "unifize" <nipype.interfaces.afni.utils.Unifize>
220226-03:02:34,387 nipype.workflow INFO:
	 [Node] Finished "unifize", elapsed time 2.648037s.
220226-03:02:35,718 nipype.workflow INFO:
	 [Node] Setting-up "fmriprep_wf.single_subject_10003_wf.func_preproc_task_sharedreward_acq_mb6me1_wf.bold_t1_trans_wf.bold_reference_wf.enhance_and_skullstrip_bold_wf.fixhdr_unifize" in "/scratch/fmriprep_wf/single_subject_10003_wf/func_preproc_task_sharedreward_acq_mb6me1_wf/bold_t1_trans_wf/bold_reference_wf/enhance_and_skullstrip_bold_wf/fixhdr_unifize".
220226-03:02:35,726 nipype.workflow INFO:
	 [Node] Executing "fixhdr_unifize" <niworkflows.interfaces.utils.CopyXForm>
220226-03:02:35,824 nipype.workflow INFO:
	 [Node] Finished "fixhdr_unifize", elapsed time 0.095214s.
220226-03:02:36,479 nipype.workflow INFO:
	 [Node] Finished "unifize", elapsed time 2.762892s.
220226-03:02:37,735 nipype.workflow INFO:
	 [Node] Setting-up "fmriprep_wf.single_subject_10003_wf.func_preproc_task_sharedreward_acq_mb6me1_wf.bold_t1_trans_wf.bold_reference_wf.enhance_and_skullstrip_bold_wf.skullstrip_second_pass" in "/scratch/fmriprep_wf/single_subject_10003_wf/func_preproc_task_sharedreward_acq_mb6me1_wf/bold_t1_trans_wf/bold_reference_wf/enhance_and_skullstrip_bold_wf/skullstrip_second_pass".
220226-03:02:37,735 nipype.workflow INFO:
	 [Node] Setting-up "fmriprep_wf.single_subject_10003_wf.func_preproc_task_sharedreward_acq_mb6me4_echo_1_wf.bold_t1_trans_wf.bold_reference_wf.enhance_and_skullstrip_bold_wf.fixhdr_unifize" in "/scratch/fmriprep_wf/single_subject_10003_wf/func_preproc_task_sharedreward_acq_mb6me4_echo_1_wf/bold_t1_trans_wf/bold_reference_wf/enhance_and_skullstrip_bold_wf/fixhdr_unifize".
220226-03:02:37,738 nipype.workflow INFO:
	 [Node] Executing "skullstrip_second_pass" <nipype.interfaces.afni.preprocess.Automask>
220226-03:02:37,739 nipype.workflow INFO:
	 [Node] Executing "fixhdr_unifize" <niworkflows.interfaces.utils.CopyXForm>
220226-03:02:37,795 nipype.workflow INFO:
	 [Node] Finished "fixhdr_unifize", elapsed time 0.05514s.
220226-03:02:38,19 nipype.workflow INFO:
	 [Node] Finished "skullstrip_second_pass", elapsed time 0.279392s.
220226-03:02:39,692 nipype.workflow INFO:
	 [Node] Setting-up "fmriprep_wf.single_subject_10003_wf.func_preproc_task_sharedreward_acq_mb6me1_wf.bold_t1_trans_wf.bold_reference_wf.enhance_and_skullstrip_bold_wf.fixhdr_skullstrip2" in "/scratch/fmriprep_wf/single_subject_10003_wf/func_preproc_task_sharedreward_acq_mb6me1_wf/bold_t1_trans_wf/bold_reference_wf/enhance_and_skullstrip_bold_wf/fixhdr_skullstrip2".
220226-03:02:39,692 nipype.workflow INFO:
	 [Node] Setting-up "fmriprep_wf.single_subject_10003_wf.func_preproc_task_sharedreward_acq_mb6me4_echo_1_wf.bold_t1_trans_wf.bold_reference_wf.enhance_and_skullstrip_bold_wf.skullstrip_second_pass" in "/scratch/fmriprep_wf/single_subject_10003_wf/func_preproc_task_sharedreward_acq_mb6me4_echo_1_wf/bold_t1_trans_wf/bold_reference_wf/enhance_and_skullstrip_bold_wf/skullstrip_second_pass".
220226-03:02:39,698 nipype.workflow INFO:
	 [Node] Executing "skullstrip_second_pass" <nipype.interfaces.afni.preprocess.Automask>
220226-03:02:39,703 nipype.workflow INFO:
	 [Node] Executing "fixhdr_skullstrip2" <niworkflows.interfaces.utils.CopyXForm>
220226-03:02:39,749 nipype.workflow INFO:
	 [Node] Finished "fixhdr_skullstrip2", elapsed time 0.045416s.
220226-03:02:39,886 nipype.workflow INFO:
	 [Node] Finished "bold_to_t1w_transform", elapsed time 65.871184s.
220226-03:02:40,20 nipype.workflow INFO:
	 [Node] Finished "skullstrip_second_pass", elapsed time 0.320439s.
220226-03:02:41,708 nipype.workflow INFO:
	 [Node] Setting-up "fmriprep_wf.single_subject_10003_wf.func_preproc_task_sharedreward_acq_mb6me1_wf.bold_t1_trans_wf.bold_reference_wf.enhance_and_skullstrip_bold_wf.combine_masks" in "/scratch/fmriprep_wf/single_subject_10003_wf/func_preproc_task_sharedreward_acq_mb6me1_wf/bold_t1_trans_wf/bold_reference_wf/enhance_and_skullstrip_bold_wf/combine_masks".
220226-03:02:41,709 nipype.workflow INFO:
	 [Node] Setting-up "fmriprep_wf.single_subject_10003_wf.func_preproc_task_sharedreward_acq_mb6me4_echo_1_wf.bold_t1_trans_wf.bold_reference_wf.enhance_and_skullstrip_bold_wf.fixhdr_skullstrip2" in "/scratch/fmriprep_wf/single_subject_10003_wf/func_preproc_task_sharedreward_acq_mb6me4_echo_1_wf/bold_t1_trans_wf/bold_reference_wf/enhance_and_skullstrip_bold_wf/fixhdr_skullstrip2".
220226-03:02:41,709 nipype.workflow INFO:
	 [Node] Setting-up "fmriprep_wf.single_subject_10003_wf.func_preproc_task_sharedreward_acq_mb1me4_echo_1_wf.bold_t1_trans_wf.merge" in "/scratch/fmriprep_wf/single_subject_10003_wf/func_preproc_task_sharedreward_acq_mb1me4_echo_1_wf/bold_t1_trans_wf/merge".
220226-03:02:41,712 nipype.workflow INFO:
	 [Node] Executing "combine_masks" <nipype.interfaces.fsl.maths.BinaryMaths>
220226-03:02:41,713 nipype.workflow INFO:
	 [Node] Executing "fixhdr_skullstrip2" <niworkflows.interfaces.utils.CopyXForm>
220226-03:02:41,771 nipype.workflow INFO:
	 [Node] Executing "merge" <niworkflows.interfaces.nilearn.Merge>
220226-03:02:41,828 nipype.workflow INFO:
	 [Node] Finished "fixhdr_skullstrip2", elapsed time 0.113798s.
220226-03:02:41,879 nipype.workflow INFO:
	 [Node] Finished "combine_masks", elapsed time 0.165973s.
220226-03:02:43,727 nipype.workflow INFO:
	 [Node] Setting-up "fmriprep_wf.single_subject_10003_wf.func_preproc_task_sharedreward_acq_mb6me1_wf.bold_t1_trans_wf.bold_reference_wf.enhance_and_skullstrip_bold_wf.apply_mask" in "/scratch/fmriprep_wf/single_subject_10003_wf/func_preproc_task_sharedreward_acq_mb6me1_wf/bold_t1_trans_wf/bold_reference_wf/enhance_and_skullstrip_bold_wf/apply_mask".
220226-03:02:43,728 nipype.workflow INFO:
	 [Node] Setting-up "fmriprep_wf.single_subject_10003_wf.func_preproc_task_sharedreward_acq_mb6me4_echo_1_wf.bold_t1_trans_wf.bold_reference_wf.enhance_and_skullstrip_bold_wf.combine_masks" in "/scratch/fmriprep_wf/single_subject_10003_wf/func_preproc_task_sharedreward_acq_mb6me4_echo_1_wf/bold_t1_trans_wf/bold_reference_wf/enhance_and_skullstrip_bold_wf/combine_masks".
220226-03:02:43,731 nipype.workflow INFO:
	 [Node] Executing "apply_mask" <nipype.interfaces.fsl.maths.ApplyMask>
220226-03:02:43,737 nipype.workflow INFO:
	 [Node] Executing "combine_masks" <nipype.interfaces.fsl.maths.BinaryMaths>
220226-03:02:43,906 nipype.workflow INFO:
	 [Node] Finished "combine_masks", elapsed time 0.167996s.
220226-03:02:43,924 nipype.workflow INFO:
	 [Node] Finished "apply_mask", elapsed time 0.19185s.
220226-03:02:45,243 nipype.interface INFO:
	 stderr 2022-02-26T03:02:45.243030:++ Max displacement in automask = 0.08 (mm) at sub-brick 17
220226-03:02:45,243 nipype.interface INFO:
	 stderr 2022-02-26T03:02:45.243030:++ Max delta displ  in automask = 0.05 (mm) at sub-brick 2
220226-03:02:45,708 nipype.workflow INFO:
	 [Node] Setting-up "fmriprep_wf.single_subject_10003_wf.func_preproc_task_sharedreward_acq_mb6me4_echo_1_wf.bold_t1_trans_wf.bold_reference_wf.enhance_and_skullstrip_bold_wf.apply_mask" in "/scratch/fmriprep_wf/single_subject_10003_wf/func_preproc_task_sharedreward_acq_mb6me4_echo_1_wf/bold_t1_trans_wf/bold_reference_wf/enhance_and_skullstrip_bold_wf/apply_mask".
220226-03:02:45,716 nipype.workflow INFO:
	 [Node] Executing "apply_mask" <nipype.interfaces.fsl.maths.ApplyMask>
220226-03:02:45,935 nipype.workflow INFO:
	 [Node] Finished "apply_mask", elapsed time 0.216721s.
220226-03:02:46,930 nipype.workflow INFO:
	 [Node] Finished "gen_ref", elapsed time 32.817461s.
220226-03:02:49,726 nipype.workflow INFO:
	 [Node] Setting-up "fmriprep_wf.single_subject_10003_wf.func_preproc_task_sharedreward_acq_mb3me4_echo_1_wf.bold_t1_trans_wf.bold_reference_wf.enhance_and_skullstrip_bold_wf.n4_correct" in "/scratch/fmriprep_wf/single_subject_10003_wf/func_preproc_task_sharedreward_acq_mb3me4_echo_1_wf/bold_t1_trans_wf/bold_reference_wf/enhance_and_skullstrip_bold_wf/n4_correct".
220226-03:02:49,731 nipype.workflow INFO:
	 [Node] Executing "n4_correct" <niworkflows.interfaces.fixes.FixN4BiasFieldCorrection>
220226-03:02:50,643 nipype.workflow INFO:
	 [Node] Finished "bold_to_t1w_transform", elapsed time 94.192238s.
220226-03:02:50,977 nipype.workflow INFO:
	 [Node] Finished "merge", elapsed time 9.203906s.
220226-03:02:51,592 nipype.workflow INFO:
	 [Node] Finished "n4_correct", elapsed time 1.860424s.
220226-03:02:51,712 nipype.workflow INFO:
	 [Node] Setting-up "fmriprep_wf.single_subject_10003_wf.func_preproc_task_sharedreward_acq_mb3me1_wf.bold_t1_trans_wf.merge" in "/scratch/fmriprep_wf/single_subject_10003_wf/func_preproc_task_sharedreward_acq_mb3me1_wf/bold_t1_trans_wf/merge".
220226-03:02:51,718 nipype.workflow INFO:
	 [Node] Setting-up "_val_bold0" in "/scratch/fmriprep_wf/single_subject_10003_wf/func_preproc_task_sharedreward_acq_mb1me4_echo_1_wf/bold_t1_trans_wf/bold_reference_wf/val_bold/mapflow/_val_bold0".
220226-03:02:51,721 nipype.workflow INFO:
	 [Node] Executing "_val_bold0" <niworkflows.interfaces.images.ValidateImage>
220226-03:02:51,727 nipype.workflow INFO:
	 [Node] Finished "_val_bold0", elapsed time 0.003492s.
220226-03:02:51,759 nipype.workflow INFO:
	 [Node] Executing "merge" <niworkflows.interfaces.nilearn.Merge>
220226-03:02:54,69 nipype.workflow INFO:
	 [Node] Setting-up "fmriprep_wf.single_subject_10003_wf.func_preproc_task_sharedreward_acq_mb1me4_echo_1_wf.bold_t1_trans_wf.bold_reference_wf.gen_ref" in "/scratch/fmriprep_wf/single_subject_10003_wf/func_preproc_task_sharedreward_acq_mb1me4_echo_1_wf/bold_t1_trans_wf/bold_reference_wf/gen_ref".
220226-03:02:54,70 nipype.workflow INFO:
	 [Node] Setting-up "fmriprep_wf.single_subject_10003_wf.func_preproc_task_sharedreward_acq_mb3me4_echo_1_wf.bold_t1_trans_wf.bold_reference_wf.enhance_and_skullstrip_bold_wf.skullstrip_first_pass" in "/scratch/fmriprep_wf/single_subject_10003_wf/func_preproc_task_sharedreward_acq_mb3me4_echo_1_wf/bold_t1_trans_wf/bold_reference_wf/enhance_and_skullstrip_bold_wf/skullstrip_first_pass".
220226-03:02:54,73 nipype.workflow INFO:
	 [Node] Executing "skullstrip_first_pass" <nipype.interfaces.fsl.preprocess.BET>
220226-03:02:54,75 nipype.workflow INFO:
	 [Node] Executing "gen_ref" <niworkflows.interfaces.registration.EstimateReferenceImage>
220226-03:02:54,503 nipype.workflow INFO:
	 [Node] Finished "gen_ref", elapsed time 0.425829s.
220226-03:02:55,848 nipype.workflow INFO:
	 [Node] Finished "skullstrip_first_pass", elapsed time 1.773576s.
220226-03:02:57,713 nipype.workflow INFO:
	 [Node] Setting-up "fmriprep_wf.single_subject_10003_wf.func_preproc_task_sharedreward_acq_mb3me4_echo_1_wf.bold_t1_trans_wf.bold_reference_wf.enhance_and_skullstrip_bold_wf.skullstrip_first_dilate" in "/scratch/fmriprep_wf/single_subject_10003_wf/func_preproc_task_sharedreward_acq_mb3me4_echo_1_wf/bold_t1_trans_wf/bold_reference_wf/enhance_and_skullstrip_bold_wf/skullstrip_first_dilate".
220226-03:02:57,713 nipype.workflow INFO:
	 [Node] Setting-up "fmriprep_wf.single_subject_10003_wf.func_preproc_task_sharedreward_acq_mb1me4_echo_1_wf.bold_t1_trans_wf.bold_reference_wf.enhance_and_skullstrip_bold_wf.n4_correct" in "/scratch/fmriprep_wf/single_subject_10003_wf/func_preproc_task_sharedreward_acq_mb1me4_echo_1_wf/bold_t1_trans_wf/bold_reference_wf/enhance_and_skullstrip_bold_wf/n4_correct".
220226-03:02:57,717 nipype.workflow INFO:
	 [Node] Executing "skullstrip_first_dilate" <nipype.interfaces.fsl.maths.DilateImage>
220226-03:02:57,721 nipype.workflow INFO:
	 [Node] Executing "n4_correct" <niworkflows.interfaces.fixes.FixN4BiasFieldCorrection>
220226-03:02:58,363 nipype.workflow INFO:
	 [Node] Finished "skullstrip_first_dilate", elapsed time 0.643857s.
220226-03:02:59,171 nipype.workflow INFO:
	 [Node] Finished "n4_correct", elapsed time 1.447008s.
220226-03:02:59,696 nipype.workflow INFO:
	 [Node] Setting-up "fmriprep_wf.single_subject_10003_wf.func_preproc_task_sharedreward_acq_mb1me4_echo_1_wf.bold_t1_trans_wf.bold_reference_wf.enhance_and_skullstrip_bold_wf.skullstrip_first_pass" in "/scratch/fmriprep_wf/single_subject_10003_wf/func_preproc_task_sharedreward_acq_mb1me4_echo_1_wf/bold_t1_trans_wf/bold_reference_wf/enhance_and_skullstrip_bold_wf/skullstrip_first_pass".
220226-03:02:59,697 nipype.workflow INFO:
	 [Node] Setting-up "fmriprep_wf.single_subject_10003_wf.func_preproc_task_sharedreward_acq_mb3me4_echo_1_wf.bold_t1_trans_wf.bold_reference_wf.enhance_and_skullstrip_bold_wf.skullstrip_first_mask" in "/scratch/fmriprep_wf/single_subject_10003_wf/func_preproc_task_sharedreward_acq_mb3me4_echo_1_wf/bold_t1_trans_wf/bold_reference_wf/enhance_and_skullstrip_bold_wf/skullstrip_first_mask".
220226-03:02:59,700 nipype.workflow INFO:
	 [Node] Executing "skullstrip_first_pass" <nipype.interfaces.fsl.preprocess.BET>
220226-03:02:59,705 nipype.workflow INFO:
	 [Node] Executing "skullstrip_first_mask" <nipype.interfaces.fsl.maths.ApplyMask>
220226-03:02:59,914 nipype.workflow INFO:
	 [Node] Finished "skullstrip_first_mask", elapsed time 0.207121s.
220226-03:03:01,366 nipype.workflow INFO:
	 [Node] Finished "skullstrip_first_pass", elapsed time 1.6645539999999999s.
220226-03:03:01,711 nipype.workflow INFO:
	 [Node] Setting-up "fmriprep_wf.single_subject_10003_wf.func_preproc_task_sharedreward_acq_mb1me4_echo_1_wf.bold_t1_trans_wf.bold_reference_wf.enhance_and_skullstrip_bold_wf.skullstrip_first_dilate" in "/scratch/fmriprep_wf/single_subject_10003_wf/func_preproc_task_sharedreward_acq_mb1me4_echo_1_wf/bold_t1_trans_wf/bold_reference_wf/enhance_and_skullstrip_bold_wf/skullstrip_first_dilate".
220226-03:03:01,711 nipype.workflow INFO:
	 [Node] Setting-up "fmriprep_wf.single_subject_10003_wf.func_preproc_task_sharedreward_acq_mb3me4_echo_1_wf.bold_t1_trans_wf.bold_reference_wf.enhance_and_skullstrip_bold_wf.unifize" in "/scratch/fmriprep_wf/single_subject_10003_wf/func_preproc_task_sharedreward_acq_mb3me4_echo_1_wf/bold_t1_trans_wf/bold_reference_wf/enhance_and_skullstrip_bold_wf/unifize".
220226-03:03:01,718 nipype.workflow INFO:
	 [Node] Executing "skullstrip_first_dilate" <nipype.interfaces.fsl.maths.DilateImage>
220226-03:03:01,719 nipype.workflow INFO:
	 [Node] Executing "unifize" <nipype.interfaces.afni.utils.Unifize>
220226-03:03:02,356 nipype.workflow INFO:
	 [Node] Finished "skullstrip_first_dilate", elapsed time 0.635918s.
220226-03:03:03,713 nipype.workflow INFO:
	 [Node] Setting-up "fmriprep_wf.single_subject_10003_wf.func_preproc_task_sharedreward_acq_mb1me4_echo_1_wf.bold_t1_trans_wf.bold_reference_wf.enhance_and_skullstrip_bold_wf.skullstrip_first_mask" in "/scratch/fmriprep_wf/single_subject_10003_wf/func_preproc_task_sharedreward_acq_mb1me4_echo_1_wf/bold_t1_trans_wf/bold_reference_wf/enhance_and_skullstrip_bold_wf/skullstrip_first_mask".
220226-03:03:03,721 nipype.workflow INFO:
	 [Node] Executing "skullstrip_first_mask" <nipype.interfaces.fsl.maths.ApplyMask>
220226-03:03:03,938 nipype.workflow INFO:
	 [Node] Finished "skullstrip_first_mask", elapsed time 0.215285s.
220226-03:03:04,64 nipype.workflow INFO:
	 [Node] Finished "unifize", elapsed time 2.342877s.
220226-03:03:05,715 nipype.workflow INFO:
	 [Node] Setting-up "fmriprep_wf.single_subject_10003_wf.func_preproc_task_sharedreward_acq_mb3me4_echo_1_wf.bold_t1_trans_wf.bold_reference_wf.enhance_and_skullstrip_bold_wf.fixhdr_unifize" in "/scratch/fmriprep_wf/single_subject_10003_wf/func_preproc_task_sharedreward_acq_mb3me4_echo_1_wf/bold_t1_trans_wf/bold_reference_wf/enhance_and_skullstrip_bold_wf/fixhdr_unifize".
220226-03:03:05,715 nipype.workflow INFO:
	 [Node] Setting-up "fmriprep_wf.single_subject_10003_wf.func_preproc_task_sharedreward_acq_mb1me4_echo_1_wf.bold_t1_trans_wf.bold_reference_wf.enhance_and_skullstrip_bold_wf.unifize" in "/scratch/fmriprep_wf/single_subject_10003_wf/func_preproc_task_sharedreward_acq_mb1me4_echo_1_wf/bold_t1_trans_wf/bold_reference_wf/enhance_and_skullstrip_bold_wf/unifize".
220226-03:03:05,718 nipype.workflow INFO:
	 [Node] Executing "fixhdr_unifize" <niworkflows.interfaces.utils.CopyXForm>
220226-03:03:05,722 nipype.workflow INFO:
	 [Node] Executing "unifize" <nipype.interfaces.afni.utils.Unifize>
220226-03:03:05,870 nipype.workflow INFO:
	 [Node] Finished "fixhdr_unifize", elapsed time 0.151075s.
220226-03:03:06,778 nipype.workflow INFO:
	 [Node] Finished "merge", elapsed time 15.018997s.
220226-03:03:07,411 nipype.workflow INFO:
	 [Node] Finished "unifize", elapsed time 1.686963s.
220226-03:03:07,717 nipype.workflow INFO:
	 [Node] Setting-up "fmriprep_wf.single_subject_10003_wf.func_preproc_task_sharedreward_acq_mb1me4_echo_1_wf.bold_t1_trans_wf.bold_reference_wf.enhance_and_skullstrip_bold_wf.fixhdr_unifize" in "/scratch/fmriprep_wf/single_subject_10003_wf/func_preproc_task_sharedreward_acq_mb1me4_echo_1_wf/bold_t1_trans_wf/bold_reference_wf/enhance_and_skullstrip_bold_wf/fixhdr_unifize".
220226-03:03:07,720 nipype.workflow INFO:
	 [Node] Setting-up "fmriprep_wf.single_subject_10003_wf.func_preproc_task_sharedreward_acq_mb3me4_echo_1_wf.bold_t1_trans_wf.bold_reference_wf.enhance_and_skullstrip_bold_wf.skullstrip_second_pass" in "/scratch/fmriprep_wf/single_subject_10003_wf/func_preproc_task_sharedreward_acq_mb3me4_echo_1_wf/bold_t1_trans_wf/bold_reference_wf/enhance_and_skullstrip_bold_wf/skullstrip_second_pass".
220226-03:03:07,725 nipype.workflow INFO:
	 [Node] Executing "fixhdr_unifize" <niworkflows.interfaces.utils.CopyXForm>
220226-03:03:07,728 nipype.workflow INFO:
	 [Node] Executing "skullstrip_second_pass" <nipype.interfaces.afni.preprocess.Automask>
220226-03:03:07,728 nipype.workflow INFO:
	 [Node] Setting-up "_val_bold0" in "/scratch/fmriprep_wf/single_subject_10003_wf/func_preproc_task_sharedreward_acq_mb3me1_wf/bold_t1_trans_wf/bold_reference_wf/val_bold/mapflow/_val_bold0".
220226-03:03:07,731 nipype.workflow INFO:
	 [Node] Executing "_val_bold0" <niworkflows.interfaces.images.ValidateImage>
220226-03:03:07,737 nipype.workflow INFO:
	 [Node] Finished "_val_bold0", elapsed time 0.003478s.
220226-03:03:07,785 nipype.workflow INFO:
	 [Node] Finished "fixhdr_unifize", elapsed time 0.059028s.
220226-03:03:07,959 nipype.workflow INFO:
	 [Node] Finished "skullstrip_second_pass", elapsed time 0.229517s.
220226-03:03:09,736 nipype.workflow INFO:
	 [Node] Setting-up "fmriprep_wf.single_subject_10003_wf.func_preproc_task_sharedreward_acq_mb1me4_echo_1_wf.bold_t1_trans_wf.bold_reference_wf.enhance_and_skullstrip_bold_wf.skullstrip_second_pass" in "/scratch/fmriprep_wf/single_subject_10003_wf/func_preproc_task_sharedreward_acq_mb1me4_echo_1_wf/bold_t1_trans_wf/bold_reference_wf/enhance_and_skullstrip_bold_wf/skullstrip_second_pass".
220226-03:03:09,742 nipype.workflow INFO:
	 [Node] Executing "skullstrip_second_pass" <nipype.interfaces.afni.preprocess.Automask>
220226-03:03:09,954 nipype.workflow INFO:
	 [Node] Finished "skullstrip_second_pass", elapsed time 0.210197s.
220226-03:03:10,56 nipype.workflow INFO:
	 [Node] Setting-up "fmriprep_wf.single_subject_10003_wf.func_preproc_task_sharedreward_acq_mb3me1_wf.bold_t1_trans_wf.bold_reference_wf.gen_ref" in "/scratch/fmriprep_wf/single_subject_10003_wf/func_preproc_task_sharedreward_acq_mb3me1_wf/bold_t1_trans_wf/bold_reference_wf/gen_ref".
220226-03:03:10,56 nipype.workflow INFO:
	 [Node] Setting-up "fmriprep_wf.single_subject_10003_wf.func_preproc_task_sharedreward_acq_mb3me4_echo_1_wf.bold_t1_trans_wf.bold_reference_wf.enhance_and_skullstrip_bold_wf.fixhdr_skullstrip2" in "/scratch/fmriprep_wf/single_subject_10003_wf/func_preproc_task_sharedreward_acq_mb3me4_echo_1_wf/bold_t1_trans_wf/bold_reference_wf/enhance_and_skullstrip_bold_wf/fixhdr_skullstrip2".
220226-03:03:10,60 nipype.workflow INFO:
	 [Node] Executing "fixhdr_skullstrip2" <niworkflows.interfaces.utils.CopyXForm>
220226-03:03:10,62 nipype.workflow INFO:
	 [Node] Executing "gen_ref" <niworkflows.interfaces.registration.EstimateReferenceImage>
220226-03:03:10,97 nipype.workflow INFO:
	 [Node] Finished "fixhdr_skullstrip2", elapsed time 0.036014s.
220226-03:03:10,981 nipype.interface INFO:
	 stderr 2022-02-26T03:03:10.981330:++ 3dvolreg: AFNI version=Debian-16.2.07~dfsg.1-5~nd16.04+1 (Jun 12 2017) [64-bit]
220226-03:03:10,982 nipype.interface INFO:
	 stderr 2022-02-26T03:03:10.981330:++ Authored by: RW Cox
220226-03:03:10,982 nipype.interface INFO:
	 stderr 2022-02-26T03:03:10.982834:** AFNI converts NIFTI_datatype=4 (INT16) in file /scratch/fmriprep_wf/single_subject_10003_wf/func_preproc_task_sharedreward_acq_mb3me1_wf/bold_t1_trans_wf/bold_reference_wf/gen_ref/slice.nii.gz to FLOAT32
220226-03:03:10,983 nipype.interface INFO:
	 stderr 2022-02-26T03:03:10.982834:     Warnings of this type will be muted for this session.
220226-03:03:10,983 nipype.interface INFO:
	 stderr 2022-02-26T03:03:10.982834:     Set AFNI_NIFTI_TYPE_WARN to YES to see them all, NO to see none.
220226-03:03:10,983 nipype.interface INFO:
	 stderr 2022-02-26T03:03:10.982834:++ Coarse del was 10, replaced with 5
220226-03:03:11,732 nipype.workflow INFO:
	 [Node] Setting-up "fmriprep_wf.single_subject_10003_wf.func_preproc_task_sharedreward_acq_mb1me4_echo_1_wf.bold_t1_trans_wf.bold_reference_wf.enhance_and_skullstrip_bold_wf.fixhdr_skullstrip2" in "/scratch/fmriprep_wf/single_subject_10003_wf/func_preproc_task_sharedreward_acq_mb1me4_echo_1_wf/bold_t1_trans_wf/bold_reference_wf/enhance_and_skullstrip_bold_wf/fixhdr_skullstrip2".
220226-03:03:11,732 nipype.workflow INFO:
	 [Node] Setting-up "fmriprep_wf.single_subject_10003_wf.func_preproc_task_sharedreward_acq_mb3me4_echo_1_wf.bold_t1_trans_wf.bold_reference_wf.enhance_and_skullstrip_bold_wf.combine_masks" in "/scratch/fmriprep_wf/single_subject_10003_wf/func_preproc_task_sharedreward_acq_mb3me4_echo_1_wf/bold_t1_trans_wf/bold_reference_wf/enhance_and_skullstrip_bold_wf/combine_masks".
220226-03:03:11,739 nipype.workflow INFO:
	 [Node] Executing "fixhdr_skullstrip2" <niworkflows.interfaces.utils.CopyXForm>
220226-03:03:11,740 nipype.workflow INFO:
	 [Node] Executing "combine_masks" <nipype.interfaces.fsl.maths.BinaryMaths>
220226-03:03:11,803 nipype.workflow INFO:
	 [Node] Finished "fixhdr_skullstrip2", elapsed time 0.061981s.
220226-03:03:11,904 nipype.workflow INFO:
	 [Node] Finished "combine_masks", elapsed time 0.161466s.
220226-03:03:13,730 nipype.workflow INFO:
	 [Node] Setting-up "fmriprep_wf.single_subject_10003_wf.func_preproc_task_sharedreward_acq_mb1me4_echo_1_wf.bold_t1_trans_wf.bold_reference_wf.enhance_and_skullstrip_bold_wf.combine_masks" in "/scratch/fmriprep_wf/single_subject_10003_wf/func_preproc_task_sharedreward_acq_mb1me4_echo_1_wf/bold_t1_trans_wf/bold_reference_wf/enhance_and_skullstrip_bold_wf/combine_masks".
220226-03:03:13,730 nipype.workflow INFO:
	 [Node] Setting-up "fmriprep_wf.single_subject_10003_wf.func_preproc_task_sharedreward_acq_mb3me4_echo_1_wf.bold_t1_trans_wf.bold_reference_wf.enhance_and_skullstrip_bold_wf.apply_mask" in "/scratch/fmriprep_wf/single_subject_10003_wf/func_preproc_task_sharedreward_acq_mb3me4_echo_1_wf/bold_t1_trans_wf/bold_reference_wf/enhance_and_skullstrip_bold_wf/apply_mask".
220226-03:03:13,738 nipype.workflow INFO:
	 [Node] Executing "combine_masks" <nipype.interfaces.fsl.maths.BinaryMaths>
220226-03:03:13,739 nipype.workflow INFO:
	 [Node] Executing "apply_mask" <nipype.interfaces.fsl.maths.ApplyMask>
220226-03:03:13,932 nipype.workflow INFO:
	 [Node] Finished "combine_masks", elapsed time 0.1915s.
220226-03:03:13,953 nipype.workflow INFO:
	 [Node] Finished "apply_mask", elapsed time 0.212646s.
220226-03:03:15,722 nipype.workflow INFO:
	 [Node] Setting-up "fmriprep_wf.single_subject_10003_wf.func_preproc_task_sharedreward_acq_mb1me4_echo_1_wf.bold_t1_trans_wf.bold_reference_wf.enhance_and_skullstrip_bold_wf.apply_mask" in "/scratch/fmriprep_wf/single_subject_10003_wf/func_preproc_task_sharedreward_acq_mb1me4_echo_1_wf/bold_t1_trans_wf/bold_reference_wf/enhance_and_skullstrip_bold_wf/apply_mask".
220226-03:03:15,725 nipype.workflow INFO:
	 [Node] Executing "apply_mask" <nipype.interfaces.fsl.maths.ApplyMask>
220226-03:03:15,916 nipype.workflow INFO:
	 [Node] Finished "apply_mask", elapsed time 0.190426s.
220226-03:03:36,58 nipype.interface INFO:
	 stderr 2022-02-26T03:03:36.058567:++ Max displacement in automask = 0.12 (mm) at sub-brick 16
220226-03:03:36,59 nipype.interface INFO:
	 stderr 2022-02-26T03:03:36.058567:++ Max delta displ  in automask = 0.16 (mm) at sub-brick 5
220226-03:03:37,402 nipype.workflow INFO:
	 [Node] Finished "gen_ref", elapsed time 27.338237s.
220226-03:03:39,718 nipype.workflow INFO:
	 [Node] Setting-up "fmriprep_wf.single_subject_10003_wf.func_preproc_task_sharedreward_acq_mb3me1_wf.bold_t1_trans_wf.bold_reference_wf.enhance_and_skullstrip_bold_wf.n4_correct" in "/scratch/fmriprep_wf/single_subject_10003_wf/func_preproc_task_sharedreward_acq_mb3me1_wf/bold_t1_trans_wf/bold_reference_wf/enhance_and_skullstrip_bold_wf/n4_correct".
220226-03:03:39,723 nipype.workflow INFO:
	 [Node] Executing "n4_correct" <niworkflows.interfaces.fixes.FixN4BiasFieldCorrection>
220226-03:03:41,448 nipype.workflow INFO:
	 [Node] Finished "n4_correct", elapsed time 1.723495s.
220226-03:03:41,738 nipype.workflow INFO:
	 [Node] Setting-up "fmriprep_wf.single_subject_10003_wf.func_preproc_task_sharedreward_acq_mb3me1_wf.bold_t1_trans_wf.bold_reference_wf.enhance_and_skullstrip_bold_wf.skullstrip_first_pass" in "/scratch/fmriprep_wf/single_subject_10003_wf/func_preproc_task_sharedreward_acq_mb3me1_wf/bold_t1_trans_wf/bold_reference_wf/enhance_and_skullstrip_bold_wf/skullstrip_first_pass".
220226-03:03:41,746 nipype.workflow INFO:
	 [Node] Executing "skullstrip_first_pass" <nipype.interfaces.fsl.preprocess.BET>
220226-03:03:43,677 nipype.workflow INFO:
	 [Node] Finished "skullstrip_first_pass", elapsed time 1.9287s.
220226-03:03:45,746 nipype.workflow INFO:
	 [Node] Setting-up "fmriprep_wf.single_subject_10003_wf.func_preproc_task_sharedreward_acq_mb3me1_wf.bold_t1_trans_wf.bold_reference_wf.enhance_and_skullstrip_bold_wf.skullstrip_first_dilate" in "/scratch/fmriprep_wf/single_subject_10003_wf/func_preproc_task_sharedreward_acq_mb3me1_wf/bold_t1_trans_wf/bold_reference_wf/enhance_and_skullstrip_bold_wf/skullstrip_first_dilate".
220226-03:03:45,750 nipype.workflow INFO:
	 [Node] Executing "skullstrip_first_dilate" <nipype.interfaces.fsl.maths.DilateImage>
220226-03:03:46,393 nipype.workflow INFO:
	 [Node] Finished "skullstrip_first_dilate", elapsed time 0.641803s.
220226-03:03:47,783 nipype.workflow INFO:
	 [Node] Setting-up "fmriprep_wf.single_subject_10003_wf.func_preproc_task_sharedreward_acq_mb3me1_wf.bold_t1_trans_wf.bold_reference_wf.enhance_and_skullstrip_bold_wf.skullstrip_first_mask" in "/scratch/fmriprep_wf/single_subject_10003_wf/func_preproc_task_sharedreward_acq_mb3me1_wf/bold_t1_trans_wf/bold_reference_wf/enhance_and_skullstrip_bold_wf/skullstrip_first_mask".
220226-03:03:47,788 nipype.workflow INFO:
	 [Node] Executing "skullstrip_first_mask" <nipype.interfaces.fsl.maths.ApplyMask>
220226-03:03:47,990 nipype.workflow INFO:
	 [Node] Finished "skullstrip_first_mask", elapsed time 0.200713s.
220226-03:03:49,751 nipype.workflow INFO:
	 [Node] Setting-up "fmriprep_wf.single_subject_10003_wf.func_preproc_task_sharedreward_acq_mb3me1_wf.bold_t1_trans_wf.bold_reference_wf.enhance_and_skullstrip_bold_wf.unifize" in "/scratch/fmriprep_wf/single_subject_10003_wf/func_preproc_task_sharedreward_acq_mb3me1_wf/bold_t1_trans_wf/bold_reference_wf/enhance_and_skullstrip_bold_wf/unifize".
220226-03:03:49,755 nipype.workflow INFO:
	 [Node] Executing "unifize" <nipype.interfaces.afni.utils.Unifize>
220226-03:03:52,120 nipype.workflow INFO:
	 [Node] Finished "unifize", elapsed time 2.364108s.
220226-03:03:53,751 nipype.workflow INFO:
	 [Node] Setting-up "fmriprep_wf.single_subject_10003_wf.func_preproc_task_sharedreward_acq_mb3me1_wf.bold_t1_trans_wf.bold_reference_wf.enhance_and_skullstrip_bold_wf.fixhdr_unifize" in "/scratch/fmriprep_wf/single_subject_10003_wf/func_preproc_task_sharedreward_acq_mb3me1_wf/bold_t1_trans_wf/bold_reference_wf/enhance_and_skullstrip_bold_wf/fixhdr_unifize".
220226-03:03:53,759 nipype.workflow INFO:
	 [Node] Executing "fixhdr_unifize" <niworkflows.interfaces.utils.CopyXForm>
220226-03:03:53,869 nipype.workflow INFO:
	 [Node] Finished "fixhdr_unifize", elapsed time 0.107961s.
220226-03:03:55,751 nipype.workflow INFO:
	 [Node] Setting-up "fmriprep_wf.single_subject_10003_wf.func_preproc_task_sharedreward_acq_mb3me1_wf.bold_t1_trans_wf.bold_reference_wf.enhance_and_skullstrip_bold_wf.skullstrip_second_pass" in "/scratch/fmriprep_wf/single_subject_10003_wf/func_preproc_task_sharedreward_acq_mb3me1_wf/bold_t1_trans_wf/bold_reference_wf/enhance_and_skullstrip_bold_wf/skullstrip_second_pass".
220226-03:03:55,758 nipype.workflow INFO:
	 [Node] Executing "skullstrip_second_pass" <nipype.interfaces.afni.preprocess.Automask>
220226-03:03:55,992 nipype.workflow INFO:
	 [Node] Finished "skullstrip_second_pass", elapsed time 0.23216s.
220226-03:03:57,788 nipype.workflow INFO:
	 [Node] Setting-up "fmriprep_wf.single_subject_10003_wf.func_preproc_task_sharedreward_acq_mb3me1_wf.bold_t1_trans_wf.bold_reference_wf.enhance_and_skullstrip_bold_wf.fixhdr_skullstrip2" in "/scratch/fmriprep_wf/single_subject_10003_wf/func_preproc_task_sharedreward_acq_mb3me1_wf/bold_t1_trans_wf/bold_reference_wf/enhance_and_skullstrip_bold_wf/fixhdr_skullstrip2".
220226-03:03:57,791 nipype.workflow INFO:
	 [Node] Executing "fixhdr_skullstrip2" <niworkflows.interfaces.utils.CopyXForm>
220226-03:03:57,853 nipype.workflow INFO:
	 [Node] Finished "fixhdr_skullstrip2", elapsed time 0.05978s.
220226-03:03:59,793 nipype.workflow INFO:
	 [Node] Setting-up "fmriprep_wf.single_subject_10003_wf.func_preproc_task_sharedreward_acq_mb3me1_wf.bold_t1_trans_wf.bold_reference_wf.enhance_and_skullstrip_bold_wf.combine_masks" in "/scratch/fmriprep_wf/single_subject_10003_wf/func_preproc_task_sharedreward_acq_mb3me1_wf/bold_t1_trans_wf/bold_reference_wf/enhance_and_skullstrip_bold_wf/combine_masks".
220226-03:03:59,797 nipype.workflow INFO:
	 [Node] Executing "combine_masks" <nipype.interfaces.fsl.maths.BinaryMaths>
220226-03:03:59,974 nipype.workflow INFO:
	 [Node] Finished "combine_masks", elapsed time 0.176565s.
220226-03:04:01,755 nipype.workflow INFO:
	 [Node] Setting-up "fmriprep_wf.single_subject_10003_wf.func_preproc_task_sharedreward_acq_mb3me1_wf.bold_t1_trans_wf.bold_reference_wf.enhance_and_skullstrip_bold_wf.apply_mask" in "/scratch/fmriprep_wf/single_subject_10003_wf/func_preproc_task_sharedreward_acq_mb3me1_wf/bold_t1_trans_wf/bold_reference_wf/enhance_and_skullstrip_bold_wf/apply_mask".
220226-03:04:01,758 nipype.workflow INFO:
	 [Node] Executing "apply_mask" <nipype.interfaces.fsl.maths.ApplyMask>
220226-03:04:02,9 nipype.workflow INFO:
	 [Node] Finished "apply_mask", elapsed time 0.250058s.
220226-03:27:23,883 nipype.workflow INFO:
	 [Node] Finished "registration", elapsed time 2397.016287s.
220226-03:27:25,71 nipype.workflow INFO:
	 [Node] Setting-up "fmriprep_wf.single_subject_10003_wf.anat_preproc_wf.anat_norm_wf.std_mask" in "/scratch/fmriprep_wf/single_subject_10003_wf/anat_preproc_wf/anat_norm_wf/_template_MNI152NLin2009cAsym/std_mask".
220226-03:27:25,73 nipype.workflow INFO:
	 [Node] Setting-up "fmriprep_wf.single_subject_10003_wf.anat_preproc_wf.anat_norm_wf.tpl_moving" in "/scratch/fmriprep_wf/single_subject_10003_wf/anat_preproc_wf/anat_norm_wf/_template_MNI152NLin2009cAsym/tpl_moving".
220226-03:27:25,119 nipype.workflow INFO:
	 [Node] Executing "tpl_moving" <niworkflows.interfaces.fixes.FixHeaderApplyTransforms>
220226-03:27:25,130 nipype.workflow INFO:
	 [Node] Setting-up "fmriprep_wf.single_subject_10003_wf.anat_preproc_wf.anat_norm_wf.std_dseg" in "/scratch/fmriprep_wf/single_subject_10003_wf/anat_preproc_wf/anat_norm_wf/_template_MNI152NLin2009cAsym/std_dseg".
220226-03:27:25,156 nipype.workflow INFO:
	 [Node] Executing "std_dseg" <niworkflows.interfaces.fixes.FixHeaderApplyTransforms>
220226-03:27:25,417 nipype.workflow INFO:
	 [Node] Executing "std_mask" <niworkflows.interfaces.fixes.FixHeaderApplyTransforms>
220226-03:27:27,81 nipype.workflow INFO:
	 [Node] Setting-up "_std_tpms0" in "/scratch/fmriprep_wf/single_subject_10003_wf/anat_preproc_wf/anat_norm_wf/_template_MNI152NLin2009cAsym/std_tpms/mapflow/_std_tpms0".
220226-03:27:27,82 nipype.workflow INFO:
	 [Node] Setting-up "_std_tpms1" in "/scratch/fmriprep_wf/single_subject_10003_wf/anat_preproc_wf/anat_norm_wf/_template_MNI152NLin2009cAsym/std_tpms/mapflow/_std_tpms1".
220226-03:27:27,83 nipype.workflow INFO:
	 [Node] Setting-up "_std_tpms2" in "/scratch/fmriprep_wf/single_subject_10003_wf/anat_preproc_wf/anat_norm_wf/_template_MNI152NLin2009cAsym/std_tpms/mapflow/_std_tpms2".
220226-03:27:27,86 nipype.workflow INFO:
	 [Node] Executing "_std_tpms1" <niworkflows.interfaces.fixes.FixHeaderApplyTransforms>
220226-03:27:27,88 nipype.workflow INFO:
	 [Node] Executing "_std_tpms0" <niworkflows.interfaces.fixes.FixHeaderApplyTransforms>
220226-03:27:27,89 nipype.workflow INFO:
	 [Node] Executing "_std_tpms2" <niworkflows.interfaces.fixes.FixHeaderApplyTransforms>
220226-03:27:53,565 nipype.workflow INFO:
	 [Node] Finished "_std_tpms2", elapsed time 26.472899s.
220226-03:27:53,565 nipype.workflow INFO:
	 [Node] Finished "_std_tpms1", elapsed time 26.476273s.
220226-03:27:53,597 nipype.workflow INFO:
	 [Node] Finished "_std_tpms0", elapsed time 26.507112s.
220226-03:27:55,160 nipype.workflow INFO:
	 [Node] Setting-up "_std_tpms0" in "/scratch/fmriprep_wf/single_subject_10003_wf/anat_preproc_wf/anat_norm_wf/_template_MNI152NLin2009cAsym/std_tpms/mapflow/_std_tpms0".
220226-03:27:55,163 nipype.workflow INFO:
	 [Node] Cached "_std_tpms0" - collecting precomputed outputs
220226-03:27:55,163 nipype.workflow INFO:
	 [Node] "_std_tpms0" found cached.
220226-03:27:55,166 nipype.workflow INFO:
	 [Node] Setting-up "_std_tpms1" in "/scratch/fmriprep_wf/single_subject_10003_wf/anat_preproc_wf/anat_norm_wf/_template_MNI152NLin2009cAsym/std_tpms/mapflow/_std_tpms1".
220226-03:27:55,168 nipype.workflow INFO:
	 [Node] Cached "_std_tpms1" - collecting precomputed outputs
220226-03:27:55,169 nipype.workflow INFO:
	 [Node] "_std_tpms1" found cached.
220226-03:27:55,171 nipype.workflow INFO:
	 [Node] Setting-up "_std_tpms2" in "/scratch/fmriprep_wf/single_subject_10003_wf/anat_preproc_wf/anat_norm_wf/_template_MNI152NLin2009cAsym/std_tpms/mapflow/_std_tpms2".
220226-03:27:55,172 nipype.workflow INFO:
	 [Node] Cached "_std_tpms2" - collecting precomputed outputs
220226-03:27:55,173 nipype.workflow INFO:
	 [Node] "_std_tpms2" found cached.
220226-03:28:10,832 nipype.workflow INFO:
	 [Node] Finished "tpl_moving", elapsed time 45.711191s.
220226-03:29:53,497 nipype.workflow INFO:
	 [Node] Finished "std_mask", elapsed time 148.078814s.
220226-03:29:55,269 nipype.workflow INFO:
	 [Node] Setting-up "fmriprep_wf.single_subject_10003_wf.anat_preproc_wf.anat_reports_wf.norm_msk" in "/scratch/fmriprep_wf/single_subject_10003_wf/anat_preproc_wf/anat_reports_wf/_template_MNI152NLin2009cAsym/norm_msk".
220226-03:29:55,855 nipype.workflow INFO:
	 [Node] Executing "norm_msk" <nipype.interfaces.utility.wrappers.Function>
220226-03:29:57,954 nipype.workflow INFO:
	 [Node] Finished "norm_msk", elapsed time 2.097602s.
220226-03:29:59,265 nipype.workflow INFO:
	 [Node] Setting-up "fmriprep_wf.single_subject_10003_wf.anat_preproc_wf.anat_reports_wf.norm_rpt" in "/scratch/fmriprep_wf/single_subject_10003_wf/anat_preproc_wf/anat_reports_wf/_template_MNI152NLin2009cAsym/norm_rpt".
220226-03:29:59,269 nipype.workflow INFO:
	 [Node] Executing "norm_rpt" <niworkflows.interfaces.registration.SimpleBeforeAfterRPT>
220226-03:29:59,966 nipype.workflow INFO:
	 [Node] Finished "std_dseg", elapsed time 154.808033s.
220226-03:30:01,234 nipype.workflow INFO:
	 [Node] Setting-up "fmriprep_wf.single_subject_10003_wf.anat_preproc_wf.anat_norm_wf.outputnode" in "/scratch/fmriprep_wf/single_subject_10003_wf/anat_preproc_wf/anat_norm_wf/outputnode".
220226-03:30:01,784 nipype.workflow INFO:
	 [Node] Executing "outputnode" <nipype.interfaces.utility.base.IdentityInterface>
220226-03:30:01,787 nipype.workflow INFO:
	 [Node] Finished "outputnode", elapsed time 0.00094s.
220226-03:30:09,26 nipype.workflow INFO:
	 [Node] Setting-up "fmriprep_wf.single_subject_10003_wf.anat_preproc_wf.anat_derivatives_wf.anat2std_dseg" in "/scratch/fmriprep_wf/single_subject_10003_wf/anat_preproc_wf/anat_derivatives_wf/_in_tuple_MNI152NLin2009cAsym.resnative/anat2std_dseg".
220226-03:30:09,28 nipype.workflow INFO:
	 [Node] Setting-up "fmriprep_wf.single_subject_10003_wf.anat_preproc_wf.anat_derivatives_wf.anat2std_mask" in "/scratch/fmriprep_wf/single_subject_10003_wf/anat_preproc_wf/anat_derivatives_wf/_in_tuple_MNI152NLin2009cAsym.resnative/anat2std_mask".
220226-03:30:09,28 nipype.workflow INFO:
	 [Node] Setting-up "fmriprep_wf.single_subject_10003_wf.anat_preproc_wf.anat_derivatives_wf.anat2std_t1w" in "/scratch/fmriprep_wf/single_subject_10003_wf/anat_preproc_wf/anat_derivatives_wf/_in_tuple_MNI152NLin2009cAsym.resnative/anat2std_t1w".
220226-03:30:09,39 nipype.workflow INFO:
	 [Node] Executing "anat2std_mask" <niworkflows.interfaces.fixes.FixHeaderApplyTransforms>
220226-03:30:09,45 nipype.workflow INFO:
	 [Node] Executing "anat2std_dseg" <niworkflows.interfaces.fixes.FixHeaderApplyTransforms>
220226-03:30:09,46 nipype.workflow INFO:
	 [Node] Executing "anat2std_t1w" <niworkflows.interfaces.fixes.FixHeaderApplyTransforms>
220226-03:30:09,589 nipype.workflow INFO:
	 [Node] Setting-up "fmriprep_wf.single_subject_10003_wf.func_preproc_task_sharedreward_acq_mb1me1_wf.carpetplot_wf.mrg_xfms" in "/scratch/fmriprep_wf/single_subject_10003_wf/func_preproc_task_sharedreward_acq_mb1me1_wf/carpetplot_wf/mrg_xfms".
220226-03:30:09,608 nipype.workflow INFO:
	 [Node] Executing "mrg_xfms" <nipype.interfaces.utility.base.Merge>
220226-03:30:09,610 nipype.workflow INFO:
	 [Node] Finished "mrg_xfms", elapsed time 0.000362s.
220226-03:30:10,34 nipype.workflow INFO:
	 [Node] Setting-up "fmriprep_wf.single_subject_10003_wf.func_preproc_task_sharedreward_acq_mb1me4_echo_1_wf.carpetplot_wf.mrg_xfms" in "/scratch/fmriprep_wf/single_subject_10003_wf/func_preproc_task_sharedreward_acq_mb1me4_echo_1_wf/carpetplot_wf/mrg_xfms".
220226-03:30:10,64 nipype.workflow INFO:
	 [Node] Executing "mrg_xfms" <nipype.interfaces.utility.base.Merge>
220226-03:30:10,66 nipype.workflow INFO:
	 [Node] Finished "mrg_xfms", elapsed time 0.000374s.
220226-03:30:10,502 nipype.workflow INFO:
	 [Node] Setting-up "fmriprep_wf.single_subject_10003_wf.func_preproc_task_sharedreward_acq_mb3me1_wf.carpetplot_wf.mrg_xfms" in "/scratch/fmriprep_wf/single_subject_10003_wf/func_preproc_task_sharedreward_acq_mb3me1_wf/carpetplot_wf/mrg_xfms".
220226-03:30:10,526 nipype.workflow INFO:
	 [Node] Executing "mrg_xfms" <nipype.interfaces.utility.base.Merge>
220226-03:30:10,534 nipype.workflow INFO:
	 [Node] Finished "mrg_xfms", elapsed time 0.000419s.
220226-03:30:11,9 nipype.workflow INFO:
	 [Node] Setting-up "fmriprep_wf.single_subject_10003_wf.func_preproc_task_sharedreward_acq_mb3me4_echo_1_wf.carpetplot_wf.mrg_xfms" in "/scratch/fmriprep_wf/single_subject_10003_wf/func_preproc_task_sharedreward_acq_mb3me4_echo_1_wf/carpetplot_wf/mrg_xfms".
220226-03:30:11,42 nipype.workflow INFO:
	 [Node] Executing "mrg_xfms" <nipype.interfaces.utility.base.Merge>
220226-03:30:11,44 nipype.workflow INFO:
	 [Node] Finished "mrg_xfms", elapsed time 0.000329s.
220226-03:30:11,546 nipype.workflow INFO:
	 [Node] Setting-up "fmriprep_wf.single_subject_10003_wf.func_preproc_task_sharedreward_acq_mb6me1_wf.carpetplot_wf.mrg_xfms" in "/scratch/fmriprep_wf/single_subject_10003_wf/func_preproc_task_sharedreward_acq_mb6me1_wf/carpetplot_wf/mrg_xfms".
220226-03:30:11,571 nipype.workflow INFO:
	 [Node] Executing "mrg_xfms" <nipype.interfaces.utility.base.Merge>
220226-03:30:11,573 nipype.workflow INFO:
	 [Node] Finished "mrg_xfms", elapsed time 0.000387s.
220226-03:30:12,27 nipype.workflow INFO:
	 [Node] Setting-up "fmriprep_wf.single_subject_10003_wf.func_preproc_task_sharedreward_acq_mb6me4_echo_1_wf.carpetplot_wf.mrg_xfms" in "/scratch/fmriprep_wf/single_subject_10003_wf/func_preproc_task_sharedreward_acq_mb6me4_echo_1_wf/carpetplot_wf/mrg_xfms".
220226-03:30:12,83 nipype.workflow INFO:
	 [Node] Executing "mrg_xfms" <nipype.interfaces.utility.base.Merge>
220226-03:30:12,85 nipype.workflow INFO:
	 [Node] Finished "mrg_xfms", elapsed time 0.00033s.
220226-03:30:12,258 nipype.workflow INFO:
	 [Node] Setting-up "fmriprep_wf.single_subject_10003_wf.func_preproc_task_sharedreward_acq_mb1me1_wf.bold_std_trans_wf.mask_std_tfm" in "/scratch/fmriprep_wf/single_subject_10003_wf/func_preproc_task_sharedreward_acq_mb1me1_wf/bold_std_trans_wf/_std_target_MNI152NLin2009cAsym.resnative/mask_std_tfm".
220226-03:30:12,261 nipype.workflow INFO:
	 [Node] Setting-up "fmriprep_wf.single_subject_10003_wf.func_preproc_task_sharedreward_acq_mb1me1_wf.bold_std_trans_wf.bold_to_std_transform" in "/scratch/fmriprep_wf/single_subject_10003_wf/func_preproc_task_sharedreward_acq_mb1me1_wf/bold_std_trans_wf/_std_target_MNI152NLin2009cAsym.resnative/bold_to_std_transform".
220226-03:30:12,263 nipype.workflow INFO:
	 [Node] Setting-up "fmriprep_wf.single_subject_10003_wf.func_preproc_task_sharedreward_acq_mb1me1_wf.carpetplot_wf.resample_parc" in "/scratch/fmriprep_wf/single_subject_10003_wf/func_preproc_task_sharedreward_acq_mb1me1_wf/carpetplot_wf/resample_parc".
220226-03:30:12,266 nipype.workflow INFO:
	 [Node] Setting-up "fmriprep_wf.single_subject_10003_wf.func_preproc_task_sharedreward_acq_mb1me4_echo_1_wf.bold_std_trans_wf.mask_std_tfm" in "/scratch/fmriprep_wf/single_subject_10003_wf/func_preproc_task_sharedreward_acq_mb1me4_echo_1_wf/bold_std_trans_wf/_std_target_MNI152NLin2009cAsym.resnative/mask_std_tfm".
220226-03:30:12,266 nipype.workflow INFO:
	 [Node] Setting-up "fmriprep_wf.single_subject_10003_wf.func_preproc_task_sharedreward_acq_mb1me4_echo_1_wf.bold_std_trans_wf.bold_to_std_transform" in "/scratch/fmriprep_wf/single_subject_10003_wf/func_preproc_task_sharedreward_acq_mb1me4_echo_1_wf/bold_std_trans_wf/_std_target_MNI152NLin2009cAsym.resnative/bold_to_std_transform".
220226-03:30:12,269 nipype.workflow INFO:
	 [Node] Setting-up "fmriprep_wf.single_subject_10003_wf.func_preproc_task_sharedreward_acq_mb1me4_echo_1_wf.carpetplot_wf.resample_parc" in "/scratch/fmriprep_wf/single_subject_10003_wf/func_preproc_task_sharedreward_acq_mb1me4_echo_1_wf/carpetplot_wf/resample_parc".
220226-03:30:12,271 nipype.workflow INFO:
	 [Node] Setting-up "fmriprep_wf.single_subject_10003_wf.func_preproc_task_sharedreward_acq_mb3me1_wf.bold_std_trans_wf.bold_to_std_transform" in "/scratch/fmriprep_wf/single_subject_10003_wf/func_preproc_task_sharedreward_acq_mb3me1_wf/bold_std_trans_wf/_std_target_MNI152NLin2009cAsym.resnative/bold_to_std_transform".
220226-03:30:12,272 nipype.workflow INFO:
	 [Node] Setting-up "fmriprep_wf.single_subject_10003_wf.func_preproc_task_sharedreward_acq_mb3me4_echo_1_wf.bold_std_trans_wf.mask_std_tfm" in "/scratch/fmriprep_wf/single_subject_10003_wf/func_preproc_task_sharedreward_acq_mb3me4_echo_1_wf/bold_std_trans_wf/_std_target_MNI152NLin2009cAsym.resnative/mask_std_tfm".
220226-03:30:12,273 nipype.workflow INFO:
	 [Node] Setting-up "fmriprep_wf.single_subject_10003_wf.func_preproc_task_sharedreward_acq_mb3me1_wf.bold_std_trans_wf.mask_std_tfm" in "/scratch/fmriprep_wf/single_subject_10003_wf/func_preproc_task_sharedreward_acq_mb3me1_wf/bold_std_trans_wf/_std_target_MNI152NLin2009cAsym.resnative/mask_std_tfm".
220226-03:30:12,274 nipype.workflow INFO:
	 [Node] Setting-up "fmriprep_wf.single_subject_10003_wf.func_preproc_task_sharedreward_acq_mb3me1_wf.carpetplot_wf.resample_parc" in "/scratch/fmriprep_wf/single_subject_10003_wf/func_preproc_task_sharedreward_acq_mb3me1_wf/carpetplot_wf/resample_parc".
220226-03:30:12,276 nipype.workflow INFO:
	 [Node] Setting-up "fmriprep_wf.single_subject_10003_wf.func_preproc_task_sharedreward_acq_mb3me4_echo_1_wf.bold_std_trans_wf.bold_to_std_transform" in "/scratch/fmriprep_wf/single_subject_10003_wf/func_preproc_task_sharedreward_acq_mb3me4_echo_1_wf/bold_std_trans_wf/_std_target_MNI152NLin2009cAsym.resnative/bold_to_std_transform".
220226-03:30:12,282 nipype.workflow INFO:
	 [Node] Setting-up "fmriprep_wf.single_subject_10003_wf.func_preproc_task_sharedreward_acq_mb3me4_echo_1_wf.carpetplot_wf.resample_parc" in "/scratch/fmriprep_wf/single_subject_10003_wf/func_preproc_task_sharedreward_acq_mb3me4_echo_1_wf/carpetplot_wf/resample_parc".
220226-03:30:12,282 nipype.workflow INFO:
	 [Node] Setting-up "fmriprep_wf.single_subject_10003_wf.func_preproc_task_sharedreward_acq_mb6me1_wf.carpetplot_wf.resample_parc" in "/scratch/fmriprep_wf/single_subject_10003_wf/func_preproc_task_sharedreward_acq_mb6me1_wf/carpetplot_wf/resample_parc".
220226-03:30:12,282 nipype.workflow INFO:
	 [Node] Setting-up "fmriprep_wf.single_subject_10003_wf.func_preproc_task_sharedreward_acq_mb6me4_echo_1_wf.bold_std_trans_wf.mask_std_tfm" in "/scratch/fmriprep_wf/single_subject_10003_wf/func_preproc_task_sharedreward_acq_mb6me4_echo_1_wf/bold_std_trans_wf/_std_target_MNI152NLin2009cAsym.resnative/mask_std_tfm".
220226-03:30:12,291 nipype.workflow INFO:
	 [Node] Setting-up "fmriprep_wf.single_subject_10003_wf.func_preproc_task_sharedreward_acq_mb6me1_wf.bold_std_trans_wf.mask_std_tfm" in "/scratch/fmriprep_wf/single_subject_10003_wf/func_preproc_task_sharedreward_acq_mb6me1_wf/bold_std_trans_wf/_std_target_MNI152NLin2009cAsym.resnative/mask_std_tfm".
220226-03:30:12,327 nipype.workflow INFO:
	 [Node] Executing "resample_parc" <niworkflows.interfaces.fixes.FixHeaderApplyTransforms>
220226-03:30:12,332 nipype.workflow INFO:
	 [Node] Executing "resample_parc" <niworkflows.interfaces.fixes.FixHeaderApplyTransforms>
220226-03:30:12,340 nipype.workflow INFO:
	 [Node] Executing "mask_std_tfm" <niworkflows.interfaces.fixes.FixHeaderApplyTransforms>
220226-03:30:12,372 nipype.workflow INFO:
	 [Node] Executing "resample_parc" <niworkflows.interfaces.fixes.FixHeaderApplyTransforms>
220226-03:30:12,379 nipype.workflow INFO:
	 [Node] Executing "resample_parc" <niworkflows.interfaces.fixes.FixHeaderApplyTransforms>
220226-03:30:12,380 nipype.workflow INFO:
	 [Node] Executing "mask_std_tfm" <niworkflows.interfaces.fixes.FixHeaderApplyTransforms>
220226-03:30:12,410 nipype.workflow INFO:
	 [Node] Executing "resample_parc" <niworkflows.interfaces.fixes.FixHeaderApplyTransforms>
220226-03:30:12,411 nipype.workflow INFO:
	 [Node] Executing "mask_std_tfm" <niworkflows.interfaces.fixes.FixHeaderApplyTransforms>
220226-03:30:12,426 nipype.workflow INFO:
	 [Node] Executing "bold_to_std_transform" <niworkflows.interfaces.itk.MultiApplyTransforms>
220226-03:30:12,512 nipype.workflow INFO:
	 [Node] Executing "mask_std_tfm" <niworkflows.interfaces.fixes.FixHeaderApplyTransforms>
220226-03:30:12,519 nipype.workflow INFO:
	 [Node] Executing "mask_std_tfm" <niworkflows.interfaces.fixes.FixHeaderApplyTransforms>
220226-03:30:12,527 nipype.workflow INFO:
	 [Node] Executing "mask_std_tfm" <niworkflows.interfaces.fixes.FixHeaderApplyTransforms>
220226-03:30:12,619 nipype.workflow INFO:
	 [Node] Executing "bold_to_std_transform" <niworkflows.interfaces.itk.MultiApplyTransforms>
220226-03:30:12,666 nipype.workflow INFO:
	 [Node] Executing "bold_to_std_transform" <niworkflows.interfaces.itk.MultiApplyTransforms>
220226-03:30:12,688 nipype.workflow INFO:
	 [Node] Executing "bold_to_std_transform" <niworkflows.interfaces.itk.MultiApplyTransforms>
220226-03:30:14,681 nipype.workflow INFO:
	 [Node] Setting-up "fmriprep_wf.single_subject_10003_wf.func_preproc_task_sharedreward_acq_mb6me4_echo_1_wf.carpetplot_wf.resample_parc" in "/scratch/fmriprep_wf/single_subject_10003_wf/func_preproc_task_sharedreward_acq_mb6me4_echo_1_wf/carpetplot_wf/resample_parc".
220226-03:30:14,693 nipype.workflow INFO:
	 [Node] Executing "resample_parc" <niworkflows.interfaces.fixes.FixHeaderApplyTransforms>
220226-03:30:18,1 nipype.workflow INFO:
	 [Node] Finished "norm_rpt", elapsed time 18.730089s.
220226-03:30:18,839 nipype.workflow INFO:
	 [Node] Setting-up "_anat2std_tpms0" in "/scratch/fmriprep_wf/single_subject_10003_wf/anat_preproc_wf/anat_derivatives_wf/_in_tuple_MNI152NLin2009cAsym.resnative/anat2std_tpms/mapflow/_anat2std_tpms0".
220226-03:30:18,844 nipype.workflow INFO:
	 [Node] Executing "_anat2std_tpms0" <niworkflows.interfaces.fixes.FixHeaderApplyTransforms>
220226-03:30:22,784 nipype.workflow INFO:
	 [Node] Finished "resample_parc", elapsed time 10.408442s.
220226-03:30:23,429 nipype.workflow INFO:
	 [Node] Finished "mask_std_tfm", elapsed time 10.908612s.
220226-03:30:23,805 nipype.workflow INFO:
	 [Node] Finished "mask_std_tfm", elapsed time 11.463052s.
220226-03:30:24,514 nipype.workflow INFO:
	 [Node] Setting-up "fmriprep_wf.single_subject_10003_wf.func_preproc_task_sharedreward_acq_mb1me1_wf.bold_std_trans_wf.bold_reference_wf.enhance_and_skullstrip_bold_wf.pre_mask_dilate" in "/scratch/fmriprep_wf/single_subject_10003_wf/func_preproc_task_sharedreward_acq_mb1me1_wf/bold_std_trans_wf/bold_reference_wf/enhance_and_skullstrip_bold_wf/_std_target_MNI152NLin2009cAsym.resnative/pre_mask_dilate".
220226-03:30:24,518 nipype.workflow INFO:
	 [Node] Executing "pre_mask_dilate" <nipype.interfaces.fsl.maths.DilateImage>
220226-03:30:24,529 nipype.workflow INFO:
	 [Node] Setting-up "fmriprep_wf.single_subject_10003_wf.func_preproc_task_sharedreward_acq_mb1me4_echo_1_wf.bold_std_trans_wf.bold_reference_wf.enhance_and_skullstrip_bold_wf.pre_mask_dilate" in "/scratch/fmriprep_wf/single_subject_10003_wf/func_preproc_task_sharedreward_acq_mb1me4_echo_1_wf/bold_std_trans_wf/bold_reference_wf/enhance_and_skullstrip_bold_wf/_std_target_MNI152NLin2009cAsym.resnative/pre_mask_dilate".
220226-03:30:24,532 nipype.workflow INFO:
	 [Node] Setting-up "fmriprep_wf.single_subject_10003_wf.func_preproc_task_sharedreward_acq_mb1me4_echo_1_wf.carpetplot_wf.conf_plot" in "/scratch/fmriprep_wf/single_subject_10003_wf/func_preproc_task_sharedreward_acq_mb1me4_echo_1_wf/carpetplot_wf/conf_plot".
220226-03:30:24,533 nipype.workflow INFO:
	 [Node] Executing "pre_mask_dilate" <nipype.interfaces.fsl.maths.DilateImage>
220226-03:30:24,577 nipype.workflow INFO:
	 [Node] Executing "conf_plot" <fmriprep.interfaces.confounds.FMRISummary>
220226-03:30:24,748 nipype.workflow INFO:
	 [Node] Finished "resample_parc", elapsed time 12.413585s.
220226-03:30:25,279 nipype.workflow INFO:
	 [Node] Finished "resample_parc", elapsed time 12.94997s.
220226-03:30:25,900 nipype.workflow INFO:
	 [Node] Finished "pre_mask_dilate", elapsed time 1.365641s.
220226-03:30:26,149 nipype.workflow INFO:
	 [Node] Finished "pre_mask_dilate", elapsed time 1.628735s.
220226-03:30:26,526 nipype.workflow INFO:
	 [Node] Setting-up "fmriprep_wf.single_subject_10003_wf.func_preproc_task_sharedreward_acq_mb1me1_wf.carpetplot_wf.conf_plot" in "/scratch/fmriprep_wf/single_subject_10003_wf/func_preproc_task_sharedreward_acq_mb1me1_wf/carpetplot_wf/conf_plot".
220226-03:30:26,528 nipype.workflow INFO:
	 [Node] Setting-up "fmriprep_wf.single_subject_10003_wf.func_preproc_task_sharedreward_acq_mb6me1_wf.carpetplot_wf.conf_plot" in "/scratch/fmriprep_wf/single_subject_10003_wf/func_preproc_task_sharedreward_acq_mb6me1_wf/carpetplot_wf/conf_plot".
220226-03:30:26,530 nipype.workflow INFO:
	 [Node] Setting-up "_anat2std_tpms1" in "/scratch/fmriprep_wf/single_subject_10003_wf/anat_preproc_wf/anat_derivatives_wf/_in_tuple_MNI152NLin2009cAsym.resnative/anat2std_tpms/mapflow/_anat2std_tpms1".
220226-03:30:26,547 nipype.workflow INFO:
	 [Node] Executing "_anat2std_tpms1" <niworkflows.interfaces.fixes.FixHeaderApplyTransforms>
220226-03:30:26,567 nipype.workflow INFO:
	 [Node] Executing "conf_plot" <fmriprep.interfaces.confounds.FMRISummary>
220226-03:30:26,599 nipype.workflow INFO:
	 [Node] Executing "conf_plot" <fmriprep.interfaces.confounds.FMRISummary>
220226-03:30:28,482 nipype.workflow INFO:
	 [Node] Setting-up "_anat2std_tpms2" in "/scratch/fmriprep_wf/single_subject_10003_wf/anat_preproc_wf/anat_derivatives_wf/_in_tuple_MNI152NLin2009cAsym.resnative/anat2std_tpms/mapflow/_anat2std_tpms2".
220226-03:30:28,487 nipype.workflow INFO:
	 [Node] Executing "_anat2std_tpms2" <niworkflows.interfaces.fixes.FixHeaderApplyTransforms>
220226-03:30:28,958 nipype.workflow INFO:
	 [Node] Finished "resample_parc", elapsed time 14.262694s.
220226-03:30:29,99 nipype.workflow INFO:
	 [Node] Finished "resample_parc", elapsed time 16.717505s.
220226-03:30:29,137 nipype.workflow INFO:
	 [Node] Finished "mask_std_tfm", elapsed time 16.724798s.
220226-03:30:29,715 nipype.workflow INFO:
	 [Node] Finished "resample_parc", elapsed time 17.303664s.
220226-03:30:30,578 nipype.workflow INFO:
	 [Node] Setting-up "fmriprep_wf.single_subject_10003_wf.func_preproc_task_sharedreward_acq_mb3me1_wf.bold_std_trans_wf.bold_reference_wf.enhance_and_skullstrip_bold_wf.pre_mask_dilate" in "/scratch/fmriprep_wf/single_subject_10003_wf/func_preproc_task_sharedreward_acq_mb3me1_wf/bold_std_trans_wf/bold_reference_wf/enhance_and_skullstrip_bold_wf/_std_target_MNI152NLin2009cAsym.resnative/pre_mask_dilate".
220226-03:30:30,599 nipype.workflow INFO:
	 [Node] Setting-up "fmriprep_wf.single_subject_10003_wf.func_preproc_task_sharedreward_acq_mb6me4_echo_1_wf.carpetplot_wf.conf_plot" in "/scratch/fmriprep_wf/single_subject_10003_wf/func_preproc_task_sharedreward_acq_mb6me4_echo_1_wf/carpetplot_wf/conf_plot".
220226-03:30:30,603 nipype.workflow INFO:
	 [Node] Executing "pre_mask_dilate" <nipype.interfaces.fsl.maths.DilateImage>
220226-03:30:30,593 nipype.workflow INFO:
	 [Node] Setting-up "fmriprep_wf.single_subject_10003_wf.func_preproc_task_sharedreward_acq_mb3me1_wf.carpetplot_wf.conf_plot" in "/scratch/fmriprep_wf/single_subject_10003_wf/func_preproc_task_sharedreward_acq_mb3me1_wf/carpetplot_wf/conf_plot".
220226-03:30:30,597 nipype.workflow INFO:
	 [Node] Setting-up "fmriprep_wf.single_subject_10003_wf.func_preproc_task_sharedreward_acq_mb3me4_echo_1_wf.carpetplot_wf.conf_plot" in "/scratch/fmriprep_wf/single_subject_10003_wf/func_preproc_task_sharedreward_acq_mb3me4_echo_1_wf/carpetplot_wf/conf_plot".
220226-03:30:30,696 nipype.workflow INFO:
	 [Node] Executing "conf_plot" <fmriprep.interfaces.confounds.FMRISummary>
220226-03:30:30,702 nipype.workflow INFO:
	 [Node] Executing "conf_plot" <fmriprep.interfaces.confounds.FMRISummary>
220226-03:30:30,746 nipype.workflow INFO:
	 [Node] Executing "conf_plot" <fmriprep.interfaces.confounds.FMRISummary>
220226-03:30:31,74 nipype.workflow INFO:
	 [Node] Finished "conf_plot", elapsed time 6.495606s.
220226-03:30:32,558 nipype.workflow INFO:
	 [Node] Finished "pre_mask_dilate", elapsed time 1.953458s.
220226-03:30:32,632 nipype.workflow INFO:
	 [Node] Finished "mask_std_tfm", elapsed time 20.11899s.
220226-03:30:34,536 nipype.workflow INFO:
	 [Node] Setting-up "fmriprep_wf.single_subject_10003_wf.func_preproc_task_sharedreward_acq_mb6me1_wf.bold_std_trans_wf.bold_reference_wf.enhance_and_skullstrip_bold_wf.pre_mask_dilate" in "/scratch/fmriprep_wf/single_subject_10003_wf/func_preproc_task_sharedreward_acq_mb6me1_wf/bold_std_trans_wf/bold_reference_wf/enhance_and_skullstrip_bold_wf/_std_target_MNI152NLin2009cAsym.resnative/pre_mask_dilate".
220226-03:30:34,540 nipype.workflow INFO:
	 [Node] Executing "pre_mask_dilate" <nipype.interfaces.fsl.maths.DilateImage>
220226-03:30:34,612 nipype.workflow INFO:
	 [Node] Finished "conf_plot", elapsed time 8.043364s.
220226-03:30:34,679 nipype.workflow INFO:
	 [Node] Finished "mask_std_tfm", elapsed time 22.296724s.
220226-03:30:35,207 nipype.workflow INFO:
	 [Node] Finished "mask_std_tfm", elapsed time 22.661556s.
220226-03:30:36,40 nipype.workflow INFO:
	 [Node] Finished "pre_mask_dilate", elapsed time 1.4978609999999999s.
220226-03:30:36,726 nipype.workflow INFO:
	 [Node] Setting-up "fmriprep_wf.single_subject_10003_wf.func_preproc_task_sharedreward_acq_mb3me4_echo_1_wf.bold_std_trans_wf.bold_reference_wf.enhance_and_skullstrip_bold_wf.pre_mask_dilate" in "/scratch/fmriprep_wf/single_subject_10003_wf/func_preproc_task_sharedreward_acq_mb3me4_echo_1_wf/bold_std_trans_wf/bold_reference_wf/enhance_and_skullstrip_bold_wf/_std_target_MNI152NLin2009cAsym.resnative/pre_mask_dilate".
220226-03:30:36,730 nipype.workflow INFO:
	 [Node] Executing "pre_mask_dilate" <nipype.interfaces.fsl.maths.DilateImage>
220226-03:30:36,741 nipype.workflow INFO:
	 [Node] Setting-up "fmriprep_wf.single_subject_10003_wf.func_preproc_task_sharedreward_acq_mb6me4_echo_1_wf.bold_std_trans_wf.bold_reference_wf.enhance_and_skullstrip_bold_wf.pre_mask_dilate" in "/scratch/fmriprep_wf/single_subject_10003_wf/func_preproc_task_sharedreward_acq_mb6me4_echo_1_wf/bold_std_trans_wf/bold_reference_wf/enhance_and_skullstrip_bold_wf/_std_target_MNI152NLin2009cAsym.resnative/pre_mask_dilate".
220226-03:30:36,745 nipype.workflow INFO:
	 [Node] Executing "pre_mask_dilate" <nipype.interfaces.fsl.maths.DilateImage>
220226-03:30:38,151 nipype.workflow INFO:
	 [Node] Finished "pre_mask_dilate", elapsed time 1.404303s.
220226-03:30:38,425 nipype.workflow INFO:
	 [Node] Finished "pre_mask_dilate", elapsed time 1.693572s.
220226-03:30:40,120 nipype.workflow INFO:
	 [Node] Finished "conf_plot", elapsed time 13.517148s.
220226-03:30:41,519 nipype.workflow INFO:
	 [Node] Finished "conf_plot", elapsed time 10.814714s.
220226-03:30:42,80 nipype.workflow INFO:
	 [Node] Finished "conf_plot", elapsed time 11.331749s.
220226-03:30:42,831 nipype.workflow INFO:
	 [Node] Finished "conf_plot", elapsed time 12.133461s.
220226-03:30:42,997 nipype.workflow INFO:
	 [Node] Setting-up "fmriprep_wf.single_subject_10003_wf.func_preproc_task_sharedreward_acq_mb6me1_wf.bold_std_trans_wf.bold_to_std_transform" in "/scratch/fmriprep_wf/single_subject_10003_wf/func_preproc_task_sharedreward_acq_mb6me1_wf/bold_std_trans_wf/_std_target_MNI152NLin2009cAsym.resnative/bold_to_std_transform".
220226-03:30:43,175 nipype.workflow INFO:
	 [Node] Executing "bold_to_std_transform" <niworkflows.interfaces.itk.MultiApplyTransforms>
220226-03:31:33,233 nipype.workflow INFO:
	 [Node] Finished "_anat2std_tpms0", elapsed time 74.387909s.
220226-03:31:38,123 nipype.workflow INFO:
	 [Node] Finished "_anat2std_tpms2", elapsed time 69.633842s.
220226-03:31:38,600 nipype.workflow INFO:
	 [Node] Finished "_anat2std_tpms1", elapsed time 72.051252s.
220226-03:31:40,659 nipype.workflow INFO:
	 [Node] Setting-up "_anat2std_tpms0" in "/scratch/fmriprep_wf/single_subject_10003_wf/anat_preproc_wf/anat_derivatives_wf/_in_tuple_MNI152NLin2009cAsym.resnative/anat2std_tpms/mapflow/_anat2std_tpms0".
220226-03:31:40,661 nipype.workflow INFO:
	 [Node] Cached "_anat2std_tpms0" - collecting precomputed outputs
220226-03:31:40,661 nipype.workflow INFO:
	 [Node] "_anat2std_tpms0" found cached.
220226-03:31:40,663 nipype.workflow INFO:
	 [Node] Setting-up "_anat2std_tpms1" in "/scratch/fmriprep_wf/single_subject_10003_wf/anat_preproc_wf/anat_derivatives_wf/_in_tuple_MNI152NLin2009cAsym.resnative/anat2std_tpms/mapflow/_anat2std_tpms1".
220226-03:31:40,664 nipype.workflow INFO:
	 [Node] Cached "_anat2std_tpms1" - collecting precomputed outputs
220226-03:31:40,664 nipype.workflow INFO:
	 [Node] "_anat2std_tpms1" found cached.
220226-03:31:40,666 nipype.workflow INFO:
	 [Node] Setting-up "_anat2std_tpms2" in "/scratch/fmriprep_wf/single_subject_10003_wf/anat_preproc_wf/anat_derivatives_wf/_in_tuple_MNI152NLin2009cAsym.resnative/anat2std_tpms/mapflow/_anat2std_tpms2".
220226-03:31:40,668 nipype.workflow INFO:
	 [Node] Cached "_anat2std_tpms2" - collecting precomputed outputs
220226-03:31:40,668 nipype.workflow INFO:
	 [Node] "_anat2std_tpms2" found cached.
220226-03:32:10,953 nipype.workflow INFO:
	 [Node] Finished "anat2std_t1w", elapsed time 121.905459s.
220226-03:33:38,89 nipype.workflow INFO:
	 [Node] Finished "bold_to_std_transform", elapsed time 205.399187s.
220226-03:33:39,598 nipype.workflow INFO:
	 [Node] Setting-up "fmriprep_wf.single_subject_10003_wf.func_preproc_task_sharedreward_acq_mb1me4_echo_1_wf.bold_std_trans_wf.merge" in "/scratch/fmriprep_wf/single_subject_10003_wf/func_preproc_task_sharedreward_acq_mb1me4_echo_1_wf/bold_std_trans_wf/_std_target_MNI152NLin2009cAsym.resnative/merge".
220226-03:33:39,600 nipype.workflow INFO:
	 [Node] Setting-up "fmriprep_wf.single_subject_10003_wf.func_preproc_task_sharedreward_acq_mb6me4_echo_1_wf.bold_std_trans_wf.bold_to_std_transform" in "/scratch/fmriprep_wf/single_subject_10003_wf/func_preproc_task_sharedreward_acq_mb6me4_echo_1_wf/bold_std_trans_wf/_std_target_MNI152NLin2009cAsym.resnative/bold_to_std_transform".
220226-03:33:39,703 nipype.workflow INFO:
	 [Node] Executing "bold_to_std_transform" <niworkflows.interfaces.itk.MultiApplyTransforms>
220226-03:33:39,721 nipype.workflow INFO:
	 [Node] Executing "merge" <niworkflows.interfaces.nilearn.Merge>
220226-03:33:58,519 nipype.workflow INFO:
	 [Node] Finished "bold_to_std_transform", elapsed time 225.88152s.
220226-03:33:59,694 nipype.workflow INFO:
	 [Node] Setting-up "fmriprep_wf.single_subject_10003_wf.func_preproc_task_sharedreward_acq_mb1me1_wf.bold_std_trans_wf.merge" in "/scratch/fmriprep_wf/single_subject_10003_wf/func_preproc_task_sharedreward_acq_mb1me1_wf/bold_std_trans_wf/_std_target_MNI152NLin2009cAsym.resnative/merge".
220226-03:33:59,766 nipype.workflow INFO:
	 [Node] Executing "merge" <niworkflows.interfaces.nilearn.Merge>
220226-03:34:06,42 nipype.workflow INFO:
	 [Node] Finished "merge", elapsed time 26.319784s.
220226-03:34:07,616 nipype.workflow INFO:
	 [Node] Setting-up "_val_bold0" in "/scratch/fmriprep_wf/single_subject_10003_wf/func_preproc_task_sharedreward_acq_mb1me4_echo_1_wf/bold_std_trans_wf/bold_reference_wf/_std_target_MNI152NLin2009cAsym.resnative/val_bold/mapflow/_val_bold0".
220226-03:34:07,618 nipype.workflow INFO:
	 [Node] Executing "_val_bold0" <niworkflows.interfaces.images.ValidateImage>
220226-03:34:07,629 nipype.workflow INFO:
	 [Node] Finished "_val_bold0", elapsed time 0.010219s.
220226-03:34:10,59 nipype.workflow INFO:
	 [Node] Setting-up "fmriprep_wf.single_subject_10003_wf.func_preproc_task_sharedreward_acq_mb1me4_echo_1_wf.bold_std_trans_wf.bold_reference_wf.gen_ref" in "/scratch/fmriprep_wf/single_subject_10003_wf/func_preproc_task_sharedreward_acq_mb1me4_echo_1_wf/bold_std_trans_wf/bold_reference_wf/_std_target_MNI152NLin2009cAsym.resnative/gen_ref".
220226-03:34:10,62 nipype.workflow INFO:
	 [Node] Executing "gen_ref" <niworkflows.interfaces.registration.EstimateReferenceImage>
220226-03:34:12,431 nipype.workflow INFO:
	 [Node] Finished "gen_ref", elapsed time 2.367807s.
220226-03:34:15,603 nipype.workflow INFO:
	 [Node] Setting-up "fmriprep_wf.single_subject_10003_wf.func_preproc_task_sharedreward_acq_mb1me4_echo_1_wf.bold_std_trans_wf.bold_reference_wf.enhance_and_skullstrip_bold_wf.n4_correct" in "/scratch/fmriprep_wf/single_subject_10003_wf/func_preproc_task_sharedreward_acq_mb1me4_echo_1_wf/bold_std_trans_wf/bold_reference_wf/enhance_and_skullstrip_bold_wf/_std_target_MNI152NLin2009cAsym.resnative/n4_correct".
220226-03:34:15,609 nipype.workflow INFO:
	 [Node] Executing "n4_correct" <niworkflows.interfaces.fixes.FixN4BiasFieldCorrection>
220226-03:34:18,839 nipype.workflow INFO:
	 [Node] Finished "n4_correct", elapsed time 3.228482s.
220226-03:34:19,603 nipype.workflow INFO:
	 [Node] Setting-up "fmriprep_wf.single_subject_10003_wf.func_preproc_task_sharedreward_acq_mb1me4_echo_1_wf.bold_std_trans_wf.outputnode" in "/scratch/fmriprep_wf/single_subject_10003_wf/func_preproc_task_sharedreward_acq_mb1me4_echo_1_wf/bold_std_trans_wf/outputnode".
220226-03:34:19,605 nipype.workflow INFO:
	 [Node] Setting-up "fmriprep_wf.single_subject_10003_wf.func_preproc_task_sharedreward_acq_mb1me4_echo_1_wf.bold_std_trans_wf.bold_reference_wf.enhance_and_skullstrip_bold_wf.skullstrip_first_pass" in "/scratch/fmriprep_wf/single_subject_10003_wf/func_preproc_task_sharedreward_acq_mb1me4_echo_1_wf/bold_std_trans_wf/bold_reference_wf/enhance_and_skullstrip_bold_wf/_std_target_MNI152NLin2009cAsym.resnative/skullstrip_first_pass".
220226-03:34:19,609 nipype.workflow INFO:
	 [Node] Executing "outputnode" <nipype.interfaces.utility.base.IdentityInterface>
220226-03:34:19,611 nipype.workflow INFO:
	 [Node] Finished "outputnode", elapsed time 0.000712s.
220226-03:34:19,617 nipype.workflow INFO:
	 [Node] Executing "skullstrip_first_pass" <nipype.interfaces.fsl.preprocess.BET>
220226-03:34:22,506 nipype.workflow INFO:
	 [Node] Finished "skullstrip_first_pass", elapsed time 2.887144s.
220226-03:34:23,698 nipype.interface WARNING:
	 Changing /base/derivatives/fmriprep/sub-10003/func/sub-10003_task-sharedreward_acq-mb1me4_space-MNI152NLin2009cAsym_desc-brain_mask.nii.gz dtype from float64 to uint8
220226-03:34:24,768 nipype.interface WARNING:
	 Could not get data type of file /base/bids/sub-10003/func/sub-10003_task-sharedreward_acq-mb1me4_bold.nii.gz
220226-03:34:25,716 nipype.workflow INFO:
	 [Node] Finished "merge", elapsed time 25.948958s.
220226-03:34:33,945 nipype.workflow INFO:
	 [Node] Finished "anat2std_dseg", elapsed time 264.899419s.
220226-03:34:34,722 nipype.workflow INFO:
	 [Node] Finished "bold_to_std_transform", elapsed time 262.292463s.
220226-03:34:35,442 nipype.workflow INFO:
	 [Node] Finished "anat2std_mask", elapsed time 266.400252s.
220226-03:34:36,652 nipype.workflow INFO:
	 [Node] Finished "bold_to_std_transform", elapsed time 263.983796s.
220226-03:35:16,297 nipype.workflow INFO:
	 [Node] Finished "bold_to_std_transform", elapsed time 273.115343s.
220226-03:37:13,158 nipype.workflow INFO:
	 [Node] Finished "bold_to_std_transform", elapsed time 213.453004s.
220226-03:38:27,955 nipype.workflow INFO:
	 [Node] Setting-up "fmriprep_wf.single_subject_10003_wf.func_preproc_task_sharedreward_acq_mb1me4_echo_1_wf.bold_std_trans_wf.bold_reference_wf.enhance_and_skullstrip_bold_wf.skullstrip_first_dilate" in "/scratch/fmriprep_wf/single_subject_10003_wf/func_preproc_task_sharedreward_acq_mb1me4_echo_1_wf/bold_std_trans_wf/bold_reference_wf/enhance_and_skullstrip_bold_wf/_std_target_MNI152NLin2009cAsym.resnative/skullstrip_first_dilate".
220226-03:38:27,961 nipype.workflow INFO:
	 [Node] Executing "skullstrip_first_dilate" <nipype.interfaces.fsl.maths.DilateImage>
220226-03:38:28,181 nipype.interface WARNING:
	 Changing /base/derivatives/fmriprep/sub-10003/anat/sub-10003_space-MNI152NLin2009cAsym_dseg.nii.gz dtype from float64 to int16
220226-03:38:29,151 nipype.workflow INFO:
	 [Node] Finished "skullstrip_first_dilate", elapsed time 1.18759s.
220226-03:38:30,460 nipype.interface WARNING:
	 Changing /base/derivatives/fmriprep/sub-10003/anat/sub-10003_space-MNI152NLin2009cAsym_desc-brain_mask.nii.gz dtype from float64 to uint8
220226-03:38:31,376 nipype.workflow INFO:
	 [Node] Setting-up "fmriprep_wf.single_subject_10003_wf.func_preproc_task_sharedreward_acq_mb3me1_wf.bold_std_trans_wf.merge" in "/scratch/fmriprep_wf/single_subject_10003_wf/func_preproc_task_sharedreward_acq_mb3me1_wf/bold_std_trans_wf/_std_target_MNI152NLin2009cAsym.resnative/merge".
220226-03:38:31,380 nipype.workflow INFO:
	 [Node] Setting-up "fmriprep_wf.single_subject_10003_wf.func_preproc_task_sharedreward_acq_mb3me4_echo_1_wf.bold_std_trans_wf.merge" in "/scratch/fmriprep_wf/single_subject_10003_wf/func_preproc_task_sharedreward_acq_mb3me4_echo_1_wf/bold_std_trans_wf/_std_target_MNI152NLin2009cAsym.resnative/merge".
220226-03:38:31,386 nipype.workflow INFO:
	 [Node] Setting-up "fmriprep_wf.single_subject_10003_wf.func_preproc_task_sharedreward_acq_mb6me1_wf.bold_std_trans_wf.merge" in "/scratch/fmriprep_wf/single_subject_10003_wf/func_preproc_task_sharedreward_acq_mb6me1_wf/bold_std_trans_wf/_std_target_MNI152NLin2009cAsym.resnative/merge".
220226-03:38:31,387 nipype.workflow INFO:
	 [Node] Setting-up "fmriprep_wf.single_subject_10003_wf.func_preproc_task_sharedreward_acq_mb6me4_echo_1_wf.bold_std_trans_wf.merge" in "/scratch/fmriprep_wf/single_subject_10003_wf/func_preproc_task_sharedreward_acq_mb6me4_echo_1_wf/bold_std_trans_wf/_std_target_MNI152NLin2009cAsym.resnative/merge".
220226-03:38:31,393 nipype.workflow INFO:
	 [Node] Setting-up "_val_bold0" in "/scratch/fmriprep_wf/single_subject_10003_wf/func_preproc_task_sharedreward_acq_mb1me1_wf/bold_std_trans_wf/bold_reference_wf/_std_target_MNI152NLin2009cAsym.resnative/val_bold/mapflow/_val_bold0".
220226-03:38:31,396 nipype.workflow INFO:
	 [Node] Executing "_val_bold0" <niworkflows.interfaces.images.ValidateImage>
220226-03:38:31,444 nipype.workflow INFO:
	 [Node] Executing "merge" <niworkflows.interfaces.nilearn.Merge>
220226-03:38:31,445 nipype.workflow INFO:
	 [Node] Finished "_val_bold0", elapsed time 0.047914s.
220226-03:38:31,452 nipype.workflow INFO:
	 [Node] Executing "merge" <niworkflows.interfaces.nilearn.Merge>
220226-03:38:31,460 nipype.workflow INFO:
	 [Node] Executing "merge" <niworkflows.interfaces.nilearn.Merge>
220226-03:38:31,476 nipype.workflow INFO:
	 [Node] Executing "merge" <niworkflows.interfaces.nilearn.Merge>
220226-03:38:31,575 nipype.workflow INFO:
	 [Node] Setting-up "fmriprep_wf.single_subject_10003_wf.func_preproc_task_sharedreward_acq_mb1me4_echo_1_wf.bold_std_trans_wf.bold_reference_wf.enhance_and_skullstrip_bold_wf.skullstrip_first_mask" in "/scratch/fmriprep_wf/single_subject_10003_wf/func_preproc_task_sharedreward_acq_mb1me4_echo_1_wf/bold_std_trans_wf/bold_reference_wf/enhance_and_skullstrip_bold_wf/_std_target_MNI152NLin2009cAsym.resnative/skullstrip_first_mask".
220226-03:38:31,580 nipype.workflow INFO:
	 [Node] Executing "skullstrip_first_mask" <nipype.interfaces.fsl.maths.ApplyMask>
220226-03:38:31,815 nipype.workflow INFO:
	 [Node] Finished "skullstrip_first_mask", elapsed time 0.234006s.
220226-03:38:33,980 nipype.workflow INFO:
	 [Node] Setting-up "fmriprep_wf.single_subject_10003_wf.func_preproc_task_sharedreward_acq_mb1me1_wf.bold_std_trans_wf.bold_reference_wf.gen_ref" in "/scratch/fmriprep_wf/single_subject_10003_wf/func_preproc_task_sharedreward_acq_mb1me1_wf/bold_std_trans_wf/bold_reference_wf/_std_target_MNI152NLin2009cAsym.resnative/gen_ref".
220226-03:38:33,980 nipype.workflow INFO:
	 [Node] Setting-up "fmriprep_wf.single_subject_10003_wf.func_preproc_task_sharedreward_acq_mb1me4_echo_1_wf.bold_std_trans_wf.bold_reference_wf.enhance_and_skullstrip_bold_wf.unifize" in "/scratch/fmriprep_wf/single_subject_10003_wf/func_preproc_task_sharedreward_acq_mb1me4_echo_1_wf/bold_std_trans_wf/bold_reference_wf/enhance_and_skullstrip_bold_wf/_std_target_MNI152NLin2009cAsym.resnative/unifize".
220226-03:38:33,986 nipype.workflow INFO:
	 [Node] Executing "gen_ref" <niworkflows.interfaces.registration.EstimateReferenceImage>
220226-03:38:33,989 nipype.workflow INFO:
	 [Node] Executing "unifize" <nipype.interfaces.afni.utils.Unifize>
220226-03:38:35,574 nipype.workflow INFO:
	 [Node] Finished "gen_ref", elapsed time 1.5865040000000001s.
220226-03:38:37,109 nipype.workflow INFO:
	 [Node] Finished "unifize", elapsed time 3.118347s.
220226-03:38:38,46 nipype.workflow INFO:
	 [Node] Setting-up "fmriprep_wf.single_subject_10003_wf.func_preproc_task_sharedreward_acq_mb1me4_echo_1_wf.bold_std_trans_wf.bold_reference_wf.enhance_and_skullstrip_bold_wf.fixhdr_unifize" in "/scratch/fmriprep_wf/single_subject_10003_wf/func_preproc_task_sharedreward_acq_mb1me4_echo_1_wf/bold_std_trans_wf/bold_reference_wf/enhance_and_skullstrip_bold_wf/_std_target_MNI152NLin2009cAsym.resnative/fixhdr_unifize".
220226-03:38:38,49 nipype.workflow INFO:
	 [Node] Executing "fixhdr_unifize" <niworkflows.interfaces.utils.CopyXForm>
220226-03:38:38,109 nipype.workflow INFO:
	 [Node] Finished "fixhdr_unifize", elapsed time 0.059201s.
220226-03:38:39,569 nipype.workflow INFO:
	 [Node] Setting-up "fmriprep_wf.single_subject_10003_wf.func_preproc_task_sharedreward_acq_mb1me1_wf.bold_std_trans_wf.bold_reference_wf.enhance_and_skullstrip_bold_wf.n4_correct" in "/scratch/fmriprep_wf/single_subject_10003_wf/func_preproc_task_sharedreward_acq_mb1me1_wf/bold_std_trans_wf/bold_reference_wf/enhance_and_skullstrip_bold_wf/_std_target_MNI152NLin2009cAsym.resnative/n4_correct".
220226-03:38:39,569 nipype.workflow INFO:
	 [Node] Setting-up "fmriprep_wf.single_subject_10003_wf.func_preproc_task_sharedreward_acq_mb1me4_echo_1_wf.bold_std_trans_wf.bold_reference_wf.enhance_and_skullstrip_bold_wf.skullstrip_second_pass" in "/scratch/fmriprep_wf/single_subject_10003_wf/func_preproc_task_sharedreward_acq_mb1me4_echo_1_wf/bold_std_trans_wf/bold_reference_wf/enhance_and_skullstrip_bold_wf/_std_target_MNI152NLin2009cAsym.resnative/skullstrip_second_pass".
220226-03:38:39,572 nipype.workflow INFO:
	 [Node] Executing "n4_correct" <niworkflows.interfaces.fixes.FixN4BiasFieldCorrection>
220226-03:38:39,577 nipype.workflow INFO:
	 [Node] Executing "skullstrip_second_pass" <nipype.interfaces.afni.preprocess.Automask>
220226-03:38:39,876 nipype.workflow INFO:
	 [Node] Finished "skullstrip_second_pass", elapsed time 0.297764s.
220226-03:38:41,578 nipype.workflow INFO:
	 [Node] Setting-up "fmriprep_wf.single_subject_10003_wf.func_preproc_task_sharedreward_acq_mb1me4_echo_1_wf.bold_std_trans_wf.bold_reference_wf.enhance_and_skullstrip_bold_wf.fixhdr_skullstrip2" in "/scratch/fmriprep_wf/single_subject_10003_wf/func_preproc_task_sharedreward_acq_mb1me4_echo_1_wf/bold_std_trans_wf/bold_reference_wf/enhance_and_skullstrip_bold_wf/_std_target_MNI152NLin2009cAsym.resnative/fixhdr_skullstrip2".
220226-03:38:41,582 nipype.workflow INFO:
	 [Node] Executing "fixhdr_skullstrip2" <niworkflows.interfaces.utils.CopyXForm>
220226-03:38:41,604 nipype.workflow INFO:
	 [Node] Finished "n4_correct", elapsed time 2.03092s.
220226-03:38:41,613 nipype.workflow INFO:
	 [Node] Finished "fixhdr_skullstrip2", elapsed time 0.030107s.
220226-03:38:43,599 nipype.workflow INFO:
	 [Node] Setting-up "fmriprep_wf.single_subject_10003_wf.func_preproc_task_sharedreward_acq_mb1me1_wf.bold_std_trans_wf.outputnode" in "/scratch/fmriprep_wf/single_subject_10003_wf/func_preproc_task_sharedreward_acq_mb1me1_wf/bold_std_trans_wf/outputnode".
220226-03:38:43,599 nipype.workflow INFO:
	 [Node] Setting-up "fmriprep_wf.single_subject_10003_wf.func_preproc_task_sharedreward_acq_mb1me1_wf.bold_std_trans_wf.bold_reference_wf.enhance_and_skullstrip_bold_wf.skullstrip_first_pass" in "/scratch/fmriprep_wf/single_subject_10003_wf/func_preproc_task_sharedreward_acq_mb1me1_wf/bold_std_trans_wf/bold_reference_wf/enhance_and_skullstrip_bold_wf/_std_target_MNI152NLin2009cAsym.resnative/skullstrip_first_pass".
220226-03:38:43,600 nipype.workflow INFO:
	 [Node] Setting-up "fmriprep_wf.single_subject_10003_wf.func_preproc_task_sharedreward_acq_mb1me4_echo_1_wf.bold_std_trans_wf.bold_reference_wf.enhance_and_skullstrip_bold_wf.combine_masks" in "/scratch/fmriprep_wf/single_subject_10003_wf/func_preproc_task_sharedreward_acq_mb1me4_echo_1_wf/bold_std_trans_wf/bold_reference_wf/enhance_and_skullstrip_bold_wf/_std_target_MNI152NLin2009cAsym.resnative/combine_masks".
220226-03:38:43,603 nipype.workflow INFO:
	 [Node] Executing "skullstrip_first_pass" <nipype.interfaces.fsl.preprocess.BET>
220226-03:38:43,609 nipype.workflow INFO:
	 [Node] Executing "combine_masks" <nipype.interfaces.fsl.maths.BinaryMaths>
220226-03:38:43,640 nipype.workflow INFO:
	 [Node] Executing "outputnode" <nipype.interfaces.utility.base.IdentityInterface>
220226-03:38:43,643 nipype.workflow INFO:
	 [Node] Finished "outputnode", elapsed time 0.000727s.
220226-03:38:43,873 nipype.workflow INFO:
	 [Node] Finished "combine_masks", elapsed time 0.262159s.
220226-03:38:45,369 nipype.workflow INFO:
	 [Node] Finished "skullstrip_first_pass", elapsed time 1.7654459999999998s.
220226-03:38:45,769 nipype.workflow INFO:
	 [Node] Setting-up "fmriprep_wf.single_subject_10003_wf.func_preproc_task_sharedreward_acq_mb1me4_echo_1_wf.bold_std_trans_wf.bold_reference_wf.enhance_and_skullstrip_bold_wf.apply_mask" in "/scratch/fmriprep_wf/single_subject_10003_wf/func_preproc_task_sharedreward_acq_mb1me4_echo_1_wf/bold_std_trans_wf/bold_reference_wf/enhance_and_skullstrip_bold_wf/_std_target_MNI152NLin2009cAsym.resnative/apply_mask".
220226-03:38:45,769 nipype.workflow INFO:
	 [Node] Setting-up "fmriprep_wf.single_subject_10003_wf.func_preproc_task_sharedreward_acq_mb1me1_wf.bold_std_trans_wf.bold_reference_wf.enhance_and_skullstrip_bold_wf.skullstrip_first_dilate" in "/scratch/fmriprep_wf/single_subject_10003_wf/func_preproc_task_sharedreward_acq_mb1me1_wf/bold_std_trans_wf/bold_reference_wf/enhance_and_skullstrip_bold_wf/_std_target_MNI152NLin2009cAsym.resnative/skullstrip_first_dilate".
220226-03:38:45,773 nipype.workflow INFO:
	 [Node] Executing "apply_mask" <nipype.interfaces.fsl.maths.ApplyMask>
220226-03:38:45,775 nipype.workflow INFO:
	 [Node] Executing "skullstrip_first_dilate" <nipype.interfaces.fsl.maths.DilateImage>
220226-03:38:46,23 nipype.workflow INFO:
	 [Node] Finished "apply_mask", elapsed time 0.24881s.
220226-03:38:46,939 nipype.workflow INFO:
	 [Node] Finished "skullstrip_first_dilate", elapsed time 1.162387s.
220226-03:38:47,651 nipype.interface WARNING:
	 Changing /base/derivatives/fmriprep/sub-10003/func/sub-10003_task-sharedreward_acq-mb1me1_space-MNI152NLin2009cAsym_desc-brain_mask.nii.gz dtype from float64 to uint8
220226-03:38:56,678 nipype.workflow INFO:
	 [Node] Finished "merge", elapsed time 25.200515s.
220226-03:38:58,181 nipype.workflow INFO:
	 [Node] Setting-up "fmriprep_wf.single_subject_10003_wf.func_preproc_task_sharedreward_acq_mb1me1_wf.bold_std_trans_wf.bold_reference_wf.enhance_and_skullstrip_bold_wf.skullstrip_first_mask" in "/scratch/fmriprep_wf/single_subject_10003_wf/func_preproc_task_sharedreward_acq_mb1me1_wf/bold_std_trans_wf/bold_reference_wf/enhance_and_skullstrip_bold_wf/_std_target_MNI152NLin2009cAsym.resnative/skullstrip_first_mask".
220226-03:38:58,189 nipype.workflow INFO:
	 [Node] Executing "skullstrip_first_mask" <nipype.interfaces.fsl.maths.ApplyMask>
220226-03:38:58,356 nipype.workflow INFO:
	 [Node] Setting-up "_val_bold0" in "/scratch/fmriprep_wf/single_subject_10003_wf/func_preproc_task_sharedreward_acq_mb6me4_echo_1_wf/bold_std_trans_wf/bold_reference_wf/_std_target_MNI152NLin2009cAsym.resnative/val_bold/mapflow/_val_bold0".
220226-03:38:58,359 nipype.workflow INFO:
	 [Node] Executing "_val_bold0" <niworkflows.interfaces.images.ValidateImage>
220226-03:38:58,377 nipype.workflow INFO:
	 [Node] Finished "_val_bold0", elapsed time 0.016923s.
220226-03:38:58,412 nipype.workflow INFO:
	 [Node] Finished "skullstrip_first_mask", elapsed time 0.221253s.
220226-03:39:00,364 nipype.workflow INFO:
	 [Node] Setting-up "fmriprep_wf.single_subject_10003_wf.func_preproc_task_sharedreward_acq_mb1me1_wf.bold_std_trans_wf.bold_reference_wf.enhance_and_skullstrip_bold_wf.unifize" in "/scratch/fmriprep_wf/single_subject_10003_wf/func_preproc_task_sharedreward_acq_mb1me1_wf/bold_std_trans_wf/bold_reference_wf/enhance_and_skullstrip_bold_wf/_std_target_MNI152NLin2009cAsym.resnative/unifize".
220226-03:39:00,372 nipype.workflow INFO:
	 [Node] Executing "unifize" <nipype.interfaces.afni.utils.Unifize>
220226-03:39:00,571 nipype.workflow INFO:
	 [Node] Finished "merge", elapsed time 29.108966s.
220226-03:39:00,887 nipype.workflow INFO:
	 [Node] Setting-up "fmriprep_wf.single_subject_10003_wf.func_preproc_task_sharedreward_acq_mb6me4_echo_1_wf.bold_std_trans_wf.bold_reference_wf.gen_ref" in "/scratch/fmriprep_wf/single_subject_10003_wf/func_preproc_task_sharedreward_acq_mb6me4_echo_1_wf/bold_std_trans_wf/bold_reference_wf/_std_target_MNI152NLin2009cAsym.resnative/gen_ref".
220226-03:39:00,893 nipype.workflow INFO:
	 [Node] Executing "gen_ref" <niworkflows.interfaces.registration.EstimateReferenceImage>
220226-03:39:02,391 nipype.workflow INFO:
	 [Node] Setting-up "_val_bold0" in "/scratch/fmriprep_wf/single_subject_10003_wf/func_preproc_task_sharedreward_acq_mb3me4_echo_1_wf/bold_std_trans_wf/bold_reference_wf/_std_target_MNI152NLin2009cAsym.resnative/val_bold/mapflow/_val_bold0".
220226-03:39:02,392 nipype.workflow INFO:
	 [Node] Executing "_val_bold0" <niworkflows.interfaces.images.ValidateImage>
220226-03:39:02,406 nipype.workflow INFO:
	 [Node] Finished "_val_bold0", elapsed time 0.012935s.
220226-03:39:03,542 nipype.workflow INFO:
	 [Node] Finished "unifize", elapsed time 3.166777s.
220226-03:39:04,309 nipype.interface INFO:
	 stderr 2022-02-26T03:39:04.309040:++ 3dvolreg: AFNI version=Debian-16.2.07~dfsg.1-5~nd16.04+1 (Jun 12 2017) [64-bit]
220226-03:39:04,310 nipype.interface INFO:
	 stderr 2022-02-26T03:39:04.309040:++ Authored by: RW Cox
220226-03:39:04,310 nipype.interface INFO:
	 stderr 2022-02-26T03:39:04.310762:** AFNI converts NIFTI_datatype=64 (FLOAT64) in file /scratch/fmriprep_wf/single_subject_10003_wf/func_preproc_task_sharedreward_acq_mb6me4_echo_1_wf/bold_std_trans_wf/bold_reference_wf/_std_target_MNI152NLin2009cAsym.resnative/gen_ref/slice.nii.gz to FLOAT32
220226-03:39:04,310 nipype.interface INFO:
	 stderr 2022-02-26T03:39:04.310762:     Warnings of this type will be muted for this session.
220226-03:39:04,311 nipype.interface INFO:
	 stderr 2022-02-26T03:39:04.310762:     Set AFNI_NIFTI_TYPE_WARN to YES to see them all, NO to see none.
220226-03:39:04,311 nipype.interface INFO:
	 stderr 2022-02-26T03:39:04.310762:++ Coarse del was 10, replaced with 7
220226-03:39:04,370 nipype.workflow INFO:
	 [Node] Setting-up "fmriprep_wf.single_subject_10003_wf.func_preproc_task_sharedreward_acq_mb1me1_wf.bold_std_trans_wf.bold_reference_wf.enhance_and_skullstrip_bold_wf.fixhdr_unifize" in "/scratch/fmriprep_wf/single_subject_10003_wf/func_preproc_task_sharedreward_acq_mb1me1_wf/bold_std_trans_wf/bold_reference_wf/enhance_and_skullstrip_bold_wf/_std_target_MNI152NLin2009cAsym.resnative/fixhdr_unifize".
220226-03:39:04,375 nipype.workflow INFO:
	 [Node] Executing "fixhdr_unifize" <niworkflows.interfaces.utils.CopyXForm>
220226-03:39:04,438 nipype.workflow INFO:
	 [Node] Finished "fixhdr_unifize", elapsed time 0.061795s.
220226-03:39:04,744 nipype.workflow INFO:
	 [Node] Setting-up "fmriprep_wf.single_subject_10003_wf.func_preproc_task_sharedreward_acq_mb3me4_echo_1_wf.bold_std_trans_wf.bold_reference_wf.gen_ref" in "/scratch/fmriprep_wf/single_subject_10003_wf/func_preproc_task_sharedreward_acq_mb3me4_echo_1_wf/bold_std_trans_wf/bold_reference_wf/_std_target_MNI152NLin2009cAsym.resnative/gen_ref".
220226-03:39:04,750 nipype.workflow INFO:
	 [Node] Executing "gen_ref" <niworkflows.interfaces.registration.EstimateReferenceImage>
220226-03:39:06,45 nipype.workflow INFO:
	 [Node] Finished "merge", elapsed time 34.592071s.
220226-03:39:06,428 nipype.workflow INFO:
	 [Node] Setting-up "fmriprep_wf.single_subject_10003_wf.func_preproc_task_sharedreward_acq_mb1me1_wf.bold_std_trans_wf.bold_reference_wf.enhance_and_skullstrip_bold_wf.skullstrip_second_pass" in "/scratch/fmriprep_wf/single_subject_10003_wf/func_preproc_task_sharedreward_acq_mb1me1_wf/bold_std_trans_wf/bold_reference_wf/enhance_and_skullstrip_bold_wf/_std_target_MNI152NLin2009cAsym.resnative/skullstrip_second_pass".
220226-03:39:06,434 nipype.workflow INFO:
	 [Node] Setting-up "_val_bold0" in "/scratch/fmriprep_wf/single_subject_10003_wf/func_preproc_task_sharedreward_acq_mb6me1_wf/bold_std_trans_wf/bold_reference_wf/_std_target_MNI152NLin2009cAsym.resnative/val_bold/mapflow/_val_bold0".
220226-03:39:06,435 nipype.workflow INFO:
	 [Node] Executing "skullstrip_second_pass" <nipype.interfaces.afni.preprocess.Automask>
220226-03:39:06,435 nipype.workflow INFO:
	 [Node] Executing "_val_bold0" <niworkflows.interfaces.images.ValidateImage>
220226-03:39:06,456 nipype.workflow INFO:
	 [Node] Finished "_val_bold0", elapsed time 0.019959s.
220226-03:39:06,759 nipype.workflow INFO:
	 [Node] Finished "skullstrip_second_pass", elapsed time 0.322344s.
220226-03:39:08,89 nipype.interface INFO:
	 stderr 2022-02-26T03:39:08.089562:++ 3dvolreg: AFNI version=Debian-16.2.07~dfsg.1-5~nd16.04+1 (Jun 12 2017) [64-bit]
220226-03:39:08,90 nipype.interface INFO:
	 stderr 2022-02-26T03:39:08.089562:++ Authored by: RW Cox
220226-03:39:08,91 nipype.interface INFO:
	 stderr 2022-02-26T03:39:08.091057:** AFNI converts NIFTI_datatype=64 (FLOAT64) in file /scratch/fmriprep_wf/single_subject_10003_wf/func_preproc_task_sharedreward_acq_mb3me4_echo_1_wf/bold_std_trans_wf/bold_reference_wf/_std_target_MNI152NLin2009cAsym.resnative/gen_ref/slice.nii.gz to FLOAT32
220226-03:39:08,91 nipype.interface INFO:
	 stderr 2022-02-26T03:39:08.091057:     Warnings of this type will be muted for this session.
220226-03:39:08,91 nipype.interface INFO:
	 stderr 2022-02-26T03:39:08.091057:     Set AFNI_NIFTI_TYPE_WARN to YES to see them all, NO to see none.
220226-03:39:08,91 nipype.interface INFO:
	 stderr 2022-02-26T03:39:08.091057:++ Coarse del was 10, replaced with 7
220226-03:39:08,414 nipype.workflow INFO:
	 [Node] Finished "merge", elapsed time 36.969511s.
220226-03:39:08,426 nipype.workflow INFO:
	 [Node] Setting-up "fmriprep_wf.single_subject_10003_wf.func_preproc_task_sharedreward_acq_mb1me1_wf.bold_std_trans_wf.bold_reference_wf.enhance_and_skullstrip_bold_wf.fixhdr_skullstrip2" in "/scratch/fmriprep_wf/single_subject_10003_wf/func_preproc_task_sharedreward_acq_mb1me1_wf/bold_std_trans_wf/bold_reference_wf/enhance_and_skullstrip_bold_wf/_std_target_MNI152NLin2009cAsym.resnative/fixhdr_skullstrip2".
220226-03:39:08,436 nipype.workflow INFO:
	 [Node] Executing "fixhdr_skullstrip2" <niworkflows.interfaces.utils.CopyXForm>
220226-03:39:08,476 nipype.workflow INFO:
	 [Node] Finished "fixhdr_skullstrip2", elapsed time 0.038397s.
220226-03:39:08,812 nipype.workflow INFO:
	 [Node] Setting-up "fmriprep_wf.single_subject_10003_wf.func_preproc_task_sharedreward_acq_mb6me1_wf.bold_std_trans_wf.bold_reference_wf.gen_ref" in "/scratch/fmriprep_wf/single_subject_10003_wf/func_preproc_task_sharedreward_acq_mb6me1_wf/bold_std_trans_wf/bold_reference_wf/_std_target_MNI152NLin2009cAsym.resnative/gen_ref".
220226-03:39:08,818 nipype.workflow INFO:
	 [Node] Executing "gen_ref" <niworkflows.interfaces.registration.EstimateReferenceImage>
220226-03:39:10,370 nipype.workflow INFO:
	 [Node] Setting-up "fmriprep_wf.single_subject_10003_wf.func_preproc_task_sharedreward_acq_mb1me1_wf.bold_std_trans_wf.bold_reference_wf.enhance_and_skullstrip_bold_wf.combine_masks" in "/scratch/fmriprep_wf/single_subject_10003_wf/func_preproc_task_sharedreward_acq_mb1me1_wf/bold_std_trans_wf/bold_reference_wf/enhance_and_skullstrip_bold_wf/_std_target_MNI152NLin2009cAsym.resnative/combine_masks".
220226-03:39:10,381 nipype.workflow INFO:
	 [Node] Executing "combine_masks" <nipype.interfaces.fsl.maths.BinaryMaths>
220226-03:39:10,381 nipype.workflow INFO:
	 [Node] Setting-up "_val_bold0" in "/scratch/fmriprep_wf/single_subject_10003_wf/func_preproc_task_sharedreward_acq_mb3me1_wf/bold_std_trans_wf/bold_reference_wf/_std_target_MNI152NLin2009cAsym.resnative/val_bold/mapflow/_val_bold0".
220226-03:39:10,389 nipype.workflow INFO:
	 [Node] Executing "_val_bold0" <niworkflows.interfaces.images.ValidateImage>
220226-03:39:10,416 nipype.workflow INFO:
	 [Node] Finished "_val_bold0", elapsed time 0.025249s.
220226-03:39:10,602 nipype.workflow INFO:
	 [Node] Finished "gen_ref", elapsed time 1.7822230000000001s.
220226-03:39:10,636 nipype.workflow INFO:
	 [Node] Finished "combine_masks", elapsed time 0.253418s.
220226-03:39:12,371 nipype.workflow INFO:
	 [Node] Setting-up "fmriprep_wf.single_subject_10003_wf.func_preproc_task_sharedreward_acq_mb1me1_wf.bold_std_trans_wf.bold_reference_wf.enhance_and_skullstrip_bold_wf.apply_mask" in "/scratch/fmriprep_wf/single_subject_10003_wf/func_preproc_task_sharedreward_acq_mb1me1_wf/bold_std_trans_wf/bold_reference_wf/enhance_and_skullstrip_bold_wf/_std_target_MNI152NLin2009cAsym.resnative/apply_mask".
220226-03:39:12,379 nipype.workflow INFO:
	 [Node] Executing "apply_mask" <nipype.interfaces.fsl.maths.ApplyMask>
220226-03:39:12,632 nipype.workflow INFO:
	 [Node] Finished "apply_mask", elapsed time 0.250954s.
220226-03:39:12,687 nipype.workflow INFO:
	 [Node] Setting-up "fmriprep_wf.single_subject_10003_wf.func_preproc_task_sharedreward_acq_mb3me1_wf.bold_std_trans_wf.bold_reference_wf.gen_ref" in "/scratch/fmriprep_wf/single_subject_10003_wf/func_preproc_task_sharedreward_acq_mb3me1_wf/bold_std_trans_wf/bold_reference_wf/_std_target_MNI152NLin2009cAsym.resnative/gen_ref".
220226-03:39:12,693 nipype.workflow INFO:
	 [Node] Executing "gen_ref" <niworkflows.interfaces.registration.EstimateReferenceImage>
220226-03:39:14,374 nipype.workflow INFO:
	 [Node] Setting-up "fmriprep_wf.single_subject_10003_wf.func_preproc_task_sharedreward_acq_mb6me1_wf.bold_std_trans_wf.bold_reference_wf.enhance_and_skullstrip_bold_wf.n4_correct" in "/scratch/fmriprep_wf/single_subject_10003_wf/func_preproc_task_sharedreward_acq_mb6me1_wf/bold_std_trans_wf/bold_reference_wf/enhance_and_skullstrip_bold_wf/_std_target_MNI152NLin2009cAsym.resnative/n4_correct".
220226-03:39:14,382 nipype.workflow INFO:
	 [Node] Executing "n4_correct" <niworkflows.interfaces.fixes.FixN4BiasFieldCorrection>
220226-03:39:15,416 nipype.interface INFO:
	 stderr 2022-02-26T03:39:15.416389:++ 3dvolreg: AFNI version=Debian-16.2.07~dfsg.1-5~nd16.04+1 (Jun 12 2017) [64-bit]
220226-03:39:15,417 nipype.interface INFO:
	 stderr 2022-02-26T03:39:15.416389:++ Authored by: RW Cox
220226-03:39:15,417 nipype.interface INFO:
	 stderr 2022-02-26T03:39:15.417922:** AFNI converts NIFTI_datatype=4 (INT16) in file /scratch/fmriprep_wf/single_subject_10003_wf/func_preproc_task_sharedreward_acq_mb3me1_wf/bold_std_trans_wf/bold_reference_wf/_std_target_MNI152NLin2009cAsym.resnative/gen_ref/slice.nii.gz to FLOAT32
220226-03:39:15,418 nipype.interface INFO:
	 stderr 2022-02-26T03:39:15.417922:     Warnings of this type will be muted for this session.
220226-03:39:15,418 nipype.interface INFO:
	 stderr 2022-02-26T03:39:15.417922:     Set AFNI_NIFTI_TYPE_WARN to YES to see them all, NO to see none.
220226-03:39:15,418 nipype.interface INFO:
	 stderr 2022-02-26T03:39:15.417922:++ Coarse del was 10, replaced with 7
220226-03:39:16,641 nipype.workflow INFO:
	 [Node] Finished "n4_correct", elapsed time 2.257415s.
220226-03:39:18,375 nipype.workflow INFO:
	 [Node] Setting-up "fmriprep_wf.single_subject_10003_wf.func_preproc_task_sharedreward_acq_mb6me1_wf.bold_std_trans_wf.outputnode" in "/scratch/fmriprep_wf/single_subject_10003_wf/func_preproc_task_sharedreward_acq_mb6me1_wf/bold_std_trans_wf/outputnode".
220226-03:39:18,376 nipype.workflow INFO:
	 [Node] Setting-up "fmriprep_wf.single_subject_10003_wf.func_preproc_task_sharedreward_acq_mb6me1_wf.bold_std_trans_wf.bold_reference_wf.enhance_and_skullstrip_bold_wf.skullstrip_first_pass" in "/scratch/fmriprep_wf/single_subject_10003_wf/func_preproc_task_sharedreward_acq_mb6me1_wf/bold_std_trans_wf/bold_reference_wf/enhance_and_skullstrip_bold_wf/_std_target_MNI152NLin2009cAsym.resnative/skullstrip_first_pass".
220226-03:39:18,384 nipype.workflow INFO:
	 [Node] Executing "skullstrip_first_pass" <nipype.interfaces.fsl.preprocess.BET>
220226-03:39:18,420 nipype.workflow INFO:
	 [Node] Executing "outputnode" <nipype.interfaces.utility.base.IdentityInterface>
220226-03:39:18,422 nipype.workflow INFO:
	 [Node] Finished "outputnode", elapsed time 0.001011s.
220226-03:39:20,125 nipype.workflow INFO:
	 [Node] Finished "skullstrip_first_pass", elapsed time 1.739053s.
220226-03:39:20,551 nipype.workflow INFO:
	 [Node] Setting-up "fmriprep_wf.single_subject_10003_wf.func_preproc_task_sharedreward_acq_mb6me1_wf.bold_std_trans_wf.bold_reference_wf.enhance_and_skullstrip_bold_wf.skullstrip_first_dilate" in "/scratch/fmriprep_wf/single_subject_10003_wf/func_preproc_task_sharedreward_acq_mb6me1_wf/bold_std_trans_wf/bold_reference_wf/enhance_and_skullstrip_bold_wf/_std_target_MNI152NLin2009cAsym.resnative/skullstrip_first_dilate".
220226-03:39:20,553 nipype.workflow INFO:
	 [Node] Executing "skullstrip_first_dilate" <nipype.interfaces.fsl.maths.DilateImage>
220226-03:39:21,751 nipype.workflow INFO:
	 [Node] Finished "skullstrip_first_dilate", elapsed time 1.196196s.
220226-03:39:22,465 nipype.interface WARNING:
	 Changing /base/derivatives/fmriprep/sub-10003/func/sub-10003_task-sharedreward_acq-mb6me1_space-MNI152NLin2009cAsym_desc-brain_mask.nii.gz dtype from float64 to uint8
220226-03:39:43,190 nipype.workflow INFO:
	 [Node] Setting-up "fmriprep_wf.single_subject_10003_wf.func_preproc_task_sharedreward_acq_mb6me1_wf.bold_std_trans_wf.bold_reference_wf.enhance_and_skullstrip_bold_wf.skullstrip_first_mask" in "/scratch/fmriprep_wf/single_subject_10003_wf/func_preproc_task_sharedreward_acq_mb6me1_wf/bold_std_trans_wf/bold_reference_wf/enhance_and_skullstrip_bold_wf/_std_target_MNI152NLin2009cAsym.resnative/skullstrip_first_mask".
220226-03:39:43,194 nipype.workflow INFO:
	 [Node] Executing "skullstrip_first_mask" <nipype.interfaces.fsl.maths.ApplyMask>
220226-03:39:43,439 nipype.workflow INFO:
	 [Node] Finished "skullstrip_first_mask", elapsed time 0.242876s.
220226-03:39:45,370 nipype.workflow INFO:
	 [Node] Setting-up "fmriprep_wf.single_subject_10003_wf.func_preproc_task_sharedreward_acq_mb6me1_wf.bold_std_trans_wf.bold_reference_wf.enhance_and_skullstrip_bold_wf.unifize" in "/scratch/fmriprep_wf/single_subject_10003_wf/func_preproc_task_sharedreward_acq_mb6me1_wf/bold_std_trans_wf/bold_reference_wf/enhance_and_skullstrip_bold_wf/_std_target_MNI152NLin2009cAsym.resnative/unifize".
220226-03:39:45,373 nipype.workflow INFO:
	 [Node] Executing "unifize" <nipype.interfaces.afni.utils.Unifize>
220226-03:39:46,977 nipype.interface INFO:
	 stderr 2022-02-26T03:39:46.977341:++ Max displacement in automask = 0.14 (mm) at sub-brick 19
220226-03:39:46,977 nipype.interface INFO:
	 stderr 2022-02-26T03:39:46.977341:++ Max delta displ  in automask = 0.08 (mm) at sub-brick 12
220226-03:39:49,68 nipype.workflow INFO:
	 [Node] Finished "unifize", elapsed time 3.693761s.
220226-03:39:49,368 nipype.workflow INFO:
	 [Node] Setting-up "fmriprep_wf.single_subject_10003_wf.func_preproc_task_sharedreward_acq_mb6me1_wf.bold_std_trans_wf.bold_reference_wf.enhance_and_skullstrip_bold_wf.fixhdr_unifize" in "/scratch/fmriprep_wf/single_subject_10003_wf/func_preproc_task_sharedreward_acq_mb6me1_wf/bold_std_trans_wf/bold_reference_wf/enhance_and_skullstrip_bold_wf/_std_target_MNI152NLin2009cAsym.resnative/fixhdr_unifize".
220226-03:39:49,373 nipype.workflow INFO:
	 [Node] Executing "fixhdr_unifize" <niworkflows.interfaces.utils.CopyXForm>
220226-03:39:49,462 nipype.workflow INFO:
	 [Node] Finished "fixhdr_unifize", elapsed time 0.087188s.
220226-03:39:49,902 nipype.workflow INFO:
	 [Node] Finished "gen_ref", elapsed time 49.005675s.
220226-03:39:50,373 nipype.interface INFO:
	 stderr 2022-02-26T03:39:50.372868:++ Max displacement in automask = 0.07 (mm) at sub-brick 15
220226-03:39:50,373 nipype.interface INFO:
	 stderr 2022-02-26T03:39:50.372868:++ Max delta displ  in automask = 0.05 (mm) at sub-brick 2
220226-03:39:51,370 nipype.workflow INFO:
	 [Node] Setting-up "fmriprep_wf.single_subject_10003_wf.func_preproc_task_sharedreward_acq_mb6me1_wf.bold_std_trans_wf.bold_reference_wf.enhance_and_skullstrip_bold_wf.skullstrip_second_pass" in "/scratch/fmriprep_wf/single_subject_10003_wf/func_preproc_task_sharedreward_acq_mb6me1_wf/bold_std_trans_wf/bold_reference_wf/enhance_and_skullstrip_bold_wf/_std_target_MNI152NLin2009cAsym.resnative/skullstrip_second_pass".
220226-03:39:51,378 nipype.workflow INFO:
	 [Node] Executing "skullstrip_second_pass" <nipype.interfaces.afni.preprocess.Automask>
220226-03:39:51,682 nipype.workflow INFO:
	 [Node] Finished "skullstrip_second_pass", elapsed time 0.302262s.
220226-03:39:53,372 nipype.workflow INFO:
	 [Node] Setting-up "fmriprep_wf.single_subject_10003_wf.func_preproc_task_sharedreward_acq_mb6me1_wf.bold_std_trans_wf.bold_reference_wf.enhance_and_skullstrip_bold_wf.fixhdr_skullstrip2" in "/scratch/fmriprep_wf/single_subject_10003_wf/func_preproc_task_sharedreward_acq_mb6me1_wf/bold_std_trans_wf/bold_reference_wf/enhance_and_skullstrip_bold_wf/_std_target_MNI152NLin2009cAsym.resnative/fixhdr_skullstrip2".
220226-03:39:53,374 nipype.workflow INFO:
	 [Node] Setting-up "fmriprep_wf.single_subject_10003_wf.func_preproc_task_sharedreward_acq_mb6me4_echo_1_wf.bold_std_trans_wf.bold_reference_wf.enhance_and_skullstrip_bold_wf.n4_correct" in "/scratch/fmriprep_wf/single_subject_10003_wf/func_preproc_task_sharedreward_acq_mb6me4_echo_1_wf/bold_std_trans_wf/bold_reference_wf/enhance_and_skullstrip_bold_wf/_std_target_MNI152NLin2009cAsym.resnative/n4_correct".
220226-03:39:53,379 nipype.workflow INFO:
	 [Node] Finished "gen_ref", elapsed time 48.626996s.
220226-03:39:53,379 nipype.workflow INFO:
	 [Node] Executing "fixhdr_skullstrip2" <niworkflows.interfaces.utils.CopyXForm>
220226-03:39:53,384 nipype.workflow INFO:
	 [Node] Executing "n4_correct" <niworkflows.interfaces.fixes.FixN4BiasFieldCorrection>
220226-03:39:53,416 nipype.workflow INFO:
	 [Node] Finished "fixhdr_skullstrip2", elapsed time 0.034883s.
220226-03:39:55,795 nipype.workflow INFO:
	 [Node] Setting-up "fmriprep_wf.single_subject_10003_wf.func_preproc_task_sharedreward_acq_mb6me1_wf.bold_std_trans_wf.bold_reference_wf.enhance_and_skullstrip_bold_wf.combine_masks" in "/scratch/fmriprep_wf/single_subject_10003_wf/func_preproc_task_sharedreward_acq_mb6me1_wf/bold_std_trans_wf/bold_reference_wf/enhance_and_skullstrip_bold_wf/_std_target_MNI152NLin2009cAsym.resnative/combine_masks".
220226-03:39:55,804 nipype.workflow INFO:
	 [Node] Executing "combine_masks" <nipype.interfaces.fsl.maths.BinaryMaths>
220226-03:39:55,920 nipype.workflow INFO:
	 [Node] Finished "n4_correct", elapsed time 2.534008s.
220226-03:39:55,990 nipype.workflow INFO:
	 [Node] Finished "combine_masks", elapsed time 0.183552s.
220226-03:39:57,410 nipype.workflow INFO:
	 [Node] Setting-up "fmriprep_wf.single_subject_10003_wf.func_preproc_task_sharedreward_acq_mb3me4_echo_1_wf.bold_std_trans_wf.bold_reference_wf.enhance_and_skullstrip_bold_wf.n4_correct" in "/scratch/fmriprep_wf/single_subject_10003_wf/func_preproc_task_sharedreward_acq_mb3me4_echo_1_wf/bold_std_trans_wf/bold_reference_wf/enhance_and_skullstrip_bold_wf/_std_target_MNI152NLin2009cAsym.resnative/n4_correct".
220226-03:39:57,411 nipype.workflow INFO:
	 [Node] Setting-up "fmriprep_wf.single_subject_10003_wf.func_preproc_task_sharedreward_acq_mb6me4_echo_1_wf.bold_std_trans_wf.outputnode" in "/scratch/fmriprep_wf/single_subject_10003_wf/func_preproc_task_sharedreward_acq_mb6me4_echo_1_wf/bold_std_trans_wf/outputnode".
220226-03:39:57,412 nipype.workflow INFO:
	 [Node] Setting-up "fmriprep_wf.single_subject_10003_wf.func_preproc_task_sharedreward_acq_mb6me4_echo_1_wf.bold_std_trans_wf.bold_reference_wf.enhance_and_skullstrip_bold_wf.skullstrip_first_pass" in "/scratch/fmriprep_wf/single_subject_10003_wf/func_preproc_task_sharedreward_acq_mb6me4_echo_1_wf/bold_std_trans_wf/bold_reference_wf/enhance_and_skullstrip_bold_wf/_std_target_MNI152NLin2009cAsym.resnative/skullstrip_first_pass".
220226-03:39:57,416 nipype.workflow INFO:
	 [Node] Executing "n4_correct" <niworkflows.interfaces.fixes.FixN4BiasFieldCorrection>
220226-03:39:57,416 nipype.workflow INFO:
	 [Node] Setting-up "fmriprep_wf.single_subject_10003_wf.func_preproc_task_sharedreward_acq_mb6me1_wf.bold_std_trans_wf.bold_reference_wf.enhance_and_skullstrip_bold_wf.apply_mask" in "/scratch/fmriprep_wf/single_subject_10003_wf/func_preproc_task_sharedreward_acq_mb6me1_wf/bold_std_trans_wf/bold_reference_wf/enhance_and_skullstrip_bold_wf/_std_target_MNI152NLin2009cAsym.resnative/apply_mask".
220226-03:39:57,419 nipype.workflow INFO:
	 [Node] Executing "skullstrip_first_pass" <nipype.interfaces.fsl.preprocess.BET>
220226-03:39:57,424 nipype.workflow INFO:
	 [Node] Executing "apply_mask" <nipype.interfaces.fsl.maths.ApplyMask>
220226-03:39:57,447 nipype.workflow INFO:
	 [Node] Executing "outputnode" <nipype.interfaces.utility.base.IdentityInterface>
220226-03:39:57,449 nipype.workflow INFO:
	 [Node] Finished "outputnode", elapsed time 0.000653s.
220226-03:39:57,681 nipype.workflow INFO:
	 [Node] Finished "apply_mask", elapsed time 0.255411s.
220226-03:39:59,145 nipype.workflow INFO:
	 [Node] Finished "skullstrip_first_pass", elapsed time 1.723125s.
220226-03:39:59,893 nipype.workflow INFO:
	 [Node] Finished "n4_correct", elapsed time 2.475722s.
220226-03:39:59,971 nipype.interface INFO:
	 stderr 2022-02-26T03:39:59.971625:++ Max displacement in automask = 0.13 (mm) at sub-brick 16
220226-03:39:59,972 nipype.interface INFO:
	 stderr 2022-02-26T03:39:59.971625:++ Max delta displ  in automask = 0.15 (mm) at sub-brick 5
220226-03:40:01,379 nipype.workflow INFO:
	 [Node] Setting-up "fmriprep_wf.single_subject_10003_wf.func_preproc_task_sharedreward_acq_mb3me4_echo_1_wf.bold_std_trans_wf.outputnode" in "/scratch/fmriprep_wf/single_subject_10003_wf/func_preproc_task_sharedreward_acq_mb3me4_echo_1_wf/bold_std_trans_wf/outputnode".
220226-03:40:01,380 nipype.workflow INFO:
	 [Node] Setting-up "fmriprep_wf.single_subject_10003_wf.func_preproc_task_sharedreward_acq_mb3me4_echo_1_wf.bold_std_trans_wf.bold_reference_wf.enhance_and_skullstrip_bold_wf.skullstrip_first_pass" in "/scratch/fmriprep_wf/single_subject_10003_wf/func_preproc_task_sharedreward_acq_mb3me4_echo_1_wf/bold_std_trans_wf/bold_reference_wf/enhance_and_skullstrip_bold_wf/_std_target_MNI152NLin2009cAsym.resnative/skullstrip_first_pass".
220226-03:40:01,392 nipype.workflow INFO:
	 [Node] Executing "skullstrip_first_pass" <nipype.interfaces.fsl.preprocess.BET>
220226-03:40:01,418 nipype.workflow INFO:
	 [Node] Executing "outputnode" <nipype.interfaces.utility.base.IdentityInterface>
220226-03:40:01,421 nipype.workflow INFO:
	 [Node] Finished "outputnode", elapsed time 0.001038s.
220226-03:40:01,434 nipype.interface WARNING:
	 Changing /base/derivatives/fmriprep/sub-10003/func/sub-10003_task-sharedreward_acq-mb6me4_space-MNI152NLin2009cAsym_desc-brain_mask.nii.gz dtype from float64 to uint8
220226-03:40:01,651 nipype.interface WARNING:
	 Could not get data type of file /base/bids/sub-10003/func/sub-10003_task-sharedreward_acq-mb6me4_bold.nii.gz
220226-03:40:02,521 nipype.workflow INFO:
	 [Node] Finished "gen_ref", elapsed time 49.826783s.
220226-03:40:03,1 nipype.workflow INFO:
	 [Node] Finished "skullstrip_first_pass", elapsed time 1.607858s.
220226-03:45:24,49 nipype.workflow INFO:
	 [Node] Setting-up "fmriprep_wf.single_subject_10003_wf.func_preproc_task_sharedreward_acq_mb6me4_echo_1_wf.bold_std_trans_wf.bold_reference_wf.enhance_and_skullstrip_bold_wf.skullstrip_first_dilate" in "/scratch/fmriprep_wf/single_subject_10003_wf/func_preproc_task_sharedreward_acq_mb6me4_echo_1_wf/bold_std_trans_wf/bold_reference_wf/enhance_and_skullstrip_bold_wf/_std_target_MNI152NLin2009cAsym.resnative/skullstrip_first_dilate".
220226-03:45:24,77 nipype.workflow INFO:
	 [Node] Executing "skullstrip_first_dilate" <nipype.interfaces.fsl.maths.DilateImage>
220226-03:45:25,167 nipype.workflow INFO:
	 [Node] Finished "skullstrip_first_dilate", elapsed time 1.088291s.
220226-03:45:25,173 nipype.workflow INFO:
	 [Node] Setting-up "fmriprep_wf.single_subject_10003_wf.func_preproc_task_sharedreward_acq_mb3me4_echo_1_wf.bold_std_trans_wf.bold_reference_wf.enhance_and_skullstrip_bold_wf.skullstrip_first_dilate" in "/scratch/fmriprep_wf/single_subject_10003_wf/func_preproc_task_sharedreward_acq_mb3me4_echo_1_wf/bold_std_trans_wf/bold_reference_wf/enhance_and_skullstrip_bold_wf/_std_target_MNI152NLin2009cAsym.resnative/skullstrip_first_dilate".
220226-03:45:25,238 nipype.workflow INFO:
	 [Node] Executing "skullstrip_first_dilate" <nipype.interfaces.fsl.maths.DilateImage>
220226-03:45:26,296 nipype.workflow INFO:
	 [Node] Setting-up "fmriprep_wf.single_subject_10003_wf.func_preproc_task_sharedreward_acq_mb3me1_wf.bold_std_trans_wf.bold_reference_wf.enhance_and_skullstrip_bold_wf.n4_correct" in "/scratch/fmriprep_wf/single_subject_10003_wf/func_preproc_task_sharedreward_acq_mb3me1_wf/bold_std_trans_wf/bold_reference_wf/enhance_and_skullstrip_bold_wf/_std_target_MNI152NLin2009cAsym.resnative/n4_correct".
220226-03:45:26,305 nipype.workflow INFO:
	 [Node] Executing "n4_correct" <niworkflows.interfaces.fixes.FixN4BiasFieldCorrection>
220226-03:45:26,358 nipype.interface WARNING:
	 Changing /base/derivatives/fmriprep/sub-10003/func/sub-10003_task-sharedreward_acq-mb3me4_space-MNI152NLin2009cAsym_desc-brain_mask.nii.gz dtype from float64 to uint8
220226-03:45:26,370 nipype.workflow INFO:
	 [Node] Finished "skullstrip_first_dilate", elapsed time 1.12911s.
220226-03:45:26,822 nipype.interface WARNING:
	 Could not get data type of file /base/bids/sub-10003/func/sub-10003_task-sharedreward_acq-mb3me4_bold.nii.gz
220226-03:45:28,572 nipype.workflow INFO:
	 [Node] Finished "n4_correct", elapsed time 2.264013s.
220226-03:50:48,783 nipype.workflow INFO:
	 [Node] Setting-up "fmriprep_wf.single_subject_10003_wf.func_preproc_task_sharedreward_acq_mb6me4_echo_1_wf.bold_std_trans_wf.bold_reference_wf.enhance_and_skullstrip_bold_wf.skullstrip_first_mask" in "/scratch/fmriprep_wf/single_subject_10003_wf/func_preproc_task_sharedreward_acq_mb6me4_echo_1_wf/bold_std_trans_wf/bold_reference_wf/enhance_and_skullstrip_bold_wf/_std_target_MNI152NLin2009cAsym.resnative/skullstrip_first_mask".
220226-03:50:48,824 nipype.workflow INFO:
	 [Node] Executing "skullstrip_first_mask" <nipype.interfaces.fsl.maths.ApplyMask>
220226-03:50:48,937 nipype.workflow INFO:
	 [Node] Setting-up "fmriprep_wf.single_subject_10003_wf.func_preproc_task_sharedreward_acq_mb3me1_wf.bold_std_trans_wf.outputnode" in "/scratch/fmriprep_wf/single_subject_10003_wf/func_preproc_task_sharedreward_acq_mb3me1_wf/bold_std_trans_wf/outputnode".
220226-03:50:48,938 nipype.workflow INFO:
	 [Node] Setting-up "fmriprep_wf.single_subject_10003_wf.func_preproc_task_sharedreward_acq_mb3me1_wf.bold_std_trans_wf.bold_reference_wf.enhance_and_skullstrip_bold_wf.skullstrip_first_pass" in "/scratch/fmriprep_wf/single_subject_10003_wf/func_preproc_task_sharedreward_acq_mb3me1_wf/bold_std_trans_wf/bold_reference_wf/enhance_and_skullstrip_bold_wf/_std_target_MNI152NLin2009cAsym.resnative/skullstrip_first_pass".
220226-03:50:48,939 nipype.workflow INFO:
	 [Node] Setting-up "fmriprep_wf.single_subject_10003_wf.func_preproc_task_sharedreward_acq_mb3me4_echo_1_wf.bold_std_trans_wf.bold_reference_wf.enhance_and_skullstrip_bold_wf.skullstrip_first_mask" in "/scratch/fmriprep_wf/single_subject_10003_wf/func_preproc_task_sharedreward_acq_mb3me4_echo_1_wf/bold_std_trans_wf/bold_reference_wf/enhance_and_skullstrip_bold_wf/_std_target_MNI152NLin2009cAsym.resnative/skullstrip_first_mask".
220226-03:50:48,952 nipype.workflow INFO:
	 [Node] Executing "skullstrip_first_pass" <nipype.interfaces.fsl.preprocess.BET>
220226-03:50:48,965 nipype.workflow INFO:
	 [Node] Executing "skullstrip_first_mask" <nipype.interfaces.fsl.maths.ApplyMask>
220226-03:50:48,992 nipype.workflow INFO:
	 [Node] Executing "outputnode" <nipype.interfaces.utility.base.IdentityInterface>
220226-03:50:48,995 nipype.workflow INFO:
	 [Node] Finished "outputnode", elapsed time 0.001294s.
220226-03:50:49,47 nipype.workflow INFO:
	 [Node] Finished "skullstrip_first_mask", elapsed time 0.220944s.
220226-03:50:49,282 nipype.workflow INFO:
	 [Node] Finished "skullstrip_first_mask", elapsed time 0.315213s.
220226-03:50:50,654 nipype.workflow INFO:
	 [Node] Finished "skullstrip_first_pass", elapsed time 1.6995749999999998s.
220226-03:50:51,120 nipype.workflow INFO:
	 [Node] Setting-up "fmriprep_wf.single_subject_10003_wf.func_preproc_task_sharedreward_acq_mb3me4_echo_1_wf.bold_std_trans_wf.bold_reference_wf.enhance_and_skullstrip_bold_wf.unifize" in "/scratch/fmriprep_wf/single_subject_10003_wf/func_preproc_task_sharedreward_acq_mb3me4_echo_1_wf/bold_std_trans_wf/bold_reference_wf/enhance_and_skullstrip_bold_wf/_std_target_MNI152NLin2009cAsym.resnative/unifize".
220226-03:50:51,120 nipype.workflow INFO:
	 [Node] Setting-up "fmriprep_wf.single_subject_10003_wf.func_preproc_task_sharedreward_acq_mb3me1_wf.bold_std_trans_wf.bold_reference_wf.enhance_and_skullstrip_bold_wf.skullstrip_first_dilate" in "/scratch/fmriprep_wf/single_subject_10003_wf/func_preproc_task_sharedreward_acq_mb3me1_wf/bold_std_trans_wf/bold_reference_wf/enhance_and_skullstrip_bold_wf/_std_target_MNI152NLin2009cAsym.resnative/skullstrip_first_dilate".
220226-03:50:51,121 nipype.workflow INFO:
	 [Node] Setting-up "fmriprep_wf.single_subject_10003_wf.func_preproc_task_sharedreward_acq_mb6me4_echo_1_wf.bold_std_trans_wf.bold_reference_wf.enhance_and_skullstrip_bold_wf.unifize" in "/scratch/fmriprep_wf/single_subject_10003_wf/func_preproc_task_sharedreward_acq_mb6me4_echo_1_wf/bold_std_trans_wf/bold_reference_wf/enhance_and_skullstrip_bold_wf/_std_target_MNI152NLin2009cAsym.resnative/unifize".
220226-03:50:51,123 nipype.workflow INFO:
	 [Node] Executing "unifize" <nipype.interfaces.afni.utils.Unifize>
220226-03:50:51,127 nipype.workflow INFO:
	 [Node] Executing "skullstrip_first_dilate" <nipype.interfaces.fsl.maths.DilateImage>
220226-03:50:51,129 nipype.workflow INFO:
	 [Node] Executing "unifize" <nipype.interfaces.afni.utils.Unifize>
220226-03:50:52,219 nipype.workflow INFO:
	 [Node] Finished "skullstrip_first_dilate", elapsed time 1.09038s.
220226-03:50:52,980 nipype.interface WARNING:
	 Changing /base/derivatives/fmriprep/sub-10003/func/sub-10003_task-sharedreward_acq-mb3me1_space-MNI152NLin2009cAsym_desc-brain_mask.nii.gz dtype from float64 to uint8
220226-03:50:54,435 nipype.workflow INFO:
	 [Node] Finished "unifize", elapsed time 3.30396s.
220226-03:50:54,462 nipype.workflow INFO:
	 [Node] Finished "unifize", elapsed time 3.338208s.
220226-03:51:09,193 nipype.workflow INFO:
	 [Node] Setting-up "fmriprep_wf.single_subject_10003_wf.func_preproc_task_sharedreward_acq_mb3me1_wf.bold_std_trans_wf.bold_reference_wf.enhance_and_skullstrip_bold_wf.skullstrip_first_mask" in "/scratch/fmriprep_wf/single_subject_10003_wf/func_preproc_task_sharedreward_acq_mb3me1_wf/bold_std_trans_wf/bold_reference_wf/enhance_and_skullstrip_bold_wf/_std_target_MNI152NLin2009cAsym.resnative/skullstrip_first_mask".
220226-03:51:09,201 nipype.workflow INFO:
	 [Node] Executing "skullstrip_first_mask" <nipype.interfaces.fsl.maths.ApplyMask>
220226-03:51:09,339 nipype.workflow INFO:
	 [Node] Setting-up "fmriprep_wf.single_subject_10003_wf.func_preproc_task_sharedreward_acq_mb3me4_echo_1_wf.bold_std_trans_wf.bold_reference_wf.enhance_and_skullstrip_bold_wf.fixhdr_unifize" in "/scratch/fmriprep_wf/single_subject_10003_wf/func_preproc_task_sharedreward_acq_mb3me4_echo_1_wf/bold_std_trans_wf/bold_reference_wf/enhance_and_skullstrip_bold_wf/_std_target_MNI152NLin2009cAsym.resnative/fixhdr_unifize".
220226-03:51:09,339 nipype.workflow INFO:
	 [Node] Setting-up "fmriprep_wf.single_subject_10003_wf.func_preproc_task_sharedreward_acq_mb6me4_echo_1_wf.bold_std_trans_wf.bold_reference_wf.enhance_and_skullstrip_bold_wf.fixhdr_unifize" in "/scratch/fmriprep_wf/single_subject_10003_wf/func_preproc_task_sharedreward_acq_mb6me4_echo_1_wf/bold_std_trans_wf/bold_reference_wf/enhance_and_skullstrip_bold_wf/_std_target_MNI152NLin2009cAsym.resnative/fixhdr_unifize".
220226-03:51:09,361 nipype.workflow INFO:
	 [Node] Executing "fixhdr_unifize" <niworkflows.interfaces.utils.CopyXForm>
220226-03:51:09,362 nipype.workflow INFO:
	 [Node] Executing "fixhdr_unifize" <niworkflows.interfaces.utils.CopyXForm>
220226-03:51:09,439 nipype.workflow INFO:
	 [Node] Finished "skullstrip_first_mask", elapsed time 0.235983s.
220226-03:51:09,480 nipype.workflow INFO:
	 [Node] Finished "fixhdr_unifize", elapsed time 0.116738s.
220226-03:51:09,501 nipype.workflow INFO:
	 [Node] Finished "fixhdr_unifize", elapsed time 0.137918s.
220226-03:51:11,405 nipype.workflow INFO:
	 [Node] Setting-up "fmriprep_wf.single_subject_10003_wf.func_preproc_task_sharedreward_acq_mb3me1_wf.bold_std_trans_wf.bold_reference_wf.enhance_and_skullstrip_bold_wf.unifize" in "/scratch/fmriprep_wf/single_subject_10003_wf/func_preproc_task_sharedreward_acq_mb3me1_wf/bold_std_trans_wf/bold_reference_wf/enhance_and_skullstrip_bold_wf/_std_target_MNI152NLin2009cAsym.resnative/unifize".
220226-03:51:11,405 nipype.workflow INFO:
	 [Node] Setting-up "fmriprep_wf.single_subject_10003_wf.func_preproc_task_sharedreward_acq_mb3me4_echo_1_wf.bold_std_trans_wf.bold_reference_wf.enhance_and_skullstrip_bold_wf.skullstrip_second_pass" in "/scratch/fmriprep_wf/single_subject_10003_wf/func_preproc_task_sharedreward_acq_mb3me4_echo_1_wf/bold_std_trans_wf/bold_reference_wf/enhance_and_skullstrip_bold_wf/_std_target_MNI152NLin2009cAsym.resnative/skullstrip_second_pass".
220226-03:51:11,406 nipype.workflow INFO:
	 [Node] Setting-up "fmriprep_wf.single_subject_10003_wf.func_preproc_task_sharedreward_acq_mb6me4_echo_1_wf.bold_std_trans_wf.bold_reference_wf.enhance_and_skullstrip_bold_wf.skullstrip_second_pass" in "/scratch/fmriprep_wf/single_subject_10003_wf/func_preproc_task_sharedreward_acq_mb6me4_echo_1_wf/bold_std_trans_wf/bold_reference_wf/enhance_and_skullstrip_bold_wf/_std_target_MNI152NLin2009cAsym.resnative/skullstrip_second_pass".
220226-03:51:11,412 nipype.workflow INFO:
	 [Node] Executing "skullstrip_second_pass" <nipype.interfaces.afni.preprocess.Automask>
220226-03:51:11,412 nipype.workflow INFO:
	 [Node] Executing "skullstrip_second_pass" <nipype.interfaces.afni.preprocess.Automask>
220226-03:51:11,413 nipype.workflow INFO:
	 [Node] Executing "unifize" <nipype.interfaces.afni.utils.Unifize>
220226-03:51:11,752 nipype.workflow INFO:
	 [Node] Finished "skullstrip_second_pass", elapsed time 0.337542s.
220226-03:51:11,752 nipype.workflow INFO:
	 [Node] Finished "skullstrip_second_pass", elapsed time 0.338418s.
220226-03:51:13,374 nipype.workflow INFO:
	 [Node] Setting-up "fmriprep_wf.single_subject_10003_wf.func_preproc_task_sharedreward_acq_mb3me4_echo_1_wf.bold_std_trans_wf.bold_reference_wf.enhance_and_skullstrip_bold_wf.fixhdr_skullstrip2" in "/scratch/fmriprep_wf/single_subject_10003_wf/func_preproc_task_sharedreward_acq_mb3me4_echo_1_wf/bold_std_trans_wf/bold_reference_wf/enhance_and_skullstrip_bold_wf/_std_target_MNI152NLin2009cAsym.resnative/fixhdr_skullstrip2".
220226-03:51:13,375 nipype.workflow INFO:
	 [Node] Setting-up "fmriprep_wf.single_subject_10003_wf.func_preproc_task_sharedreward_acq_mb6me4_echo_1_wf.bold_std_trans_wf.bold_reference_wf.enhance_and_skullstrip_bold_wf.fixhdr_skullstrip2" in "/scratch/fmriprep_wf/single_subject_10003_wf/func_preproc_task_sharedreward_acq_mb6me4_echo_1_wf/bold_std_trans_wf/bold_reference_wf/enhance_and_skullstrip_bold_wf/_std_target_MNI152NLin2009cAsym.resnative/fixhdr_skullstrip2".
220226-03:51:13,382 nipype.workflow INFO:
	 [Node] Executing "fixhdr_skullstrip2" <niworkflows.interfaces.utils.CopyXForm>
220226-03:51:13,383 nipype.workflow INFO:
	 [Node] Executing "fixhdr_skullstrip2" <niworkflows.interfaces.utils.CopyXForm>
220226-03:51:13,456 nipype.workflow INFO:
	 [Node] Finished "fixhdr_skullstrip2", elapsed time 0.072685s.
220226-03:51:13,456 nipype.workflow INFO:
	 [Node] Finished "fixhdr_skullstrip2", elapsed time 0.071725s.
220226-03:51:14,949 nipype.workflow INFO:
	 [Node] Finished "unifize", elapsed time 3.534239s.
220226-03:51:15,363 nipype.workflow INFO:
	 [Node] Setting-up "fmriprep_wf.single_subject_10003_wf.func_preproc_task_sharedreward_acq_mb3me1_wf.bold_std_trans_wf.bold_reference_wf.enhance_and_skullstrip_bold_wf.fixhdr_unifize" in "/scratch/fmriprep_wf/single_subject_10003_wf/func_preproc_task_sharedreward_acq_mb3me1_wf/bold_std_trans_wf/bold_reference_wf/enhance_and_skullstrip_bold_wf/_std_target_MNI152NLin2009cAsym.resnative/fixhdr_unifize".
220226-03:51:15,364 nipype.workflow INFO:
	 [Node] Setting-up "fmriprep_wf.single_subject_10003_wf.func_preproc_task_sharedreward_acq_mb3me4_echo_1_wf.bold_std_trans_wf.bold_reference_wf.enhance_and_skullstrip_bold_wf.combine_masks" in "/scratch/fmriprep_wf/single_subject_10003_wf/func_preproc_task_sharedreward_acq_mb3me4_echo_1_wf/bold_std_trans_wf/bold_reference_wf/enhance_and_skullstrip_bold_wf/_std_target_MNI152NLin2009cAsym.resnative/combine_masks".
220226-03:51:15,364 nipype.workflow INFO:
	 [Node] Setting-up "fmriprep_wf.single_subject_10003_wf.func_preproc_task_sharedreward_acq_mb6me4_echo_1_wf.bold_std_trans_wf.bold_reference_wf.enhance_and_skullstrip_bold_wf.combine_masks" in "/scratch/fmriprep_wf/single_subject_10003_wf/func_preproc_task_sharedreward_acq_mb6me4_echo_1_wf/bold_std_trans_wf/bold_reference_wf/enhance_and_skullstrip_bold_wf/_std_target_MNI152NLin2009cAsym.resnative/combine_masks".
220226-03:51:15,372 nipype.workflow INFO:
	 [Node] Executing "combine_masks" <nipype.interfaces.fsl.maths.BinaryMaths>
220226-03:51:15,372 nipype.workflow INFO:
	 [Node] Executing "combine_masks" <nipype.interfaces.fsl.maths.BinaryMaths>
220226-03:51:15,385 nipype.workflow INFO:
	 [Node] Executing "fixhdr_unifize" <niworkflows.interfaces.utils.CopyXForm>
220226-03:51:15,540 nipype.workflow INFO:
	 [Node] Finished "fixhdr_unifize", elapsed time 0.153916s.
220226-03:51:15,564 nipype.workflow INFO:
	 [Node] Finished "combine_masks", elapsed time 0.190412s.
220226-03:51:15,636 nipype.workflow INFO:
	 [Node] Finished "combine_masks", elapsed time 0.261607s.
220226-03:51:17,366 nipype.workflow INFO:
	 [Node] Setting-up "fmriprep_wf.single_subject_10003_wf.func_preproc_task_sharedreward_acq_mb3me1_wf.bold_std_trans_wf.bold_reference_wf.enhance_and_skullstrip_bold_wf.skullstrip_second_pass" in "/scratch/fmriprep_wf/single_subject_10003_wf/func_preproc_task_sharedreward_acq_mb3me1_wf/bold_std_trans_wf/bold_reference_wf/enhance_and_skullstrip_bold_wf/_std_target_MNI152NLin2009cAsym.resnative/skullstrip_second_pass".
220226-03:51:17,367 nipype.workflow INFO:
	 [Node] Setting-up "fmriprep_wf.single_subject_10003_wf.func_preproc_task_sharedreward_acq_mb6me4_echo_1_wf.bold_std_trans_wf.bold_reference_wf.enhance_and_skullstrip_bold_wf.apply_mask" in "/scratch/fmriprep_wf/single_subject_10003_wf/func_preproc_task_sharedreward_acq_mb6me4_echo_1_wf/bold_std_trans_wf/bold_reference_wf/enhance_and_skullstrip_bold_wf/_std_target_MNI152NLin2009cAsym.resnative/apply_mask".
220226-03:51:17,367 nipype.workflow INFO:
	 [Node] Setting-up "fmriprep_wf.single_subject_10003_wf.func_preproc_task_sharedreward_acq_mb3me4_echo_1_wf.bold_std_trans_wf.bold_reference_wf.enhance_and_skullstrip_bold_wf.apply_mask" in "/scratch/fmriprep_wf/single_subject_10003_wf/func_preproc_task_sharedreward_acq_mb3me4_echo_1_wf/bold_std_trans_wf/bold_reference_wf/enhance_and_skullstrip_bold_wf/_std_target_MNI152NLin2009cAsym.resnative/apply_mask".
220226-03:51:17,377 nipype.workflow INFO:
	 [Node] Executing "apply_mask" <nipype.interfaces.fsl.maths.ApplyMask>
220226-03:51:17,391 nipype.workflow INFO:
	 [Node] Executing "apply_mask" <nipype.interfaces.fsl.maths.ApplyMask>
220226-03:51:17,392 nipype.workflow INFO:
	 [Node] Executing "skullstrip_second_pass" <nipype.interfaces.afni.preprocess.Automask>
220226-03:51:17,580 nipype.workflow INFO:
	 [Node] Finished "apply_mask", elapsed time 0.201016s.
220226-03:51:17,599 nipype.workflow INFO:
	 [Node] Finished "apply_mask", elapsed time 0.206892s.
220226-03:51:17,729 nipype.workflow INFO:
	 [Node] Finished "skullstrip_second_pass", elapsed time 0.334332s.
220226-03:51:19,369 nipype.workflow INFO:
	 [Node] Setting-up "fmriprep_wf.single_subject_10003_wf.func_preproc_task_sharedreward_acq_mb3me1_wf.bold_std_trans_wf.bold_reference_wf.enhance_and_skullstrip_bold_wf.fixhdr_skullstrip2" in "/scratch/fmriprep_wf/single_subject_10003_wf/func_preproc_task_sharedreward_acq_mb3me1_wf/bold_std_trans_wf/bold_reference_wf/enhance_and_skullstrip_bold_wf/_std_target_MNI152NLin2009cAsym.resnative/fixhdr_skullstrip2".
220226-03:51:19,376 nipype.workflow INFO:
	 [Node] Executing "fixhdr_skullstrip2" <niworkflows.interfaces.utils.CopyXForm>
220226-03:51:19,448 nipype.workflow INFO:
	 [Node] Finished "fixhdr_skullstrip2", elapsed time 0.069731s.
220226-03:51:21,364 nipype.workflow INFO:
	 [Node] Setting-up "fmriprep_wf.single_subject_10003_wf.func_preproc_task_sharedreward_acq_mb3me1_wf.bold_std_trans_wf.bold_reference_wf.enhance_and_skullstrip_bold_wf.combine_masks" in "/scratch/fmriprep_wf/single_subject_10003_wf/func_preproc_task_sharedreward_acq_mb3me1_wf/bold_std_trans_wf/bold_reference_wf/enhance_and_skullstrip_bold_wf/_std_target_MNI152NLin2009cAsym.resnative/combine_masks".
220226-03:51:21,372 nipype.workflow INFO:
	 [Node] Executing "combine_masks" <nipype.interfaces.fsl.maths.BinaryMaths>
220226-03:51:21,566 nipype.workflow INFO:
	 [Node] Finished "combine_masks", elapsed time 0.191846s.
220226-03:51:23,365 nipype.workflow INFO:
	 [Node] Setting-up "fmriprep_wf.single_subject_10003_wf.func_preproc_task_sharedreward_acq_mb3me1_wf.bold_std_trans_wf.bold_reference_wf.enhance_and_skullstrip_bold_wf.apply_mask" in "/scratch/fmriprep_wf/single_subject_10003_wf/func_preproc_task_sharedreward_acq_mb3me1_wf/bold_std_trans_wf/bold_reference_wf/enhance_and_skullstrip_bold_wf/_std_target_MNI152NLin2009cAsym.resnative/apply_mask".
220226-03:51:23,368 nipype.workflow INFO:
	 [Node] Executing "apply_mask" <nipype.interfaces.fsl.maths.ApplyMask>
220226-03:51:23,579 nipype.workflow INFO:
	 [Node] Finished "apply_mask", elapsed time 0.210248s.
220226-03:51:27,576 nipype.workflow IMPORTANT:
	 fMRIPrep finished successfully!
220226-03:51:27,584 nipype.workflow IMPORTANT:
	 Works derived from this fMRIPrep execution should include the boilerplate text found in <OUTPUT_PATH>/fmriprep/logs/CITATION.md.
