global_signal	global_signal_derivative1	global_signal_derivative1_power2	global_signal_power2	csf	csf_derivative1	csf_derivative1_power2	csf_power2	white_matter	white_matter_derivative1	white_matter_power2	white_matter_derivative1_power2	csf_wm	tcompcor	std_dvars	dvars	framewise_displacement	rmsd	t_comp_cor_00	t_comp_cor_01	t_comp_cor_02	t_comp_cor_03	t_comp_cor_04	t_comp_cor_05	t_comp_cor_06	c_comp_cor_00	c_comp_cor_01	c_comp_cor_02	c_comp_cor_03	c_comp_cor_04	c_comp_cor_05	c_comp_cor_06	c_comp_cor_07	c_comp_cor_08	c_comp_cor_09	c_comp_cor_10	c_comp_cor_11	w_comp_cor_00	w_comp_cor_01	w_comp_cor_02	w_comp_cor_03	w_comp_cor_04	w_comp_cor_05	w_comp_cor_06	w_comp_cor_07	w_comp_cor_08	w_comp_cor_09	w_comp_cor_10	w_comp_cor_11	w_comp_cor_12	w_comp_cor_13	w_comp_cor_14	w_comp_cor_15	w_comp_cor_16	w_comp_cor_17	w_comp_cor_18	w_comp_cor_19	w_comp_cor_20	w_comp_cor_21	w_comp_cor_22	w_comp_cor_23	w_comp_cor_24	w_comp_cor_25	w_comp_cor_26	w_comp_cor_27	w_comp_cor_28	w_comp_cor_29	w_comp_cor_30	w_comp_cor_31	w_comp_cor_32	w_comp_cor_33	w_comp_cor_34	w_comp_cor_35	w_comp_cor_36	w_comp_cor_37	w_comp_cor_38	w_comp_cor_39	w_comp_cor_40	w_comp_cor_41	w_comp_cor_42	w_comp_cor_43	w_comp_cor_44	w_comp_cor_45	w_comp_cor_46	w_comp_cor_47	w_comp_cor_48	w_comp_cor_49	w_comp_cor_50	w_comp_cor_51	w_comp_cor_52	w_comp_cor_53	w_comp_cor_54	w_comp_cor_55	w_comp_cor_56	w_comp_cor_57	w_comp_cor_58	w_comp_cor_59	w_comp_cor_60	w_comp_cor_61	w_comp_cor_62	w_comp_cor_63	w_comp_cor_64	w_comp_cor_65	w_comp_cor_66	w_comp_cor_67	w_comp_cor_68	w_comp_cor_69	w_comp_cor_70	w_comp_cor_71	w_comp_cor_72	w_comp_cor_73	w_comp_cor_74	w_comp_cor_75	w_comp_cor_76	w_comp_cor_77	w_comp_cor_78	w_comp_cor_79	w_comp_cor_80	w_comp_cor_81	a_comp_cor_00	a_comp_cor_01	a_comp_cor_02	a_comp_cor_03	a_comp_cor_04	a_comp_cor_05	a_comp_cor_06	a_comp_cor_07	a_comp_cor_08	a_comp_cor_09	a_comp_cor_10	a_comp_cor_11	a_comp_cor_12	a_comp_cor_13	a_comp_cor_14	a_comp_cor_15	a_comp_cor_16	a_comp_cor_17	a_comp_cor_18	a_comp_cor_19	a_comp_cor_20	a_comp_cor_21	a_comp_cor_22	a_comp_cor_23	a_comp_cor_24	a_comp_cor_25	a_comp_cor_26	a_comp_cor_27	a_comp_cor_28	a_comp_cor_29	a_comp_cor_30	a_comp_cor_31	a_comp_cor_32	a_comp_cor_33	a_comp_cor_34	a_comp_cor_35	a_comp_cor_36	a_comp_cor_37	a_comp_cor_38	a_comp_cor_39	a_comp_cor_40	a_comp_cor_41	a_comp_cor_42	a_comp_cor_43	a_comp_cor_44	a_comp_cor_45	a_comp_cor_46	a_comp_cor_47	a_comp_cor_48	a_comp_cor_49	a_comp_cor_50	a_comp_cor_51	a_comp_cor_52	a_comp_cor_53	a_comp_cor_54	a_comp_cor_55	a_comp_cor_56	a_comp_cor_57	a_comp_cor_58	a_comp_cor_59	a_comp_cor_60	a_comp_cor_61	a_comp_cor_62	a_comp_cor_63	a_comp_cor_64	a_comp_cor_65	a_comp_cor_66	a_comp_cor_67	a_comp_cor_68	a_comp_cor_69	a_comp_cor_70	a_comp_cor_71	a_comp_cor_72	a_comp_cor_73	a_comp_cor_74	a_comp_cor_75	a_comp_cor_76	a_comp_cor_77	a_comp_cor_78	a_comp_cor_79	a_comp_cor_80	a_comp_cor_81	cosine00	cosine01	cosine02	cosine03	cosine04	non_steady_state_outlier00	trans_x	trans_x_derivative1	trans_x_derivative1_power2	trans_x_power2	trans_y	trans_y_derivative1	trans_y_derivative1_power2	trans_y_power2	trans_z	trans_z_derivative1	trans_z_power2	trans_z_derivative1_power2	rot_x	rot_x_derivative1	rot_x_power2	rot_x_derivative1_power2	rot_y	rot_y_derivative1	rot_y_derivative1_power2	rot_y_power2	rot_z	rot_z_derivative1	rot_z_power2	rot_z_derivative1_power2	motion_outlier00
4903.652186409441	n/a	n/a	24045804.765278094	9833.214267420426	n/a	n/a	96692102.82900062	4820.33788820038	n/a	23235657.3564201	n/a	4980.357892011877	7607.157586350424	n/a	n/a	n/a	n/a	0.0	0.0	0.0	0.0	0.0	0.0	0.0	0.0	0.0	0.0	0.0	0.0	0.0	0.0	0.0	0.0	0.0	0.0	0.0	0.0	0.0	0.0	0.0	0.0	0.0	0.0	0.0	0.0	0.0	0.0	0.0	0.0	0.0	0.0	0.0	0.0	0.0	0.0	0.0	0.0	0.0	0.0	0.0	0.0	0.0	0.0	0.0	0.0	0.0	0.0	0.0	0.0	0.0	0.0	0.0	0.0	0.0	0.0	0.0	0.0	0.0	0.0	0.0	0.0	0.0	0.0	0.0	0.0	0.0	0.0	0.0	0.0	0.0	0.0	0.0	0.0	0.0	0.0	0.0	0.0	0.0	0.0	0.0	0.0	0.0	0.0	0.0	0.0	0.0	0.0	0.0	0.0	0.0	0.0	0.0	0.0	0.0	0.0	0.0	0.0	0.0	0.0	0.0	0.0	0.0	0.0	0.0	0.0	0.0	0.0	0.0	0.0	0.0	0.0	0.0	0.0	0.0	0.0	0.0	0.0	0.0	0.0	0.0	0.0	0.0	0.0	0.0	0.0	0.0	0.0	0.0	0.0	0.0	0.0	0.0	0.0	0.0	0.0	0.0	0.0	0.0	0.0	0.0	0.0	0.0	0.0	0.0	0.0	0.0	0.0	0.0	0.0	0.0	0.0	0.0	0.0	0.0	0.0	0.0	0.0	0.0	0.0	0.0	0.0	0.0	0.0	0.0	0.0	0.0	0.0	0.0	0.0	0.0	0.0	0.0	0.0	0.0	0.0	0.0	0.0	0.0	0.0	0.0	0.0	0.0	0.0	0.0	0.0	1.0	-0.00457035	n/a	n/a	2.08880991225e-05	-0.0267524	n/a	n/a	0.0007156909057599	0.143238	n/a	0.020517124644	n/a	0.00197544	n/a	3.902363193600001e-06	n/a	-0.000500609	n/a	n/a	2.50609370881e-07	-6.24474e-05	n/a	3.8996777667599994e-09	n/a	0.0
4874.68614091934	-28.96604549010135	839.0317913346208	23762564.972471084	9769.712752565812	-63.50151485461356	4032.4423888307065	95447287.26764706	4828.251411315591	7.913523115211319	23312011.690871	62.62384809498386	4990.554799060948	7605.695761569078	1.248521	39.69672	0.19716225	0.136766	-0.0167893266	0.1148786191	-0.0125174802	0.0010823072	-0.100309045	0.0196097428	-0.0905884426	-0.0145422843	0.1033759054	-0.0007459357	0.1812423509	-0.154823757	0.1414237402	0.0153250523	-0.1104672372	0.1652851781	-0.0721113735	-0.0253911377	0.1703758042	-0.0712621403	0.0412547686	-0.0163465367	-0.0043283747	0.0535820461	-0.0149557345	0.0100462987	-0.0418891534	0.0557051057	-0.0341959148	0.0601724014	-0.0029676409	0.0050355918	-0.0444623912	-0.0112449846	0.0523048025	0.0190317894	-0.0282897016	0.0391940028	-0.0121286827	0.0723188001	-0.017426545	0.0486372843	-0.020338285	0.0036469612	-0.0695911074	0.0250065108	-0.1318663825	0.0997847004	-0.1266903583	0.0241136409	-0.0175011303	0.0348033924	-0.1530090169	0.03957017	-0.0444338398	0.0556239531	-0.03607214	0.0376964541	-0.0106841558	0.0012169434	-0.0069058121	-0.0108617151	0.0925921517	-0.004466774	-0.0445918108	0.0219214462	-0.0488648839	-0.0558930299	0.0838286125	-0.050438304	-0.0077546596	0.0461913884	0.0128413476	-0.0814416105	-0.0266781908	0.0520687042	-0.0570955649	-0.0135828742	-0.0597910275	0.085360907	-0.0095637765	-0.0095735328	0.021423306	0.0030896607	0.0158896229	-0.0040987763	-0.0217967778	0.0616812912	0.0377695181	-0.1538744073	0.0227405803	0.0222619804	0.0324093076	-0.0282749354	-0.0067857317	-0.0158354224	-0.0952198394	0.0700075109	0.0347564823	-0.0415406487	-0.0363213572	-0.0667101325	0.066280344	-0.0149303003	-0.0471828782	0.0702553015	-0.0300363358	0.0331156832	-0.0209881268	0.0221727154	-0.0256395148	0.0958314874	-0.0278951437	0.0008745846	-0.0174299706	0.019263734	-0.0378936845	-0.0629164991	0.0376506979	0.0560154203	0.0365810799	-0.0380859503	0.0222608795	-0.048593807	0.0112361841	-0.028937476	0.1241274104	-0.0712322461	0.0240808886	-0.0594697861	0.1263981957	-0.0052500143	0.0379743532	-0.1214295353	0.0956217489	-0.0966395565	0.0232870455	-0.0745835029	0.0606211142	-0.0506455645	0.0325216896	-0.0137676021	0.0323140893	-0.0498307652	0.0275683877	-0.0010182296	-0.0610347219	0.0114105689	0.0636576484	-0.0939025723	-0.0055488139	0.064977595	0.0479657541	-0.0203011679	0.0597608497	0.0401476239	-0.0428120166	0.0591773029	0.0250916072	0.0351570239	-0.0449736016	-0.0093634473	0.0759580264	-0.0230060135	-0.0602175048	0.0303492528	0.0100897961	0.0134767481	-0.0353611678	-0.0342723658	-0.0424526376	0.0209155067	0.1480217468	-0.0559383333	-0.0694220208	0.0629318752	0.0284470201	-0.0811423362	-0.0726384843	0.0278710675	0.0254481772	-0.0396832289	-0.0228901819	0.0855906817	0.0855864312	0.0855793473	0.0855694302	0.0855566802	0.0	0.010049	0.01461935	0.0002137253944224	0.000100982401	-0.00996919	0.01678321	0.0002816761379041	9.93847492561e-05	0.273353	0.130115	0.074721862609	0.016929913225	0.00182517	-0.00015027	3.3312455289000004e-06	2.2581072900000027e-08	-0.00095925	-0.000458641	2.103515668810001e-07	9.201605625e-07	4.15354e-05	0.0001039828	1.72518945316e-09	1.081242269584e-08	0.0
4859.214003818701	-15.472137100638976	239.38702646096905	23611960.73490777	9676.85777173202	-92.85498083379208	8622.047465643893	93641576.3343304	4817.937533385158	-10.313877930433591	23212522.07560146	106.3760779638851	4980.366929706183	7520.408960467727	1.126936	35.830929	0.19109349	0.0901152	0.0166994563	-0.0490664413	0.0044277235	-0.0707399817	-0.0564794209	-0.003782604	0.0200466167	-0.0123464655	0.0202044344	0.0810671837	0.1802810512	-0.0182317699	0.123224702	-0.0116053841	-0.0099969234	0.158824921	-0.1161934078	-0.0072041564	-0.0271002829	-0.0136467728	0.0219252238	-0.0423131162	-0.050854749	0.0430865546	-0.0515053318	0.084346403	0.1204921751	-0.0691911301	-0.0787755619	-0.0010380874	-0.0551776078	0.011471488	0.01943623	0.0349785458	0.1326451552	0.0578527518	-0.0353900923	0.0410015495	0.0852714747	0.1110419186	0.1557684221	0.0702135516	-0.0160067376	-0.0500824459	-0.0593541995	-0.0103535386	-0.0526507739	-0.0171256158	-0.1015586741	-0.052228245	-0.0803171182	-0.0969241599	-0.0386573649	0.0378537642	0.0262345279	0.0367117421	0.0182419687	0.0983822537	-0.0495152852	0.1581246317	0.0715968996	0.039451916	0.0081629747	-0.0491168464	-0.0484749398	0.0295730287	-0.012121641	-0.0156059053	-0.0443199085	0.0102490373	0.1011199186	0.1106955094	-0.0958081993	-0.022994804	0.0148610698	-0.0765040988	0.0195024572	-0.0167965803	0.010485832	-0.0010079411	0.0687991651	0.0578657779	0.0579738141	0.0395030113	0.0307933678	-0.0843439413	0.0478358254	0.0661527317	0.1084545699	-0.0224104255	-0.0309072041	-0.0182652203	-0.0232526534	-0.0468930299	0.0278585482	-0.0720589569	-0.0485002158	0.1012877515	0.0267456809	0.0897213788	-0.0472781497	-0.0501077603	0.0418368691	0.0474729928	-0.0159947424	-0.0004903965	-0.1048615945	0.0706865985	0.1553346759	0.056593514	0.0042088839	-0.0200725779	-0.0807017631	0.0742980781	-0.0197991888	0.039440693	-0.0656900134	-0.1462004052	0.012610308	0.0900711305	0.038534355	-0.0073311759	-0.0274777254	-0.1459500502	-0.1131269564	-0.079510846	0.0705776038	0.0278548172	0.0326211333	-0.0611388354	-0.0335307007	0.0524439484	0.0317575546	0.0674270064	0.0045625842	-0.0455262993	0.0067990946	-0.0799151747	0.0483172494	-0.0535191425	-0.0321639191	-0.1134073551	0.1157064526	-0.1557050543	0.0955703517	-0.0723613428	0.0499304539	-0.0368035633	-0.0138626897	-0.0059235538	0.094037045	0.0199835202	0.0321272392	-0.0457327604	0.0331989709	0.0369256437	0.0012637427	-0.0256275689	0.0065402649	-0.0706563555	0.0351960381	-0.0103099992	-0.0224041945	0.0376687953	0.0162357133	0.0309028386	-0.0482116374	0.0546445927	-0.1624050734	-0.051945243	0.0334274546	-0.0250160982	0.0592326936	0.03339505	0.0226661964	0.0425521047	0.033709039	-0.1684695731	-0.1147459314	-0.0245666784	-0.0432423538	0.0406646783	0.02236529	0.0855793473	0.0855410976	0.0854773608	0.0853881558	0.0852735093	0.0	0.00383215	-0.00621685	3.864922392250002e-05	1.46853736225e-05	-0.0433346	-0.03336541	0.001113250584468	0.00187788755716	0.333445	0.0600919999999999	0.111185568025	0.0036110484639999	0.00305056	0.0012253899999999	9.3059163136e-06	1.5015806520999995e-06	-0.00037846	0.00058079	3.373170241000001e-07	1.432319716e-07	1.93308e-05	-2.22046e-05	3.7367982864000006e-10	4.930442611600001e-10	0.0
4850.136651838846	-9.07735197985494	82.39831896617638	23523825.54151053	9639.816157509837	-37.04161422218385	1372.081184185093	92926055.55058771	4811.945711070294	-5.991822314863384	23154821.5262878	35.9019346528948	4973.357102282526	7500.098228334084	1.08962	34.644459	0.0484295249999999	0.0256825	0.0490761559	0.0534908736	-0.0151938627	0.0471519619	-0.1168470892	0.0256112794	-0.062710338	-0.0040506435	-0.008289302	-0.0049649461	0.1228428061	-0.1171504654	0.0673741736	0.0283746431	-0.0615319615	0.0050767269	-0.057325664	-0.0175159725	-0.0113130206	-0.0399949167	-0.0868108658	0.0210874537	-0.0353033312	0.022517907	-0.1839686964	-0.0184244808	0.0411892916	0.0511239884	-0.0323420044	-0.0664710481	-0.0219975661	0.0642747508	-0.0738214399	-0.0931633132	-0.0646199263	0.0571944662	-0.0421034289	-0.0448311607	-0.0263387892	0.0871974436	0.0880054713	-0.0469550785	0.0356276352	0.0098934447	0.0383928043	0.0369745865	-0.0552649109	0.0165309259	0.0177787553	-0.0447282796	-0.0256478272	-0.001678521	0.0912007372	0.1000904227	0.059460082	-0.0555239583	-0.0705988223	0.0271128422	-0.127529493	0.0615677554	-0.0232050986	-0.0204948405	0.1176430728	0.0154462149	0.0171185526	0.0353289798	-0.0720314371	0.0320921581	-0.0271613623	0.1140394286	0.0835571756	0.1051699578	0.0557673715	0.0625569067	-0.0309603646	-0.0225042896	0.1533348753	0.0421248319	0.1095592839	0.0289250153	-0.0323011078	-0.0596122375	-0.0442043108	0.0445733929	-0.0213615377	0.0333447598	-0.1102875157	-0.0172537446	-0.0071865072	0.0263040012	0.0337532268	-0.036899372	0.0311137971	0.0969067405	0.0068764401	-0.0145186155	0.0149164664	-0.0083346938	0.0273378317	-0.0495249007	0.0164379104	0.0159845194	0.0767908983	0.112145166	-0.0498145115	0.0491713885	-0.1980932719	-0.0078968202	-0.0164674582	0.0038038016	0.0123140427	-0.018771222	0.0201300176	0.0668579997	-0.0540752834	-0.0063359456	-0.1206414365	0.077969352	-0.0083999752	-0.0959256721	0.017443807	-0.0624479323	-0.0506621268	-0.1001184953	0.0085830018	-0.0553715698	-0.0481712407	-0.0020619736	0.0498883536	-0.0243832832	0.0367108611	0.0155473107	-0.0076088471	0.0291559911	-0.0605779614	-0.003143166	-0.1538203787	0.0139177653	0.0242983461	0.0895369301	-0.0323479276	-0.0085082082	0.0398411448	-0.0458062778	0.0399722034	0.0147474122	-0.060312319	-0.0448795285	0.0539858297	-0.0529717728	0.0078678521	0.0108724894	-0.1088743961	-0.0524294468	0.0855514058	-0.1014725961	0.0238671963	-0.0789393831	0.0453037166	-0.0438105841	0.0689172664	0.1042335634	-0.0161554371	0.0270173597	0.0278628789	0.007782326	0.0541700926	0.0108379132	0.0959613419	-0.0287326245	0.0354596524	0.0017048853	0.0747140379	0.0993159628	0.0695719825	0.0167410468	0.0424976578	0.1143343301	0.080433996	0.019012642	-0.0011665072	0.0346024119	-0.0787793779	0.0855566802	0.0854504545	0.0852735093	0.0850259911	0.0847081048	0.0	0.00719652	0.0033643699999999	1.1318985496899998e-05	5.17899001104e-05	-0.0321745	0.0111601	0.0001245478320099	0.00103519845025	0.330299	-0.0031459999999999	0.109097429401	9.897315999999888e-06	0.00267776	-0.0003727999999999	7.1703986176e-06	1.3897983999999997e-07	-0.000582708	-0.000204248	4.171724550400001e-08	3.3954861326400004e-07	5.74639e-05	3.81331e-05	3.3020998032099996e-09	1.4541333156099994e-09	0.0
4837.648841235423	-12.487810603422986	155.94541366696356	23402846.31110643	9617.363980233957	-22.45217727587988	504.1002644275367	92493689.92830151	4804.088873342305	-7.856837727988932	23079269.902971342	61.72989908395028	4969.0243837021135	7419.121188409578	1.086744	34.553028	0.033941735	0.017167	0.0801244421	-0.0233419468	-5.40822e-05	-0.0718230607	-0.0405866411	-0.002639409	-0.0022173136	-0.0688313681	-0.0064200315	0.1015203272	0.1575188642	-0.0350388618	0.0628266947	0.0536427471	0.0269183962	0.0415803645	0.0160497474	-0.0593578268	-0.0105969754	-0.0147026024	-0.0207416688	-0.011775842	-0.0056638902	-0.011677393	0.0081654154	0.0388041231	0.0086646323	0.1135806137	-0.0101241306	0.0396664387	0.071947737	0.0802703886	0.0526137989	0.0499443202	-0.1320993785	-0.0372164061	-0.0936355775	-0.0258700569	0.0283146823	0.083014971	-0.0664192038	0.0784505313	0.0611559733	-0.0099435814	-0.033550833	0.0124261615	-0.0363316433	-0.0661476546	-0.0237173392	0.031046374	0.0356286819	0.0181797138	0.0582695964	0.0069058953	0.0345801606	-0.0114118888	-0.0096794057	0.1054295511	-0.0897208932	-0.0239859292	0.0083913843	0.0666151272	0.0064983567	-0.0038302226	0.0099860493	0.0811118733	-0.0210273949	0.0334322763	0.0165377019	0.0779206413	-0.0222209579	-0.0645299948	-0.040797936	-0.0378072895	-0.0694667489	0.0532135156	0.038586375	-0.0183506538	0.1084232748	-0.0141581112	0.0438102037	0.0568096587	0.05748661	0.0244528769	-0.1687576429	0.0296653468	-0.0872693736	-0.0714326836	-0.0047836456	0.0296728386	-0.0177709488	0.0858764407	-0.0149438986	0.032024145	0.0332896321	-0.0043029874	0.0232064449	0.0182325572	-0.1223087407	-0.0172428107	-0.0726907302	-0.0651307708	0.0549721595	0.1014007561	-0.0323363622	0.024858018	-0.0471800604	0.0614426257	-0.0500360907	0.0904478005	0.0188590544	0.0405964805	0.0090569696	-0.0158821552	0.1482015585	-0.0828854869	-0.0289680461	-0.0793698973	0.0624771484	-0.1352102532	0.0333913673	0.0003317012	-0.0057936054	-0.0359913126	0.1022596823	0.0386117295	0.0661916685	0.0066121147	0.0328883473	0.0044654134	-0.0925546806	-0.0027644731	0.0001648875	0.0058028184	-0.0265231668	0.0490014528	-0.0978913119	0.0104310043	0.0447275675	-0.0381851935	0.0217799164	-0.0095317538	0.1025138657	-0.0715612961	0.0030465936	0.0226604404	0.0021914982	0.0129320002	0.0539049963	0.0400433356	0.0367871549	0.0120598618	-0.0529342486	-0.0076060548	-0.051552052	0.064995041	-0.0885978755	0.0002487245	-0.0161641934	0.0615156082	-0.105058166	0.0255449855	-0.0269923957	0.0148488417	0.2154314821	-0.0533394208	-0.0700268157	0.0650312136	0.0964379409	0.0008461923	-0.0705442169	-0.04319352	-0.0462664074	-0.0100823315	-0.0682564566	-0.0496607625	-0.021151553	0.0308608668	-0.0518752766	0.0102413651	-0.1073385389	-0.0251841846	-0.0336359441	0.0855226832	0.0853145497	0.0849680357	0.0844837033	0.083862338	0.0	0.0129291	0.00573258	3.286247345640001e-05	0.00016716162681	-0.0445783	-0.0124038	0.00015385425444	0.00198722483089	0.32882	-0.001479	0.1081225924	2.187441000000024e-06	0.00271949	4.173000000000024e-05	7.395625860100001e-06	1.7413929000000199e-09	-0.000690104	-0.0001073959999999	1.1533900815999988e-08	4.76243530816e-07	0.000194865	0.0001374011	3.7972368225e-08	1.8879062281210008e-08	0.0
4832.913942242033	-4.734898993389834	22.41926847760406	23357057.17311743	9553.557336542595	-63.80664369136139	4071.287779156348	91270457.78260684	4801.460007005288	-2.628866337016916	23054018.198871225	6.910938217900738	4961.967390609191	7370.920269408896	1.109326	35.271027	0.1074233	0.0512974	0.0867311668	0.0282089415	0.0375419006	0.0723141579	-0.0744373137	0.0362070151	0.0374690293	-0.0456623893	-0.0535926881	-0.0668532601	0.027941275	-0.081582162	0.0398120558	0.0446976017	0.0118845063	-0.0405974273	0.0111624825	-0.0951770736	-0.0491773503	0.0187256687	-0.0185572887	0.0821109332	-0.0048958668	-0.0551649206	-0.0248366962	-0.0757258458	-0.0653200218	-0.0434068222	0.0613564171	0.0022923398	-0.0030494119	-0.0015181276	0.0835479981	-0.038603633	-0.0045484553	0.0469829049	-0.0254638481	0.0180690232	-0.0937949986	-0.0067510428	-0.0456772978	0.0441627642	0.1245959619	0.0340960901	-0.0696176195	-0.0687257126	0.0450018432	-0.0159577018	-0.0059802305	-0.0052230846	0.0399201376	-0.0887607501	0.1013061356	0.1108304999	0.0009384651	0.0255432947	-0.07471058	0.0020136943	-0.0273112408	0.092749571	-0.1133081666	-0.0031214067	0.0464351703	-0.0396003253	0.0026496474	-0.0574128415	0.0428115185	0.0506421601	0.070143629	-0.049222775	-0.0674230978	0.0081970565	-0.0155032206	0.0198609688	-0.0222926065	0.0214356323	-0.0565004545	0.0369504195	-0.0192954441	-0.0799592065	0.0100409967	0.0294066238	-0.0395450435	0.0101608963	0.0420684128	-0.010176512	-0.0347256473	-0.0692931899	0.1170583111	0.0383395026	0.0728765412	0.0275404619	-0.0014152811	0.0162979715	0.0624712814	0.0216898081	0.1095602606	0.0222108784	-0.0506760625	0.0428168829	-0.0688547293	-0.0162887952	0.0027493248	0.0671317811	0.0252430662	-0.0056587364	-0.0117800118	-0.0232608786	-0.0771774647	-0.0982592474	-0.0482643192	-0.0513719057	-0.028758325	-0.043244286	0.0497728476	0.0522503546	-0.0064769714	0.0265880188	0.0158965138	-0.0146461082	-0.0343306929	-0.0299858379	-0.0653656181	-0.036528864	0.0081620806	0.1030257038	0.0260418521	-0.0634344672	-0.0861615724	-0.0528682628	-0.0884777106	0.021442585	-0.0503142011	0.0324411775	0.0099145186	0.0271094187	-0.1248230846	-0.0898147978	-0.0037112813	0.0744359479	0.0008516699	0.0368820282	-0.0511736613	-0.1046760992	0.0011248252	-0.0553736183	-0.0479605863	0.0707891948	0.0254452953	-0.0145517193	-0.10277811	0.0078929756	0.105736919	0.0211773267	-0.0718612377	0.0038548897	0.0125326636	0.0778868878	-0.0160128749	-0.0332842353	0.0296698386	0.0178398464	-0.0002828413	-0.0088782613	0.0543069478	0.0306895863	-0.0159533458	-0.0396283049	-0.0105255388	-0.0051707622	0.0739650362	-0.1322071997	-0.0124005092	0.0135949861	0.0122864231	-0.014254242	-0.0020217676	0.0409304316	0.0119211776	-0.0195670549	0.004154072	-0.0616613337	0.1142709414	0.0854773608	0.0851334554	0.0845613042	0.0837624412	0.0827390082	0.0	0.0207025	0.0077733999999999	6.042574755999997e-05	0.0004285935062499	-0.02347	0.0211083	0.00044556032889	0.0005508409	0.29137	-0.0374499999999999	0.0848964769	0.0014025024999999	0.0020418	-0.00067769	4.16894724e-06	4.592637361000005e-07	-0.0007794409999999	-8.933699999990003e-05	7.981099568982137e-09	6.075282724808442e-07	0.00014006	-5.4805e-05	1.9616803600000003e-08	3.003588025e-09	0.0
4832.153489849978	-0.7604523920554129	0.5782878405827995	23349707.34946932	9521.608047339334	-31.949289203261287	1020.7570805936284	90661019.80715716	4805.246669317585	3.786662312296357	23090395.552987743	14.338811467365597	4964.71303218704	7372.874758811979	1.105335	35.144131	0.10334395	0.0573944	0.0951024889	-0.0403487877	-0.0364433795	-0.0353956913	-0.015114731	0.0101353788	-0.0540186691	-0.0438807805	-0.063404346	0.0555983768	0.0450311211	0.030786296	0.0422026341	0.0035303384	-0.018806602	-0.0143988796	0.0977894005	0.018436116	0.012968184	-0.0070667133	0.0139356351	0.1195764783	-0.0030080476	-0.0116630318	-0.0157240126	-0.1742609941	0.030206259	0.0220378116	-0.0161810866	-0.0642053718	0.0284126927	0.0327948712	0.0094001021	-0.0434011414	-0.0845537495	0.0154892351	-0.0311740666	0.0477986884	0.0061081606	-0.0864592505	-0.08068494	-0.0191646981	-0.0115957816	0.0166921822	0.0637557045	-0.12414783	0.029931583	0.1265423984	-0.0240501513	-0.1132386526	-0.0273163205	-0.0181482249	0.0396434635	0.0087241129	-0.0047495574	-0.0849218172	0.01504522	0.0003735039	0.0280039391	-0.0249216373	-0.0048028934	-0.0959716645	-0.0484841248	0.111747757	0.0797350232	-0.0841418722	0.09901872	-0.032492549	0.0083255743	-0.0071727398	0.0788662984	0.0972611072	0.0651000904	-0.090197819	-0.0054227509	0.0659824651	0.0462611826	0.1267392706	0.0349741257	-0.0095305498	0.0566105703	-0.005604816	0.0373150288	-0.0566124619	0.1167238587	0.0012672521	0.0574022832	-0.039361685	0.095747463	0.0425101158	-0.0782019953	0.0187695027	-0.0455632325	-0.018230902	-0.125427355	-0.0945564542	-0.0445250668	-0.0060622782	-0.0419865648	-0.1245586859	0.1417879705	-0.0312072207	0.0111073381	0.0632558167	0.0184427258	0.0241280152	0.0062487529	-0.1475227196	-0.0778213156	-0.0596053309	0.0368810705	-0.0445300989	0.0309174358	0.0475401746	0.0469240731	-0.0606041038	-0.039918559	0.0780326694	0.0627527998	-0.0460492558	-0.0463828785	-0.0250815453	0.0675654798	0.0628090124	-0.0140536699	0.0344506935	-0.0409637372	0.0261511122	-0.0943392737	-0.0947901084	0.1230882643	0.137168304	-0.0635841738	0.0101533407	0.0056226663	0.0981976328	-0.0070640641	-0.01391778	-0.0392565856	0.0145855459	-0.0139110881	-0.0672894336	-0.1003913957	0.0979216514	-0.00536293	0.030167996	-0.0037607136	0.0372126522	-0.0787823789	0.0560352757	0.0244420828	0.0327613794	0.0813124792	-0.0055293207	0.0931017024	0.0397755343	0.0058957125	0.0488634824	0.1091680085	-0.0500208721	0.0451321707	0.1046755427	-0.1232236147	0.0545185654	-0.0841666376	-0.0006318809	0.0341940971	-0.0557644626	-0.005518764	0.0035503877	0.0228023798	-0.0804760489	-0.0148184311	0.0802993907	-0.032324567	-0.0301743753	0.0204276232	-0.1494002035	0.0095585695	0.0666215481	-0.0723003898	-0.0404265318	-0.1171759386	0.0854207191	0.0849072673	0.0840537993	0.0828637327	0.0813418333	0.0	0.0106136	-0.0100888999999999	0.0001017859032099	0.00011264850496	-0.0109215	0.0125485	0.00015746485225	0.00011927916225	0.298285	0.006915	0.088973941225	4.781722500000006e-05	0.00118592	-0.0008558799999999	1.4064062464e-06	7.325305743999997e-07	-0.000262552	0.0005168889999999	2.671742383208967e-07	6.8933552704e-08	0.000243122	0.0001030619999999	5.9108306884e-08	1.0621775843999995e-08	0.0
4836.849650209304	4.6961603593263135	22.05392212050785	23395114.538729865	9532.743423461914	11.135376122580055	123.99660139132602	90873197.17755638	4804.963261591924	-0.2834077256611635	23087671.945248097	0.0803199389644333	4966.097582055682	7362.75298540136	1.114624	35.439476	0.13434096	0.0673193	0.0666376253	0.0182400266	0.0516749208	0.0787004183	-0.0502361042	-0.005319727	0.083261999	-0.0273835745	-0.0629350234	-0.0401202804	0.0335714035	-0.0373041093	0.0007106639	0.0163055382	-0.0004726263	-0.1053828938	-0.0039786102	-0.0517929102	-0.0060124394	0.0839415159	-0.0052789178	0.000385414	0.0671282443	0.0344335618	0.0397449511	0.0865181935	-0.0029485841	-0.0828195929	-0.0384665916	0.0705806152	0.0961002624	-0.027110225	0.1596934592	-0.0852058612	-0.0482331228	-0.0352941941	0.059967747	0.0238662826	0.0223306927	-0.0252498575	0.0736332297	-0.0834415318	0.0206440383	-0.0663877597	-0.0502411572	0.0097840252	0.0021901283	-0.0234075023	-0.0211768531	-0.019267399	0.0917128986	0.0424504765	0.0696362237	0.0550414879	-0.046454028	-0.0901741893	0.0398875831	0.0257541733	-0.0362557813	-0.0875270287	-0.0067006477	0.0322025705	-0.0073412937	-0.069018902	0.0141151263	-0.0679282823	0.0708341228	-0.0148663787	0.010771044	-0.0203844737	0.1042598698	-0.0504593144	-0.0320301407	-0.0243929972	0.0521931779	-0.0821753306	-0.0934789505	-0.0267765938	0.0368605205	0.129251303	-0.0026159254	-0.0302449677	-0.037032653	-0.0362680189	0.0043713956	0.0284572829	-0.0047117603	0.0191517862	0.0532811674	0.0135952616	0.0436928432	0.0397102234	0.0232299174	0.007029855	0.0274009251	0.0254933884	-0.035401643	-0.0618719699	0.0030278771	-0.051478605	-0.0122983815	-0.0204795242	-0.0602308676	0.0664911143	-0.0243303281	-0.0220797295	0.0469247761	0.0666926711	0.1232373185	-0.023778215	-0.01410989	0.0545876325	-0.0444468174	-0.042427968	0.1341046861	0.0598225958	0.0925822145	0.0643172021	0.0515166226	-0.0620348682	0.0199725345	0.0629739163	-0.0148223695	-0.0576781099	-0.1131612694	0.0028139076	-0.052865032	-0.028153087	0.0592412732	0.0129726925	-0.0252073802	0.0094344304	-0.0477916681	-0.0205116683	-0.0090271163	0.1254473494	-0.1123542611	-0.0209556854	-0.0219105562	-0.0740333521	0.0145368593	0.0441351472	0.0474382045	0.048235779	-0.0437029068	-0.0438538316	0.0454387251	0.0302328441	-0.0662840681	0.0004581709	-0.0056904838	-0.0343918149	0.0086279916	-0.0501050368	0.0416457398	0.0837967311	0.0440070536	-0.0246351026	-0.1227442444	-0.0126698821	-0.05876213	-0.0975227224	0.0625059763	-0.0415734919	-0.092356806	0.0144277446	0.000663934	-0.0244875746	0.0555790499	-0.0110185532	0.0456261856	0.0213051218	0.0323442075	0.0449621868	-0.0218600547	-0.0086534571	-0.04525867	0.0389492628	0.0062433718	0.0235726715	-0.0497828767	-0.0040336301	-0.0369131909	0.0853527656	0.0846361055	0.0834461259	0.0817894817	0.0796754376	0.0	0.0201904	0.0095768	9.171509824e-05	0.00040765225216	-0.0260559	-0.0151344	0.0002290500633599	0.00067890992481	0.315245	0.0169599999999999	0.099379410025	0.0002876415999999	0.00229127	0.00110535	5.249918212900001e-06	1.2217986225000003e-06	-0.00083266	-0.000570108	3.2502313166400004e-07	6.933226756000001e-07	6.51848e-05	-0.0001779372	4.249058151040001e-09	3.166164714384e-08	0.0
4837.245938928383	0.3962887190791662	0.1570447488694062	23398948.273679134	9509.721726120944	-23.02169734096969	529.9985484592111	90434807.30825672	4801.861196076442	-3.102065515481627	23057870.94638468	9.622810462340292	4962.619030680878	7344.92520791615	1.072043	34.085606	0.06418151	0.0282092	0.0755787884	-0.0361196868	-0.0418652544	-0.013358616	0.0154305385	-0.0087779396	-0.0213198103	-0.0313950037	-0.0872935167	0.0390630195	0.0327884992	0.0058791272	0.0019049407	-0.0056892138	0.0206996542	-0.0860618347	0.0340226428	-0.0189758579	0.0657990457	0.0074878192	0.003189881	0.094948026	0.0812088207	-0.0183126858	-0.014145315	0.0594136746	-0.0168845985	-0.1097868402	0.1257975817	0.0511066168	-0.1442403528	-0.0053398407	-0.0119767369	-0.0613124507	-0.0409554992	0.0235855312	0.0351154194	-0.0441615948	0.039567904	0.0030157754	0.0517831503	-0.0604414568	0.0184695694	0.0169040296	-0.0909842421	-0.035118583	0.0010850891	0.0652204457	0.1046737145	0.009672932	-0.0373350772	-0.0329866952	-0.0131793304	0.049037638	-0.0716786743	0.0294369973	0.0751680938	-0.0758246557	-0.0755905154	-0.0601527023	-0.0768062696	0.034115866	-0.0029599306	-0.0968342105	-0.1207952489	-0.0078318498	0.0440581349	0.0845608824	0.0187944012	0.0620903687	-0.0266730939	-0.003921822	0.0226859427	0.0460303862	0.0145628697	-0.0059368697	-0.0442965804	0.0382984184	0.0116984048	-0.0904354129	0.0477226646	-0.1025672797	-0.0464805523	0.0494334498	0.0010754226	0.0491665954	-0.0094227452	0.0362964339	-0.1553110574	-0.1243487027	0.039779593	0.0286677305	0.036740902	-0.0861052706	-0.0105652399	0.0959421257	-0.0094948228	-0.080851755	-0.0434481011	-0.1095827155	0.0805771974	-0.0286648948	0.0043305077	0.0538808648	-0.0382555004	0.0102652566	0.0752247693	0.0583395012	0.0170968608	-0.0742731798	-0.122141923	-0.12730596	-0.009158063	-0.0371645478	-0.1280243367	0.0473048452	0.0005833406	0.0151864873	0.0124018792	-0.0684272515	0.0140520891	0.075438881	0.0114936123	-0.0588634598	-0.0349140079	0.0001990043	-0.0349621745	-0.0654975865	-0.0771031042	0.0311574425	0.0494595568	-0.0077406812	-0.014017332	0.0843192833	-0.0298142462	-0.0168574913	0.0135023918	-0.0899229488	0.035663436	0.0007831858	-0.0757764224	0.1440301096	0.0579307568	0.0639428027	-0.0659644312	-0.1426398461	-0.053925312	-0.0361442648	0.0166018021	0.0277331321	-0.0509076496	0.001049355	-0.056619845	0.029856128	-0.0183922029	-0.0665989998	0.0452849861	0.02718987	-0.0136736197	-0.0409648244	-0.0092751752	-0.0393875514	-0.0426477507	-0.0354793141	0.055842274	0.0616165137	0.1146704286	0.0026296309	0.0315949621	0.0851675447	-0.0197838506	0.1111910843	0.0212398263	-0.1719316482	-0.0454634566	0.0201541801	-0.093227912	0.0945245846	-0.0243566379	0.0127779575	0.0386965158	-0.0818448447	-0.0486526319	0.0852735093	0.0843201134	0.0827390082	0.080541964	0.0777453364	0.0	0.0134567	-0.0067337	4.534271569000001e-05	0.00018108277489	-0.0165236	0.0095323	9.086474329e-05	0.0002730293569599	0.32395	0.008705	0.1049436025	7.577702500000032e-05	0.00205425	-0.00023702	4.219943062500001e-06	5.6178480400000056e-08	-0.000551046	0.000281614	7.930644499600001e-08	3.0365169411600005e-07	0.000330761	0.0002655761999999	1.09402839121e-07	7.053071800644e-08	0.0
4844.72423572824	7.478296799857162	55.92492302675387	23471352.92025258	9506.645901036603	-3.075825084340977	9.460699949461178	90376316.28769603	4810.590392273742	8.729196197299643	23141779.92223643	76.19886625095056	4970.879824067846	7338.417641181808	1.086335	34.540031	0.07624735	0.0401004	0.0503801409	-0.0195609512	0.0642188067	0.0850487678	-0.0325373303	0.0180422376	0.0794201482	-0.0169876627	-0.0896506793	-0.0539477258	0.0005707885	-0.0244511215	0.0290440698	0.0478782986	0.048600911	-0.1149876903	-0.0536494764	0.0189299957	-0.034030922	-0.0258969348	0.0171834078	0.0194772885	0.0112994155	-0.1312761611	0.0003499999	-0.0166977556	0.021248998	-0.041074167	0.0034550629	-0.0205097985	-0.065964094	-0.1331973826	0.0561711278	-0.0286527959	0.0398595291	-0.0322786958	-0.0277361324	0.0477623905	0.0139564888	-0.0744139733	-0.0571554091	-0.0653986533	-0.0014791389	-0.0406861649	0.1110626509	0.0606212974	0.0544292073	-0.0498237341	0.0669885712	0.02578169	-0.0956161355	0.0206922318	-0.0415335981	-0.0546037902	-0.0571008692	0.1292823308	0.0249924505	0.00985676	0.0023329347	-0.0257740985	0.047901212	0.0023105992	-0.0568618683	0.0069775166	0.0423294409	-0.012024535	-0.0816068879	-0.0043781687	-0.0489598913	-0.0547661753	0.0713381318	0.0372265129	0.1378968015	0.0702540932	-0.003425246	0.042015337	0.0098837664	0.0187738217	0.102844265	0.0306268704	0.0433084509	0.0192238682	0.0636349531	-0.1213353336	0.0569875304	0.0509823216	0.0174612077	-0.0418132861	-0.1063908671	-0.0609291422	-0.018428957	0.0581473915	0.0164742032	-0.0171158903	-0.0354518154	-0.0434397159	0.0143869985	0.0047400949	-0.0171075314	0.0840037709	-0.0592321803	-0.02682233	0.0303733623	0.0271032599	0.0153071227	-0.1208620282	-0.0046909134	-0.0248335195	-0.0391872639	-0.0137078322	0.005768279	-0.0893926383	-0.0963031306	-0.0205464064	-0.0213699013	0.0201763112	0.1278621481	0.0153149278	0.0531505435	0.0473347448	-0.0402628153	-0.019050113	0.0418327008	0.1019373939	-0.0165946405	0.0531287002	-0.1118684947	0.03047269	0.0447879438	0.068913564	-0.0155238042	-0.0126233254	0.07580139	0.0046139406	-0.0589673312	-0.050556343	0.0976970225	0.0014284284	0.1086340083	0.0251339724	-0.0234972377	0.0016104983	-0.039597366	0.0212110428	-0.0278040392	0.0119280661	0.0625371033	-0.0323072902	-0.0207983884	0.0258895972	-0.0068996851	-0.0689977434	-0.0420491349	-0.0335302844	0.1489022381	-0.0857777032	-0.0990985278	0.0405096514	0.0156920669	-0.0451763256	-0.061732225	0.0119668062	-0.0972254464	0.053779571	-0.0332730563	-0.0521094443	-0.0547363682	-0.0503187696	0.0752187782	-0.0162627383	0.0444121276	-0.0180554097	-0.0216637711	-0.1459861958	-0.0548104109	-0.0246198846	0.0507373725	-0.0343843045	0.0275463981	-0.0323458823	-0.0719205477	0.1238688312	-0.0332729261	0.0851829606	0.0839594584	0.0819332888	0.0791238224	0.075557918	0.0	0.0171285	0.0036718	1.3482115240000008e-05	0.00029338551225	-0.0388424	-0.0223188	0.00049812883344	0.00150873203776	0.322161	-0.001789	0.1037877099209999	3.2005210000001453e-06	0.0025295	0.00047525	6.398370250000001e-06	2.258625625e-07	-0.000819515	-0.000268469	7.2075603961e-08	6.71604835225e-07	0.000105125	-0.000225636	1.1051265624999998e-08	5.0911604496e-08	0.0
4839.503461469975	-5.22077425826501	27.256483855762564	23420793.753579877	9500.43806070574	-6.207840330864201	38.53728157350415	90258323.34530623	4803.541003128879	-7.049389144862289	23074006.1687404	49.69388731570228	4965.168865010175	7361.021250449213	1.10502	35.134109	0.09088559	0.046915	0.0565261952	-0.0227246523	-0.0527114004	-0.0039906885	0.0076192153	-0.0416750865	-0.0010773979	-0.0245951438	-0.07940528	0.0632760039	0.0134567655	0.0515588381	-0.0296843257	0.0302776682	0.0285056343	-0.0582947733	0.0087372725	0.1358521923	-0.0342841297	-0.0035335273	-0.0446960011	0.0297943895	0.0750362783	-0.0181157843	0.0286601661	-0.1005268292	0.0373782071	-0.0693806795	-0.0223805967	-0.0671714805	-0.0284060271	-0.1061318302	-0.02023638	0.0271439627	0.0407147859	-0.0156896425	-0.0175175718	0.0969469034	0.0574104524	0.0777001347	-0.0663852147	0.0604526078	0.097300198	-0.036935183	0.0223870659	0.0429861414	-0.0584929385	-0.0650841876	-0.0285183941	0.0126278584	0.0255495697	0.0294367516	-0.0564715155	0.0092265885	0.0252966976	-0.0261947286	-0.0651574588	0.0387486631	0.0303196869	-0.1143959284	0.0074429394	-0.0566149356	0.0296272522	-0.0053564015	0.0075662577	0.0082052249	-0.1150617964	-0.0834085713	0.0099936099	0.0242521613	-0.0405769415	0.0432823068	0.0597562582	-0.0081107232	-0.0750458236	-0.0215520057	0.0201562311	0.0051347703	-0.0913397485	0.0174260373	-0.0596540361	-0.0586676992	-0.0637785377	0.0443020797	-0.0084537556	-0.0095570459	-0.0408772798	-0.051848499	0.0542521207	0.0116960038	-0.0120364078	0.027402486	-0.0359972517	-0.0176940734	0.0019737326	0.1256486981	0.1095171137	0.0368276952	0.0728761579	-0.0506012865	0.0490580995	0.0053777088	0.0216893467	0.0608643642	-0.0469151268	-0.0098525388	0.0241049633	-0.0540977051	0.0057527213	-0.0442170256	0.0655954205	-0.1151182114	-0.1193671391	-0.039198517	0.0417127747	-0.0640629593	-0.0026126397	-0.0222794856	0.0832060633	0.1198245272	0.0729691772	-0.0365766193	-0.0023422504	-0.0085233705	0.0257316831	0.0514737273	0.0265404362	0.005839559	0.070878357	0.0078297619	-0.022783357	-0.0141553179	0.0211484052	-0.0629794069	0.0757658429	-0.0566273555	-0.0247420878	0.0389820372	-0.0099699688	0.032816663	0.074677731	-0.053815241	-0.0107445826	0.0753806278	-0.0500066075	0.0559355039	0.0122583401	-0.0432284261	0.041308485	-0.1312022037	0.0080118383	0.0510852962	-0.0467815484	0.0238081017	0.0394715275	-0.0259649297	-0.0358410608	0.04149483	-0.0134901459	0.0435070459	0.0709117039	0.0508388036	0.0697138011	-0.0296445524	-0.0065626325	0.0014818483	0.0569160843	-0.0012220304	-0.0017691791	0.0438207053	-0.035061081	-0.0287194028	-0.0347113478	0.0212877217	-0.0508797579	-0.0479683294	-0.0517007249	0.0358459078	0.0653465389	-0.0083681471	0.1603111083	-0.0838027113	0.0787116211	0.0850811316	0.0835543317	0.081029928	0.077538061	0.0731204221	0.0	0.0113945	-0.005734	3.2878756000000014e-05	0.00012983463025	-0.00967966	0.02916274	0.0008504654043076	9.36958177156e-05	0.334781	0.01262	0.112078317961	0.0001592644	0.00226492	-0.0002645799999999	5.1298626064e-06	7.000257639999997e-08	-0.000765088	5.442700000000001e-05	2.962298329000001e-09	5.853596477440001e-07	0.000653495	0.00054837	4.270557150250001e-07	3.007096569000001e-07	0.0
4845.497385830819	5.993924360844176	35.92712924352126	23478844.916093305	9491.835913042132	-8.602147663606956	73.99694442649862	90094949.00011636	4806.674569126301	3.1335659974220107	23104120.41348552	9.8192358601994	4967.335672160998	7321.765405032997	1.196257	38.035015	0.13319129	0.0716954	0.0410001354	-0.0671155514	0.1062740847	0.0686552973	0.0217579915	-0.0374852386	0.0066588444	-0.0106754966	-0.0579352121	0.0059478816	-0.0533113383	0.0536215399	0.0600901078	0.0433607763	-0.0147354247	-0.078366138	-0.1091210338	0.0021017182	-0.0835140876	-0.0003550646	-0.0505811207	0.0218618305	0.0360389443	-0.0205404325	0.0163214438	-0.008415632	-0.0217965162	0.0089027152	0.0292083633	-0.0918658794	0.0257936301	0.0725909916	-0.0216011713	-0.1510912662	0.0483997003	0.0513655413	0.0101962162	-0.0637993511	0.127626448	-0.080780748	0.0355568279	-0.0699462856	0.0038355575	-0.0303241539	0.0993277716	0.0575123479	0.0110980571	0.025222589	-0.0507836632	0.0647946515	0.0238310027	-0.0751553102	0.0169783678	-0.1369341491	-0.0017554484	-0.035219024	0.044693973	0.0420309659	0.0067184611	-0.0191451973	-0.0488802711	0.0028539934	0.0595687305	0.0061648091	-0.1005329982	0.0360814605	-0.0776465084	0.0598802176	0.0446576082	-0.0490968528	-0.0997948259	-0.0685369915	-0.0145220152	-0.0333929258	0.0401032707	-0.0590169193	-0.048480636	-0.1228413993	0.0702720545	-0.1125735375	0.0169388866	-0.055916441	0.0837886529	-0.0742397173	-0.071198999	0.0315027242	-0.0373209897	-0.0339546668	0.0150787648	-0.0038364163	-0.0687577642	-0.0288133201	-0.0063849609	0.1091345479	-0.0609722687	0.099398114	0.0079541568	0.068831763	0.0445295981	0.1026253166	-0.00179578	-0.0010868163	0.0224014414	0.0608479671	-0.037676533	-0.0029504084	-0.0038862401	-0.0095685776	-0.0376144078	0.0153245945	0.0575975387	-0.0526816068	0.0001441112	-0.0291929713	0.0238326584	0.1257919048	-0.1072889965	0.0407561495	-0.0560356987	-0.0516038684	0.089654403	0.0550276559	0.0697681371	0.0439905941	-0.0742221714	0.0202197602	-0.1041794417	0.0837938336	0.0640036189	-0.0162214739	0.0370398787	-0.1273378547	0.032766778	0.0100425817	-0.0198502363	0.0869041301	0.1035063968	0.0146581171	-0.0130222686	-0.0564494782	-0.0176478752	-0.0088723062	0.0262768563	-0.0200209518	-0.0494406458	0.0124355085	-0.1164270168	-0.0288409029	0.1057250245	-0.06192866	-0.0833883349	-0.0003154736	0.0401779803	0.0431598924	-0.0524681328	0.0264518394	-0.0506532562	-0.0885955997	-0.0172864668	-0.039357031	0.0037411259	-0.1371120901	-0.0782101087	-0.0707995061	0.0154436601	-0.0201269029	-0.0807157659	0.014100456	0.0255477629	-0.0698785138	-0.1258959279	-0.0442344464	-0.0518333319	-0.0028964618	-0.0233274324	-0.0035298993	0.0432574234	0.0530287192	0.0516068647	0.0213535834	0.0889981664	0.0601295252	0.0390620604	0.0849680357	0.0831049477	0.0800300023	0.0757880394	0.0704409161	0.0	0.0230092	0.0116147	0.00013490125609	0.00052942328464	-0.0577569	-0.04807724	0.0023114210060176	0.00333585949761	0.312904	-0.0218769999999999	0.097908913216	0.0004786031289999	0.00289841	0.00063349	8.4007805281e-06	4.013095801e-07	-0.000772137	-7.048999999999966e-06	4.9688400999999515e-11	5.96195546769e-07	0.000261587	-0.000391908	6.8427758569e-08	1.5359188046400005e-07	0.0
4852.48210475512	6.984718924300978	48.78629845148821	23546582.576968685	9541.323402368282	49.48748932614944	2449.011599805755	91036852.26858065	4811.844580712256	5.170011585954853	23153848.26892991	26.729019798907416	4967.988373947986	7346.22043474705	1.274541	40.524033	0.11159505	0.0608029	0.0272142941	-0.0001662688	-0.1022416856	0.0111381177	0.1023813265	-0.0943035743	0.0731698765	0.0066869427	-0.046544412	-0.0047260299	-0.0443463996	-0.0466859726	-0.0466027154	-0.0019789701	0.0615184965	-0.0301570903	-0.0379562246	0.0848203572	-0.0889334244	-0.0009465862	-0.0243900059	0.0710832503	0.0508819017	0.149922654	0.0346393281	0.0662827892	0.0339542757	-0.0181019012	0.0377049283	0.0026032949	0.0060949609	-0.0087561253	0.0613264481	0.1067195174	0.0405495363	-0.0395653593	0.038645734	0.0865674263	-0.0690608262	0.0114927173	0.0306215112	-0.0070613972	-0.1274422397	-0.0794850795	-0.0978363356	0.0555405637	-0.0373533386	-0.1503282891	0.0126366874	0.0171589517	-0.0312309534	-0.0059129775	0.0016258528	0.0095550098	-0.0512253638	-0.0014036386	0.0696251589	0.0128259722	0.1802582399	0.0834688504	0.0609167868	-0.0296945514	-0.0059373442	-0.1404923839	0.0814621473	0.0083292928	0.0227405634	-0.016596195	-0.0178119171	0.1596171589	-0.1375884383	0.0683171532	0.0513371622	0.064294157	0.1541547543	0.0351447822	0.059135626	-0.0929945929	-0.0367976683	-0.0660962453	-0.1264070165	0.0490489014	0.0277448777	-0.0698687644	-0.0709060767	0.0020538818	-0.000404431	-0.0444592089	0.0155907092	0.0226970321	0.0217040664	0.0908659673	0.0351518793	0.0304965948	0.0838562963	-0.0213903347	-0.0803490082	0.0329835537	0.1186800584	0.0237855829	-0.0071884575	0.0277629764	-0.0005409171	0.0150818192	-0.0024570488	0.096813397	0.1134620578	0.008158716	0.1240864859	0.0041112801	-0.0400965146	0.0095982057	0.0695202805	0.0530762705	0.0189785718	-0.0170125803	0.1143584335	0.0097156574	0.0010690149	0.0841764113	-0.0508780389	-0.0180940831	0.0099573722	-0.0193346869	-0.0560410488	-0.0399828326	0.1043802186	-0.0503759286	0.0762935143	0.1040353131	-0.1237785467	-0.0204187387	-0.0194794517	0.0091996738	-0.053021772	-0.0593428842	0.0291569961	-0.0540166885	-0.0638761699	-0.0979026149	0.0409331276	-0.0528635992	-0.1106044564	-0.0273439875	0.1067064929	-0.0127125986	0.1466038709	-0.0767687735	0.0368341229	0.011657485	-0.0926405079	0.0963240332	-0.069633605	0.1218063022	-0.0351793549	-0.1599448693	0.1723539579	-0.1023224004	0.0855059709	0.0580181616	-0.0101552233	-0.0799903041	0.033834555	0.0503945854	0.0256244131	-0.0758794631	-0.0609695028	-0.0603514439	0.0233169063	-0.0323366905	-0.0428499217	0.0313023946	0.01008012	0.0855446639	-0.0968197641	0.1136582993	-0.0039873694	0.017188693	-0.0359346061	-0.0274303812	0.0092542933	0.0177214589	0.0666290901	0.084843688	0.0826115445	0.0789347034	0.0738774647	0.0675282686	0.0	0.0157129	-0.0072963	5.323599369000003e-05	0.00024689522641	-0.0136392	0.0441176999999999	0.0019463714532899	0.00018602777664	0.298405	-0.014499	0.0890455440249999	0.000210221001	0.00220363	-0.00069478	4.855985176899999e-06	4.827192484000004e-07	-0.000827846	-5.570900000000003e-05	3.1034926810000034e-09	6.85328999716e-07	0.000424739	0.000163152	1.80403218121e-07	2.6618575104000004e-08	0.0
4862.975306875332	10.493202120211208	110.107290735605	23648528.835279223	9553.937740563206	12.61433819492413	159.12152809592178	91277726.35055795	4810.688520205667	-1.1560605065888012	23142724.038438592	1.3364758948943558	4968.579131383945	7383.409222858661	1.24741	39.661396	0.1033671499999999	0.0694087	-0.0131821502	-0.1153506299	0.0831853622	0.0113910019	0.0528351361	-0.008318135	-0.1133675966	0.0337942584	-0.0203549435	0.0095554799	-0.0770184825	0.0596901434	0.0685595259	-0.0574986353	-0.0516512962	-0.0368335167	-0.1335899342	0.0546173737	-0.0645563059	0.0211697103	-0.0750626539	-0.0703188013	0.0380408932	-0.0810758869	-0.0121331128	0.0292454902	0.0318176532	0.0592647919	0.063672589	-0.0049487979	0.0226090711	-0.0384917074	-0.0773765236	0.038663995	0.0231953172	0.0398893393	-0.0841928475	0.0572421809	0.0116638003	0.0301885871	0.0313054791	0.0104413542	-0.0186984981	0.1334501342	0.078557083	0.0135896508	-0.0228215826	-0.0222894048	-0.0037316706	-0.0526166257	-0.051584909	-0.0523708348	0.0330905572	-0.0417457765	-0.079189889	0.0117421127	0.0482695447	-0.0093589026	0.0190455265	0.0132003068	0.0815918966	0.1166771418	-0.0675631947	0.0750023769	-0.0580999013	0.0319258042	-0.0726670736	0.0447850978	-0.0661717644	-0.0733401232	-0.0438241484	0.0120121282	0.037215037	-0.1903867485	0.0833796447	0.0468163109	0.0525987857	-0.0909638692	-0.0892088751	-0.0209179199	-0.0645861697	0.0086633493	0.0122296775	0.0721110672	0.0398371772	-0.0300800009	-0.0476835887	0.0151144791	0.024522703	-0.0245964881	-0.0395570031	-0.0517385728	-0.008808098	0.013094541	0.0542770598	-0.0075143498	-0.0230457647	0.039207393	0.1448247976	0.0029175503	-0.0409855861	0.063465091	-0.0116853481	0.0076865447	-0.0840661669	-0.0441375938	-0.0460143321	0.0231545597	-0.066243035	0.0927770705	-0.018359344	-0.0516963164	-0.0155777807	-0.1008412144	-0.0093973964	-0.0184661944	-0.0537876885	-0.0590170748	-0.004569604	0.0513784857	-0.0557300007	-0.0597526054	-0.0192004323	0.0316728313	0.0722629897	-0.0979848131	-0.0578161692	0.0176563026	-0.0207208028	0.0471665532	-0.0026012665	-0.0046984651	-0.0088171801	-0.0124295606	-0.0664640864	-0.0137065157	0.1033382773	-0.0799637137	-0.0255395095	-0.0168900965	-0.014977298	-0.0474450811	0.0933221895	-0.0022254783	-0.0111538261	0.0893285589	-0.0078979309	-0.1152989988	0.0353679603	0.0519462361	0.0029320679	-0.0097579071	0.0929120794	0.0834115686	0.0488883047	0.0935535398	0.0210698969	-0.1043857417	0.1448867017	0.081638196	-0.0253156099	0.0037233001	0.0200142607	-0.0693038169	-0.0392438045	0.0242827634	-0.014377741	0.0621885873	-0.111609238	-0.0122751782	-0.0142247672	-0.0813041459	0.0065014514	0.0266707933	-0.0184296244	0.0401510031	0.0408692563	0.0083329927	-0.03820222	-0.075609243	0.0775350765	0.0566021285	-0.1054847187	0.0847081048	0.0820743834	0.0777453364	0.0718103845	0.0643921198	0.0	0.0183049	0.002592	6.7184640000000025e-06	0.0003350693640099	-0.0391262	-0.025487	0.000649587169	0.00153085952644	0.287793	-0.0106119999999999	0.082824810849	0.0001126145439999	0.00328633	0.0010827	1.07999648689e-05	1.1722392900000006e-06	-0.000653636	0.00017421	3.0349124100000024e-08	4.27240020496e-07	0.000388126	-3.661300000000001e-05	1.5064179187599998e-07	1.3405117690000007e-09	0.0
4861.14865081925	-1.8266560560814469	3.336672347219026	23630766.205361817	9573.806678224408	19.86893766120193	394.77468378472827	91657774.31201428	4808.585160315902	-2.1033598897656702	23122491.244010307	4.4241228258750525	4966.577279400352	7427.905678052435	1.287777	40.944889	0.0776440399999999	0.0434529	-0.0258862264	0.0660070533	-0.0988406949	0.0405062589	0.1235329432	-0.0959821947	-0.0143174666	0.0387520389	-0.0059297471	0.0088392168	-0.0554240984	-0.0453900902	-0.1455584121	0.0011818437	-0.0796104363	0.0045941008	-0.0162103188	0.0056117295	0.0143263417	0.036543475	-0.0174582101	-0.0033701623	0.0470832726	0.0531225472	-0.0949353632	0.0552908882	-0.1355116788	-0.0278308568	-0.0525633383	-0.0179800474	-0.0901531577	0.0708196363	-0.0710785609	-0.1038795301	-0.0188471128	-0.0178586169	0.0547324916	0.0402738188	0.0920864757	-0.0772008569	0.0179151117	-0.0740930125	0.0349003605	0.0392662993	0.0377720995	-0.0448465321	-0.0749330644	-0.0332884972	0.0482914843	0.0817604514	0.106129935	0.0358093037	-0.0458945492	-0.0541298724	0.0215330201	-0.0385294428	-0.0459566769	-0.0007234896	0.1444272556	0.0404508007	-0.0990211	0.0864219076	-0.0961391923	0.0768363348	0.0354689946	0.0254834596	0.0457272157	0.0017798488	-0.0899481004	-0.0341685866	-0.0496018163	-0.0951331159	0.0905337831	0.0370243108	-0.0188793724	0.040344353	0.0820778102	-0.0095090024	0.0036114305	-0.0104577018	-0.025190462	0.0098739085	-0.0832050581	0.0145552241	-0.1435464478	-0.0609232243	0.0223922342	-0.0567467393	-0.0498520012	-0.0254719713	0.0212840285	0.0252986029	-0.054929561	-0.0427333645	0.0209542388	-0.0816789112	0.009267217	0.1310694301	-0.006192836	0.0508759187	0.1548953442	0.0349287353	-0.0255567258	0.0364856994	-0.0544365081	0.0389362031	-0.0447414448	0.0933888602	-0.0060726203	-0.0963401594	0.0187105603	0.0719053581	-0.0325157479	0.0406489933	-0.1034559929	0.0674115546	-0.0761508739	0.0713965552	0.0080584996	-0.005118944	0.0189681118	0.1211919081	0.0248568315	0.0566042833	-0.0317035029	-0.0045706957	-0.075766019	0.0431508962	-0.0351944536	0.1344093744	0.0392907215	-0.0989558317	-0.0744631601	-0.042190158	0.0696776267	-0.057637618	0.0252339137	0.0626995695	-0.1373176804	0.016015629	0.0548966724	0.0168680022	-0.0899139086	-0.0913716368	-0.1424308928	0.0594689685	0.0283135447	0.0141845504	-0.0064798224	0.1029028333	0.0135200684	-0.0614685109	-0.0288606868	0.0846880099	0.0038860487	-0.0673846368	-0.0097840369	-0.0323730986	-0.0108017829	0.0913710023	-0.062284173	0.079293252	0.0487016388	-0.0023549485	0.1260289182	0.0108450168	-0.0197556838	-0.0998507512	-0.009243165	0.0377149556	-0.0823251544	0.068640089	-0.0120834589	0.0129444098	-0.0261171475	-0.0060812905	0.071740861	-0.0873023828	-0.0034819425	-0.0434245746	0.0111367087	0.0363149992	0.0904206709	0.0845613042	0.081493749	0.0764633189	0.0695911778	0.0610428493	0.0	0.0156276	-0.0026773	7.167935290000003e-06	0.0002442218817599	-0.00587286	0.03325334	0.0011057846211556	3.4490484579599995e-05	0.292856	0.0050629999999999	0.085764636736	2.563396899999984e-05	0.00315699	-0.0001293399999999	9.9665858601e-06	1.672883559999998e-08	-0.00110745	-0.000453814	2.059471465960001e-07	1.2264455025e-06	0.000238272	-0.0001498539999999	5.6773545984000014e-08	2.2456221315999988e-08	0.0
4866.182506849749	5.03385603049901	25.339706535791247	23679732.18997051	9603.316384201416	29.509705977008707	870.8227468495035	92223685.57507136	4814.635778743315	6.05061842741361	23180717.68195525	36.60998335415715	4970.837138980868	7441.546043730306	1.206075	38.347164	0.09348929	0.0482669	-0.033681892	-0.1013968571	0.0208435233	-0.0488867067	0.0497561438	0.060050086	-0.0030154523	0.0263625655	0.0126976664	0.0412685591	-0.0317240269	0.0739688986	0.0179324683	-0.0100707947	0.0779851016	0.0502843605	-0.0854380605	0.0704316188	-0.0597867704	0.0139060385	0.010628994	-0.0404286853	-0.0972728714	0.0536499622	0.0563684019	0.0570341669	0.0684675542	-0.0100764395	0.0669091708	-0.0418076755	-0.1584783194	-0.1688902695	-0.1278732614	0.0026310495	-0.0716727752	-0.0676950429	-0.0200501474	0.0253131485	-0.0267727111	-0.0088046607	0.1368612197	-0.0074151213	-0.0001896718	-0.0287026735	0.0411078175	0.0796085147	0.0466719586	-0.0557770845	0.0249475511	0.0367159765	0.0558735063	-0.0442606069	0.020725691	0.039352258	-0.0423345598	-0.0076048215	0.0091827328	-0.0924171908	-0.1109915025	-0.063821503	-0.0025505297	-0.0402524191	-0.0092529691	0.0120738962	0.0586972016	-0.0409045303	0.0690690841	0.0282887956	-0.0091726429	-0.0567985726	-0.0408739226	-0.0551791607	-0.0834765875	-0.0351085263	-0.0682408781	0.0013956574	0.033650449	0.0421589288	-0.0648939886	-0.0054176594	0.0897093033	0.0330005255	-0.0472834343	0.0627985753	-0.06998928	-0.0859651144	0.0843814067	0.0079683697	-0.0087215548	0.0857335771	0.0008331785	-0.0615153743	-0.0137799151	-0.0207660019	-0.0602136371	0.0149461494	0.0636510323	-0.0653306905	0.060538473	0.0088276763	-0.0215406539	0.018056131	-0.0166691512	-0.0470056048	0.0941141248	0.0621577858	-0.0037324071	0.0334771653	0.0589694981	0.0932700704	0.0714244517	-0.1182877631	-0.0297230988	-0.0374064239	-0.2214106061	-0.0959945952	0.0543336903	0.0019527697	0.0888804935	-0.016968424	-0.039420687	0.0021157993	-0.1089199747	-0.0008001377	-0.0766596737	-0.0500128339	-0.0502294444	0.0151572446	0.0644661833	0.0436167709	-0.0748604065	-0.056270569	0.0490862683	0.0058249131	0.0203044546	0.0419298485	-0.0336098657	-0.0553657251	0.0196361072	0.0525609453	-0.043057807	0.0756129471	0.0192132314	0.0936113706	0.0306479775	0.0094701633	0.0076425743	0.0721375866	-0.0521432318	0.0041962319	-0.0014391181	-0.0604599046	0.0741967149	-0.0053844363	-0.0967420372	0.0634035331	-0.0404044952	0.0114553746	-0.0253241694	0.0752671738	0.0209329759	0.0882362986	-0.0136352325	0.0179466117	0.0342804964	0.0490786163	0.0038477665	0.0083026525	-0.0702526463	0.0439297943	-0.022856314	0.0679923339	-0.0945538887	0.0636969461	0.1052349471	-0.0280661878	0.0065840763	0.0054055709	0.0315862144	-0.0039377997	0.0268497965	-0.0633317088	-0.0211591607	0.0844033055	0.0808699489	0.0750901786	0.0672245457	0.0574915426	0.0	0.0141756	-0.0014519999999999	2.1083039999999952e-06	0.00020094763536	-0.0424415	-0.03656864	0.0013372654314496	0.00180128092225	0.309699	0.0168429999999999	0.095913470601	0.0002836866489999	0.00342004	0.0002630499999999	1.16966736016e-05	6.919530249999995e-08	-0.000653497	0.000453953	2.060733262090001e-07	4.270583290089999e-07	0.000293782	5.550999999999996e-05	8.630786352399999e-08	3.0813600999999957e-09	0.0
4866.841956121612	0.6594492718631955	0.4348733421608987	23686150.62586564	9569.456368843334	-33.86001535808282	1146.5006400496045	91574495.19519624	4817.90246516753	3.2666864242146403	23212184.16386736	10.671240194148233	4975.4979518416	7487.733612315448	1.214446	38.613331	0.1133189999999999	0.0566472	-0.0299018864	0.0982206415	-0.0698458569	0.0292470098	0.0637400552	-0.0401420896	-0.0478960213	0.0037527623	0.018185993	-0.0063636438	-0.0435873805	-0.0242173636	-0.1473775005	0.0474062528	-0.0973179503	-0.0252809299	-0.0087845677	0.0225517676	0.0499276996	-0.0444867593	-0.0122724144	-0.0653005577	-0.0531254911	0.0639999418	-0.0567208407	0.0609894548	-0.0128424506	0.0696415031	0.0232993311	0.0132431503	0.0324783783	0.0473291029	-0.0481230608	-0.081017956	-0.0628778854	-0.0830437438	0.1445703095	0.0332613439	-0.0931285181	-0.2194208658	-0.0134887624	-0.019775097	-0.0562652583	0.092920234	-0.0864352487	-0.0325930296	0.0550310017	-0.0275299445	0.0274299315	0.0361191359	0.0594703171	-0.0411270061	0.0014684766	-0.1509684355	0.0545227236	0.1070263101	-0.1303389297	0.0491108989	0.0241479947	-0.0521008194	0.0372579694	0.0036535519	0.176497573	0.0207900912	0.1032621587	0.0649959028	0.1136095759	0.0255956611	0.0567052641	0.0386380947	0.0432793239	-0.0302712388	0.006523951	-0.0645852164	-0.0518009323	0.094899027	-0.0464869085	0.0462319706	-0.0528105162	0.1563764983	0.0108341392	-0.1449783362	-0.027036729	-0.0832263326	0.1220904607	0.0906140984	0.003795053	0.0104480659	-0.0532944154	0.0479332642	0.0554756573	-0.0088829891	0.0961782258	0.0044981924	0.112461097	0.0058826506	-0.0660603869	0.0285621121	0.0324064308	-0.0380363063	0.0318670495	1.10339e-05	0.0315007828	-0.0386585825	0.0168285876	0.0325963328	-0.0603925511	0.0274575251	0.0170854528	0.0739513134	-0.0253929132	0.1304539477	0.1194196929	-0.0236365991	-0.0576515295	0.0250556438	-0.0246031646	0.1779127302	0.0234673112	-0.0021473048	-0.0713279111	0.1730698913	-0.0734582366	0.1221386596	-0.0250811697	0.053191461	0.081714538	0.0148112895	-0.0681674369	0.0511200514	-0.0390672248	-0.0512247502	-0.0570683268	0.0160479984	0.0063790964	0.1031321745	0.0632699011	0.0966141185	0.154657712	0.0415261005	0.1493631706	0.0340875962	-0.0564606929	-0.0191377177	0.1289709512	0.07522961	-0.0483893174	0.1172662727	0.0559729602	0.0630095827	-0.0299559533	-0.006870497	-0.0511675981	-0.0168512259	0.0396493284	0.0775563139	0.0009194669	0.0540190257	0.0216254135	0.0353616303	-0.0176793256	0.0209902391	0.0185753786	-0.1095534914	-0.1536528728	-0.012625255	0.1335714915	-0.0965140664	0.1294191115	0.0137375707	0.0756678645	0.0154072351	0.0509342098	-0.018804341	0.0115105911	0.0821765714	-0.0001882625	0.0118251877	-0.0876197652	0.0179899394	-0.0131124214	0.0094589772	-0.0063284504	0.0842341297	0.0802033134	0.0736275519	0.064715502	0.0537499534	0.0	0.011492	-0.0026835999999999	7.201708959999998e-06	0.000132066064	-0.021717	0.0207245	0.00042950490025	0.000471628089	0.278901	-0.0307979999999999	0.077785767801	0.0009485168039999	0.0025173	-0.00090274	6.336799290000001e-06	8.149395075999999e-07	-0.0008431969999999	-0.0001896999999999	3.598608999996207e-08	7.109811808088313e-07	0.000203964	-8.981799999999997e-05	4.1601313296e-08	8.067273123999995e-09	0.0
4860.46102797089	-6.380928150721957	40.71624406467593	23624081.404423844	9569.62401533355	0.1676464902157022	0.0281053456816435	91577703.7948486	4808.989797383797	-8.912667783733013	23126382.87134145	79.43564702319235	4964.010935308304	7452.4448793487	1.188165	37.777725	0.13039143	0.076142	-0.0056459557	-0.0495343528	-0.0146821066	-0.0966177891	0.0361312446	0.0407568861	0.0112730196	-0.0244909987	0.0086633906	0.0324544115	-0.0002297318	0.0661194992	-0.0153671833	-0.0454388945	0.0882349911	0.0501030213	0.023197797	-0.0645868176	-0.0187795719	0.0279650942	0.0599941286	-0.0362889166	-0.0976124424	-0.0494384979	-0.0581789279	0.0403594826	0.0382227553	0.0130560134	-0.0722590881	-0.0310716112	0.0703067717	0.0060764106	0.0618894656	0.076945116	0.0590181016	-0.0120830184	-0.0272202738	-0.0246451279	0.019075836	0.0061010102	0.032921713	-0.0734660763	-0.0303084169	-0.0295909805	0.0150223234	-0.0164054942	0.0512024757	-0.0401751741	-0.0551427147	-0.0602127659	-0.1295111915	0.0464906776	-0.0708614962	0.0118730166	0.0424916111	0.0030033266	0.0763841928	0.0896405043	-0.0122477131	0.0524928196	-0.0316864614	0.067686178	0.0210600483	-0.0663088276	0.0441685116	-0.0184499569	0.1048215527	0.0247783017	0.0594234431	-0.0087226776	-0.0551971625	-0.0994232751	-0.1177487963	0.0221611475	-0.0920937495	0.0679071357	0.0449784276	0.0245424435	-0.0170468799	0.0520061253	-0.0102705844	0.0065623189	-0.0259418135	0.0717461022	-0.0366634218	0.0780972384	0.1876773674	0.1581175507	0.0394375216	-0.0037991615	0.0071930896	-0.0467952478	0.0685660591	0.0587506375	-0.0073087287	0.0535799217	-0.0528298508	0.1178977298	-0.0891129546	-0.1492490196	0.0038102106	-0.0248988273	-0.0378943032	-0.0254828322	0.0765778069	-0.0867215126	-0.0623058135	0.0352191168	0.0463717532	0.0259441649	0.0506634823	0.0496197247	0.0900711752	0.0892931136	0.0442973562	-0.0056314116	0.0621970486	-0.072530657	-0.0450185619	0.0313949026	-0.0354947697	0.0039492052	0.0267303489	-0.0649317681	-0.0337274943	0.0098391931	-0.0313101473	0.0269652916	0.0005703535	-0.0120119434	-0.0270263527	0.1105827855	0.0739390404	-0.0087188483	-0.0302480057	0.0020447672	0.0240167135	0.0505128438	0.0499542069	-0.0916577091	-0.0806522028	-0.0560247327	0.0058320843	-0.0577315427	0.0160892352	-0.0580602978	-0.0273008098	0.1432318157	0.0037893989	0.1320145244	-0.0845456513	0.0113624868	-0.0496909318	-0.0381942383	-0.0803276799	0.0329472768	-0.0918730677	-0.0072125318	0.0421620601	-0.0066748281	0.0157257884	0.0818776997	0.0672543349	-0.0810129434	-0.057113065	0.0112414112	-0.1011223195	0.0791059245	-0.0944037926	0.1047036249	0.0955267956	0.1549954606	0.0558857184	0.0247339015	-0.0261715097	0.0518159202	0.0086089213	0.0188718431	-0.0298318787	0.0715737525	0.048116214	0.0237721325	-0.0357654294	0.0840537993	0.0794941956	0.0720771819	0.0620693619	0.0498304656	0.0	0.0275398	0.0160478	0.00025753188484	0.0007584405840399	0.00293913	0.02465613	0.0006079247465768	8.6384851569e-06	0.277928	-0.000973	0.077243973184	9.467290000000032e-07	0.00126999	-0.00124731	1.6128746001e-06	1.5557822361000004e-06	-0.00101069	-0.0001674930000001	2.8053905049033523e-08	1.0214942761000002e-06	-0.000155523	-0.000359487	2.4187403529e-08	1.29230903169e-07	0.0
4863.476242978336	3.0152150074454767	9.091521541124424	23653401.166014668	9557.98921225516	-11.634803078390178	135.36864267291756	91355157.781586	4811.88255437118	2.892756987383109	23154213.717061717	8.3680429880538	4969.9714371637	7401.914986970122	1.238747	39.385956	0.107419437	0.0774510999999999	-0.0239481068	0.0650009444	0.0762402828	0.095437641	0.0325448752	-0.028698648	0.112954196	0.0019577239	0.0111212838	-0.0656725776	-0.0394502693	0.003746943	-0.0834016492	0.0195117668	-0.0563273754	-0.008144408	0.0677627881	0.0559889955	-0.1304416587	0.0233200901	-0.0276416649	-0.0597934285	-0.0417387477	0.0311045252	-0.0365984259	0.0198800975	-0.0769559975	-0.08676055	0.0085937135	-0.0441985322	0.0671772522	-0.1038898212	-0.0131287778	0.0455455528	-0.0226597417	-0.1366430502	0.0335699824	-0.0364264044	-0.0584092213	0.0813132211	-0.0526827117	0.0256426295	0.0837902877	0.0163353577	0.1500394439	-0.0010923117	0.0363995451	0.019025425	-0.075629716	0.0422797404	-0.0814764213	-0.0367196648	0.0023828675	-0.0408906516	0.0840588496	0.0086309424	0.0683253212	-0.0999186637	0.0632750801	0.0379231576	-0.0038662235	-0.0666170273	0.083826731	0.0018001709	0.0474972135	-0.0460532206	-0.0455360874	0.0030379347	0.0359105059	-0.0037376196	-0.0743361364	-0.0209468548	-0.0480469538	0.1022130217	-0.0484393448	0.0558181333	0.0275149818	-0.0711633502	0.0947324683	0.059232114	-0.0442074703	-0.0326356081	0.0317316371	-0.0352802814	-0.0229623032	-0.0786560404	0.0281810999	0.0107674844	-0.1282951407	-0.0378267171	-0.0367939957	-0.0508243968	0.0239263201	0.0050795378	-0.0312052242	0.013129755	0.0984897958	-0.0694186131	0.0387032133	0.0373565149	-0.0381557364	0.0139650155	-0.03037952	-0.0255667832	0.0349811715	0.038261118	-0.0456629892	0.0595298112	0.0283292832	-0.0640423466	0.0700525096	-0.0178974004	0.038173367	-0.06428529	0.0307972944	-0.0280934689	0.0742662494	0.0503820046	0.0379897711	0.0650184353	0.0242732955	-0.0036486448	-0.1081275968	-0.0018359164	0.1681147799	0.0154879449	-0.0799928559	0.1089200808	0.024391561	-0.1170423914	-0.0160162598	0.0169739501	0.0941779398	-0.0027941288	0.0060563999	-0.051146131	0.0275594371	0.0689271702	-0.0532949907	-0.028039227	-0.0753476603	0.0436343068	-0.112394902	0.0127905812	0.0926896111	0.0416102335	-0.0051999441	0.0188746919	-0.00942953	-0.0618187566	-0.0672369666	0.0179034709	-0.0182625727	-0.0251648779	-0.0354010243	-0.0920392383	-0.1178145174	-0.0556923999	0.0304708301	-0.0158149312	-0.0291341736	-0.0216528711	0.047560113	-0.0370771956	-0.0156527169	-0.0600452587	0.0022368826	0.0022621048	-0.0063139377	-0.0807285842	-0.0387044102	0.0637086724	-0.0421706874	-0.0634967079	0.0754090405	-0.0065540987	0.0777760309	0.0571960263	-0.0481162992	-0.040397875	-0.0288129372	-0.1035830836	0.0043014356	0.083862338	0.0787429712	0.0704409161	0.0592917311	0.0457460516	0.0	0.0139579	-0.0135819	0.0001844680076099	0.00019482297241	0.000939843	-0.0019992869999999	3.997148508368999e-06	8.83304864649e-07	0.274764	-0.003164	0.075495255696	1.0010896000000002e-05	0.00266121	0.0013912199999999	7.082038664099999e-06	1.9354930884e-06	-0.000981395	2.9295000000000146e-05	8.581970250000086e-10	9.63136146025e-07	0.000197447	0.00035297	3.8985317809e-08	1.245878209e-07	0.0
4881.594675638242	18.11843265990592	328.2776020515455	23829966.57721963	9615.83458771774	57.84537546258071	3346.087462406934	92464274.8183488	4818.010847565233	6.128293194053185	23213228.527256258	37.55597747227859	4973.981157337944	7461.004219694637	1.241084	39.46027	0.132738533	0.070942	-0.0317353753	-0.0704138229	-0.0360396677	-0.0711171095	0.0224900409	0.0761405968	-0.0255810197	0.0243094107	0.0275402794	0.0004927951	0.003602365	-0.0172529129	0.1003042339	-0.0256993783	0.1311287524	-0.0559699919	-0.015176037	0.06257568	0.1087487757	-0.0171669224	0.0153224395	-0.0456032611	0.0793532634	0.021323826	-0.065443331	-0.1190895216	0.0114516659	0.0289833653	-0.0297813464	-0.0369997342	0.0042151209	0.0157645409	0.0150879101	-0.0040761306	0.0275240723	0.1032908449	0.0576210158	0.0351917361	-0.0203606344	0.0432882151	-0.041494534	-0.0042090158	-0.0405510432	0.0043722468	0.0065004385	0.0481817114	-0.0687181191	0.0167128024	-0.0536484157	0.0128118025	-0.0602795196	0.0019747403	-0.0758847817	-0.0574548061	0.0359052873	-0.0576259775	-0.0540562223	-0.0716167102	0.0091798708	-0.0682508259	-0.0116075298	0.0133581781	-0.1084436955	-0.0481397149	-0.1731186467	0.0166199342	-0.0446907399	-0.0203721515	-0.088136657	-0.0559152312	0.0086930324	-0.0590821307	0.0080974946	0.066029678	0.012869887	-0.0123887193	-0.0353747486	0.0788986286	0.0164745535	-0.0566584768	0.0452106589	-0.092681249	0.0972148084	-0.0235975098	0.0766189761	0.0761874523	0.0273915334	0.0108530763	0.0011621378	-0.005333451	-0.0107389537	0.0159554107	-0.0898836398	-0.0139279524	-0.0149242507	-0.1380738553	-0.1127148674	-0.0836638401	-0.0683463749	-0.0626275029	-0.0584454732	0.0287005116	-0.0023754755	-0.0461343783	-0.1078895701	-0.0123550216	-0.0177156205	-0.1021326539	-0.0229185418	-0.0450783126	0.0071499661	0.0214565283	0.0212142414	0.0445261018	0.0188696615	-0.0001674321	-0.0092849911	0.0727369136	-0.0380102422	0.0760816072	-0.0151096784	-0.0289209688	0.0702719276	-0.0442993911	0.0051569691	-0.0192739728	0.0515843102	-0.0280091423	0.0469997466	-0.0010210016	0.0602824817	-0.0089390409	0.0544516683	-0.022913086	0.0277832075	-0.0852511975	0.1198765926	0.0184277417	-0.1055325356	0.0408581506	0.002465879	-0.0281664812	0.1090550069	0.0723264964	-0.1335934534	-0.0734333394	-0.0252222875	0.0179322945	0.0198223665	-0.0328518706	0.0288074862	-0.0527398782	-0.0413577122	0.0558142395	-0.049374539	-0.0044255228	-0.0049385915	0.0636040586	0.0021286493	-0.0956717646	0.0328278992	-0.0033357348	-0.1157093464	-0.0810507472	0.0091258464	-0.0407057582	0.0465034233	-0.0011477639	0.0310002281	0.0190099256	0.0174582832	-0.0118173267	0.0585563744	-0.0099567714	0.0244531238	-0.0558252516	-0.0462430195	-0.1247138214	-0.0266216759	0.0246045501	-0.1476795595	0.0613101284	-0.0526483942	0.0836597713	0.077950038	0.0687207046	0.0563884939	0.0415102298	0.0	0.0155733	0.0016153999999999	2.6095171599999985e-06	0.00024252767289	-0.0121458	-0.013085643	0.0001712340527234	0.00014752045764	0.313272	0.0385079999999999	0.098139345984	0.0014828660639999	0.00188566	-0.0007755499999999	3.5557136356e-06	6.014778024999998e-07	-0.000420899	0.000560496	3.14155766016e-07	1.77155968201e-07	-5.70968e-05	-0.0002545438	3.26004457024e-09	6.479254611844002e-08	0.0
4880.280329032495	-1.3143466057472324	1.7275070000392707	23817136.089941517	9572.236407339287	-43.598180378452525	1900.8013323120829	91627709.83799174	4815.738862599372	-2.2719849658615203	23191340.79274989	5.161915685100774	4971.31451474401	7523.464856353649	1.294613	41.162224	0.33433976	0.190902	-0.0565195407	0.0907035724	0.0986770559	-0.0035581551	0.0118415213	-0.0829722478	0.0621138554	-0.0456532443	0.0714652551	-0.0694009885	-0.0899875273	0.015683028	0.0317047626	-0.1699390264	-0.1067941458	0.0789834997	0.1756246666	0.0217600747	0.0481097175	-0.0048331311	0.0703488265	-0.0318967965	-0.0545363435	-0.0313299852	-0.0056913019	0.0471783808	-0.0484975641	-0.0325429944	-0.0018832335	0.0852659435	0.0673388068	-0.0120907156	0.0919737131	0.0555657319	0.1396777761	0.0465337109	0.018518908	-0.025169371	0.0241710342	0.0034288497	-0.0972186533	-0.0394651673	-0.0177573744	-0.0700245181	-0.087223915	0.0582890184	-0.0175234913	-0.001983328	0.0465396903	0.1056418796	-0.0410729125	0.0587847648	0.1413711392	-0.0803015883	-0.0041211389	-0.0502495867	0.1130876041	0.0757693539	0.0831054882	-0.1065580694	-0.0349457678	0.0446289686	0.069241144	0.0807957915	-0.0545827407	-0.0033199986	0.0379690103	-0.0323412186	-0.0911825456	-0.0322862625	0.0756072143	0.0525287396	-0.0256449432	0.0549850669	0.0226036569	0.0657566611	0.1123448992	-0.0027735728	-0.0299353911	-0.0123001501	-0.0948398867	-0.0651329353	0.0067256986	0.0054465439	0.0517806461	-0.1215669942	-0.1029978619	0.0214174047	0.0262870199	-0.1287962541	-0.0626790009	-0.0708894805	0.0259105355	0.0001207909	0.0443709436	-0.0685234991	0.0276675499	-0.1250245606	-0.0809879725	0.0342421582	0.0008568594	-0.0394085491	-0.0286733452	-0.1004081352	0.0618041536	-0.0541916013	-0.0038408804	0.0357226952	0.0259048762	-0.0192313713	-0.0707995611	0.0694841949	0.0184489546	-0.0281272991	0.0758967713	0.0763187721	0.0811662783	-0.0582105467	-0.0741050851	0.0987396731	0.026119947	-0.0030473204	0.1059369255	-0.0350986876	0.0275361708	0.0843388674	0.0564329623	-0.044503079	0.0365282865	0.0219019269	0.0191962709	-0.1053134881	0.0256569495	0.0548513155	-0.1422636127	0.052257582	-0.0162788581	0.0666603788	-0.0665547933	-0.1555986298	0.0324613082	0.0323569449	-0.0449477307	0.0430546966	-0.0801390005	0.0662576674	-0.0831154065	0.0171541668	-0.0774194118	-0.0203992458	0.0859056442	-0.0442635478	0.0074393122	-0.0548800502	0.0646702398	-0.0930371495	0.0849849354	-0.0511797798	0.1082241772	-0.0048826678	0.0485829594	0.0641050752	0.0831751948	0.000571096	-0.0048735019	0.0245035522	0.1052059521	0.0556028892	-0.0486128258	-0.11203231	-0.068419472	-0.0285418371	0.0606139794	-0.0446091533	0.0487276374	-0.0574468486	-0.0443303579	0.0497211023	0.0643488138	-0.042028531	-0.1454886402	0.014120659	0.0537108102	0.0834461259	0.0771158161	0.0669185973	0.0533658005	0.0371370197	0.0	0.0243875	0.0088142	7.769012163999999e-05	0.0005947501562499	-0.0244472	-0.0123013999999999	0.0001513244419599	0.0005976655878399	0.120586	-0.192686	0.014540983396	0.037127894596	0.000487036	-0.001398624	2.37204065296e-07	1.956149093376e-06	-0.00127793	-0.000857031	7.345021349610001e-07	1.6331050849e-06	-0.000212205	-0.0001551082	4.5030962025e-08	2.4058553707240003e-08	0.0
4866.280120290492	-14.000208742002542	196.0058448196444	23680682.209134445	9589.857045442865	17.62063810357722	310.48688717723746	91965358.15203014	4818.3524998955545	2.6136372961827874	23216520.81324974	6.831099915997672	4972.809231857064	7542.659223114454	1.191026	37.86869	0.1966171	0.106738	-0.0200858631	-0.0290640709	0.0115741398	-0.117076576	-0.0435901826	0.013872619	-0.0382011445	-0.0173992192	0.0207917237	-0.0397121266	-0.0508347279	0.0444266908	-0.0102216542	-0.1987259265	0.0286159923	-0.0199200793	0.0244750397	-0.0325260573	0.0730318349	-0.0024332671	0.0506530831	-0.0623689493	0.0186892444	-0.0973324707	-0.0711382182	-0.0123868417	-0.0168364649	0.0346707369	0.0090758083	0.0533477341	0.0424776131	-0.0180152289	0.0155823188	0.114258384	0.0177724148	-0.0456068344	0.0534334059	-0.076124001	0.047165537	0.0408704218	0.0342000267	0.1436424392	-0.0598826898	-0.0901380109	-0.0481635244	-0.0520588849	-0.1325727268	-0.0440009793	0.0086646269	-0.0363125043	0.1326261546	0.0402436196	-0.0705245494	-0.0353008249	0.0205605817	0.1050259958	0.0075536162	-0.0881767903	0.0138180574	0.0561045283	0.0117036225	0.0764221261	-0.0587212149	-0.0095781114	-0.0154359522	-0.1042207762	-0.096649751	-0.0839851989	0.0446234136	0.0103301856	-0.0155735795	0.0214404203	0.0605329722	-0.001905816	0.0317742945	-0.0937512244	0.0654421704	0.1057930287	-0.0293676775	0.022080119	0.0578751148	0.0138554149	-0.0485359841	-0.0576216547	0.0681438906	-0.0521465418	0.0592431529	-0.057871472	0.0035734671	0.0590688581	-0.0874613212	0.0419646398	0.0773585866	0.0341731162	-0.0147625289	-0.1543615881	-0.0181693461	-0.1451808577	-0.0525706893	-0.0437113833	-0.0323117183	0.0056476331	-0.0403878177	-0.1145475106	-0.0136660782	-0.0934439079	-0.041280113	0.0022254594	-0.0442813104	-0.0381573328	-0.0761426569	0.0095956492	0.0089137872	-0.002448388	0.0287692535	-0.0679119975	0.0846068116	-0.0727011462	-0.109388045	0.0065706885	0.088838361	-0.0027104665	-0.0162646399	0.0239055405	0.0017952505	-0.0704466389	0.1367677007	0.0727044866	0.0658844495	0.0142743028	-0.0163203295	-0.0261333953	-0.1836515125	-0.0553239897	0.0891411728	-0.1662454162	0.0580482107	0.0404995272	-0.0142085352	0.0195789738	0.0037022189	0.0494287356	0.0410672755	-0.0241849539	-0.0238643348	0.0053943222	0.0742007049	-0.0439199742	-0.1118233947	-0.0547861865	-0.0467293187	0.1039414149	-0.002850745	0.0047952455	0.0215563125	-0.0111421279	0.0027168672	-0.0097243871	-0.0846912881	-0.0347566486	0.0021710175	0.1104939405	-0.0580212951	0.0765883686	-0.0943069062	0.0448347587	0.0356085173	-0.05758398	-0.0264972809	0.0196360643	-0.0019128398	-0.0202188577	-0.0798157634	0.0776122464	0.0052479614	0.0574743349	-0.0067123983	0.0053565074	0.0688483678	-0.008454317	-0.1877401122	-0.0135907985	-0.0933587364	0.0832214302	0.0762407473	0.0650367418	0.0502300546	0.0326408955	0.0	0.0295673	0.0051798	2.683032804000002e-05	0.00087422522929	0.0115012	0.0359484	0.0012922874625599	0.00013227760144	0.193492	0.072906	0.037439154064	0.005315284836	-0.000232594	-0.00071963	5.4099968836000003e-08	5.178673369e-07	-0.000521498	0.000756432	5.72189370624e-07	2.719601640040001e-07	-0.000387801	-0.000175596	1.5038961560100004e-07	3.0833955216000005e-08	0.0
4856.808533511039	-9.471586779452991	89.71095612070869	23588589.13118565	9545.32380493748	-44.53324050538504	1983.2095099104663	91113206.54110612	4803.075871781596	-15.276628113958395	23069537.830090538	233.37536653218405	4960.331511889774	7459.42218216989	1.144887	36.401703	0.12459256	0.0610896	-0.0084949381	0.0763777801	0.0771312568	0.0169303834	-0.028283804	-0.0832016379	0.0553747993	-0.0506353273	0.0148233264	-0.0392254629	-0.0695445041	0.0220022778	-0.002042637	-0.0959033113	-0.0382990253	0.0387308163	0.1152798559	0.032733826	0.0370191151	0.026892186	0.0848145571	0.012906783	-0.1099945224	-0.0703414417	0.0243867643	-0.0245668382	-0.0194994424	-0.0318373114	0.0309419828	0.1077528344	0.0411766005	-0.0428995089	-0.0297069514	0.0394979686	0.0258238651	-0.03260691	-0.1015586981	0.0147989715	0.0404356284	-0.0184930953	0.0100595584	0.0331191283	0.0780248545	-0.022120586	0.0285725173	0.0192574304	-0.1301036619	-0.0056728071	-0.0232763555	0.0240788513	0.0870741821	0.0811766685	0.0682786643	0.0497456188	0.0578963818	-0.0219562922	0.0185142152	0.006133584	-0.0937915644	-0.0587374297	-0.0039202951	0.0004817919	-0.0878132024	0.0683787359	-0.0087832599	-0.0943766193	-0.0517129955	0.0936042345	0.0372404792	0.0705068045	0.0547628347	-0.0003725238	-0.1144942639	0.1159267412	-0.0224901292	-0.0277919443	-0.0174319884	0.0463384104	-0.1081629563	-0.0613873139	0.1344821385	-0.0757222263	-0.041346388	-0.0898921288	0.0268860326	0.0569435024	0.0824296215	0.0272674671	-0.0525144112	-0.033241656	-0.0751239541	-0.0960845352	0.0370352404	0.0007607313	0.0678110707	0.0724501358	0.016694176	-0.0015786123	0.0153431239	-0.0312433771	-0.0033532397	-0.0554147305	-0.0587066849	-0.0560433906	0.1149018317	-0.0423807243	-0.0147242669	-0.0051585104	-0.0361680085	-0.0056438648	-0.060943235	0.0189139285	-0.0087481959	-0.0707138168	0.0129770285	-0.0103683146	-0.0090618441	-0.1266033012	0.06718752	0.0074128477	-0.0062170151	-0.0374773438	-0.0299363459	0.0059663631	-0.0057403858	0.0397786796	-0.0146607975	0.04072909	0.0823311678	-0.0468615621	0.0427008397	-0.0643789601	-0.089674455	-0.0923433856	-0.0258692421	-0.0245652848	-0.1175545366	0.0494585358	-0.0423821171	0.0477594551	-0.0640049464	-0.0146950798	0.043511972	0.0818909651	-0.0911923851	-0.0022745633	-0.030955217	-0.0596659935	-0.0844134938	0.0389126596	-0.0074126122	0.0005405445	-0.0602411733	-0.1775882081	-0.1549523855	-0.0172787002	0.0358870368	0.0396868576	-0.0190332554	-0.0273446673	0.1042576232	0.0179016063	-0.0807994886	-0.0200306583	-0.0998271553	0.1164417541	0.0148452979	0.0018556231	0.0168248675	0.0800204519	-0.0489748093	0.0436573318	-0.0137697694	-0.0484016934	0.0338266108	0.0383301638	-0.0314688687	0.0361641109	-0.1174272801	-0.0117545112	0.0376304757	-0.1020568069	0.0779644973	0.0829857139	0.0753252952	0.0630773808	0.0469878988	0.0280367383	0.0	0.0215193	-0.008048	6.4770304e-05	0.00046308027249	-0.0227586	-0.0342598	0.00117373389604	0.00051795387396	0.172903	-0.0205889999999999	0.029895447409	0.0004239069209999	0.00035789	0.000590484	1.2808525209999998e-07	3.48671354256e-07	-0.00074098	-0.000219482	4.8172348324e-08	5.490513604e-07	3.61482e-05	0.0004239492	1.30669236324e-09	1.7973292418064005e-07	0.0
4862.454551071451	5.646017560411565	31.87751429247576	23643464.26123546	9571.529501079942	26.20569614246233	686.738510311065	91614176.99004364	4804.063273080894	0.987401299297744	23079023.93176471	0.9749613258548732	4961.834514873356	7449.273121760171	1.166611	37.092396	0.209543297	0.105144	0.0025238514	-0.0547521975	0.0028808283	-0.05349229	-0.0020866485	0.027749389	-0.0143876894	0.005497849	-0.033670138	-0.0549574281	0.0094477428	0.0412663201	0.0651084453	-0.0614654697	0.0225834179	-0.0151297957	-0.0236775077	-0.0121093805	0.0745724831	0.0359273203	0.0586917759	0.0116432896	0.0810757406	-0.000435775	0.0397820018	-0.0032718551	-0.0179545084	0.0981467563	0.0125976942	0.0166051694	0.019582154	-0.0246548236	-0.0919231732	0.0663940244	-0.0235860399	0.0800875844	-0.0133179249	0.0467143911	0.1037496474	-0.0154817174	0.0511759834	0.0804334748	0.0106776755	0.0700417509	0.0091829739	0.0899075434	0.1021299488	-0.0094044518	-0.0009650156	-0.1276880014	0.0592260423	-0.0086631559	-0.0432769642	-0.0075604171	0.0270666597	-0.0828048723	-0.096403618	-0.0001636066	-0.0605227935	0.0469682825	0.0216790942	0.0271560808	-0.0162374327	-0.0646713318	0.0564351081	-0.0563094815	0.0165206306	-0.1022515999	-0.0500156805	0.0621984442	0.0968719388	-0.0475510667	0.1558440171	-0.0936197042	-0.0360947071	0.0181661068	-0.1896804447	0.0545291545	-0.0089647212	0.0294383539	0.0402087689	0.0696680639	0.0109172285	-0.0962943359	-0.082106908	-0.0597129084	0.0091761018	0.0481236332	-0.0403911366	0.0675283082	-0.0857741642	0.0907123714	0.0839848598	0.0122985411	0.0759787517	-0.0439022666	0.0526396779	-0.0779043721	0.0208022432	-0.0337037654	-0.0073620909	-0.004404646	-0.0453972062	-0.011154278	-0.0771221006	0.0245438714	0.0568387439	-0.0280482056	-0.0715025413	0.0511839099	0.020622407	0.0082955799	-0.0100220013	-0.0600718438	-0.0436058097	-0.1018301732	-0.0514126032	-0.0693129831	-0.0726997393	0.0046216313	-0.0441731167	0.0013927115	0.0358941386	0.072701668	-0.0599254286	-0.110257166	-0.0680827261	-0.0864959346	0.0049284847	-0.0437896335	-0.0860777667	0.0589015341	-0.0022368334	0.0054394955	0.088451766	0.051784919	-0.0037591485	0.0552993889	-0.0449533493	0.0835749804	0.0253391443	-0.0722671268	0.077969229	-0.0142428837	-0.018823538	0.0037108238	0.0538368813	0.0745911506	-0.0851649973	-0.0255162381	-0.0362291971	0.021579934	-0.1260062939	0.0782834221	0.1102645634	0.1262559648	0.0410282312	0.1757049331	-0.021179398	-0.0017295423	-0.0284903872	-0.0300744108	0.0116819865	0.0538790912	-0.0848987016	0.0648705662	-0.068620375	-0.0485031384	0.0434581137	-0.0592646284	-0.0294781973	0.0907113973	-0.1026093557	0.0402165837	-0.0341525548	0.0366553755	4.62616e-05	0.043499832	0.0006846487	-0.0915123059	-0.0977714886	-0.1026298011	-0.0099553214	0.0827390082	0.0743699446	0.0610428493	0.0436462017	0.0233397865	0.0	0.0320796	0.0105602999999999	0.0001115199360899	0.00102910073616	0.0008777369999999	0.0236363369999999	0.0005586764267775	7.704222411688244e-07	0.272336	0.099433	0.074166896896	0.009886921489	0.0016202	0.00126231	2.62504804e-06	1.5934265361e-06	-0.000634522	0.000106458	1.1333305764000006e-08	4.02618168484e-07	-0.000113357	-0.0001495052	1.2849809449000002e-08	2.2351804827040003e-08	0.0
4861.379017862671	-1.075533208779234	1.1567716831869552	23633005.95531543	9562.230590163235	-9.298910916706518	86.46974423684365	91436253.85945351	4806.715979404901	2.6527063240073403	23104518.50666642	7.036850841428536	4963.5192971696215	7511.624829993953	1.177367	37.434391	0.175644237	0.0998376	-0.0073303611	0.0945344957	0.0375363359	0.0171423794	-0.0650657317	-0.0316521282	0.0323948839	-0.0462732647	0.0157972282	-0.0878272754	-0.0801995531	-0.0090708496	-0.0199365218	-0.0964419178	-0.0034297197	-0.0222182914	0.1262769665	-0.0083791992	0.0859987545	0.0242622022	0.102318053	0.0114904642	-0.066494037	0.0105679714	0.0566751018	-0.0407612665	0.051951575	0.0806103745	-0.0211832588	0.0152694106	-0.0232221799	0.1084536137	0.0839180263	-0.0364937218	0.0585409285	0.1346582034	-0.0959501119	-0.0638747081	-0.1459166381	0.0221452713	-0.0604846451	0.106773655	0.0535801941	0.0190579301	-0.0368501125	-0.0797309713	-0.060998295	0.0491926855	-0.0633593119	-0.0381511047	0.1587028079	-0.0181204345	-0.0413300586	-0.020198727	0.0334213824	-0.0113073821	-0.1032834614	0.0062627459	0.0058260921	-0.0446239456	0.0512680486	-0.1407590418	0.0713125113	-0.0028524592	-0.0054306694	0.0561927214	0.0860944312	-0.0272536241	-0.0213546287	-0.1372910483	-0.0851908312	-0.0698009494	-0.0304202908	-0.0524127518	0.0374897453	-0.0069020259	-0.0002517713	-0.0617480519	0.0780221831	-0.1123822957	-0.0892032434	-0.0100741516	-0.0574258674	-0.0486983774	-0.0993023181	-0.0452343716	-0.027470891	-0.0031880784	-0.0079465887	0.0191926973	-0.0182597506	0.0165183768	0.0197283298	0.0062172756	-0.0498102428	0.0741306373	-0.089686353	-0.1446279287	0.0509712275	-0.0057921054	-0.0279994535	-0.0512488789	-0.0618043557	-0.0735392852	0.0526374119	0.0183077708	0.0018329514	-0.1033738911	-0.0372920744	0.0657836434	-0.064211965	0.0342368696	-0.0741378112	0.0780820311	0.0630741431	0.1030026208	-0.0866809981	-0.0287870981	-0.0980996533	-0.0708795284	-0.032883691	-0.1404587824	-0.0367507774	-0.0162653512	0.028429397	0.0907428401	0.1273153897	-0.0286963306	-0.0412465707	-0.0375223426	0.0300813432	0.0165401287	-0.0904735896	-0.063120316	0.1487571188	0.0073093632	-0.0086534376	0.0049267621	-0.0376408194	0.0299341787	0.0884452857	-0.0535875307	-0.0089894324	0.056330335	0.0716676961	0.0176889866	-0.0648585127	0.1540527527	0.0526347776	-0.0773143216	0.0159159953	-0.0912565352	0.0981939342	0.0704543465	-0.0699230809	0.0044981948	0.0113798067	-0.0620404592	0.0244790829	-0.0019538004	-0.0055590896	-0.0899290922	0.0453298409	0.0287351822	0.1081165231	-0.0042459735	-0.0284328316	-0.0784824458	0.0250722019	-0.0315825419	-0.0856261534	0.0693981337	-0.0247564739	0.0614547329	0.01086787	-0.034698716	-0.142109616	0.077677628	0.0765058995	0.0733033721	-0.0296538518	0.0186261421	-0.0489018806	0.0824813458	0.0733752016	0.0589355719	0.0402120424	0.018565586	0.0	0.0212864	-0.0107932	0.0001164931662399	0.00045311082496	-0.0144908	-0.0153685369999999	0.0002361919295203	0.00020998328464	0.170565	-0.101771	0.029092419225	0.010357336441	0.000990544	-0.0006296559999999	9.81177415936e-07	3.964666783359999e-07	-0.000866062	-0.00023154	5.3610771600000016e-08	7.50063387844e-07	-2.0323e-05	9.3034e-05	4.13024329e-10	8.655325156000002e-09	0.0
4853.545817562267	-7.833200300404314	61.35902694625424	23556907.00317617	9558.387921493018	-3.842668670216881	14.766102509066371	91362779.65774362	4799.671587775735	-7.044391629166057	23036847.350501645	49.62345342506482	4958.361917727304	7462.104622885847	1.156983	36.786274	0.1705486499999999	0.0927646	0.0107341173	-0.0167670329	0.0569416841	-0.0730623769	0.002331395	-0.0278001333	0.0181321138	-0.0549167014	0.000208648	-0.005023028	-0.0086803875	0.0431288473	-0.0075607381	-0.091297323	-0.0149230123	-0.0323508817	0.0070980045	-0.061736505	0.0124005784	0.0459737353	0.098624913	0.0974861416	-0.0710183267	-0.004523064	0.0298628283	-0.0049889717	0.0225023026	-0.0566990647	0.0475609344	0.0206923336	-0.0301523508	0.0966366044	-0.0246641446	0.0637387489	-0.030034929	-0.0395541694	0.03187064	0.0104237904	-0.1282781711	-0.0181099962	-0.0309395726	-0.0118401114	-0.0282897885	0.0264227357	0.0147421874	0.0417145599	0.1237972569	-0.0144346889	-0.0265685972	0.0673956502	-0.1156507633	0.0658020579	0.0200312593	-0.0428757577	-0.0785433901	0.0557053656	-0.0448353769	0.0175726954	-0.0082620012	0.0863707739	0.0179331928	0.0659917445	-0.0776043112	0.0212883476	-0.1003621541	-0.0450228963	0.0628921897	-0.0713266157	0.026997316	-0.0536231245	0.0211610448	0.0974583358	-0.0017118927	0.0129850783	-0.0001783514	-0.1570771476	0.0204483733	0.1007049612	0.0431102925	0.0470693861	-0.0640855488	0.1021236612	0.0427343133	0.0892898623	-0.123906408	0.0087082638	-0.1402393771	0.0168772651	-0.0287612224	-0.0474737406	0.0567353905	-0.0492230222	0.0326155605	0.0047149239	-0.0156894504	0.0099545365	0.105806088	-0.0445474123	0.0737978887	-0.0176962651	-0.0145593545	-0.0577736673	-0.0715696859	-0.0174784728	0.1070311468	-0.0019451339	0.0739000826	-0.049835884	0.0134483214	-0.0374161158	-0.1080770283	-0.0033063831	0.0899706791	0.0751803702	-0.0326093967	-0.0068598064	-0.022187475	0.0135424377	0.0157907221	0.0091573052	-0.0642026061	-0.0309441609	-0.0304680541	0.0599951685	0.0553821757	-0.0019150295	-0.0244920717	-0.0494199017	-0.0307056296	0.0018157245	-0.0438712203	-0.0013074785	0.1331328533	-0.0559111901	-0.0972323311	-0.0224360788	0.087130419	-0.0256938838	0.032301877	0.0369440179	0.0440600984	-0.0055220963	0.0380431104	-0.1020482444	-0.0334166991	-0.0510716482	0.0357721601	-0.0274129093	-0.0933765951	0.0229204824	0.0856349351	0.0613381476	0.1417172837	0.0068327985	0.0732337044	-0.0462032047	0.0422075615	-0.0075698971	-0.134212649	-0.1007474739	0.0227953889	0.040066762	0.0917071251	0.05543731	0.0719883517	-0.0349350665	0.0154616864	0.0952637447	0.0768063102	-0.0429755567	-0.0848675732	0.0056766753	0.0716878517	0.0532870795	0.0551807546	0.0625212102	0.0460310361	0.056946519	0.0771554286	-0.0682653472	0.0827355158	-0.0957992129	0.0205630335	0.0822127608	0.0723415931	0.0567580599	0.0366926959	0.0137299382	0.0	0.0192659	-0.0020205	4.0824202500000056e-06	0.00037117490281	0.00448945	0.01898025	0.0003602498900625	2.01551613025e-05	0.263721	0.0931559999999999	0.0695487658409999	0.0086780403359999	0.0016843	0.0006937559999999	2.83686649e-06	4.812973875359997e-07	-0.000554973	0.000311089	9.677636592100005e-08	3.07995030729e-07	0.00010267	0.000122993	1.05411289e-08	1.5127278049000002e-08	0.0
4853.523337396415	-0.0224801658523574	0.0005053578567494	23556688.78665163	9538.792440095016	-19.59548139800245	383.98289121946	90988561.21521384	4804.684066550981	5.012478775245654	23084988.97936887	25.124943472288173	4962.094986512084	7474.981883410035	1.192176	37.905228	0.05960127	0.0292651	0.0244910613	0.092073472	-0.0412427614	0.0103122616	-0.0768678213	0.033517164	-0.1084534867	-0.0359826674	-0.0149814009	-0.0182546689	-0.0269357629	-0.0315722864	-0.0580126815	0.0571442937	0.0389821399	-0.0770644059	0.0530351969	0.0148405536	0.0540240927	0.0326151711	0.0365150342	-0.0707444223	-0.0426944975	-0.0364685445	0.0305229222	-0.0604352705	-0.036608278	-0.0050999883	-0.0485422045	0.0696862105	0.0606102586	0.0651899291	-0.0466229912	0.0096061431	0.0137850129	0.0277003946	0.0415969367	-0.0394030056	-0.0333596147	0.0301373455	-0.0447247641	0.0212568813	-0.0025330381	-0.092579639	0.0310394924	-0.0724816049	0.0763745991	-0.0765236804	0.0045550823	-0.0370834303	-0.0915692898	-0.0196913591	-0.0311067397	-0.0590756161	-0.0362296482	0.0626833328	0.012033893	-0.0325438631	-0.0098588926	-0.038442044	-0.0364317083	0.0204282248	-0.06022237	-0.1429377742	-0.0184975902	-0.1123919624	-0.0484927234	0.0273598795	0.1083267865	0.0808993526	-0.0332897969	0.0226878527	0.0796049458	-0.0794345887	-0.0262162941	0.0046197008	0.0044467594	-0.0833770943	-0.0451832703	-0.0164201704	0.0078942643	-0.0726070879	-0.1816133679	0.0056550384	0.0663536842	0.0152046307	-0.0568347793	-0.0018221637	0.0365041457	-0.0708117915	-0.0040351749	0.0785246419	-0.1141946329	0.0304648402	0.0283784887	-0.0129385163	0.0884209183	-0.0207197554	-0.0419937433	0.0337079705	-0.0084771352	-0.0099946656	-0.0494298608	-0.0625646715	0.0372912317	-0.0532702343	0.0020695347	-0.0137867209	-0.0250525378	-0.0205249568	0.0050156001	0.098650921	0.0237638809	-0.0223147681	0.0152389286	-0.0261080088	-0.050079171	-0.0031667948	-0.007683031	0.0083624552	0.0809983337	-0.0471266933	0.033501358	-0.0597455563	0.0296574237	0.064427948	0.0113332816	0.0544601736	0.0089580437	-0.0081422928	-0.0661624521	0.1131732684	0.03337373	0.0285748923	-0.040672837	-0.0103635223	0.1139200402	-0.0066765876	0.0607543481	0.0198237238	0.0016793154	0.0686080996	0.0068192023	0.0175205097	-0.0338304826	-0.1256761477	0.0938982709	-0.075651328	-0.0008268683	-0.0254780187	-0.1606819249	0.1130035673	0.0180124232	0.0292141252	0.0453501238	0.0366314313	-0.001532437	-0.040126243	-0.0120949776	0.0910864323	0.0125102353	-0.0217164316	0.0373327319	-0.0136656018	0.0005363428	0.1417417376	0.0569314735	-0.0301822763	0.0391345735	0.0430908366	0.035721992	-0.0810812364	0.0219627946	-0.0274815101	-0.0685118067	-0.1636479503	0.0165703372	0.0050869122	0.020184399	-0.0328500729	-0.0239459713	-0.0668690409	0.0666561908	0.0819332888	0.0712696665	0.0545129082	0.0330956179	0.0088488477	0.0	0.0110924	-0.0081734999999999	6.680610224999998e-05	0.00012304133776	-0.0171349	-0.02162435	0.0004676125129225	0.00029360479801	0.277913	0.014192	0.077235635569	0.000201412864	0.00179917	0.0001148699999999	3.2370126889e-06	1.3195116899999998e-08	-0.000719689	-0.000164716	2.7131360656000027e-08	5.17952256721e-07	7.00276e-05	-3.2642400000000004e-05	4.90386476176e-09	1.0655262777600002e-09	0.0
4851.243916561772	-2.2794208346431333	5.195759341405198	23534567.5379776	9530.20950609417	-8.582934000845853	73.6667560628758	90824893.23004767	4800.580879182284	-4.103187368697036	23045576.77757055	16.836146582634903	4956.549839000127	7409.078610094959	1.160827	36.908501	0.06147102	0.0373508	0.0170742105	-0.0236211632	0.0407970863	-0.0115091539	0.0120875787	0.0320412669	0.0809829147	0.007166255	-0.0207880452	0.0271067933	-0.0382274791	0.0253507399	-0.0371472847	-0.001556138	0.0243033475	0.0090124127	0.0372232305	-0.0329866769	-0.0652417836	0.0586285656	0.0369746452	0.1018739135	0.0441534501	-0.0509235511	0.1300957055	0.0366119672	-0.1077678107	-0.0328808993	-0.0208794156	0.0101031087	0.0361453963	-0.0129128544	-0.0526657222	0.0403910279	0.0889694663	-0.0777497045	-0.0019132994	-0.1481273698	-0.073127933	0.0784765828	-0.0377062497	-0.0604664616	-0.0192218613	-0.0123596563	-0.0250308743	-0.0393594645	-0.0103174167	0.0547668761	-0.0278155268	-0.0174285076	-0.0659775296	0.0618715809	0.0674486118	0.0157211342	0.0197797342	-0.0439895139	-0.094317199	0.1125567304	0.046501462	0.0341907545	0.0133134634	0.0180993347	-0.0465380238	0.0660302254	0.1272379206	-0.0102664533	0.0422019546	0.029861683	0.0176262682	-0.0360340139	-0.1058709756	-0.0737147079	0.0180667936	-0.0150633581	0.0195088024	-0.0951373017	0.0366248738	0.1146378188	-0.0040488628	-0.0959545452	-0.0009206129	0.0427095286	0.1048289592	0.077045984	0.0586576271	-0.0158880096	-0.0066801239	-0.0297351861	0.0475779675	0.0988992113	0.0747242965	-0.029515476	0.1162346521	0.0187498435	-0.1752876606	0.040071283	-0.1053418898	-0.0063476365	0.0188741058	0.0021782269	0.061796737	0.0096826674	-0.0608418697	0.0317010763	0.058998984	-0.0433746819	0.2044447328	0.0441967031	-0.0466296191	-0.0620000035	0.0454770817	0.054307315	0.0586021283	0.0226008891	-0.0657457646	0.0574888737	0.0620870593	-0.0561252376	-0.0766539184	-0.0086939587	0.0627526472	-0.0623181443	-0.0341559911	-0.0338067418	0.1129470434	0.0103096791	-0.0149725128	-0.0134141407	-0.0177638824	-0.0622260768	0.0709752731	0.0376244598	0.0030705202	-0.0334226075	-0.0855869691	0.0119506127	-0.067911561	0.0295473505	0.0178834479	0.0050864438	0.0677228655	-0.1262831408	-0.0496272616	-0.0438099139	-0.0546133949	0.126446673	0.0276219883	0.0450052706	-0.0046052103	0.0831993583	-0.0571070506	-0.0264970382	0.045257421	0.0611308443	-0.0726998454	0.0229734184	0.0386285289	-0.0020318223	-0.0573752691	-0.0876480594	0.0258508524	0.0703346796	-0.0704979841	0.0564307228	0.0551704558	-0.0708455344	0.0347063364	0.0276851242	-0.0460893448	-0.0412694396	0.0242264254	-0.0030555033	-0.0291257852	0.0342787029	0.0329170256	0.1600256588	-0.0264505468	0.0111426155	0.1432251416	0.1583403939	0.0895633737	0.095422992	-0.0361820117	0.0816429668	0.0701599896	0.0522027924	0.0294284286	0.0039384698	0.0	0.0109139	-0.0001784999999999	3.1862249999999945e-08	0.00011911321321	-0.00672952	0.01040538	0.0001082719329444	4.52864394304e-05	0.313823	0.03591	0.098484875329	0.0012895280999999	0.00189507	9.590000000000012e-05	3.5912903049e-06	9.19681000000002e-09	-0.000530536	0.000189153	3.5778857409000026e-08	2.81468447296e-07	5.55378e-05	-1.4489799999999998e-05	3.0844472288400003e-09	2.0995430403999996e-10	0.0
4853.477563268826	2.233646707054504	4.989177611935429	23556244.4571539	9575.356383912302	45.14687781813154	2038.2405767252976	91687449.87893008	4803.471232251779	2.890353069495177	23073335.879070424	8.354140866340192	4962.0011301609065	7422.386662973547	1.144032	36.3745	0.0364394899999999	0.0203897	0.019110656	0.0587998258	-0.0652701742	0.0362985783	-0.02504147	0.066990873	-0.1032617256	-0.0107833004	0.0295864137	-0.0147070702	-0.0146584743	-0.0265785201	-0.0124032442	0.1183720654	0.0303318202	-0.033444157	0.0379086685	-0.0133149699	0.0397482543	0.0280856931	0.0381919353	0.0288693208	0.0559647916	0.0783792886	0.0675759358	-0.0253923624	-0.054862556	0.0435497442	0.0482864728	-0.1798342206	0.0758989387	0.0363213028	-0.0493312359	0.092133099	-0.0385320774	0.0116162685	-0.0008207517	-0.0761806211	0.0657624187	0.0334596063	-0.0456742188	-0.0677179342	-0.0041219378	0.0781301224	0.0893596545	0.0870023176	0.0901202478	0.0580170175	-0.0481569493	-0.1258299769	0.0819170879	0.0857185101	0.0387635405	0.0532763422	-0.0951667424	-0.0073268597	-0.040942114	-0.1161349155	0.0767938951	0.0396601425	-0.0236152228	-0.0288995113	0.068408711	-0.0620109415	-0.0179763319	0.0291133458	-0.0263354186	0.1061339393	0.0308646553	0.0978849765	0.1170148609	0.1282684552	-0.0152666038	-0.0335354692	-0.0736183118	0.0559959747	-0.0300983926	-0.0223592087	0.0060710199	0.0597390823	-0.030454509	0.0069136659	0.097989205	-0.0686941517	0.0099755746	0.0856497037	0.0616365612	-0.0171934115	-0.0269606165	0.0758775585	-0.0267041209	0.0600953308	-0.1329388292	0.0478697274	-0.0443515153	0.0374431356	-0.0226643731	0.0360576639	0.0179587117	0.0685633752	0.1274670853	-0.030550998	-0.0295376241	0.0103850763	-0.0433756271	0.0867364065	0.0874800304	-0.022726999	-0.0296766763	0.0018543059	0.1554692415	-0.0723439726	0.1205948416	0.0244834872	0.0378481008	-0.0300340217	-0.0332788424	-0.0170674618	-0.1028559141	-0.0206583778	-0.0360995861	0.0205934482	0.0520406505	0.0215224818	0.0993176095	-0.0846344149	-0.1491831199	-0.0638166273	0.0291758531	-0.090757124	-0.0164109627	0.049952066	-0.0146881323	-0.0818358001	0.0151108922	0.0608131987	-0.0363485655	-0.0090262237	-0.0668892189	0.0253670044	0.0941111863	0.1286711382	-0.0330765937	-0.0081699619	0.1236781797	-0.1010853951	-0.0189931845	-0.1166163842	0.0588865888	0.0105991113	-0.0006850687	0.0087516661	-0.057884525	-0.0936338543	0.0442056489	0.0238052133	-0.0237604023	0.0803927774	0.0901138062	0.0173275366	0.0921888133	-0.0433537241	-0.0410579337	0.0348705456	-0.1288382249	-0.1353942533	-0.0320175579	0.0248311819	0.0874545359	0.0284645049	0.0087355192	0.01904578	-0.0719308726	0.0336325724	-0.0589740786	-0.0936018632	0.0188464786	-0.0450614335	0.0186514381	0.0394461069	0.0280398209	0.0687337689	0.0262693354	0.0813418333	0.0690131503	0.0498304656	0.0256988967	-0.0009849435	0.0	0.0188727	0.0079587999999999	6.334249743999998e-05	0.0003561788052899	-0.0242231	-0.01749358	0.0003060253412164	0.00058675857361	0.314677	0.0008539999999999	0.0990216143289999	7.293159999999417e-07	0.00185721	-3.786000000000002e-05	3.4492289841e-06	1.4333796000000014e-09	-0.000603397	-7.286100000000002e-05	5.308725321000003e-09	3.64087939609e-07	0.000147479	9.19412e-05	2.1750055441000002e-08	8.453184257439998e-09	0.0
4862.593331420185	9.11576815135868	83.09722898932523	23644813.90677205	9571.463079571153	-3.893304341148905	15.157818692808911	91612905.4835937	4813.66206890249	10.19083665071139	23171342.513590604	103.85315164148254	4969.991961683396	7380.632359489675	1.154818	36.717438	0.134192255	0.0615938	-0.0091892134	-0.0062882142	0.0462093529	-0.0077981577	0.0771775402	0.0922669182	0.0660303574	-0.0006527393	0.0629011728	-0.0383333746	-0.0612281036	0.054895475	-0.0165490218	-0.0254734538	-0.0283284171	0.1701135737	0.0747425755	-0.021914337	-0.0111958125	-0.007510823	0.0423056022	-0.0011110158	0.006013853	-0.0374457212	0.0405989903	-0.0271408735	0.0436081175	-0.0595086746	0.0222586845	-0.0229833416	-0.0780905092	0.0939163418	0.1400763197	0.1031298848	-0.0253648536	-0.1224125077	-0.0108328647	0.0461743727	0.0251034029	-0.0575913356	-0.017209294	0.0017161306	0.0305714716	-0.0144895212	-0.033489344	0.0095225393	0.1283573942	0.1679150071	0.0340949396	0.0298575709	-0.0005476789	0.0286218592	-0.0758118086	-0.0845405004	0.0778214102	0.014973724	-0.0732753964	8.0962e-06	0.0160120824	-0.0623890479	-0.0409929025	-0.042263499	-0.0558523076	-0.0504027442	-0.0611051173	-0.0255450624	-0.0221019111	-0.0357672915	-0.0309133306	-0.0163259258	0.1949344291	0.0192848653	-0.012324057	0.0091634679	0.0064047058	-0.046206382	-0.0378675527	-0.0711933503	-0.1225984619	-0.0479091805	0.0150118789	0.0592827687	-0.0474230518	0.0940158486	0.0442341826	0.0150082614	0.0268434773	-0.017409325	0.0150308418	0.0454868553	-0.0658617782	0.0374885853	-0.0060061573	-0.1447264466	0.0854082639	-0.0263514459	-0.0035657941	0.142422537	0.0788911921	0.1219312309	0.0353834982	-0.009083504	-0.0199845415	-0.0648945117	0.0159932426	-0.0346522694	0.0722539373	-0.0235601336	-0.0031707922	-0.044816313	-0.0689012668	-0.063732985	0.0325022549	0.143907421	0.0919966881	-0.0020459899	0.0361598422	-0.0589877782	0.0800544351	0.0112234745	-0.0795336813	0.0655835084	-0.0062307566	0.0573735749	-0.0163678519	0.0393348942	-0.0364167745	-0.0052839738	-0.11685342	-0.0921251171	0.04627846	-0.0571327592	0.0560677452	0.0740647135	0.0660260299	0.0010429125	0.044683052	0.1294248271	0.0540508448	-0.0040607745	0.0829931845	0.0340607702	0.0244882445	0.0102115874	-0.0712817073	-0.0953923695	0.0395439907	-0.0047997164	-0.0436286375	-0.0648676818	0.0745685954	-0.0417054225	-0.0294053692	-0.0798059857	0.0655104944	0.0515271183	0.0430509607	0.0164564886	-0.0367013734	0.103194122	0.0592448301	-0.0962602678	0.0092272163	0.0554742169	0.0307796661	0.0322540003	0.0548299252	-0.0094937387	-0.0907607875	0.0780184358	0.0890172386	-0.007985973	-0.0386590877	0.029652727	-0.0265781818	0.0823590878	-0.016119128	-0.1008355031	-0.018796545	-0.191998709	0.0969950315	0.2068479911	0.0638542187	0.081029928	0.0678297559	0.0473987549	0.021914923	-0.0059050968	0.0	0.0216089	0.0027362	7.486790440000006e-06	0.00046694455921	-0.0019876	0.0222355	0.00049441746025	3.95055376e-06	0.265024	-0.049653	0.0702377205759999	0.002465420409	0.00136754	-0.00048967	1.8701656516e-06	2.397767089e-07	-0.00012346	0.000479937	2.30339523969e-07	1.5242371599999998e-08	-7.42651e-05	-0.0002217441	5.51530507801e-09	4.917044588481e-08	0.0
4870.778351304423	8.1850198842385	66.99455050537962	23724481.74753584	9604.57479770788	33.111718136728086	1096.3858779661275	92247857.04476538	4806.260224437787	-7.401844464703572	23100137.345012765	54.78730147966291	4963.755784282445	7473.139581691359	1.172587	37.28241	0.119257545	0.0607777	-0.0354310478	0.0337803826	-0.0822398292	0.008703957	0.0268778848	0.0426989465	-0.1019578091	0.0290132106	0.0557190675	-0.0626057043	-0.0334766509	-0.0271804093	0.0193297111	0.1235073536	0.0476402785	0.0329630692	-0.0254573218	-0.0661956584	0.0046865887	-0.0395458638	-0.0177655659	0.0143736198	-0.0304207744	0.0460445371	0.0425943199	-0.0204300039	0.0521125314	-0.0702060138	0.004443857	-0.0119070737	-0.0614908019	0.0437942262	-0.0213774066	-0.1053362014	-0.0737988877	-0.0727158085	-0.0600287298	-0.0011190126	-0.0164109833	0.0383393187	0.0373740288	-0.0154116507	-0.0314670475	0.0122996952	0.1341493409	-0.0965003727	-0.087149434	-0.0915627857	-0.06023879	0.0327502693	-0.0621340156	-0.1119837155	0.0110774507	-0.0119917727	0.0149135129	-0.0429030561	-0.0260541372	-0.0358520813	-0.003105578	0.0573014556	-0.0326255635	-0.0844864102	0.0553633808	-0.0698060145	0.0295143228	0.0334055669	0.0422036062	-0.0717023606	-0.0635581407	0.0231773633	-0.0369427588	-0.0912302625	-0.1015616486	-0.0055156104	-0.0378225059	-0.0698388431	-0.1347213231	-0.0206392775	-0.0347178978	0.114449256	0.0441161884	0.1328084188	0.0320225142	0.0394439279	0.1008821174	-0.0250470058	0.0168784861	0.0773004197	-0.0427698953	-0.0120059363	0.038940773	0.0580593228	-0.0310113411	-0.0284738462	0.0337189101	-0.0609759645	0.0774651923	0.0415766527	-0.1047151966	0.0325509434	-0.095497858	0.0146220515	0.0365215665	-0.0261172021	0.0468240266	0.0273294081	0.0183413244	-0.0359956447	0.0585120669	-0.0033836531	0.0242775971	-0.0357988111	-0.0252912701	0.019913357	-0.0486139237	0.0371419133	-0.0631112713	0.053933998	0.1374315006	-0.0881339783	-0.0023572774	0.0036706419	-0.035766091	-0.020319376	0.0431385945	-0.0212472394	-0.0027520903	0.1854993781	0.0323241314	0.0441557358	0.0055586815	0.0402886483	0.0217786273	0.0247246617	-0.0140625495	-0.0074976052	0.019309199	-0.0659473309	-0.0731622835	0.0394682757	-0.0460220478	-0.0609217894	-0.04628575	-0.0376551376	0.0680882277	-0.0260252226	0.0120476056	0.1255287309	0.0227825074	-0.0814806137	0.0173441461	-0.0389590025	-0.0291188423	0.0973221564	-0.0927973912	0.0975902521	-0.0166990494	0.0576489947	-0.0984174298	0.0042201578	-0.0156396755	-0.071272305	0.0953283422	0.0841387048	-0.075299275	-0.0294301388	0.0060919915	0.0783579072	-0.0528048548	-0.0114874283	0.0875744166	0.0046515651	0.0169091516	-0.0625202182	-7.30034e-05	-0.0362550911	0.05970611	-0.0654667133	-0.0370266797	-0.044407036	-0.0414357137	0.0037750237	0.0731264154	0.0807072924	0.0666104333	0.0449105582	0.0180845237	-0.0108057058	0.0	0.0266679	0.005059	2.559348100000001e-05	0.00071117689041	-0.0321746	-0.030187	0.0009112549689999	0.0010352048851599	0.309362	0.044338	0.095704847044	0.001965858244	0.00147536	0.00010782	2.1766871296e-06	1.1625152400000002e-08	-0.00068536	-0.0005618999999999	3.1573161e-07	4.697183296e-07	-0.000198016	-0.0001237508999999	3.9210336256e-08	1.5314285250809995e-08	0.0
4868.870392385728	-1.9079589186949304	3.640307235427529	23705898.89785036	9570.266848404442	-34.30794930343836	1177.0353854072969	91590007.5496691	4811.057641433704	4.797416995917047	23146275.62919763	23.01520983271374	4967.109549976431	7443.850456358205	1.154384	36.703648	0.06835656	0.0363097	-0.0618426358	-0.0200329346	0.0320897008	0.0149609636	0.0730054288	0.1166267139	0.051070212	0.0596156208	0.0525104394	-0.0381311295	-0.0363503922	0.0561901256	-0.0688577558	-0.0231203158	0.0696393929	0.0901819698	0.0198167728	-0.056291542	-0.0685365054	-0.0224508464	-0.0329504603	-0.0686270959	0.0473055761	-0.0148875769	0.0131069502	0.0520206377	0.0767824639	-0.0781982837	-0.0678691894	0.0379851124	-0.0185694317	0.0249114829	-0.0100855756	0.0683239637	-0.0279826515	0.0736121589	-0.0357606636	-0.0051235846	-0.0099707014	-0.0818827069	0.0075824825	-0.0356592312	-0.0208450929	0.0256021649	-0.0211923893	-0.1211126077	0.0726598443	0.0325920316	0.1555833707	0.0878117057	-0.0031672279	-0.0614791809	0.0042460745	0.0027440316	0.0220347616	-0.0370354432	-0.0117666912	0.021523738	0.0345773617	-0.0570107355	0.0154616798	0.1169525448	-0.0029703428	0.0497911582	-0.0082959452	0.0885193873	0.0644054205	0.0003069001	-0.0422189862	0.1300439085	-0.0582236999	0.1207668827	0.0791401613	-0.0158524478	0.0157808683	0.0105265051	0.010303924	-0.0148785739	-0.1229770052	-0.0167334017	-0.0580628239	0.0551664815	0.0247442781	-0.0498332722	0.0629524785	-0.0422382544	0.0586668528	-0.0328690969	-0.0153451733	0.0345181393	0.0287617702	0.0401287116	-0.0495940053	-0.0912775048	-0.0331458264	0.0062785148	-0.0257403724	0.0070835716	-0.0487110739	0.0772993285	0.0367637482	0.0329820974	0.0216738258	-0.0420463603	-0.0178584685	-0.0850152046	0.0198171237	0.047923422	0.1147244902	-0.0145064427	-0.0163510988	0.0317945581	-0.0355642403	-0.0033279982	-0.0088161482	-0.0572243548	-0.042999951	-0.012497235	-0.0414651902	-0.0260458521	-0.0754552589	0.0007242424	0.030802367	-0.011416976	-0.0201771773	0.0635252899	0.0399262822	0.0796678849	-0.1374841659	0.117246433	0.0317924392	-0.0236719559	0.042151427	0.1403815933	0.0255889263	0.0672745383	-0.0224747284	-0.0012541679	0.0438623344	-0.0163952305	0.0526638798	0.071809569	0.0515116219	0.0057302851	-0.0241822608	0.0772854087	0.0086322779	-0.0722590895	0.0439491845	0.0998424874	0.083181025	0.0626289882	-0.0039224989	0.1031718841	0.0165567769	-0.0613997322	0.1247987823	0.0294014911	0.0495665815	0.0474340013	0.0830454691	0.0339453079	0.0189307534	0.0296492347	-0.041647981	-0.05117378	-0.0192278342	-0.0542729138	-0.0325024895	0.0089489563	0.0377271612	-0.0366838649	-0.063470505	-0.0592668958	-0.0094769919	-0.0253166691	-0.0047564997	-0.0678875045	-0.0276333117	0.0033806581	0.0340955942	-0.0058510921	0.0160775124	0.0803739691	0.0653558284	0.0423688407	0.0142158133	-0.0156705506	0.0	0.0284508	0.0017828999999999	3.178732409999989e-06	0.00080944802064	-0.00708644	0.0250881599999999	0.0006294157721855	5.02176318736e-05	0.30316	-0.006202	0.0919059855999999	3.84648040000005e-05	0.00194647	0.00047111	3.7887454609e-06	2.219446321000001e-07	-0.000844123	-0.000158763	2.5205690169000008e-08	7.12543639129e-07	-0.000122219	7.5797e-05	1.4937483960999998e-08	5.745185209000001e-09	0.0
4866.503785611999	-2.3666067737294725	5.600827621462223	23682859.095375918	9593.825767845628	23.55891944118593	555.0226852362886	92041492.86377876	4812.762002430589	1.7043609968850433	23162678.09203969	2.9048464077029785	4970.9677430771135	7495.842099386475	1.178961	37.485065	0.13467216	0.0721085999999999	-0.0593853379	0.0025276639	-0.1112093054	0.0154150324	0.002913551	-0.0155619918	-0.0678411074	0.0704838345	0.0345382637	-0.0801024887	0.0084924282	-0.0017528353	-0.0091012901	0.0671060223	0.0798486101	-0.0691459897	-0.0134894787	-0.0219597489	0.0866545091	-0.0246206308	-0.0327092271	-0.0378888003	0.0372810361	-0.0450942407	-0.0273387472	0.0507797521	-0.096885659	0.1049341832	0.0323149283	-0.0234759015	0.0077096828	0.0024794554	0.01966843	-0.1115743028	-0.0783492485	-0.06782058	-0.0007189782	0.0356784419	-0.0349689716	-0.1118530972	0.0183067508	-0.0191204699	-0.0624189534	0.0139856558	-0.0462797822	0.085605613	0.0555868997	0.0889001755	0.1242368622	-0.0597108791	0.0323050635	0.0290111332	-0.029796693	0.0048875728	-0.0159300801	-0.0084352418	-0.0392505924	-0.0043540688	-0.0350613373	0.0281494551	0.1067884535	-0.0431504155	0.0249742085	0.0207115035	0.0492441344	-0.0055946553	0.0070588339	-0.0831199525	-0.0324833981	-0.032697064	-0.1242877986	-0.0026638566	0.0527056727	0.0851267895	0.0646582108	-0.0901864489	0.0441187273	-0.0418089146	-0.009801755	-0.1002509247	0.0106077168	-0.041853542	-0.0388651836	-0.0091830302	0.1283795783	0.1042176372	0.0435520775	-0.013197991	0.0190466715	-0.0728219784	-0.005153263	0.0409066642	-0.0547648669	0.0932649689	0.0488322646	0.0152696519	0.0331653414	-0.0548697263	-0.1066417619	0.097422075	-0.0156177829	0.0534252269	0.0199331966	-0.0255680825	-0.0465011142	-0.0044189554	-0.0040608568	0.0697365446	-0.1105820164	0.0190386589	0.0182034323	0.050535188	0.0563328941	-0.0048829439	-0.0069244007	0.0260768443	0.0743260949	0.0761636759	0.0410936058	-0.0917108288	-0.0361005194	0.0095256564	-0.0068934921	0.162625645	-0.0901782661	-0.0477380996	-0.0422737333	-0.1298731723	-0.0375273709	0.0396368718	0.046121089	-0.0091198612	-0.0140816964	0.0381369105	0.0304068928	0.0070349507	0.0182969297	0.0206379137	0.0654283808	0.0244402633	0.0238466117	-0.0353585193	0.0245292897	0.0332863957	0.0810590611	0.073336013	0.0161886837	0.0368800184	-0.0199120962	-0.0545959852	-0.01405409	-0.0211478321	0.0100377166	0.0866297997	-0.0373956009	-0.1252064385	0.0104278524	-0.0831443075	-0.0582989351	-0.0178649329	0.0777971631	-0.019346937	-0.1042886234	-0.0210406713	-0.0126498241	0.0261043257	-0.0177033113	-0.0151930354	-0.0137501349	0.0816845559	0.0975402914	-0.1051348425	0.037710212	-0.0965493284	-0.0921493611	-0.1317123791	-0.0107473904	0.076647811	0.0058030423	0.0285237398	-0.0902699924	0.0323398801	0.0473262216	0.0800300023	0.0640666057	0.0397766315	0.0103169874	-0.0204835299	0.0	0.0285363	8.550000000000224e-05	7.310250000000383e-09	0.00081432041769	-0.00770165	-0.0006152099999999	3.784833440999997e-07	5.93154127225e-05	0.37004	0.06688	0.1369296015999999	0.0044729344	0.0027867	0.00084023	7.76569689e-06	7.059864528999999e-07	-0.0011402	-0.000296077	8.766158992900003e-08	1.3000560400000005e-06	-0.000327741	-0.000205522	1.07414163081e-07	4.2239292484e-08	0.0
4865.904177818538	-0.5996077934605637	0.359529505978646	23677023.467711907	9568.033023377924	-25.792744467704324	665.265667176292	91547255.9364505	4815.520004424	2.758001993411199	23189232.91300772	7.606574995660146	4971.940555979523	7446.687502839556	1.169613	37.187843	0.09829455	0.042796	-0.0702069815	-0.0633205452	0.009604219	0.0578840267	0.0451213516	0.0557246401	0.0153868721	0.0986158355	0.0195720692	0.0026063961	-0.0192089495	0.0138253426	-0.0380019152	-0.0687948336	-0.0416562569	0.0572663152	0.0210954656	0.0600493032	-0.0658323313	-0.0676587386	-0.0955969589	-0.026080689	0.0882969984	0.0064194511	0.0376595537	0.0132495711	0.0108584731	-0.0882512454	0.0516776966	0.1165738984	0.0029975941	-0.0285925531	0.0203190536	-0.0431389401	0.078970076	-0.1463619438	0.0488001751	0.007591226	-0.0682560505	0.0017317586	0.05316808	0.0150674368	0.0035001203	-0.0291186547	0.0261200508	-0.055121559	-0.0560441616	-0.0174180483	0.0650567926	-0.1245798525	-0.0298730936	0.0230659001	0.0111286509	0.0185757257	0.0110560817	-0.0934199304	0.0378965249	0.0804059156	0.0346936108	-0.0198764562	0.0021089263	-0.1040759551	-0.0270451565	-0.0217552832	0.0527021139	0.0584769665	-0.1203584428	0.0135468635	-0.0100856068	-0.0292813656	-0.0094516526	0.0132511281	0.01311214	-0.0138949068	0.0691145804	0.0689515472	-0.0690778694	-0.0062789381	0.0713058252	-0.0146450754	-0.0898858775	-0.0043348558	-0.0476831996	-0.0629047702	0.017187631	-0.1202201545	0.0254640855	0.0714481282	0.0171736962	-0.0040083765	0.1428932794	-0.151483897	-0.0044694524	-0.0565129959	0.0449611786	0.0380508639	0.0335755718	-0.0106478444	-0.0703051389	0.0044476489	0.0112590884	0.0923582502	0.0752706917	-0.0334742775	-0.0411416355	-0.0074046893	0.0833806476	0.0331800398	0.0590537166	-0.0486029099	-0.068358525	0.0034607442	0.0044299355	-0.056661787	-0.0140735287	0.0359931149	0.0701927649	-0.0224208528	0.091335389	0.0327720889	0.104727069	0.0132743321	-0.1337631935	0.0177250554	-0.025241466	0.0113865272	0.017484409	0.0240263774	0.0306280757	0.0576281417	0.0535115264	0.1412323283	-0.0528353262	0.029758911	-0.0290850914	0.0529766582	-0.0413435772	0.0257006549	-0.0154351253	-0.0584574087	-0.0247394646	-0.0973988719	-0.0760410314	0.0488956106	-0.0179900879	0.0358722409	0.0516596416	-0.0527876009	0.1111392633	-0.067017189	-0.0021855897	-0.039710853	-0.0147533014	-0.0245545627	-0.0003012167	-0.0110725693	0.0013087689	-0.0114064266	0.0818816066	-0.0526384764	-0.0639308803	-0.0232822244	0.0669399885	0.0074965773	0.0175001271	0.0093179418	-0.0486850775	-0.1379353641	-0.0545744346	-0.118175693	0.1011515622	0.0175802239	0.0132505136	-0.0690128724	0.1696249004	-0.0859356089	-0.0072218223	0.0534955464	-0.0036788001	-0.0383674176	0.0516663044	-0.0053111152	-0.0147129518	0.0796754376	0.062743448	0.0371370197	0.0063963055	-0.0252287139	0.0	0.0165172	-0.0120191	0.00014445876481	0.0002728178958399	-0.0190624	-0.01136075	0.0001290666405625	0.00036337509376	0.388375	0.018335	0.150835140625	0.000336172225	0.00265599	-0.00013071	7.0542828801e-06	1.7085104100000012e-08	-0.000661807	0.000478393	2.2885986244900002e-07	4.379885052490001e-07	0.00019475	0.0005224909999999	3.79275625e-08	2.729968450809999e-07	0.0
4866.967741097509	1.0635632789708325	1.1311668483751889	23687374.99288379	9601.416946703168	33.38392332524381	1114.486336585758	92187207.38443878	4803.121003293008	-12.399001130992474	23069971.37227443	153.73522904635266	4961.609682735755	7494.970524783591	1.109403	35.273464	0.0611983799999999	0.0324431	-0.0559030308	-0.0435864875	-0.1000027637	0.0019941541	-0.0085484569	-0.0569011252	0.0085501017	0.096373475	0.0131587281	-0.0077156829	-0.0017451594	-0.0363167128	-0.0209371321	-0.0046141417	-0.0430891532	-0.0260785295	0.0223721384	-0.0199010705	0.0306747205	0.0179335357	-0.0319444339	0.0088128865	-0.0440679013	-0.0608007796	-0.039733439	0.094129565	0.0853629446	0.0546913473	-0.0894241576	0.0498579587	-0.0218174738	0.0659823226	-0.0324630921	-0.0020439187	-0.0447344265	0.0399452802	-0.0206124462	-0.0735331815	0.0060381764	-0.0077389018	-0.0530977239	-0.0173949432	-0.0379373625	0.0078216553	-0.0509364885	0.0331211283	-0.0370813235	0.0544221468	0.0254099323	-0.0603494054	0.0423762774	0.0337544513	-0.0967476717	0.0465643707	0.0238223157	0.0519773691	-0.0741861463	-0.1032913151	0.0003927471	-0.0060964653	-0.0479198484	-0.0641631792	0.0313144361	0.0165126453	-0.0413990747	-0.0407651728	0.0011572671	0.0037319853	-0.0661413111	-0.0169017851	0.0457285541	-0.028146124	-0.0166801909	0.0662319899	-0.0611372507	0.0100594535	0.032154098	0.0487730165	0.0293574494	-0.0044038873	-0.0221459193	0.1017364898	-0.1472595881	0.0554346528	-0.021643579	0.0635489156	0.0576920932	0.0243453963	-0.0143070667	0.100159148	0.1356469595	-0.019580082	-0.0533599745	-0.1678713823	0.0140118112	-0.0644623304	-0.0564408462	0.0155619681	-0.0177003947	-0.0005461029	0.0334535503	0.0660635768	-0.0039317156	0.0285080777	0.0183959266	-0.0571460315	-0.0509737984	0.0496787639	0.0219033935	0.0899367553	-0.0643231179	0.0561926001	-0.0100844077	0.1134010572	-0.0489126283	-0.0445616917	-0.0359175985	-0.0164969022	-0.0467928708	-0.0879703409	-0.0062543862	-0.0097080956	0.0708499223	0.0123421078	0.0226255685	-0.0255375834	0.0329344703	-0.0772565742	0.0213018318	-0.040356955	0.0823689438	0.0421423084	-0.0355188499	-0.0157378494	0.0723484037	-0.0412093819	-0.0186625624	0.0463941566	0.0189098912	0.1073255759	0.0018012763	0.0732228762	-0.0626137316	0.0330310181	0.0127426702	-0.0564194055	-0.0504276728	0.0239304434	-0.03674091	-0.0299591184	0.0243527281	-0.0760580725	-0.0467919017	-0.0166406082	0.013920936	-0.0222290115	-0.0593064464	0.0021865317	-0.0006256012	-0.0232326079	0.0081252752	0.0393375286	0.0709719638	0.0286488427	0.092687814	0.0555381474	-0.0572311087	-0.0023814882	0.0078646937	0.1380630512	0.1311970109	0.0370942437	-0.0182294993	0.0289734393	0.1142685143	0.0136018811	-0.0490493039	-0.1241429589	-0.0323102153	-0.0129296698	0.0057471217	0.039334185	0.0283118923	0.0793103218	0.0613870563	0.0344531511	0.0024620734	-0.0298903973	0.0	0.0114121	-0.0051051	2.6062046009999994e-05	0.00013023602641	0.00174603	0.02080843	0.0004329907590649	3.0486207609e-06	0.39599	0.0076149999999999	0.1568080801	5.798822499999974e-05	0.00273044	7.445000000000021e-05	7.455302593600001e-06	5.542802500000032e-09	-0.00111239	-0.0004505829999999	2.0302503988899998e-07	1.2374115121e-06	0.000223114	2.836400000000001e-05	4.9779856996e-08	8.045164960000008e-10	0.0
4869.074187434616	2.1064463371067177	4.437116171110308	23707883.442742065	9594.997376291376	-6.419570411791938	41.210884271954505	92063974.6510384	4809.730330173617	6.609326880609842	23133505.848992016	43.68320181475183	4967.007661416656	7466.473214217576	1.072594	34.10313	0.0873683	0.0435118	-0.0643078156	-0.0543798463	0.0079063682	0.0272168785	0.046910114	-0.0405070833	-0.0767397607	0.085208323	0.0410045012	-0.0068269467	-0.0210392439	0.0440966791	0.0054372715	0.0132054659	-0.0564844145	0.0151697364	-0.0193489379	-0.0193122974	-0.0444982443	-0.0370195607	-0.0844587862	-0.0236911338	-0.0754038303	0.0053429086	0.1274279906	0.0107676972	-0.0413740754	0.0590990528	0.0304349477	0.0387941867	-0.0524489948	-0.0198765535	0.0536731777	-0.0563520969	0.0681218578	0.026718676	0.0491879053	0.016001468	-0.0013225992	0.0184977668	-0.0192045276	0.115728951	-0.0008212763	0.0315469673	-0.0262297845	-0.0589022959	0.0037833724	0.0099734257	-0.0130625868	0.1493835768	0.0422484972	-0.0671166664	0.1633387071	0.0525847495	0.0114510537	-0.0039365085	-0.0032872697	-0.0542963462	-0.0795562991	-0.0316084742	0.015135875	0.0436924616	0.0548473013	0.0964124523	-0.0034181221	0.0200573451	-0.0906802362	0.0500697893	0.0041707338	-0.1194004677	0.0392539545	0.0779297219	0.029366313	0.0228742605	-0.0637145538	0.0568092948	-0.0895099014	0.074882376	0.0207763279	-0.0080369662	-0.0155781459	0.0216502079	0.0318715418	0.0009948114	-0.0663663374	-0.0382737319	-0.1300095189	-0.0204735371	0.0875768761	-0.0041568708	0.0140686349	0.0002777898	-0.0843928287	-0.0993150893	-0.0870377131	-0.0577107818	-0.083999534	0.0436124271	-0.0324049547	0.0819528864	0.0149564646	0.0916339771	0.030713236	-0.0430857623	0.0670990589	0.0617761215	0.0389942813	-0.0039996348	-0.0887409656	0.0773833249	-0.0553742706	0.0240284752	-0.0936388832	-0.0404947196	0.0064747893	0.0818360142	-0.0116688378	0.0383875981	0.0037822177	0.0621466687	0.0416237915	0.0187974944	-0.011520248	-0.0031839802	0.0072675485	0.0077428219	0.0973189257	0.0742313118	-0.0751364534	-0.0454915763	-0.044665325	-0.0876378172	0.0126744968	0.0426873557	-0.052282972	0.0395025821	-0.1442479807	-0.079445495	-0.0285870341	0.0512553833	-0.033323637	0.0752089352	0.0516100475	-0.0006417311	0.0004636231	0.0922343519	-0.0548681539	-0.0415760322	0.0028543108	-0.0386672282	0.017553414	-0.0385037417	0.1035680458	-0.0680280667	0.0590466892	-0.0107150891	-0.0503938947	0.1688926666	0.0136048963	-0.0399945302	-0.0407536221	0.0201186369	0.0447613624	0.007855134	0.1048992502	0.0109187308	-0.0203327746	0.012210352	0.0453703635	-0.079221146	-0.056478064	-0.0846331129	0.0280087047	-6.21726e-05	0.0269317192	-0.0266286036	-0.1054361178	-0.1499209447	0.0156302874	0.0476216899	0.0091075669	0.0535468701	0.0067413073	0.0789347034	0.0599981489	0.0317282239	-0.0014773745	-0.0344531511	0.0	0.00894276	-0.00246934	6.097640035600002e-06	7.997295641759998e-05	0.00175964	1.3610000000000054e-05	1.8523210000000146e-10	3.0963329296000003e-06	0.368613	-0.0273769999999999	0.135875543769	0.0007495001289999	0.00220305	-0.00052739	4.853429302499999e-06	2.7814021210000045e-07	-0.000570112	0.000542278	2.94065429284e-07	3.25027692544e-07	0.000142615	-8.049900000000002e-05	2.0339038224999995e-08	6.480089001000003e-09	0.0
4856.788215559502	-12.285971875114228	150.94510491609782	23588391.770797648	9588.716059561551	-6.281316729824539	39.45493986037364	91943475.6708936	4801.495542988147	-8.23478718547085	23054359.449335035	67.81171998999493	4961.292790000977	7523.40970341376	1.15062	36.583973	0.063258135	0.0381184	-0.0474846411	0.054301649	-0.0516381226	-0.0050429143	-0.019568756	-0.0046417338	-0.0924197771	0.0122160571	0.0569597259	0.0160349018	-0.0323071736	-0.0125761228	-0.1036619982	0.1009983943	-0.0548130529	0.018243039	0.0802163306	-0.0560113705	0.0622545113	0.0605917587	-0.037159861	-0.096444937	0.0265943877	0.0123352409	0.0596821523	0.0373096775	-0.037959833	0.0658726378	-0.1209809133	0.005056997	0.0501300849	-0.0401234461	0.0434522542	-0.025555758	-0.0052101456	0.0800354154	0.0341345652	0.0439841875	-0.0354592854	-0.0675864545	0.099072684	-0.0734979401	0.0001167027	0.0482093488	0.0111364476	-0.1343087601	0.0762624549	0.0303742931	-0.018580029	0.0238216813	-0.0424598083	0.0550885989	0.0123942774	-0.0407254978	-0.0016287958	0.0726460846	0.0796696468	-0.1237427664	-0.1013305897	0.0364485122	0.0555064078	-0.1178164752	-0.0689710407	0.0521228116	-0.0242281828	-0.139200721	-0.0625375701	-0.0640399637	0.033340856	0.0673421941	0.0325563175	-0.1117508526	-0.0165623708	0.0488466908	0.0283138261	0.0153837274	0.026171158	-0.0859269017	0.0301081516	0.0593035041	-0.0580171454	0.0178684082	0.0364098737	0.0966925087	0.043007475	0.0421185304	-0.06051701	-0.0100796704	0.0756927382	-0.0064864202	-0.0368163413	0.0571354957	0.1001159943	0.0173610657	0.0012828531	-0.0071224468	0.0447889987	-0.0004306753	-0.0144049777	-0.0586742003	-0.1657799163	0.0528828629	-0.0646350955	-0.021255803	-0.0395595227	-0.0153240353	0.0185753627	0.0255723689	-0.0110009445	0.0692598919	0.071566105	0.1240103096	-0.0674722376	-0.014305399	0.0489234376	0.012144558	0.0159331371	0.081785414	-0.0453468839	0.0321237474	-0.0839905517	0.0126928992	-0.0221062391	-0.0544981969	-0.0899022997	-0.0035073564	-0.0744059064	0.0594016096	-0.1328380879	0.0064538332	0.0286729143	0.0234733627	-0.0156938477	-0.0674737712	-0.0685225122	0.0119611623	0.0720654768	0.0208795015	0.0402582026	0.0861987739	-0.1335793709	0.0077233028	-0.0272785452	0.0877018837	0.070300863	-0.0414841607	0.0166767498	-0.0445382241	-0.170127336	-0.0583488757	0.013776019	0.0739904355	-0.043403284	-0.0629602852	-0.0397160528	0.0230859854	-0.0234819766	-0.0600999303	-0.0532360905	0.0699263152	-0.0958963332	-0.0187508187	0.046211337	-0.0599998548	0.0753767129	-0.080465077	0.0101410226	0.0619560486	-0.0295110701	-0.0203492945	0.0777413388	-0.1120701912	0.0411412528	0.0018519761	-0.0651362205	0.0247692289	0.0055784342	0.0474201396	0.0387074646	-0.0493403654	-0.0561856689	-0.0383341193	-0.1093103823	0.078548632	0.0585774616	0.0289654857	-0.0054136926	-0.0389018737	0.0	0.00656372	-0.0023790399999999	5.659831321599995e-06	4.3082420238400006e-05	0.0231323	0.02137266	0.0004567905954756	0.00053510330329	0.339163	-0.02945	0.115031540569	0.0008673025	0.0023136	0.00011055	5.352744959999999e-06	1.2221302500000013e-08	-0.000578313	-8.200999999999998e-06	6.725640099999997e-11	3.34445925969e-07	6.02373e-05	-8.237769999999998e-05	3.62853231129e-09	6.786085457289997e-09	0.0
4869.8609051514295	13.072689591927883	170.8952131668996	23715545.2355223	9591.351515628505	2.6354560669533384	6.94562868084116	91994023.89634922	4811.337798116406	9.84225512825924	23148971.407583624	96.8699860097453	4970.71350214427	7431.652305984678	1.168736	37.159977	0.179244995	0.087601	-0.0194404248	-0.0001244073	0.0121174331	-0.0795112167	0.0893091231	0.0349489796	0.0086366008	-0.0458675777	0.097600205	0.04703108	-0.0812766245	0.0343034517	0.1042401691	0.1140061809	0.0719918186	0.0660594612	0.1139519389	-0.0167288158	0.0635768392	0.0155534526	0.0358653643	-0.0379164456	-0.0589783843	0.0250676309	-0.0558040047	-0.0988765013	-0.0004008358	0.0517553994	0.0371491132	-0.0203490383	-0.0589698271	-0.0409569658	-0.0030098822	-0.0365442719	0.0541139723	0.0371615031	0.0213293148	-0.0713468132	-0.0327731148	0.0571264912	0.0688089526	0.0351843254	0.0009168907	0.0558994248	0.0522052445	-0.0063791245	0.0090492777	-0.136753346	0.0655477405	0.0323198711	0.0090399535	0.0477122707	-0.0271886126	0.0234782353	-0.161576309	-0.0664005144	0.0503905762	-0.0920092771	0.0411869105	-0.012846816	-0.0093863399	-0.0175386499	-0.0538441537	0.0316118368	0.0116877027	0.0335042957	0.0333700435	-0.0048672128	0.0374789306	-0.0111371791	0.0775518104	-0.1350055107	-0.188047033	-0.0177856971	0.0586596381	0.0730041168	0.0519731073	0.0318482132	0.0619860404	-0.0318693032	-0.1197278696	-0.0033277405	0.0853666949	0.0439718368	-0.0551761173	-0.0435540632	0.0587508514	-0.09679478	0.0377570191	0.0470078494	-0.0081786957	-0.0146962318	-0.1010351965	0.0128754038	0.0012590343	-0.0164869272	-0.1148671127	-0.1010502581	-0.0176723635	0.0667262143	0.0259614946	-0.0147840747	-0.0323699673	-0.0655927237	0.018316201	0.0421634846	-0.087267992	-0.0898353156	-0.0420171032	-0.0082999322	0.0382695716	-0.0484903043	0.0029869669	0.0002032438	-0.0488036623	0.027102573	0.0404126971	-0.0315785999	-0.076813386	-0.0173500347	0.0686622935	-0.0206548306	-0.082765195	-0.0222669111	-0.0087906447	-0.0412897244	-0.0019476346	-0.0307147753	-0.0201196066	0.1455200965	-0.0453469969	0.0434141248	0.0613105481	-0.0431245315	-0.0049198594	0.0098695159	0.0605569817	-0.0962790514	-0.1691193687	0.0188174972	-0.0387197789	0.0509015987	-0.0598194533	0.0313833839	-0.0208311179	-0.0108667741	-0.0095710924	0.0419821198	-0.0163504067	0.0534552481	0.0565500591	-0.0277979132	-0.0247788734	-0.1687613043	-0.0835838281	0.0916856981	-0.0076414095	-0.095341879	0.0923686742	-0.0441476926	-0.0313169847	-0.0134756665	0.0155889479	-0.0158874056	0.0912442833	-0.1447233381	0.0166462641	-0.0100321	-0.0273264792	0.0255882002	-0.1136311512	-0.0021464591	-0.0225009614	0.073720277	0.009623395	-0.0786305486	-0.0382269677	0.0160553267	-0.0023627812	0.0483279859	-0.0322562365	0.1061583314	0.0733945663	0.0781521589	0.0571257468	0.0261682287	-0.0093385422	-0.0432218409	0.0	0.0116477	0.00508398	2.58468526404e-05	0.00013566891529	-0.0335152	-0.0566475	0.00320893925625	0.00112326863104	0.271522	-0.067641	0.073724196484	0.004575304881	0.00175919	-0.0005544099999999	3.0947494561000003e-06	3.073704480999997e-07	-0.000595338	-1.7025000000000048e-05	2.8985062500000163e-10	3.544273342440001e-07	-0.000365778	-0.0004260152999999	1.33793545284e-07	1.8148903583409e-07	0.0
4877.730478425004	7.869573273574133	61.9301835081523	23792254.620156214	9618.087927859366	26.73641223086088	714.8357389785272	92507615.38803406	4805.534894204486	-5.802903911920112	23093165.61941692	33.67369381097773	4964.378744028525	7502.502568745702	1.162437	36.959694	0.14258903	0.067178	-0.0605176347	0.0583293967	0.0654729259	0.0119493996	-0.0390743834	0.0266138106	0.0693134683	0.0160815815	0.0755109635	-0.0219772995	0.0146009562	0.0048996471	0.0579225148	0.0835568372	0.0554131005	-0.0475522414	0.0229174723	-0.0175643107	-0.0349433224	0.0111572645	0.0903478296	-0.0026504278	-0.0413230296	-0.0261391755	0.0648314772	-0.1392037434	-0.0724661097	0.0157691986	0.0380390459	0.0467615775	0.0280016404	0.0140844717	0.0283785456	-0.0252536467	-0.1248154395	-0.0050123157	-0.0257079558	-0.0477914317	-0.0685671601	0.0063935134	0.0278157776	-0.0179797838	-0.0738861802	-0.0233455575	0.0366336043	-0.0379653131	-0.0156839298	0.0471661936	-0.0402391072	-0.0503146122	0.080604145	0.0207610592	-0.0481752005	0.0723269152	-0.0340722364	-0.0241045206	0.1453249959	-0.0504409074	0.1064616287	-0.0296480837	-0.0017660382	0.0063863221	-0.0167837007	-0.0117154279	-0.0268189497	0.1129199561	0.0401973572	-0.0237539101	-0.0064558718	-0.0849203156	-0.0432290808	-0.0263929065	0.0316716945	-0.1884503429	-0.0214840064	-0.0733418934	-0.0147744999	-0.0491778004	-0.0317299469	-0.0421511608	-0.0147762368	0.0569107404	0.0510601462	-0.0597540381	-0.0316688937	0.0383668659	0.0026368639	0.0372360553	-0.0996877122	-0.0235901529	-0.0151088379	-0.0724974356	0.0505895531	0.0139094904	0.0616365436	-0.0046262972	0.118166876	0.0689585216	-0.1165450636	0.0488237663	0.1255624995	-0.0276649064	-0.0439278279	-0.0868491715	0.0602003073	-0.0043006322	0.0409240822	-0.1026078609	-0.103663376	-0.0763995616	0.0183316584	0.0271489139	0.0127598698	-0.0261159753	0.0164861063	-0.0142878594	0.0248613261	0.0097371119	0.015635128	-0.1416558239	-0.0399652716	-0.0293830294	-0.0005421813	-0.0105554068	-0.0053891794	-0.0580599687	0.0069586648	-0.0078723474	0.0204177787	0.0040150428	0.0424381596	0.0485517332	-0.0526280111	-0.0747411329	0.084973343	-0.009752703	0.0072314991	-0.0555291885	-0.046382335	-0.1567392979	-0.0594899881	0.0408575419	-0.0293439	0.0429842485	0.0120961881	-0.0032380081	0.004693202	-0.0136340665	0.098697921	0.0201138645	0.0486848129	-0.0405637669	0.1060987228	0.1376496619	0.0684961465	0.1485317492	-0.0140163333	-0.0533704184	-0.0328417758	0.0184978614	0.0361682713	-0.0463232418	-0.0124755936	0.0241326382	-0.0226039607	-0.0273075382	-0.071772402	0.0417914761	0.0569120787	0.0026389693	-0.0340802953	0.059189872	-0.0527518114	-0.1483374022	0.0188634219	0.0346534654	0.0603286559	0.0413812181	-0.01107037	-0.0509999743	-0.0022100689	-0.0379798903	0.119811785	0.0777453364	0.0556437736	0.0233397865	-0.0132436085	-0.0473987549	0.0	0.0077049199999999	-0.0039427800000001	1.5545514128400793e-05	5.936579220639845e-05	-0.0165424	0.0169728	0.00028807593984	0.0002736509977599	0.329255	0.057733	0.108408855025	0.003333099289	0.00228609	0.0005269	5.226207488100001e-06	2.776236100000001e-07	-0.000712666	-0.0001173279999999	1.3765859583999997e-08	5.07892827556e-07	0.000268803	0.000634581	7.225505280900001e-08	4.026930455609999e-07	0.0
4870.330987007115	-7.399491417888385	54.752473243403855	23720123.923001703	9639.882276252129	21.794348392762917	474.99362186512735	92927330.29999992	4817.203830378032	11.668936173546172	23205452.74340878	136.16407142229437	4977.777083261474	7528.8899832494435	1.081741	34.393974	0.0617916949999999	0.0340927	-0.057675832	0.0129473843	0.0327828834	-0.0691260837	0.0153666555	0.0112267977	0.0517336019	-0.0079131966	0.0830109928	0.0368273946	0.032837052	0.041904452	-0.0114918881	0.0162373854	-0.0669851679	0.0424518391	0.057070969	0.0004207192	-0.0331276672	-0.0250402164	-0.0166926775	-0.0483780009	0.0705114911	0.0013722945	-0.0114390384	-0.0205845054	-0.0286001121	0.0062079631	-0.0922132828	-0.0647900735	0.0680770412	-0.024638103	-0.0541982108	0.0355024636	-0.0427279339	-0.059001148	0.025156712	0.0158196078	-0.0210721892	0.0903322722	-0.13017781	-0.001632989	0.0539982856	0.0691193774	-0.0716679665	-0.0107903262	0.0437793547	0.0197865595	-0.0003756439	-0.0157132935	0.0816305526	0.0120941658	0.1194773132	0.0514610773	-0.0795527144	-0.0298056924	0.053106179	0.1143379109	0.0294728778	-0.1159613941	0.051027897	-0.0265702931	-0.1345168002	0.0476551517	-0.0096231933	0.0390175667	-0.008088008	-0.0434615797	-0.0055313212	0.0917143996	-0.013704265	-0.060587973	-0.0826643045	0.1191580475	0.1343678414	-0.0033375388	-0.0705356892	0.058397766	0.0448959793	-0.0016575868	0.0200789622	0.0123428384	0.041751041	0.0273347835	-0.0886032877	0.0032364061	0.0009657635	0.0233963799	0.0432557718	-0.0846475375	0.0442024795	0.0954865089	-0.009368208	0.0606499882	0.0956867311	-0.0353941505	-0.0290473077	0.0542841288	0.05348709	0.0666374488	0.0560926691	-0.0041498766	0.0238528778	-0.0202302338	-0.0696129147	-0.011668255	0.0011051117	0.0179340654	0.005881135	-0.0257301761	0.0966188452	0.0158960713	-0.0144148412	0.001465612	0.047173961	-0.0947478919	0.017487029	0.0598572365	0.01752337	0.0558057781	0.0620135774	-0.0277536161	0.0001357272	0.0206192382	0.1726674595	0.0124150686	-0.0268807178	-0.0973113789	-0.0644807768	-0.0285007528	-0.0521141564	-0.0395920176	-0.0812827635	-0.0152345034	-0.0287815074	0.0932282295	-0.0502025486	-0.0644377976	-0.0168721645	-0.0712259541	0.0477856423	-0.0582273436	-0.0026391656	0.1115618665	-0.0846477415	0.0082629206	0.0342321234	-0.0449496239	-0.0135600418	0.0484325027	0.1172406185	0.0414561909	-0.0671597719	-0.0590046593	-0.1341105586	-0.0272801097	0.0945979502	-0.0043573752	-0.0629582428	-0.0974620864	-0.1148752341	-0.0329688705	-0.0096307062	-0.0382116764	0.0596270732	0.0145551602	-0.079749901	-0.01089113	0.0027873808	-0.0491088799	-0.0130265104	0.0081941778	0.1048639616	0.0416177	-0.1455351749	0.0083701376	0.0692187118	0.0342032497	-0.0312427602	-0.0338541912	0.0149421259	0.0418765958	0.0560703962	0.0773282186	0.0541323269	0.0204835299	-0.0171206189	-0.0514187911	0.0	0.00588164	-0.0018232799999999	3.3243499583996363e-06	3.45936890896e-05	-0.0143704	0.0021719999999999	4.717583999999994e-06	0.00020650839616	0.306802	-0.022453	0.094127467204	0.000504137209	0.00230172	1.5629999999999984e-05	5.297914958400001e-06	2.442968999999995e-10	-0.000353062	0.000359604	1.29315036816e-07	1.2465277584400004e-07	-6.28313e-05	-0.0003316343	3.94777225969e-09	1.0998130893649003e-07	0.0
4858.470718549768	-11.860268457347049	140.6659678803413	23604737.7230055	9573.354147660104	-66.52812859202459	4425.991893956959	91649109.63652092	4807.20030665853	-10.003523719501572	23109174.788337868	100.07048680663056	4967.930832391981	7558.162367843463	1.117348	35.526085	0.0577969599999999	0.0333004	-0.031549814	0.0508818676	-0.046978322	-0.0315220185	-0.0794006472	0.0241511768	-0.1265669253	-0.0018968966	0.0310983956	-0.0186242487	-0.011653401	-0.0236548868	-0.0507911109	0.011637295	0.0099374579	-0.0585840456	0.0015943708	0.0071307231	-0.0287154402	0.0372240608	0.0435541805	0.0458551313	-0.0821595181	0.1291236029	-0.0779467363	-0.0560258123	0.0805590728	0.0484594672	-0.0757237299	-0.0213643409	0.0021263687	0.0224125307	0.0251394019	-0.0024002553	0.0143642036	0.054294347	0.0589395785	-0.0610240179	0.0748029125	-0.0159967741	0.0396972057	-0.0591720528	-0.0167756113	-0.1404704718	-0.0249952401	-0.078175841	0.0608959771	0.1073887413	0.1492505489	0.0824238804	0.0521440798	-0.0870874646	0.0676862528	0.1263279311	-0.0073354233	0.0015170623	-0.0380374624	-0.0527465813	-0.1039692182	0.023879647	-0.0527750822	0.0508815092	0.0700510267	-0.0170665762	0.011447969	-0.0488287674	0.0107694452	0.0021002303	0.0164098813	-0.0618324308	0.0039662086	-0.0099021668	-0.0023862012	-0.0623986111	0.0242610604	-0.0767260499	0.0264068077	-0.1398148171	0.0892528472	0.0481839027	0.1073206802	0.0153197737	0.0360840773	0.028717782	-0.0546129021	-0.0616923744	-0.0651494296	-0.0351177959	-0.0966715205	-0.0314461332	-0.0411082653	-0.0907871273	-0.0381764915	0.0819782259	-0.1149049904	0.0269536678	-0.0267276453	0.1458494401	0.0353053248	-0.0322190419	0.0347578912	-0.0331380518	-0.0375055594	0.0170177639	0.041483562	0.0974594177	-0.0906498263	-0.1080279526	0.0663049559	0.0078259682	0.0176051469	0.0341003596	0.0257877073	0.0957969768	-0.0163550714	-0.027999692	0.0237914372	0.0302681034	-0.0970512908	-0.0324377923	0.0583486979	-0.023128894	0.076835991	-0.0542799589	-0.1140570925	0.0200014433	-0.049160487	0.0494449569	-0.0751935927	-0.0122507826	0.0628706872	-0.0603339402	-0.0319104939	0.1807784287	0.0208467616	0.0211508753	-0.1472474704	-0.070656191	0.0562489223	0.0675591845	-0.0150617758	0.1224860427	0.041108726	-0.0556341981	-0.0212665357	-0.011339948	0.0014280122	0.0081091546	-0.0484997524	-0.0507992397	-0.0387645651	-0.0347180175	0.0496748199	-0.002172649	0.0673555331	0.0295956805	-0.056947545	-0.1009510627	-0.0833387744	0.0282364007	-0.060831607	-0.0798450623	-0.0675992776	0.0442263787	-0.0247147858	0.0245029681	-0.0075853647	0.0909364734	-0.0327000445	-0.0319223014	-0.152295585	0.002159174	-0.0197622947	-0.0406118768	0.0546319869	-0.0116205962	0.1272509126	-0.0009412273	0.0057201417	0.1197296896	0.0962988449	0.0532938543	-0.0616676708	0.0769008606	0.0525922072	0.0176028627	-0.0209613602	-0.0552686441	0.0	0.0137093	0.00782766	6.12722610756e-05	0.00018794490649	-0.0138352	0.0005351999999999	2.864390399999996e-07	0.00019141275904	0.332969	0.0261669999999999	0.110868354961	0.0006847118889999	0.00218108	-0.0001206399999999	4.757109966400001e-06	1.4554009599999996e-08	-0.000651709	-0.000298647	8.919003060899998e-08	4.24724620681e-07	-1.67763e-05	4.6055000000000005e-05	2.8144424169e-10	2.1210630250000007e-09	0.0
4846.062358953236	-12.408359596532136	153.96738787685118	23484320.386863403	9569.029813702597	-4.324333957507406	18.699864176051666	91566331.57552914	4807.572419681651	0.3721130231206189	23112752.570483685	0.1384681019759662	4969.264340522098	7444.840212741603	1.128075	35.867165	0.054152865	0.0274788	-0.0048828012	0.0152338833	0.0365481233	-0.0179747301	0.0171968482	0.0403862535	0.0677254385	-0.0208487435	-0.0040514493	0.0667299493	0.0274895827	0.0086984192	-0.0874097201	-0.0739910658	-0.0008233268	0.1293315208	-0.0610398648	0.0903091861	-0.1011702873	0.0155268279	0.0303146095	0.0135441659	-0.0108765437	-0.0943000419	0.0252194652	-0.001105941	0.0049447403	-0.0625328798	-0.0544285291	-0.0003460195	0.0263363939	-0.0787976914	-0.0567061297	0.0794221863	-0.0923316129	0.0453851453	0.0258216081	0.0177469178	-0.0671176426	-0.1171451345	-0.0134375341	-0.0483459301	0.0188171125	0.1210916782	-0.1486693358	-0.0138479165	-0.079972862	-0.0106274786	0.0388814118	-0.0401359355	0.0240859226	0.1277013744	0.0357324409	-0.1608179866	-0.0506116829	0.0602833736	0.1041944397	0.0270186798	0.0567702022	-0.0298310819	-0.0419401256	0.0116308266	0.0105042812	0.0631693214	0.0756801868	0.1199806023	-0.0021637959	-0.0147361275	0.0670379359	0.1183434403	0.0132365267	0.1480141879	-0.0699405003	0.0645460034	0.027926865	-0.0831051284	-0.0121874698	-0.0218197361	0.0367223477	-0.0693341501	0.0881264979	0.0255141819	-0.0789276083	-0.037110792	0.0582788626	0.009014322	-0.0122807983	0.0047708024	-0.083293596	-0.0462639032	0.0267865499	-0.0400727362	-0.0109829048	0.1013670719	-0.0554319476	0.1068787967	-0.0720372206	0.0177856212	-0.0573541531	0.0074946712	0.0430807183	-0.0671647202	-0.0018101273	0.0392632196	0.0504874299	-0.1087239896	0.0017466231	0.0446618484	0.0188128831	-0.0346460498	0.0289730255	-0.0054312175	-0.055032724	-0.0712288022	-0.0030743973	-0.1229066435	-0.0308996766	0.0113457069	-0.0265699778	0.0165085972	-0.1048212231	0.0782827943	-0.044931218	0.0027926807	0.0263541943	0.0346918508	0.0910182442	-0.1001663008	-0.0332872588	0.0852286311	0.0813741273	-0.0066102724	-0.1057962147	-0.09533509	-0.1144594115	0.1006314995	0.0966978858	0.077650704	0.0547169697	-0.0648189339	0.0114166468	0.1133861759	-0.0716408683	-0.0140914571	0.0285448173	0.0630728368	-0.0007787039	-0.0686917637	0.0865186257	0.0754470364	0.088694671	0.1195775037	-0.0340113167	-0.0386165351	-0.0191748456	-0.0761306772	0.0184534748	-0.0051407853	-0.0459930882	-0.0603927471	0.0779699194	-0.0910401264	-0.0669904162	0.1272196959	-0.0248474916	0.1050455174	0.0147717502	0.0052155639	-0.0098566042	0.0387857822	0.0249145056	0.0217648734	0.0289632329	-0.0690882963	-0.0015907283	-0.0167584164	-0.0091130353	0.0735346642	-0.0309394772	0.1870577732	0.0423938285	0.0634331617	0.0485674115	0.0764633189	0.0510242304	0.0147012178	-0.0247576959	-0.0589355719	0.0	0.0059584	-0.0077509	6.007645081000001e-05	3.550253056e-05	-0.0232452	-0.00941	8.85481e-05	0.00054033932304	0.327493	-0.005476	0.1072516650489999	2.99865760000004e-05	0.002516	0.0003349199999999	6.330256e-06	1.1217140639999988e-07	-0.000651007	7.019999999999943e-07	4.92803999999992e-13	4.23810114049e-07	0.000277921	0.0002946973	7.7240082241e-08	8.684649862729001e-08	0.0
4840.693597772882	-5.3687611803543405	28.823596611679733	23432314.507519364	9518.60099821684	-50.42881548575679	2543.0654312965034	90603764.96325462	4800.955967587674	-6.616452093976477	23049178.202715702	43.77743831188571	4960.657943175416	7459.353268223291	1.105221	35.140507	0.07779365	0.0469527	0.0327681156	0.0115026455	-0.0686231345	-0.0388777955	-0.0395038491	-0.0295182536	-0.0460983473	-0.0195466963	-0.0552739787	-0.0008790144	0.0050069852	-0.0225820753	-0.0824138783	-0.005241543	0.0443103129	-0.1259443254	-0.0566154433	-0.0607270285	0.0394762951	0.0169473433	-0.0171760557	-0.0691961463	0.0927432281	0.0146539546	0.0385608511	-0.009418248	-0.0222015714	0.0533159306	0.0295495391	0.0790803115	0.0031872838	-0.0738344597	-0.0604258095	0.0283629175	-0.0269551531	0.1781885771	0.0023975591	-0.0829967989	0.0760365647	-0.0426783115	0.0049391713	-0.0239183629	-0.0779230271	0.0304601463	0.0611611275	0.1130879261	-0.0293420501	-0.0715956164	-0.0439199999	0.0499635219	0.0201255988	-0.1147058419	-0.0621980907	-0.0793444474	0.050820734	0.0224367203	-0.0716905518	-0.0520844695	-0.0577233772	0.0212020338	-0.0300905941	-0.0585267239	-0.0563806792	-0.056657439	0.0285579378	0.0011936139	0.0330586494	0.040523996	-0.0780175809	0.0300187148	-0.0268732153	-0.0417688326	0.0266464078	-0.014120271	-0.0422189683	-0.022156724	-0.0925600614	-0.0189315123	0.0274213284	0.0487296649	-0.0653753085	0.0123194468	-0.0822809076	0.0573788385	-0.0209760042	0.0391271485	-0.0111869601	-0.0141451917	-0.0405050527	0.0512031847	0.0276493511	-0.151784491	0.0539535174	0.0191491692	-0.0421995228	0.0818229264	-0.0482629469	-0.0241010935	0.093423824	0.0470751161	-0.0207526059	0.0220579455	-0.0178576552	-0.0156427899	-0.1027876557	0.0003275222	0.0210641783	-0.0083531652	-0.0277863445	0.0485770923	-0.0133214614	0.038280918	-0.0590748488	-0.1318893128	-0.0742463576	-0.0237484198	-0.0409753854	-7.30122e-05	-0.1091987559	-0.0321399222	-0.0892889564	0.0473085007	0.1028222883	-0.0582895788	-0.0064510065	-0.0464707646	0.0414079655	0.0678720389	0.1624024014	-0.0182691861	-0.0014370653	-0.0779321831	0.0478691226	0.0174465489	0.0441075794	0.0386512532	0.0718353242	0.0361286365	0.0154343657	0.1589544032	-0.0249506325	-0.0168774994	-0.0272713992	0.0070867646	-0.0175953804	-0.0783152366	0.0404762221	0.0263637347	0.0049825217	0.02753681	-0.028603842	-0.0374394886	-0.0523791644	0.0750465783	-0.0006265121	0.0161327011	-0.0292484758	0.0184807382	0.0268345526	-0.0298443725	0.0031358105	-0.0730956397	0.1025612894	-0.0391480747	-0.0348515447	0.0292131581	-0.0177593888	0.0284876397	0.025199012	0.0716651577	-0.0176158183	0.001793473	-0.0109887375	0.0354244348	0.1365034345	0.0574951294	-0.0116882128	0.0928937558	-0.0073438134	0.0567555272	0.1334835357	0.0323275594	0.0047548597	0.0760156516	0.049429227	0.0117820532	-0.0285015838	-0.062407438	0.0	0.00912747	0.00316907	1.0043004664900002e-05	8.33107086009e-05	0.00993083	0.03317603	0.0011006489665609	9.86213844889e-05	0.337126	0.009633	0.1136539398759999	9.279468900000005e-05	0.00203514	-0.00048086	4.1417948196e-06	2.3122633960000007e-07	-0.00055728	9.372700000000005e-05	8.784750529000008e-09	3.105609984e-07	0.000216197	-6.172399999999998e-05	4.6741142809000004e-08	3.809852175999997e-09	0.0
4841.536298562083	0.8427007892014444	0.7101446201207373	23440473.73029424	9542.558172271583	23.95717405474352	573.946188689276	91060416.47118716	4805.261218532157	4.305250944482395	23090535.37832915	18.53518569496656	4965.891324546426	7388.085700277779	1.084405	34.478661	0.0985081799999999	0.0491684	0.0325205585	0.0105976337	0.0231825029	-0.0253579491	0.0589054453	0.0214953297	0.0779715742	-0.0590356348	-0.0250748233	0.0664301994	-0.0154005694	0.0078788885	-0.0966424121	-0.0382210232	0.0490672139	0.1236195318	0.0122353305	0.004072709	-0.0995785918	0.0273735018	0.0098059687	0.0674195438	-0.0299235304	-0.0185993751	0.0296294317	0.111179014	0.0725557541	-0.0868194432	-0.0085993575	-0.031130086	-0.0594457308	0.0281036485	-0.0683575912	-0.0287195717	-0.0398074105	-0.1012844772	0.044713294	-0.0747482512	0.0263000607	0.0257025807	-0.0423236916	-0.0362275459	-0.0494974632	0.0088847176	0.0619033649	-0.0796634243	0.0352495779	0.0695485252	-0.0098773782	0.0190532576	-0.0254376118	-0.0244454293	-0.166443069	-0.0060183622	0.0277900043	-0.03013527	0.0975709798	0.0524447336	0.0681583105	0.0267090225	0.0406943082	-0.0235268579	0.0325098584	0.0521375239	-0.0636208803	0.0633573878	-0.001646405	0.1499757692	0.0866975355	0.0764308644	-0.1073072843	0.0158068723	-0.0219161902	0.0305645323	-0.0899354196	0.1139451516	-0.0346642237	0.0601960564	0.0155700862	0.046225681	-0.027312923	0.0486613554	0.0015718467	-0.020503231	0.0460709812	-0.0574669403	-0.0593641744	-0.0317808772	0.0341658157	0.0149078622	-0.0223635815	0.0111372477	0.0190328746	-0.0226999204	0.0720777684	0.0762933086	0.0354090711	0.0234005467	0.016446494	-0.0352898669	-0.0863308974	-0.0343548115	-0.0078339335	0.0535321979	0.0964590009	-0.0586661302	0.0571109163	0.0802573889	0.1184285106	0.0053617912	0.010313025	-0.0449924265	0.0449631647	0.0488654012	-0.0964832727	-0.0097926649	-0.0107270535	0.0205447273	0.0251009183	-0.0588226156	0.0599127775	0.0631225578	0.0140712554	0.0301313928	0.0753046366	-0.0031032817	-0.0028021248	0.0881223113	-0.0546643587	0.0120273684	0.0838626716	0.0498495875	0.0759681542	0.0442958995	0.1314232389	0.0065516233	0.058885085	0.0116421203	0.0265466302	-0.1064736089	-0.0391229927	-0.0486209623	-0.0174963693	-0.0122002062	0.0829622273	-0.0390805684	-0.1085664011	-0.1121031534	0.0734654547	0.0938779876	0.0039684245	0.0355378236	-0.0096500199	-0.0017657786	-0.0829558858	-0.0497104259	-0.0791469211	0.0975871908	0.0117502517	0.0610323839	-0.0710163326	0.0610966278	0.0888603104	0.0682315767	0.0125788802	-0.037325532	0.0385071732	-0.0304528985	0.0261315321	-0.0682098644	0.0401642823	-0.0843183865	-0.0479860228	0.0045226072	-0.0526994409	-0.0011507301	-0.0660553446	0.0966613624	-0.0796404008	-0.0537041466	0.0401410739	-0.0422556654	-0.0868143413	0.075557918	0.0478080418	0.0088488477	-0.0321850925	-0.0656727513	0.0	0.019179	0.01005153	0.0001010332553409	0.000367834041	-0.00847762	-0.01840845	0.0003388710314025	7.18700408644e-05	0.300942	-0.0361839999999999	0.0905660873639999	0.0013092818559999	0.00210103	6.588999999999987e-05	4.414327060899999e-06	4.341492099999983e-09	-0.00102409	-0.00046681	2.179115761000001e-07	1.0487603281000002e-06	0.000360781	0.000144584	1.3016292996100002e-07	2.0904533056000006e-08	0.0
4844.749794318761	3.2134957566777302	10.326554978185778	23471600.56955168	9499.637649098082	-42.92052317350135	1842.1713094870663	90243115.46416174	4797.557528222582	-7.703690309574995	23016558.236605167	59.34684438583968	4956.148726911734	7428.083566579439	1.09718	34.884834	0.08788845	0.0399115	0.0344213868	0.0107829792	-0.0454004511	0.0021887136	-0.038651423	0.0546026421	-0.0843321131	-0.0295356485	-0.0660796086	-0.0135958616	-0.0404963087	-0.0302794591	-0.1143601112	0.0067229089	0.0284603328	-0.071476984	-0.078753867	-0.0139256276	0.0833126811	0.0377069961	0.0538940482	0.0069776103	0.0680824017	0.0339738512	0.0421628437	-0.0501888496	-0.0203613638	-0.0858610131	-0.0075908202	0.039626681	0.067419147	0.0392531216	0.1198551022	-0.0041116263	0.0824423661	0.0845536498	0.0562112585	0.1319818745	0.0375055491	-0.0306443494	0.0152753507	1.52985e-05	-0.0601017988	0.0161682813	0.0342002206	0.0629220358	0.121834369	0.0289614013	0.0462827147	-0.0107646185	0.0320238776	-0.0259468377	-0.0033372791	0.0345365499	0.1129682944	0.112712792	0.0095687356	-0.0892798048	-0.0519270584	0.0527237053	0.0637876132	0.0746953981	-0.0598157908	0.1002844115	0.1831035339	0.037285863	-0.0764105149	-0.0325832099	-0.0034675951	0.0437444025	0.0094491084	-0.0562380971	-0.0363711048	-0.0792828937	-0.0163865222	0.0303168792	-0.0388873522	-0.0237439515	-0.0722826957	0.0007628417	-0.0416275459	-0.0781696921	-0.0230236496	0.0723528235	-0.0142054013	-0.0547288059	0.0557098436	0.0639521521	-0.0044162051	0.0629937652	0.0623619601	-0.0007997433	-0.0534628503	-0.0212242017	-0.0861469674	0.0087344857	0.103463424	-0.000955839	0.0399009724	-0.0238624423	-0.0478868015	-0.0060591532	-0.057474059	-0.0255863664	-0.0543156908	-0.0103873126	0.0700334617	-0.1020855239	0.0348113044	-0.0871840679	-0.0560971572	0.0435488251	-0.0406302014	-0.0207235598	0.0962078436	0.0915194229	-0.0088541194	0.0390168385	-0.0365334682	0.1049124136	-0.0618440477	0.0083130937	0.0867443819	0.0393089297	-0.1037144877	-0.0940753078	-0.072503349	-0.0076466777	-0.0010147419	-0.0288862317	-0.083150617	-0.0197141621	0.0171957423	0.04999448	0.0510544522	-0.0278385252	-0.0515583684	0.0616285777	0.1212763911	0.0781170576	-0.0873496848	0.0371589051	-0.0130798178	-0.0218329466	0.0836566319	0.1680231699	0.1246943658	-0.0390441569	0.0022670325	0.0785527336	0.0330990508	0.0352977842	-0.0082790643	-0.0127423743	-0.0573357799	0.1299219882	0.0016265544	0.0392993655	0.0185054302	0.0468572407	-0.0045763777	0.0163016907	0.0446184173	-0.0821918614	0.0224461295	0.0031497072	0.0342365318	-0.0209781725	-0.0919530871	-0.0146005177	0.0687192257	0.0659829195	-0.0462802219	-0.0023240045	0.0211908561	-0.0956848855	-0.0135934406	-0.0418739901	0.0766857674	0.0179841687	0.0587095774	-0.1003871933	-0.0198027781	0.0750901786	0.0461615335	0.0059050968	-0.0358004188	-0.0687207046	0.0	0.0119913	-0.0071877	5.166303129000003e-05	0.00014379127569	-0.00390722	0.0045704	2.0888556159999995e-05	1.5266368128400002e-05	0.332204	0.031262	0.110359497616	0.000977312644	0.00233566	0.00023463	5.455307635599999e-06	5.50512369e-08	-0.000583588	0.000440502	1.940420120040001e-07	3.40574953744e-07	0.000138546	-0.000222235	1.9194994116e-08	4.9388395225e-08	0.0
4846.081823589969	1.33202927120783	1.7743019793544623	23484509.040929075	9524.266914623206	24.62926552512363	606.6007203070433	90711660.26098624	4811.788055349981	14.230527127399	23153304.28960875	202.50790232363883	4969.960435206263	7378.122097215019	1.094075	34.786133	0.07032451	0.0315206	0.0087772796	0.0065559123	0.0082599445	0.0231304969	0.0625614826	0.0405741821	0.0465061847	-0.0249882386	-0.0406709292	0.0948813411	-0.0030410293	0.0025708342	-0.0866204548	-0.0676516904	0.0289762564	0.0662637151	0.0455228061	0.0850166651	-0.0895176577	-0.03202878	0.031497397	0.0384126829	0.0150079921	-0.0241761045	-0.0215566852	0.0231630792	-0.0925145368	0.003153047	0.0440804379	0.0441577804	-0.0441738434	0.0341336852	-0.0246823172	-0.0042798995	0.0993971988	-0.0723345938	0.054033533	0.0401038122	0.0998478251	0.0172490738	-0.0616516903	-0.0107712555	-0.1252792792	-0.05166658	-0.0431093803	0.1176145954	-0.0397726343	-0.0512543994	0.084710172	0.0497092689	-0.0215110231	-0.0184446875	-0.079982554	-0.0171920252	0.0112820375	-0.0369748937	0.0032507842	-0.0412467477	0.0061404169	0.0505979817	0.1786098205	-0.1317955922	-0.0403772361	0.0048948624	-0.0965174365	0.0476590359	0.0489990317	0.0550398931	0.0297095935	0.0196197445	0.0328195717	0.114039649	-0.0228921747	0.1072902924	-0.0525949213	0.0317235637	-0.0092231803	0.1204259896	0.0021988133	0.0495626426	0.0288207982	0.046451485	0.1231736939	0.0229913657	-0.0386988135	0.0271255693	0.0044280296	-0.0137999353	-0.0719443774	0.0032419044	-0.066526119	-0.0883871165	-0.0520247688	-0.020122453	-0.0364020033	0.1058142606	0.0652023692	-0.0251853349	-0.0315029304	-0.0394861069	-0.004089261	-0.0263071325	0.0324689331	-0.008045741	0.024630777	-0.0062033601	0.0393651677	0.0575329345	-0.0417087052	-0.0653775183	-0.0363024389	0.0313973307	0.0700216465	0.0285247154	-0.0649055927	0.0313349854	0.0654030653	-0.056628374	0.039797876	0.0760117131	0.10269438	0.0633889437	0.1125621314	0.0673592424	-0.0186158719	-0.0376333358	0.0631697862	-0.0535790594	0.1089177517	0.1124060693	0.0021876701	-0.0581790824	0.0465245246	0.0946442004	0.0379570669	-0.0057276021	0.0384219692	0.0157675574	-0.0352988646	0.0449290132	-0.0164400347	-0.1225862313	0.0232875218	0.0819733218	0.16668934	-0.0947338426	-0.0318167271	-0.0615615401	-0.0155396601	0.0380982644	0.0970081307	-0.0102370089	0.0221000493	-0.0630478705	-0.027309385	-0.0994483926	-0.0233080507	0.1483129208	-0.0006679106	-0.056683146	-0.0019393729	0.0513267692	-0.0542553295	0.0375302173	0.0080450828	-0.0951746179	0.0070087158	0.1136946973	0.0491930395	0.0197530041	-0.0416404509	0.0061376924	-0.0650375685	-0.0432554821	0.0489822685	-0.0543970554	0.0128053354	0.0143341175	-0.0324961224	-0.0100564828	0.0366391002	-0.0335036665	-0.0378229804	0.0746124954	0.0444905743	0.0029543088	-0.0393399038	-0.0715412097	0.0	0.00639822	-0.00559308	3.1282543886400005e-05	4.093721916839999e-05	-0.0152969	-0.01138968	0.0001297248105023	0.00023399514961	0.345412	0.0132079999999999	0.119309449744	0.0001744512639999	0.00278772	0.00045206	7.7713827984e-06	2.043582436000002e-07	-0.000842892	-0.000259304	6.723856441600001e-08	7.10466923664e-07	0.000229857	9.1311e-05	5.2834240449e-08	8.337698721000001e-09	0.0
4850.015283335334	3.933459745365326	15.472105568409456	23522648.24858632	9555.164000807768	30.897086184562795	954.6299346963012	91301159.08233272	4810.560599097594	-1.2274562523871282	23141493.2775902	1.506648851524253	4969.780342781342	7455.868627884302	1.203364	38.260983	0.04047463	0.0223306	0.0196176209	-0.064331065	-0.059444217	-0.0548108144	-0.0576234387	0.0014965221	0.0308591194	0.0159956006	-0.0364753903	0.0032701209	-0.0239660483	-0.0093697001	0.0104266462	-0.0421146813	0.0384366639	-0.0258554291	-0.109270136	0.069001162	0.0078530456	-0.0500382979	-0.0753972766	-0.0584184504	-0.0074514181	-0.1295853415	0.0049996991	0.0320677516	-0.0160826249	0.0303496029	0.1092914565	-0.0144818654	0.0047268866	-0.0647967415	0.0738297618	0.0728081585	-0.1177041846	0.1124625716	0.0182649866	-0.0616924746	-0.0361415048	0.0816122479	0.0093892866	-0.0887799998	0.0955739791	0.0745594278	-0.0042780805	-0.0185183266	0.0094016514	-0.0306129888	-0.0240085137	0.0991951243	-0.0683842236	-0.0642892887	-0.0184394791	0.0532816008	0.0130851261	0.0056882017	-0.1455592511	-0.0521866268	0.0063645536	-0.0229011108	0.089255537	-0.0617469503	0.0510427541	0.0189119919	-0.0306107864	0.015497065	0.0225046125	0.0056680652	-0.0366424425	0.0005707872	-0.0657031009	0.051256454	0.0716074957	0.1031169983	0.0995534815	-0.0597024481	0.0346466713	-0.0429075673	0.0235682847	-0.0146004447	-0.0075239124	-0.0227382093	-0.0538480718	-0.0091279916	0.00345217	-0.057609475	-0.0463575663	0.0787485542	0.0658234909	0.1208107948	-0.1372025012	-0.1587118211	-0.0765389444	-0.0044246346	0.0081826874	-0.0424093429	-0.0242334108	0.0297727242	-0.0367255327	-0.0978860726	-0.0059403476	0.0389974601	0.0530046152	-0.0214030616	0.0025587593	-0.0660738097	-0.0291045026	0.0750069377	-0.0991087443	0.0419882133	-0.0284997518	-0.1016239213	-0.0029529918	-0.0893924716	0.0611148686	-0.0309896491	0.0389885951	0.0415143046	-0.0558977252	-0.0551185065	-0.0923829417	0.0380641645	-0.0212157255	-0.1975194558	0.078304174	0.0264434603	-0.0048129651	8.49319e-05	-0.0463214935	0.0124493995	0.0020549593	-0.0290463242	0.1088999219	-0.0084855441	0.0186609647	-0.0525501513	-0.0267329763	-0.0340599409	0.002436102	0.157307901	0.0689551369	-0.0425262762	-0.0180859465	0.0584327374	0.0626128816	0.036761854	-0.0347458654	-0.0119395449	0.0194860513	-0.0433960206	0.0038904035	-0.0234637371	0.0277239808	0.0647357791	0.0234519742	-0.1399733739	0.0818659258	-0.0753173611	-0.0289240931	-0.0401189626	-0.0061640596	-0.0423784534	-0.0104911977	-0.0390931253	-0.0071563823	0.0508876223	-0.0285533478	0.0840843164	-0.0022360759	-0.069754057	-0.0063538723	-0.0622345346	-0.105524819	0.1171026556	0.1206883182	-0.072494664	-0.0073819495	-0.0915980617	-0.0706740546	-0.0262989866	-0.0072092966	0.0005995578	-0.0091968658	0.0741249317	0.0427960493	0.0	-0.0427960493	-0.0741249317	0.0	0.00662085	0.00022263	4.9564116900000264e-08	4.38356547225e-05	-0.0200615	-0.0047645999999999	2.2701413159999992e-05	0.00040246378225	0.358611	0.013199	0.128601849321	0.000174213601	0.00266657	-0.0001211499999999	7.1105955649e-06	1.4677322499999998e-08	-0.00054871	0.000294182	8.654304912400004e-08	3.010826641e-07	0.000199421	-3.0436000000000005e-05	3.9768735241e-08	9.263500960000003e-10	0.0
4843.549528062256	-6.465755273077775	41.805991251333054	23459972.030792102	9511.689933010266	-43.47406779750236	1889.994570861832	90472245.38172884	4809.878164129644	-0.6824349679500301	23134927.95377115	0.4657174854809586	4973.309880563316	7339.003966409295	1.277141	40.606712	0.06925179	0.0382215	0.0111633799	0.0136241313	0.0392014127	0.0572758079	0.0936997526	-0.1803041469	-0.0308184955	-0.0086308976	-0.0060609122	0.0225692885	-0.0561937274	0.0648203743	0.0183095879	0.019161864	-0.1466349426	-0.0237002594	0.0261200268	-0.0244098935	-0.1106514546	-0.0488970999	0.0006929453	0.0158484536	-0.0429376535	-0.0925289132	0.0218336203	-0.0621186148	-0.0026579062	0.1139552981	-0.0753706381	-0.0084864416	0.0403531543	0.1028239322	-0.0139667386	0.0269343797	-0.0169899897	-0.0432783768	0.087390728	-0.0461200098	0.0568993049	0.0381054888	0.0552344311	0.1068464976	0.0032278951	0.0217522269	0.0355359815	0.0940748632	-0.0414249664	-0.0323529569	0.1449987874	0.0287704455	0.0231954504	-0.0262499629	-0.0585306957	0.1183942599	0.0580923976	0.042490039	-0.0126131403	0.0307071098	0.1437268533	0.0349407067	-0.0077103469	0.016496714	-0.0258801332	0.0500830223	0.0248847842	0.06366818	0.045070198	0.0540809193	0.1099548214	-0.0339670761	0.0426042166	0.0138401768	0.0124201811	-0.0951505626	-0.0220645032	0.0224305399	0.0096806087	-0.1147375107	-0.0021151213	0.0330248186	0.140900847	0.1039445527	0.0414075134	0.1161708969	0.0507150818	0.032366935	-0.0192912139	0.0268381518	-0.0485042671	0.0189850007	0.0367036937	-0.0005728533	0.0788708967	0.03054518	-0.1105472582	-0.0228583251	0.0316343831	-0.037648069	0.0422352974	-0.0044931668	-0.1372387517	-0.0229379432	0.044116294	-0.0044179916	0.0373055648	-0.0536128599	-0.0276024345	-0.0743130303	-0.1198941154	0.0397746368	0.0040832208	0.057570711	-0.0205445609	0.0458149891	0.0717092046	-0.0747423568	-0.0694884865	-0.0208331026	-0.0855834171	-0.0286951705	0.1107418026	0.0628646238	-0.0632198319	0.080766564	0.0214341777	-0.0977168891	0.0099461812	-0.0180712774	0.03564508	0.0674769297	-0.0302810384	-0.0265670484	0.0330918398	0.1046913497	0.0629658243	-0.146815363	-0.0956957412	0.0094635031	0.0042837169	-0.031448341	0.0447688568	-0.0396985031	-0.0951389583	-0.037776947	0.0018703425	0.0088910645	-0.0196003567	-0.051908918	0.0588272922	0.0826078975	0.0020896415	0.0154248388	0.0447542222	-0.0295652923	0.049599949	0.0845531736	-0.0494178715	0.0031443695	-0.0294920699	0.1311936652	-0.0481713021	-0.0867590742	-0.088362123	0.0917118944	-0.0304731825	-0.0029392637	0.0663438516	0.1271499488	-0.0315443115	0.033751913	0.0245414868	0.0372764708	0.0318665204	0.0119316499	0.0266772016	0.0912975962	0.0761891657	-0.0032621192	0.1037255345	0.037361822	0.052602236	-0.0740497641	-0.0443149397	0.0736275519	0.0410788559	-0.0029543088	-0.0461615335	-0.0764633189	0.0	0.0108723	0.0042514499999999	1.8074827102499995e-05	0.0001182069072899	-0.00947281	0.01058869	0.0001121203559161	8.97341292961e-05	0.328026	-0.030585	0.1076010566759999	0.000935442225	0.00278722	0.0001206499999999	7.7685953284e-06	1.4556422499999982e-08	-0.000882987	-0.000334277	1.1174111272900001e-07	7.79666042169e-07	0.000221027	2.1606e-05	4.8852934729e-08	4.668192359999998e-10	0.0
4845.736010473593	2.1864824113363284	4.780705335083125	23481157.48320053	9575.456956854276	63.7670238440096	4066.233329922489	91689375.93256897	4808.959996933788	-0.9181671958558582	23126096.252109416	0.8430309995458097	4968.071312236996	7422.452642855317	1.254221	39.877972	0.106923069	0.0639715	0.0094230001	-0.0794548581	-0.020328268	-0.0357457104	-0.0314421353	0.0954263853	-0.0013853262	0.0162311607	0.0056899457	-0.0024864782	0.0172955877	0.0006291638	0.06630308	0.0538285819	0.0957543329	-0.0466445625	-0.0271505266	-0.0131501786	-0.0995834675	-0.0210405585	0.004968529	0.0504671596	0.0307515002	0.0019945054	0.0133879226	0.0204500259	0.0428250157	0.1199932196	0.019098746	-0.0521179045	0.0302036543	-0.0990237146	-0.0117657211	0.006800349	0.0010598619	0.0143221024	-0.0273401876	0.0310077392	0.061549337	0.0427580909	-0.0749829078	0.1034328595	-0.0961354826	-0.0125785863	0.0309626432	-0.0244704372	0.0826600302	0.0651477932	0.0595489796	0.0261692086	-0.1052194855	0.0483680861	-0.0205646905	0.1027956793	0.0930037128	-0.0109684613	0.1038986925	-0.1133251958	0.0283424024	0.0787919545	-0.1079939675	-0.0126252131	-0.0692718284	0.0248900843	0.1006804917	0.0835397337	0.0448603034	-0.0797261215	0.0415828077	-0.1035950478	0.0136317889	-0.0078556076	-0.113042475	0.0827769296	0.1575856969	0.0820234561	-0.0013445232	-0.0308118859	-0.0593819519	0.0844646168	0.0092675532	-0.085072036	0.1078100256	0.0967887281	0.0058781524	0.108095939	-0.0825417564	-0.0464053155	0.11404496	-0.160049204	0.051416592	-0.0389031014	0.0342197791	0.0664842227	0.0631650663	0.0843704422	0.019818683	0.0297726325	0.0579809392	0.0364683639	0.0667981498	0.0116448149	0.0172475998	0.0090557727	-0.0224122102	0.0383687141	0.0339306011	-0.0311034435	-0.0458366353	0.0959004553	0.0485860923	-0.0453886387	0.0382599277	0.0037957608	-0.0059922155	-0.0530079046	0.1093115507	0.0139967809	-0.018313718	0.0207968023	0.0182017725	-0.0897298462	0.113652945	0.0937469404	-0.0027844383	-0.0960725917	0.0354345419	-0.00955726	-0.0889542346	-0.0569865325	0.0127913054	0.0682560162	0.0879935429	0.0595190903	0.0172893295	-0.0958430972	-0.0592205488	0.0536942474	-0.0748959865	-0.019973181	-0.1615164486	0.0585583226	-0.116170086	-0.0353827276	-0.0092374027	0.0316108127	0.0850526435	0.0933992341	0.0176183545	0.0009556266	0.1043437677	0.0348187717	0.0685056691	-0.1127049478	-0.0692390353	-0.0383094009	0.0799588319	0.0037952182	0.0299106487	0.016404269	-0.1043374071	-0.0317532471	-0.0427430271	-0.1629488057	-0.0744578965	-0.0701094596	0.0368328371	0.0937655626	-0.0318546873	-0.0022481345	-0.0503191886	-0.0880793424	0.2308033501	-0.0265565035	-0.0303896026	0.070502108	0.0081905321	0.0896919908	0.0093513604	0.0184988749	0.0929105207	-0.0346338819	0.1478843621	0.0731204221	0.0393399038	-0.0059050968	-0.049429227	-0.078548632	0.0	0.00739436	-0.0034779399999999	1.2096066643599995e-05	5.46765598096e-05	0.000683219	0.010156029	0.0001031449250488	4.66788201961e-07	0.368022	0.039996	0.135440192484	0.001599680016	0.00212442	-0.0006627999999999	4.513160336400001e-06	4.393038399999998e-07	-0.00053359	0.000349397	1.22078263609e-07	2.847182881000001e-07	0.000167362	-5.3665e-05	2.8010039044e-08	2.8799322249999995e-09	0.0
4848.9074924760425	3.1714820024499204	10.058298091863756	23511903.870590303	9492.333356209348	-83.12360064492714	6909.532984177331	90104392.54540464	4805.6560204070975	-3.3039765266903487	23094329.78647498	10.91626088892082	4964.699958357765	7336.019765707904	1.225742	38.972481	0.055143979	0.0290893	-0.0161330658	0.0113851773	0.0463852083	0.0890894156	0.0699992912	-0.1240845396	0.064209277	0.0304487286	-0.0136416616	0.0087958389	-0.0721550305	0.0064342921	0.085911445	0.0771299728	-0.1063370411	0.0112857388	0.0884064906	-0.0264186456	-0.0663160194	-0.0512438861	-0.031646273	0.0354776917	0.0652199953	-0.0111640969	0.0261886669	-0.0350960158	-0.0113183713	-0.0026231364	0.0208427842	0.0361535248	-0.0361136848	0.0120263396	-0.0458911101	-0.023745597	0.0625060154	0.0997843944	-0.0061162229	0.0063451625	-0.0604874852	-0.0111438509	0.0469987573	0.0008496761	0.0345145313	0.0460968363	-0.0900229934	-0.0084022916	0.0489540527	0.0643615632	-0.0276718983	0.0407521157	-0.0842897618	-0.0026078264	0.0607512396	-0.0196107463	-0.0835603379	0.035732519	0.016511862	-0.0138128382	-0.0284904141	0.0148158381	0.0794763367	-0.0039095528	-0.0381099146	-0.0884262761	0.0607644859	0.0041530191	0.0146542356	0.0107040245	0.1351111731	-0.0206486627	0.046783138	-0.0508097853	-0.0078337512	0.03146563	0.0146283591	0.0354539813	-0.0390331149	-0.0063350286	-0.0014910464	-0.0419987578	0.0003358891	-0.0967942744	-0.0438316521	-0.0352493939	-0.0027903045	0.0275947551	0.0471423131	0.014394615	-0.1156887179	0.0210812682	0.0111536575	-0.0112672781	-0.0712832133	0.034897217	0.0005823059	-0.033734859	0.1264820102	0.0254675296	0.1125582438	-0.0173862549	-0.0582130025	0.0243475943	0.0370950151	-0.0243745774	-0.0544155448	0.0104594112	0.0711826026	-0.0388585638	-0.0425450478	-0.011379226	-0.0752363286	-0.0013745603	-0.0258891922	-0.0336992442	-0.0498211473	0.0278111327	-0.0606123141	0.0148939193	-0.0445246526	0.0400970885	-0.015168653	-0.0584337862	-0.030347538	-0.0435181563	-0.0522578983	0.0338261139	-0.000607986	-0.0858950268	-0.1224491798	-0.052133202	0.0065418898	-0.0571821305	0.03738834	-0.0255962592	-0.1098852768	-0.0053658117	0.0658339206	-0.0800553372	0.0114820897	0.0143939959	-0.0131097746	-0.0348771262	0.0128487577	0.0362229682	0.0537846017	-0.007830489	0.0772776014	0.0593225821	0.0389169096	0.0271922927	-0.0873215738	0.0493583536	-0.0190352305	-0.1122114702	-0.0020226884	-0.0075394128	0.0161741758	-0.0253831896	-0.0101738756	-0.0024149312	0.0049647092	-0.0650402056	-0.0308473478	-0.055842444	-0.0240812043	0.0404481883	0.0658032323	-0.0548665103	0.0644205599	0.0133164743	-0.0128329195	0.0883593908	-0.0432794014	0.001559685	-0.0143177687	-0.051522557	0.1196340844	-0.0014882937	-0.0133042642	-0.0751566922	0.0930246576	-0.0987669458	-0.0097808624	0.0726036092	0.0375801141	-0.0088488477	-0.0525922072	-0.0803739691	0.0	0.002432	-0.00496236	2.46250167696e-05	5.914624000000001e-06	-0.0122065	-0.012889719	0.0001661448558989	0.00014899864225	0.365797	-0.002225	0.1338074452089999	4.9506250000001446e-06	0.00250188	0.00037746	6.259403534400001e-06	1.4247605160000006e-07	-0.000586225	-5.263499999999999e-05	2.7704432249999988e-09	3.436597506250001e-07	0.000438605	0.000271243	1.92374346025e-07	7.3572765049e-08	0.0
4850.753993760675	1.846501284632723	3.4095669941502957	23529814.307985146	9547.79462626334	55.46127005399103	3075.952476001722	91160382.2253031	4809.103563184862	3.4475427777642835	23127477.08143733	11.885551204514671	4967.844234149363	7411.809224395201	1.176793	37.416134	0.06382107	0.035705	-0.0156580674	-0.0587964955	0.005419312	-0.0324434018	0.0166472176	0.0996382691	-0.0171722682	0.0164399679	0.0047315688	0.0102218584	-0.0423686091	0.029075858	0.031783691	0.0508123537	0.0634634091	-0.0411483374	-0.0213304961	-0.0272995932	-0.0454359399	-0.0442482243	-0.0223556288	-0.0024193301	-0.013227404	0.039401852	0.0410908255	0.014857921	-0.0095091118	0.0517361491	0.0056643825	-0.1401071259	0.0631014821	-0.0823542984	0.0398784381	-0.0936540863	0.1178501802	-0.0440277718	-0.0620302238	0.0415073488	-0.0273314007	-0.0070190974	-0.0400558878	0.0030913065	-0.1046098785	-0.0787955796	0.0366254316	0.0379146841	-0.062159976	0.0800444106	0.1094948247	-0.0190191276	-0.0240273222	0.0572742269	0.0567976701	0.013947911	0.0062420571	0.0180125334	0.1190413904	0.0247610327	-0.1544267659	-0.0773051178	-0.010227298	0.0056732891	-0.0146335145	0.0196951457	0.0047253849	-0.0461480838	-0.0062416522	0.0679241059	-0.0586163596	-0.0725622749	0.0733974756	-0.0730614246	0.0178567413	-0.0417733878	-0.0180336278	-0.0907301974	0.0567225432	-0.0635370583	0.0736602141	-0.0108113669	-0.0347939359	-0.0452151858	-0.0366568493	-0.0136971625	0.0389475721	0.0251720529	-0.0052842946	0.0016598275	0.0762426597	0.168601149	0.0299619762	-0.0649817035	-0.0336605787	0.0344246282	-0.0201406538	-0.0931589894	-0.0130897507	0.0127725279	0.0375602191	0.0158093091	0.0572466812	0.0163323908	0.0342994338	-0.015079517	0.0082711278	0.046719506	0.0096041161	-0.0137624561	-0.0179984134	0.0598425129	0.1184480044	-0.0375326184	-0.0023745306	0.0082126115	0.0442199858	0.1104021877	0.0898339129	0.0521389102	0.0044218599	0.0647420505	0.0446874333	-0.1481354499	0.0436767727	0.1251662757	-0.0358819208	-0.0337697805	-0.0045308173	-0.0042273112	0.0593553073	0.0126575812	0.0882466163	-0.0315706397	-0.0486429017	0.0242148559	-0.0961696692	0.0039513648	-0.0629424879	-0.0039433254	0.1162227017	-0.0526034435	-0.1269422579	0.0286228958	0.0680160405	0.0812644423	-0.0762777612	0.0205965933	-0.0084043736	0.0138738024	-0.0284661723	0.0199204428	-0.0508223229	-0.1171080193	-0.0088592934	-0.0386621552	0.044713397	0.0334272286	-0.0195672717	-0.1346111295	-0.0069810679	0.0125293991	0.0633142823	-0.0412215856	-0.0070565254	-0.0296812069	0.0032690821	-0.0364873137	0.0403974912	-0.0712608454	0.033286394	-0.0185914791	0.0575882326	0.0007319432	-0.0096913067	0.1888328929	0.12893855	0.0235089221	0.0164731839	-0.0657103162	0.0493094073	-0.0086210495	0.0096938741	0.0769079102	0.0091368644	0.0720771819	0.0358004188	-0.0117820532	-0.0556437736	-0.0819332888	0.0	0.00762322	0.00519122	2.69487650884e-05	5.81134831684e-05	0.0100747	0.0222812	0.00049645187344	0.00010149958009	0.367913	0.002116	0.1353599755689999	4.477456000000028e-06	0.00206649	-0.00043539	4.270380920099999e-06	1.895644521000003e-07	-0.000516507	6.971799999999997e-05	4.860599523999996e-09	2.6677948104900004e-07	0.00025906	-0.000179545	6.711208359999999e-08	3.223640702500001e-08	0.0
4858.680693647048	7.9266998863731715	62.83257108862845	23606778.082818564	9558.152362586208	10.357736322868732	107.28270173407428	91358276.58641233	4811.254843086027	2.151279901165253	23148173.16511875	4.628005213157582	4970.319532291954	7404.476880330527	1.134916	36.084675	0.0241629599999999	0.0179184	-0.0429389023	0.0449840463	0.0544878427	0.0688892412	0.0229445194	-0.0457860851	0.1105394224	0.0100602423	0.0291483024	-0.0224687431	-0.0437918882	0.0134588503	0.00386113	0.053317301	-0.0196142151	-0.01980466	-0.0186182214	-0.0346441002	-0.033191191	-0.0189935683	0.0110132213	-0.0598951981	-0.0792672294	0.0438851631	-0.0470848565	0.0363744475	-0.0591148974	0.0743839303	-0.0245759293	-0.0719574735	-0.0164796894	0.0007554908	-0.0356954426	0.1058434402	-0.1129242841	0.1046352163	-0.0513851103	0.0342781529	-0.0178925015	-0.0127627433	-0.0221931407	-0.0574974633	0.0424018079	0.0183391673	-0.0435569196	0.1285219198	0.0098394678	0.0646514883	-0.0929363638	0.0174793984	-0.0283025925	0.0255889744	0.0936244796	0.1280232164	0.0503021172	0.0993629928	-0.0015366707	0.079794497	-0.0309358233	-0.1070939197	0.0242082102	-0.0063475634	-0.0653678739	-2.31102e-05	-0.0017133395	-0.0979084261	-0.0632024019	-0.1039279809	-0.0082739442	-0.1088729461	-0.0412065264	-0.1146930084	-0.1424076884	0.118081281	0.0199666483	0.047819589	-0.0581733856	-0.073084475	-0.037767591	-0.0668555111	-0.0512345067	-0.0025619781	-0.0730434226	-0.0064681945	-0.0594999745	0.0551847064	-0.0099502448	0.0429950536	-0.1158529215	0.0398425622	0.0141610626	0.0738022326	0.0608599721	-0.0640650775	-0.0341663937	0.0856689846	-0.0220635713	-0.0850612559	0.0273757174	-0.0329396651	0.0157660184	-0.002804871	0.0029086461	-0.0525950079	0.0149749735	0.0567730088	-0.0910132847	0.0336092494	-0.0395936559	0.0418362653	0.0615455594	0.0198433236	0.0116484196	0.0239287137	-0.010414554	-0.0851808207	-0.0345312534	0.0284969289	-0.045876371	-0.0098307253	-0.1696859605	-0.0022567759	0.0690416637	-0.0349060741	0.0408423982	0.0109524326	-0.0669987285	-0.1019585182	0.0124435743	-0.0931054507	-0.0535323554	-0.0838129055	0.0217812255	-0.0675830995	-0.0693978251	-0.1212019201	-0.0960269882	-0.0251558347	0.0694183014	-0.0789848249	0.0334469232	-0.0464710219	0.0219491416	0.0969764936	-0.0887653172	0.0360548913	0.0217837401	0.0836454077	-0.0692527055	-0.0937988833	0.0007916148	-0.002864884	0.0316993311	-0.0846111741	-0.1632397879	-0.0392373365	-0.0167703143	-0.0106253901	-0.0143160111	0.0176367657	-0.0350537768	-0.0749292906	0.0812287119	-0.0861971397	0.091411514	0.0705043077	-0.0669833269	0.0209418404	0.0318700248	0.0584368852	0.0544638754	0.0601882732	-0.0855405192	-0.1243479032	-0.0281490258	0.0196362698	-0.1063716749	0.0429525461	-0.0149390452	0.0647245044	-0.0230404919	-0.0509558396	-0.0905941249	0.0715412097	0.0340017607	-0.0147012178	-0.0585774616	-0.0832214302	0.0	0.00857968	0.0009564599999999	9.148157315999984e-07	7.36109089024e-05	-0.00709195	-0.01716665	0.0002946938722224	5.02957548025e-05	0.36269	-0.0052229999999999	0.1315440361	2.7279728999999768e-05	0.00206087	-5.620000000000017e-06	4.247185156899999e-06	3.1584400000000196e-11	-0.00052711	-1.060299999999998e-05	1.1242360899999955e-10	2.778449521e-07	0.000258946	-1.1399999999995181e-07	6.705303091600001e-08	1.2995999999989012e-14	0.0
4854.202056475304	-4.4786371717445945	20.05819091613242	23563277.60508907	9579.650820353383	21.49845776717484	462.1836863670002	91769709.83989725	4802.070025462244	-9.184817623782692	23059876.52944296	84.36087478214914	4963.806246658561	7463.014708062457	1.089359	34.636185	0.0570939699999999	0.0350455	-0.0355971829	-0.014379003	0.0062072942	-0.0452500441	-0.0087533681	0.0486554983	-0.0014256027	0.022503648	0.0248171464	0.0228063655	0.0070498851	0.0544639773	-0.0079745719	0.0317765942	0.0637700832	-0.0152739347	0.0320816404	0.038541939	0.0481307367	0.0012304657	0.0172674363	-0.0363104338	-0.0572535155	0.1147041075	-0.0208377902	-0.1374814107	0.0220844391	0.0013945297	-0.0078656952	-0.0064164304	-0.0249390555	0.133793063	-0.1305039224	-0.0324719926	0.0942154592	-0.0503677898	-0.0732186585	0.0378738013	0.0597510428	-0.0668118541	-0.0130030514	0.0317630256	0.0304001644	0.0171125089	-0.1167529407	0.0627149429	-0.0416094154	-0.1463126285	0.024616621	-0.0986083489	-0.0830512211	0.0206555045	0.072411249	0.0122887218	0.0449331188	-0.0336209748	0.0601298948	0.0158096866	0.0818463844	0.0333724807	0.0191957562	0.0392137193	-0.0380896538	0.0931986724	-0.0260905626	-0.0661607025	0.0170489797	0.0080218092	-0.176025385	-0.0769610973	0.0101117935	0.0203582656	0.0184046527	0.0263147942	0.0819763006	-0.060464959	0.0185175352	0.0576471265	-0.0187670932	0.1130153773	0.0505750392	0.0279815121	0.0517361106	-0.1075390878	-0.0091636959	0.0341528021	0.0222576684	0.0965774244	0.0217508698	0.1464730702	0.0804913741	-0.0348419174	-0.0892006001	-0.0640526574	0.0359456737	0.102856199	0.0740189506	-0.0102022179	0.0388057571	-0.0156347598	-0.0918905429	0.0006697031	0.0082731809	0.0112328895	-0.0042722312	0.0448188424	-0.07069818	-0.1378078086	0.0489641693	-0.0128891874	0.0980657573	0.049846692	0.0583188735	0.0332976013	-0.0614633259	0.0482174227	-0.1593137337	-0.1333377236	0.0949290067	0.03393406	0.0223719589	0.0688389221	0.0137374184	0.0645311011	-0.0058851926	0.0577217202	0.05768731	-0.1017158546	0.0463504926	0.0634739374	-0.1054767583	0.0403663463	-0.0668200198	0.0385434516	-0.1221508075	-0.0582892735	-0.004059203	0.0607362501	-0.0740847846	-0.0443475944	-0.038317932	-0.067651053	-0.0143195944	-0.0040155271	-0.0371930582	0.0457616168	0.0033020186	-0.0636776425	-0.1288699607	0.0303390382	0.0659118856	-0.1208964537	0.0613715532	0.0555369694	0.004034958	-0.0198410593	0.0540805006	-0.0021794275	-0.0444998523	-0.0321139577	-0.0293383709	0.0661451894	-0.0437270662	-0.0170435263	-0.1225682653	-0.0550128091	-0.1084190931	0.002566507	0.0570865065	-0.0438017382	0.0845235785	0.0186909888	-0.0486253671	0.0193986809	0.0887425479	-0.0866526121	-0.0642054724	-0.0474954363	-0.0128299187	-0.0172785771	0.1020877972	-0.0080592139	-0.0181163418	0.0709957637	0.0321850925	-0.0176028627	-0.0613870563	-0.0842341297	0.0	0.0113137	0.00273402	7.474865360400001e-06	0.0001279998076899	0.013274	0.02036595	0.0004147719194025	0.0001761990759999	0.390457	0.0277669999999999	0.152456668849	0.0007710062889999	0.00204313	-1.7739999999999596e-05	4.174380196900001e-06	3.147075999999857e-10	-0.000603741	-7.663099999999996e-05	5.872310160999994e-09	3.64503195081e-07	0.000228777	-3.016900000000003e-05	5.2338915729e-08	9.101685610000017e-10	0.0
4859.058955560005	4.856899084701581	23.589468718975056	23610453.93360789	9556.595392619594	-23.055427733788747	531.5527479879553	91328515.49823806	4824.081179835215	22.01115437297085	23271759.22964032	484.4909168307538	4983.582827985594	7431.285127521603	1.088061	34.594898	0.108421375	0.0586239	-0.0463710721	0.0262094129	0.0685653176	0.0514932187	-0.0113105793	-0.0520839404	0.0870597681	0.0166153962	0.0352574119	-0.0169198934	-0.0240953614	0.0329232568	0.044203041	0.0303491826	-0.0003079131	-0.0368385465	-0.0573949914	0.0543070833	-0.0102318349	-0.0912119467	-0.0338990183	-0.05411436	0.0470810888	0.0947575467	0.0129860727	-0.0658851581	0.0524901449	-0.051147739	0.0375267458	-0.0165457255	0.0182685962	-0.0352525937	0.060429657	0.002541519	-0.0248151236	-0.0700226487	-0.0060635768	0.0073016459	0.0135514164	-0.0033020142	-0.0966736231	0.1247566858	0.0205932685	0.0985321849	0.0984804301	-0.120155449	-0.0153537404	0.0356253121	0.0590489273	0.004007854	0.0025772663	0.052193141	-0.1150769476	0.0752485563	0.145019988	0.0148585542	0.0172017705	0.0648340822	-0.0128964205	-0.0165485034	0.0198830127	0.0225970654	0.036939289	-0.021083727	-0.0745169631	-0.0109800129	-0.0135513286	0.0893395795	-0.0764189123	0.0197858954	0.0468520527	0.0570161844	-0.0592263979	-0.0604375203	-0.0449905985	-0.0064772642	-0.0154063574	-0.024981563	-0.0165193236	-0.0281423656	-0.09290328	-0.076693595	-0.0326773439	-0.0449708481	0.0158830997	0.0064829105	-0.1124033983	0.0056175738	-0.0675389165	0.0106857879	0.0741532863	0.0188134812	0.0372520214	0.0188120788	-0.0283084537	-0.0114338163	-0.1218217513	-0.0534964021	-0.0571394007	-0.0504826524	0.0201916194	0.0170898762	0.0787364069	-0.0583330069	-0.0625179789	0.0672520497	-0.0040752708	-0.0706913522	0.0636870994	-0.0224074521	0.0108108342	-0.0524144127	-0.0462597865	-0.0701077516	0.09781174	0.0057483731	0.0127378679	0.0048238897	0.0519897222	0.0073727829	0.0004764833	0.0168525356	-0.031411561	0.1060488122	0.1154509169	0.0157859114	0.0514749703	0.1016636613	-0.1039224287	0.0267025199	0.0578147318	0.0895019843	0.0411234458	0.0063088771	0.1216687986	-0.0883471298	-0.0831760456	0.084863108	0.0590100194	-0.0488110364	-0.0182774116	-0.0111881804	0.0786788736	-0.022690678	-0.0184626674	-0.0543215305	-0.0271197208	-0.0872042584	-0.0026204915	-0.0007007969	0.0065200829	-0.0639646505	-0.0064753216	0.0002673681	-0.0026682943	0.0363978446	0.0375697472	-0.0006172866	0.0648250816	-0.0001216367	0.0731551686	-0.065787415	0.0794374424	0.017366835	0.034197478	0.0040250595	0.0828147125	-0.0455202982	0.1003050175	-0.017681645	-0.0302824745	0.0254258595	0.0308821961	-0.0311527229	0.0253668604	0.0325801626	-0.0552613248	0.0084041611	0.0139684988	0.1080173192	-0.07492762	0.0592455246	-0.0785807245	0.0704409161	0.0303513764	-0.0204835299	-0.0640666057	-0.0849680357	0.0	0.016019	0.0047052999999999	2.213984808999999e-05	0.0002566083609999	-0.0141389	-0.0274128999999999	0.0007514670864099	0.00019990849321	0.347371	-0.043086	0.120666611641	0.001856403396	0.00231379	0.0002706599999999	5.3536241641e-06	7.325683559999992e-08	-0.000806301	-0.00020256	4.1030553600000035e-08	6.501213026010001e-07	3.76535e-05	-0.0001911235	1.41778606225e-09	3.652819225225e-08	0.0
4849.812566104538	-9.24638945546758	85.49571796218203	23520681.92634548	9579.948927883896	23.35353526430117	545.3876093409584	91775421.4608638	4807.02326274082	-17.057917094394725	23107472.648531403	290.97253559924377	4968.465730668518	7469.300888437485	1.086237	34.536919	0.123744055	0.0726715	-0.0224696456	-0.0021564586	-0.0125690407	-0.0381048238	-0.0228147468	-0.0030570536	0.034043939	-0.0011472441	0.03228862	0.0449771394	0.0210132619	0.0282031241	-0.0771364208	0.0342815156	-0.0144181802	-0.0294906638	-0.0539643935	0.0506426052	-0.0041002669	0.025349531	-0.0289207534	-0.0378905742	-0.0211053916	0.0083618226	0.0174894093	0.0974931082	0.0907334272	0.0808298445	-0.0500393253	0.0305081543	0.0365008374	-0.0077818148	0.0090917506	-0.0806955848	0.0475585884	-0.1037767468	-0.1107478786	0.0200898188	0.0006883988	-0.0451284007	0.0135057999	-0.0548237182	0.0410992442	0.0840525028	0.04323733	0.0277679461	-0.0549986721	-0.0032144537	-0.0086327737	0.0676173269	0.0017782593	0.0102980788	-0.0322643077	-0.0784759392	-0.0178756593	-0.0472538715	0.0368771752	0.0776723874	-0.0157991841	0.0401614732	0.0032770498	-0.013770751	0.1721847402	0.0371113668	-0.0428873806	0.009246185	0.0444062185	-0.0356094519	-0.0130908057	-0.0377076731	0.0396334518	-0.0394721348	0.0108299093	0.0802722342	0.0750106473	0.0267474502	0.0838283221	-0.0697519259	-0.0409139975	0.0290272139	0.0075178633	0.0559935722	0.0341504241	-0.0703669608	-0.0448434283	-0.094197701	0.0211831941	-0.0643091046	-0.0111361667	-0.0674414272	0.0547351543	0.0728998705	-0.035605435	-0.0804521465	-0.0848957704	-0.0315109683	0.1564746769	-0.1508350917	0.085360993	-0.131312914	0.054034692	0.0044544983	-0.0078682631	0.0426141972	-0.0029210963	-0.0387687231	-0.0271957148	0.0270234125	0.0656856608	0.1703791073	0.0208972323	0.070162726	-0.019764414	-0.0072530297	0.0271345283	0.0705875592	0.0072591995	-0.0497556516	0.08553866	-0.0140997932	-0.0232258383	-0.0020826143	-0.064279318	0.0647779978	0.0395651805	0.0303975183	-0.0484070812	0.0354780358	-0.0071814121	0.06661997	0.0600011644	-0.0849812476	0.0167028789	-0.0172492348	-0.0055960361	0.0370310665	0.0471401405	0.0248194148	-0.0390008614	-0.0622136546	-0.0160246643	-0.0548011095	-0.0019634331	-0.0535630875	0.0439152259	0.0278950411	-0.153213106	0.101082576	-0.0385619604	-0.0539514549	0.0093990675	-0.041984378	-0.0650744895	-0.0641608259	0.0243789001	-0.095753351	0.0646689536	-0.057245384	-0.023901051	0.0947877894	-0.0357927992	0.0194687398	-0.0070392308	0.0673999371	-0.0352443981	-0.052111229	-0.0344744804	-0.0638366139	-0.0530302662	-0.03281832	-0.101003466	0.0109837392	0.0044882801	-0.0301299043	-0.0002130449	-0.0135091697	-0.044036481	-0.0135119758	0.0971902542	-0.0236466309	0.0154839511	-0.2572359547	-0.0580824476	0.0698767404	0.0285015838	-0.0233397865	-0.0666104333	-0.0854207191	0.0	0.0071759	-0.0088431	7.820041761e-05	5.149354081e-05	0.0087087799999999	0.0228476799999998	0.0005220164813823	7.584284908839826e-05	0.396698	0.049327	0.157369303204	0.002433152929	0.00167812	-0.00063567	2.8160867344e-06	4.040763489000001e-07	-0.000684711	0.00012159	1.478412810000002e-08	4.6882915352100006e-07	0.000134919	9.72655e-05	1.8203136561e-08	9.46057749025e-09	0.0
4851.917624363572	2.105058259034194	4.4312702739280745	23541104.63360985	9573.290193840648	-6.658734043247023	44.338739058696845	91647885.13548551	4810.061614827039	3.038352086218765	23136692.738432504	9.231583399829924	4971.378882895856	7422.2920038630145	1.101333	35.016899	0.17664663	0.0950097	-0.023704144	-0.0388598571	0.0853998983	-0.0081022471	0.0197122036	-0.0184252261	-0.1062805094	-0.0050275955	0.0353768374	0.0236637066	-0.0250876262	0.0810291529	0.0208872503	-0.0717425983	-0.0759957388	0.0023326367	-0.0234975199	0.0457528058	0.0617516178	-0.0226323172	-0.0150732405	-0.0175996529	-0.0395607535	0.0459765859	-0.0538973321	-0.0239864621	0.0602519209	-0.135882149	0.1716887163	-0.0650410888	0.0648331574	0.044171526	-0.0151986945	-0.0127773496	0.0380534827	0.0146599377	-0.0860266136	-0.0732191356	-0.0068389621	0.0328709935	-0.0025799849	0.025063899	0.0410249356	-0.0328887161	0.0242995448	0.0182916076	0.1024994215	-0.0724692711	-0.0243477407	0.02608953	0.0353427427	0.0699757332	-0.0407182391	-0.0414839528	-0.0282396248	-0.0124588105	0.0916005478	0.0133144803	-0.0972557301	0.0531411797	-0.1169449411	0.0173430423	0.05636165	0.0595982629	-0.0040167317	0.1298976931	0.0241995049	-0.0450524341	-0.0195234423	-0.0472862825	-0.0560365943	-0.1011900781	0.080273194	-0.0194209941	-0.0017434704	-0.0772999663	0.0084451638	0.0906102089	0.0024656858	-0.0497718862	0.0652394544	0.0650861254	0.003226337	0.0755362441	0.0779601196	-0.0964984135	-0.0258373877	-0.0393822672	-0.0655057828	0.0837338194	-0.0947149306	0.0294597749	0.0145243041	-0.0448141479	0.0454271272	-0.0192888804	-0.080271988	0.0484750872	-0.0013311431	-0.0702249873	-0.0634067284	0.0143840216	0.0307310425	-0.0292854415	0.0166775849	0.0276810979	-0.0556861351	-0.0399198953	0.0943327016	-0.0518054612	0.0068921532	-0.1741116029	0.1098458331	-0.0708489943	0.0209519647	0.0839097326	-0.0540052791	-0.0613134411	-0.0312915384	-0.0485905168	0.0472359856	-0.0878104363	-0.0019895164	0.0063701245	0.0189413481	0.016157856	-0.0302170668	0.0108343226	0.0162253944	0.0112121135	-0.1072670956	-0.0162209643	0.0348585523	-0.0807713432	-0.0053912066	0.0670300026	0.0358670872	0.0376567645	0.0242316628	-0.0061364097	-0.1354257347	0.0537836308	-0.0198248449	-0.0924961639	-0.0612065682	0.0394627766	-0.0752211008	0.0711368797	0.0625364426	-0.0199991266	0.0568317261	-0.030021155	-0.0406547719	0.1110234124	0.0326014079	0.000412638	-0.001702806	-0.0208677781	-0.1176964845	0.0114897709	-0.0505297286	0.0660083567	-0.0442533346	0.0960932729	0.0524321089	0.0222158302	0.1153261735	0.0191992781	-0.0612279844	-0.0121957907	-0.0024443265	-0.0097281581	-0.1266559766	0.0393770126	-0.0437791428	0.0795483426	-0.0055494098	-0.0137566206	-0.081047252	-0.016041025	0.0299468114	0.0771097467	-0.1026275619	0.0693033112	0.0266366943	-0.0261682287	-0.0690131503	-0.0855906817	0.0	0.019349	0.0121731	0.00014818436361	0.000374383801	-0.0142839	-0.0229926799999999	0.0005286633335823	0.00020402979921	0.330892	-0.0658059999999999	0.109489515664	0.0043304296359999	0.00246486	0.00078674	6.075534819600001e-06	6.189598276000003e-07	-0.000979844	-0.0002951329999999	8.710348768899996e-08	9.600942643359998e-07	-0.000296705	-0.000431624	8.803385702500002e-08	1.8629927737600006e-07	0.0
4867.305973694486	15.388349330914023	236.80129513024207	23690667.44156203	9583.208529385653	9.918335545004084	98.37337998329146	91837885.71768992	4809.8115601798245	-0.2500546472147107	23134287.24443948	0.0625273265936734	4969.508127062351	7413.431493498062	1.221977	38.852753	0.1716726999999999	0.0908425	-0.0299030566	0.0132499189	-0.0753239122	0.0239944519	0.0472512308	-0.0290963507	0.0531414621	0.0712335913	0.0087307751	-0.0726416653	0.0138236615	-0.0850545653	-0.0111877669	0.0053454651	-0.0522982953	0.0648347111	-0.0526382967	0.0476751241	-0.0140010579	-0.0210009814	-0.0371353495	-0.0103301209	0.0246972859	-0.0426044338	0.0482285286	-0.0147181304	0.0315910309	0.0144032736	0.0292603858	-0.091846899	0.0246982896	-0.0737841851	0.0180469718	-0.0377485111	-0.072108546	0.0233578732	-0.0720645002	-0.0248723353	0.0677825733	0.0013822539	-0.071077858	0.0115443229	0.0139653898	-0.0446074007	-0.0106032837	0.0764404374	0.0019593035	-0.0267534241	0.0131091045	-0.0763099648	-0.0073001672	0.0275016491	-0.0607121446	-0.0018905396	-0.0219381393	0.0422205859	0.0129826555	-0.0420482468	0.1204156738	0.0445010988	0.0109296589	0.0755256434	0.0276051452	0.0126639617	0.0022746962	-0.0031178045	-0.0171967114	0.0413513255	-0.0159209513	-0.0620736531	-0.0834210564	-0.0604782119	0.0194252031	-0.0088108014	-0.0090098199	-0.0188942444	-0.0340159875	0.0194462604	-0.075857825	0.0334398996	-0.0582218287	-0.0421862463	0.0094851493	-0.0247460283	-0.1084565739	0.0689276015	0.0761027814	0.0176681405	0.0913779365	-0.0095796104	-0.0579609268	-0.0016620311	0.0268811702	-1.384e-06	0.0365739598	0.0305131863	-0.0201332452	0.0413337365	-0.1447587514	0.0299401118	-0.0684906702	0.0374754177	0.0389848409	0.0113196437	-0.0162288825	-0.037906151	0.0213778696	0.0015139268	-0.0073808365	0.0474776764	0.1160506615	-0.1166481428	-0.0274799313	-0.0525910705	0.0311871201	-0.0089121267	0.042963994	-0.0125653592	0.007757437	-0.0846747145	0.0013000826	-0.0110681642	0.0802234398	0.0361056107	0.001083148	0.0033749977	-0.0096349118	-0.0829602927	0.0421646286	-0.0218512572	-0.0332111053	0.0135104154	-0.0171348279	-0.0148787401	0.0268303517	-0.0946872184	0.069212565	0.0230569801	-0.0406475056	-0.0215513945	0.0184931566	0.036861521	-0.0319549731	-0.0467049529	0.029850889	0.0535203183	-0.011213832	-0.0360874508	0.026936148	0.055806492	-0.0588282357	-0.0627583387	0.016453991	0.0437640764	-0.020440678	0.0214698198	-0.0186216339	0.0264251536	-0.035867793	-0.0090646265	-0.0017967631	0.047378642	0.0425854131	-0.1366699835	-0.0222867791	-0.0247644809	-0.1188742563	-0.0248350042	-0.0095392274	0.0567746468	-0.0362353553	-0.0090973293	-0.0144736129	0.0084308225	-0.0493372132	-0.02607769	-0.0048681908	0.0017620622	0.0387915802	-0.0687494351	-0.0194363134	0.1303809846	0.0066368093	0.0687207046	0.0247576959	-0.0289654857	-0.0712696665	-0.0854773608	0.0	0.0159843	-0.0033647	1.1321206090000013e-05	0.00025549784649	-0.0512588	-0.0369749	0.00136714323001	0.00262746457744	0.409675	0.0787829999999999	0.167833605625	0.0062067610889999	0.00276844	0.0003035799999999	7.6642600336e-06	9.216081639999996e-08	-0.000355346	0.0006244979999999	3.89997752004e-07	1.26270779716e-07	-0.000419629	-0.0001229239999999	1.76088497641e-07	1.5110309775999987e-08	0.0
4865.012362208806	-2.2936114856802305	5.260653647244275	23668345.284444503	9639.85371077688	56.64518139122811	3208.676574845135	92926779.5651788	4804.277521306818	-5.534038873006466	23081082.501733985	30.625586247946675	4964.282595198675	7519.19156219813	1.157731	36.810074	0.25680891	0.124407	-0.0306334152	-0.0046268294	0.0202577889	-0.1026716297	-0.0087064182	-0.0289454534	-0.0616487852	-0.0124041014	0.0812596006	-0.0072387499	0.0311369389	0.0698726066	0.0134817637	-0.061632981	-0.0143268444	0.0616163286	-0.0035035414	-0.018632415	0.0486176376	-0.0092763189	0.0332860596	0.0767628619	0.0139372475	0.0377619396	-0.0056917584	0.0878692901	0.0424594843	-0.0983229576	-0.0004865034	0.0644468461	-0.0836257652	0.0650341805	0.0157192657	0.0264131157	0.0039155687	0.0384371496	0.0270550275	-0.054775086	-0.018826456	0.0332593501	0.1272865476	-0.0012296329	0.0401185632	-0.1277696073	-0.0803079045	-0.0081747218	-0.0151363469	-0.0546656149	-0.0117044453	0.048543737	0.0404718761	0.1429288504	-0.0016240942	-0.0713458084	-0.0193684419	-0.0109796168	-0.0280612427	0.0286641934	0.0465625657	-0.0055908605	-0.0939942893	0.024084388	0.0556956193	0.1272520948	-0.0033857045	-0.013222518	-0.0723146877	-0.0195971325	-0.0762049695	-0.0349894026	-0.0472930525	0.0211569639	0.0866972216	0.041559538	-0.0019884554	-0.0629890629	0.0548918048	-0.1430117173	-0.0634106339	-0.0238911834	0.0057790445	0.1189574877	0.0069638489	-0.0845029266	-0.0701687584	0.1011140436	0.0366840044	0.0118810535	-0.0973660723	0.0338006716	0.1349413583	0.0205209349	-0.0472860895	0.0465446596	0.0175805798	0.012306922	-0.1081330158	-0.0679925001	0.0451180034	0.0460548596	-0.0436710411	-0.035191139	0.003777727	-0.0007525561	0.0272304493	0.0207507971	0.0697523612	0.0531086613	0.1119990703	-0.0451157872	-0.1286204879	-0.0324514726	-0.0162117048	0.0772028714	-0.0304937659	0.0012105779	-0.0128146529	-0.0483327472	-0.050373266	-0.0511652229	0.0649455036	-0.0150393011	-0.0380764408	-0.0944867656	-0.1146121324	0.0326714344	0.0216542059	-0.0034054734	0.0151840307	0.0374555995	-0.0417650168	-0.0499992832	-0.0179763387	-0.0937914921	-0.0607189881	-0.0418382759	0.0317340815	0.0971966463	-0.0094123818	-0.0241530288	0.0537556274	0.0538392973	-0.0265795581	-0.0793527662	-0.0984288467	0.1040686302	-0.0655069698	-0.0784506213	-0.0308354098	-0.072944943	0.0280903871	-0.0532233029	0.0174089665	0.0592381566	0.0011671521	-0.0739350764	0.0313814941	-0.0454536114	-0.0750109425	0.1536034788	0.0624435473	-0.037009755	-0.030684824	0.0689415022	0.011531296	-0.0587280009	-0.1659255449	-0.04765673	0.0841042323	0.0634505235	0.024482613	0.0967036415	0.0595555217	-0.0110719939	0.024409521	0.014840735	0.0147224589	0.0270805935	-0.0310574861	0.0730039327	0.0009616594	0.0634138223	-0.0119509857	0.0681289976	0.0228655838	-0.0317282239	-0.0733752016	-0.0850811316	0.0	0.0339943	0.0180099999999999	0.0003243600999999	0.0011556124324899	-0.00323104	0.04802776	0.0023066657306176	1.04396194816e-05	0.299931	-0.109744	0.089958604761	0.012043745536	0.0017114	-0.00105704	2.9288899600000005e-06	1.1173335616e-06	-0.000770212	-0.000414866	1.7211379795600006e-07	5.932265249440001e-07	-0.000270992	0.0001486369999999	7.3436664064e-08	2.209295776899999e-08	0.0
4853.538040219914	-11.47432198889146	131.6600651047581	23556831.507861767	9587.021988718134	-52.83172205874689	2791.190855692683	91910990.612165	4800.420108011244	-3.857413295573679	23044033.213398688	14.879637332868588	4961.213637239009	7481.126529661047	1.188794	37.797718	0.20051631	0.102282	-0.019556024	0.08338806	-0.0432657345	0.0283254048	-0.0214109738	0.0086090532	-0.0597597222	0.0236922842	0.0327317367	-0.0487019306	0.0381701223	-0.0677224622	-0.0398835955	0.0351901633	-0.0421129032	0.0291517445	-0.0384336933	0.0252846522	0.0292081181	0.0281742766	0.0244482426	0.0474274976	0.0358057762	0.090669642	0.0664544686	-0.0162383756	-0.0641110395	0.0098176535	0.1236443478	0.0575169712	0.0284639581	0.0239768436	0.0393393971	-0.0135127688	0.0367184934	0.0005365194	0.0346041156	0.0066657529	-0.0354969873	0.0090418137	0.1131463557	-0.0441007466	0.0491544781	0.0721195253	-0.0622296422	-0.0034095136	-0.0489571102	0.0514894975	-0.021915365	-0.0656314891	-0.1828720694	-0.0701097476	-0.081096339	-0.0031618165	-0.07571153	-0.1106498766	-0.0312106497	-0.0265710117	-0.0128809961	-0.0049666304	0.0460383331	-0.0142930283	0.025605761	0.0564228513	-0.0511829132	0.1264484032	-0.0147828755	0.0863441965	-0.0091594085	0.0716357165	-0.0227243893	-0.0796599709	0.017254896	-0.0027882062	0.0051454603	-0.0124649193	-0.091034112	0.0336766895	-0.0790623104	0.018357539	0.0875647601	0.0341312694	0.0125708394	0.0831164342	-0.1002816099	0.1007349728	0.0413613052	-0.0036400088	0.1160935361	-0.0389715667	-0.0942800965	0.026684228	-0.0100309123	0.0213557629	-0.0765618195	-0.0765529753	0.0181489084	-0.0802981626	-0.0328948151	0.1465615626	0.0383559351	-0.0110774	-0.0201335758	0.0273728179	-0.0219387555	0.1021490006	0.0993247008	-0.0054035808	-0.0184048262	-0.01468151	-0.0280494461	0.0156256683	0.0941121892	-0.0681187954	0.0148986486	0.0849301436	-0.0057098592	-0.0593455048	0.0178446872	0.0019949133	-0.0291765848	0.0760984867	-0.086311031	-0.1021207916	-0.0573827777	-0.0191343108	0.0106187666	-0.0889772503	-0.0116041604	9.316e-06	0.096897244	0.1019081519	0.0754968847	0.0495263734	-0.0278471583	0.0063540693	0.0940557677	-0.1010006928	-0.0512417587	0.0429264247	-0.0381820724	-0.0556967923	0.0522496949	0.0265944427	0.0230723653	0.0467513912	-0.1010549957	-0.0383987223	0.0958449217	0.0514821234	0.0428490034	-0.0396549761	-0.0923235117	0.0591424477	-0.0621301154	0.0656384029	0.0277393652	0.0955742853	-0.0539693235	-0.0018566607	-0.0461332032	-0.0029079176	-0.0407151525	-0.0396548095	-0.0196263783	0.0299212953	-0.0559052296	0.081033549	-0.0211575233	0.0833847007	-0.0285642098	-0.0332226399	0.0206045021	0.0707541747	-0.0339855738	-0.0151366209	0.0052349092	-0.0238725763	0.1550616894	-0.0967378951	-0.0397486871	0.0881373108	0.0299035426	0.0675282686	0.0209613602	-0.0344531511	-0.0753252952	-0.0844033055	0.0	0.0212924	-0.0127018999999999	0.0001613382636099	0.00045336629776	-0.0436859	-0.04045486	0.0016365956976196	0.00190845785881	0.391938	0.092007	0.153615395844	0.008465288049	0.00253072	0.00081932	6.404543718400001e-06	6.712852624000002e-07	-0.00060279	0.000167422	2.8030126084000023e-08	3.633557841e-07	-0.000391301	-0.0001203089999999	1.53116472601e-07	1.4474255480999994e-08	0.0
4850.068703056074	-3.469337163840464	12.036300356404595	23523166.424364027	9566.90196045506	-20.120028263074342	404.81553730691047	91525613.12095886	4807.976347268311	7.556239257066409	23116636.55589153	57.09675171003151	4966.932552873781	7465.600932758207	1.12906	35.898468	0.119521257	0.0607682	-0.008307268	-0.0107778725	-0.0259724829	-0.0828975634	-0.0046395461	-0.0050426955	0.0706610646	-0.027919574	0.0484718538	0.0624818543	0.0406010281	0.0589740393	-0.0466759566	0.0180373871	0.0865070831	0.0123240774	0.0054476274	-0.0954321066	-0.0284547827	-0.017640458	0.0066348349	0.0699452712	-0.0514324616	0.0075239069	0.0272693729	0.0445583498	-0.015420425	-0.1044810839	-0.0153156651	-0.0906929143	-0.0131220118	-0.04962203	0.0847483983	-0.0845329459	-0.0211310644	-0.0372702418	0.2309989021	-0.0259594898	0.0613403079	0.0075982881	-0.1062846445	-0.0200494279	-0.0725856679	-0.0951778897	0.0392822449	-0.0920250162	-0.1080541444	0.0102923017	-0.0504436655	-0.0999256751	0.0143629335	-0.1358729129	0.0757109603	-0.0301323144	-0.0364396276	0.107476348	-0.0680925108	-0.0269068212	0.0414777372	0.0221471758	-0.0071622746	-0.0270590492	-0.0089547276	-0.0366205697	-0.0071193318	-0.0156516403	0.0602216381	0.0437262041	0.0213932586	-0.1261085509	-0.0677571653	0.0174164318	-0.0050663935	0.0842124454	0.01801814	-0.0263345203	0.0169925903	-0.0222406689	-0.0011361857	0.0369899444	0.0328227375	-0.0133961988	0.0026866518	0.0742953926	-0.0276567403	-0.0559807933	0.0220527061	-0.1353251931	0.1425217027	-0.0894791282	-0.0641209339	0.0769865477	0.0168664037	0.0047387287	-0.0023926696	0.1364025271	0.013013172	0.0914390554	0.0359222403	-0.0810650057	-0.0164499822	-0.0454454316	0.0146725442	0.0082435064	0.108283031	0.0100193845	0.0443941808	0.0333100736	0.0527933435	-0.0421266018	0.0029329187	-0.0702028031	-0.0209764727	0.0278999389	0.0136445853	0.0593354567	0.0774005137	0.206375275	-0.0230188795	0.0674514447	0.1039521122	0.1297830997	0.0730420985	-0.014672663	0.0383220149	0.0013185409	0.0033048215	0.1011468221	0.0652273547	-0.0921485329	0.0365467036	0.0745536424	-0.1555601277	0.0805057093	-0.0255001247	-0.0385578637	0.0436847059	-0.0881705741	0.0102457232	0.0317646598	0.1017876447	0.0013214633	-0.0223259081	-0.0162329893	0.0492775664	-0.0814163326	0.0064263736	0.0458638638	0.0334265846	0.0282307115	-0.04719624	-0.0521005716	0.1253898656	0.0066381613	-0.0094837923	-0.0874010316	-0.0669694522	0.0084554068	-0.0564078412	0.0035156256	-0.0579622543	0.0153263737	-0.0097080088	-0.0720268126	0.0146872684	0.0115246966	-0.0226464125	0.0192088443	-0.1567905025	0.0333930666	-0.0848450329	-0.124654509	0.0358157759	0.0394162913	-0.1354467122	0.0653537961	-0.0108237668	0.0217752539	-0.0637733017	0.0645726458	0.0599608043	-0.0833546559	0.0133641006	0.0669185973	0.0190460337	-0.0371370197	-0.0771158161	-0.0834461259	0.0	0.0195634	-0.0017289999999999	2.989440999999993e-06	0.00038272661956	0.00279545	0.04648135	0.0021605158978225	7.814540702500001e-06	0.366327	-0.0256109999999999	0.134195470929	0.0006559233209999	0.00210859	-0.00042213	4.4461517881e-06	1.7819373690000012e-07	-0.000494293	0.0001084969999999	1.1771599008999984e-08	2.44325569849e-07	-7.92986e-06	0.00038337114	6.288267961960001e-11	1.469734309848996e-07	0.0
4848.7236498105885	-1.34505324548536	1.8091682331907004	23510121.03223252	9595.080751336933	28.178790881873283	794.0442555643449	92065574.62467653	4807.232509720863	-0.7438375474475833	23109484.402517147	0.5532942969928358	4968.151303772018	7463.41355434618	1.188346	37.783466	0.0836537269999999	0.0494211	-0.0154138655	0.0644757295	0.0706345853	0.0598220224	-0.0973291819	0.0785968426	0.04986667	0.0320911541	0.0093019345	-0.0420375542	0.0815490868	-0.0850297268	-0.0069764724	0.0497637739	-0.0229004359	-0.0650599607	-0.0988301563	0.0161687872	0.0321401498	-0.0029626064	-0.03820161	-0.0212627001	0.0559287251	0.0420340635	-0.0840495943	0.0325056265	-0.0419252891	0.0504463199	-0.0923146761	0.0787037291	-0.0253008316	0.0047357197	-0.0387187337	0.078115107	0.0629071935	-0.0131177725	0.0450322211	0.1062286008	-0.0259671552	0.0752928658	-0.0267718031	0.0489882761	0.0615883727	0.0279069287	0.0355780082	-0.0544650623	-0.0952620798	-0.0505926907	-0.0289351605	0.0314634048	0.0592267963	-0.1219454125	0.0496339304	0.0321070798	-0.0735085942	-0.0499303626	-0.0057391874	0.0173226326	-0.0254414348	0.028449439	0.0054881544	-0.0430897752	-0.0925917256	-0.0928284381	-0.0423166607	0.0500533369	-0.0141388609	-0.0263353702	0.0213194886	0.0223328433	0.0403248751	-0.017495043	-0.022000413	-0.0747044678	-0.1209292728	0.032762366	0.0739662509	0.0200748364	-0.1222666542	-0.0408498054	0.0428517637	0.0155938822	0.0309768616	-0.0270407457	0.0325584601	0.0669468671	0.1222697853	-0.0864936711	-0.077110268	-0.0125464507	0.0675930929	0.0511140135	0.1909980211	-0.0869603922	0.04724806	0.0356863515	-0.0139009593	0.0889739888	-0.1090861176	-0.036637693	-0.0404281731	0.0021787986	0.0070324585	0.0164908362	-0.0840742716	0.0555053865	-0.0558541995	0.0515095587	-0.0070691082	-0.0134729468	-0.062101632	0.100454296	-0.0675939131	0.0069657469	-0.0017201658	-0.0925872298	-0.0035391854	-0.0038260297	0.0080719585	0.1355063448	0.04189772	-0.0262831525	-0.0369586327	-0.0170590535	0.0687337149	0.0216260474	-0.0038519818	0.052267478	0.0011573953	0.0496737163	-0.0424507645	-0.0369989951	-0.0713394577	0.0225499573	0.0301693783	0.0153404047	-0.0110644894	-0.1616715944	-0.0927518247	0.0211286701	-0.0118345322	-0.0881520742	0.0382480019	-0.0115248852	-0.0002428165	-0.0956403999	0.0656245424	0.0216822043	0.0584734889	-0.0181988177	0.0378716704	0.0182291848	-0.0241734403	-0.0008822839	-0.0368870794	0.1015654931	-0.0439255283	0.0414460187	0.0138219418	0.1091892281	0.105343762	0.0927511058	-0.0644819797	-0.0186132458	0.0205956199	-0.0444930648	-0.0087880715	-0.0810064668	0.004975115	0.1049950078	0.0814952889	0.0269816509	-0.0255301851	-0.1313601088	-0.0323945704	0.170727179	0.0023726361	0.0215059966	-0.012614597	-0.0061216322	-0.05511193	0.0691389321	-0.0257146829	0.0663000642	0.0171206189	-0.0397766315	-0.0787429712	-0.0822127608	0.0	0.0241179	0.0045544999999999	2.074347025e-05	0.00058167310041	-0.0146851	-0.01748055	0.0003055696283025	0.00021565216201	0.41289	0.0465629999999999	0.1704781520999999	0.0021681129689999	0.00222144	0.0001128499999999	4.9347956736e-06	1.2735122499999964e-08	-0.000603126	-0.000108833	1.1844621889000005e-08	3.6376097187600004e-07	-8.73604e-05	-7.943054e-05	7.631839488160002e-09	6.3092106846916e-09	0.0
4851.504711008545	2.78106119795666	7.734301386780134	23537097.960938107	9582.309232720918	-12.771518616014871	163.11168775921448	91820650.23148854	4809.698460030319	2.465950309456275	23133199.276418027	6.080910928707499	4971.964108992711	7492.603594064504	1.180589	37.536831	0.0301321049999999	0.0138214	-0.0086105109	-0.0164305127	-0.0381360269	-0.0917501712	-0.0589531658	-0.0104337016	0.017462437	-0.032457944	0.0173382187	0.1213200915	0.1005542075	0.0323899043	-0.0408660942	0.0411907735	0.0541375424	-0.0503892174	0.0466780456	0.0285638578	0.0840198958	-0.054759058	-0.0865339917	0.0183984853	-0.0162835175	0.0611913791	-0.032095387	0.017961162	0.0291350749	0.0822288565	-0.0045395158	-0.0278002075	-0.0345734595	-0.031417764	-0.0213684684	0.0546816193	-0.0239027575	-0.0297793104	0.0796668324	0.0101716061	0.1041436639	-0.0342279337	0.023300815	0.0884882319	0.109498644	-0.1259243838	0.0525680301	0.0145590827	-0.0217313658	0.0685483368	-0.0884496249	0.0425770199	-0.0438030598	0.0133030073	0.0843815605	0.025837266	0.0233883425	0.0454105258	-0.0150346641	0.1500192195	0.1633921132	0.0272144756	-0.0130866424	0.0350194447	-0.0902124677	-0.0312200597	0.0208021587	0.046543343	0.0500814603	-0.1509971534	0.0819600771	0.0417107327	-0.0284786543	-0.0199190602	0.0012915661	-0.0021508385	-0.0213594703	-0.026347119	0.0095540375	0.028652724	0.0258071034	0.0005601721	0.0015516477	-0.1292069823	0.0531026934	0.1059588429	0.1014428199	-0.0043863631	0.0154560246	-0.0421960708	-0.0541646751	0.0188562978	-0.1157750544	-0.0478628188	-0.0490090443	-0.0206376398	-0.0412301303	-0.0505684851	0.0771484311	-0.1019336339	-0.0568178221	0.0651082358	-0.0340190925	0.0005356109	0.0749585705	0.0496770333	-0.0171516474	0.1096504828	-0.044417792	0.0195084033	-0.016535638	0.0600545441	0.0039010125	-0.0375503635	-0.0115057381	0.0012718589	0.0347011947	-0.1458103467	0.0161714861	0.0149848728	-0.0076124805	0.0197732445	0.1029785508	0.0597529847	-0.0010744468	0.0276298877	-0.0726677475	0.0909445965	-0.0487891035	0.0750673878	0.0016758216	-0.1045135059	-0.0126188432	-0.0402933442	0.0332624947	-0.0098686182	-0.0526057221	-0.0942528581	-0.0519087749	-0.0172655622	-0.0205247957	-0.1540353806	0.128002495	-0.1080735128	-0.0844926075	-0.0613563248	-0.0414969367	0.0042851262	0.0800215582	0.0846499037	0.0040206773	0.0439628419	0.0464247992	0.1577268129	-0.0128140098	0.0562412892	0.0087644465	0.0191052492	-0.0557166947	-0.0109697608	-0.0258986835	-0.0673352454	0.0245005393	0.0138966234	-0.0738892937	-0.0891069079	0.0208492673	-0.0576741049	0.133186936	0.0700605166	-0.0540441306	0.0226336813	0.0208746288	-0.0490396955	-0.0976174942	-0.0663554419	0.0355092339	-0.075360613	-0.0014941247	-0.0254106859	0.0116558949	-0.0453034053	-0.1036811118	0.0075224824	0.0218730198	0.0656727513	0.0151861356	-0.0423688407	-0.0802033134	-0.0807072924	0.0	0.0213879	-0.00273	7.4528999999999986e-06	0.00045744226641	-0.0120071	0.002678	7.171683999999999e-06	0.0001441704504099	0.406858	-0.0060319999999999	0.165533432164	3.638502399999978e-05	0.00235466	0.00013322	5.5444237156e-06	1.7747568400000082e-08	-0.000697002	-9.38759999999999e-05	8.81270337599998e-09	4.85811788004e-07	5.93857e-05	0.0001467461	3.52666136449e-09	2.1534417865210003e-08	0.0
4840.194315498098	-11.310395510447051	127.92504660274082	23427481.0117801	9561.596899078224	-20.71233364269392	429.0007649262704	91424135.26046231	4810.22156852798	0.5231084976603597	23138231.538331777	0.2736425003244785	4970.129987367205	7472.785443164015	1.15792	36.816059	0.0475630349999999	0.0267884	-0.0087323158	0.015585671	0.0950807996	0.016745238	-0.0913961649	-0.0369961437	0.0849094522	-0.0057341469	-0.037443932	-0.0020785646	0.1182716017	0.011846676	-0.0012992719	-0.007446971	-0.0146269605	-0.0536254647	-0.0872005802	-0.0411206487	0.0145636432	-0.0318961987	-0.0017889001	0.0311763309	0.0975831447	0.0246431709	-0.0002487607	-0.084838692	0.0423030542	-0.1482995289	0.0566879417	-0.0134474966	0.0400070901	-0.1016136921	-0.0693216184	0.0700787914	-0.0289661264	0.0251498328	0.016630029	0.0440567942	-0.006666036	-0.0683260326	-0.095897322	0.0537875567	0.0425410131	-0.1097845524	-0.0777882494	-0.0334562192	0.0211359615	0.0785888087	0.0499674855	0.0106582526	0.0501578675	-0.0035617844	-0.0769738869	0.0480410563	0.0480084614	0.0394963551	-0.0202831956	0.1149120026	-0.0619217	-0.0037282589	-0.053922478	-0.0135987583	0.0509271134	-0.0103446731	-0.0343048881	-0.0303213304	0.027005666	0.0421047521	-0.122276789	-0.0172648185	-0.040153893	-0.0164981118	0.0188076591	-0.0951075299	0.0085535426	0.0092050474	0.0070422208	0.0245184946	0.0763090096	0.0301690143	0.0273133179	-0.0237941503	-0.0028254992	0.0273929844	-0.0063323417	-0.0038722814	0.0046321015	0.0505828335	0.0657955726	0.0727617188	-0.0576822347	-0.0332656671	0.1395725986	0.0345649525	0.0355642518	0.0069747963	0.0430193291	-0.021200132	0.0056825681	-0.0579568046	0.0349138122	-0.0232171243	0.028953255	-0.0033140286	-0.0476463969	0.0054260848	0.0615772025	-0.0378895123	0.0797023728	-0.1303340917	0.0156227859	-0.1076581867	0.0207289101	-0.1096579767	0.0027021679	-0.1386645458	-0.0011116743	0.0131216401	0.0183439183	0.0470804123	0.0068683001	-0.0462356295	0.0473908307	0.0443151415	-0.0550617901	0.1266957067	0.0704060773	-0.0343606169	-0.0106217679	-0.0560659085	0.0348919134	0.0076051118	-0.0262886823	0.025589273	0.0938098506	0.0318873934	-0.0804128167	0.0351577748	0.1585033926	-0.0114690223	0.0024804188	-0.0171526839	0.0038833293	-0.0476745727	-0.0509083152	-0.0471100506	-0.058002139	0.0017463172	-0.0506305438	-0.0210751051	-0.0078296119	-0.1014919786	-0.0101867379	0.1040139894	0.0285026233	0.0482320845	-0.0274967417	-0.0376726683	0.0590004279	-0.0541521178	-0.0518193611	0.0196422839	-0.025004104	-0.0436201607	-0.0292552179	0.0168150104	-0.0121003877	0.0551377265	-0.0167133074	-0.0239804476	0.0145588089	0.0160368886	-0.0408974237	0.073534348	0.0297203959	0.0825259252	-0.0348176464	0.0673764442	0.0282615739	-0.0164868323	-0.0380124641	-0.0621230519	0.0143097554	0.0650367418	0.0132436085	-0.0449105582	-0.081493749	-0.0789347034	0.0	0.0215385	0.0001505999999999	2.2680359999999177e-08	0.0004639069822499	0.00695547	0.0189625699999999	0.0003595790610048	4.83785629209e-05	0.415554	0.0086959999999999	0.172685126916	7.562041599999968e-05	0.0021364	-0.00021826	4.5642049600000005e-06	4.7637427600000035e-08	-0.000770278	-7.327600000000005e-05	5.3693721760000075e-09	5.93328197284e-07	-4.41556e-05	-0.0001035413	1.94971701136e-09	1.0720800805690002e-08	0.0
4838.012347055369	-2.1819684427291577	4.760986285065905	23406363.4702602	9569.95813251112	8.36123343289546	69.91022451936881	91584098.65801571	4802.873053589334	-7.348514938646076	23067589.56889453	54.00067180350455	4965.937912110812	7457.130874975322	1.165351	37.052349	0.0749018999999999	0.0423895	0.0159919502	-0.0286664925	-0.0696332571	-0.0621669622	-0.0703387741	-0.0466855763	0.0704941177	-0.0154323255	-0.0404650764	0.0757497051	0.120506522	-0.0106481866	0.0084899395	0.0047940533	0.0837607424	-0.0153676208	-0.0459936494	0.0291821311	0.0617795633	-0.0236202638	0.0038292212	0.0330412446	0.0438787337	-0.0229885441	0.0268349251	-0.0519558052	0.0058086262	-0.0332957531	-0.0273040569	0.0123786869	0.0242466241	-0.0636710915	-0.0004215745	0.0862199281	-0.0527454675	-0.0299096228	-0.069377605	-0.0456692821	0.0082225248	0.0635000908	-0.0132348518	0.0623437107	-0.0024261128	-0.0499054429	0.0493657638	-0.0436941331	0.0893822991	-0.0694596152	0.008236532	-0.0817437306	0.0212318164	-0.0484326069	-0.0343679425	-0.0677071225	-0.0192191212	0.0594711079	0.0658424312	0.0061171395	-0.0051095949	0.0313799686	-0.0967216542	-0.1129267617	0.1081303512	0.0339340871	0.0103834398	0.0063663714	0.0293074437	-0.1179867874	0.01076616	0.0571720446	0.1149961452	0.0364464454	-0.0525489831	0.0594568074	-0.0245775987	0.0786257197	0.0884297806	-0.1423071274	0.0807464752	0.0215032481	-0.0083719282	-0.0818967621	-0.0584367849	0.1140875965	0.001060095	-0.0284365652	-0.0151649025	0.0611811981	0.0227989896	0.1355819128	0.0098388473	0.0476035165	-0.119135994	-0.074527266	-0.0279135601	-0.1291268334	0.0459604546	-0.0025741164	-0.1064736067	-0.0052578084	0.048201435	-0.024122876	0.037127769	0.0398481862	-0.0136114831	-0.0150157772	0.0313944835	-0.028961635	0.0018896806	-0.0393111787	0.0516146858	-0.0395779161	-0.0413333254	-0.0323851029	0.0216553594	-0.1011804755	0.0474632818	-0.0675791773	0.0089090465	-0.0496100507	0.0047672979	-0.0547989528	-0.010832212	-0.016582311	0.0505526228	-0.0147157527	-0.0110696149	0.0624013152	0.0197113294	-0.052191994	-0.1043030032	0.1027053443	-0.0325346096	0.0329702554	0.0298380895	0.057023934	0.0674023668	0.0278488251	0.0497859777	-0.0226444159	-0.0275243556	0.0546815171	-0.1445535436	-0.0449803728	0.0501219769	-0.0268991895	-0.0363413722	0.0563257895	-0.0578889323	-0.1080017047	0.0941842519	0.0612668788	-0.0521061798	-0.0804389657	0.06737993	-0.0560658856	-0.0445331605	-0.0935230177	0.0478027272	0.0965040374	-0.0048253509	-0.0784127171	0.0203648518	-0.0253911685	0.1152268888	-0.0237534404	0.1047027583	0.0309298844	-0.0009849819	-0.0003512918	0.0865636394	0.0652325846	-0.0267326021	0.0826879202	0.0636237116	-0.1166369725	-0.0293002301	-0.1713672445	0.023616085	-0.012313153	-0.0941939413	-0.0683774605	0.1052172875	0.0643921198	0.0112940664	-0.0473987549	-0.0826115445	-0.0769008606	0.0	0.0171154	-0.0044230999999999	1.9563813609999992e-05	0.0002929369171599	-0.013185	-0.02014047	0.0004056385318209	0.000173844225	0.414573	-0.0009809999999999	0.171870772329	9.6236099999991e-07	0.00271896	0.0005825599999999	7.392743481599999e-06	3.3937615359999974e-07	-0.000689556	8.072199999999998e-05	6.516041283999996e-09	4.75487477136e-07	0.000279709	0.0003238646	7.8237124681e-08	1.0488827913315998e-07	0.0
4832.542069283742	-5.47027777162657	29.923938898751757	23353462.851397198	9510.633958369352	-59.3241741417678	3519.357637602792	90452158.29008828	4794.142756054836	-8.730297534497367	22983804.765433066	76.21809504085081	4956.282289079746	7377.985679257389	1.201661	38.20681	0.0826477499999999	0.0370178	0.0196192821	-0.0627091705	0.0656680517	0.0603736786	-0.0303428333	-0.0568696248	-0.0448809773	0.0391115053	-0.0806141838	0.029601041	0.0462120038	0.0139876846	0.0999471473	-0.09747182	-0.1192683501	-0.0558111911	-0.1016635539	-0.0691417601	0.0420501248	0.0394179573	-0.079895852	0.0629608596	-0.0565465627	0.1029979396	-0.0958693769	0.0179860449	0.0349111545	0.0895250565	-0.0051089465	-0.0033557223	-0.1236442729	-0.0347201828	-0.1144040359	0.0826636195	-0.099519978	-0.0680676779	-0.121987922	0.0163549203	0.0022072323	0.0068566391	-0.0289174122	0.0179834772	0.0993521701	0.041291983	-0.047645163	0.1431990104	0.0883295972	-0.0610766821	-0.0843268332	0.0131775034	0.0900756437	-0.0038507634	0.0843569073	-0.0317663588	-0.0244899216	0.030515667	0.055329277	-0.0378994345	-0.0495938977	0.0753314878	0.0012673144	0.1401532658	-0.0163636431	-0.148359877	0.0003651758	-0.0359893811	-0.084630428	0.0467767221	0.0198361867	0.0721509721	-0.0561134585	0.0458491069	-0.0283734571	0.0076567167	0.040809553	0.0861481869	-0.0100923431	0.033489165	0.061094044	0.0602656927	0.0242911247	0.1361816667	-0.0396902042	0.0261345498	0.0845963142	-0.0710118147	-0.1343161785	-0.1519470636	0.0075896814	-0.0876570664	-0.0422464847	-0.038299742	-0.0044587821	0.0042781144	0.0584671919	0.0089643418	-0.1472161335	-0.0470093082	-0.0854185641	-0.0258182858	0.0046629119	0.042533043	-0.0088920434	0.098403826	0.009127079	0.1207884902	-0.1022523359	-0.0079548198	0.009905243	0.0569756719	-0.0077037787	-0.0182943404	-0.0076947658	0.0312678406	-0.1236694684	-0.1303390522	-0.0069020952	-0.0575393148	0.0462411003	-0.0580925966	-0.0753751549	-0.0181012727	-0.049657926	0.0444656084	0.0835233322	0.0371787719	-0.0712257719	-0.0855517939	-0.006480899	-0.0532233442	-0.1706864377	-0.1641391423	-0.0177258994	-0.0542736987	-0.0088921976	-0.0005517625	0.0093885868	-0.0047610672	-0.0589170632	-0.0377717776	-0.01699192	0.0667764147	0.1250586744	-0.0852684561	0.0055671481	-0.0467216213	0.0937698016	-0.0450756466	0.008204634	-0.0050505417	-0.1098633699	0.0790299427	-0.0518063888	-0.0058963224	-0.0191744321	-0.0519292297	-0.0208150932	0.0460737685	0.0765342676	-0.0095263928	-0.1186212539	0.0232276408	0.0439664965	0.1762654771	-0.0243702634	0.0196552189	0.0694783174	0.029817669	-0.0090658204	-0.000931452	-0.091988596	-0.1704853926	0.0645510737	0.0240742355	0.0624919757	0.014015873	-0.0577143282	0.0895497922	-0.0648904105	0.0361831468	-0.0697856007	0.1326493463	0.012269596	0.0637389706	0.0093385422	-0.0498304656	-0.0835543317	-0.0746124954	0.0	0.0178858	0.0007704	5.935161600000015e-07	0.00031990184164	-0.00387815	0.00930685	8.66174569225e-05	1.50400474225e-05	0.441751	0.0271779999999999	0.195143946001	0.0007386436839999	0.00301341	0.0002944499999999	9.080639828099998e-06	8.670080249999996e-08	-0.000903671	-0.0002141149999999	4.584523322499999e-08	8.16621276241e-07	-0.000119576	-0.000399285	1.4298419776e-08	1.5942851122499997e-07	0.0
4837.385432562341	4.84336327859819	23.45816784847341	23400297.823166344	9539.023046831197	28.38908846184495	805.940343694458	90992960.68797672	4803.08412108629	8.941365031453643	23069617.07423126	79.948008625702	4963.958720113882	7391.667985457548	1.201391	38.198231	0.0950659	0.0488042	0.0169489499	-0.0756747087	-0.1121421912	0.037975616	-0.0278094718	-0.0362773787	0.0761316997	0.0586150698	-0.0914766191	0.0408458534	0.0338415868	-0.0872457813	-0.0012722979	-0.0525220432	0.0114902676	0.0615179555	-0.0686245011	-0.0126976351	0.0775169021	-0.0010610296	-0.0624993232	-0.0417252546	0.0473522644	0.0057156909	0.042906834	0.0759880649	0.0140861092	0.020551646	-0.0529276476	0.0971520492	0.1084567152	0.0253505576	-0.0532517233	-0.0520066165	0.1438676183	-0.01759529	0.0426009222	-0.0853551614	0.0100600425	-0.0285631397	-0.0001924648	-0.0498369042	-0.049921762	-0.0267254223	-0.079501749	-0.0365790087	0.0757979204	0.0032757974	-0.0659257661	0.0079594579	-0.0040059471	0.0600560875	-0.0201018155	-0.0087716076	0.0015157399	-0.0236877946	-0.040247114	-0.0203607771	-0.0426229584	-0.0195547632	-0.1477345199	0.0357043252	-0.0469183314	-0.0942045456	-0.1071513164	-0.072042175	-0.1168896502	-0.101724451	-0.0735146531	-0.0704430987	-0.0206595692	-0.0122643233	-0.0094169273	0.0199302521	-0.003464719	-0.0282207368	-0.0942110443	0.0665939794	0.0423071538	0.022973894	0.0328721778	0.0591759249	0.0327013205	0.0074084568	0.1325932908	0.0400865203	0.0591277053	0.0078336647	-0.0151766187	-0.0021861301	-0.0327789222	-0.0198055328	0.0007729961	0.0695681443	-0.0559088285	-0.0389426231	-0.0815918636	0.0612707841	0.1073612311	-0.0686436025	0.07375443	0.0844746511	0.0243799119	0.0336525669	-0.0391308425	-0.0846043442	0.0636346144	0.0313113935	0.0818053756	0.0794995782	-0.0040949409	0.1652729192	0.0733749912	-0.0273930289	-0.03993061	0.1050002442	0.0198663355	-0.0324239731	-0.0602782183	0.0327925642	0.0903880411	-0.0011884773	0.0448184778	-0.020996274	-0.0226978716	0.0150499409	0.0081982666	-0.0193604793	-0.024409715	-0.0436324106	0.0052140819	0.0117986619	0.0009438527	-0.0633437514	-0.0196127462	0.0447168303	0.0327422721	0.0360909207	0.0039552056	0.0148057787	-0.0124002307	0.0614576354	0.0535304415	-0.0414752788	-0.1920629236	-0.0996819114	0.0565272823	0.0008326072	-0.0453177245	-0.1643963128	0.0030900853	-0.0083439338	-0.0055605548	0.0490406226	-0.0104901075	0.0163761633	-0.0489545234	0.0499992626	-0.0135352932	-0.0991413845	-0.0236571436	-0.0131592385	-0.0120120607	0.0032436133	-0.0813723363	0.0110412082	0.0066514366	0.0337455606	-0.0285353491	0.0226564045	0.0724915671	-0.0356121255	0.0122365907	0.0270301847	-0.0379599604	0.0545426651	0.0839686015	-0.0322546329	-0.1196673749	0.0615174106	0.0434109393	-0.0630416295	-0.1129008876	0.0630773808	0.0073780714	-0.0522027924	-0.0843201134	-0.0720771819	0.0	0.0324572	0.0145713999999999	0.0002123256979599	0.00105346983184	-0.0357105	-0.03183235	0.0010132985065225	0.00127523981025	0.461862	0.0201109999999999	0.213316507044	0.0004044523209999	0.00356877	0.00055536	1.2736119312900002e-05	3.0842472960000045e-07	-0.000906837	-3.165999999999976e-06	1.0023555999999847e-11	8.223533445689999e-07	-0.000132073	-1.2497e-05	1.7443277329e-08	1.5617500899999998e-10	0.0
4835.781459680686	-1.603972881654954	2.572729005084497	23384782.325791463	9469.311860006965	-69.71118682423185	4859.649568442956	89667867.10206856	4811.274423014945	8.190301928654662	23148361.57355779	67.08104568252428	4971.243473774374	7340.853445765086	1.147636	36.489101	0.07307526	0.0370616	0.0056518335	-0.0972341086	0.0415471472	0.1105887479	-0.0070803028	-0.0743666295	0.005454015	0.0879884475	-0.0925399745	0.0543812022	-0.0643050238	-0.0200698792	0.0956486977	0.0137139483	-0.0729672373	-0.0197885645	-0.0633044916	-0.0557284217	0.0480575668	-0.0377959591	-0.1010571421	-0.0712833134	0.016817901	-0.0536383776	-0.0011410315	0.0212675485	-0.0586786134	-0.0291347417	-0.0540323871	-0.086837838	0.0227624133	-0.0608098625	-0.0889954574	0.0274079858	0.0482745042	-0.0668352875	-0.0254632865	-0.0263824084	-0.0728998397	0.0066176771	0.0165485989	-0.0226369218	-0.1311968074	-0.0698800939	0.0294213632	0.0641317816	0.0046650897	-0.0411321219	-0.01555708	-0.1288268506	0.0915941608	-0.0327466818	-0.0032018753	-0.0531901077	0.0599595487	-0.0042008941	0.0129713866	-0.0346400986	-0.0530205719	-0.0486862984	0.0742950453	-0.0403095314	-0.0389537618	0.0531750053	-0.0268672591	-0.1236342471	0.0548939862	-0.038682968	0.0592709235	-0.0202713522	0.005435473	0.0120426451	0.0609492535	0.0507429266	-0.0053304	0.0473996796	0.1032903558	-0.0318948527	-0.0541137104	0.0384095983	0.0080144733	-0.0203754524	-0.0527802247	-0.0566880401	-0.0103238521	-0.0295991465	0.0106715018	-0.0463467309	-0.0182250605	-0.0755044404	0.0589237147	0.074092175	-0.0436569239	0.058677565	-0.0285745036	0.0828034746	0.0085269172	0.0641094992	-0.0226956081	0.0073525103	0.0113117023	0.1113033897	0.0571861855	0.0037561045	0.0038423099	-0.074108938	-0.0076445599	0.062742637	-0.0137375102	-0.0279012301	0.1171612319	0.0251187663	0.0366241537	0.0172080753	-0.0826580483	0.0034358786	0.0216170723	0.0183110172	-0.0142215655	0.0625639969	-0.0383071443	-0.0705135428	-0.0451666932	0.0332724769	0.0222771873	-0.0615280731	0.0097713258	0.0394481773	0.139177941	-0.046043462	-0.040200662	0.0205889829	-0.1001774168	0.0280912889	0.0395263573	0.0500194508	0.0346455969	0.082625013	0.0270923177	0.0079464473	0.0055296408	-0.0301575409	0.0389749429	0.1213036387	0.0349347401	-0.0255035859	-0.0154979372	-0.0040936749	-0.0951298367	0.014272422	-0.0233061028	0.0499839826	0.0668415193	-0.0595132747	0.0378757214	-0.0949268044	-0.0251663266	-0.0436540807	-0.012950476	0.1262782665	-0.0076914018	0.0623332323	-0.0040717973	-0.0093367196	-0.0075614555	0.023888723	-0.0144233868	-0.0932245973	0.0124280337	0.0151634323	-0.0161888213	-0.011293889	0.0205043864	-0.0664714763	-0.0786886006	-0.0666441607	0.061684605	0.0289344515	0.0295478069	0.0682510578	0.041141554	0.0489620156	0.0260424009	0.062407438	0.0054136926	-0.0545129082	-0.0849072673	-0.0693033112	0.0	0.0227836	-0.0096735999999999	9.357853695999996e-05	0.00051909242896	-0.0102644	0.0254461	0.00064750400521	0.00010535790736	0.477647	0.0157849999999999	0.228146656609	0.0002491662249999	0.00333042	-0.00023835	1.10916973764e-05	5.681072250000002e-08	-0.000962639	-5.580200000000009e-05	3.1138632040000093e-09	9.26673844321e-07	1.71862e-05	0.0001492592	2.9536547044000003e-10	2.227830878464e-08	0.0
4835.486662701735	-0.2947969789502167	0.0869052587981745	23381931.26516637	9532.465128921436	63.15326891447148	3988.33537458355	90867891.43410318	4802.299379259872	-8.975043755072875	23062079.32803975	80.55141040547261	4963.818225537792	7364.34197806348	1.127834	35.859486	0.0792119099999999	0.0403802	0.0126527079	-0.0653608948	-0.0888493488	0.0372201781	0.0194520315	0.0024593069	0.0539573319	0.0621413383	-0.0411072255	0.0444284582	-0.0231574333	-0.0750119438	0.0162883799	0.0992942843	0.0588429537	0.0543816856	-0.0628983879	0.0319009975	0.0110703762	0.0085701426	-0.0708013355	0.0035537472	-0.0134130256	-0.0220453098	-0.0842144104	-0.0380378757	0.0358359479	-0.0282470243	0.0023484016	0.0647325863	-0.0607817209	-0.053384733	0.0293944336	0.0113974512	-0.0289947253	-0.0272018676	-0.0107576064	-0.0073528359	-0.0544113926	-0.0740609883	-0.0301159426	0.0029083536	0.0237363242	-0.0120672759	-0.008256855	-0.0130171192	0.0361872681	-0.0136008802	-0.0986292614	-0.059541608	0.0827366868	0.1055365083	0.0078553328	-0.0378125291	0.0446643248	-0.1475939042	0.038538691	-0.031002949	0.0036473181	0.0157870299	-0.0153252559	0.1617489717	0.0380086938	-0.0452951698	0.1711900116	-0.0401950485	-0.1304978894	0.0479776497	-0.0036857021	0.0098298175	0.0223985031	0.0129381991	-0.0855826921	-0.0778285244	-0.0870376762	0.033363687	-0.0309570108	-0.0612988279	0.0168725555	-0.0072803493	-0.0540024629	-0.0587106036	0.0450788664	0.0785540871	0.0073311383	-0.0692288712	0.0307112018	0.0902468215	0.0147458724	-0.0742277918	0.0226868276	0.0532348014	0.0573948863	-0.0982336268	-0.0479270756	-0.0868795401	0.0345795894	0.0534623226	-0.0447521185	0.1182143799	0.0725035935	0.061372959	0.0176677318	0.0545959848	-0.0066639755	-0.0248394368	-0.0859799101	-0.034639974	0.0213660005	-0.0413376843	-0.0496505473	-0.0212376264	-0.0269794029	0.0088022374	-0.0421076887	-0.0228514388	0.0685943417	-0.0044788629	0.0313247973	-0.0362152961	-0.0402702868	0.0130770339	-0.0342792798	0.0095305559	-0.0164150865	0.0679468688	0.008820433	-0.0112293657	0.0076615684	-0.0344566673	-0.0117487014	0.0630402599	-0.012235438	-0.1136234556	0.0311627025	0.1250006454	-0.0522473724	0.10004086	-0.0907712364	-0.0729405027	-0.0309707332	0.0792796304	0.0709115012	-0.0958739857	-0.0037523611	0.1323567607	0.1414390271	-0.0571510524	0.018630668	-0.0068635218	-0.106134477	-0.0211383588	-0.0191594153	-0.0597225851	0.0108186109	0.0961821064	-0.0944932186	0.0155845539	0.0705370062	0.0055026382	0.0347740717	-0.0153920318	0.0705386145	-0.0040682629	0.0385982174	-0.0156877653	0.0430910071	0.0278231102	-0.1236364258	-0.0571120953	0.0275938724	0.0641583773	0.0424248847	-0.1081019166	-0.0226674947	0.0008717902	-0.0395286644	-0.0709548493	0.0984673951	-0.0683310986	-0.0734893995	0.0748842073	0.0710230043	0.0617292309	0.0034464463	-0.0567580599	-0.0853145497	-0.0663000642	0.0	0.0284843	0.0057006999999999	3.249798048999999e-05	0.00081135534649	-0.0099203	0.0003440999999999	1.1840480999999999e-07	9.841235209e-05	0.46463	-0.013017	0.2158810369	0.000169442289	0.00264195	-0.00068847	6.979899802500001e-06	4.739909409000001e-07	-0.000637277	0.000325362	1.0586043104400002e-07	4.06121974729e-07	-0.000171984	-0.0001891702	2.9578496256e-08	3.578536456804e-08	0.0
4836.993995001898	1.5073323001624883	2.2720506631131383	23396510.90768442	9495.313238700612	-37.1518902208245	1380.262946980195	90160973.5010431	4800.948931152717	-1.350448107154989	23049110.63953641	1.8237100901184928	4961.97879874908	7319.462197391221	1.146128	36.441151	0.059883715	0.0335007	0.0078728812	-0.1110944911	0.0495551061	0.0661571677	0.0085505809	0.0162969905	-0.085682819	0.0781639837	-0.0351103906	0.0283562139	-0.0802282939	0.0381932161	0.0924785865	0.0386704451	-0.0842194655	-0.0669872791	-0.0781200587	-0.0623430504	0.0196456392	0.0138971758	-0.0947966245	0.0081767272	0.0276935103	0.0090220457	-0.0402481849	0.0680486536	0.0729312562	0.0100176982	0.0604602956	0.0216332841	-0.0955483544	0.1249023695	0.0567023335	-0.0499142045	-0.0647777278	-0.0032370438	-0.046851163	0.0918804319	-0.0096668508	-0.0448501664	-0.0511871797	0.0355422652	-0.0729273021	0.1015926167	-0.0205431477	-0.0016850621	0.0329202886	-0.0133014559	0.0158090501	0.0530135172	-0.0819476559	0.1059011207	0.0518633111	0.0109770577	0.0397116986	0.0295186101	0.0081070487	-0.0648815599	-0.012847676	-0.0014094731	0.0673300427	-0.0586309928	-0.0420894981	0.0391989987	-0.006981899	-0.0111119946	-0.0755970332	0.1536756656	-0.0393382747	-0.048380814	-0.0259148528	0.0843425869	-0.0162663159	0.0202273072	-0.0474090823	0.0242519359	-0.0570761306	-0.0054770557	-0.0487047187	-0.1382967737	0.0966768683	-0.0056299481	0.0703481132	-0.0239967471	-0.0019176162	-0.0688158033	0.0949172838	0.0620598735	0.0793124212	-0.0858053122	0.0230972037	-0.0155968079	-0.0130861854	0.0995255398	-0.0011360803	-0.0458053449	-0.0572355808	0.0537017569	0.1188830686	-0.0269027771	0.0232060714	0.091902911	0.0013386516	0.0362995843	-0.0635706927	0.0233932884	-0.0218291419	0.0133290165	0.0159004341	0.0488633838	-0.1491145978	-0.0477912972	-0.0033954019	0.0803585932	0.0243735818	0.0534354912	-0.0576031237	0.0413207525	0.0768374416	-0.0488617415	-0.0683923624	0.0219179386	0.0565552957	0.0840057198	0.0312680804	-0.0331134884	0.0492063745	-0.0169167663	-0.0985148774	0.0571775543	-0.0331279064	-0.0237572157	0.06127127	-0.0554522984	-0.1056602944	-0.0381935428	-0.0260395642	0.0535986224	0.0159531694	0.02823729	-0.0574921907	0.0096125606	0.0412759349	0.060593513	0.050850901	0.0031675703	-0.0148851088	-0.1361475876	0.0457785554	0.0293352228	-0.0320082063	-0.096702209	0.0664665004	-0.0149510457	-0.0799934896	-0.0226496464	-0.0126454454	0.0936340543	0.0763998495	-0.0182286865	0.0883743679	-0.034813656	-0.0906706125	0.0116093523	-0.0037207699	0.0855592792	-0.0452602011	-0.0319402243	-0.1097681766	-0.089202812	-0.0252015821	0.0667229791	0.1109159572	0.0625291994	-0.0278648601	0.0611041913	0.1129561843	-0.0306022447	-0.0431753808	0.008945842	0.0291925177	0.0153482931	0.0393879556	0.0610428493	0.0014773745	-0.0589355719	-0.0855410976	-0.0630773808	0.0	0.0276443	-0.00084	7.056000000000008e-07	0.00076420732249	0.0105826	0.0205028999999999	0.0004203689084099	0.0001119914227599	0.438202	-0.026428	0.1920209928039999	0.000698439184	0.00254664	-9.530999999999993e-05	6.485375289600001e-06	9.083996099999986e-09	-0.000707058	-6.978099999999999e-05	4.869387960999998e-09	4.99931015364e-07	-9.48187e-05	7.71653e-05	8.99058586969e-09	5.954483524090001e-09	0.0
4851.326894594703	14.332899592805006	205.43201073742992	23535372.638217885	9540.261970045463	44.948731344851694	2020.388449511653	91016598.45709574	4807.5438466491	6.594915496382782	23112477.837453622	43.49291040442976	4966.910000495826	7344.738707171651	1.257414	39.979477	0.0732607549999999	0.0423368	-0.0168604594	0.0666263348	-0.0962466323	0.0957016647	0.1093580537	0.0054117545	-0.0287954308	0.0470605719	0.0275269746	-0.0226114959	-0.0696953201	-0.0253155078	-0.03725428	0.09282367	-0.0303442083	0.0905577885	0.0083688611	0.0416788385	0.0022772912	0.0138619873	-0.0269821871	-0.0300598995	0.1109924574	-0.0206733758	-0.0716444476	-0.0219624811	0.039790095	-0.0474416904	0.0339477204	-0.0183688285	-0.0165161242	0.0800229594	0.0177312528	0.0124462971	0.064199234	0.0632426883	-0.1065534584	-0.00147361	-0.0002322792	-0.0202843987	-0.0744329122	0.0390495062	-0.0116692592	0.0736947737	-0.012715083	-0.0265435406	0.0851752595	-0.0553717498	0.0256477522	-0.0216634615	0.0806522175	-0.0813219162	0.0607184397	0.0166659542	-0.0915590484	-0.0445903663	0.0117468666	0.0222740524	0.0231462572	0.1599098399	0.0033649285	-0.0123814923	0.0314448121	-0.0299772949	-0.0173884865	0.0644237952	0.1007092076	-0.0959533629	-0.0104770263	0.02902963	0.0535698573	-0.0040568345	0.0380068935	0.0357698439	0.0778015975	0.0423009293	0.0384173464	0.0584099158	-0.0133353997	0.0168752152	0.0021360793	0.0310857435	-0.0477582878	-0.0429666267	-0.0109668026	0.0935274734	0.0564125627	-0.0287734316	0.0292686334	-0.0935775296	-0.0028687895	0.0158464839	0.0880682474	0.0182588143	0.0100119017	0.0388637442	0.0912864274	-0.0918480891	0.039495501	-0.0320217996	-0.074072221	0.0497198589	-0.009663652	-0.0019510133	-0.1170088779	-0.0441877116	-0.0188781116	-0.0322741934	0.0302037105	-0.0542110401	-0.0386593669	-0.0625940732	-0.0108575511	0.0167123534	0.0105943627	0.0573215681	-0.0603475841	-0.0540375614	-0.0522902682	-0.0109894432	-0.0519509465	-0.0684958169	0.0499557991	0.0722983812	0.04973197	0.0206671091	0.0055725151	-0.0242259317	-0.0792093746	0.0362489015	-0.108045616	-0.0086937629	-0.0656526941	0.0511333685	0.0320715222	0.09474005	-0.0002779179	-0.0763071678	-0.0954006207	0.0094091018	0.0091738201	-0.0575704229	-0.0492092521	-0.1065077924	0.0845453881	-0.0468156962	-0.0208771593	0.1164086369	-0.0227496057	0.0205981977	0.0725862885	0.0314021	-0.0510975622	0.0076308957	0.0640470943	-0.0415169651	0.0783329919	-0.0342666016	0.0380457987	-0.0252834696	-0.0134347742	0.0594790959	-0.0336638881	-0.0005757443	-0.0720124794	0.0177857814	-0.0757600442	-0.0279918526	0.0258752646	0.0783813969	0.0233607326	-0.0258768316	0.0483577181	-0.0222010455	-0.0239446396	0.0117967768	-0.0208625801	0.1093833309	0.0617832572	-0.0658966203	-0.0057495305	-0.0804209837	-0.0448388491	0.0603483841	-0.0004924799	-0.0610428493	-0.0855864312	-0.0596459273	0.0	0.027385	-0.0002593	6.723649000000026e-08	0.000749938225	-0.00779405	-0.01837665	0.0003377012652225	6.07472154025e-05	0.413206	-0.0249959999999999	0.170739198436	0.0006248000159999	0.00290546	0.0003588199999999	8.4416978116e-06	1.287517923999998e-07	-0.00093516	-0.000228102	5.2030522404e-08	8.745242256e-07	-8.91646e-05	5.654099999999991e-06	7.95032589316e-09	3.196884680999989e-11	0.0
4865.737508379239	14.410613784536508	207.66578964707364	23675401.50044861	9576.299046420594	36.03707637513071	1298.670873667004	91705503.426476	4816.132148713534	8.588302064434174	23195128.87387204	73.7589323499643	4974.31369088168	7409.86963391511	1.192193	37.905792	0.0589012749999999	0.0396937	-0.0696759219	-0.0762782617	0.0031744694	0.0306433487	0.0425322675	0.1361698578	0.0530132698	0.0974079399	0.0367508641	0.0088922669	-0.0004973439	0.0194080353	-0.0231906786	0.0154256254	0.0736725921	0.1313299625	-0.0214528376	-0.0338920917	-0.0173000944	-0.0907901212	-0.039870402	-0.047819625	-0.0614652437	-0.0429204073	0.1082442552	-0.0520805506	0.0207111674	0.018127496	-0.0877483326	-0.0496493469	-0.0030185303	-0.0150562417	-0.0474589128	-0.0543264628	0.0760257403	0.1025890079	0.0483876516	0.0491764015	-0.014065748	-0.0785429537	0.0544724097	0.1020453307	0.0772221844	-0.0191679824	0.0161252845	-0.0675152677	0.0637227432	-0.0658171875	-0.0621755799	-0.0408238796	0.0382142608	0.1308935224	-0.0442523472	0.0535045222	0.0120875233	-0.0205325046	-0.0651767959	0.0264873514	-0.0206875141	0.0137341703	-0.0393333953	0.0194469468	0.0951618419	-0.0882819299	-0.0099218582	-0.03780688	0.0276725401	0.0062086192	-0.0017082068	-0.0151359838	-0.0601450856	0.1298757976	0.0211478494	-0.035989663	0.1433513785	0.001445136	-0.0686914678	0.0579854828	0.0555078173	-0.031924433	0.0018573777	-0.0233997982	-0.035098187	0.0259202056	-0.0063825136	0.038629645	0.0678614342	0.0115655655	-0.052770906	-0.1228344273	0.0702087676	-0.1153001557	0.105476878	0.0417933421	-0.1214257553	0.0569526184	-0.0342259457	0.0218338697	-0.065976934	0.0805512302	0.0281649582	0.0567664198	0.0879931567	-0.0498846762	0.064392003	-0.0359790562	0.0160340249	-0.0225652293	-0.0336596189	0.0526933698	0.0959124271	0.0256452655	-0.0834914009	0.0059805036	-0.0135017655	-0.0252769997	-0.100373917	0.0138135296	-0.0259785378	0.0651128424	0.0492829289	-0.0156028576	-0.0423222202	0.0067218586	-0.1562859463	0.0643929262	0.0483403302	0.0030587282	-0.0331919659	-0.000448545	-0.0525506333	0.1416570099	0.0666090352	-0.1267486462	0.0655558621	0.0455256953	-0.0712197812	0.0474024732	-0.0072079596	0.0213773981	0.054704666	0.0676449107	0.0221873159	-0.0536431034	0.0203343475	-0.0637286069	-0.0043858777	0.0294241312	0.0127250531	-0.0421540588	-0.0600775915	0.035389452	0.0719951032	0.0245798068	0.0318726699	-0.0547856053	0.0902003513	0.0302861134	0.08302887	-0.1859306562	-0.0505191809	-0.0152828757	-0.0228758158	-0.0039982325	-0.0279919833	0.0397741781	-0.05755075	-0.0208170245	-0.0683439052	0.0826143919	-0.0085530921	0.0123133156	0.0643441643	-0.1405821069	0.0680671404	0.0155697905	0.0344498285	0.0386840327	0.0637237398	0.1217470137	0.024299488	-0.0110027875	-0.0355402475	0.0596459273	-0.0024620734	-0.0630773808	-0.0854504545	-0.056017061	0.0	0.0266967	-0.0006882999999999	4.737568899999992e-07	0.00071271379089	-0.00695077	0.00084328	7.111211584000001e-07	4.83132035929e-05	0.454299	0.0410929999999999	0.206387581401	0.0016886346489999	0.00310928	0.0002038199999999	9.6676221184e-06	4.1542592399999986e-08	-0.000861529	7.3631e-05	5.421524161e-09	7.42232217841e-07	-4.10817e-05	4.808290000000001e-05	1.6877060748899996e-09	2.3119652724100007e-09	0.0
4864.436492550937	-1.3010158283022977	1.692642185493113	23662742.390061263	9600.94461731249	24.64557089189657	607.4041645874994	92178137.54470168	4816.068331398611	-0.0638173149227441	23194514.172700603	0.0040726496839486	4975.597107966565	7517.664067175257	1.131286	35.969234	0.05928541	0.0336303	-0.0803021481	0.0409008667	-0.0981465639	0.0130025748	-0.0036483777	-0.0738137243	-0.0007850559	0.0584561701	0.0489707995	-0.0017929653	0.0533109333	0.0403201585	-0.0900259407	0.0820343218	-0.0595417261	0.0315794162	-0.0360988341	-0.0328493919	0.0190477186	-0.0526934605	-0.0209584082	-0.0048351709	-0.0692721687	0.0919303457	-0.0277735548	0.1175458265	0.0183424058	-0.0186553217	0.0256887117	-0.0466203536	-0.0816464903	-0.0018563917	0.0076024052	0.0464782422	-0.0252226842	0.052797429	0.089194984	-0.0140803775	-0.1033645748	0.0321048274	0.0903279032	-0.05852112	-0.0227177068	-0.0378816856	0.0562378492	0.0542003828	-0.0403586871	0.0521620638	-0.0605839391	0.0331802784	0.0467329183	0.0086530695	0.0100013997	-0.0884422169	-0.0602514652	0.0323012648	-0.0143595861	0.0465437391	0.0725603655	-0.0351173061	0.0035542666	0.0874206219	-0.0233743798	0.0089422437	-0.0255203034	-0.130810475	0.0457582342	0.0193822748	-0.0415751802	0.0290909054	-0.010884138	-0.0184408182	0.0056508247	-0.0954587181	-0.0182593171	-0.0039328807	0.0279874433	-0.0120807348	-0.0703127	-0.0267960788	0.1127066423	-0.0265705192	0.0131156226	-0.1435428217	-0.0899945751	0.1048361481	0.0235498489	0.0352624148	0.0347577925	-0.0778740769	-0.015137393	-0.0006303444	-0.0870291954	-0.0132564823	0.0111916286	0.0158396212	0.0128403592	-0.060121194	-0.075318296	-0.0575137226	-0.0829167285	0.027655479	0.0573227398	-0.0215631762	0.0605435925	0.0909200077	-0.0270064459	0.0826639139	0.0729529777	0.0401199606	-0.044551779	-0.0393971507	0.0230386417	0.0699889614	-0.0571398428	-0.0012235453	0.002350577	0.0777503276	-0.065918106	0.0167934166	-0.0598253029	-0.0066328383	-0.0768313395	-0.0846642031	-0.0242189162	-0.0164342736	-0.0337665234	0.0222472431	0.0964230554	0.0004886806	0.038533877	-0.0522991321	0.0219029932	-0.0401597573	-0.0096878792	0.0204358024	0.0720539942	-0.0127088562	0.0146495214	-0.0946464116	0.1343513047	0.0264180716	0.028503007	-0.0217968211	-0.0186111595	-0.0184655428	-0.0232463643	-0.0447358416	-0.1260740586	0.0684623316	-0.0548956976	-0.0106319432	0.0317922789	0.0495249666	-0.0405774659	0.0941738247	0.0280079398	0.008463422	-0.0066064837	0.0601257675	0.036092123	0.0486090911	-0.1016399009	-0.0490296554	-0.0397942179	0.0514845618	-0.121977814	-0.0077719894	0.104522983	0.0363134197	-0.0720607997	0.027178139	0.0598052507	-0.0544811361	-0.0121699798	-0.1140971871	-0.0542790906	-0.0466056458	-0.0206371663	-0.0151438656	-0.0656364147	-0.0335927158	-0.0414932539	0.0589355719	-0.0044303628	-0.0650367418	-0.0851334554	-0.0522027924	0.0	0.0202362	-0.0064605	4.173806025000001e-05	0.00040950379044	-0.0166307	-0.00967993	9.370104480490004e-05	0.00027658018249	0.427215	-0.0270839999999999	0.182512656225	0.0007335430559999	0.00326275	0.00015347	1.06455375625e-05	2.3553040900000054e-08	-0.000704636	0.0001568929999999	2.4615413448999988e-08	4.96511892496e-07	-3.02251e-05	1.0856599999999995e-05	9.135566700099999e-10	1.1786576355999992e-10	0.0
4848.067684030427	-16.368808520510356	267.93789238113243	23503760.268940147	9558.117391996975	-42.827225315515534	1834.1712282259343	91357608.07919504	4820.56287712173	4.49454572311879	23237826.45228413	20.200941257205407	4981.880407382497	7485.166710530417	1.103825	35.096123	0.0562869049999999	0.0317533	-0.0583231614	-0.0392814948	-0.009969902	0.0374558482	-0.0338240958	-0.0229612529	-0.1278582138	0.0934745797	-0.0096986102	-0.0029673822	0.0206455206	0.0436246775	-0.0495988122	-0.0905031105	-0.073560761	-0.0013550178	-0.0458003726	-0.0468546082	0.0033252953	-0.1192618296	-0.0567526076	-0.0002775482	-0.0487028198	0.0098313498	0.0541084767	0.0151025313	0.1351953134	0.072051923	0.0009019072	-0.072275604	-0.0244535207	0.0803989878	-0.0400435013	0.0512059039	0.0763025766	0.0091366761	-0.0220290416	-0.0546402312	-0.0647514994	0.0130775405	0.0170387242	-0.1531532639	0.0660240654	0.0685052353	-0.0109972567	-0.1098007989	0.0358387575	0.1014718777	-0.0876956629	-0.0252607298	0.0518279664	-0.0521733674	-0.0922318508	-0.0924927878	0.1242982894	-0.0632675293	-0.0285155299	-0.0360076443	-0.017935686	-0.0883927795	-0.0272602257	-0.0714000039	-0.0868737426	-0.0241647042	-0.0192060914	0.1528051578	0.0046961706	-0.0361911798	0.031220194	-0.0054052005	0.0186885154	0.0767455921	-0.0342167151	0.0255339924	-0.0749819966	-0.0720501479	0.0942295161	0.0967173213	-0.0555840749	-0.0017256126	0.0076245607	0.0558607665	-0.0269366251	-0.0027782779	-0.0318420505	-0.0441274272	-0.0541632175	0.0160351225	-0.012618135	0.008597782	-0.0317856123	0.0501976245	-0.0311352015	0.0116042084	0.0732243805	-0.081272567	0.0269280769	-0.0385724115	0.0737289293	-0.0224476601	-0.0144868308	0.0658667219	0.1292341023	-0.009921577	0.0283612829	-0.0125308903	0.0201579385	-0.0668545042	0.0251398679	0.1510151433	0.0177258816	-0.0345234196	0.0565467751	0.0997785569	-0.0210357646	0.0449123257	-0.0885509868	-0.0386231893	-0.0527111361	0.0374852594	-0.0600729346	0.0042624974	-0.0607755467	-0.1101805581	0.0719080833	0.0614508177	-0.0598620667	0.0240273521	-0.0881167504	-0.032779807	0.1161950748	-0.0179197602	-0.0401384449	-0.0145760275	0.1302448174	0.0700865571	0.084095354	0.095044958	0.0077890832	0.014645708	-0.0199761998	-0.0355102745	0.0219015809	0.0864308962	-0.0477682169	-0.0274279743	0.0735681725	0.0323972172	0.147081917	-0.0345819224	0.1317719921	0.0351561095	0.0674492793	0.0097995255	-0.0290681205	-0.0105517378	0.0213428078	0.0144600291	-0.0693182824	0.0284546579	0.0749782699	0.1089171686	0.0181728675	0.088610032	0.0488296746	0.0164394369	0.0546883909	0.0292755007	0.063636984	-0.0349661736	-0.0209218911	0.0224581069	0.0039717119	0.1010163788	-0.0205547253	0.0202959147	0.0384779823	-0.020969712	-0.0576693064	-0.0837283974	-0.0503522813	-0.1073941319	-0.0138150737	0.058217412	-0.0063963055	-0.0669185973	-0.0846361055	-0.0482157459	0.0	0.0327081	0.0124718999999999	0.0001555482896099	0.0010698198056099	-0.0111856	0.0054451	2.9649114010000012e-05	0.00012511764736	0.442718	0.0155029999999999	0.195999227524	0.0002403430089999	0.00289366	-0.0003690899999999	8.373268195600002e-06	1.362274280999999e-07	-0.00079115	-8.651399999999999e-05	7.484672195999998e-09	6.259183225e-07	-3.19592e-05	-1.7340999999999975e-06	1.0213904646399999e-09	3.0071028099999908e-12	0.0
4840.081950725025	-7.985733305401482	63.77193642499847	23426393.28973417	9554.847576670669	-3.269815326306343	10.691692268147856	91295112.21340936	4803.096537567441	-17.466339554288425	23069736.349192344	305.0730174257004	4964.160386198491	7437.204059410784	1.103702	35.092209	0.0667814099999999	0.0367922	-0.0165628674	-0.0439674833	-0.0838854586	-0.0043942361	-0.0570605587	-0.0513467373	0.0756130535	0.0454084732	-0.0500121723	0.0316241987	0.0038505833	-0.0086178052	-0.0515477137	-0.0407535568	0.0012645734	0.0464223885	-0.0503271961	0.0194829611	-0.013397848	-0.006719668	-0.0752497046	0.0488394523	-0.010106232	0.1255653386	0.0586305439	0.1285921419	-0.0407426145	0.0819755341	-0.0611515653	-0.0139105455	0.0402010602	-0.1314196967	-0.018595554	-0.0610160525	-0.0251029014	-0.0052750041	-0.0311957158	-0.085859742	-0.0382416225	0.0535869219	-0.0645106814	0.068547144	0.0376900822	-0.0337000234	-0.0347463567	-0.006237653	-0.0517918461	-0.0281090511	-0.0496335771	-0.053434949	0.0015879607	0.036179142	0.0449588825	-0.0028449995	-0.0609574808	-0.0132299187	-0.0052327939	-0.1737435754	-0.0222394818	0.0414346224	0.1064287505	-0.0055347451	-0.0377799317	0.0318033091	-0.0212833635	0.0388913384	0.0836827476	-0.0127833384	0.0096561077	0.0724669523	0.0660924074	-0.0316834615	0.1234435199	-0.1465357011	0.0264150846	-0.1572375763	-0.0306361287	0.0855893794	0.0877928228	-0.0004661622	0.0829947931	-0.0801720713	0.0159369714	-0.0750596158	0.0160908612	-0.0244363586	-0.0874261157	0.0332400061	-0.0357857501	-0.0843603548	0.0590539547	0.0303733387	-0.0382107438	-0.1225261767	-0.0230234822	0.0070918715	0.0060164112	0.1020663581	0.0772925902	0.0157906353	-0.0585167608	0.0440772844	0.0370170823	0.0649959456	0.0301726866	0.1171944755	0.034835189	0.0980222034	0.0520734865	0.0985113231	0.0800258477	0.0647570555	-0.0703296735	-0.055976619	-0.0172638326	0.0046339362	0.0908365116	0.0385531461	-0.0443014223	-0.0488531248	0.0504348111	-0.0710634316	-0.0236853725	0.0132081886	0.0598632812	0.0263529991	0.0470652989	-0.0539839821	0.0320702585	-0.0657757977	-0.0041665827	0.025060392	-0.0681034517	-0.063897898	-0.0395071566	-0.0429556628	0.0191338418	-0.0396623463	-0.1107582614	0.1027911704	-0.0461694963	0.0383661213	0.0563617309	0.0637599351	0.1036965641	-0.0168018224	0.0048012335	-0.0173293161	-0.036942553	0.0918892113	0.0503654707	0.0159017723	-0.0160161254	0.104417104	0.1473299061	0.1166101628	0.0084160393	-0.0298509813	-0.1260487927	-0.0874938114	-0.0296432956	0.0079345149	-0.069245582	0.0696318086	-0.0040801894	0.0443825838	0.0929981189	-0.0738907716	0.0681333883	-0.091126935	-0.0725318722	0.0276281727	0.0573755324	-0.092234775	-0.0341870673	-0.0301623272	-0.0406625343	-0.112590536	0.0051885365	-0.0481715738	0.1038545867	-0.0195343396	-0.0187804446	0.0574915426	-0.0083588602	-0.0687207046	-0.0839594584	-0.0440691175	0.0	0.0273875	-0.0053205999999999	2.8308784359999986e-05	0.0007500751562499	-0.0242142	-0.0130286	0.00016974441796	0.00058632748164	0.436176	-0.0065419999999999	0.190249502976	4.27977639999999e-05	0.00338737	0.0004937099999999	1.14742755169e-05	2.4374956409999965e-07	-0.000798993	-7.843e-06	6.151264899999999e-11	6.38389814049e-07	0.000304292	0.0003362512	9.2593621264e-08	1.1306486950144e-07	0.0
4838.155839371641	-1.9261113533839307	3.709904945634477	23407751.926045917	9473.140065097352	-81.70751157331688	6676.117447503711	89740382.69295266	4802.292849197563	-0.8036883698787278	23062016.609454043	0.6459149958783268	4963.384378485157	7359.9730288509	1.136859	36.146427	0.0521161799999999	0.0325865	-0.0029762975	-0.0680512397	0.0101005153	0.0623829767	0.0033121039	-0.1248171585	-0.0763907092	0.0652491684	-0.0845868059	0.0027372347	-0.0168940733	0.0479841959	0.0501482698	-0.03107684	-0.101244039	-0.0312107986	-0.0263038139	-0.0589457216	0.1205882527	-0.0417056899	-0.0581635239	0.0484900756	-0.0364950161	0.1265524912	-0.05091985	-0.0432472237	-0.0352597287	-0.0445891668	-0.1005267615	0.1574166355	-0.1272821577	0.0223418577	0.0699971444	0.0231074428	0.0599952287	-0.021411086	-0.0493865891	0.0147789867	0.055817912	0.0058392759	-0.0146757508	-0.0062283034	-0.0362814095	-0.0022834215	0.063812575	0.0979110719	-0.0255225186	-0.0521315631	-0.0161573455	-0.0113766984	0.0264372675	-0.0165439947	0.0668162863	0.046641154	0.0058857107	0.0059871022	-0.046886963	0.0580697064	-0.0047092303	-0.1134961918	0.0402343371	0.0520786701	-0.0101295235	0.0625954236	-0.0069944366	0.0376930797	-0.0411342736	0.094167491	0.0864117302	0.066070498	-0.0116754376	-0.0113889559	0.0140632889	0.0223883294	0.0145323032	0.0279135619	-0.015008676	0.0253776011	0.0138875961	-0.0013788069	-0.1006607518	0.0172763359	-0.0121767577	-0.0939470574	0.0682353536	0.1019273173	0.0405992099	0.0539656496	0.0089878541	0.073435377	-0.0481294341	0.0416742469	-0.0010605401	-0.0416679431	-0.0394310135	0.0117364032	-0.0267268392	-0.0852715202	0.1000124565	-0.087493257	0.0494707345	0.065094032	0.0444826528	0.0157867878	0.0075667689	0.1065141461	-0.0389556739	-0.0783228094	0.0541603027	-0.0848235788	-0.1290408638	0.1164026927	-0.1313488834	0.0808622691	-0.0385648133	0.0424492885	0.0368277106	-0.0849216292	0.0345362324	0.0145107884	-0.0135365974	0.0248145549	0.0462440808	0.0109095093	0.0098357062	-0.0016027793	-0.0242232039	0.0406187678	0.0928212406	-0.0159117755	-0.0718743872	-0.0497727809	0.0063916205	-0.0066371776	-0.0303359998	-0.0269732613	-0.0583051821	-0.0082625292	0.012864468	0.0066270658	0.0614709975	-0.0412876609	0.0461710637	0.0912939935	-0.062741525	0.0742367889	-0.0817686481	-0.0532181551	0.0966104586	0.0803951901	-0.0561514384	0.0323043098	-0.056925234	-0.0665449883	-0.0385568071	-0.0250348653	0.0161027328	-0.0099530813	0.0511695255	-0.0462273284	0.0298236398	-0.0257198996	0.0212545875	0.0420663549	-0.1258495057	-0.0554355077	0.0012290639	-0.0013192478	0.1088618783	0.0355134036	0.0468665949	0.0401638422	-0.0534487846	0.0699407552	-0.0525928773	-0.002774355	-0.1036158861	-0.0060953612	0.0612160508	-0.0224535421	0.0276516376	-0.0175733562	-0.0323177363	0.0567580599	-0.0103169874	-0.0704409161	-0.0831049477	-0.0397766315	0.0	0.0279878	0.0006003	3.603600900000018e-07	0.00078331694884	-0.0189761	0.0052381	2.7437691610000025e-05	0.00036009237121	0.441849	0.0056729999999999	0.195230538801	3.2182928999999816e-05	0.00286961	-0.0005177599999999	8.2346615521e-06	2.680754175999999e-07	-0.000712282	8.671100000000006e-05	7.51879752100001e-09	5.07345647524e-07	9.66674e-05	-0.0002076246	9.34458622276e-09	4.3107974525159993e-08	0.0
4838.25062744056	0.0947880689182056	0.0089847780092425	23408669.13392897	9528.136644427286	54.99657932993432	3024.623737993759	90785387.91487809	4796.723246924836	-5.569602272727025	23008553.907589138	31.02046947636604	4955.818478121838	7363.866453480635	1.112848	35.383018	0.0695534799999999	0.0350434	0.0205638631	-0.0236643655	-0.0532858444	-0.0010834474	0.0062740969	-0.0207222078	0.0426788401	0.0058034614	-0.0354799479	-0.0313398267	0.0064278605	-0.0281374421	-0.0153628477	0.0338466229	0.0558692612	0.0486702368	-0.0584786109	0.0338286814	-0.004163272	0.0154718328	0.0097635905	-0.0367104254	0.0511254061	-0.0905733639	0.060154893	-0.0031274044	0.0804147194	-0.0234320704	-0.1043735544	0.0111481399	-0.0402117145	0.0428760055	-0.0131138384	0.0041805206	0.003563251	-0.1235005149	-0.0451280689	-0.0090420047	0.080951742	-0.0452227102	-0.0445972176	0.0336542125	-0.0259998936	-0.040980471	-0.1491570185	-0.0367435184	-0.002200216	-0.0229149204	-0.0563558238	0.003234583	-0.0478004293	-0.1646969669	-0.0118124293	0.0606357095	-0.0836462861	-0.0324610696	-0.0374604281	-0.0122635368	-0.0146546937	0.0350346849	0.0047698187	0.0020067223	0.0040253992	-0.0041022772	0.0647124687	0.0038193867	-0.0072633015	0.0114994405	0.0497544006	0.0736170957	-0.1388041009	-0.0300110768	0.0029104726	0.0104647774	-0.0494816863	0.0062688186	-0.0728443896	0.0173295266	0.0469090917	-0.0766260788	0.0180670007	-0.1142030704	0.0220353217	-0.0865134434	0.1058703366	-0.0295731719	-0.0114618954	-0.0013972293	0.0380098834	0.0073244392	0.0463193072	-0.0026715831	-0.0731522147	0.1073235829	-0.0495816564	-0.0222978093	0.0814301613	-0.0152366542	0.0227023858	0.080544873	0.0639211333	0.008173557	-0.011780481	-0.0019500319	-0.0389374561	-0.1432179471	0.0655544637	0.0286371564	0.0454395075	0.0235851592	0.0565037309	0.0244319087	-0.0115638595	0.1059709184	-0.0325222501	-0.0428067384	0.0033851043	-0.0858099257	0.111419864	-0.0387631564	0.0631630169	0.0732205875	0.0404713878	0.0042389232	-0.022527908	0.0513785148	0.1116681395	-0.0027420788	-0.0337442467	-0.0878405448	-0.0499680039	-0.0110137999	-0.0267154732	0.0593953343	0.0175207938	0.0416765241	0.0045204673	-0.1673483151	0.013990434	0.0674545941	-0.034333159	-0.0287111745	-0.0077974971	-0.0122823237	0.0087161241	0.0586227502	0.0150022499	0.0012432173	0.0584090722	0.0294268921	-0.1018283184	0.059588861	-0.040869119	0.082082568	-0.084537953	-0.015407937	-0.0585867379	0.0151199229	0.031747804	-0.0874769603	0.0755841566	-0.0371943873	-0.0653022863	-0.0527353574	-0.0490949279	0.0309121578	0.0583719185	-0.0770365994	0.015078866	-0.1223600878	0.0131479905	-0.0443084346	0.001701964	0.0095595659	-0.0013672297	-0.0655753596	0.0833100317	-0.0098134414	0.0470702356	0.0643299674	0.0169298233	-0.0474705301	0.1652247384	0.056017061	-0.0122696499	-0.0720771819	-0.0820743834	-0.035352495	0.0	0.0280848	9.699999999999986e-05	9.408999999999974e-09	0.00078875599104	-0.0141807	0.0047954	2.299586116e-05	0.0002010922524899	0.412235	-0.0296139999999999	0.169937695225	0.0008769889959999	0.00240749	-0.0004621199999999	5.7960081001e-06	2.135548943999999e-07	-0.000766651	-5.436900000000008e-05	2.9559881610000083e-09	5.877537558010001e-07	0.00028112	0.0001844525999999	7.90284544e-08	3.4022761646759994e-08	0.0
4834.143794799561	-4.106832640998618	16.866074341171686	23368946.2287991	9487.89030960302	-40.24633482426543	1619.7674667868805	90020062.5270589	4784.9523265538455	-11.770920370990098	22895768.76739306	138.55456638018967	4944.99448932033	7365.458904044292	1.137646	36.171452	0.1206006499999999	0.0524932	0.0048772131	-0.0902281261	-0.0160882065	0.0157990296	0.0228564896	-0.0372051306	-0.1130065217	0.0607398168	-0.0719969987	-0.008910048	-0.0779979391	0.1168414665	0.0267486277	0.0516939275	0.0101054519	-0.009509396	0.0696071996	0.0194268219	0.189527883	0.087860651	-0.064924477	0.1193934202	-0.0448909874	-0.098660568	-0.0039742644	0.0187945252	-0.0208431979	-0.0294827336	0.0942362386	0.1012391142	-0.0335639077	0.0206419548	-0.0581605528	0.0568090639	-0.0754136578	0.0522897585	0.1420519553	0.0021221315	0.0081603216	-0.0720656677	0.0144329208	0.0262202152	-0.078714948	0.0194386887	0.1391258465	-0.0042891548	0.0051425924	-0.111125868	-0.0702347207	-0.0802788108	-0.0925276735	0.0486240956	0.0199721751	-0.0078133753	-0.0296165896	0.0824540585	-0.0271961695	0.0028749114	-0.020903359	0.0851344448	0.0203896082	0.01665068	0.0676969665	-0.0245254118	-0.0457630838	0.037713685	-0.0030625117	-0.0713170848	0.002358146	-0.1218305561	0.1097635694	0.068148471	-0.016279699	0.0404199544	0.0045079529	0.0061787969	0.0133957391	0.0906726328	0.0311832323	-0.0167958093	-0.0538207024	0.0309492249	-0.0175408439	-0.1137783292	-0.0590264882	-0.0259295969	-0.0171401822	-0.011611844	0.1358365608	0.0010324302	-0.1546844357	0.0657270354	-0.0689737656	0.0723906613	0.0586478415	0.0370305643	-0.0300845146	0.0056266103	0.0461272257	0.0549863307	0.1320451794	0.0842087713	-0.0795943498	0.0476191749	0.0939698597	-0.0382242348	0.0390750928	-0.0216215732	-0.0582962263	-0.0292734707	-0.1907317906	-0.035824793	0.0406242869	-0.0596541644	-0.0691346603	-0.0712380422	-0.0149029003	0.0502646873	-0.0698793097	0.0084040562	-0.035535661	0.0884559237	0.0411110418	0.0720526499	-0.0070057746	-0.0737814388	-0.048529493	0.0596962517	0.0571703855	0.0139266601	-0.0598036451	0.131170359	0.0233899977	-0.0820228247	-0.0867214467	-0.0805386885	0.0861595598	-0.0129311409	-0.026569076	-0.0013158699	0.0102413837	-0.0311925598	0.0309006406	-0.0903220356	0.0358862358	-0.0394153267	-0.0186388108	0.0987613288	0.0120275465	-0.0762009678	0.0638737676	-0.0361386709	0.0663665969	-0.1273716837	0.1012305527	-0.042624776	0.0268745237	0.0289056765	0.0306490795	-0.0904352363	0.045757706	0.0441126374	0.0224502919	0.025028048	-0.0522019094	0.0490537025	-0.0817964179	-0.0085547057	0.0341493233	-0.0624376689	-0.0878683395	-0.0693593418	-0.0447363755	0.1593810663	-0.1324529456	-0.053912031	-0.0340233356	0.02680735	-0.0025028613	-0.038170958	-0.0109580266	0.0779270697	0.0447765258	0.0552686441	-0.0142158133	-0.0736275519	-0.0808699489	-0.0308113507	0.0	0.0503073	0.0222225	0.00049383950625	0.00253082443329	0.0156475	0.0298282	0.00088972151524	0.00024484425625	0.434459	0.0222239999999999	0.188754622681	0.0004939061759999	0.0024618	5.431000000000012e-05	6.06045924e-06	2.949576100000013e-09	-0.00094263	-0.0001759789999999	3.096860844099998e-08	8.885513168999999e-07	-0.00041511	-0.0006962299999999	1.723163121e-07	4.847362128999999e-07	0.0
4803.588988266224	-30.554806533336887	933.5962022896464	23074467.168192524	9494.730595219078	6.840285616057372	46.78950730924138	90149909.07578924	4757.603753797329	-27.34857275651666	22634793.478146438	747.9444318184852	4918.99362809137	7364.990966149714	1.487373	47.291031	0.4334509	0.298419	-0.0383596845	-0.0056962691	0.029231074	0.1421830638	-0.0366271864	0.0142649045	0.0815073538	0.0677807882	-0.0449635691	0.1090402434	0.0511483645	-0.0434247854	0.0155118703	0.1655264649	0.0676942115	-0.0971692368	0.2860300312	0.0985497588	-0.0117064968	0.3145074638	-0.1192007668	0.0114408728	-0.0423056038	0.0049408789	-0.0094977847	-0.0216619928	-0.1199131319	0.0470087938	0.0143155777	-0.1024578566	0.0343356489	0.0598345876	0.0889942341	-0.0366984381	0.0252268491	-0.0698319646	0.0927720083	0.0450451143	0.0406376338	-0.0095245737	0.0204948391	-0.0636358145	0.0265821792	-0.0669293107	0.0065866839	0.0476701845	-0.0155373683	-0.0073327759	0.0103453618	-0.0705422477	-0.0468821603	-0.0075362238	-0.0872228728	-0.0580232155	-0.0628564008	-0.0292501306	-0.0540526304	0.0001082695	-0.0961081044	-0.1162802611	-0.0219179678	-0.0638024933	0.134233674	0.105537955	-0.0126852689	-0.0076201928	0.0132514318	0.0665087446	0.0816998154	0.066969603	-0.0332092659	0.0483675244	-0.0006627684	-0.1004598804	0.1492515596	0.0026152365	0.0496424689	0.0263204567	-0.0833874079	0.0398325836	-0.0163579207	0.0450766684	-0.0071859904	0.029582445	-0.0554883541	0.0233412834	-0.0377173785	-0.0032551248	-0.0260788418	0.038386285	0.0368639545	-0.052158977	0.0775219729	-0.0762206429	0.0071212404	0.0389595661	-0.1450000809	-0.0230132745	-0.0777260452	0.025936672	-0.078480135	0.1362259443	-0.2651036117	0.157656798	0.0108602524	0.0973591422	-0.0438279371	0.0902460569	-0.1055755484	-0.0346111411	0.0795208514	-0.0115771468	0.0637700287	0.0696125275	0.1185182397	0.0324503872	0.0261817153	-0.0027635323	0.0755352797	0.0384918231	0.1061498445	0.1076159707	0.0017612823	-0.0268240358	-0.0819631915	0.0313332552	-0.0194153923	-0.0469989681	0.1268651943	0.0209619119	0.0480939568	0.1043109242	0.0536254232	-0.0068609609	0.0306935115	0.1020683085	0.0532472663	-0.0249702263	0.12137069	0.0713191291	0.0525120096	0.0539464101	0.0034236787	0.092988745	0.051511315	0.0667292604	-0.1699293677	-0.0331182364	0.0378285129	-0.0390630588	-0.0196840697	0.0850013473	0.091869436	0.0005594613	-0.0033638014	0.0565698867	0.1580097163	-0.0378104883	0.0225290435	0.0259925136	-0.0862827494	0.0614424901	0.0250736482	0.0130223341	0.0189097225	-0.0314775387	-0.0122953724	0.0337441361	0.0069119068	0.0613031546	-0.0133796529	0.0007688519	0.0089194923	-0.0402622292	0.1003682332	0.0802286873	-0.1045289191	-0.0097795116	-0.089800595	0.0890623229	-0.0547472436	0.0103453213	0.0175778275	0.0545129082	-0.0161544469	-0.0750901786	-0.0794941956	-0.0261682287	0.0	0.0108014	-0.0395059	0.0015607161348099	0.0001166702419599	0.0281781	0.0125306	0.00015701593636	0.00079400531961	0.679051	0.2445919999999999	0.4611102606009999	0.0598252464639999	0.000509803	-0.001951997	2.59899098809e-07	3.810292288009e-06	-0.000940799	1.8309999999999895e-06	3.3525609999999626e-12	8.85102758401e-07	-0.00119773	-0.0007826199999999	1.4345571528999998e-06	6.124940643999999e-07	0.0
4838.910989343504	35.32200107728022	1247.643760103385	23415059.56278933	9502.616606716903	7.886011497825166	62.18917734383072	90299722.37425189	4783.258534477356	25.654780680027216	22879562.207650464	658.1677717402977	4941.6626474185405	7288.571541451673	1.399911	44.510178	0.50554908	0.349265	-0.0210128378	0.0174631193	-0.0919533548	0.0627199838	0.1157365391	0.0556825056	-0.0279449866	0.0233289092	0.0005653699	-0.1334050164	-0.0723517801	-0.0395012927	-0.0019420872	0.0068619373	0.0655685788	0.0111409343	0.0888295452	-0.005614708	-0.0538868921	0.2280518412	0.0007927218	-0.1462383914	-0.040072607	-0.0246276357	0.0154136665	-0.0425871486	-0.1104412952	-0.1230272175	-0.0574090384	-0.027297138	-0.0502340335	-0.0380909685	-0.0146361834	-0.0707750541	-0.0406587776	0.027842541	-0.0275114023	-0.0182564917	-0.0280551545	-0.0216068119	0.0706857226	-0.0450291388	0.0186004542	-0.0376597099	-0.0492985432	-0.0373996985	-0.0816163146	0.0524494787	0.0574610888	0.0110171215	-0.038279237	0.1248844128	0.0087068914	0.0497829639	-0.0799575994	-0.0050120648	0.0184779171	0.0165738023	0.0916091296	-0.0086101171	-0.0021459389	0.0021762724	-0.1362083323	0.0004465431	0.0586578165	0.0094754439	0.0843681943	0.022612184	0.0117615659	-0.0617397582	0.0612190796	0.0463657286	-0.020836782	0.0376322384	-0.0564220291	0.0510030942	0.0187820303	0.0301796422	-0.0472476658	0.0810738149	-0.1039158835	0.0495294907	0.0150820189	0.0421942476	0.0690038267	-0.1165464092	-0.0639509796	-0.0005099409	0.0573941073	-0.0179465686	0.0080390228	0.062312354	-0.044522586	-0.0013722344	-0.0042646749	-0.0764840376	0.0690930293	0.0947076745	-0.0649728215	-0.04138014	-0.0565861138	0.0674502275	-0.2433756437	-0.0628802455	0.0319636694	-0.0297617923	-0.0597180179	0.0769794587	-0.0063563954	-0.1314779885	0.1184941196	0.0069877342	-0.0958136356	-0.0395887414	-0.0375997179	0.0127898564	-0.0278413473	0.0233897199	0.045846269	-0.0538613632	0.0006061316	-0.0119131382	-0.0374396231	-0.0389527423	-0.0748059967	0.0302287576	0.0098300973	-0.06064361	-0.0279480839	0.0664985768	0.1232341466	0.0209103971	0.0035672043	-0.0363957481	-0.0799422545	-0.0298619867	-0.0457141816	-0.0376685422	-0.0265449487	-0.0599615418	0.0505915866	-0.0063914166	-0.0688312004	0.0125289974	-0.0321798242	-0.0388079234	0.1095436142	-0.0041054739	-0.0188356622	0.1086119463	0.0558792714	-0.0258120385	0.0702937641	-0.0662632518	0.040652263	-0.024292957	-0.0186180437	0.0558193585	0.0130062897	0.0698794845	-0.0203004938	0.041653674	0.1276694534	0.0450008603	0.0169680229	-0.0506030053	0.0621641183	0.0187202109	-0.0595882714	-0.0785083676	0.043730975	-0.0680490722	-0.0184233176	0.0019535476	-0.0723876311	0.003181616	0.07301037	-0.103887719	0.0038105134	-0.0100617439	-0.0195792315	0.0078623032	0.0397848695	0.0537499534	-0.0180845237	-0.0764633189	-0.077950038	-0.0214384965	0.0	0.00940317	-0.0013982299999999	1.955047132899996e-06	8.841960604890001e-05	-0.0434343	-0.0716124	0.00512833583376	0.00188653841649	0.409963	-0.2690879999999999	0.168069661369	0.0724083517439999	0.00319989	0.002690087	1.02392960121e-05	7.236568067568999e-06	-0.000596268	0.000344531	1.1870160996100002e-07	3.55535527824e-07	-0.000963339	0.0002343909999999	9.28022028921e-07	5.4939140880999966e-08	1.0
4877.452671326054	38.54168198254956	1485.4612500439855	23789544.56102566	9559.65294315028	57.03633643337707	3253.143673741377	91386964.39348182	4812.784147421397	29.525612944041317	23162891.249670707	871.76181972134	4971.102114196732	7442.856747048917	1.333999	42.414494	0.1108459499999999	0.0680825	-0.1170745668	0.0733745612	0.0846936999	0.0600964362	0.1385155522	-0.0679239545	-0.0801053326	0.0275072106	0.1032015353	-0.0645997819	-0.0655090995	0.0628271999	0.0008812603	-0.0133211077	-0.1192927303	-0.00441177	0.0628151163	0.0656715149	-0.0134104073	-0.0316273163	-0.0335771026	-0.1543538907	-0.0548700307	-0.0550001114	0.0001133333	0.0928020916	-0.0969482426	-0.0055453466	-0.0141608131	0.0508187056	0.0458497048	0.0029421493	0.0620132097	-0.098516509	0.0556046579	0.0220642262	0.0075822532	0.0023974635	-0.1608498615	-0.0107336084	-0.1300774326	0.0996198331	0.0847271552	-0.0157912062	0.0554506133	0.106916084	0.0281540075	0.02865084	0.002346328	-0.0424541395	-0.105198826	0.0047220947	-0.0188410043	-0.016785116	-0.0308833985	-0.0576449262	-0.0460923448	0.0626877577	0.0718944369	-0.0343793943	0.0035380705	-0.0222061804	-0.0619457843	-0.1048168319	-0.0360296472	-0.0827816205	0.0389023228	0.0571326457	-0.0005884081	0.0985869248	0.061898405	0.0212280586	0.0388408997	-0.1239005133	0.0343674635	0.0065558016	-0.0811511215	-0.1835907487	-0.0151369973	0.0542605527	0.0740726806	0.0283530669	-0.0172336741	0.0195711403	-0.0080693425	-0.1236728446	0.0102550972	0.0230457869	0.018337964	0.0760128756	-0.1050041085	-0.0554818843	0.0241300469	0.0231110082	0.1208280017	-0.0998284686	-0.0526037781	0.052023943	0.1039611511	-0.037758758	0.0779034294	0.0537731509	-0.0012893931	-0.1207076482	0.0118332069	-0.0286535818	-0.0768158267	0.1191431973	-0.0567635185	0.0257032827	-0.0543719411	0.0918916165	-0.0667301318	-0.0659987699	0.0707433964	0.1125678228	-0.0146509271	0.0893155967	0.0125203256	0.0293863964	0.000477356	-0.0961474889	-0.0712658382	0.0762207069	0.0808057326	0.1231772971	0.0131026966	-0.0855420619	0.0798734111	-0.0799661807	-0.0050082363	0.0975898751	0.1330422584	0.0528429366	-0.0187820927	0.0098584785	0.0200620217	-0.0015177063	-0.0107254407	-0.0171515043	0.0902973419	-0.0507083292	-0.010233998	0.0284986837	-0.0305581902	-0.1055809023	0.0450053857	-0.0826971107	-0.0268505598	0.0424107438	-0.0819017713	0.0347898262	-0.0505125884	0.0500249345	0.0460277802	0.0827777445	0.0488875577	-0.0154774956	0.030077672	0.1065179746	-0.0214820405	-0.1689382107	0.0160066222	0.040669565	-0.0893083214	0.0418533377	0.0277452354	0.0008703625	-0.0991734618	-0.0348193173	-0.0484855079	0.0482231648	-0.0409151673	0.1372923444	0.0674861122	0.0614581146	0.0458027503	-0.0383288142	-0.0872909251	-0.0416044625	-0.049368305	-0.0299804089	0.0021640627	0.0529798809	-0.0200050215	-0.0777453364	-0.0762407473	-0.0166378083	0.0	0.00744227	-0.0019609	3.8451288100000025e-06	5.53873827529e-05	-0.0648728	-0.0214384999999999	0.0004596092822499	0.0042084801798399	0.364758	-0.0452049999999999	0.133048398564	0.0020434920249999	0.00381975	0.0006198599999999	1.4590490062499998e-05	3.842264195999999e-07	-0.000510216	8.605199999999998e-05	7.404946703999997e-09	2.60320366656e-07	-0.0008244199999999	0.0001389190000001	6.796683363998352e-07	1.9298488561027785e-08	0.0
4863.245570438279	-14.207100887774686	201.8417156354083	23651157.478387546	9630.486963153457	70.83402000317619	5017.458389810365	92746279.14746869	4816.511742996204	3.7275955748064007	23198785.37042033	13.89496876931626	4974.201759680832	7561.927071857108	1.305834	41.518997	0.1272375799999999	0.0630498	-0.1015409153	-0.0491886795	0.0098969549	-0.1161156031	-0.0576313017	0.0585078798	-0.0052781234	0.0569613293	0.0896414558	-0.0661333879	0.0674782324	0.0068942441	0.076443833	-0.1020804917	0.0686553653	-0.0311477422	0.0051699427	-0.024354968	-0.0316432602	-0.1039082447	-0.0008736928	-0.0505598587	-0.1157867297	-0.004122967	0.0687958803	-0.0036951204	-0.0279048082	-0.0096334877	-0.0405203566	0.0125465848	0.0159824992	0.0296154886	0.0318531374	0.0622791744	-0.0632775858	-0.0040540279	0.0225171617	-0.0637754025	-0.013659509	0.0031163616	-0.0299567519	-0.0692653035	-0.0996446812	0.0260553926	-0.0902423185	-0.0941543187	0.0234567725	0.1507769276	0.0780773031	-0.0389388209	-0.0220264507	-0.0569888632	0.0598411638	0.0635213205	-0.0173671422	0.1265569705	-0.054220454	0.0409585034	-0.0549282808	-0.0361126817	-0.0742299788	0.0625201285	-0.0120403947	0.0429643759	-0.004722053	0.0298779722	-0.0008385366	-0.0159000246	-0.0018664145	0.1196970221	0.1172205555	-0.0648975146	0.0165457215	0.033814454	-0.0700080216	0.0668830794	0.0438571356	-0.007679955	0.0129808791	-0.0968329989	-0.0316677065	-0.074203333	0.0293528024	-0.0495800681	-0.0619927412	0.0047174774	0.1048205576	0.0270502183	0.0033268826	0.0236841365	0.0563286415	-0.067336109	0.0725086369	0.0561743496	0.122595214	0.101800533	-0.0194087113	-0.0724020019	-0.0258937244	0.0935588224	-0.0256696389	0.0345663921	0.0789592477	-0.1135134835	0.1203490807	0.0018489494	0.0156894867	0.0042825729	-0.0168940311	-0.0032847391	0.0178425236	0.0627786466	0.0307146335	0.0452621675	0.0131607451	-0.0215023916	0.0233341551	0.0155249769	-0.021037404	-0.047640957	-0.0590257553	0.0264143959	0.0566363271	-0.0455755618	0.0543754019	-0.0400300479	0.0269697854	-0.0028740114	-0.0965086429	-0.0667672606	0.0827069558	0.0246076597	-0.0886117542	0.0998481889	-0.0611786713	0.0198077388	-0.0562131057	-0.0556225808	0.1786018826	0.0249427179	0.0442042367	0.0757190928	-0.0039070719	-0.0293909002	-0.0588613872	-0.0076926126	-0.0415004362	0.0045085882	-0.0024017641	0.070503934	0.0635902918	0.0375398073	-0.1327789266	-0.0732759091	0.0220564841	0.0517171029	0.010006955	-0.0026356831	0.054161734	0.0013955538	0.0874284734	0.0365548727	-0.0480902372	-0.1214799515	0.059933736	-0.0049307214	-0.0897004363	-0.0298492633	0.0051704368	-0.0416050933	0.0651898865	0.0774796627	-0.0330123898	-0.0335456127	0.0570921715	-0.0035080004	-0.011290831	0.1668048435	-0.0446002126	-0.0025547199	-0.0452469673	0.0118324238	0.0926460612	0.0522027924	-0.021914923	-0.0789347034	-0.0743699446	-0.0117820532	0.0	0.0276022	0.02015993	0.0004064227776049	0.00076188144484	-0.0378107	0.0270620999999999	0.0007323572564099	0.00142964903449	0.38998	0.0252219999999999	0.1520844003999999	0.0006361492839999	0.00322733	-0.0005924199999999	1.04156589289e-05	3.509614563999997e-07	-0.000291952	0.0002182639999999	4.7639173695999984e-08	8.5235970304e-08	-0.000539233	0.0002851869999999	2.90772228289e-07	8.1331624968943e-08	0.0
4843.370959403499	-19.874611034780173	395.0001637838058	23458242.25039317	9589.240996584367	-41.24596656908943	1701.229758218443	91953542.89057437	4802.920969684038	-13.590773312165766	23068049.84103066	184.70911922267723	4965.003662648317	7555.644503102234	1.244648	39.573582	0.06467765	0.0489017	-0.0501725183	0.138497672	0.0025131158	0.0031637224	-0.1136275271	0.0302398249	-0.053447576	-0.0111113892	0.0838058588	-0.0568870394	0.0869905756	-0.0131919263	-0.0809017264	-0.0413007414	-0.0333699446	-0.0078780542	0.0140867763	0.0485396932	-0.0611829421	-0.0347362304	0.0218921398	-0.0098935584	0.0084635201	0.0354048141	-0.0793907659	-0.0640467305	-0.1028165426	0.0177989792	0.0218870345	-0.0076595318	0.0455085662	0.0124679123	0.0823223432	-0.0877311214	-0.1267910854	0.0085223876	-0.066885878	0.0878931683	0.0883007238	0.0151443735	0.0846794977	0.0112302545	0.0205669599	-0.0390080975	0.0079140806	0.1061497952	-0.0991587562	0.0446851035	-0.0763681643	0.1432022636	-0.0417842279	-0.0161278888	-0.0088669898	0.0508035477	0.0560209794	0.0520551509	-0.0084445497	0.0429421833	-0.0543834441	-0.0262526785	-0.0782989131	0.0734774262	0.0362699224	0.0313688654	0.0815354076	0.0244862031	0.027832675	0.039720079	0.0874334063	0.0006149649	0.0095208834	0.0592259137	0.0162925706	-0.0051940389	-0.0274140634	0.0270658819	-0.0033193928	0.0583177128	0.0316223538	-0.0384748076	0.0418750301	0.1269578071	-0.082407449	-0.0021783192	0.1183632214	-0.102870458	-0.0111031485	0.0154825087	0.0013543599	-0.0458271209	0.0208736037	-0.1027818449	0.0569960711	-0.0192471296	-0.004137031	-0.0059740992	0.0407078357	0.0719028028	0.0343896606	0.1101137674	-0.0157867539	-0.061005711	0.030428516	0.0045430859	-0.0470695695	0.0737407725	-0.0867728042	0.0191240164	-0.0744954241	-0.0841269798	0.0203580662	0.0297720669	-0.0091070887	-0.0415728325	0.1006275395	0.0091162018	-0.026256504	0.0512328746	0.1183457113	-0.0757585127	-0.0419416144	0.0322721497	0.0218259241	-0.0512478866	-0.1007817904	-0.0613811047	0.0240638133	0.0239303423	0.0638795182	-0.0464748072	0.0294757161	-0.1452357376	0.0844719879	-0.0168955834	-0.0020270938	-0.0935866168	-0.0840314748	-0.0218261219	0.0337587611	-0.0251486935	-0.0345075622	0.0322153878	-0.0064770922	-0.0461640151	-0.05099971	0.0424232581	-0.0364746583	0.1068188644	0.0620427184	0.0656077926	-0.0442292227	0.0414721724	0.0119928855	-0.0575573191	0.0321515097	-0.0156062524	-0.0299166952	0.0394564859	0.0336591659	-0.0283734817	-0.0009049734	0.0461181966	0.0232185345	0.191041056	-0.0227688884	0.1020660688	0.0238196365	-0.0058856622	-0.0735849291	-0.0365331015	0.0519854781	-0.0471896793	0.0078005191	-0.0393881998	0.0752393038	0.0335096388	0.0652788629	-0.0062204334	-0.0078951095	-0.0295152924	0.0554034479	-0.0151605558	0.0585077935	0.0514187911	-0.0238132166	-0.0800300023	-0.0723415931	-0.0068873025	0.0	0.0198052	-0.007797	6.079320900000003e-05	0.0003922459470399	-0.0407148	-0.0029040999999999	8.433796809999999e-06	0.00165769493904	0.342531	-0.047449	0.1173274859609999	0.002251407601	0.00325618	2.884999999999997e-05	1.06027081924e-05	8.323224999999981e-10	-0.000384006	-9.2054e-05	8.473938916e-09	1.47460608036e-07	-0.00054888	-9.646999999999998e-06	3.012692544e-07	9.306460899999995e-11	0.0
4824.836716456255	-18.53424294724391	343.51816162746064	23279049.340464376	9551.135794826672	-38.105201757694886	1452.0064009946334	91224194.97121932	4798.441376035499	-4.4795936485388665	23025039.63924945	20.066759256029755	4958.780278108329	7447.05565130461	1.166519	37.08947	0.06242815	0.0322184	0.0115218689	-0.0018175009	0.0222705809	-0.0977440307	-0.0708104553	0.0128329981	0.0618924427	-0.0393637237	0.0195865135	0.0387168536	0.1020763943	0.0140778139	0.0010848825	-0.122603781	0.0389161919	0.0747941387	0.0716682145	-0.090846434	-0.0473165212	-0.072243231	0.042340309	0.1349053703	0.0393191942	0.0018178408	-0.0272040265	-0.0533178751	0.0071467215	0.0297266063	0.0293362639	0.0004928244	0.1421390994	0.0798988332	0.040026487	0.0352813764	-0.1269928144	-0.0409513346	-0.0002195564	0.099866937	-0.0339782083	0.0254298858	0.0583698019	-0.0278604306	0.0951180883	0.0016209606	0.0072692497	-0.0217851074	0.1062324592	-0.0940680062	0.0873022589	-0.0130688106	-0.0574078251	0.0676401334	-0.042448735	-0.0618123379	0.0497196787	-0.1047967437	0.0008281091	-0.0437946979	-0.0191613003	0.0494554952	-0.1737122078	0.0764942101	-0.0565819727	0.0665204066	-0.0329463438	-0.0138330638	-0.0468092666	0.0220300359	0.0496290205	-0.0063995283	0.000276329	-0.0744587151	-0.0380655055	-0.0735461971	-0.072816631	-0.0681190144	0.0197464495	-0.0135527819	0.0159883798	-0.0015392515	-0.117215255	0.0138959407	0.0714886833	-0.0495718125	0.0661965329	-0.1004257305	0.0441697905	-0.0473704699	-0.0746106854	-0.0546561065	-0.0143857477	0.0066536458	0.0458230266	0.0077544022	0.0397007192	0.0235938683	-0.0050711714	-0.1345843521	0.0414612552	-0.1140763605	0.017380908	-0.0748029205	0.0754021358	0.0636769549	0.017907964	0.0115093401	0.0655103247	-0.0397175861	-0.0270617688	-0.0686395853	-0.0285515514	0.030429324	0.1580295338	0.0272461625	0.1448219395	-0.1094869916	0.0034392237	0.0406159009	0.0551020653	-0.0546692487	-0.0247165066	-0.0380090313	-0.0500719459	-0.0204307176	-0.05102105	-0.0215032169	-0.0751513903	-0.0478347625	-0.0669870344	0.0863363337	-0.0723777642	0.0565688547	0.0431363612	0.020630888	0.0057101797	0.010418204	0.0394425318	0.1158170816	-0.0952908205	0.0706549729	-0.0948712954	0.0469703431	-0.0043833013	-0.0866901047	-0.1737671635	0.0263197764	-0.0525291197	0.0053564668	0.0225102918	0.0253872662	-0.0283087514	0.042424559	0.0012709778	-0.007539889	-0.0169203341	0.0938004247	-0.0603502479	-0.046067617	-0.0066471296	0.0014776348	0.0877410141	0.0332602855	0.0860150831	0.0668007511	-0.0553172304	-0.1024976696	0.0466775724	-0.0559131589	-0.0883193044	-0.0530475552	-0.0445038932	0.0050563825	-0.0362300661	-0.0464205317	0.0041301281	0.0083093766	-0.0398049554	0.1055983818	-0.0139787997	-0.0080975734	-0.0695348128	-0.0432131839	-0.1345966414	0.0506279805	-0.0256988967	-0.081029928	-0.0701599896	-0.0019697566	0.0	0.0325595	0.0127543	0.00016267216849	0.00106012104025	-0.0296021	0.0111127	0.00012349210129	0.0008762843244099	0.366632	0.024101	0.134419023424	0.000580858201	0.00326351	7.329999999999837e-06	1.06504975201e-05	5.3728899999997605e-11	-0.000216897	0.000167109	2.7925417881e-08	4.7044308609e-08	-0.000434116	0.0001147639999999	1.88456701456e-07	1.3170775695999988e-08	0.0
4809.153604867218	-15.683111589037251	245.9599891141946	23127958.39520736	9500.654782235908	-50.48101259076429	2548.332632188903	90262441.29122202	4787.582698393633	-10.858677641866052	22920948.09395806	117.91088012996168	4950.607295942272	7441.40664557379	1.144386	36.385765	0.06640655	0.0378734	0.0569636521	0.1200908775	-0.0051131549	0.0162541036	-0.122901331	0.0164254311	-0.0717219096	-0.0860708268	-0.0323446353	-0.040521184	0.0783611485	-0.0387030963	-0.1012555066	-0.073333331	-0.0241224025	-0.0899696272	0.023501557	-0.0491504263	-0.0420842627	0.0402248152	0.0485547515	0.0364881295	0.0152888834	0.0014053363	-0.0620092629	-0.064609084	-0.0310296344	0.0669117668	0.0842197876	0.0223007963	0.0509079187	-0.0235069513	0.011653931	-0.0439925075	0.0388291425	-0.0418589279	-0.0811812169	0.0108650268	0.0770583522	0.1394449264	-0.0566480304	-0.1162943032	0.0134300408	0.0605501294	0.0730872006	-0.1084514166	0.0197918455	-0.0671500806	-0.0156268785	0.1280424696	-0.0279938683	-0.0405083528	0.0217430838	-0.080455756	0.036766732	0.0438939896	-0.0334119991	0.0080580009	0.0365407988	0.0309592911	0.0191953772	0.0560072801	0.0229330489	-0.042925031	-0.0792953374	-0.1964672012	0.0012082977	-0.0487731778	-0.0636151732	-0.0194660189	-0.018056173	-0.0133376866	0.0434090041	0.1133146026	-0.0098509716	0.0412169924	0.0197153378	0.0100985502	0.0498495904	0.0282294749	0.0570392896	-0.0868708363	0.0776194768	-0.0246442225	-0.0171597007	-0.010642932	-0.0603282794	0.1423075529	-0.0552559251	-0.0734758606	0.0022410291	0.003634089	-0.0705778037	0.0067331017	0.1002971186	0.0500693045	0.0103450191	0.0829839467	-0.0454668328	-0.0147004013	0.0578640496	-0.0771433836	-0.0293785032	0.0716254976	-0.0296088959	-0.0024925403	-0.0313612054	-0.0563612609	-0.0559261842	0.0101380285	0.007974466	0.0202544318	0.082573316	-0.0743296691	0.0082732554	0.0972428262	0.0452691241	-0.0276870348	0.0791644941	0.02348044	0.0182129257	-0.0290467106	0.0591738858	-0.1136933569	0.1405589354	-0.0069553062	-0.0617148906	0.1340079275	-0.0794655869	0.0838144602	-0.017461125	-0.0858462818	0.0227288098	0.0175543366	0.0054751038	-0.0449329719	0.0609525285	0.0379146723	-0.0441305831	0.0301087576	0.0316452362	-0.0260162218	0.0351005228	-0.0362041249	-0.0216571157	-0.0649734473	-0.0319765549	0.0069038996	-0.1798178142	-0.0379923351	-0.0934071579	7.71024e-05	-0.0082202985	0.0226986387	0.0142317321	-0.0918747085	-0.0207868016	0.0264324095	-0.0064824255	-0.0430662893	-0.0261491139	0.0405835597	-0.009932517	-0.0839909045	-0.0042692165	0.0307943775	-0.0046844886	0.0752490415	0.028547585	-0.1105474056	0.0075786848	0.0775295018	0.0737634302	-0.0909645256	-0.0496966739	-0.1145944019	0.0165861335	-0.001179965	-0.1122007688	-0.0037566662	0.0255970938	-0.0214140751	0.0283463772	0.0498304656	-0.0275709646	-0.0819332888	-0.0678297559	0.0029543088	0.0	0.0255102	-0.0070492999999999	4.969263048999997e-05	0.00065077030404	-0.025931	0.0036711	1.347697521e-05	0.000672416761	0.346243	-0.0203889999999999	0.119884215049	0.0004157113209999	0.00334088	7.737000000000022e-05	1.11614791744e-05	5.986116900000034e-09	-0.000784436	-0.000567539	3.221005165210001e-07	6.15339838096e-07	-0.00049515	-6.103399999999996e-05	2.451735225e-07	3.725149155999995e-09	0.0
4798.644346789931	-10.509258077287086	110.44450533502386	23026987.56697896	9443.296494041331	-57.35828819457674	3289.973224612122	89175848.6743733	4793.498802610533	5.916104216899839	22977630.77062861	35.00028910522006	4957.241033805302	7349.000228578863	1.109112	35.264221	0.0778827799999999	0.0367744	0.1042215565	-0.0164988722	-0.0073119266	-0.0529830515	-0.0821662561	-0.0181335746	-0.0014992627	-0.0821895167	-0.0991318831	0.0200447021	0.0567552115	0.0216222389	0.0059820679	-0.0602961711	0.0458960598	-0.0876188139	0.0934793213	-0.1357492535	-0.0342793552	-0.0137479843	-0.018428453	0.1211942635	-0.0364432169	-0.0289984482	-0.1154275082	0.0129043356	-0.0312231043	0.1397269604	-0.0696630057	0.0956412428	-0.02022206	0.041683198	-0.0183418786	-0.1213358471	0.0763009567	-0.0277785374	0.0156369622	0.0305954078	0.0001562115	0.0331813918	0.0885630974	-0.0602431639	-0.0019572977	-0.004411284	0.032641234	-0.1685551045	0.0626295949	-0.0019894292	-0.0240445719	0.084741704	0.0517288726	-0.0483211321	-0.0206053068	0.0565919661	0.0104814751	-0.0827298557	-0.0314385235	0.093934729	-0.0012395813	0.0073513739	0.1281602568	0.0959965621	-0.0327482669	-0.0835080576	-0.0343321452	-0.017765381	-0.005253248	0.0195138968	-0.0135900156	-0.0075975099	0.0820442741	0.0441012738	0.0348677145	-0.0612067957	-0.0260450107	-0.0563927784	-0.0240048865	0.0221685714	0.0004251781	-0.0835331499	-0.0213136982	0.0104643174	-0.0633561394	0.1211250636	-0.0925057861	0.0332868342	-0.0413066636	-0.0039504257	-0.0227677645	-0.0027994958	-0.004371567	0.0517640425	0.0158562282	-0.012435156	-0.0297554334	-0.0205305177	0.0874542775	-0.0528204799	-0.103738751	0.0304907605	0.0196667032	-0.0549335804	0.0461120795	0.1366952513	0.020529044	0.0077779264	-0.0766946228	0.0121495023	-0.0839516648	0.0256290971	-0.0688734798	0.1485253768	0.0170812874	0.048722967	-0.0651749855	0.0577344399	0.0136282203	0.0223172865	0.017117917	-0.005935294	0.0945369634	-0.0265501691	-0.0225307612	-0.0603249305	-0.0758620454	0.0114125454	-0.0446094387	0.1078795561	-0.1559313813	0.0724055763	0.0103141618	-0.0171550545	0.0155746895	0.0107678092	0.0958015424	0.0438784752	-0.0422122771	-0.0578721677	-0.030168075	-0.0353950711	0.0253095022	-0.1233523562	0.1085500799	-0.0239294017	-0.0030623892	-0.0238297222	0.0585446079	-0.0488314468	0.0007694782	0.0351308002	-0.021161521	-0.0219165176	0.0391108746	-0.011371648	0.0952975043	0.0561145346	0.0475281283	0.0258083065	-0.0187733353	-0.0517860551	0.037355138	-0.0134942586	0.0322581284	0.0109378794	0.1329298369	0.0670508931	0.0052680928	0.0690363829	0.0276453559	0.0914886691	-0.0155855913	0.0212927516	-0.0394532153	-0.0338862425	0.0059337043	-0.0428408966	-0.0211109635	0.0424810385	0.1324498069	-0.0447875358	-0.0626339332	-0.0004133919	0.0324243062	0.0490263519	-0.0294284286	-0.0827390082	-0.0653558284	0.0078685961	0.0	0.0253973	-0.0001128999999999	1.27464099999998e-08	0.00064502284729	-0.00881927	0.01711173	0.0002928113035929	7.777952333290001e-05	0.378743	0.0324999999999999	0.143446260049	0.0010562499999999	0.00365245	0.0003115699999999	1.3340391002499998e-05	9.707586489999985e-08	-0.000682814	0.000101622	1.0327030884e-08	4.66234958596e-07	-0.000345179	0.000149971	1.19148542041e-07	2.2491300841e-08	0.0
4796.820667777443	-1.823679012487446	3.3258051405871862	23009488.51881684	9455.40954429225	12.113050250918604	146.72598638127926	89404769.65029298	4793.0899284252055	-0.4088741853274769	22973711.061971143	0.1671780994272079	4957.92581071215	7289.694227839176	1.11654	35.500404	0.03858411	0.0190903	0.1182740212	0.0327753681	0.0498890326	0.0824645726	-0.1095177023	0.020927044	0.0805537308	-0.0722241828	-0.1224241151	-0.0180341719	0.0556492945	-0.1073189146	0.0374504834	-0.0154720574	0.0007849054	-0.0430388545	0.0470514875	0.0298367757	-0.0028218181	0.0068072743	-0.0170475301	0.0011041029	0.0952785475	-0.017081035	-0.0489780354	0.0203623979	0.0276688377	0.046614791	-0.0231250851	-0.0490516069	0.0623742228	0.0339454331	-0.0696779266	-0.0045707633	0.041094179	0.0921003488	-0.0186617522	0.012382363	-0.0087954564	-0.0529814609	-0.0140080251	-0.0399567573	-0.0564705659	0.0685872206	-0.0201003869	-0.100490253	0.0533791925	-0.0739020563	-0.0264551489	0.0089206356	-0.0313923445	-0.0682112204	0.0117371372	-0.0929875509	-0.0323257332	0.0225484886	0.0146057222	0.1007847534	0.0091427369	-0.1498776961	0.0898190476	-0.1312086165	0.1216269542	-0.111715255	0.0823731987	-0.0245360074	-0.040196888	0.0475953664	0.0451302221	-0.002690108	0.0091881886	-0.0360377999	0.0852019504	-0.0151400897	-0.0168445534	-0.0271921073	0.1077592187	0.0048638006	0.0146240272	-0.026477836	0.0001497938	0.1006174492	-0.0288362956	0.0670546728	-0.0127872466	0.0324978713	0.0600406432	0.0033336568	0.0678193039	0.0199218236	-0.0298365702	-0.0066701254	0.0289395726	-0.0540574428	-0.0136840518	0.0481063096	0.0343817446	-0.0025191365	-0.0307218514	0.1042222053	-0.0740515109	-0.0377064616	0.0179922203	0.1016221172	-0.1090757358	-0.0356562908	-0.0219271418	0.0043879599	0.0003110555	0.0356266285	0.0358965928	0.0275995056	0.0277184212	-0.0243058804	0.0122773511	-0.0002027533	-0.0898894369	0.0320795051	-0.0641851825	0.043068259	-0.0325935506	-0.012850069	0.0541491805	-0.0126206887	0.0175269124	0.0273393069	0.0480230384	0.0702410705	-0.0823840825	0.0753372775	-0.0343922666	0.0159389453	0.0026239685	-0.0073909139	-0.0290925028	0.1303959065	0.0855169841	-0.0164892096	0.1105773483	-0.0426216683	0.0510468039	-0.0825584484	-0.055750972	0.1434638651	0.0856996077	0.0124415315	0.0174345269	0.0436913151	0.0765014121	-0.0914628046	-0.1413604525	-0.0338276813	-0.0229897624	-0.0115850072	0.0984414062	0.0171930541	-0.0139690195	-0.0667234791	-0.0064527348	-0.0015244258	0.0081674356	0.0648743787	0.0061588125	0.0563333446	0.0697719354	-0.0055747092	-0.0980123708	0.053651703	-0.0421921274	0.0653114345	0.0609935123	-0.0207260866	-0.0310667807	0.0156554157	-0.0122406476	0.0375670101	-0.0222417771	0.0058625965	0.0262891663	-0.0516163558	0.0526475656	0.0693576328	0.0453577513	0.0482157459	-0.0312703049	-0.0834461259	-0.062743448	0.0127568403	0.0	0.0284623	0.0030649999999999	9.394224999999989e-06	0.0008101025212899	-0.0085223599999999	0.00029691	8.815554810005926e-08	7.263061996959831e-05	0.390955	0.012212	0.152845812025	0.000149132944	0.00375861	0.00010616	1.41271491321e-05	1.1269945600000025e-08	-0.000615519	6.729499999999999e-05	4.528617024999998e-09	3.788636393610001e-07	-0.000631928	-0.000286749	3.993329971840001e-07	8.222498900100002e-08	0.0
4793.638943100669	-3.181724676774138	10.123371918793492	22978974.3168113	9421.84800756719	-33.56153672505934	1126.3767473475068	88771219.87769784	4785.574386981355	-7.515541443850452	22901722.21333197	56.48336319423374	4950.8438211403145	7294.458911217796	1.076214	34.218235	0.02477614	0.012295	0.1364728956	-0.0434636588	-0.0161732111	-0.0116140994	-0.062472197	-0.0016976498	0.0110637898	-0.0898324909	-0.1410981699	0.0480570419	-0.0075423078	-0.0319369739	-0.0023481877	-0.0634666987	-0.037118062	-0.0128619911	0.0797898727	-0.0350321454	0.0990381733	0.0507423795	-0.0125355797	0.1411248196	-0.0347264663	-0.0831173082	-0.1459639164	-0.0003733774	0.012766317	-0.0343733931	0.1415066434	0.0496394755	-0.018849531	-0.1147199103	0.0223775063	0.0085180935	0.0145677068	0.0606463457	-0.0153450718	0.007190897	-0.0559748756	-0.0703618097	0.0248196849	-0.0886568246	-0.012586384	0.0085370529	-0.0277710413	0.0467696665	-0.0732829344	0.0256427421	-0.017915245	-0.087472154	0.0718580759	-0.0240408547	-0.0008462945	-0.0104561683	0.0052206788	-0.0907447416	-0.0820216904	-0.0101902743	0.0686197294	-0.078622649	-0.0276335695	-0.0015577728	-0.054217551	-0.0348333696	0.0634065189	0.011508419	-0.0010247371	-0.0018027205	0.0431441549	-0.0135978094	0.039446547	-0.014688565	0.0808248425	0.0196089802	-0.0623878148	0.0208490547	0.0412633355	0.0042335583	-0.0017446442	0.0490577155	-0.0687744538	0.0694067999	-0.0335906586	-0.0867256692	0.0216868933	-0.0267058823	-0.0005536476	-0.0242848615	0.1023999927	0.0093169108	0.054501545	0.0174996556	0.0278153609	0.0055395371	0.0667637845	0.0286835765	-0.0900853469	0.0346615699	0.0280478132	-0.0563102807	-0.0649070677	-0.0376387132	-0.0123246638	0.1641073968	0.0430394779	-0.0492265768	-0.086174755	-0.0074124104	-0.022637879	-0.0477957272	-0.1287787642	-0.0901261989	0.0475566631	-0.0796264557	-0.0870276304	0.0407978687	0.0846737397	-0.0035015453	-0.0146400402	0.0181904041	-0.1235572571	-0.0075802987	-0.0173255114	-0.0299405223	-0.0513104977	0.0017295593	-0.000256314	-0.0688679623	0.0629928453	-0.0090918242	0.0783011992	0.019248128	-0.0716934577	-0.009694198	0.0473616059	0.043331081	-0.0158305695	0.0148291887	-0.074415421	0.0320600297	0.1045352957	-0.0208954118	-0.0308994384	0.0722527257	-0.0641850294	0.0023518384	0.0590400183	0.0157447176	0.0717627735	0.0298988332	-0.0508777806	0.0147430456	-0.0149276378	-0.0169575472	0.0663709427	-0.0023692925	-0.0158861887	0.0073362963	-0.0241177843	0.0760958236	0.0127560196	0.064558673	0.0714652328	0.021066995	0.0106178142	-0.0240781315	-0.0765032075	-0.073996949	0.0311025007	-0.0411701117	0.0554243414	-0.0600416574	0.0499669344	0.0487376681	-0.0439708247	0.0359728015	-0.0235451384	-0.0035079981	-0.1201639222	0.0798039594	-0.0023579036	-0.0670819263	-0.0287159546	0.0473987549	-0.0330956179	-0.0840537993	-0.0599981489	0.0176028627	0.0	0.0242567	-0.0042056	1.7687071360000003e-05	0.00058838749489	-0.0154752	-0.00695284	4.8341984065601376e-05	0.00023948181504	0.396772	0.005817	0.157428019984	3.38374890000002e-05	0.00363721	-0.0001213999999999	1.32292965841e-05	1.4737959999999954e-08	-0.000627648	-1.2128999999999938e-05	1.471126409999985e-10	3.93942011904e-07	-0.000609443	2.248500000000004e-05	3.71420770249e-07	5.055752250000017e-10	0.0
4790.389933937033	-3.2490091636364014	10.556060545393308	22947835.71916525	9434.143449190133	12.295441622942237	151.17788470318038	89003062.6198971	4793.41438628008	7.839999298725161	22976821.47859684	61.465589004011015	4957.520106839818	7233.71750152708	1.085704	34.519958	0.05200085	0.0272638	0.1341261551	0.0046791305	0.0500618032	0.079241168	-0.0790010659	0.0200940139	0.0928589335	-0.073602172	-0.137728792	-0.0299421647	0.039552278	-0.0958384996	0.0851988322	-0.0553775974	0.0582592338	-0.0976244123	0.0527063925	0.0088316845	-0.0092949104	0.001779348	0.0211862299	0.0092628648	0.094905588	0.0117341291	0.0232623653	-0.0516156541	-0.0163666319	0.0386960876	0.0117711679	-0.0798068362	-0.0665676106	0.0074065225	0.0784599345	0.1174146729	0.0088964857	0.0707784546	0.0179609271	-0.0138258783	0.0207244283	-0.0025703894	0.0088383061	-0.0190819932	-0.029617964	-0.0772278597	0.04742001	0.0528806323	-0.1512788189	0.077924326	-0.0544974438	-0.1113490149	-0.0198059458	0.0120936464	0.0173320111	0.0601953076	0.0308110696	0.0403178805	-0.0216684991	0.0146488256	-0.0499143898	0.0665335703	0.019392943	0.0740300406	0.0268980962	0.0408539962	0.029150028	-0.015290848	0.063592367	-0.0042165574	-0.019901895	-0.1501381019	-0.0636541205	0.1150975619	0.0260902059	-0.0078473151	0.0014578127	0.0609775119	-0.0183519574	0.0253885508	-0.0043129729	-0.0672381764	-0.1043915048	-0.0303446041	0.0936736362	-0.0382996475	-0.0834620852	-0.0162028435	0.0120139288	-0.0567981239	-0.1319384488	0.0721576671	0.0195797161	0.1314594016	-0.0230190451	-0.0076238291	0.0088283577	-0.0609670355	0.1271154559	0.0642112704	-0.0031795541	-0.0047154388	-0.0275987665	-0.0263679389	0.0100717829	0.0414966738	-0.0979693754	0.0297651656	0.0412190643	-0.0515718777	-0.054702705	-0.0182532475	0.0467556606	-0.080961261	-0.0404727244	0.0671807758	0.0281671875	-0.0136324359	0.0208849441	-0.0458964591	-0.0805730539	0.024569664	-0.0760816922	0.0400296134	0.0385855499	-0.0423750347	-0.0226842966	-0.0100548642	-0.0057238439	0.0088039053	0.1470072993	-0.047391008	0.0776864546	0.0607162315	-0.0550775537	-0.0137556929	-0.0150215801	-0.0950798508	-0.0627099041	-0.0354248597	0.0493479956	-0.0624706659	0.0177681018	0.0003385902	0.0894445933	-0.0882242828	0.0431206232	0.0660412611	0.032182428	0.0498323848	-0.0175645062	0.0173622132	0.0067384574	-0.061605216	0.166271071	0.0230386353	0.0034214174	-0.0831510962	-0.0039505766	0.0706201767	0.0509676635	0.0245888968	0.019923886	0.0152903156	-0.0200299791	-0.038333027	0.0915535771	-0.1290819198	0.0042460878	-0.1244385531	0.0548872579	-0.0364489278	-0.0200851711	0.0481829601	-0.1047620443	-0.0484786841	-0.0902955471	0.0042374749	0.1009602663	-0.0170413445	0.0031493704	-0.091875965	0.0253661014	-0.0687105371	-0.0437528364	0.0465754872	-0.0349034008	-0.0845613042	-0.0571257468	0.022390624	0.0	0.0261272	0.0018705	3.4987702500000023e-06	0.00068263057984	-0.0352629	-0.0197877	0.0003915530712899	0.00124347211641	0.409053	0.0122809999999999	0.167324356809	0.0001508229609999	0.0035223	-0.00011491	1.240659729e-05	1.3204308100000042e-08	-0.0008659479999999	-0.0002382999999999	5.678688999995236e-08	7.498659387038268e-07	-0.00060142	8.023000000000014e-06	3.617060164e-07	6.436852900000024e-11	0.0
4792.658610473904	2.2686765368716806	5.146893228952082	22969576.556549657	9465.943513277043	31.800064086910425	1011.2440759316102	89604086.59655173	4792.53601139497	-0.8783748851101336	22968401.42051761	0.7715424387922404	4955.552098603351	7193.916371913532	1.269533	40.364799	0.16680028	0.0819909	0.1567674095	-0.0418838025	-0.0474444801	-0.0239695036	0.0461106547	0.0251981464	0.0169920957	-0.1034382908	-0.086091727	0.0924388064	-0.0323621653	-0.1459168844	0.1223164295	-0.040916332	0.0294161167	-0.0385762463	0.1189016048	0.1785647236	-0.0535316948	0.0495186562	0.0815427172	-0.0409276669	0.1170408916	-0.061477385	-0.0873101278	-0.0378020291	-0.0307391476	-0.0046591272	0.0900028202	-0.0015511818	0.0162270998	-0.0764845206	0.1342601517	-0.0462709497	-0.0898439721	-0.0125148789	-0.0775722013	-0.0429628369	-0.0541884593	0.0210261222	0.0119473936	-0.024923949	-0.1279789477	0.0842280054	0.0501914149	0.0140910381	-0.0360644309	-0.0032271136	-0.0388748878	0.0528601599	-0.0166009461	-0.008977148	-0.0619478311	0.0649294275	-0.0633512605	0.0109808932	0.045982194	0.1644995574	-0.0203924138	-0.0798402217	-0.0296065965	0.0005332019	-0.0111619781	-0.0108439078	-0.0083613565	-0.0527302132	0.0356101736	-0.1192980501	-0.0379649862	0.0829219499	0.0440537671	0.0094900253	0.012317882	0.0546024142	-0.0407181512	0.0401143113	-0.0480068877	0.0766508395	0.002396455	0.0213956665	-0.0119924523	0.033726347	0.0096392348	0.0148171928	0.0209440745	0.0214919889	-0.0626498544	-0.1035517571	-0.0216516654	0.0926866572	0.1608326296	-0.1229321226	-0.0720704816	0.0605742788	0.0543302597	-0.1088528226	0.0336966261	0.0601584328	0.0341904066	-0.0826582401	-0.0686705319	-0.0596016591	-0.0489273875	0.0180122398	-0.1234065541	-0.081069626	-0.0462119645	-0.0250727767	-0.0305571372	-0.0623970135	0.0174767242	-0.0544940387	0.0094793272	-0.0586686382	0.0229744563	0.0879684233	0.1451667129	0.0398108621	0.0401764218	-0.1318893491	-0.1129687914	-0.0114611288	-0.0096255115	-0.0004464371	0.0597881211	-0.0896415742	0.0459134538	0.0369655503	0.0414871514	0.0696710702	0.0135443559	0.0122909408	0.0751447883	-0.0514287909	0.0306563333	0.0352409452	-0.017688626	-0.1163554218	0.0895805128	-0.1272532321	0.0246841863	-0.0654813601	-0.0083800921	0.0093616847	-0.0872158901	-0.0143163151	0.0106661394	0.0633300838	-0.0981638723	-0.0271556961	0.0588007554	0.0540224297	-0.0986777337	-0.0093739387	-0.0116391522	-0.0047297873	0.0525992584	0.1119764607	-0.0027697785	-0.0013330876	0.0084795357	0.0273245268	0.028352577	0.0027795167	0.0884400283	-0.060500829	0.0292633671	-0.0743657211	0.1027631192	0.0013943733	0.0435723979	-0.0831248025	0.0732930384	0.0711495986	0.1411563151	0.0069389678	0.1584892437	-0.0235434786	-0.088949657	0.0169626991	0.0502319908	-0.0959073915	-0.0651652608	0.0457460516	-0.0366926959	-0.0849680357	-0.0541323269	0.0271042781	0.0	0.00202482	-0.02410238	0.0005809247216644	4.099896032400001e-06	-0.070908	-0.0356451	0.00127057315401	0.005027944464	0.35858	-0.0504729999999999	0.1285796164	0.0025475237289999	0.00360355	8.125000000000016e-05	1.29855726025e-05	6.601562500000026e-09	-0.000535502	0.0003304459999999	1.0919455891593393e-07	2.86762392004e-07	-0.00132132	-0.0007199	1.7458865423999998e-06	5.1825601e-07	0.0
4810.937954518746	18.27934404484131	334.13441870967546	23145124.002229013	9456.106591621654	-9.836921655389231	96.76502765426564	89417951.87211049	4792.818727357775	0.282715962805014	22971111.3533114	0.079928315624766	4954.469530926635	7236.194624212933	1.167735	37.128124	0.18862738	0.0929985	0.135995674	-0.062429576	0.0279118869	-0.0319243213	0.0705208083	0.0870260713	-0.0262629728	-0.119434309	-0.0718743176	0.0126154645	-0.053724933	-0.0341696959	0.0510324208	-0.0521296907	0.0854960281	0.0144183811	0.0244257335	0.0416836826	-0.045688375	0.0270661989	0.0673208765	0.0524305773	-0.1319576135	-0.0906450673	-0.0050022082	-0.0437282698	0.0175224442	-0.1625684268	-0.0982812816	-0.0053056685	0.0166386696	-0.0266219784	-0.0151496557	0.0795463248	-0.0314887221	-0.0403796196	0.0675606387	-0.0032412151	-0.0364602912	0.076052857	0.0350590667	-0.0904564137	-0.0391049439	0.0768626017	-0.0008822267	-0.0587780019	-0.1134333864	-0.0652633856	-0.0746586263	0.0183417959	0.0491451135	-0.1002686723	0.0620304717	-0.0572345299	0.0408242031	-0.0949686174	0.0022286978	-0.082968043	0.0496257021	0.0246923491	-0.014991559	-0.023500003	-0.0144608566	-0.0166391439	0.0315809558	-0.1135407888	-0.0313954273	0.0512438302	0.0003663295	-0.046447646	-0.0119354779	-0.0373104586	0.0810926297	0.0473500929	0.0242870542	-0.0880056487	0.046993026	-0.0194676074	0.0371959643	-0.0554701046	-0.0415309593	-0.0996169724	0.0311036456	0.0943267301	-0.0616864206	0.0585436461	-0.000422779	0.0273476664	-0.0037634921	0.0706307587	-0.0411493849	-0.0091600687	0.0832874246	-0.0600021588	0.0460966379	-0.0778418651	-0.0443276189	-0.0189427185	0.022578034	0.0097231566	0.0569371814	-0.0767642863	-0.0295494166	0.0271194181	0.1681061042	-0.1296349064	-0.0177843414	-0.0162756852	0.0665909736	-0.0992198428	0.020658633	0.0060746272	-0.0091382584	0.0630385829	-0.0229143236	-0.0447687045	-0.0121441891	0.0287365647	0.0357784361	0.0797851927	-0.0505932518	0.0711031514	-0.0586382943	-0.1395727995	0.0939584792	-0.0875541764	0.0127836347	0.0709569414	0.0438815121	-0.0282072491	0.0352184927	-0.0130618656	-0.0876078991	-0.0199263012	-0.019551567	0.0592173996	0.0014193307	-0.0029570643	-0.1353301497	0.0728304494	-0.0419182837	-0.024189318	-0.0658673019	0.0146439356	-0.0180599184	0.0386349698	0.0263385884	-0.0311418841	-0.0326031853	-0.0279942471	-0.1431075785	-0.0359425948	0.0470971353	0.0237568737	0.0367461435	-0.0364543572	0.0223249984	-0.0691352447	-0.0424147182	-0.0476549808	0.023032023	-0.0219214859	-0.0289210043	-0.1331049699	0.1015393896	-0.039043689	0.0269363605	0.0458222835	0.0101713503	0.0264383263	0.0134623371	0.0492649317	-0.0190363852	0.0462558286	0.0406841115	0.0810368685	-0.0423421636	-0.0284724029	0.0174322412	-0.0767552558	-0.0785167873	0.0161948802	-0.003711873	0.0449105582	-0.0384625556	-0.0852735093	-0.0510242304	0.0317282239	0.0	0.0430122	0.04098738	0.0016799653192644	0.00185004934884	-0.0179477	0.0529603	0.00280479337609	0.00032211993529	0.30836	-0.0502199999999999	0.0950858896	0.0025220483999999	0.00393825	0.0003346999999999	1.55098130625e-05	1.1202408999999989e-07	-0.00065279	-0.000117288	1.3756474944000002e-08	4.261347841e-07	-0.0008841139999999	0.000437206	7.816575649958232e-07	1.911490864360874e-07	0.0
4816.047064822136	5.10911030339048	26.103008092210764	23194309.330581915	9457.185179057877	1.0785874362227332	1.1633508575775289	89438351.51099196	4786.026724725757	-6.792002632018011	22906051.80978916	46.1312997533396	4948.193239190984	7254.899416343929	1.128059	35.866646	0.0557743499999999	0.0278818	0.0898718824	-0.0242895896	0.1031973008	0.0130560904	0.0655573188	-0.0097675573	-0.0727027995	-0.0670520815	-0.0556981098	0.0217020793	-0.0849697302	-0.0140262796	0.0837260313	-0.0627904121	-0.0553885908	0.013402634	0.0187967761	-0.0441784325	-0.0285755996	0.0593387267	0.0614632772	0.0587379581	0.0947036385	0.0317969765	-0.0408742841	0.0241992152	0.0570747693	-0.0347342345	-0.0333759099	0.1063953537	0.1111370202	0.0836040422	-0.0522715667	-0.0405707114	-0.0276309899	-0.054961348	-0.0482667631	-0.0563723528	-0.0114971066	0.0954220594	0.0330983925	0.0018543764	0.030003974	0.0601855097	0.109241498	0.0532226523	-0.1067438136	0.2089298413	0.1025930882	0.0142979596	0.0534460829	-0.0908240122	0.0079273994	-0.0187456581	-0.113911747	0.1543758829	0.1632983139	-0.0330102172	-0.0356217103	0.0422663294	-0.0375198514	0.0355415409	0.0504465928	-0.0450117427	0.0282390584	-0.0202745107	-0.0072922355	0.0047207409	0.0383960161	0.0282443355	0.0369571649	0.0559988149	0.0468944268	0.0018719974	0.0686417028	-0.043556882	-0.0486071643	-0.017268118	-0.0390117676	0.0505598775	-0.0027697583	-0.0374770329	0.0444527122	-0.032067595	-0.0370381942	-0.027628649	0.0742295532	-0.134567338	-0.0522773526	-0.0568996164	0.0104498902	0.0111251754	0.0084091113	0.0062398459	-0.0476631357	0.0159454618	-0.1060156681	0.0133251265	0.0689323323	0.0189143573	0.0267020407	-0.0603815567	-0.066836865	0.0257302984	-0.0836179777	-0.0116111576	0.027123268	-0.0297203524	0.0862823747	-0.0272075609	-0.1260028569	0.0723210509	0.001303252	-0.03124647	0.0441070562	-0.0176262624	-0.0830091846	-0.022771482	-0.0089809414	-0.0812497518	0.0678870772	-0.0934089237	-0.094014324	0.050211788	0.1023560907	-0.121379239	-0.1364268479	0.0090382658	0.0310709739	-0.0367113413	0.1646997512	-0.1258086655	-0.0958496704	0.0804203539	0.0115225229	-0.0406206945	0.0611247871	-0.1443674467	0.0775640836	-0.0701104454	-0.0923292913	0.1229189753	-0.038796072	-0.0373124337	0.0519740521	-0.0287218947	0.0069802984	-0.0073498143	-0.0298350706	0.0075308249	-0.0402342174	0.0331330425	-0.0481532155	-0.0486281528	0.0470127052	-0.0429239646	0.0572669442	0.0507071673	-0.0354497634	-0.0154789496	-0.0064851129	-0.0279262314	-0.0175783248	0.01487986	-0.0872965985	-0.0945468123	0.0106795703	-0.0900531249	-0.0609787942	0.0757954376	-0.1327681835	0.0229321196	0.011104557	-0.0207517757	-0.0251101528	-0.0021088553	0.0045571632	0.0112815311	0.0496552326	0.0600379403	0.0410900495	0.0812936531	-0.0636933958	0.0440691175	-0.0402120424	-0.0854773608	-0.0478080418	0.0362471574	0.0	0.0474959	0.0044837	2.010356569e-05	0.00225586051681	-0.0304832	-0.0125354999999999	0.0001571387602499	0.0009292254822399	0.309254	0.0008939999999999	0.0956380365159999	7.992359999999113e-07	0.00354283	-0.00039542	1.25516444089e-05	1.5635697640000005e-07	-0.000925265	-0.000272475	7.4242625625e-08	8.561153202249999e-07	-0.000794786	8.932799999989999e-05	6.316847857960001e-07	7.979491583982133e-09	0.0
4829.167038928291	13.119974106154586	172.13372054616684	23320854.28987144	9527.44898285934	70.26380380146293	4937.002124650476	90772284.12098746	4810.54322930344	24.51650457768301	23141326.16099717	601.058996707552	4970.931361632806	7333.328011390876	1.216172	38.668198	0.11092335	0.0583891	0.0725725232	0.0792418304	-0.0736891069	0.022835541	0.0755693165	0.0044326818	-0.0702202759	-0.0637052165	0.0142625651	-0.0590691852	0.003762363	-0.1006146099	-0.0109045289	0.0216036716	-0.0190041399	0.0033605963	-0.0766700376	0.0654125111	0.0139032613	-0.0098550065	0.0551545428	-0.0472224173	-0.003339919	-0.0533899554	-0.102856486	0.0067959365	0.0354775682	-0.1017077702	-0.0311757151	-0.0472646533	0.0162189914	0.0002779326	-0.0879471882	0.046494063	-0.0284596413	0.0389434985	0.0002451371	-0.0110318379	0.0548432263	-0.021806861	0.0457610608	-0.011269144	0.000505815	-0.0302717545	0.0988150787	-0.0100728282	-0.004000615	-0.1209733328	0.0634499982	0.1485803162	-0.1487513945	0.0301384728	-0.0123933973	0.0630668624	0.0929689244	-0.0837410159	-0.0210785015	-0.0137384319	-0.0416473957	0.0260655388	0.0479995946	-0.015976952	0.0783789054	0.0707538443	0.0469917075	-0.0837371418	0.0546856124	0.0702508577	-0.0600963678	0.1102927371	-0.0518940451	-0.0463709169	-0.0831067167	-0.0400794202	-0.0750096597	0.0011335643	0.0311509228	0.0053425884	-0.014276034	0.0463582257	0.0095708785	-0.1544241984	-0.0837119096	-0.06287232	-0.0018181471	0.1058633802	-0.098345384	-0.0271159297	0.128940352	-0.0848128355	0.0417094519	0.118032567	0.0787235943	0.0493297622	0.036197912	-0.0013078918	-0.0728224108	0.0036786482	0.0486735034	0.0823200674	0.0633921742	-0.0700735311	0.0059521083	-0.0132116423	-0.0146959818	-0.0816427303	-0.0880302474	0.048206456	0.0656277222	-0.0723112203	0.0572040022	-0.0417973655	0.0431415367	-0.0105337287	-0.039666073	-0.0768940132	-0.0694458035	0.0027213182	-0.0196395282	0.0069868369	0.0038912185	0.0135455713	0.0308877068	-0.0377759769	-0.0362456571	0.0253692455	-0.00047994	0.1406963911	0.0309771522	0.0843899079	-0.0188146578	0.0281578963	0.1912209733	0.0361640691	-0.0656499684	-0.0341785337	-0.1015050505	0.0618934963	-0.0037022881	0.0894207372	-0.0827764244	-0.0171957949	-0.0120337778	0.0047503876	0.0679282675	0.0590165667	-0.0562328935	-0.020450518	-0.0825064678	0.0482838774	-0.0517661274	-0.0229091871	-0.0838236805	0.0393854554	-0.0790665475	0.0357272072	-0.0279197372	-0.0844385009	0.0381629978	0.0184308927	0.063652712	0.0111835515	0.0491589165	-0.1061511639	-0.0649141867	0.1117716766	0.0634743494	-0.0597794492	0.1262496069	-0.0114281476	-0.039172717	-0.0590772488	0.1504051893	0.0747359882	-0.1327490029	0.0841469843	-0.0452388754	0.0213827592	0.0734271962	0.0181245122	-0.0286682048	0.0891665595	0.0582215045	0.0432218409	-0.0419402295	-0.0855793473	-0.0444905743	0.040646122	0.0	0.0427641	-0.0047318	2.238993124000001e-05	0.0018287682488099	-0.069436	-0.0389527999999999	0.0015173206278399	0.004821358096	0.324482	0.015228	0.1052885683239999	0.000231891984	0.00421752	0.0006746899999999	1.7787474950399997e-05	4.552065960999999e-07	-0.0008789839999999	4.6281000000099977e-05	2.1419309610092542e-09	7.726128722558242e-07	-0.00111403	-0.000319244	1.2410628409e-06	1.01916731536e-07	0.0
4820.6250089441	-8.542029984190776	72.96627625081427	23238425.476857305	9544.617883709629	17.168900850288992	294.7711564070541	91099730.54602969	4789.130290708258	-21.412938595181917	22935768.941379365	458.5139392810312	4949.822090828217	7361.731290322932	1.097069	34.881313	0.1164541499999999	0.0698172	0.0609192903	0.0158876334	-0.0223792588	-0.0656963803	0.0156399123	0.0268169	0.0503610741	-0.0616454939	0.011357948	0.0276339791	0.0250767567	0.0071732729	-0.0681835984	-0.049660301	0.0879981615	0.0883265997	0.0266154717	-0.0490271351	-0.0256315788	0.0554832192	0.0839178329	0.0017381073	-0.082474539	-0.1709098452	0.0539829809	0.0307262904	0.0445572818	-0.0408393811	-0.0385286701	0.0020504403	0.0662348081	0.0545160487	-0.0187585589	0.0245642451	-0.0210091229	-0.0682046088	-0.0403291552	0.0114482821	-0.0515786871	0.0205503675	0.051252403	0.032227488	-0.0405433319	0.0407072079	-0.021969783	0.1139951846	0.0129153676	0.0139195799	0.0209978495	-0.0549451008	-0.0288853954	-0.0805432613	-0.048235636	-0.0458427122	-0.0229463249	-0.088459031	-0.0988591222	-0.0022554613	-0.0212465008	-0.0206876545	0.0196689359	-4.23534e-05	0.0405443837	0.0116864628	-0.0079688916	0.0525070774	0.0146646686	-0.0152509323	0.065445184	-0.0529959009	-0.0078486822	0.0961699429	0.0395746862	-0.0548841449	0.0339925871	-0.0070696005	-0.0197862237	-0.0880915974	0.1066944583	0.0537165839	0.1344067188	0.0482074466	-0.0206954726	0.0495115938	0.0136424118	0.0226822957	-0.01300126	0.0100360221	-0.0634619894	0.0124060044	0.01615049	-0.0079190632	0.0080292898	0.0061899731	0.001549629	0.0332799066	0.0256649119	0.0612643814	0.040890159	-0.011278413	0.0099831053	-0.0770660739	-0.0561928102	0.0135262004	0.1100726518	-0.1719354278	0.0074721319	0.0488934963	-0.0165854924	0.0218039414	0.0084185802	0.0165596466	0.0235824549	0.0261709129	0.036568682	-0.0334493966	-0.0584056363	-0.0645350296	0.0595120937	-0.0202990949	-0.0307157319	-0.0108187508	-0.078531829	0.0334355823	0.0070681548	-0.0902968114	0.0253354606	-0.0581334831	0.0725100623	-0.0210430282	0.0035388817	0.0342041807	0.0704044061	0.0823283956	0.0287463889	0.0866042846	0.0353181685	-0.0202264596	0.0216904855	0.0512943936	0.0659100517	-0.0070783383	0.0454405792	-0.0059960905	0.0312647487	0.0533437593	-0.016020764	0.0249926411	0.0597849393	-0.018336773	0.0129966011	0.0244781272	0.0646274757	0.0484471446	0.0742376463	-0.0150413523	-0.0978830313	-0.0033894434	-0.0437289155	0.0471691929	-0.1008930741	-0.1055847359	-0.1109317939	0.0903455586	-0.017274757	0.0167509193	0.02145777	0.0145692185	-0.0022239606	0.040309151	0.063262066	0.0318717705	0.0068142556	-0.0122654248	0.0287784028	0.0155405659	0.0313862113	0.030723822	0.0307947255	-0.0325481273	0.0505588276	0.0916145146	-0.0512998622	0.0423688407	-0.0436462017	-0.0855793473	-0.0410788559	0.0449105582	0.0	0.0472519	0.0044878	2.014034884e-05	0.00223274205361	-0.0173111	0.0521249	0.00271700520001	0.00029967418321	0.334068	0.0095859999999999	0.1116014286239999	9.189139599999968e-05	0.00356949	-0.00064803	1.27412588601e-05	4.1994288089999993e-07	-0.000960032	-8.104800000009998e-05	6.568778304016206e-09	9.21661441024e-07	-0.0008379989999999	0.0002760310000001	7.022423240008325e-07	7.619311296105521e-08	0.0
4816.580242968208	-4.044765975892005	16.360131799733608	23199445.236951683	9548.3044546757	3.686570966070576	13.59080548787454	91170117.9591798	4795.238947274577	6.108656566319041	22994316.561458997	37.31568504523274	4957.860756307775	7373.009563167499	1.146422	36.450508	0.10818715	0.0694039	0.0721044446	0.126913296	0.079481596	0.0061943247	-0.0292516489	0.048271685	0.039256419	-0.1202122171	0.0228870784	-0.0016524514	0.0260514809	-0.0589001146	-0.0340285573	0.0066190469	-0.0862172182	0.0066140819	-0.0204156788	0.0439881715	-0.0151740918	0.0506249297	0.1222584246	0.0563430459	-0.0043198371	0.0899532707	0.0619193115	0.03504637	0.0484472549	-0.0773746905	0.081482869	-0.0475897116	-0.0202204738	-0.0474122723	0.0415782718	-0.0203831048	0.0474910022	-0.0968854194	-0.1176683111	0.096920748	-0.0930826924	0.1336731138	0.0708686572	-0.0082592814	0.0092615127	0.056306615	-0.0158766432	0.0524442125	-0.00299623	0.094010676	0.1095311095	0.0030425389	0.0813284208	0.008829331	0.0189273373	0.0261708451	0.0270182125	-0.1158195346	-0.0300251207	0.014096833	0.1157894025	-0.0179260137	0.022057181	-0.0996314444	0.0321418911	-0.0634941863	-0.0629913639	-0.0730286265	-0.132889263	-0.013045051	0.0081022857	-0.0512485756	0.0192604636	0.059337766	-0.0981471785	-0.1011535707	-0.0470885714	0.0252537382	-0.020771813	-0.0014373948	0.0458632133	0.0436165647	-0.050893141	-0.0880144115	-0.0744613783	-0.0540805904	0.044265333	-0.0120166215	0.010940021	0.0413685073	0.0074828099	-0.0098804024	0.0198537989	0.0022763494	0.0549788488	-0.0134194994	-0.0263321133	0.0772126198	0.0211027022	-0.0300062355	-0.0504404532	0.0350976756	-0.0153142585	-0.1209981889	-0.0708170533	-0.0153740308	0.036638297	0.0932801258	0.0735586067	-0.0036506832	0.0800363369	0.0015806042	-1.43372e-05	-0.0964143106	0.0069822059	0.0093881442	0.0126535464	0.0710274225	0.0381675813	-0.0526323727	0.1276068961	0.0478112518	-0.0392756355	-0.1427473201	-0.1210300509	0.0061403007	0.0280596838	-0.1047693199	-0.0160951579	-0.0808490442	-0.0303161096	0.0575369984	0.077431642	-0.0586887841	0.0147134388	0.0781729833	0.062710789	0.0347949576	-0.0799415708	0.042390227	-0.0810427519	-0.0536107847	0.0828328946	-0.0334813426	-0.0173088565	0.0448582366	0.0217254399	-0.0524356011	-0.0026716158	-0.1064721053	-0.0008453359	-0.1675213546	-0.0189179591	-0.0139632221	0.0489911469	-0.033175626	-0.0085898932	0.0826922489	-0.1089553945	-0.0111268318	0.0647760122	-0.0506819102	0.0246118432	-0.02451269	0.0642796913	-0.0350207373	-0.0748731091	0.0381789515	0.0286256904	-0.0714434136	0.008028052	-0.0259103366	0.0708097589	0.0416465579	-0.0097759318	-0.0359971676	-0.0169820595	-0.0061112843	-0.07672903	0.0645109585	0.0478887203	0.039826692	0.0068213132	0.0174960486	0.0254246127	0.0415102298	-0.0453290553	-0.0854773608	-0.0375801141	0.0490263519	0.0	0.0476958	0.0004438999999999	1.970472099999974e-07	0.0022748893376399	-0.0460301	-0.0287189999999999	0.0008247809609999	0.0021187701060099	0.274389	-0.0596789999999999	0.075289323321	0.0035615830409999	0.00367775	0.00010826	1.35258450625e-05	1.1720227600000046e-08	-0.000929809	3.022300000000001e-05	9.134297290000007e-10	8.64544776481e-07	-0.000589577	0.0002484219999999	3.47601038929e-07	6.171349008395033e-08	0.0
4826.887976676559	10.307733708351408	106.24937420228385	23298847.53938473	9505.200290734689	-43.10416394101048	1857.9689490535084	90348832.5669828	4800.228532970362	4.989585695784626	23042193.96874279	24.895965415578555	4961.9097073115	7267.02170974521	1.157699	36.809048	0.0703503	0.0373026	0.0823431873	0.0054799566	-0.0276425652	-0.0510470227	0.0806095776	0.048787778	0.0249534384	-0.0829921646	-0.0019882215	-0.0101552861	-0.035887591	-0.0585997625	0.0406787155	-0.0445128852	0.0633988953	0.0160985456	0.0344313393	0.1087206482	0.0085761403	-0.0056848357	0.0782373195	-0.0269017291	0.0371724164	-0.1135914892	0.1418322127	0.0837589965	0.0219353738	0.0536898247	-0.0230804041	-0.0013204929	-0.0735048988	-0.0379632906	-0.140965963	-0.0122598591	0.0260638047	0.0909857939	0.0455150846	0.0431780889	0.0571323811	0.0597665161	-0.0216095845	-0.000500415	0.0416235134	-0.0475919924	-0.0592197349	0.0265624302	-0.1069330246	-0.0504672484	0.0682820544	0.0340062484	-0.0644258766	0.054279899	0.0222967208	0.0875011801	-0.0168827712	-0.09508234	-0.1031223115	-0.0070048486	-0.0874823621	-0.0570145059	-0.0352713991	0.0715362843	0.0755556355	-0.001165877	-0.0726609306	0.0516905061	-0.0447238764	-0.0555037988	-0.0106612549	0.0502287645	-0.0580989951	-0.0571122415	0.0097649229	0.0033404634	-0.0052852115	-0.0675146875	0.0720494046	0.037173673	0.0851331135	-0.0560889696	0.0158449523	-0.0865670223	-0.050092414	0.099146375	0.0245209874	-0.0126119039	0.0755316337	0.0681659601	0.0401004675	-0.0714127916	0.00299931	0.0851728985	-0.1898772508	-0.0110052564	0.0397534124	-0.0111303888	-0.0296517947	0.0429685289	-0.0797322844	0.0020077115	-0.0594050312	-0.0763970537	0.0009077969	-0.0080921605	-0.006895632	-0.1050343763	0.1075232251	0.086735058	-0.0514884077	0.1260323564	0.0419611764	-0.0104298647	-0.0733856113	-0.0350636137	-0.1041122117	-0.06176718	-0.0743461259	-0.0110407257	-0.0038178943	0.0575900985	0.0850032332	-0.0034013753	0.0644171578	-0.063016158	-0.0272857785	0.0295713374	0.0326456069	-0.0801267635	0.0485877069	0.0929853169	0.026111682	0.0463533635	0.054919205	0.0166022463	-0.05156178	-0.0545422422	-0.1134599119	-0.0366171987	-0.0373212266	0.0631007048	0.0417022209	0.0533856456	0.1401462946	-0.0178402616	-0.0707587201	0.0479009976	-0.0722132314	0.0276395573	0.0344549872	-0.0616227753	0.0131074063	0.018944432	-0.0890402167	0.0682292912	-0.0179711788	-0.0082807839	-0.035916647	-0.090608589	-0.0424399369	-0.0430772042	0.0149260299	0.0540735819	-0.0561050743	-0.0273746021	0.1145477309	0.0135217683	0.052394989	0.0027170065	-0.0561370998	0.0319466638	0.0454549653	0.046755341	0.0703834041	0.0354114282	-0.1049193942	-0.1842228038	-0.0167981914	-0.0466043788	-0.0859381417	-0.0298665757	-0.0063686875	0.0714129282	-0.0166114467	0.040646122	-0.0469878988	-0.0852735093	-0.0340017607	0.0529798809	0.0	0.0496332	0.0019374	3.7535187600000233e-06	0.00246345454224	-0.0364196	0.0096104999999999	9.236171024999988e-05	0.00132638726416	0.302284	0.027895	0.091375616656	0.000778131025	0.00359303	-8.471999999999993e-05	1.29098645809e-05	7.177478399999989e-09	-0.00111227	-0.000182461	3.329201652100003e-08	1.2371445529e-06	-0.000940544	-0.000350967	8.846230159359999e-07	1.23177835089e-07	0.0
4832.22972193116	5.341745254600937	28.534242365051632	23350444.0855149	9463.63850862786	-41.561782106828105	1727.3817318954568	89560453.82198416	4788.407420905151	-11.8211120652104	22928845.628579523	139.73869045826288	4950.277058829447	7334.791277547348	1.205356	38.324287	0.10718581	0.0628976	0.0410276587	-0.0119379355	0.1335712795	-0.0242454677	0.0825591029	-0.0098545489	-0.1068414014	-0.073168202	0.0215122081	-0.0584853451	-0.0853927349	0.0650975899	0.0825763676	-0.0518402197	-0.0817582278	-0.0820471928	-0.0709127525	-0.0383622941	-0.0810278357	0.0470504541	0.0795313249	-0.0005404727	0.0041511207	-0.0559078323	0.1045206373	-0.0379122214	-0.0219339949	0.0170376473	-0.002118513	0.0496915678	0.0226877574	-0.0925248118	0.0859420917	-0.0553909203	-0.0233804378	-0.05588885	0.0440768804	-0.0122778122	0.0219824164	-0.0120268955	-0.0068996441	0.0211528507	-0.0317025319	0.0026631109	0.0217587551	0.0173599813	-0.0093484013	0.0041378165	0.0479301321	0.0769282775	-0.0130387444	-0.0435388368	-0.0223519637	-0.0795265516	0.0655130324	0.0127334049	0.0642512558	0.0291015814	-0.0843172973	0.0601694641	-0.0484076127	-0.022272145	-0.0421344571	-0.0814290181	-0.1144136676	0.1126219839	-0.0621672562	0.0482219801	-0.0969103762	0.0884358801	0.0475497384	-0.0608616504	0.046095096	0.025417619	-0.0377882429	-0.0048230437	0.0169072351	0.026094758	-0.1067494133	-0.1647865069	0.1274739559	0.0777397173	-0.0060589888	-0.09363403	0.0309882345	-0.0616043104	-0.1239297184	-0.0224359468	-0.0278061164	0.0104861402	0.0490736061	0.0266562174	0.0182350623	0.1004537088	-0.0416294937	0.0761242582	0.1085247694	-0.0120733796	-0.1288461088	-0.066980049	0.0493504011	-0.0704245908	-0.0740981982	-0.0476961347	0.0309637435	-0.0372720466	0.0739559497	-0.0425425775	-0.0578435966	0.0288068501	-0.018365027	0.0125029342	-0.080516973	-0.0628435131	0.0510459839	0.0314578076	0.0995202155	0.0351643405	0.0337830975	0.0033325181	0.0400543476	0.0398426249	-0.0186329527	0.0369243329	0.0147144694	-0.0342716835	0.0253926338	0.0455226255	0.0186908003	0.002398333	0.035964979	-0.0746181555	0.0093555396	0.0672782347	-0.0187454935	0.0121814876	0.063297581	0.0538629027	0.0227067658	0.0126513011	-0.1131065099	-0.0220448723	0.0487926716	-0.060212273	-0.0511305446	-0.1236709277	-0.0395496499	-0.0552146001	0.0930711401	-0.0461389624	0.0473816978	-0.0494300787	-0.1261899799	0.0521156179	-0.0086471141	0.0267289413	0.0906142764	0.0351515978	-0.0111008848	0.0390688505	0.0582229483	0.0388651901	-0.0757847401	0.0791615101	0.0878137491	0.1329381151	-0.0241889714	0.0431374355	0.057284483	-0.0695810752	-0.0296700338	-0.080151782	-0.1009313685	-0.1114379682	0.0122760861	0.0158532341	0.0462763869	0.0216752347	0.0310093259	0.132576155	-0.056595886	-0.125096087	0.1280722294	0.0397766315	-0.0486218538	-0.0849680357	-0.0303513764	0.0567580599	0.0	0.0492987	-0.0003345	1.1189025000000099e-07	0.00243036182169	0.00443751	0.04085711	0.0016693034375521	1.9691495000100003e-05	0.260039	-0.0422449999999999	0.067620281521	0.0017846400249999	0.00355743	-3.5600000000000215e-05	1.26553082049e-05	1.2673600000000154e-09	-0.00112467	-1.2399999999999868e-05	1.5375999999999669e-10	1.2648826088999998e-06	-0.00051356	0.0004269839999999	2.6374387360000005e-07	1.82315336256e-07	0.0
4839.560131818358	7.330409887197675	53.73490911432543	23421342.269485723	9520.855836275092	57.217327647231286	3273.8225830906176	90646695.85513347	4796.917729085597	8.510308180445463	23010419.69961572	72.42534532615697	4955.894848327413	7330.001459687712	1.295823	41.200687	0.1098342099999999	0.0488886	0.0354299449	0.0427464987	-0.0935954742	-0.0393471579	0.0958774765	-0.0694301646	0.0356550831	-0.0373817783	0.0283809754	-0.0682845273	-0.0728449628	-0.0404387875	-0.0003177761	-0.0222024226	0.0182331474	0.036004599	-0.0445386185	0.0352451791	-0.0655766549	0.0551381638	0.0835484282	-0.0136413958	0.0737773583	0.0515767083	0.015812186	-0.0164099524	0.0907069859	0.0249621469	-0.0294160087	-0.0002168072	-0.0404310458	0.0351540931	0.0073432419	0.0428882023	0.0561783916	-0.0168266225	-0.0794900833	0.0562409031	0.0646744651	0.0088061895	0.0618095852	-0.0321191121	0.111186094	-0.0567100139	0.0126179971	0.0102907535	-0.0585853917	0.0288760746	-0.0399552309	0.0065538522	0.0468222659	-0.0138605607	-0.0393712963	0.0444917813	-0.0242088014	0.1521386705	-0.0108311085	-0.1364450681	0.0082362044	-0.060780984	0.0760091269	-0.0520037223	-0.0588605066	-0.1415106035	0.1638558034	0.0779738994	-0.0096870433	-0.0429231086	0.0291689289	0.0015905552	0.0279133295	-0.0333136904	-0.0825209644	-0.0545117998	-0.003604964	-0.0839339478	-0.0449774337	-0.0072903454	-0.0399871051	-0.0497976672	-0.0152685338	0.0079905526	0.0075119955	-0.0010748233	0.0128703465	0.0051233584	-0.0649199883	-0.1007963236	0.0373803635	0.0850655326	0.05449652	-0.0269527451	0.0532091804	0.0688123503	0.0729121544	0.0416688833	-0.0311814126	-0.0427764264	-0.0102003048	-0.0402139018	0.0015566427	-0.0476258159	-0.0757876488	-0.0321440659	-0.0782626801	0.0083811861	0.046166673	-0.0423921284	0.0597324694	0.0472008587	0.0120249129	-0.0157667638	-0.0289306031	0.0643887826	0.0081999909	-0.0140890329	-0.0141384774	-0.1046344613	0.0490062372	0.026233415	0.0015392604	-0.0220326522	-0.002693785	-0.0402832614	-0.0688976641	0.0491671022	-0.0760768779	0.0194314069	0.0125447388	-0.0047281593	-0.0026312244	-0.090919281	-0.0620895721	-0.0544355042	0.0676468231	-0.142797578	0.0300411034	-0.0662284885	0.0281920911	0.040142578	0.0057474786	0.0589787946	-0.0272418002	0.1072657247	0.1101616655	-0.0132721832	0.2083199585	0.086135309	0.074471368	0.0008140222	0.0102305748	-0.0103294768	-0.0271010866	-0.0297449989	-0.0565987603	0.1278081891	0.0343683555	0.0224726229	-0.0521832933	0.0001311856	0.0625296567	-0.0402348862	0.0016354628	0.0186658041	0.0183662683	-0.0184943323	0.0202111358	-0.0390768597	0.0103920813	-0.0162841454	0.0057386819	-0.0703706206	0.0161363595	0.0696735597	0.0527636439	0.0626922658	-0.0309890946	0.1217881585	0.014013107	0.047121728	-0.010086227	0.0376496014	-0.0183708323	0.0389018737	-0.0502300546	-0.0845613042	-0.0266366943	0.0603483841	0.0	0.0416574	-0.0076413	5.838946569000006e-05	0.0017353389747599	-0.0216918	-0.02612931	0.0006827408410761	0.00047053418724	0.284284	0.0242449999999999	0.0808173926559999	0.0005878200249999	0.00407223	0.0005147999999999	1.6583057172899997e-05	2.650190399999997e-07	-0.00131043	-0.00018576	3.4506777600000034e-08	1.7172267849e-06	-0.000849372	-0.000335812	7.214327943840001e-07	1.12769699344e-07	0.0
4843.4093258245175	3.8491940061594505	14.81629449705384	23458613.897483908	9546.554995450106	25.699159175013847	660.4467823026984	91136712.28115337	4798.847980216589	1.930251130992474	23028941.93722884	3.7258694286977248	4959.192748753967	7383.699105383305	1.158544	36.835907	0.06083634	0.0298193	0.0131471609	-0.0376683152	0.0689565487	-0.0354789236	0.0675692674	-0.0093325167	-0.1033004213	-0.0219164823	0.0380785974	-0.0281782383	-0.0479617704	0.0042900414	0.0627787674	-0.095832183	-0.0172841237	0.0546917932	-0.0719396774	-0.0146181558	-0.0706795374	-0.0261551218	0.0748802193	-0.0227024749	-0.0108815649	-0.0830508781	-0.0336531584	-0.0333126332	0.0056756499	-0.0750984817	0.051194265	-0.0174441948	-0.0194980201	0.1231762647	-0.0473963447	0.0197170567	-0.0322770241	0.0729077437	0.089716485	0.0313991652	0.0094078068	0.0157217637	0.0303987138	0.062001929	-0.024338771	-0.0849255384	0.0472040951	-0.0137139399	0.0397224709	-0.0288774875	0.0162863386	0.0392076467	0.1516690099	0.0433235404	0.0426991969	0.0436568867	0.0082772096	-0.063427282	0.072364992	-0.0309270639	-0.0953288797	-0.0210846288	0.0644712503	-0.0078846875	-0.0756510329	0.0001791776	0.0510772664	0.0060913332	0.0563349053	0.0400021247	-0.056425628	-0.029616785	-0.0509779502	-0.0287088249	0.004141764	0.0993607186	0.0816412599	0.0898523581	0.0687637862	-0.0372487403	0.0320907349	0.0738541878	-0.005689362	-0.0485004718	-0.0162787483	0.0185237989	-0.0006712345	-0.002623594	0.0100599986	-0.0372155982	-0.0662516144	0.0061520422	0.0411365941	0.0264398219	0.023669108	-0.1335311082	-0.0086596548	-0.0202374167	-0.0560624429	0.1054181186	0.0349072166	0.0645374153	0.11790919	-0.0461983718	-0.011149887	-0.0900308805	0.0181285456	-0.0506156152	-0.0163546175	-0.005380032	-0.0517601787	-0.0839567347	-0.0775150379	-0.0647710383	0.0276387312	0.0414126281	-0.0029416249	-0.0420774761	-0.1273071617	0.0751057772	-0.0419690665	0.0108431058	0.0428636735	-0.0243187497	0.0312603423	0.0144445799	-0.0672004054	-0.0372231557	-0.0234288435	0.0561420879	0.0360441823	0.0180261948	-0.0727532749	-0.0239527039	-0.0374439977	-0.0259402742	0.0495415098	0.0704452668	-0.1012627363	0.0082203321	-0.0354966328	0.0055945725	-0.0698298689	0.0248403643	0.0572011786	0.0544638532	0.0038080389	-0.0064905901	0.1050113626	0.0014724929	-0.0618791323	0.0576046567	0.0390774214	-0.0842878492	-0.0033878922	-0.0061233442	-0.0254837652	-0.1334364937	0.0024034192	-0.0874458734	0.010019817	0.0708355325	-0.1436134554	-0.0003319649	0.0152912878	-0.0296426119	0.0487157674	-0.0530761825	0.0606201128	-0.0716897449	0.0104390001	0.0312331444	0.0214509082	0.0326443599	0.0123281469	-0.0711734165	-0.004792738	0.0771151213	-0.0483858909	-0.0793289607	-0.0794262155	0.0136072481	0.0630129678	0.0083434887	0.0480153613	0.0380219642	-0.0518116494	-0.0840537993	-0.0228655838	0.0637389706	0.0	0.0470525	0.0053951	2.910710401e-05	0.0022139377562499	-0.00418216	0.01750964	0.0003065874929296	1.74904622656e-05	0.290372	0.006088	0.084315898384	3.7063744000000463e-05	0.00390487	-0.0001673599999999	1.52480097169e-05	2.800936959999988e-08	-0.00110904	0.00020139	4.055793210000003e-08	1.2299697216e-06	-0.00058125	0.000268122	3.378515624999999e-07	7.188940688400005e-08	0.0
4840.177199861068	-3.232125963449107	10.446638243601818	23427315.32605493	9550.698293512518	4.143298062412214	17.166918833988806	91215837.89370292	4799.281374401679	0.4333941850900373	23033101.71067887	0.1878305196698575	4957.99307298134	7415.266238976214	1.119445	35.592773	0.034717041	0.0198138	0.0299476772	0.0514866575	-0.0696312793	-0.0528980853	0.0169954073	-0.0499505104	0.0072024789	-0.0231681611	0.0158368552	-0.0750252679	0.015377834	-0.0496640751	-0.0570757092	-0.0757111065	0.0073011948	-0.0102033835	-0.0303292931	0.0154277025	-0.1050725465	0.019690342	0.0926139162	-0.0611044507	0.1108541242	0.0242349272	0.0076587903	-0.0812101644	-0.0621138268	0.010293224	-0.0369969091	-0.0274642767	-0.0949155288	0.075419772	0.0462726358	-0.0978736223	0.0658500364	-0.0196138542	-0.0125833692	-0.0691238628	-0.0723762239	-0.0356384226	-0.0554447884	-0.0104970618	-0.0256176609	0.0031440943	0.100124224	0.0661101071	-0.0550583087	-0.0464323046	0.079301119	0.0374673488	-0.0006257246	0.0444477641	0.0278243037	0.0052414997	-0.0205991471	0.0354248075	0.0551189655	-0.0748052701	-0.0433484263	-0.0374465071	-0.0215821331	-0.0652320366	0.0962168481	-0.0382397409	-0.0688101519	0.013529106	-0.1117423209	-0.0304679831	-0.0294123017	0.0380529454	-0.0563635657	0.0892701476	-0.0819630866	0.0023909089	-0.1086659835	-0.0290539274	-0.038614894	0.0225574346	0.0360285135	-0.0175075221	0.1171390088	-0.010123888	-0.0352064715	0.09174817	0.0671738519	0.0586585707	-0.0150967548	-0.075021279	0.0872478835	0.0593323498	0.028382942	0.1031561069	-0.0537021813	-0.0128758199	-0.0923451222	-0.0236362608	-0.0542674294	-0.0881595088	0.0648268486	-0.0463768697	-0.0469899911	-0.045171271	-0.038269145	-0.0490433887	-0.1167768195	-0.0120198862	0.0365362187	-0.0586131801	-0.0377652762	-0.0695933869	0.0521685419	0.0376665327	-0.0461933067	0.0754626584	-0.0347123831	0.1365118945	-0.0014875055	0.0300165413	-0.0061174751	-0.0387325002	0.0273665461	-0.009069408	-0.0188261347	0.055516067	0.0547196714	0.0684592358	-0.0002323204	0.0311691981	0.0960132943	0.1228085426	0.0223600507	-0.0032445228	0.0571281236	0.011808757	-0.0565751937	-0.0117104967	-0.0172837764	-0.0164628655	0.0196722446	-0.0213913483	-0.0322013136	0.1302071766	0.0211800318	0.027578687	0.0753994499	-0.0519205028	-0.0194236165	-0.0559526379	0.0214430621	-0.1386444751	0.0336868184	-0.0007910752	-0.026132207	0.0221538642	-0.0842059441	-0.0110811744	-0.1241547722	0.0876870922	-0.0191217333	-0.0084943141	0.07254459	-0.0138683373	-0.0721316763	0.0392424285	0.0328204811	0.0269711895	0.077412704	-0.0112917555	-0.005659869	0.0884097143	0.0356087678	-0.0924474184	0.0456746339	0.129977796	-0.0199155146	-0.0400879448	-0.1021408577	-0.0538097882	0.0652112484	0.0592833063	-0.0071014902	-0.0450733003	-0.0854951268	0.0371370197	-0.0533658005	-0.0834461259	-0.0190460337	0.0669185973	0.0	0.0470915	3.900000000000431e-05	1.521000000000336e-09	0.00221760937225	-0.000424369	0.003757791	1.4120993199681e-05	1.80089048161e-07	0.291713	0.0013409999999999	0.085096474369	1.7982809999999493e-06	0.00407067	0.0001658	1.6570354248900002e-05	2.748964000000008e-08	-0.00143998	-0.00033094	1.0952128360000005e-07	2.0735424004e-06	-0.000676095	-9.484500000000009e-05	4.571044490250001e-07	8.995574025000017e-09	0.0
4835.429943247224	-4.7472566138440015	22.53644535768561	23381382.736051857	9550.269321569416	-0.4289719431017147	0.1840169279684607	91207644.11450996	4810.084855559767	10.80348115808738	23136916.31768542	116.71520513314904	4971.749164819893	7384.531151619371	1.104173	35.107174	0.064730649	0.0339089	0.03997006	-0.0304786263	0.0598528917	-0.0615696486	0.0426920715	-0.0621305762	-0.0932125603	-0.0509653683	0.0145817311	-0.0297304308	-0.0215924131	0.0689427677	0.0651976606	-0.0181484772	-0.0504844598	0.056832922	-0.0081767847	0.0096061099	0.0314190489	-0.0301635828	0.0486457507	-0.0146203509	-0.0437185096	0.0053371669	0.0811316384	-0.0183280188	-0.0209363976	-0.0345804021	0.1096064999	0.0013638584	0.0492142341	-0.1383792159	-0.0112288614	-0.0293717401	0.0393293234	0.1082310049	0.0950552996	0.0950706805	0.0675831718	-0.0308860292	-0.0140623036	0.0077492889	0.0354422384	0.0114113748	-0.0778901825	0.0754468638	-0.0035585229	0.0256737069	-0.0101327352	-0.0101649344	0.0284383433	-0.113916208	0.0774857892	-0.0207882618	0.1438541302	0.0328233116	0.2158811393	-0.0686014205	-0.0106993291	0.0422358248	0.0411243246	-0.0809056356	0.0228079378	0.1067307765	-0.0138397575	0.0481842576	0.1564453262	-0.0233957504	0.036031996	0.0656973174	0.0193807422	-0.0075306529	0.0513680373	-0.0494139265	0.0105057155	-0.0184787674	0.0095940228	0.0510398007	-0.0375705143	-0.0386041481	0.0005655447	-0.0446904713	-0.0484108221	-0.0759177305	-0.0598975927	0.051278629	-0.0094782448	0.0234518621	-0.0666650953	-0.0239928834	-0.0581293322	-0.0248193486	-0.0152216775	-0.0240926183	0.0489578075	-0.1530642765	0.0215153222	-0.0387282496	-0.0139617782	-0.0847861942	-0.0883809631	-0.0604477951	0.0139566982	-0.0527766786	0.0522607721	0.0188887272	0.0215949496	-0.0332319486	-0.0109950911	0.0304883383	-0.0043066774	-0.070761151	-0.0389151555	-0.1936628023	0.0050998155	0.0233529836	-0.0143004129	0.0556511439	-0.0206986385	0.1414057359	-0.024743502	0.0770211202	0.0539165921	-0.0256696797	-0.0582617378	-0.020943285	0.0070868328	-0.0805509344	0.0394799355	-0.0756087469	-0.0254589443	-0.0766105527	-0.0785333637	0.1013107485	0.0115498981	0.0086033784	-0.0240612707	0.0583968369	-0.0162293163	-0.0645323699	-0.1878144676	-0.0015877504	-0.0598845377	0.0755830972	0.1270884499	0.019264967	-0.0927205033	0.0401693957	-0.0116770708	0.0907253705	0.0737502729	0.0899922998	0.0531185855	0.0692714242	0.0451271759	0.0327291775	0.0876001868	-0.0163877074	-0.0046970391	-0.0103458208	0.0440698981	0.0250351299	-0.0148770867	-0.0302426391	0.0191638418	0.0554189592	-0.006086417	-0.0526189148	0.0957677222	0.0245902877	-0.0600831787	0.0303423135	0.0117157095	-0.0135282488	0.0301577052	-0.0202932849	0.0362791736	-0.048209454	-0.0635109632	-0.1119601106	-0.0888716499	-0.0283483365	-0.1063616568	0.0362471574	-0.0548916848	-0.0827390082	-0.0151861356	0.0698767404	0.0	0.0454945	-0.001597	2.550409000000004e-06	0.00206974953025	0.00422863	0.004652999	2.1650399694001e-05	1.7881311676899998e-05	0.278607	-0.013106	0.0776218604489999	0.000171767236	0.00394308	-0.00012759	1.55478798864e-05	1.6279208100000088e-08	-0.00119485	0.00024513	6.008871690000004e-08	1.4276665224999995e-06	-0.000141322	0.000534773	1.9971907684000005e-08	2.85982161529e-07	0.0
4830.960486266392	-4.469456980832547	19.976045703512785	23338179.21986721	9493.721674211858	-56.54764735755816	3197.6364216747547	90130751.2274	4796.208302683644	-13.876552876122332	23003614.082731526	192.55871972381897	4956.037318304762	7360.427464925515	1.15378	36.684441	0.06844992	0.0293823	0.0553718196	0.082102605	-0.0483243864	0.0005355176	0.0624621519	0.0093630411	-0.0677413301	-0.0555406501	-0.0049496241	-0.076406138	-0.0609731326	-0.0312255185	-0.0379523486	0.0231906731	-0.0361575756	0.0835844682	0.0444022739	-0.0886523552	-0.0073500009	0.022434837	0.057059286	-0.0344197464	-0.1236970067	0.0018579476	-0.0500896873	-0.1041482627	-0.0505980915	0.0263228984	0.0711546068	-0.0396893399	-0.029216802	0.0502222818	0.0162512953	-0.0009541382	-0.0050701101	0.0745645954	-0.0084241803	-0.0283202996	-0.0932128706	0.0221838853	0.1187441023	0.0483458437	0.0448711879	0.057779847	-0.1513964051	-0.0121503297	0.0517443386	-0.0837516347	-0.0746280195	0.0706987256	-0.1416644641	0.0099926488	0.057861824	-0.0504387559	0.0249538151	0.1382471822	0.0400207912	0.0935228076	0.110827688	0.0172908855	0.024296317	-0.0645001346	0.0638609702	0.0058672881	0.0004950819	-0.0175774842	0.0582588104	0.022117162	-0.1043396979	-0.0285524561	0.0344452495	-0.0588748206	-0.017317042	-0.0566594601	-0.0527129776	0.069134203	-0.0249344431	-0.0450615935	0.0753102309	0.0402451602	-0.0225007448	-0.1228736359	0.0102173192	0.0102741304	0.0559127443	-0.0094401018	0.0353379981	-0.1514021329	-0.0631321804	-0.0298193427	0.0925319964	0.0205047889	-0.0412337736	-0.0183638905	-0.1339598482	-0.0406058464	0.0222311846	-0.0306519123	-0.0214102915	-0.0306161374	0.0123670337	-0.0633930373	-0.042315769	-0.0407441329	0.0719244106	0.0160474978	-0.0962998732	-0.0690978421	-0.0756136169	-0.0146359737	0.0190735491	-0.0124367739	0.0469149252	-0.0180187627	-0.0049548307	0.0661396167	-0.0769033719	0.0124874783	-0.0357273868	-0.0064339704	-0.0627589693	0.0398622402	-0.1050552219	-0.1335177155	-0.0183266434	0.0342661473	0.1143649091	-0.0367716447	-0.1068327512	-0.0018215364	-0.1422612538	-0.0553351536	0.0562093408	-0.0308682541	-0.1619173948	-0.0966775328	0.08013001	0.0184948747	0.0671176404	-0.09089564	0.0235800146	-0.0649356348	-0.1046377771	-0.0236312617	0.0457739801	-0.0273928869	-0.0182989763	0.0424259748	-0.0525311645	0.0064330197	0.0270356199	-0.1019420046	-0.0455915065	0.0409152197	0.0324162234	0.035241463	-0.079668655	-0.0065974121	0.0727527885	-0.0018766501	-0.0134106255	-0.0478050445	0.0324897957	-0.0418278423	0.0184708164	-0.0742815893	0.1338138625	-0.1436988078	7.15877e-05	0.061136127	-0.0447468811	-0.009503654	0.0351132581	-0.0643068147	0.0259525494	-0.0554562859	0.0245938341	-0.0388254926	0.0626749298	0.0796717439	-0.0063665038	-0.0594725362	-0.0836619186	0.035352495	-0.0563884939	-0.0819332888	-0.0112940664	0.0726036092	0.0	0.0583356	0.0128411	0.00016489384921	0.00340304222736	0.0124489	0.00822027	6.757283887290003e-05	0.00015497511121	0.283874	0.005267	0.080584447876	2.774128900000023e-05	0.0036441	-0.0002989799999999	1.327946481e-05	8.938904039999996e-08	-0.00140515	-0.0002103	4.422609000000003e-08	1.9744465225e-06	-0.000474473	-0.0003331509999999	2.25124627729e-07	1.1098958880099997e-07	0.0
4848.398007410058	17.437521143666345	304.06714363581085	23506963.23825782	9523.301450592478	29.579776380620387	874.9631707275078	90693270.5188568	4800.561426452683	4.353123769038575	23045390.00914542	18.94968654856861	4958.7749734840645	7326.902627541443	1.12735	35.844109	0.07820145	0.0417764	0.0330233562	-0.0214933532	0.0191134634	-0.0624147875	0.1295353863	0.0772852389	0.0609277527	-0.0640784716	0.0390755419	-0.0148806145	-0.0803855663	0.0457357487	0.0242460352	0.0215052648	0.1644956081	0.0892736365	-0.03045672	-0.1271472677	-0.0521763313	-0.0455525409	0.0237803384	0.0072751642	0.0470779278	-0.0590861289	-0.0485840025	-0.0448288282	-0.110025876	0.0861702901	0.0532083816	-0.0031892785	-0.0488958934	-0.0175413667	0.0526833698	0.0224900028	-0.0333195637	-0.001158217	-0.0151576581	-0.072829036	0.0564364139	0.0025970826	-0.0411770707	0.0633320465	0.0270817486	0.00494656	-0.1254955996	-0.0668245284	-0.0167537514	-0.0958086549	0.0535236376	-0.0522894422	0.0778249441	-0.0504307201	0.0495552348	-0.0135588048	0.0449956664	-0.0727084365	0.1160246056	0.0347641602	0.0933767245	-0.0414984042	-0.0070501131	-0.0289216612	-0.0595399594	-0.0930225219	-0.1017144512	0.0249007334	-0.0331690849	0.1401474012	0.0225118792	-0.1113374526	-0.0767269117	-0.0434465216	-0.025235188	0.0345942753	-0.0217860841	0.0063946247	0.0084332239	-0.0878469127	0.0706920788	0.1570528688	-0.0161659939	-0.0065406771	-0.1054272583	0.0135351171	-0.0034894654	0.0373089641	-0.0365967946	0.0489174658	0.0540085972	0.0574998917	-0.1433891311	-0.0190006793	0.001924768	0.0213092106	-0.0707479858	0.0114755693	0.0831130338	0.0132246745	0.0478019763	-0.0260981708	-0.0757316551	-0.0482033351	0.0287104556	-0.045845672	-0.0217051808	0.0070456121	-0.0178577426	0.0207124476	-0.1418474833	-0.0512506165	0.0113449373	-0.040399896	-0.003221789	-0.025635942	0.0033591889	-0.0138522653	0.0748889509	-0.023946646	-0.0626166588	-0.0681957294	0.045326904	0.0557091047	0.0102568061	-0.0166633747	0.0323459818	0.0566346008	0.1098210126	-0.0225957837	-0.0589223596	0.0607281279	-0.0985816084	-0.0229895437	-0.1329346477	0.0784416216	0.0118872742	0.0306752515	-0.0006573433	0.0427338961	-0.1217807582	-0.1017924048	-0.0419854802	-0.0445734635	0.0062336364	0.0717596391	-0.0503233621	-0.1081804306	-0.0072491502	-0.0421931976	0.0995818725	0.0087758671	-0.075143173	-0.0754383836	0.0318786743	-0.0025191501	-0.0438911045	-0.0625692671	-0.1435234833	-0.0766853305	-0.0103900511	0.0052067288	-0.0856761236	-0.042434834	0.0894106815	-0.0813396514	-0.1224975699	0.0464454795	-0.0305281774	0.0910287425	0.0030152442	0.0365268523	0.0289983135	-0.0486503186	-0.0616839914	0.0853210034	0.0371847204	-0.0526194844	0.0070563574	-0.0020566591	0.0870379077	-0.0708426251	0.0377499744	0.0308746056	-0.1407813299	0.0344531511	-0.057855435	-0.081029928	-0.0073780714	0.0750901786	0.0	0.0510311	-0.0073044999999999	5.3355720249999975e-05	0.00260417316721	-0.0156072	-0.0280561	0.00078714474721	0.00024358469184	0.282495	-0.001379	0.079803425025	1.9016410000000527e-06	0.00403902	0.00039492	1.63136825604e-05	1.559618064e-07	-0.00104074	0.0003644099999999	1.3279464809999993e-07	1.0831397476000002e-06	-0.000404566	6.990700000000002e-05	1.63673648356e-07	4.886988649000003e-09	0.0
4866.780669791641	18.38266238158303	337.922276235268	23685554.08785757	9556.32816099322	33.02671040074165	1090.7635998944563	91323407.92059204	4802.083609677891	1.5221832252082097	23060006.994337045	2.3170417711052664	4960.601886763303	7453.657232130198	1.209645	38.460663	0.106893155	0.0600543	-0.0295469509	0.1019191243	0.0198684133	0.0417303301	0.0124103607	0.1683140533	-0.058054558	-0.0122342891	0.057799565	-0.1330011236	-0.0180082372	-0.0546863339	0.0019954781	0.0836283207	0.0168334973	0.0358474687	0.0131460949	-0.0358133161	-0.0437508648	0.0233151705	0.0806491082	-0.0241952349	-0.0339460688	0.0101079325	0.028487456	-0.1402191096	-0.0845100623	0.0986240902	0.026759709	-0.0339716515	-0.0952100036	-0.0244201492	0.0724323711	-0.0057086222	0.0602686723	0.0146441088	-0.0215097241	-0.009601735	0.0119635892	-0.0420332314	0.0463545941	0.0747600315	0.0774159284	-0.045333976	-0.053841047	-0.0695074549	-0.0092053989	-0.0135213305	0.0740215728	0.0038054912	0.0520071461	-0.0051025404	-0.0954262313	0.015775688	0.0252273452	-0.0792852369	-0.0607189454	-0.077772559	0.015671057	0.0661798651	0.0260564949	0.0272497625	0.0477059257	-0.032168864	0.0398305213	-0.0791180299	-0.111485521	-0.0619454971	0.0041001444	0.0133106071	0.0135798745	0.0052230242	0.0691070727	0.0463219944	-0.0189157387	0.057003069	0.0615869587	-0.0416503192	-0.0381903133	0.1309260043	-0.0110676889	-0.0699162592	0.1262313925	0.0050116765	-0.097679321	0.0107833467	0.0889875885	0.025249115	-0.01419373	-0.0869905633	-0.0513196209	-0.1178963486	0.0333742269	0.0563098333	0.0363662293	-0.0012265981	0.0138037803	-0.0415342439	0.033631635	-0.0508786171	-0.0337350807	-0.0348396793	-0.0531789531	-0.0741968636	0.0084900793	0.079806405	-0.0138850815	-0.0814546493	-0.1662336277	-0.0173354942	0.0592538996	-0.0162453972	-0.0316507461	0.0419536367	-0.0040184084	0.0440169531	0.0397739083	-0.0711667481	-0.0022732011	0.0037764246	0.0164553571	0.0150951175	-0.0650743109	-0.0157425731	-0.1076336068	0.0854352884	0.0777243474	-0.0071119936	-0.040772858	0.035136162	0.0114739698	0.0333451196	-0.0108826091	0.0433150665	0.1094026477	-0.019358157	-0.0129832895	0.0390885924	-0.0796126813	0.0919480645	0.0044578492	0.0289123114	0.0216915808	-0.038552795	0.0307576754	0.0340581144	0.0374796621	-0.0574992309	-0.0669409601	-0.0923374755	-0.071020137	0.031770547	-0.0795084026	-0.0380785114	0.059163958	-0.0468623989	-0.0438091999	0.0093840822	0.0159122033	0.0313303091	-0.0332199937	0.069162243	-0.0270934753	-0.1382093175	-0.0932174398	-0.0827729508	-0.0825103392	0.0753225885	-0.0492495877	-0.0016076377	-0.0835194719	0.0943388353	0.0625554857	-0.0310193923	0.0189945537	0.0155011554	0.0759682325	0.0456546339	-0.054613696	-0.0309103974	-0.0270243017	-0.0403134684	-0.0258612729	0.0335492447	-0.0592917311	-0.0800300023	-0.0034464463	0.0773282186	0.0	0.045571	-0.0054601	2.981269201000003e-05	0.002076716041	-0.0119668	0.0036404	1.3252512160000002e-05	0.00014320430224	0.315713	0.033218	0.099674698369	0.001103435524	0.00338537	-0.00065365	1.14607300369e-05	4.272583225e-07	-0.0012249	-0.0001841599999999	3.391490559999994e-08	1.5003800099999998e-06	4.91171e-05	0.0004536830999999	2.4124895124099997e-09	2.0582835522560998e-07	0.0
4874.761161474416	7.9804916827752095	63.6882474988443	23763296.3814194	9615.248606412604	58.92044541938412	3471.618888418624	92453005.76311952	4812.929894711791	10.84628503390013	23164294.171410456	117.64189903660596	4971.778204799312	7519.237541567806	1.146094	36.44006	0.119087355	0.0679406	-0.0525433543	0.0368147461	0.0168693877	-0.1338230762	0.0520036748	0.0459298678	-0.0246322367	-0.0634276481	0.1192651725	-0.0161790896	0.050405158	0.0479271002	0.0502117017	0.0139239343	0.0372291003	0.0010516288	0.0136477906	-0.0256262633	0.0655546149	-0.0494471846	0.0841060868	-0.1344173135	-0.0527971291	-0.0552154005	0.0059898739	-0.0129208249	0.0890674223	0.0192983909	-0.026582403	0.0492887078	0.0875479186	0.0064109767	-0.0519732286	0.0525749526	-0.0851783943	0.0620539513	-0.0264231255	-0.0086318099	0.0303425337	0.0635551636	0.0194341506	0.0310834404	-0.0006938014	0.0045261848	-0.0610425102	-0.0015912405	-0.0020227817	0.1076284553	0.0195203048	-0.0312474553	-0.0283076763	0.0906113831	-0.0536502671	-0.1622457153	-0.1991392936	0.0949950078	-0.0559046385	-0.0021205183	-0.0283838969	-0.0316140608	0.0311364324	-0.03634162	-0.0004896729	0.0259467607	-0.1339701462	-0.1120368785	0.0687459023	-0.0885357186	0.0730880169	0.0403368059	-0.1067948975	0.0609405191	-0.092398736	0.0039514677	-0.0989466224	0.0481298311	0.0337470919	-0.0066828619	0.0423801576	-0.0891572906	-0.0194833359	0.0143232869	0.0452937684	0.0193482012	-0.1246485354	-0.0254981274	0.0044830048	0.0888477333	0.0099781138	-0.0246721673	0.0289966399	-0.0283364425	-0.0047281863	-0.0335129651	0.0186765615	0.0857329844	0.0963699548	-0.018496849	-0.0029488688	-0.012082126	0.0300145104	-0.064141867	0.0097417485	-0.1421180164	0.0081325534	-0.0677275925	-0.0670821748	0.0052608194	0.0257070897	0.0564701533	0.0068967269	0.0190964142	0.0065446462	-0.0528173711	0.0769279279	-0.165944255	-0.0453068632	-0.0684157563	0.003451775	-0.0599271525	0.0535653726	-0.0612665075	0.0341270506	-0.0264517569	-0.018688452	-0.040614152	0.0171170426	-0.086677101	-0.0330910879	0.0108476871	0.0861013565	0.0220736312	0.01920383	-0.0644606868	-0.0434005843	0.051432705	0.1826062195	-0.0452668523	0.0860721512	0.0046317016	0.1380286304	0.0654908815	0.0566263317	0.0301280696	0.0533343707	-0.0747803197	-0.0959126672	0.0350473291	-0.1508908271	0.0044604822	0.0248936907	0.1234264822	0.0565456338	0.0235613852	-0.1041888628	-0.0364046785	-0.1111614812	0.0169150284	0.0402545349	1.09127e-05	0.0523132411	0.0100591643	0.0061800896	-0.0066749805	0.125191997	-0.0274254101	-0.0754280091	0.017429734	-0.0064593602	-0.0712262417	0.0218884966	0.1127451336	-0.0018426559	-0.0276503612	0.0122009783	-0.0193676548	-0.0221368785	0.0796920791	0.052912129	-0.0812885447	0.0656520582	-0.0026539733	0.0015447546	0.0326408955	-0.0606966215	-0.0789347034	0.0004924799	0.0793103218	0.0	0.0485799	0.0030089	9.053479210000011e-06	0.00236000668401	-0.0201531	-0.0081863	6.701550769e-05	0.00040614743961	0.275691	-0.040022	0.076005527481	0.001601760484	0.00390848	0.0005231099999999	1.52762159104e-05	2.736440720999998e-07	-0.00131367	-8.877000000000017e-05	7.880112900000031e-09	1.7257288689000002e-06	-0.000696406	-0.0007455231	4.84981316836e-07	5.558046926336101e-07	0.0
4876.067717177975	1.3065557035588429	1.7070878065021424	23776036.38250523	9617.405796397816	2.1571899852115166	4.653468632296863	92494494.2525863	4817.833466811796	4.903572100004567	23211519.313931767	24.0450193399432	4975.153857637451	7560.178919673754	1.113527	35.40461	0.0474031499999999	0.0222405	-0.0650496863	0.1102530826	0.0554484297	-0.0089043486	-0.0486369131	0.0854143143	0.011859047	-0.0097402465	0.0960868446	-0.1055463103	0.0676051142	-0.0129534291	0.0341688132	0.0462326149	0.0136528465	0.0278502081	-0.046302037	-0.1046893343	0.0724948375	-0.1090367684	0.0653643032	0.0229955426	-0.0062092376	0.0568623379	0.0111589695	0.0443306034	-0.0286672172	-0.0985918952	-0.0718637748	0.0372349194	-0.0196093422	0.0769356752	0.0855752774	-0.0385555827	0.0655097815	0.066420787	0.0761308243	-0.0427321704	0.0074199072	-0.0692161346	0.0514358806	-0.0321905894	0.0542412175	0.0616879666	0.0279700644	0.0226700405	-0.0210404463	0.0368229383	-0.1042898151	0.01022307	0.1331466689	0.0717037768	-0.0498155657	0.0263012338	-0.0474139297	-0.0555867459	0.059141768	2.1532e-05	-0.0058889239	-0.0654937203	0.1370685312	-0.0284299916	0.0849090769	0.0698933303	0.169636777	0.0560830685	0.1302875119	-0.0397832626	-0.0311782885	-0.0063254936	0.0612891943	-0.0176022932	-0.0478500352	0.0666246365	-0.0339894383	0.0257914038	0.0367796467	0.0360998514	0.085022682	-0.000694338	-0.0487967766	0.0385363412	0.0517477739	0.0732468311	0.1072576522	-0.0528041697	-0.0157149959	0.1004231555	-0.0270393133	-0.1168390917	-0.1068788361	0.0162589941	-0.0360056361	0.071328195	0.124237068	0.0047906912	0.024442067	-0.0439336316	0.0296169304	0.0355174102	0.0429306407	-0.0360003378	0.0727402492	-0.1113566214	0.0311294464	0.0420773059	0.0371685887	0.0149423749	0.0813359721	-0.0790095022	-0.0722472319	0.0512873799	-0.079735962	0.0734909888	0.0365908025	0.1021906459	-0.0471641663	0.0078261182	-0.1102394566	-0.004861743	0.0129269259	0.0771689647	-0.0263129625	-0.0107870283	-0.0698397127	0.0092551718	-0.0417114242	-0.0197788859	0.0151132142	-0.0060238241	0.0542414618	-0.0292347204	0.0043922198	-0.1649038659	0.1102682086	0.0921671594	-0.0297315223	-0.0118920881	-0.0460085843	-0.0524784894	-0.0090548377	-0.0206917683	-0.0350299318	0.1005198603	0.1211275	0.1299372779	-0.0022819061	0.1467381108	-0.0271119966	0.0732313283	0.0574673143	-0.0692899661	-0.0605781386	-0.0693065137	0.0430305596	-0.049208398	0.0015355513	-0.0494159353	0.0506482744	-0.0664616093	0.050725857	0.006821166	0.0360322647	0.0856352518	-0.0455926745	0.0226862223	0.0910323258	0.1275883087	-0.0598762965	-0.0821881163	0.0159260769	0.0332981825	0.0805278504	0.0414790124	-0.0880348912	-0.0634377579	0.0515176023	0.0992618843	-0.0420994499	-0.0825745821	-0.0448470982	0.0745814867	0.0790829257	0.0317282239	-0.0620693619	-0.0777453364	0.0044303628	0.081029928	0.0	0.0547099	0.0061299999999999	3.757689999999996e-05	0.00299317315801	-0.025417	-0.0052638999999999	2.7708643209999985e-05	0.0006460238889999	0.296347	0.020656	0.087821544409	0.000426670336	0.0040309	0.0001224199999999	1.6248154809999998e-05	1.4986656399999957e-08	-0.00139535	-8.167999999999999e-05	6.671622399999998e-09	1.9470016225e-06	-0.000799371	-0.000102965	6.38993995641e-07	1.0601791225e-08	0.0
4863.172270242388	-12.895446935587644	166.2925516685567	23650444.5300545	9607.224636972236	-10.181159425579608	103.6560072490685	92298765.22524633	4800.4234899837065	-17.409976828089384	23044065.68318735	303.1072931546093	4962.673752852798	7571.538494718807	1.144692	36.395485	0.068325	0.0391777	-0.047750241	0.0638883601	0.0218137747	-0.1385792983	0.0017337825	-0.019036909	0.0040874622	-0.0716290237	0.1255982773	0.0507049929	0.0451762971	0.055858246	-0.009136246	0.0055089918	0.0281825758	-0.0642154552	0.0340153595	-0.0408359719	-0.0554999204	0.0093251135	0.1292911673	-0.015660407	-0.0565310897	-0.0218210375	-0.0394910168	0.0692731139	-0.068118287	-0.0469429996	-0.0394866311	-0.0344432616	0.0022289912	0.0331285128	0.0347670299	-0.0480331862	0.0839955649	-0.0298766309	-0.0053724289	-0.024456506	0.0545295669	0.0238974967	-0.0105829608	-0.0060376784	0.084120893	-0.0587740136	0.0918873781	-0.0018877145	0.0996270802	0.0144779959	0.0328444543	-0.0572404887	0.0201422862	-0.0320229254	0.0278426039	-0.0668514676	-0.0274773638	0.0754134945	-0.0490586379	-0.0822746371	-0.0088805724	0.0566401725	-0.07153013	-0.1730169542	-0.1697539767	0.1444294434	0.0569102513	0.0429001004	-0.135037238	0.0425666284	-0.0891340722	-0.0241229956	-0.0169379856	0.0190202128	0.0147999616	-0.1122362848	0.1486522897	0.1626803814	-0.028123354	0.0866705767	0.0430178255	-0.0346116734	-0.0344325519	0.1625843326	-0.1085766632	-0.0280745953	-0.0082972286	0.0378384467	0.003667171	0.0347978111	-0.0023941892	-0.1152127601	-0.0818598182	0.074309138	0.0718034082	-0.0438332164	0.0170764973	-0.0691674182	-0.0271107264	-0.0537909361	-0.0922683672	-0.07198761	-0.006313345	-0.1131406524	-0.0435832715	-0.068588069	0.0250015779	0.0186059488	-0.0489955372	0.0728543873	-0.0195270007	-0.0339017083	-0.0039676991	-0.0141239301	-0.0298914504	0.0629920959	0.0246557452	0.094060064	0.0144922442	-0.0275132673	-0.0213922684	0.02838353	0.0890134145	-0.0455274417	0.0157129639	0.0539816173	0.0015905613	0.0063531131	-0.1707220481	0.0162164148	0.0018496357	-0.0841014135	-0.020641031	0.0255087642	-0.0487040006	0.0270240465	-0.0235423571	-0.0064817469	0.0751463313	0.0352110322	0.0089401554	0.1793101375	-0.0369612922	0.0016431034	-0.1558245634	0.0093689002	-0.0557279166	0.0122313064	0.0251444902	-0.1136652216	0.0271971052	-0.0474766679	0.1138262914	-0.0283015604	0.0881951815	0.0206572124	-0.03612558	0.0643972261	0.0227562324	0.0190616098	0.1980526002	-0.0132454187	-0.2083808734	0.037708436	0.0304874522	0.1423179835	0.0202106838	0.0968137046	-0.0996467233	-0.0368099984	0.0282302362	0.0475601869	0.0325593027	-0.0339547032	0.0253941201	-0.0466973373	-0.116340268	0.0537618012	-0.0531614316	0.0115405235	-0.0385830781	-0.0405623187	-0.1085498086	-0.0528330349	-0.0266249793	0.0308113507	-0.0634092253	-0.0764633189	0.0083588602	0.0824813458	0.0	0.0613765	0.0066666	4.444355556000002e-05	0.00376707475225	-0.0257693	-0.0003522999999999	1.2411528999999988e-07	0.0006640568224899	0.270029	-0.026318	0.072915660841	0.000692637124	0.00436863	0.00033773	1.90849280769e-05	1.1406155290000033e-07	-0.00113161	0.00026374	6.955878760000009e-08	1.2805411920999998e-06	-0.000897663	-9.829200000000004e-05	8.057988615690001e-07	9.661317264000008e-09	0.0
4859.29530902122	-3.876961221167221	15.03082831043443	23612750.90027564	9596.336287649054	-10.88834932318241	118.55615098364686	92089670.14565	4804.943628134848	4.520138151141509	23087483.26955368	20.43164890540498	4963.555241711794	7530.755385890628	1.121793	35.667427	0.0500726499999999	0.0329189	-0.0379604246	0.063055059	0.0824617567	-0.0247940739	-0.0507811045	0.0193822625	0.0475274521	-0.0337284887	0.0964348525	-0.0406414862	-0.0105622085	-0.0648536512	0.1022955449	-0.0903720675	0.091014537	-0.1098195065	-0.0142509122	0.0505935473	-0.036458993	-0.0174114195	0.0990264398	-0.0928431184	-0.0428746312	0.0092437604	-0.0323961013	0.0090135263	-0.0668263562	0.0855332951	0.0396148057	-0.0108964914	0.067781096	0.0343791299	0.0543501644	-0.0194554837	-0.1053946014	-0.0684616974	-0.0263943761	-0.0010941299	0.0339848019	-0.0559210128	-0.0325211766	-0.052547762	0.0068898591	-0.0486970743	0.0952808555	-0.0792174563	0.0018114839	-0.082579791	-0.0334092295	-0.0689592894	0.0307499275	-0.0110713648	0.0382677485	0.0319824104	-0.0367238658	0.0881169126	-0.0887238839	0.1232312226	-0.1159951288	0.0200447522	0.0730415246	0.072315891	0.0120143421	0.0748506555	-0.0684027241	0.0202090869	0.0570947208	-0.0388718847	-0.0916145306	0.0672941019	-0.0688659458	-0.0088589543	-0.0141557162	0.1117594764	0.0827012577	-0.1529705888	-0.071818216	0.1480424515	-0.1782799086	-0.0379572931	-0.0436777835	0.0254627919	0.0264690943	0.0780602256	0.0371650732	-0.0776491154	-0.0449423049	0.0511674729	-0.0692794454	-0.0252252503	-0.0209388727	0.001896003	0.0475108299	-0.066416789	-0.0226533694	-0.0273035713	-0.0605440227	0.0477354334	0.0438694937	0.0238134794	0.0074533484	-0.0394579004	-0.018305205	-0.1081889586	-0.0049827344	0.0144899495	-0.0651702947	0.0109387694	-0.0647055641	0.0309549034	0.0437762847	0.0493468964	0.074839723	-0.0035787569	0.0673773142	0.0280587671	0.0551404624	0.0200699821	0.044523367	-0.0963317122	-0.0302659561	0.0317235228	0.0355484369	0.041595677	0.0174003832	0.0301731476	-0.0942376142	0.0995811852	0.0502659108	0.0352643304	-0.0771410635	0.0674934676	-0.0969252736	-0.0600431449	-0.0010981581	-0.0294996552	-0.0110187981	-0.0582112325	0.1051368594	0.0474983604	0.0506679569	-0.0626409534	0.1266401742	-0.0487287395	-0.0283252821	0.0416006151	-0.0633042887	0.0190769084	-0.0512623259	0.0175614742	0.095628826	-0.0051137166	-0.0020336687	0.0774526608	-0.0979724041	-0.0856067218	0.2036810308	0.0395393588	-0.130283762	-0.1293552026	0.0456756519	0.0703512816	0.1124984457	0.0208996718	0.0003628924	0.0682683558	0.0670780612	0.0581994953	-0.0677951815	-0.0182313155	-0.0214201452	0.0121259297	-0.0405927378	-0.0730668059	-0.0310948905	0.0869593781	0.0220791304	-0.0532844163	-0.0175777883	-0.0324884357	0.0408636267	0.0652711043	-0.0204988328	0.0298903973	-0.064715502	-0.0750901786	0.0122696499	0.0836597713	0.0	0.0321557	-0.0292207999999999	0.0008538551526399	0.00103398904249	-0.0299893	-0.00422	1.7808400000000014e-05	0.00089935811449	0.272538	0.0025089999999999	0.074276961444	6.295080999999917e-06	0.00448735	0.00011872	2.01363100225e-05	1.4094438400000026e-08	-0.00117064	-3.903000000000001e-05	1.523340900000001e-09	1.3703980095999995e-06	-0.00102237	-0.000124707	1.0452404169000005e-06	1.5551835849000012e-08	0.0
4858.407493217078	-0.8878158041425195	0.7882169020852285	23604123.37014785	9571.23733002147	-25.09895762758424	629.9576739912692	91608584.0275965	4801.298541460263	-3.6450866745854	23052467.684228446	13.28665686524005	4963.894721137152	7516.044793585492	1.143913	36.370705	0.0974118299999999	0.0487542	-0.0294206523	0.0420267514	-0.0180883774	-0.0927241578	0.0303170279	-0.0490880952	0.0439912767	-0.0522940848	0.0789423925	0.0466467758	-0.0460551706	0.057903239	-0.0793467877	0.0360613628	-0.0079090331	-0.0391290068	-0.0463215122	0.1189878769	0.0628549212	0.0033210249	0.0021152096	0.0427538952	0.1354521948	0.0134948192	0.0923074983	0.0751562929	0.0189785727	-0.0535839987	0.0821602448	-0.0055177878	0.0229442327	0.0288180701	-0.0041407218	-0.0993973827	-0.0583648344	0.0663922557	-0.0251600269	-0.0088649892	0.0034454025	-0.009881345	0.0494772633	0.1014073689	0.0442364587	0.1021867966	-0.0231301945	0.1087537374	0.067159068	0.0179284531	-0.0509397613	0.053710019	-0.1217164865	0.0342692179	0.0120506895	-0.0585263584	-0.0774177937	0.0315059823	-0.0979328071	-0.0171981352	0.0997397707	0.043180361	0.0120349525	0.0447162779	-0.003425745	-0.0376565636	-0.0350479341	0.1017312951	-0.0546720716	0.0128163708	-0.0403672382	-0.0008047116	-0.0276963196	-0.0143816078	-0.1139552767	0.0502840063	0.0274577173	0.03798609	0.1798314771	0.0032866517	-0.0966335662	0.0362391047	-0.0850070762	-0.0786865376	-0.0982717016	0.042773743	-0.0169582592	0.0875373462	-0.0292562078	-0.0529562604	0.0031640364	0.0356659321	-0.0531319454	-0.0566853478	-0.0248502076	-0.0906022903	-0.0403361686	-0.0143473282	-0.061206756	0.128068653	-0.1045428124	-0.0089589082	0.0357075888	-0.0368591707	0.0067041063	0.0308957145	-0.0853438785	0.0041255004	0.1319932865	0.0420715311	0.0508455732	0.0333354943	-0.0345952114	-0.063169738	-0.015313885	-0.1023519439	0.0334112044	0.0632045534	-0.0873042366	0.0318685617	0.0046496935	-0.0774119373	-0.0220275797	0.0251221008	-0.0434569411	0.0539634424	-0.0168047353	-0.0590219077	0.0221003133	-0.0982604604	-0.0633606114	-0.0548896641	-0.034247753	-0.0339415269	0.1636415399	-0.0255001682	-0.0798850682	-0.0645501599	0.1025478675	-0.010692803	-0.0803183661	0.026153152	0.1138679184	0.015228423	-0.0187068615	-0.0756542889	0.036612236	0.000911879	0.0358275711	-0.0191531542	0.0805551481	-0.0171496144	0.0716868501	-0.013513139	-0.0194683468	-0.0607655504	-0.0701595173	-0.0580327188	0.0131450467	-0.1029090814	0.0722824094	0.0286447391	-0.0047005455	0.119509594	0.0911843343	-0.0979604954	0.0352305907	0.0001225835	0.023091495	0.0627115028	0.0393495738	0.1386498339	-0.0154563763	-0.0494446886	-0.0464419604	-0.068772159	0.0498949337	0.0125946557	-0.0640071597	-0.1309495814	0.0133639405	0.0627994068	-0.0020157264	0.0935678658	0.0592508452	0.0289654857	-0.0659875001	-0.0736275519	0.0161544469	0.0845613042	0.0	0.057002	0.0248462999999999	0.0006173386236899	0.003249228004	-0.00260707	0.02738223	0.0007497865197729	6.796813984899999e-06	0.284116	0.0115779999999999	0.0807219014559999	0.0001340500839999	0.00458704	9.96899999999995e-05	2.10409359616e-05	9.938096099999901e-09	-0.0010131	0.0001575399999999	2.481885159999995e-08	1.0263716100000002e-06	-0.000607494	0.000414876	3.69048960036e-07	1.721220953760001e-07	0.0
4852.928069660704	-5.4794235563740585	30.024082510146936	23550910.849300765	9524.816972942444	-46.42035707902505	2154.8495513441912	90722138.36805248	4791.0701601219325	-10.22838133833011	22954353.2792108	104.61978480229963	4949.4287409385925	7523.925733082904	1.189913	37.833279	0.10393187	0.054814	-0.0246632344	-0.0503169482	0.0608932155	-0.088849113	-0.0183769684	-0.0047829236	-0.1920477828	-0.009925709	0.0571375018	-0.0183484074	-0.1122464374	0.1094523759	0.0416751925	-0.0163109579	-0.013527212	-0.0799944083	0.0107212735	-0.0828235076	0.0407406673	0.0912750117	0.080355784	0.0011319952	-0.0062369763	0.0527197322	0.0267969729	0.0196473148	0.1882968092	-0.0410792039	-0.1105865099	-0.0144745754	0.0008537983	-0.0714294263	0.0054049058	-0.1074318366	-0.1004568592	-0.0299847627	0.0443872996	-0.0279045457	-0.1111275837	-0.0644507504	0.065470652	0.0727174288	-0.0099928599	-0.0300512266	0.0218042514	0.0440154657	-0.0108214895	0.0414411408	0.0022302494	0.0836693004	0.0789512836	-0.0368341064	-0.034902647	0.1751540434	0.0965866956	0.043131259	0.0302625714	-0.0668911876	-0.0377948348	0.0652906903	0.0573599733	-0.021495318	-0.0221366285	0.0177951396	-0.0560721921	-0.0197021983	-0.0676856581	0.0363717628	0.0058515226	-0.0482928003	-0.0607357749	-0.0655929291	0.1393532219	0.0807442326	0.0028650139	0.0448205663	0.0576201143	0.0526668446	-0.0009756301	-0.0033157142	-0.1021577049	0.1261425555	0.0144140221	0.013260916	0.0489088303	0.0364176873	0.0297863586	0.0503586918	0.0095111595	0.0385051017	-0.1528963351	0.1031866146	-0.0057607625	0.159263643	0.0168351243	0.0308432385	0.0126055444	-0.0276978581	-0.0306766855	0.1399253079	0.0706481997	-0.0219226831	-0.1287681104	-0.0662702099	0.013662362	-0.0258636464	0.0228903869	-0.099478202	0.1564904971	0.0693068949	-0.0208773489	0.0085251986	-0.0763749773	0.0552259396	-0.0303057468	-0.0456979224	0.0150987369	0.1600035235	-0.0208608785	-0.0796759567	-0.0192907151	-0.0486220936	-0.1218244405	0.0896076938	-0.0762964324	-0.0451041361	0.02104444	0.0160508089	-0.0037296518	-0.0777822311	0.0270108408	-0.0843980631	-0.0001775897	-0.0124410008	0.0946460157	-0.1269382978	-0.1196105893	-0.0088945715	0.0042230098	0.0756912283	-0.1415495865	-0.0449450255	-0.0090884746	0.0307257947	0.0102784706	-0.0028313803	-0.0656199467	-0.0470742047	0.0208693829	-0.0199334501	-0.0673767799	-0.0348450102	-0.0013782954	0.0331442155	0.0486979717	-0.081546861	-0.0125750061	-0.0336318512	0.0108276218	-0.0275332979	-0.0346447235	0.0749755812	0.0185095822	0.0080067745	-0.0200960661	-0.0198920774	-0.0906674085	0.1461831791	0.019740789	0.0184779731	0.0682165584	-0.0547285411	-0.1519486255	0.0226958908	-0.1637971203	-0.0347564663	0.0845204559	0.0883552544	0.006895171	0.0144697582	-0.0549009263	0.0469931971	0.1136930831	0.0280367383	-0.0672245457	-0.0720771819	0.0200050215	0.0851829606	0.0	0.0660794	0.0090774	8.239919076e-05	0.0043664871043599	0.0367405	0.03934757	0.0015482312649049	0.00134986434025	0.280925	-0.0031909999999999	0.0789188556249999	1.0182480999999996e-05	0.00406873	-0.00051831	1.6554563812899997e-05	2.6864525610000014e-07	-0.00128882	-0.0002757199999999	7.602151839999997e-08	1.6610569924e-06	-0.000355206	0.000252288	1.26171302436e-07	6.3649234944e-08	0.0
4856.782716685726	3.854647025022132	14.858303687511972	23588338.357097182	9584.23798921576	59.42101627331613	3530.8571749537	91857617.83392656	4799.576515611571	8.506355489638736	23035934.729210112	72.35808371610706	4960.928754591784	7458.207619452817	1.379603	43.864494	0.1356422099999999	0.0690745	-0.0304623533	0.1858063078	0.0373787756	0.0314431484	0.0576969619	-0.0006337352	0.0252537714	-0.0643657783	0.1132034476	0.0184809898	-0.023394152	-0.0073232012	-0.0876432161	0.1339122688	-0.1224989798	0.073780077	0.0252728464	0.1350875839	0.040399885	0.0511429319	0.0866639406	-0.0440934228	-0.0033295366	0.168190115	-0.0011088504	0.1283638433	0.0962504066	0.033690844	0.0970602395	-0.0211541963	0.0428147153	-0.0489928585	-0.0870445566	0.0199422643	-0.052679283	-0.0527537625	0.0123045562	0.0372181108	0.020736836	-0.0148105244	-0.048297888	0.0906245935	-0.0211490601	-0.0340667398	0.0080651572	0.0002135078	-0.0623801077	0.0612340893	0.0224718623	0.000430357	0.0747046169	0.0510563356	0.0098174239	-0.0093341834	0.0625560614	0.0331472696	-0.0779244248	-0.0044144908	0.1198048562	0.0216612286	0.0595462819	0.0291616887	-0.0590369192	-0.0055732871	0.0078339083	-0.0281530658	-0.0799294175	0.0346410669	0.0506070475	0.157778496	-0.0137768128	-0.0100851642	0.0013368922	0.0364516302	0.0349411843	0.0272972918	0.0246082951	0.0656721512	0.0792316789	-0.0339473207	0.023197281	-0.0061756368	-0.0389202648	0.0599370623	-0.0607646307	-0.0971995922	-0.0064699288	0.1491061217	-0.0410973369	0.103372793	0.0082628184	-0.1071071871	-0.1124293585	0.0167920873	-0.0602676184	-0.0572897935	-0.0521622313	-0.0467655312	0.0190021455	0.0510782742	-0.015064297	-0.077521183	-0.0756135086	-0.0519062913	-0.0356496181	0.1254721125	-0.0025833695	0.0555487921	0.1337584393	0.1302606045	-0.0056427822	-0.031688574	0.0978908486	-0.0546053514	-0.0256726396	-0.0697142032	0.0032626671	0.0210299245	0.0285454498	0.0060777716	0.0114550055	-0.0246041548	0.0088998355	0.0964656815	0.0111252819	-0.0282174639	0.0471334529	0.0099760314	0.0138091912	-0.0336742645	0.0501843009	-0.0261692541	-0.0583772097	-0.0162758851	0.0531267636	-0.0970898961	-0.0459322532	0.0727901066	-0.0412347344	0.0070030064	0.1225461143	-0.0083382971	-0.0174549972	0.0002688602	0.0201267056	0.0186489781	0.051952404	-0.1295571196	-0.0107939709	0.0444986489	-0.0507608768	0.0949316745	-0.0695331767	-0.0129953511	-0.0664439099	-0.013795154	0.035172093	-0.0159486659	0.015247962	-0.0801248576	-0.0551548486	0.0339336006	-0.0029468468	0.0434321886	0.1017524002	0.0582750996	0.0348815406	0.0580159849	0.0004063914	-0.0665226048	0.0148195233	0.1279886662	-0.0525396928	0.1026583689	0.132367513	-0.1343978194	0.0219612333	-0.0791812456	-0.02753596	0.0123024015	0.0197701519	-0.0346382342	-0.0108199298	0.0271042781	-0.0684259838	-0.0704409161	0.0238132166	0.0855226832	0.0	0.0597192	-0.0063601999999999	4.045214403999996e-05	0.00356638284864	-0.00614056	-0.04288106	0.0018387853067236	3.77064771136e-05	0.255574	-0.0253509999999999	0.065318069476	0.0006426732009999	0.00464219	0.00057346	2.15499279961e-05	3.288563716000005e-07	-0.000946348	0.000342472	1.1728707078400001e-07	8.955745371039999e-07	-0.000660273	-0.0003050669999999	4.3596043452900006e-07	9.306587448899997e-08	0.0
4885.985800819864	29.203084134138408	852.8201229455664	23872857.24581333	9589.14323213568	4.905242919920056	24.06140810342584	91951667.92641352	4811.804030427868	12.227514816297116	23153458.02724188	149.5121185827655	4968.844705903065	7495.200180246347	1.406866	44.731327	0.1308797399999999	0.0734739999999999	-0.068579175	-0.0488958951	-0.0256339121	-0.0769126789	0.0495334232	0.1230919099	-0.049889732	0.034925928	0.1005210173	-0.0955344489	0.0091242596	0.0331593593	0.0684556027	0.0582099299	0.0956328818	-0.0018783672	0.0375216565	0.0311359069	0.0555925995	-0.0266368347	0.010967397	-0.0967873589	-0.0174404323	-0.0657813922	-0.0599224566	-0.0190880847	-0.0216719694	0.0783022006	0.063491998	0.0706080405	0.0110298732	0.0111802099	-0.0710445338	0.0671198727	0.0142418325	-0.0514923366	0.0860472563	-0.0315750529	0.1663495049	-0.0820632488	-0.020867237	0.0049934559	-0.0371370924	-0.0612163762	-0.0082511803	-0.0075419238	-0.033298054	0.0778818479	0.0703818206	0.0459934541	-0.0118982816	0.0293737359	0.0779082853	-0.0487238962	-0.0079877875	-0.1317358162	-0.0618135825	-0.0751743254	0.0158387674	0.1134540405	-0.0430589999	0.0094114525	0.1021423811	-0.014350338	0.1057291531	-0.0138136996	0.0037129104	-0.0505469657	0.0444806809	-0.08436868	0.0219278937	-0.0583118176	-0.0327528544	0.0212196519	0.0213326221	-0.0314828213	-0.2010899927	-0.0175250933	0.0130161091	-0.0911675281	-0.0496962425	0.0205924941	-0.0043181236	-0.0264564209	-0.0566829794	-0.0499835863	0.0052123215	-0.0898316454	0.0619877081	0.0774762072	0.0227914833	0.0058323019	-0.0290571257	-0.0058899557	-0.0626290944	0.0387201617	0.0007238721	-0.0676623906	0.0073536628	-0.001750076	-0.0642683733	0.0430664043	0.0066308759	-0.1081322772	-0.0454296733	-0.0318040824	-0.0680327506	0.0025051468	-0.0810462247	0.0208028683	-0.0287629452	0.0137730204	0.1110657605	-0.037341548	-0.0508575026	-0.0787142684	0.0428213521	-0.0836345249	-0.0231439114	0.0114147623	0.0971567367	0.1160383629	0.1132522569	0.0635955516	-0.0614877861	-0.0055914557	-0.0177204713	0.023617589	-0.0181426037	-0.0215890018	0.0943766945	-0.0193236371	0.0011035853	0.0609425956	-0.0586710764	0.0443100377	-0.0448107288	0.0278275172	-0.1188768009	0.0417382591	0.0235978848	0.0479116282	-0.0229019443	-0.122749844	0.0529770104	0.1154112641	0.0425888109	0.09339628	-0.0070859866	-0.085576349	-0.063386159	-0.0319296939	0.0196462361	-0.0231515973	-0.0252077315	0.0485825688	0.0357361347	0.078554406	-0.0768845024	-0.0223541901	0.0152675751	-0.1531245865	0.0191037619	-0.0133371935	0.0628269582	-0.0069608435	-0.0308862164	-0.1084472784	-0.0180124654	-0.0231470676	-0.041483645	-0.0546871207	-0.0725498817	0.0734428982	0.0052985288	-0.0278721387	-0.0208304089	0.0349601384	0.0232306576	0.0097332836	0.0231338047	-0.0183408946	-0.0569685491	0.0261682287	-0.0695911778	-0.0687207046	0.0275709646	0.0855793473	0.0	0.0577584	-0.0019607999999999	3.844736639999995e-06	0.00333603277056	-0.0457627	-0.03962214	0.0015699139781796	0.00209422471129	0.317968	0.0623939999999999	0.1011036490239999	0.0038930112359999	0.00491499	0.0002728	2.4157126700100003e-05	7.441984000000008e-08	-0.0010864	-0.000140052	1.9614562704e-08	1.18026496e-06	-0.000535069	0.0001252039999999	2.86298834761e-07	1.567604161599999e-08	0.0
4878.768508316819	-7.217292503045428	52.08931107451574	23802382.15774392	9630.060577684611	40.917345548930825	1674.2291667706093	92738066.72987528	4817.719575303488	5.915544875620071	23210421.906262424	34.99367117547489	4976.990766310534	7588.806179847987	1.246137	39.620926	0.0593874499999999	0.0304155	-0.1106905048	0.0945248771	0.0786033274	-0.010886757	-0.0049061956	-0.0954334211	0.0700002101	0.0185900959	0.1353048351	-0.0258962263	0.0544293469	0.0179488762	-0.0859515778	0.0210415472	-0.0773999146	-0.0316048807	-0.0198606003	-0.0011555711	0.0704491866	-0.0899238815	0.0642112151	-0.0501066104	-0.0494487633	-0.0158580622	0.1292610105	-0.0520125923	0.0234199642	-0.0061145916	0.0076865101	0.1006091654	0.0521005907	-0.0346389925	0.0346522699	-0.0062058845	0.0438408683	-0.0734461395	0.0038922968	0.0494938089	-0.0057273244	0.0434429958	-0.0673978458	-0.047876188	-0.0025732421	0.1137990518	-0.0089262702	-0.082083451	-0.0235462041	-0.0013568104	-0.0651962013	0.0226356194	0.0263170041	0.0668771583	-0.0061842274	0.0857232158	0.059311394	-0.0051775288	-0.0261159814	0.0166877781	0.025817761	-0.0976212139	-0.0559221996	-0.0038820439	0.0018649387	0.0744846916	0.0179358285	0.0134352547	0.1068673337	-0.0286652297	-0.0357539123	0.0567734649	-0.0339081959	-0.012820594	-0.0231284931	0.0052245722	-0.0267847027	0.052653425	-0.0343199236	0.0106664658	0.0640694537	0.0563045221	-0.0321839311	0.0475407695	-0.0606590091	-0.0117410046	0.0141104908	0.0121938161	0.0190436766	0.0195529939	0.0223710618	-0.0761846756	-0.0576337162	-0.0457394699	-0.0396015466	-0.0120308517	-0.0999951154	0.0440014016	-0.0384887031	0.0134582208	0.0594427018	0.0313051528	-0.0763493594	-0.0453506406	0.0597086616	-0.1067795002	0.0570496871	-0.0263100149	0.0626926012	-0.0669757475	-0.0075146801	0.0504950557	-0.0205656949	0.0674226414	-0.0193325826	-0.047871707	0.0411779803	0.0333846328	0.0178157959	-0.0273713327	0.1116869512	0.0615607719	-0.0058637146	0.0360383035	-0.0083067198	-0.055638192	0.1014034033	-0.0193158422	0.0303874345	0.0322443269	-0.0452103949	0.0068964358	0.0391377038	0.0552302673	-0.0076826927	-0.0895084585	0.0398298581	0.0641480889	-0.1363284005	0.040370182	0.0134152343	-0.0056567997	0.0107662381	0.0330970384	-0.0818274565	0.0601610142	-0.0509618144	0.0057808853	-0.0501322054	0.0919486174	-0.02918504	0.0977169837	0.0639356938	0.0306445826	-0.0534947409	0.0390796646	-0.0071492883	-0.0093188383	-0.0632962567	0.0064902519	0.0657707363	-0.0450737973	-0.0423635163	-0.0098281399	0.0695745563	0.0184293796	-0.0456292789	0.0427798141	-0.0570234235	0.0510897228	-0.0240866699	0.0276567945	-0.0223055837	-0.0330327237	0.0061242682	-0.0211439342	-0.0280935808	-0.0258711925	0.0178176925	-0.0354133049	-0.014852286	0.0139353607	0.0811290491	0.0672093887	-0.075230093	0.0252287139	-0.0707195106	-0.0669185973	0.0312703049	0.0853527656	0.0	0.0531138	-0.0046445999999999	2.157230915999999e-05	0.00282107575044	-0.019163	0.0265997	0.00070754404009	0.000367220569	0.311112	-0.0068559999999999	0.096790676544	4.700473599999963e-05	0.0051238	0.00020881	2.6253326440000005e-05	4.36016161000001e-08	-0.000966239	0.0001201609999999	1.4438665920999982e-08	9.33617805121e-07	-0.000438297	9.6772e-05	1.92104260209e-07	9.364819984000005e-09	0.0
4868.829816017366	-9.938692299452669	98.77760462319978	23705503.7773397	9623.468517394727	-6.592060289884103	43.45525886546688	92611146.30528748	4815.088122082995	-2.631453220493313	23185073.623424742	6.924546051644628	4976.360654268132	7602.337956782455	1.169296	37.177784	0.0750748999999999	0.0391708	-0.0637113534	-0.0305851001	-0.0001953768	-0.1068032781	-0.0629832171	0.0133506313	-0.0297057638	0.030352223	0.0740639562	0.0574977262	0.0738739682	-0.0094557375	0.0207965134	-0.055979768	-0.0234477312	0.0465170223	-0.0907091375	0.1200100116	0.0405176301	-0.0842898472	0.0244614613	0.0044176689	-0.0164961381	-0.0151905962	-0.0285263057	0.000775606	0.1103632676	-0.0480482576	-0.1142867882	0.0399614712	-0.0719301821	0.065229278	0.0412089303	0.0204016404	-0.0114596677	-0.0590054776	-0.0381034483	0.1494144268	0.0664629306	0.0430027319	-0.0144798123	-0.0388633597	-0.0096360719	0.0619753962	-0.0982074531	0.0180265926	0.028204986	-0.0069571092	0.0319049336	-0.0594479558	-0.0292905191	0.0188076726	-0.0042449086	-0.0337721444	0.0665134997	-0.061071207	0.0084091812	0.0009460388	-0.0516907889	-0.0128658136	-0.1355604647	-0.0026313963	0.055055652	0.0258383182	-0.0119550795	-0.0152979227	-0.0018631768	-0.1319662784	0.0513012188	-0.0547594556	-0.039360144	-0.0278517673	-0.0421632975	-0.0207635274	0.1445928921	0.0258670166	-0.0526411636	0.0527175869	-0.1216328005	0.0758346253	0.0542023943	-0.0359792219	0.0891626841	-0.0062273931	-0.0347730882	0.0588254189	-0.1213404433	-0.1213316192	0.0010143479	0.1019805459	-0.0761299714	-0.1009797121	0.0037540594	0.0430858552	0.0603088744	-0.056378922	-0.0473932528	-0.0219870549	-0.0509049744	0.0635541408	-0.0326647733	-0.025583357	0.0851575651	-0.0013142523	-0.0162052902	-0.0501680757	-0.0267560518	-0.0257174691	0.0895154836	0.0171486096	-0.0427410502	0.0057277393	-0.0728846934	0.1470431972	0.032792702	-0.047726204	-0.0143869248	-0.063444726	0.1572839857	0.0478923352	-0.0141989768	0.0357359445	0.0595215788	-0.0152841497	-0.0022644468	-0.0539808568	-0.013370453	-0.1012267987	-0.0515287205	0.0275350411	-0.0260893115	0.0465424918	-0.0144635969	0.0251942478	-0.0122642751	0.031984549	0.0054784552	0.0827989117	0.0055276865	-0.0114765222	-0.036844001	0.0143047964	-0.0085550599	-0.0254347185	-0.0788752653	0.0590795003	-0.0451926468	0.1017445158	-0.0134213129	-0.1425239873	0.0191408719	0.0898246857	0.0489914749	0.01446368	-0.0723590235	0.0468734752	0.1082024664	0.0455897163	-0.0402247487	0.0342236665	-0.0844436785	0.0054593119	-0.0734484587	-0.1046081975	-0.0883983944	-0.0432217573	0.0675062188	0.0218539792	0.0769584794	0.0120287275	-0.0925656356	-0.0981867236	-0.02312227	0.0629854048	0.078669804	0.0772443325	0.0363057482	0.0248904217	-0.0368623703	-0.0236559894	-0.0440040122	0.0810981782	0.030779743	0.0242858583	-0.0718103845	-0.0650367418	0.0349034008	0.084843688	0.0	0.0524751	-0.0006387	4.079376900000076e-07	0.0027536361200099	-0.0512754	-0.0321124	0.0010312062337599	0.0026291666451599	0.327418	0.0163059999999999	0.107202546724	0.0002658856359999	0.00533865	0.0002148499999999	2.8501183822500004e-05	4.616052249999997e-08	-0.0007872699999999	0.0001789690000001	3.2029902961035805e-08	6.197940528998426e-07	-0.000564834	-0.0001265369999999	3.190374475559999e-07	1.6011612368999994e-08	0.0
4846.2238268656165	-22.60598915174978	511.0307455290288	23485885.380080026	9576.979535408567	-46.48898198616007	2161.225446109516	91718537.02163447	4806.434169690603	-8.653952392392057	23101809.4275694	74.8908920097882	4966.78092950929	7560.429021288077	1.156571	36.77319	0.08043995	0.045202	-0.0308473298	0.1041558869	0.0406645907	0.0044782768	-0.0991074329	-0.053124574	0.0551465065	-0.0276259175	0.0335844813	0.0174307141	0.0815389873	-0.0003163733	-0.1220157626	-0.0218694985	-0.0677019246	-0.0254135569	-0.0448816041	0.0365598036	0.0030416031	-0.1006405072	-0.0225118402	0.0233833282	0.0585775189	-0.0381948828	-0.0420566366	0.0983986249	-0.0816327075	0.0418553904	-0.0859829873	-0.0903213704	-0.0499235757	-0.0707370964	-0.0474802855	-0.0034897872	0.0452062791	0.0254769361	-0.0510014206	-0.027930025	0.003809072	-0.0333646614	0.0359488913	0.0270114514	-0.0094890527	-0.1197497711	0.0636726209	-0.0113104744	0.0236571546	-0.0451742099	-0.0909898718	-0.0565530485	-0.0592123153	0.0925921093	0.0320651981	-0.0122587764	-0.0488401046	0.1492390847	-0.0368858174	0.0003395487	0.0611205846	-0.0430376805	-0.0976938008	-0.0261746976	0.0479978391	-0.0317901985	0.0814971153	0.0424732924	0.0474147759	0.0609592492	0.0228774926	-0.0191366157	0.0857089049	-0.0600233183	0.0026635263	0.1133982338	-0.0434380582	-0.0539074917	-0.0732788806	-0.0799571485	-0.0837192715	-0.0069053827	-0.1394664998	0.0061646166	-0.0164668259	-0.1350188756	-0.0190948512	0.0373508881	-0.1332528927	0.0270077983	-0.0093542803	0.0804934039	-0.0834225074	-0.0133515319	0.0779076908	-0.0508259491	0.0178185348	-0.0333350014	0.062101361	0.0071360611	-0.0499388841	0.0479737017	0.0601773825	-0.0213043947	0.1070930928	0.0237166262	-0.04975668	-0.006317399	-0.0055909155	0.1317409799	-0.0438849967	0.0068296757	0.0854453401	-0.0097700561	-0.0682714853	0.0497619393	-0.0819485765	0.0006340688	0.0474701867	0.0022216217	-0.0726677825	0.0141091413	0.0240338391	-0.0753557557	0.0355532226	0.0294704416	-0.0786576445	0.0441391193	-0.020046587	0.0820948457	0.0401514509	-0.0804437746	-0.0663328067	0.0402381603	-0.0176917245	-0.1251167395	-0.0961619258	-0.0921817659	0.0620837978	0.0160758397	0.0574741549	-0.0072748161	0.0613160921	0.0595706359	-0.1342086249	0.0121540217	-0.00992825	-0.0172067843	-0.0078921476	0.0614166391	0.0822871865	0.0303399318	-0.0366818192	-0.0641327697	-0.0323011961	-0.09349461	0.0168029887	-0.0243549745	0.0904981769	0.0190460094	-0.070898975	0.0536920179	0.0996265975	-0.0793407578	0.1539674835	-0.0379575847	-0.0485657608	0.0013005717	-0.0361295247	0.0201601134	0.1136643006	-0.0932540789	0.009443004	-0.0544060804	-0.116587363	-0.0623023891	0.0311523058	0.0436740558	-0.0636740477	0.0010628924	0.0193372268	-0.0723585373	-0.0455911205	0.0014474222	0.0399583524	0.0233397865	-0.0728632218	-0.0630773808	0.0384625556	0.0840537993	0.0	0.0481487	-0.0043263999999999	1.871773695999995e-05	0.00231829731169	-0.0149821	0.0362933	0.00131720362489	0.00022446332041	0.31898	-0.008438	0.1017482404	7.119984400000002e-05	0.00496296	-0.00037569	2.46309719616e-05	1.4114297610000042e-07	-0.00103401	-0.00024674	6.088062760004932e-08	1.0691766800999998e-06	-0.000559619	5.214999999999929e-06	3.131734251610001e-07	2.719622499999926e-11	0.0
4848.466987141443	2.243160275826085	5.031768023044158	23507632.125400417	9537.402784940728	-39.57675046783879	1566.3191775935782	90962051.88219516	4804.28787592807	-2.1462937625328777	23081181.994789448	4.606576915087537	4965.333729275892	7492.002341480462	1.130568	35.946419	0.0709997	0.035141	0.0135265569	-0.0481410001	-0.0061399972	-0.0552223247	-0.0523347048	0.0290688117	-0.0131553085	-0.0019454961	-0.0159061492	0.0294119214	0.0770354728	0.0152160512	0.0296634688	-0.0731112459	0.051736888	-0.0020098228	0.0917908563	0.064040643	-0.0053951874	-0.0471953304	-0.0117036104	0.0746470415	0.0122417687	-0.0366819594	-0.0454221157	0.0802292823	-0.0609699988	0.0148601176	0.0102856094	-0.0174538631	-0.0262848246	0.0521691233	-0.0094665763	0.0013267575	0.0108206538	0.0482083067	0.0766653482	0.0548090912	-0.0447395375	0.0919691656	-0.0544785776	-0.0697359634	-0.0233744242	-0.022590069	-0.0182158093	0.0801958947	-0.0017651031	-0.011684898	-0.021828818	0.0619569745	0.0321607814	0.0640439348	-0.0312868315	-0.1014152441	0.0365818086	0.0376354864	0.0381282791	-0.0272389583	-0.0420046691	0.0716602923	0.0233626319	0.011849522	0.0014867912	-0.005142676	-0.0466073354	-0.0311093751	0.0147054651	0.0084871928	-0.0420325321	0.0045568201	0.0143391067	0.0007222287	0.0024128206	0.0214064322	-0.0254332883	-0.0563533903	-0.1244746464	-0.0850591409	-0.0502801005	-0.018796632	-0.0472135566	-0.0224447613	0.0731362154	-0.0056310295	0.0601372624	0.0533218363	0.0302167004	-0.0349480474	0.0292663915	0.0746138092	0.0648243618	0.0961068404	0.0256321351	0.0775017247	0.0141729023	-0.032523508	-0.0502698039	0.1224698685	-0.0683028362	-0.0058994836	-0.0686980266	-0.0103327715	0.0546824907	0.0329572451	0.0015888668	0.0177644256	0.016585764	0.0870752214	-0.0503016598	-0.0242277837	-0.0844502564	-0.0079758641	0.0194821913	0.0654387176	-0.004780975	0.0131216165	-0.0002458022	0.0777384506	-0.028650449	0.065989325	0.0260546027	-0.0345656652	0.0668311146	-0.0336269309	0.0411923946	-0.025654776	-0.0229890082	-0.0752015039	0.0596187711	0.0367620588	-0.0076387183	-0.0899384025	0.0184555317	-0.0635340346	-0.0011796518	-0.006485968	0.0666793207	0.0767284667	0.0293845352	0.0060341297	-0.0598941926	0.0028584034	0.0522095153	-0.0720928151	0.0405841627	-0.0180214789	-0.0139467955	-0.0411733971	-0.0380251104	0.0023589287	-0.006648552	-0.0272045931	0.0180584287	0.0355999029	-0.0113322233	0.0250005294	0.0406304477	0.0600526184	-0.0535046044	0.0108331181	0.0707599524	-0.1431534279	0.0256518901	-0.0695161719	0.0230295292	-0.0936711975	-0.0132848766	-0.0249273786	0.0214995994	-0.000556792	0.0678174337	-0.0392826509	-0.0005787924	-0.0120585185	-0.0490410394	0.0481973593	0.068212781	-0.0658427336	-0.0315068822	0.1130111021	-0.0446674296	0.0045909345	0.0827789082	0.022390624	-0.0738774647	-0.0610428493	0.0419402295	0.0829857139	0.0	0.0551464	0.0069976999999999	4.896780528999994e-05	0.00304112543296	-0.0338137	-0.0188316	0.00035462915856	0.00114336630769	0.346163	0.027183	0.119828822569	0.000738915489	0.00527246	0.0003094999999999	2.7798834451599995e-05	9.579024999999993e-08	-0.00101271	2.129999999999992e-05	4.536899999999967e-10	1.0255815441e-06	-0.000588567	-2.8947999999999995e-05	3.46411113489e-07	8.379867039999997e-10	0.0
4840.247475289103	-8.219511852339565	67.56037509075058	23427995.622042537	9514.02901593806	-23.37376900266827	546.333077390096	90516748.11611134	4797.602424545813	-6.68545138225727	23016989.024007864	44.69526018452565	4958.007328889579	7493.054953688093	1.093963	34.782566	0.0842745599999999	0.0409882	0.0020905948	0.0427561206	0.0508978667	0.0520217085	-0.0744897752	-0.0647407878	0.0942562678	-0.0062615214	-0.0342324258	-0.0007713767	0.0468910001	-0.0040690455	-0.0794453606	0.004531644	-0.0224416342	-0.0488085479	0.0593687642	-0.0332395555	0.0298499882	0.0305949613	-0.0462397943	-0.0097618819	-0.0403308023	0.0093734561	-0.0025459019	0.0844292513	0.0183136705	-0.0620362113	0.0580963701	0.107808581	0.02505909	0.0253799087	-0.0148667708	0.0354583113	-0.0548547466	-0.073641985	-0.0604405325	0.0449419862	-0.0584582443	-0.0008653993	0.0453988195	0.0563783854	-0.0983779304	-0.0435743139	0.0369206522	-0.0244836028	0.0201803651	-0.1294429191	0.1307747512	-0.0494806692	-0.0088722893	0.0370180534	0.0020424755	0.0630528449	0.0306583695	0.0002141041	-0.1666850799	-0.0487603102	-0.0030679128	-0.147287839	0.0153350506	0.0061956487	-0.0425984124	0.025146457	-0.1238960012	0.0609715747	0.0204923658	0.0483421653	-0.126873745	0.012654847	-0.0483498724	0.018011867	0.0125250502	-0.0986774013	0.0040605566	-0.1181079552	-0.0867921687	-0.1202555821	0.075890205	0.0047974675	-0.0739918963	-0.0182287693	0.1382913776	0.0570121255	-0.0047080319	0.0007579115	0.0461073508	-0.0517270025	-0.0110990534	0.051496593	0.0008064976	0.090870208	-0.0017088751	0.0605195076	0.0519784476	-0.0456332006	0.0521087187	0.0937797681	0.0130463084	-0.0239704729	0.0628116146	0.0411588619	-0.0217273857	0.0259354378	0.0436607366	0.0017932846	-0.000434063	0.0727524848	0.0567064933	0.000854177	-0.0924803026	0.034819861	0.0466877523	-0.0304177464	-0.0178673379	-0.0203129855	0.0178209091	-0.0481520923	0.0899816485	-0.0515506063	-0.0397446509	-0.0687283251	-0.036218778	0.0560679444	-0.0195265887	-0.0665709017	0.0511634881	0.0629034293	0.0350161468	0.1045513393	-0.1000067881	0.1105705352	0.0094654633	0.0453253653	-0.0237828871	-0.0374751454	-0.0746919142	0.0450476305	0.0572255833	0.1148437375	0.124342404	0.053155045	0.076983139	0.0918806313	-0.0874333083	-0.0181914997	-0.0047994123	-0.0918925484	0.0519444314	0.0118690821	0.0854500234	-0.1041500907	0.0224408867	0.1436834964	0.0188465385	0.0627745148	-0.0239900584	-0.0558736135	-0.015764259	-0.0403480212	0.0303964266	-0.1717857723	0.0046827736	-0.0527051409	0.030056686	-0.1655318777	0.0078957835	0.0071077995	-0.0295676383	-0.0158962654	-0.043484508	-0.0204795769	-0.0292207526	0.047535316	-0.073365951	0.0302748033	0.1152162012	-0.0299290757	-0.0173343809	-0.0147782942	-0.0284099117	-0.0652926059	0.0480780793	0.0214384965	-0.0748525761	-0.0589355719	0.0453290553	0.0816429668	0.0	0.0500439	-0.0051024999999999	2.603550624999996e-05	0.00250439192721	-0.00496399	0.02884971	0.0008323057670841	2.46411967201e-05	0.364075	0.0179119999999999	0.1325506056249999	0.0003208397439999	0.00515682	-0.0001156399999999	2.6592792512400003e-05	1.3372609599999844e-08	-0.00127714	-0.0002644299999999	6.992322489999998e-08	1.6310865796e-06	-0.00032043	0.000268137	1.0267538490000001e-07	7.1897450769e-08	0.0
4844.512908405064	4.265433115961059	18.193919666737276	23469305.31970329	9527.183434007273	13.154418069212625	173.0387147396276	90767224.1852226	4798.495247743984	0.892823198170845	23025556.642621595	0.7971332631920159	4959.775642849751	7469.451239542496	1.096031	34.848312	0.08829796	0.0486218	0.0247343612	-0.0593600769	-0.0376923683	-0.0118373192	-0.0644912497	0.0384290159	0.0100373604	0.0387355358	-0.0729315109	0.0319224581	0.0455707965	-0.0158907717	0.0551187548	-0.0124229841	0.0230693993	-0.033388899	0.0364482373	0.0899171331	0.0612754211	0.0225411287	-0.043952244	0.0171267545	0.1469809505	0.0550950002	-0.0156643986	-0.0559703031	0.0644224799	-0.057488083	-0.0038123682	0.027622575	0.1261146211	-0.1389305566	-0.002208436	0.0550640369	0.0667392401	-0.03107082	0.0032682666	-0.0367777505	0.1246235172	-0.0736433105	0.0222176914	0.0329704915	0.0032819813	0.0083722331	-0.1008317682	-0.0158506258	-0.0054737734	-0.0084754944	-0.0077414917	0.0604650643	-0.0808223202	0.0497567029	-0.0534778554	-0.0390574262	-0.0793866328	0.0244852234	0.097859046	0.0243644205	-0.002325795	-0.0273912152	-0.0403213012	0.0116752164	-0.062489391	0.0416614441	0.048510768	-0.0767731676	0.0137126488	-0.010519908	-0.0536896326	-0.1734880619	0.0341681869	-0.0011018678	0.0755314968	-0.030942931	-0.0549268054	-0.0387496782	0.0791290866	0.032465671	-0.0250344788	0.0400610013	0.1273034366	0.0423588696	-0.0424878916	0.0920397977	-0.1138274735	0.0880630859	-0.0637101311	0.0368439402	-0.0050257915	0.0702063917	0.0779415091	-0.0214756553	0.0108426708	-0.0123846136	0.0812198196	0.0859011542	-0.0644386023	0.0287421475	0.0213771141	-0.0368674993	0.0593456741	0.0310137486	0.0046172193	0.0628539915	-0.121189725	-0.0297336008	0.0443597973	-0.0502046682	0.1315741824	-0.0459040317	0.0743496678	-0.0242309006	0.0086190456	-0.127079508	0.0559436968	-0.0629229773	0.1096779832	-0.1171515838	-0.0321740381	0.04406883	0.0703467193	0.0565627284	0.0436263164	0.0414708607	-0.0743128948	0.0130023001	0.0595457874	-0.0269709451	-0.049481968	-0.0048226473	0.040210759	-0.0393050013	0.0132292798	-0.0629919446	-0.0628115975	-0.0003803742	0.0729174046	-0.0249604052	0.0298296145	-0.0200350559	-0.0773616972	-0.0214166874	-0.0678782472	0.0185659187	-0.095418656	0.02277617	0.0313643653	0.0078748373	-0.0973971103	0.0172860049	-0.0182303139	-0.0789741298	0.0926701854	0.012999876	0.1104430649	0.0189844644	-0.027266705	0.0238833079	-0.0710915884	0.0787821388	-0.035844012	0.0775106251	-0.0326246233	-0.0174031711	0.0486371594	0.0714934205	-0.0347080243	0.1023321459	0.0754691698	0.0696368574	0.0090095805	0.0825157161	0.0684327528	0.0824072448	0.0826475309	0.0861967382	-0.0716506648	0.0200186562	-0.0452998796	0.0664034796	0.0663536037	-0.0050884347	0.0387313271	0.0204835299	-0.0757880394	-0.0567580599	0.0486218538	0.0800300023	0.0	0.0590536	0.0090096999999999	8.117469408999992e-05	0.00348732767296	-0.0221526	-0.01718861	0.0002954483137321	0.00049073768676	0.405306	0.041231	0.164272953636	0.001699995361	0.00505967	-9.715000000000072e-05	2.56002605089e-05	9.438122500000138e-09	-0.00124489	3.2249999999999944e-05	1.0400624999999963e-09	1.5497511121e-06	-0.000608403	-0.0002879729999999	3.70154210409e-07	8.292844872899999e-08	0.0
4836.345270835831	-8.167637569233193	66.7103034623495	23390235.578736108	9481.970709038693	-45.212724968580005	2044.1904990844575	89907768.52706774	4786.530619971711	-11.96462777227316	22910875.37592677	143.15231772905022	4945.8308003069815	7432.823712462754	1.120155	35.615334	0.0909418	0.0413119	0.0051812446	-0.0306480229	0.0670546527	0.0661506358	-0.0282409817	-0.1088332905	0.0422999958	0.0177329233	-0.0525017803	0.0097676316	-0.0002482873	0.0473434117	0.0172627554	0.0274746385	-0.0170626623	-0.0613902232	-0.0261939042	-0.0180041753	-0.020161296	0.0518137187	-0.0376203038	0.0363032812	0.0244954229	-0.059803408	-0.0298359823	0.0044932781	0.003059316	-0.0569780229	-0.0853991322	-0.0266892743	-0.0826452768	0.0315495832	-0.1080112747	0.0261548483	-0.0084896855	-0.0722573391	0.0199433943	0.0969557525	0.0961752975	-0.0554027462	-0.0290212567	-0.0221204015	-0.0623610506	0.0181436812	-0.0094963901	-0.0627356715	0.0650971258	0.0781717027	-0.0341791025	0.1011233115	0.0162468865	-0.0525812941	0.0365462118	0.0145452565	0.1127390507	0.0792631119	0.0574955431	0.0571250451	-0.0032389886	0.0244175351	0.0620429193	-0.0298007434	0.0033187158	0.0414861453	-0.0710712681	-0.0110676405	0.000798107	0.0896053663	-0.0009129464	-0.028849717	-0.0001729194	-0.0106842277	0.0576159298	-0.1082578417	-0.0406269533	0.088018682	-0.0405405506	-0.0498709099	-0.02254062	0.0760488864	0.0087259457	-0.0092915195	0.1272790054	0.0230835789	-0.0511070792	0.0272604972	-0.0267055987	-0.0160923411	-0.1469029276	0.0070644677	-0.0810673552	-0.0128486389	-0.0882959705	-0.0431525303	0.0130221926	0.0748188913	-0.1013777894	-0.1412561375	-0.0466587694	0.0339101297	0.0417310609	0.0248305427	-0.0404035803	0.050116847	-0.0090340361	-0.069301033	0.011488182	0.021938157	0.0060146101	-0.0521905917	-0.0049638414	0.0071592769	-0.0070899485	0.0716183944	-0.0839588579	-0.0676959968	-0.0602436951	0.0282807247	0.0599867725	0.0679035076	0.0056271673	0.0593501814	0.0847356489	0.0680227151	-0.002203343	0.001643063	-0.0355904303	0.1005043233	-0.1285381863	-0.0635926585	-0.0118447971	-0.1180320444	-0.0236424167	0.019786413	-0.0005582566	-0.0186311718	-0.0459472805	0.0318135044	0.0965660352	-0.049336619	-0.0365071142	-0.1009882858	0.0091596337	0.0074871367	0.044335658	-0.0095290731	-0.095100931	-0.0777590401	-0.0083096483	0.0184264493	-0.0119429677	-0.0071607285	0.0527976278	0.033271038	0.0331403059	0.061561584	-0.0222959441	0.0773076339	0.0752259579	0.0766391893	-0.0616407292	-0.0457158798	-0.0185612561	-0.0239110533	-0.0492520601	-0.1073662519	0.0653224867	0.130325588	0.0635635606	0.0381754636	-0.1449003698	0.0798879295	-0.0576996198	-0.0417112604	0.0429673673	-0.0651680545	-0.0845608657	0.0465383289	-0.0611621439	0.0269225146	-0.0552293726	0.0884543421	0.0362942784	0.0195258508	-0.0766833591	-0.0545129082	0.0518116494	0.0781521589	0.0	0.0515634	-0.0074901999999999	5.610309603999993e-05	0.00265878421956	-0.0045736	0.017579	0.000309021241	2.091781696e-05	0.382537	-0.0227689999999999	0.146334556369	0.0005184273609999	0.00538834	0.00032867	2.9034207955600003e-05	1.0802396890000034e-07	-0.00107272	0.0001721699999999	2.9642508899999974e-08	1.1507281984e-06	-0.000247171	0.0003612319999999	6.109350324100001e-08	1.3048855782399998e-07	0.0
4840.873882620464	4.52861178463354	20.50832469592177	23434059.94743693	9517.809560383335	35.838851344642535	1284.423265703386	90588698.8277244	4794.713315120082	8.18269514837175	22989275.77418981	66.95649989118657	4953.799027174163	7462.270339025229	1.089781	34.649601	0.0811434999999999	0.0388902	0.0135609619	-0.0640640253	-0.0375065351	0.0096434895	-0.0529121129	0.0159771887	0.0292140262	0.0335920367	-0.0618038029	-0.0084802199	0.0620737484	-0.0205930352	0.0114929127	-0.0093555125	0.0616220252	-0.0232029658	0.0568197375	-0.0120740562	0.0121058067	-0.0080204006	-0.0672037076	0.0905628343	0.03144324	-0.0778152194	0.1368483152	-0.0172307073	0.0418092053	0.0471470126	0.0506369042	-0.0460790892	-0.0184897898	-0.0329575076	0.0169758695	-0.0775584631	0.0494565042	0.0176657394	0.0491919921	-0.0452776753	0.0712554202	0.0445428885	0.0060764613	-0.0369118629	0.1074313375	-0.020898437	-0.0447436779	-0.0591459446	0.0647780392	0.005342034	0.0112914296	-0.0331764722	-3.27994e-05	-0.0049875589	-0.0675907718	0.0923720091	-0.1132467828	0.0818971305	0.0029359757	0.0863450097	-0.0244766739	0.0390424779	-0.0140594415	-0.0375208298	-0.0347599624	-0.0959542838	0.0262371126	-0.1097587874	-0.0099177544	0.0295991265	-0.0856285327	0.0976199439	-0.0947255047	0.0334092548	-0.0886355137	0.0079364628	-0.0126609531	0.0130378425	0.0689016801	-0.1095645192	-0.0220001057	-0.0626792488	-0.0136579145	0.0133242126	-0.0021054143	-0.110988307	0.1310206539	0.0324494433	0.100752966	-0.0924950021	-0.0932642086	0.0004865942	-0.0940053607	-0.0498676138	0.0260102062	-0.0499049744	-0.0106483701	-0.1437478711	-0.0907846383	-0.0155983659	0.1204839556	0.0408238704	0.0188483595	0.0476349747	0.0235714502	0.063230405	0.0326696314	-0.036938617	0.1353687595	-0.0393083727	-0.0631361737	0.0798833931	0.0177390544	-0.0982349076	-0.0384178672	-0.0292310718	0.0175206133	0.0348577814	0.0148164762	0.0179764794	-0.0310345542	-0.0250033762	0.1267895642	0.0166108694	0.0081933971	-0.0708919631	-0.0444445254	0.0650881598	-0.070908573	-0.0539309056	-0.0849403894	-0.0088862983	-0.0219576208	0.0329719616	-0.0077852611	-0.0295845986	0.0563122109	-0.0258630103	-0.0010688857	-0.1076549627	0.1112725599	0.0015715341	0.0084792445	-0.037095761	-0.0409462568	-0.0156708971	-0.0235306915	-0.0885861865	0.0567739818	-0.0185981646	-0.0820635867	-0.0175637405	-0.0836399894	0.0066749208	-0.0857124671	0.0354406205	-0.1236557372	-0.0737389764	-0.0145389193	-0.1184258831	0.1395353577	0.0088435115	0.1441002822	-0.0493635006	-0.0208765649	0.0825322723	-0.1510728158	-0.0085354973	0.0056779147	-0.0309881583	-0.0375562932	0.0570477216	-0.0366368259	-0.021587376	-0.0575725096	-0.0221389106	0.0369373813	0.0734588514	0.0022164521	-0.067533604	-0.061107909	-0.024496393	-0.1010389725	0.0321166126	-0.0577628658	0.018565586	-0.077538061	-0.0522027924	0.0548916848	0.0760156516	0.0	0.0591128	0.0075493999999999	5.6993440359999965e-05	0.00349432312384	-0.012935	-0.0083614	6.991300996000002e-05	0.000167314225	0.409757	0.0272199999999999	0.167900799049	0.0007409283999999	0.00513915	-0.0002491899999999	2.6410862722500003e-05	6.209565609999991e-08	-0.00130984	-0.0002371199999999	5.6225894399999976e-08	1.7156808256000002e-06	-0.000521115	-0.0002739439999999	2.715608432249999e-07	7.504531513599995e-08	0.0
4839.431280248013	-1.4426023724518018	2.081101605003567	23420095.11624292	9482.332299337431	-35.477261045904015	1258.6360513192185	89914625.8350579	4793.182499127137	-1.5308159929454632	22974598.469938666	2.3433976042576043	4957.742522182844	7465.143933986843	1.174019	37.32795	0.1343559099999999	0.0908557	0.0116443383	-0.0207637019	0.0676903609	0.0169205959	-0.0087442468	-0.1269399383	-0.0198014605	-0.046225784	-0.025274546	0.0522997911	-0.0473794876	0.1359829679	0.0297272734	0.1156889962	-0.1061857877	0.0232920356	-0.022031074	0.0492179036	0.0184214999	0.0889275452	-0.0195066721	0.0178736162	-0.0746161134	0.0282894476	0.0183190206	-0.0409284829	0.0173163402	0.0277357828	-0.0045102547	-0.0376621088	0.0196326062	0.0495381629	0.033068292	-0.0760989099	0.0852035441	0.0427783652	0.000949708	0.0390089226	0.0854432725	0.0334185693	-0.0059732288	-0.0239645881	-0.075563093	0.0112011427	-0.0316046501	-0.0236485973	0.0626072153	0.0871480875	0.0320692286	-0.075995133	-0.0081448526	-0.0856399112	0.0752998872	-0.0453885313	0.0701283442	0.0026241344	-0.0133381578	0.011265911	0.0826853604	-0.1198131682	0.0283194003	0.0854597113	0.0015782723	-0.095174058	0.0626965589	0.0578258555	-0.0800704249	-0.1844878754	-0.0100693464	-0.0395312907	-0.053340615	0.1025441315	0.0177439372	0.0593272847	-0.0334180765	-0.0831701622	0.062501354	-0.0940718752	0.0260759652	0.0265940865	-0.016280673	0.0118043514	0.1109727229	-0.034314146	-0.0781281736	-0.0166764552	-0.0877072444	0.0645834131	-0.0030556559	0.010099865	0.0995553261	0.0355347561	0.0073336281	0.0326300049	-0.0011239693	-0.0062263427	-0.0186071604	-0.0360974772	0.0465973497	-0.1547480826	0.0729258775	-0.0082489188	-0.0652823641	0.0925061063	0.0344173777	0.0163338475	-0.0449060525	-0.0761605159	-0.0014067902	0.0600389321	0.0391519407	0.0055458938	-0.0158986535	0.0183773727	0.0327565441	0.1359386949	-0.051444681	-0.0014131565	0.0203433336	0.0551945807	0.0032380883	0.0128162174	0.0862666313	-0.0230008509	-0.0145866053	-0.0754861369	-0.0186807344	-0.0035020214	-0.0629085996	-0.0527633503	0.0044608174	0.008151219	-0.0498574084	0.1380147231	-0.01286862	0.0068959433	0.0341522055	0.0489409032	0.0158001481	-0.1013715237	0.110189931	0.03436807	0.0347238365	0.0448992909	-0.0357880306	0.0781543772	0.1834163426	0.01908314	0.0388569874	-0.1086161174	0.0374572825	0.0547894722	0.0142374385	0.0340304057	0.0342722933	-0.08990855	-0.0391690248	-0.0273861965	-0.0868243184	0.0251382051	0.0652880226	-0.020915659	-0.0182040559	-0.00724402	0.014520523	-0.0846156379	-0.0807112908	0.0676358707	0.0643568596	-0.1281858594	-0.0299314199	0.0561926621	0.0695917537	0.0231803235	-0.026615179	-0.008416675	-0.0173574573	0.0276435303	0.0640197126	0.0377954528	0.0428137971	-0.0735657697	-0.1016441947	0.0176028627	-0.0783516924	-0.0498304656	0.057855435	0.0736275519	0.0	0.0661826	0.0070697999999999	4.998207203999992e-05	0.0043801365427599	-0.00531934	0.00761566	5.799827723560001e-05	2.8295378035599995e-05	0.331896	-0.0778609999999999	0.110154954816	0.0060623353209999	0.00564539	0.0005062399999999	3.18704282521e-05	2.5627893759999984e-07	-0.00122452	8.532000000000006e-05	7.279502400000011e-09	1.4994492304e-06	-0.000276486	0.0002446289999999	7.644450819599999e-08	5.984334764099998e-08	0.0
4843.446010466922	4.01473021890979	16.11805873062745	23458969.25630795	9498.273113195975	15.94081385854406	254.1095464727504	90217192.13286155	4804.504547655355	11.322048528218147	23083263.948440988	128.18878287532672	4964.410665549979	7443.555000464925	1.156748	36.778816	0.1062506599999999	0.0639757	0.0222734149	-0.067962149	-0.0597337604	0.0150704503	-0.0206594402	0.0025703504	0.0457377674	0.0379310937	-0.0758985726	0.0342730449	-0.0014560781	-0.0091407821	-0.0099138353	0.0762136324	0.059654063	-0.0184767782	-0.0781536359	0.0602737857	-0.0630285797	-0.0487262168	-0.0422887987	0.0032761933	0.0371207463	-0.0335907606	0.043201028	-0.0668744091	0.0545058775	-0.0039665149	0.0379682126	0.0322919242	0.0494301	-0.0668509982	-0.0459988502	-4.59899e-05	0.0101618011	-0.054603202	0.039287265	0.0472104761	0.0592775971	0.0147348368	-0.0378301794	-0.0262385125	-0.0115692736	0.0223753633	0.0901379872	-0.1073501909	0.0487955592	0.0410434789	-0.0323944969	-0.0655757144	0.0019587257	0.0117179474	-0.0917168608	-0.0260247559	-0.0501105215	-0.0815154207	-0.0273063676	-0.0035806126	0.0320280365	0.0286255301	-0.0044140239	0.0531535879	-0.0143147964	-0.0176394169	0.0079579512	-0.0701209626	-0.0796871612	-0.0201121967	0.184528675	0.0499387945	-0.0465577284	-0.0570571307	0.02003361	-0.005090125	0.0480825639	-0.052516666	-0.023534959	-0.0786963278	0.06511854	0.011567592	0.0143941974	0.0366405776	0.046817805	-0.0945874267	-0.0226518185	0.0325568734	-0.0462874829	0.1019026696	0.0304616689	-0.003756749	0.085525745	-0.1114568933	-0.0199143586	-0.0255440423	0.0549911876	-0.0533284574	-0.0446681489	-0.0081167243	-0.0678063122	0.0353693409	-0.0237079742	0.0457073253	0.0534935764	0.0031290845	-0.0216333105	-0.0541161529	0.0556121539	-0.063511254	-4.64207e-05	0.0126316073	0.0040799571	-0.0210623248	0.0331264806	-0.0664065639	-0.0062159019	-0.0380343357	0.0394884646	-0.0079658724	0.0621544969	0.0482460149	0.0511324875	0.0012294244	0.0430645419	0.0125494549	0.014022304	-0.0274900177	-0.06722914	0.0586607464	-0.0697047848	-0.0198538076	0.0581856661	0.111301996	0.0054661515	-0.0480203389	0.1045466786	0.0288706238	0.0615808179	-0.0181492561	-0.0545502655	0.0079228371	0.0274815003	-0.0080745079	0.029670615	-0.0317857629	-0.0380496835	0.0387374358	-0.0038687683	-0.0545556918	0.0217694279	0.0120512239	-0.1499555817	0.1478676009	-0.0145627898	-0.0313954749	-0.0111749291	0.0319204903	-0.0190257277	-0.0603251785	-0.0889757995	-0.0160944875	-0.0363933894	-0.0743138201	-0.0215574851	0.0260771234	-0.007931376	-0.0362303473	-0.0942118043	-0.0211256838	0.0629882604	-0.0947731817	0.0265669476	0.0249456774	0.1011824718	-0.0357965006	0.1282454283	-0.0216167209	-0.0254944354	-0.0295577626	-0.0275195267	-0.0223281612	-0.0168673227	0.0607682378	0.037192462	0.0166378083	-0.0791238224	-0.0473987549	0.0606966215	0.0709957637	0.0	0.0645324	-0.0016501999999999	2.723160039999969e-06	0.00416443064976	-0.0599618	-0.05464246	0.0029857984348516	0.00359541745924	0.36323	0.0313339999999999	0.1319360329	0.0009818195559999	0.00584268	0.00019729	3.41369095824e-05	3.8923344100000056e-08	-0.00135618	-0.00013166	1.7334355600000006e-08	1.8392241924e-06	-0.000320016	-4.353000000000001e-05	1.0241024025600001e-07	1.894860900000001e-09	0.0
4839.105903597171	-4.340106869751253	18.83652764086202	23416945.946229	9464.844540098638	-33.428573097336994	1117.4694993240023	89583282.168235	4804.343381644206	-0.161166011149362	23081715.328748483	0.0259744831497962	4968.037250398098	7433.905466943183	1.106687	35.187107	0.0843845999999999	0.0472486	0.0051357445	-0.0576680431	0.033307491	0.0449637564	-0.0022613705	-0.130069689	-0.0306953505	0.0316943347	-0.044292986	0.0816627989	-0.0106579015	0.1396242049	-0.0003958808	0.1085574308	-0.1146512937	0.0059819957	0.0341705661	0.0591640769	-0.0567555003	0.0111237032	-0.0973198897	-0.0437279572	0.0045695476	0.0326409041	0.0531435493	-0.0772397725	0.0293512163	-0.0183323112	-0.1352705799	-0.0405632916	0.1518886085	0.0707214988	0.0581404631	0.073718759	-0.0232683585	0.1338127834	0.1387547021	0.0385217814	-0.0209166156	-0.0043737168	-0.0099248174	0.0082297044	0.0185550292	0.071138697	0.0031449717	0.1108269487	-0.0098108441	0.0376523396	0.0636174072	-0.0437714628	0.0072564736	-0.0263772858	0.032082487	-0.0172393024	0.0273026414	-0.0602713983	-0.0206013377	0.0435899029	-0.0041623182	0.0440324644	-0.0350390084	0.0165796369	0.0021576365	-0.1426835393	0.1095546388	0.0995469913	0.0422953586	0.1123974439	-0.0815693621	0.0437326621	0.1167459622	0.0012982259	-0.1035015092	0.0688525335	0.0709988527	0.0017699056	-0.0935417695	0.0675675509	-0.0242070641	0.003869387	0.0955635018	-0.0128353815	-0.107315314	-0.0993571539	-0.0540311357	-0.0449417724	-0.105628032	0.041205094	0.0045389548	0.0407046611	-0.0691499109	0.1256664677	-0.0627933828	-0.027548378	-0.0431156463	0.0005025164	0.0796162618	0.0442187493	0.0497342666	0.0046236445	-0.0853238911	0.0454468885	0.0229035722	0.0677276968	-0.0168302215	0.0049701417	-0.0299417477	-0.071679062	0.029577331	-0.0002196942	0.0692763688	0.0654232451	-0.0571776364	-0.0107797149	0.1992250567	-0.0878468032	-0.1356192395	0.0853711861	-0.0940328688	0.0871431343	-0.0453242287	0.0633676243	-0.0258544549	-0.0460240248	0.0094010712	-0.0475055671	-0.0057477666	-0.0800206944	0.0841988511	-0.0292573399	0.0211974364	0.0443595892	0.0359843649	0.1106857065	-0.0193553008	0.1303432488	-0.0567062448	0.0392497381	0.0081412849	-0.0123561502	0.0322495115	0.0440237894	-0.0253250983	-0.0969287024	0.0466828388	-0.0569007719	0.1400494037	0.0137466633	0.0817145388	0.0493370058	0.0262464495	-0.1298598199	-0.0999288964	-0.0892339679	-0.0637404547	-0.0017174232	0.1072836239	0.0478350115	-0.0346183748	-0.0215643219	-0.0664978413	-0.0546228261	-0.0098579323	0.0193987205	-0.0203216206	0.1633620496	0.0180516615	-0.0371358223	0.0970582034	-0.0459777747	-0.035226005	-0.0128182355	-0.1111757664	0.0348674821	-0.098064301	-0.0226978237	0.0062726739	-0.0912815774	0.0166609389	-0.061655704	0.0579306436	-0.0018525232	-0.02550837	0.0156705506	-0.0798540418	-0.0449105582	0.0634092253	0.0681289976	0.0	0.0607302	-0.0038022	1.4456724840000042e-05	0.00368815719204	-0.0145506	0.0454112	0.00206217708544	0.00021171996036	0.371677	0.0084469999999999	0.1381437923289999	7.13518089999997e-05	0.00613906	0.0002963799999999	3.76880576836e-05	8.784110439999985e-08	-0.00126796	8.821999999999997e-05	7.782768399999993e-09	1.6077225616e-06	-0.000170132	0.000149884	2.8944897424000006e-08	2.2465213456e-08	0.0
4847.892621948664	8.78671835149271	77.20641938845876	23502062.87394429	9553.582017743416	88.73747764477775	7874.339938757432	91270929.36975037	4814.659019289534	10.315637645328025	23180941.472026054	106.41238002970871	4973.565942400777	7491.809892339407	1.111711	35.346867	0.051178415	0.024223	-0.0073467448	-0.0847341642	-0.0353174452	0.0330749252	-0.0347775428	0.0340150636	0.0143271841	0.0854460729	-0.0265465788	0.0647327529	0.0356619141	-0.0247322456	0.0405430593	0.0985399918	-0.0082233552	0.0099742348	-0.0791577708	0.032241839	-0.0117552372	-0.0621628977	-0.0676308859	-0.0254521633	-0.0581753937	0.0537713266	0.0054615456	0.1419219914	0.0046396296	-0.0631619874	0.0587981541	0.0158749202	-0.0466983793	-0.0501046091	-0.0157246039	0.0305671662	0.0910897959	0.1201866022	-0.0644980096	0.0779032937	-0.0394762877	-0.025065115	-0.0463891505	0.0017500946	-0.0493282326	-0.0123576854	0.0790214621	0.0476085853	0.0494251803	0.0077336469	-0.0212892088	-0.0769168938	-0.0271193678	-0.1443075633	-0.1595426517	0.0585381338	-0.1244153486	-0.0158679553	-0.0290881151	-0.0199161284	0.0363360022	0.0554499267	-0.1107054562	-0.0207572486	0.0192244502	0.0769005223	-0.0426024795	0.1595759648	-0.0491596365	-0.1167695253	0.0647688183	-0.0986190174	-0.0229452774	-0.0594682006	-0.0191446611	-0.0654649964	-0.0364744975	0.0530224041	0.0404216215	-0.0108421014	-0.0051967698	0.0230914375	0.0348759618	-0.0942713342	0.0019394677	-0.0798713083	0.0642395196	-0.0295849892	-0.0950232475	-0.0088183158	0.0030689758	-0.0989297239	0.1020171278	-0.0294284195	0.0230309123	0.0299161351	0.0784968298	0.0160745927	0.0242622312	0.0333048672	0.0380896385	0.0218983408	-0.0175692768	0.082880685	0.0646667409	-0.0289607517	0.0474928676	0.0554504594	-0.016498048	0.0845182283	0.0778029987	0.0418326612	-0.0567191151	-0.0404567922	-0.0380579925	-0.0449853668	-0.0696719492	0.062783602	-0.0065696107	-0.041021946	-0.0451586616	0.0871724656	-0.1258114679	-0.0952517258	0.0934515673	0.0470230339	-0.0272668066	-0.0085258407	-0.0300921086	-0.0250886846	0.0467362368	-0.0079012531	-0.0285402463	0.0986242848	0.0659332107	0.0458497448	0.1460643452	-0.0279802673	0.1005700847	-0.149210126	-0.0211587431	0.0085484073	0.0013093926	-0.0002974065	-0.0809357341	-0.0798816427	-0.0437575323	0.0402484931	-0.0885688725	0.0471482637	0.1369619672	-0.0655780784	0.1013323295	0.0446620018	0.0182145127	0.0040584314	0.0203822738	0.0442854312	-0.1142653197	-0.0457084517	0.0051753355	0.085968978	-0.0240287956	0.0412671314	-0.0339095024	-0.0655945261	-0.0513032097	0.0458806302	0.0508310804	-0.0829387625	0.0323934145	-0.1279099687	0.0020775342	-0.0316134515	0.1040778644	-0.0843769709	0.0085071942	0.036199584	0.0104944357	0.0701688471	-0.0143085958	0.0031152402	0.0510424147	0.0241714587	0.0276986051	0.0147012178	-0.080541964	-0.0423688407	0.0659875001	0.0650367418	0.0	0.066442	0.0057118	3.262465924000004e-05	0.004414539364	-0.0273471	-0.0127964999999999	0.0001637504122499	0.00074786387841	0.388874	0.017197	0.151222987876	0.000295736809	0.00618776	4.869999999999961e-05	3.828837381759999e-05	2.371689999999962e-09	-0.00138805	-0.00012009	1.44216081e-08	1.9266828025e-06	-2.94597e-05	0.0001406723	8.678739240899998e-10	1.978869598729e-08	0.0
4840.1804117820175	-7.7122101666464	59.4781856545241	23427346.41859834	9519.496635911568	-34.08538183184828	1161.8132546228928	90620816.20113166	4792.021752948339	-22.637266341194845	22963472.48073007	512.445827402193	4954.397589205643	7491.661893763216	1.112561	35.373894	0.0230892649999999	0.012339	-0.0057132927	-0.0118379198	-0.0154424283	0.0774608267	-0.101979376	-0.0143099856	0.0709199403	0.0631744212	-0.0304077167	0.0746208512	0.014171304	0.031950395	-0.0270352499	0.1110267268	0.0095699869	0.0024898885	0.0490773746	0.0464412228	0.0135021433	0.025801768	-0.0697834655	0.0123832243	0.0857891477	0.0237137048	-0.0322955418	-0.0139826755	-0.0770209578	0.0075273892	-0.0670918556	0.0129981991	0.020060649	-0.0336388492	0.0239213025	0.0425245999	-0.0666942456	0.016523399	0.0826942546	-0.0710447409	-0.0906688424	-0.005050107	-0.0952551463	0.0786355128	0.0204052609	0.0044389343	-0.0263900806	0.014689931	-0.0025286194	-0.0054200578	0.0029282362	-0.0387740758	-0.1011608691	-0.1050017246	0.0792554371	-0.0425424218	0.0445195158	-0.0176457592	0.0684974986	0.0121351021	0.0166876264	0.0034171649	-0.015016708	0.0097605376	0.0742272247	0.1761787897	-0.0016570107	0.0234745534	-0.1669611541	-0.053215983	0.0359979525	-0.0397720282	0.0068185159	-0.0533902909	-0.0508417074	-0.0066994923	-0.0051011619	0.028401305	0.0025060592	-0.0164431999	-0.0547065396	-0.0049603018	0.0670997405	0.0192923297	0.0259601044	0.0058734521	0.0050994868	0.0025854085	0.1269737939	0.0045516581	-0.0103169771	0.0146493001	-0.0081156176	-0.0624844868	0.1027609907	0.0349714748	-0.0045351816	0.0753175217	0.0048670597	-0.0111329093	-0.1062576222	0.021779423	0.1359152595	0.0536470402	0.008035593	0.0766635228	-0.0675157246	0.0275206862	0.0148186827	0.0122751449	-0.0171414068	-0.0624444817	0.0012451746	0.0570432563	-0.0191086156	-0.0214370034	0.0301703629	-0.0604940551	0.0451318775	0.0953511865	-0.0733373544	-0.0020408539	-0.0133212075	0.0386699507	-0.0411849521	0.0071367031	0.1156381458	0.0594444706	0.0703515315	-0.0207766123	0.0322095483	-0.0816574113	-0.0308244345	0.0508944631	0.0023842587	0.1125430271	-0.0854867563	-0.0041478512	0.051450759	0.0045196359	-0.0136888452	-0.0379646405	-0.0663995226	-0.0117750261	-0.0195237993	-0.0254302992	-0.0119504138	0.1761529849	-0.0903698318	-0.048559119	0.0128304302	-0.0994396602	0.0675984188	0.032938613	0.0168264859	-0.0636031389	-0.0395315498	0.0747694045	-0.0705645801	0.0108990877	-0.0133802951	0.0012364494	-0.0152061937	0.039967618	-0.0566168744	-0.0622165117	-0.0348104256	0.0210800745	-0.0936489436	0.0099835317	-0.0992312306	0.0697347993	0.0515437246	0.0102423072	-0.0518520509	-0.0745269226	0.0376293037	0.0517402837	0.0076470917	0.0647391867	-0.041373936	0.079381148	-0.057609423	-0.0375571415	0.0599382936	0.0137299382	-0.0811872246	-0.0397766315	0.0684259838	0.0617292309	0.0	0.0585052	-0.0079368	6.299279424000002e-05	0.00342285842704	-0.0232871	0.0040599999999999	1.6483599999999982e-05	0.00054228902641	0.38916	0.000286	0.1514455056	8.179600000000484e-08	0.00614165	-4.610999999999938e-05	3.77198647225e-05	2.1261320999999427e-09	-0.00133277	5.528e-05	3.0558784e-09	1.7762758729000002e-06	-0.000144199	-0.0001147393	2.0793351601e-08	1.3165106964489998e-08	0.0
4836.268125948139	-3.912285833878741	15.305980445968276	23389489.38606192	9487.325299422706	-32.171336488861925	1034.9948914795789	90009341.33706614	4801.443290366573	9.421537418234038	23053857.67060618	88.76536732318411	4960.383349645304	7423.497093241732	1.115183	35.457264	0.0391395999999999	0.0198481	-0.0016824662	-0.0732671681	0.0008628709	0.0847287648	0.015062733	-0.0090290091	0.0676530183	0.0892172273	-0.0759003464	0.0688091071	-0.0182360589	0.0233427772	-0.0435562121	0.0148843061	-0.0884886721	-0.001758716	0.0007252472	-0.0570485273	-0.0550202437	-0.016760392	-0.1306369966	0.0861801206	0.0556116615	0.0759551133	-0.0935317052	0.0548796798	-0.0256139824	0.0728551353	-0.0904304289	-0.0897853621	0.0210209268	-0.0482404798	-0.0881143538	0.0357319499	0.0936145354	-0.0195905422	0.0669435574	0.042682171	-0.0832500876	0.0155394871	0.036359249	-0.1581481495	0.1619612298	0.0082060842	0.054673663	0.0586520328	0.024991973	0.0256916983	0.1746544373	-0.0498441133	0.009430196	-0.017570601	0.0441540278	0.0050498061	0.0665712821	0.0068629015	0.0645863802	0.0168068071	0.054061767	0.0351220258	-0.090982619	-0.033810638	0.0367577025	0.0425639273	-0.0836403557	0.0532683706	-0.005659406	-0.0271053753	-0.0201120267	0.0324579275	0.0365145082	0.0729124579	0.0882237147	0.0258412083	-0.0152254929	0.0500042732	0.055025714	0.0297637284	0.0490590426	-0.006288905	0.0335603381	0.0140337674	0.0344142344	0.0602475916	-0.0395139974	-0.0990501814	0.0415837396	0.0474441466	0.0270814483	-0.0428809586	0.0701382553	-0.0587844797	-0.0113882296	-0.0301987276	-0.0174012435	-0.0676287879	0.055930741	-0.0387955627	0.0812438169	-0.0132778046	0.013141729	0.0879056985	0.0517347195	0.1085279214	-0.0385059768	0.0613390419	-0.0203161	0.0354136744	0.0158045408	0.002238843	0.0383892129	0.0545696804	0.0245622537	0.046329337	-0.0471190188	-0.0570426366	0.016082544	0.0738297934	-0.1042515348	0.1451561138	0.0115282506	-0.059265118	-0.1222056038	-0.0029448341	0.0171808581	0.0619789181	-0.2172679033	-0.0832636327	-0.010850179	0.0986935027	0.0392530122	-0.0548850329	-0.0543952071	0.1186995504	-0.0006953077	-0.0454495182	-0.0297773728	0.073108053	-0.0167607261	-0.0299634057	-0.0238826452	0.0113710059	-0.077953869	-0.0013030741	-0.0405478453	-0.0313661774	-0.1083225398	-0.0207982316	0.0582701825	-0.0211054366	0.0475876385	0.0515412416	-0.036076496	0.0321690953	0.1027764488	-0.0828685553	0.0079037159	0.0264789476	0.056321472	-0.0132616981	0.0164955468	0.0647342628	-0.020461805	0.0554352449	0.0190549229	-0.0034128544	0.0096437244	-0.0148162986	-0.1044049096	-0.0575028946	-0.0174136561	0.0727622357	0.0905577395	0.0516173591	0.0948884481	-0.0130845542	0.0279447243	-0.0309030384	0.0613128675	-0.0545012756	0.0118815966	-0.0500141604	0.0088018973	0.0127568403	-0.0817894817	-0.0371370197	0.0707195106	0.058217412	0.0	0.0691683	0.0106631	0.00011370170161	0.00478425372489	-0.0131887	0.0100984	0.00010197768256	0.0001739418076899	0.389387	0.0002269999999999	0.151622235769	5.1528999999989655e-08	0.00637541	0.0002337599999999	4.06458526681e-05	5.464373759999979e-08	-0.00121844	0.0001143299999999	1.3071348899999989e-08	1.4845960336000005e-06	-0.000129267	1.4932e-05	1.6709957289e-08	2.2296462399999995e-10	0.0
4838.924526972906	2.656401024767547	7.056466404386073	23415190.577739965	9502.408155669436	15.082856246730444	227.4925525595356	90295760.75693302	4790.55810789337	-10.885182473202804	22949446.985102907	118.4871974749215	4951.753558273259	7470.696697443057	1.15463	36.711464	0.08335455	0.0414202	0.0081882866	-0.0331131673	-0.1024414345	0.0893367013	-0.0872573676	0.0778112791	-0.0865408495	0.0757124642	-0.0700448749	0.0775737189	-0.0465851326	-0.0568471542	0.0420516402	0.1014248981	0.0438028701	0.0175590575	0.0252938379	-0.0299086162	0.1365453683	0.0119025435	-0.1088787303	0.1030873419	0.0388691133	0.0504809136	-0.0700612134	0.0145871351	-0.0237918628	0.0360082792	-0.0038038363	-0.0839318986	-0.0348849185	-0.0789593833	-0.0446269256	-0.0044457595	0.0354411771	0.0347675873	-0.0450286072	0.0464658361	0.1196660401	0.0563486445	-0.0136775755	-0.0981472681	-0.0060573652	0.113412655	-0.0725627959	-0.0430488916	0.0140308593	-0.0605304314	0.0554077404	0.0420218367	-0.0542869407	0.0684577396	0.023497049	0.0573433853	0.0487910063	0.0643882607	-0.0888111387	-0.0166784652	0.006431682	0.0072951073	0.0577861113	0.0167280421	-0.0967704361	0.0239387351	0.0314290531	0.0619496602	0.0798718107	0.0346643673	0.027946869	-0.0255986289	-0.047949913	-0.0307696239	-0.0502165394	-0.0923537398	-0.0153040703	-0.0654351014	-0.0088287363	0.0160347112	0.0461775944	0.0747451924	0.025727787	-0.0156564116	-0.0575398782	-0.0011828611	0.0076939565	-0.0016385831	0.106723485	0.03791373	-0.0324018765	-0.0570255617	-0.0551045581	0.0602290714	0.1305769207	-0.0720685545	-0.1045043991	-0.0314237968	0.0296396726	0.0242403457	-0.0722107757	-0.062834246	0.0813115921	0.0774874072	0.0408827251	0.1494287865	-0.0390340502	0.0732479782	-0.0215231966	0.0309510998	-0.0056685552	-0.0099210628	0.0753071561	-0.0461041513	-0.0035965696	0.0007785433	-0.0623451419	-0.0037733648	0.0313735619	-0.0171910907	-0.0038405227	0.0579415508	-0.0155684074	0.0242454597	0.0952457124	-0.0481750094	0.0256902768	-0.0565550002	-0.0243264683	-0.0443793576	-0.1350848108	0.1010637058	-0.0037342794	-0.0366749797	0.0056640469	-0.0269884985	-0.0471817481	-0.0702189982	-0.0644449908	0.0377663377	0.014782393	0.1238488577	0.0097009587	-0.0498323699	-0.0152801267	0.0412681763	0.0053791906	-0.0074957651	0.0301168643	0.0609600684	0.0406868666	0.1484385518	0.0378574036	0.0156809816	0.0370951876	0.026631486	-0.01389496	0.0540540541	-0.0919804151	-0.035044641	-0.0163605804	-0.0944922811	-0.048873306	0.0026902849	0.0464633231	0.0232338246	-0.0816003661	0.0423870714	0.0179055074	0.0164529473	-0.0689230179	0.0962319558	-0.0307282323	0.0858674502	-0.0372118255	-0.1029047259	-0.0321893828	0.0689299832	-0.0550748695	-0.0786901551	0.0665750782	0.0495001572	-0.0833967256	-0.0817234958	-0.0220549953	0.0117820532	-0.0823484164	-0.0344531511	0.0728632218	0.0545129082	0.0	0.0688315	-0.0003367999999999	1.134342399999988e-07	0.00473777539225	-0.0374075	-0.0242188	0.00058655027344	0.00139932105625	0.412248	0.022861	0.169948413504	0.000522625321	0.00616681	-0.0002085999999999	3.80295455761e-05	4.3513959999999896e-08	-0.0015498	-0.0003313599999999	1.0979944959999997e-07	2.4018800400000003e-06	-0.000308066	-0.000178799	9.4904660356e-08	3.1969082401000015e-08	0.0
4842.124159773192	3.1996328002860537	10.237650056666372	23446166.378659245	9456.420472213524	-45.9876834559127	2114.867029641227	89423888.14729904	4800.865797819483	10.307689926113198	23048312.408672903	106.24847161289551	4957.162089793449	7375.422348705857	1.140959	36.276802	0.0770367	0.0367802	-0.0117096065	-0.0667899211	-0.0121487096	0.1256361908	0.0698474567	0.0815175066	0.0931022116	0.0887495444	-0.0833353223	0.0682832655	-0.0640490539	0.0132457144	-0.0820110374	0.0379668054	0.0150818037	0.1127652816	0.0284228425	-0.0100130188	-0.0432027034	-0.0214044365	-0.0848135794	0.020972637	-0.0670864652	0.0754449847	0.0061911064	0.0716612406	-0.029868606	0.0159747131	0.0393270669	0.0084886637	0.0222477706	-0.0377709677	-0.0360293082	-0.0397461869	0.032506134	-0.1268762971	0.0006538332	-0.0750361997	0.0030372667	-0.0467224924	0.0054087216	0.0033172329	0.0001066408	-0.0372150112	0.050480682	0.0004614426	0.0371278048	-0.0276120184	0.0322121952	0.0086467049	0.0950410657	0.0071787061	0.0288509064	0.0229325156	-0.0529059964	0.0653498432	-0.1042038788	0.1136973349	0.0130868421	0.074684898	-0.0063316034	0.007006513	0.097820461	-0.0867238012	-0.0619289341	-0.0639704453	-0.0320175874	-0.0546018773	0.1011352224	-0.0140893106	0.0875004793	-0.060579403	-0.044200636	0.0243775158	0.0249168812	0.0516709655	0.0124631383	0.0517559169	-0.089110795	-0.0188923357	-0.0232590519	0.085444317	-0.0409157919	0.0355819786	-0.0286181028	-0.0270519857	0.047210078	-0.013571911	0.0077763677	-0.050629869	-0.0091647613	0.032895151	-0.1149138781	-0.0433213551	-0.1325141976	0.0205030728	-0.0605993524	0.0040429749	-0.0235187755	-0.0868181512	-0.0009121353	0.088377644	0.025470955	-0.0063763171	0.0806267685	0.0650507787	0.0109645227	0.0324217617	0.0437495421	0.029995203	0.0035350916	0.0379520102	0.0751945714	-0.0310108844	-0.0716185816	0.0506005569	0.0854418725	-0.0020212888	-0.012101177	-0.0381407271	0.0626088132	-0.006994854	-0.0495230378	0.0996097815	0.0047336565	0.0215714933	-0.0670058223	0.0497801875	-0.0055332478	0.0029064137	-0.0559846911	-0.0500526915	-0.0485502044	-0.0065150588	0.0162967391	-0.0101193007	-0.0382622272	-0.0339455922	0.0284261519	0.0053121347	0.1365988762	-0.0447561057	0.0097223431	-0.1049314469	0.0133881052	-0.0849454445	-0.0662681589	0.0551773838	-0.0214571862	-0.091214807	-0.0833960734	0.0529164441	-0.0423435951	-0.1422147169	0.0072864987	0.0242656677	0.051949408	0.0336017927	-0.005532932	0.00727063	-0.0103050093	0.0481796423	0.0560624674	0.0452536791	0.0252471493	0.0187894269	-0.0265021056	-0.0051567746	-0.0779372935	0.0786044811	-0.0406184434	0.0148053915	-0.0128443145	0.0148706042	-0.0688325023	-0.024365197	-0.0378819542	-0.0979078211	0.029458832	0.0836954239	0.080259369	0.0275017053	-0.0096231146	0.0108057058	-0.0828637327	-0.0317282239	0.0748525761	0.0506279805	0.0	0.0658308	-0.0030007	9.004200490000053e-06	0.0043336942286399	-0.0121706	0.0252369	0.00063690112161	0.00014812350436	0.401269	-0.010979	0.161016810361	0.000120538441	0.00594604	-0.00022077	3.53553916816e-05	4.873939290000016e-08	-0.0011548	0.0003949999999999	1.5602499999999997e-07	1.3335630400000002e-06	-0.000167434	0.000140632	2.8034144356e-08	1.9777359424000005e-08	0.0
4850.011735028799	7.887575255606862	62.21384341286165	23522613.829917066	9500.270821311256	43.85034909773276	1922.8531159930324	90255145.67825806	4797.505895557797	-3.359902261686329	23016062.81791182	11.288943208084913	4956.134045239492	7483.166056341729	1.18903	37.805229	0.08099815	0.039248	-0.0198490201	-0.1000408425	-0.1392150259	0.0542682528	-0.0229434307	0.0061612423	-0.0365177055	0.1149750016	-0.0904545772	-0.0138310471	-0.0366650193	-0.0043111881	0.0136316168	0.0956201516	0.0627154903	-0.0025550164	-0.0315366641	-0.089152982	0.031010483	0.0095272673	-0.0922144999	-0.0695649733	0.0417642821	0.0609231436	0.0852319975	-0.0121072421	-0.0448325386	0.0629509692	0.0569110739	-0.0687719223	-0.0947911164	0.0874659239	0.1102359444	0.0515927587	0.102164377	-0.0276666548	-0.0071114064	-0.1501925063	0.00270112	0.0516552546	-0.0952673482	-0.0469038442	-0.0040208662	0.0762682677	0.118951663	-0.0269218674	-0.010395244	-0.0910228134	-0.0744033085	0.1082184103	0.0582422777	-0.0253196381	-0.0487258566	0.0777949815	0.0686574271	-0.0070473169	0.0223661122	-0.0514655119	-0.0007288906	0.0776909313	-0.0560343807	0.049852259	-0.0182063283	0.0433348175	0.0907096023	-0.0882747567	-0.0151721598	-0.0028012328	0.0407304135	0.1321579102	-0.0414246112	0.0191162662	-0.0223808301	0.010712576	0.1066857276	-0.0648484	-0.0098984991	-0.0898654925	-0.0278372452	-0.0799760576	0.0734754035	0.0653242266	0.0141302438	-0.0306890888	0.0807860997	0.0141703793	-0.0146498315	0.0583530245	0.053410257	-0.0012443703	0.0515326856	-0.0279309312	-0.0003339766	-0.1537272177	0.1625135744	0.1726215224	0.0852421442	-0.0725524949	0.0689873024	-0.0719578596	0.068498609	0.1320030325	0.0015110545	-0.0102088538	-0.0569182525	0.0654847257	0.0620161646	-0.0334626339	-0.0544952162	0.0423255753	0.0349124884	-0.0231965981	0.0010762517	0.074511553	0.0146073948	0.1540554076	0.012467104	-0.0471977233	-0.0799712641	-0.0064778739	-0.0286318908	0.0847082019	0.0146173966	-0.0472546053	0.1918071797	0.0555458613	0.0139729353	0.1504904022	0.0556441387	0.0480999372	-0.0490501981	-0.0360719119	0.0786164828	-0.0374444989	0.0989837062	-0.0045089403	-0.085355637	-0.0077691156	-0.0161709785	0.0320439579	-0.0626238105	0.040617613	-0.0311405058	-0.0683988153	0.0160347385	0.0105686367	0.0389711389	-0.0540111693	-0.0813813861	0.0524192239	-0.0528900366	0.1138216125	-0.0059147271	0.0183413636	-0.094473569	0.0221660953	0.085998129	-0.0379317019	-0.0477452694	0.0534567981	0.0264563256	-0.0554006429	-0.122001099	0.0927638042	-0.0449914018	-0.0057403609	-0.0556519674	-0.0303369917	-0.0794728056	-0.0362152982	0.1128548438	-0.0285260705	0.0434008281	-0.0357960101	0.0265653212	0.0070789307	-0.1955985851	0.1118703605	-0.0495509608	-0.1271309543	0.1177602303	-0.0220212959	0.0244444937	0.0098279275	-0.0833351575	-0.0289654857	0.0766833591	0.0465754872	0.0	0.0601663	-0.0056644999999999	3.2086560249999954e-05	0.00361998365569	-0.0137105	-0.0015399	2.371292010000001e-06	0.00018797781025	0.426962	0.025693	0.182296549444	0.000660130249	0.00639509	0.00044905	4.08971761081e-05	2.0164590250000029e-07	-0.0016115	-0.0004567	2.0857489e-07	2.5969322500000004e-06	-0.000223699	-5.6265e-05	5.0041242601e-08	3.1657502250000006e-09	0.0
4845.953158866012	-4.058576162787176	16.47204046914428	23483262.01792348	9496.116471870091	-4.154349441165323	17.25861927931063	90176228.04732248	4805.069328663639	7.563433105841796	23088691.253264032	57.20552034654367	4963.880983151961	7402.246802364123	1.199655	38.143044	0.0609057499999999	0.0339795	-0.0482080601	-0.0820410355	-0.0252910066	0.1771438353	0.0879273151	-0.0389817847	-0.0564867041	0.1409314754	-0.0869111124	0.0417192266	-0.0812528929	-0.0220580272	-0.0009262606	-0.0206614439	-0.0929079154	0.0336948529	0.0168480748	-0.0680363704	-0.0325831434	-0.0594041262	-0.1210399927	0.0430206331	0.0050431086	-0.0412466126	-0.0238181092	-0.0346106586	-0.0880107576	-0.0043720255	0.0137502606	0.0929202602	-0.0441438106	0.0406810004	0.0071831816	0.0442101782	-0.0583040156	0.0132647311	-0.1158735583	-0.0873922277	-0.0957616313	-0.0326657238	0.0162226773	0.0260582277	-0.0946230121	-0.03260397	-0.0629210335	-0.0359396135	-0.0608589475	-0.0357270283	-0.0828881126	-0.071586602	-0.0215046354	0.004229471	0.1023072906	0.0736873139	0.0116415719	0.0288973604	-0.0143281883	-0.0219983843	-0.0617906333	0.0320077992	-0.0610271188	0.0061494884	-0.0855908066	0.0071530587	-0.0347526305	-0.0192601205	-0.0177419888	-0.046953539	0.0138242154	0.0528414292	0.0112057095	0.0726245085	0.0641528098	-0.0180362347	0.0986012051	0.1233052286	0.0073946107	-0.0202216513	-0.1888360519	-0.0014153215	-0.1046825832	0.0368281619	0.0075772157	0.0337805363	0.0209377258	-0.1213368893	0.029208373	0.0873216916	-0.0493055979	0.0136736256	0.0093536154	0.0593719798	0.0143630045	0.0900939056	-0.0991919659	0.0714784551	0.0147099007	0.0235660737	0.0208682748	-0.1215983538	0.0718920149	0.1387155949	0.070077478	0.0239142605	0.0148887237	-0.0201593495	0.0092333269	-0.0197957162	-0.0710902007	-0.0913215619	-0.0816585809	0.0569211631	0.0051954355	0.0184707965	-0.0640780078	0.0178808015	0.0186435596	-0.044545145	-0.0155758917	-0.1217835816	-0.1156325127	-0.0587618116	-0.0011682694	-0.0102030895	0.0262504676	-0.0040578601	0.0978069501	0.0137057872	0.0311916509	-0.0709587416	-0.0413296296	0.0396857003	-0.1101213409	-0.0443274701	-0.1054582407	-0.058783755	-0.0494311319	-0.0428749214	-0.0148525229	0.023312084	-0.0275132885	-0.0245509875	0.025489809	-0.0009513607	-0.0625207497	-0.0389882283	0.017452227	-0.0130771247	-0.0118322954	-0.0450146579	0.0333481711	0.1140821845	0.0561710289	-0.0104589334	-0.0080158787	-0.0366994959	0.1833012689	0.0511753622	0.1120558476	0.1257308815	-0.0179108569	0.0410605883	0.0723280685	0.024423515	-0.0485071878	-0.009457343	0.0003539022	0.0166372108	-0.0907969378	-0.0579813685	0.0389705115	0.0729366065	-0.0737049971	-0.026211532	-0.0594821177	-0.0175056435	0.0613649491	0.0274919281	0.090758015	0.0833050766	0.0367929146	-0.0500563041	-0.0358826691	0.0088488477	-0.0837624412	-0.0261682287	0.0783516924	0.0423688407	0.0	0.0601588	-7.500000000000562e-06	5.625000000000842e-11	0.0036190812174399	-0.0199748	-0.0062643	3.924145449e-05	0.00039899263504	0.427482	0.0005199999999999	0.1827408603239999	2.703999999999635e-07	0.00676683	0.0003717399999999	4.57899882489e-05	1.381906275999998e-07	-0.00127754	0.00033396	1.115292816000001e-07	1.6321084516e-06	0.00015288	0.000376579	2.3372294400000004e-08	1.4181174324100006e-07	0.0
4850.807417643406	4.854258777393625	23.56382827790305	23530332.603064287	9514.727306749262	18.610834879171307	346.36317489977927	90530035.72180007	4800.416317396987	-4.653011266651447	23043996.820331253	21.6505138475853	4959.0038552301785	7474.8902180776495	1.218132	38.73053	0.1045165	0.0608058	-0.0389671834	-0.1570588522	-0.0807755686	0.0401513937	-0.0460386479	0.1229552034	0.0096443728	0.1153207298	-0.0726739302	0.0472969346	-0.0314260456	-0.0422783037	0.0331031987	0.0634391563	0.0799166363	0.0168235066	-0.0531475907	-0.104396034	-0.058125206	0.0071484303	-0.1689979737	-0.0026072374	0.0229434444	-0.014952848	0.028203146	0.0045897068	-0.0895948379	0.0594177816	-0.0391267078	0.0746718451	0.011366995	0.0459015006	0.0259495473	0.0046417251	-0.076245843	0.0704069597	-0.0644956857	0.0947405578	0.0279087692	-0.1004254552	0.0565338808	0.0049085938	-0.1570283333	0.1231036747	0.0192274065	-0.0464313198	-0.0498383498	-0.0022107525	0.0702018436	0.0035309499	0.1134564772	0.0195148138	-0.0987106256	0.0734483161	-0.0457372995	-0.0184609278	0.1270312927	-0.0147852672	0.0316115545	0.0419005103	0.0308859674	0.0218767931	0.025671153	0.1417023046	0.0244458544	-0.0724713816	0.0037479796	0.0096962101	0.0727957566	-0.006763289	-0.0562137515	-0.0420751447	-0.1248102595	-0.0459532511	-0.001792948	-0.0064458805	0.0266618699	0.0349179928	0.0493107144	-0.0491578451	0.1206086594	0.0333249343	-0.0201214929	0.0081585519	-0.0335836684	-0.0860855906	0.0252815732	-0.0096013349	-0.0324954553	0.0093950247	-0.1405920134	-0.0062501798	-0.0957670374	-0.0317663996	-0.0100493214	-0.0306667319	-0.0084278086	0.0709220235	0.0543021697	-0.1210520079	-0.0010234643	0.1483201155	0.0266159428	0.0608173716	0.0006089754	0.0030670396	0.0090359858	0.0285354802	-0.0709263505	-0.0231766527	-0.013525178	0.0988002304	-0.0547162452	-0.0373379659	0.0503515117	-0.0322455158	-0.0393426968	-0.0105729981	-0.0058488409	-0.0629448878	-0.132279174	0.0302361977	0.0700580206	0.0696477552	-0.0586018198	-0.1238606505	0.0469408943	0.0198477883	-0.0598021716	0.1594529197	0.0386036382	0.0156153367	-0.0522230071	-0.0440239891	0.0947349604	0.0270943943	-0.0261624621	-0.0516124008	-0.0197404152	-0.1105627853	-0.0858495455	0.0209270049	-0.0565867949	-0.0052252921	0.053029062	0.0829501473	-0.0777890181	-0.0545731749	-0.0848163354	0.0428221629	-0.0307562134	0.0347378911	0.0388765477	-0.0657756175	-0.1147121943	0.0449821305	-0.0928333126	-0.0578005193	-0.0076526753	-0.0029171754	-0.0393349307	0.0118409845	-0.0794615308	0.0748083585	0.0200153011	0.0947397628	0.0289507318	0.0229103573	-0.0351428891	0.0099104688	-0.1251716916	0.0232757275	-0.0773108999	0.0585848957	-0.0250196135	-0.0242388928	0.0356137035	-0.0929999114	-0.0873903688	-0.0264190617	0.0469511999	-0.0620793932	-0.0345424371	0.0078685961	-0.0841453574	-0.0233397865	0.0798540418	0.0380219642	0.0	0.0597367	-0.0004221	1.781684100000014e-07	0.0035684733268899	-0.0068468	0.013128	0.000172344384	4.687867024e-05	0.432273	0.004791	0.186859946529	2.2953681000000432e-05	0.00587476	-0.00089207	3.4512805057599995e-05	7.957888849e-07	-0.00177956	-0.0005020199999999	2.520240804e-07	3.1668337936e-06	-0.000176538	-0.000329418	3.1165665444000005e-08	1.0851621872400005e-07	0.0
4851.250835699081	0.4434180556754654	0.1966195720990101	23534634.670871034	9484.606794585452	-30.120512163810417	907.2452530102512	89957766.04789652	4797.985951562799	-2.4303658341887058	23020669.19139397	5.906678087991764	4958.911814573848	7386.768048561767	1.236426	39.312168	0.08197699	0.0525722	-0.0475796203	-0.0599946172	0.0394253457	0.1507017026	0.0751558199	-0.0760541014	-0.0061599469	0.1005914661	-0.0374842864	0.0035812214	-0.0873574547	0.0383027029	0.1108898397	0.0352035979	-0.1553542608	0.0402333128	0.0146889885	-0.0154129663	0.0055434656	-0.0274565671	-0.0937798587	0.0450525929	0.0287324813	0.0477412066	0.0282249431	-0.044627015	-0.0038125245	0.0107975351	0.0847611715	0.0341601918	-0.0378282661	0.0263705845	-0.0358261801	0.0345044109	0.0498891488	0.0181556354	-0.0406855175	-0.0151865642	-0.0529106165	0.02240306	-0.1544679633	-0.0335513414	-0.1536912581	-0.0917622208	-0.0429788778	0.04487716	-0.0752099728	0.0597246914	-0.0408077444	-0.0471902851	-0.0384219431	-0.0530270845	0.0575630796	-0.0521599056	0.0023438765	-0.1001748216	0.009456814	0.0078361166	-0.1069573994	0.0138249621	-0.0206090294	0.0213129938	-0.0452587812	-0.0813770373	-0.0632772004	-0.0696205136	0.0638618615	0.0104204461	0.0878210033	-0.0435517427	0.0303905098	0.0856188818	0.0256972842	0.0605256272	-0.0234175342	0.0133929424	-0.081154151	-0.0008713068	0.0150525832	0.0721322555	0.0411961723	-0.0300382705	-0.1610714716	0.0813517803	-0.0468482413	-0.0682190353	0.0806615565	0.0458169187	-0.0657055997	0.0080627178	0.0344737196	0.0164667777	0.0607745963	-0.0415339786	-0.0086562516	-0.0411562203	-0.0545769118	0.0026434606	-0.0858948426	0.0461872791	0.0097935446	0.0928139817	0.0503159212	0.0434904629	-0.0195870593	0.0649377877	0.0466710185	-0.0487813354	-0.0290912911	-0.0124895974	-0.0542553222	-0.0135923489	0.0584339173	0.0020377936	-0.069238313	0.0238808334	-0.0029765534	-0.0065694802	0.0300964169	0.0350966016	-0.0419988056	-0.0791073291	0.1269842418	0.001835564	0.076250527	0.028283663	0.1077040205	-0.0254642692	0.1207837345	-0.062111903	0.0789277737	0.0310545146	-0.0310151171	0.0872822704	-0.0618590663	0.1035469766	-0.0158566875	-0.0277505524	-0.029132821	-0.0233659295	-0.0163532659	-0.0156303714	0.1043560751	-0.0175234345	-0.0237174687	-0.1071783921	0.0275976356	0.0436137807	-0.0267500467	0.0090393245	-0.0404629793	0.0537955968	0.0786262147	-0.0367795242	0.0643135155	-0.0993142887	-0.0505111332	0.0861262837	-0.0659897198	0.0302033116	-0.0792781199	-0.0515951466	0.0648660788	0.0291765479	0.0353525696	0.0866266478	0.0708957248	-0.0578071549	-0.0451684614	0.0786871828	0.0454600896	0.126376864	-0.0269318384	-0.0096979258	0.0616048445	-0.0089883028	0.003251888	-0.0078257156	0.0420293807	-0.00580048	-0.0935320647	0.0921128221	0.0284067676	0.0068873025	-0.0844837033	-0.0204835299	0.0811872246	0.0335492447	0.0	0.0592852	-0.0004514999999999	2.038522499999942e-07	0.00351473493904	-0.00412541	0.0027213899999999	7.405963532099998e-06	1.7019007668100002e-05	0.391691	-0.040582	0.153421839481	0.001646898724	0.00597502	0.00010026	3.57008640004e-05	1.005206760000009e-08	-0.00118677	0.0005927899999999	3.513999841e-07	1.4084230329e-06	-0.000105146	7.139200000000001e-05	1.1055681316e-08	5.096817664000001e-09	0.0
4856.193650462748	4.942814763667229	24.431417787926726	23582616.770794712	9484.738635998594	0.1318414131419558	0.0173821582192678	89960266.99320447	4791.755418094084	-6.230533468714384	22960919.98683401	38.8195473047701	4944.958318961552	7388.877854496021	1.185216	37.683964	0.1264540599999999	0.0659771	-0.0688055134	-0.1047168633	-0.1125867259	0.1424220395	0.107403873	0.0745438568	0.0569962409	0.1709799757	-0.0734591308	-0.0797705274	-0.0945680664	-0.009068636	0.010211602	0.0595368952	0.0726543141	0.0986042566	0.0348122717	-0.2210610633	-0.1338619915	0.0787650977	-0.1271000223	0.0120508848	0.0273139569	-0.1050831114	0.1353752759	0.0497253123	0.0306964265	-0.0634978621	0.0060636646	-0.0255306653	0.0017839151	-0.0226602339	-0.0133084635	0.1131515509	-0.033341419	-0.0019403001	0.0356332537	-0.1366232271	-0.1217799776	0.0190946673	0.0382803114	-0.004853103	-0.0489011161	-0.0867049579	0.0094455693	-0.0028171427	-0.072859259	-0.0097798194	0.0564033805	0.0698051919	0.0172549317	-0.0998805955	0.0454343156	-0.0013861941	0.026648449	-0.128350408	0.0308658913	0.003573527	-0.016316633	0.0113153077	-0.0607358868	-0.020105935	-0.055744404	0.0559598757	0.0559100297	0.0594152521	0.0226582247	-0.0814017562	0.0392162048	0.0795469033	0.135951352	-0.080059342	0.0017199721	-0.0207742999	-0.0275732927	-0.0312638377	-0.0478916187	0.0125731028	0.1176429619	0.0068620796	-0.091990506	-0.0132313571	0.0582248312	0.0698615169	0.0167418485	0.224411556	0.0270994634	-0.0567756812	-0.0211731214	-0.0533716396	-0.0227245912	0.0227199569	0.0224711751	-0.0493265682	-0.0300630042	-0.0052658352	-0.0128792303	-0.0499226674	0.1062705382	0.0284345956	-0.0263134704	0.171773239	-0.075026106	-0.012560873	0.0898941772	-0.0971653031	0.1536011616	0.0647899791	0.0009618077	-0.0100825159	-0.0119031699	-0.0621264828	0.0178714071	0.0272457207	-0.0228608047	-0.0787946389	0.0234189673	0.0387411221	-0.1083936403	-0.0483082223	-0.0222655971	-0.0498007206	-0.09618701	-0.0574562732	0.0261698662	0.0177958236	0.0692854843	0.0770209387	0.1025731715	-0.0120318466	0.0544345736	-0.042061585	-0.0231310839	0.1056462566	-0.0227398004	0.0811850947	-0.0645211909	-0.0240852222	-0.0612267841	0.0389649778	-0.0670105556	-0.047752668	-0.0653005696	-0.0156648502	-0.0775910082	0.0516684207	0.0209047402	0.0416999268	0.0019019732	0.0233187614	0.0637370355	0.0574921078	-0.1072572079	-0.0413415326	0.0847106534	0.09156284	-0.0223301454	-0.0311134004	-0.0083714699	-0.0508272559	0.0196652313	-0.0851966187	0.003000424	-0.0218471021	0.0403026752	-0.1334494889	0.0429526396	0.0449181036	0.0970593626	0.1179025097	0.0019897986	-0.0169354108	0.1045286702	0.0049886157	-0.0645631969	0.0235839101	-0.0406943801	0.011856578	0.0204339099	-0.0775014156	0.0405574247	-0.0009490276	-0.0706487552	0.0059050968	-0.0847772997	-0.0176028627	0.0823484164	0.0289654857	0.0	0.0646986	0.0054133999999999	2.930489955999991e-05	0.0041859088419599	0.0217055	0.02583091	0.0006672359114281	0.00047112873025	0.424907	0.0332159999999999	0.1805459586489999	0.0011033026559999	0.00530862	-0.0006664	2.81814463044e-05	4.440889600000002e-07	-0.00156511	-0.00037834	1.431411556e-07	2.4495693121e-06	-0.000300281	-0.000195135	9.0168678961e-08	3.8077668225e-08	0.0
4873.376242679531	17.182592216782723	295.2414752882422	23749796.002713263	9525.208829596852	40.47019359825754	1637.8365698804455	90729603.24742982	4798.452129600065	6.696711505980602	23025142.8400634	44.84594499433298	4956.056584395408	7473.399817695939	1.201631	38.205875	0.1226032499999999	0.0840165999999999	-0.0885368936	-0.0367911188	-0.0211678048	0.0018356069	0.1101287644	0.0369098096	0.0048502545	0.0832420448	0.0522174835	-0.0412298389	-0.0762708877	0.0749453549	0.0439804832	0.0413747268	0.0778120048	0.0279038025	0.1509292113	-0.0609980048	-0.0227460891	0.0730447614	-0.0668136258	-0.0708516727	-0.0382080506	0.1017359258	-0.0556023265	-0.0571257538	0.0200098986	0.0071347824	0.0912099665	-0.0263193632	-0.0214543033	0.0617047318	0.0145587677	0.0951100975	0.0370382036	0.0068947651	0.0639583763	-0.1420661625	-0.0428749998	-0.0163434395	0.028729676	0.1215078648	-0.0116843194	-0.0462586745	-0.1035014055	0.0224071232	-0.0765192164	0.0296359815	-0.040266856	-0.0304522749	-0.1622994158	0.0201369411	-0.022166488	-0.1101905791	0.0204773553	-0.0399136358	-0.0361206742	-0.0361107006	-0.0678841173	0.0079434979	0.0155837715	-0.0648308067	-0.0527111565	0.0443719249	0.012729329	0.0904725086	-0.0219929152	0.0057561122	0.0526592991	0.0479013504	-0.160833489	0.0060572464	0.0346989638	0.0705631461	-0.0740880299	0.0452445861	-0.0035255193	-0.0537989413	0.0687424183	-0.0294015185	-0.008642648	0.0538023071	0.0619382409	-0.0913921292	0.0193620527	0.0414784966	-0.0348409188	-0.026888348	0.0352728093	-0.0617433499	0.0423513453	-0.0405692819	0.0787755447	-0.0799233685	-0.1048992165	-0.0839322088	0.0992868901	0.0248933653	0.0334589417	0.0369069705	0.0664556684	0.1052720752	-0.0843227469	-0.0713915813	-0.0146359276	0.1316199158	-0.0682135083	-0.030945239	0.010567926	-0.0278626028	-0.0394005877	-0.0705805856	0.0911541666	0.0318614658	0.0208505199	-0.0275364234	-0.0220684145	-0.0561359148	-0.0949348667	-0.0065649458	0.0451286027	0.0418644945	-0.0783823739	-0.0281959176	-0.0098500805	0.0509690483	0.1769984798	-0.0191415896	0.047152113	-0.0849278216	0.0654509427	0.0475466282	0.0411580873	0.0232840586	-0.1185633645	-0.0121026632	0.0953541109	0.0417021001	0.0096954246	0.070663192	-0.0506493735	-0.0477692118	0.0328867459	0.0314675957	0.0090834168	0.0291780931	0.0038181107	0.0212387632	0.0753296178	0.0174199091	0.0085299815	0.0706795614	-0.0472387767	0.0710393219	-0.0699366332	-0.107469371	-0.1267906942	0.0189654603	0.0197478772	0.0313721597	0.0016315155	-0.0359181102	-0.0208656601	0.0670593591	0.0087675381	-0.0462751327	-0.0769255964	-0.0124576364	0.0528867431	-0.0836328756	-0.0131449521	-0.0723667299	0.0308834584	-0.1110586895	0.0365494883	0.0916311389	-0.0015054447	-0.0689405165	0.1234389549	-0.0410241884	0.018524213	-0.0581818269	0.047552501	0.0049221092	-0.0850259911	-0.0147012178	0.0833351575	0.0242858583	0.0	0.0634524	-0.0012461999999999	1.5530144399999723e-06	0.00402620706576	0.0279507	0.0062451999999999	3.9002523039999993e-05	0.00078124163049	0.34333	-0.0815769999999999	0.1178754889	0.0066548069289999	0.00523716	-7.145999999999975e-05	2.7427844865600003e-05	5.106531599999965e-09	-0.00122043	0.00034468	1.1880430240000001e-07	1.4894493849e-06	-0.000554838	-0.000254557	3.07845206244e-07	6.4799266249e-08	0.0
4903.472125916103	30.095883236572263	905.7621877893912	24044038.88963619	9646.321194151373	121.11236455452126	14668.20484798726	93051512.58073395	4834.913688362419	36.46155876235389	23376390.373914286	1329.4452673805856	4994.50301555889	7644.193330730242	1.24054	39.442978	0.2171288	0.128718	-0.1185111294	0.1033240076	0.050834477	-0.0346303149	-0.0150357951	0.0581223933	0.0177369513	0.0029099628	0.1713563648	-0.1117049024	0.0371649489	0.0065141	0.0656044491	0.0608911756	0.0600446075	-0.0462116733	-0.0502284605	0.0106492846	0.046990359	-0.1707762704	0.0739127382	-0.0710911797	-0.0794513016	0.1370354567	0.0002083262	0.0573268668	-0.0176354664	-0.0790996618	-0.0633381451	-0.0968346859	-0.0625985244	-0.0793251675	0.023602198	0.0314450995	0.0151075526	-0.0232626657	-0.0509083019	-0.0758696691	0.0621965769	-0.1192079613	-0.0239188611	-0.0720926577	0.031354747	0.0444288071	0.0249927767	0.0642133354	0.0742900617	0.0120599036	0.0024116832	0.0025319749	-0.0327071649	0.0397509219	-0.0051138237	-0.0612323545	0.0408566882	-0.1007354287	-0.0123278688	0.0157490614	-0.0323537127	-0.0623762902	0.0011622341	0.0681813605	-0.0728463109	0.0133977746	0.0148383031	-0.0513187774	0.0462336042	0.0333072603	0.0187223479	0.0209992596	0.0136783869	0.0006266074	0.1273923886	-0.0903357966	0.0700517878	-0.0321387288	0.0093979483	-0.0798876862	-0.0068676594	0.0249681463	-0.0321445592	0.0186860707	-0.0594718179	0.0869900277	-0.0218208054	0.1379643529	-0.005621381	-0.0682525908	0.0328214109	0.0009207222	0.0578595575	-0.0764688742	-0.0858556286	-0.0194019331	-0.0945626527	0.0101226548	0.0323888491	0.0558272551	-0.0137747607	-0.0077797272	-0.0607728419	-0.0419272273	0.1352095934	-0.1511777576	0.0409930552	0.1147453418	-0.0476634133	0.0435810529	0.1045617115	-0.0172039353	0.1308220958	-0.0328317575	-0.0643246321	0.0528737886	-0.0418685653	0.0425795921	0.0475561833	-0.0558422696	-0.029991579	-0.0125794987	-0.0828684853	0.0617352534	0.0132155012	0.0702863901	0.012518266	0.05009047	-0.0951289401	-0.0182992574	-0.0042950599	-0.0383421313	0.0432908327	-0.0171294223	0.0736719905	-0.0122896375	-0.021350647	0.08257418	0.0044151289	0.0925791385	-0.003340768	0.0448561491	-0.0020862273	-0.0343938484	0.0526616465	0.0493450927	-0.098705378	0.0385306087	0.0309548096	-0.0309719742	-0.0118043126	0.0717849088	-0.0700321577	0.0549397683	0.0259069674	0.0627100397	0.1267014395	0.0320693212	0.0676971073	-0.0628412433	0.0101076156	0.0525937972	-0.027903899	-0.0506228113	0.0153790568	-0.009592737	0.0210845523	-0.0217014418	-0.0120599587	0.0368665082	0.0313892204	0.171186426	-0.0366371002	-0.0784340475	0.0610391767	-0.0043010491	0.0782107157	-0.0540344115	0.0327771497	-0.070244196	0.0457421865	0.0349746477	0.1065470687	-0.0602159298	0.0050123459	0.0039384698	-0.0852296458	-0.0117820532	0.0841453574	0.0195258508	0.0	0.0579535	-0.0054989	3.0237901210000088e-05	0.00335860816225	-0.0570243	-0.084975	0.0072207506249999	0.00325177079049	0.257613	-0.085717	0.0663644577689999	0.007347404089	0.00558233	0.0003451699999999	3.11624082289e-05	1.1914232889999979e-07	-0.000858955	0.000361475	1.30664175625e-07	7.37803692025e-07	-0.000666951	-0.000112113	4.448236364010001e-07	1.2569324769000013e-08	0.0
4885.382662776604	-18.089463139499458	327.2286766753096	23866963.76175822	9649.654248397315	3.3330542459425487	11.109250606395651	93115827.11361235	4826.130517503521	-8.783170858897392	23291535.771978807	77.14409033658436	4986.574677748747	7665.180285654066	1.124675	35.759041	0.0699748499999999	0.0327771	-0.1284736302	0.0911550703	0.0298204189	-0.0571311316	-0.0087287501	-0.0086007758	0.060660318	0.030998496	0.128373653	-0.0136766963	0.137602563	0.0323199339	-0.1064450714	-0.1162981511	-0.0803775245	0.0525744344	-0.008502877	0.0168889397	-0.0942021377	-0.1409205534	-0.040155902	-0.0028352201	-0.0841820199	-0.0112754608	-0.0194467863	0.0443574738	-0.1770488661	-0.0582853492	0.0265795307	0.0018424461	0.0214259948	-0.049803834	0.0665407673	0.0352448729	0.0233430691	-0.060959256	-0.0851734403	-0.0412585348	-0.0170982655	0.0493445319	0.0108346395	0.0057558383	0.071016601	-0.0078817252	0.0166897748	0.0201682303	-0.0455952897	-0.0119923278	0.0460347908	0.0471904535	0.0304350075	0.088226225	-0.0272814797	0.0002512815	-0.0344772339	0.0592040163	-0.0166739061	0.0503304403	0.0453955165	0.026002585	-0.0799184522	-0.0716238347	-0.0319454333	-0.1432123438	0.026651757	0.1065634669	0.0653300503	0.0690488097	0.034222823	-0.0269032742	0.1143012966	-0.0442930905	0.0243702294	-0.0241994092	0.1127089787	-0.0736642077	-0.0901732034	0.07854161	0.0097426799	0.0179208063	0.0200141097	-0.1098033425	0.0021302583	-0.0030757899	-0.0456220089	-0.0248092391	0.0272139872	-0.1020695618	0.0410042473	-0.0337724198	0.0194001074	0.0305077839	-0.005732275	0.044987254	-0.1545746451	0.0400439885	0.0400163043	-0.0722269773	-0.0724488294	0.0355565741	-0.067259494	-0.0087458549	0.1468782063	-0.0419228879	0.098610565	0.0718315577	-0.0415672064	0.150943551	-0.0604635877	-0.1080445046	0.0368512379	-0.0141884348	-0.032876072	-0.062498586	0.0522546377	0.0204968204	0.0752861128	-0.0991225953	0.0183723313	-0.015547505	0.0204027542	-0.0354642525	-0.0641588541	-0.0019914668	0.0394512063	0.0281624077	-0.0104403808	-0.0131057805	0.0310921763	0.0427787319	0.0224886031	-0.0437007934	0.0121427447	-0.0383000506	-0.0080502377	-0.0011787927	-0.0173797809	0.0098415454	0.0240524276	-0.0024607808	0.0225489958	0.010009856	-0.099453908	-0.0468608013	0.002239564	-0.166358119	0.0527578052	0.0636299757	0.1107853191	0.0456516585	0.0066118706	-0.0760799671	-0.0260169985	-0.0565818277	0.0407913276	0.0823965686	0.0991576164	0.0484798004	-0.0827263463	-0.103693059	-0.0694591038	-0.02132818	-0.0647872379	-0.0730775661	-0.0094589891	-0.0271953786	0.0298372258	-0.0858517083	-0.0426150104	0.0332717745	-0.0502474704	-0.0430403344	-0.0355935278	-0.0332063736	-0.0251022333	-0.0810619598	-0.0182733024	0.0197916155	0.1407793674	0.0836321105	-0.0133487765	-0.0134591977	-0.0507631664	0.0029543088	-0.0853881558	-0.0088488477	0.0847772997	0.0147012178	0.0	0.0626195	0.0046659999999999	2.177155599999997e-05	0.0039212017802499	-0.0425941	0.0144301999999999	0.0002082306720399	0.00181425735481	0.285635	0.0280219999999999	0.0815873532249999	0.0007852324839999	0.00577509	0.00019276	3.33516645081e-05	3.7156417600000066e-08	-0.000927213	-6.825799999999997e-05	4.659154563999996e-09	8.59723947369e-07	-0.000470836	0.000196115	2.21686538896e-07	3.8461093225000025e-08	0.0
4862.406871233654	-22.97579154294999	527.8869970250923	23643000.58142025	9634.729164379063	-14.925084018252164	222.75813295188615	92828006.07093649	4812.591007194781	-13.53951030874032	23161032.202532075	183.31833940048537	4975.928441825906	7711.1049520554525	1.261496	40.109268	0.0283821499999999	0.0160373	-0.0534432229	-0.0025731223	0.0036684778	-0.1886339557	-0.1436352336	-0.0009034011	-0.011035098	-0.0305516975	0.1044342315	0.0284150051	0.1355896472	0.0371212468	0.0054086008	-0.0050289409	-0.0068769561	-0.0211879554	-0.0981690976	-0.0345122377	-0.0581688331	-0.0792180695	0.0748898785	-0.0196677236	-0.011954935	0.0112757956	0.0380944579	0.0852292689	-0.067756009	0.0370846697	-0.0381987953	-0.0295657107	-0.0977887479	0.0741475517	0.0132568484	0.0914828569	-0.0448245651	0.0559748586	-0.0789564189	0.0159058065	-0.0633942522	-0.0131519696	0.0448840802	0.0385628409	-0.015917565	-0.0917079976	0.0868759646	-0.0519313778	-0.0197002572	0.1258166334	-0.0640022329	-0.0320797018	-0.0702747131	0.1461382289	-0.0415785983	-0.0492707492	0.1456516859	0.0250687769	0.0767270214	-0.0141482604	0.0128542817	0.0484782189	-0.0407578274	-0.0179070508	0.0735534131	-0.0131842391	0.0332940907	-0.053831047	-0.0090691659	0.0942211506	0.0164506375	0.0053921619	0.0234590165	0.0184830992	-0.026607152	-0.0001317884	0.0841398581	-0.0873779769	0.0819945292	0.0786453369	-0.0320063579	0.0752119446	0.0403302138	0.0604747508	0.1007785288	0.0731760864	0.0313837168	-0.0826122449	-0.036084127	0.0076488972	-0.0011375956	0.0418261662	0.1141714895	-0.0082585488	0.0032084753	0.0660853509	0.0148576571	0.0344771615	0.0774876076	0.021002162	-0.0152019858	0.0432563962	-0.0895036677	-0.0868207631	0.0772072093	-0.0288453206	-0.0072637147	0.0645139186	0.0242067088	0.1204887657	-0.0606286604	0.0184636115	0.0202910983	-0.0009680974	-0.0337312429	0.1029557594	-0.0016897839	-0.0446440258	-0.0669846988	-0.0650780558	-0.01019145	-0.0324008382	-0.1090262917	-0.0519825208	-0.0011906162	-0.0262672758	-0.0366895172	0.0298991666	0.0104977452	0.0778339093	0.0280880565	-0.0722466305	0.0961476536	0.0887380472	0.0537934784	-0.0436956908	-0.0300873161	-0.051226217	0.0087718287	0.1601231588	0.0432232489	-0.1270476016	-0.06954027	0.0622243013	-0.0071410348	-0.0688815149	0.0873011201	-0.0364207259	0.0090505653	-0.0688623737	-0.0398216487	-0.0162782602	-0.0269038722	-0.0668686697	0.06883549	-0.0341055784	-0.054274182	0.0490974151	0.0954020587	0.0014535048	-0.1273744963	-0.0010448033	-0.062221071	0.1273529167	-0.0587551091	0.0804429244	0.0407183073	-0.1288401319	0.0493029916	0.0327023424	-0.0429012141	-0.0634772927	0.0783635737	-0.0344420912	0.0041432658	-0.0054337961	0.0337941674	-0.0570355386	0.0972406603	0.0495261974	0.0418888767	0.0038632084	0.0493368435	0.0307860278	-0.0439446009	0.0019697566	-0.0855014373	-0.0059050968	0.0852296458	0.0098279275	0.0	0.0644718	0.0018523	3.4310152900000043e-06	0.0041566129952399	-0.0304221	0.012172	0.000148157584	0.00092550416841	0.275731	-0.0099039999999999	0.076027584361	9.808921599999936e-05	0.00569198	-8.310999999999995e-05	3.23986363204e-05	6.9072720999999935e-09	-0.000922255	4.958000000000002e-06	2.4581764000000024e-11	8.505542850249999e-07	-0.000471845	-1.0090000000000034e-06	2.22637704025e-07	1.0180810000000069e-12	0.0
4843.62184410149	-18.785027132164032	352.8772443561388	23460672.56865712	9546.40668250271	-88.32248187635378	7800.860804798841	91133880.54773238	4810.11905483074	-2.4719523640405896	23137245.32164577	6.11054849008586	4971.670469439846	7556.480851674174	1.276559	40.588184	0.10946169	0.0536847	-0.0005909908	0.100418048	0.0061503435	-0.0039637551	-0.0910140676	-0.1458553505	0.1209403864	-0.0387222766	0.0115668093	0.0412101894	0.1341492428	0.013458971	-0.084484602	-0.0153725749	-0.0511673063	-0.0206315484	-0.0089672824	0.0691450167	-0.0375247565	-0.1043008352	-0.0304380401	-0.0014008818	0.0230933541	-0.1199211121	0.0119616321	0.1094425701	-0.0350260061	0.1141550145	0.0572271211	-0.1321538829	-0.0656430201	0.1259692591	-0.0161434557	-0.0440407036	-0.0825748542	-0.0523532323	-0.0746798885	-0.0032993441	0.0093760432	0.0050356895	-0.1585183481	0.0256119899	0.0436675209	0.0277978432	-0.1325549445	0.0150049583	-0.0187866863	-0.071733881	-0.0573555994	0.0582513277	0.0352396675	0.0427752573	-0.0572622901	0.0156163909	0.0198271999	-0.0181768397	0.0941850983	-0.0021450493	0.0032718192	-0.0738145941	0.0806541669	0.0180354695	-0.0420593824	0.0227053771	-0.0165367814	-0.0163597891	0.0733570733	-0.0257776366	-0.0427122222	-0.0915800257	0.0959351038	-0.0272369818	-0.0860553724	-0.1286507791	0.0675115528	-0.0581195623	0.0379768145	-0.0464406172	0.0465821439	-0.0172016722	0.015176931	0.019160354	0.0141468963	-0.049714967	0.0667011447	0.0154177202	0.0794942002	0.0079252792	0.0963720314	0.0089926028	-0.0326951296	-0.1064049568	-0.0258242075	-0.0266920941	0.0147289462	0.0403717765	0.0309079781	-0.001184999	0.0343853504	-0.0341042194	0.0089693416	-0.0298621859	0.103861678	-0.0031811459	-0.0230432284	-0.0288705687	0.0087131691	0.1551829463	-0.1353479157	0.0952059692	0.008116614	-0.0814639357	0.0431781079	0.1000991248	0.0335632041	0.0138802585	-0.0668350826	0.037102668	0.0659645845	-0.0832911733	0.0158795716	0.0338299428	0.06419384	0.0616117915	0.1205407805	0.0995616528	0.1145656922	-0.1004438546	-0.0186749596	0.0341004745	-0.0639702853	-0.0949998029	-0.0191728264	-0.0799175852	0.0539237315	-0.0082155029	0.0130575331	0.0164753183	-0.0211949262	-0.0580634613	-0.066855071	-0.042585393	0.0585443981	0.0971979748	-0.0131939532	-0.0144672111	0.0108277228	0.0508088635	-0.0639721915	0.0464562997	0.0630675021	-0.0630302554	0.0711849072	-0.0559295845	0.0633397133	0.1265111587	0.0053666876	-0.1384793587	0.0531404534	-0.0509229839	0.0300528478	-0.0517439874	-0.0411621163	-0.0076863579	-0.0997709351	0.0005683111	-0.0580661496	0.0059594965	-0.0797273593	0.0042726189	-0.0092882058	-0.0329311158	0.0135512658	0.055932818	0.0275446788	0.0144482972	-0.0441095091	-0.0141881391	-0.0742516903	-0.0104549079	0.088845037	-0.0927986498	0.0235347746	0.0009849435	-0.0855694302	-0.0029543088	0.0855014373	0.0049221092	0.0	0.0602531	-0.0042186999999999	1.779742968999999e-05	0.0036304360596099	-0.00168106	0.02874104	0.0008260473802815	2.8259627236e-06	0.285933	0.0102019999999999	0.0817576804889999	0.0001040808039999	0.00532502	-0.00036696	2.83558380004e-05	1.346596416000003e-07	-0.00124961	-0.000327355	1.07161296025e-07	1.5615251520999998e-06	0.000159839	0.000631684	2.5548505921e-08	3.99024675856e-07	0.0
4830.66013510707	-12.961708994419496	168.00590005601526	23335277.34091266	9541.316043105422	-5.090639397287305	25.91460947321365	91036711.8344209	4785.937417749416	-24.18163708132397	22905196.966613952	584.7515719328625	4949.036634567295	7484.764717405023	1.223562	38.903156	0.055090175	0.0239736	0.0452633962	-0.026781739	0.0826048587	-0.0713669419	-0.0547894546	0.0636289126	0.0493210277	-0.0684183797	-0.0033172369	0.1106110372	0.0721817197	0.0207604148	-0.0148667112	0.0038435099	-0.0263855741	-0.0005532074	-0.0065419911	-0.0147629855	-0.1557012784	0.0460191659	0.0324277017	0.092474373	-0.0822110668	0.076811951	-0.0115825093	0.1126680099	0.0113023582	0.0108549628	-0.0118876168	-0.0292476162	0.0430742616	0.0384101912	0.030019922	0.0050035601	-0.0510410802	-0.1114480331	-0.0607312603	-0.0665691441	0.0968165442	0.0945426352	0.0238435906	0.0193858208	0.0872090925	0.044355051	-0.0742514047	-0.0032856235	0.0026456768	-0.1057917342	-0.041854254	-0.0371204078	-0.0091853973	-0.1304537947	-0.0091406302	-0.0074441368	-0.0819497918	-0.0143194663	0.0479285251	-0.0644783137	0.0701471155	-0.0078717522	-0.0444536132	0.039483878	-0.0059141658	0.0698484713	0.0007005636	-0.0613189092	0.0826179363	0.0084504237	-0.1051968718	-0.040688875	0.0348225936	-0.003252716	0.1233736706	-0.0665168798	-0.1125023334	0.1078747508	-0.0320185653	0.0875668035	-0.0166317839	-0.0383327798	0.0029880702	-0.0593726118	-0.0823095778	0.0208281117	0.1132436203	0.012418149	0.0282854555	0.1234166609	0.0726067823	0.0271667366	-0.0509669397	0.0463655436	0.0202701049	0.2092440182	-0.0864777766	0.0161785655	-0.0111675878	-0.0301108375	0.0414984695	0.1327940209	-0.0557560082	-0.0743301194	-0.0213776727	0.094290069	0.0688784035	0.0781267128	-0.0139932129	0.0958624604	0.0773943183	0.0525995267	0.0436411012	-0.00610195	0.0487447418	0.0511798038	0.0477673829	0.0177415219	0.0067577957	-0.0983421093	0.0338433048	-0.0937626525	0.0537377303	0.0722278275	-0.0312559788	-0.0486836308	0.0749057022	-0.0366095938	-0.003374164	-0.0249874972	-0.0149085118	-0.0518839459	-0.1092949821	-0.0197267277	-0.055004176	0.0265901509	0.0163499955	-0.0138753586	0.0639290869	-0.085656023	-0.0913973135	0.0317575645	-0.0525117076	0.0140999884	-0.0579894242	0.0208947949	-0.0704346061	0.0392168642	-0.0816866137	0.0202835925	-0.0785223344	0.0763837982	-0.0412093754	-0.0772174008	0.0104557091	0.1054008013	0.1320760797	0.0519592047	-0.0304112228	0.0961944126	0.1290142371	-0.0107842117	0.0553870402	0.0370873559	0.01711906	-0.0658554903	-0.0743749829	0.1344532613	0.0475063745	0.0459931567	0.0080352799	-0.0510951113	0.1204097782	0.0152779864	-0.0194213378	0.1017693762	-0.0970356677	-0.0249995878	0.0897956268	0.0268116024	0.0617831671	0.1025920466	-0.0219278142	-0.0035090636	0.0914998618	0.0	-0.0855920985	-0.0	0.0855920985	0.0	0.0	0.0621204	0.0018673	3.4868092900000087e-06	0.00385894409616	0.00697133	0.00865239	7.486385271210002e-05	4.859944196890001e-05	0.296708	0.010775	0.088035637264	0.000116100625	0.00567446	0.00034944	3.21994962916e-05	1.2210831360000026e-07	-0.000990255	0.0002593549999999	6.726501602499998e-08	9.80604965025e-07	9.27243e-05	-6.71147e-05	8.59779581049e-09	4.50438295609e-09	0.0
4832.143867480614	1.483732373543717	2.201461756301671	23349614.356030505	9507.610980604251	-33.70506250117069	1136.0312382078223	90394666.55850652	4795.421469715372	9.484051965955588	22996067.072207134	89.94724169294602	4957.352141143821	7474.947882460171	1.248844	39.706993	0.0613441949999999	0.0378548	0.0613468397	0.0334298639	-0.113679128	-0.0325623391	0.0029477398	-0.1343493143	0.0003426011	-0.0328292102	-0.0539792668	0.042404824	0.0340912929	-0.0275150822	-0.1265523578	0.0177170732	-0.0162082961	-0.0664795814	-0.0986597331	-0.0287554009	0.0178483709	0.0297433817	0.0015433635	0.0207410399	0.0398662169	0.0090556518	-0.0795860602	0.0555247357	0.0195175819	-0.008924085	-0.025211085	0.1635291959	0.005672521	-0.0406107275	0.0130841263	-0.081091796	0.0264555132	-0.0243756526	-0.0403086897	-0.0014904837	-0.0350092845	-0.0442074562	-0.0514695487	0.1512048626	0.0631514852	0.0102091344	0.0559162924	-0.0234095446	0.1186945347	0.0845694066	-0.0850484264	-0.0148783859	-0.0241725181	0.0055448189	0.0346736316	0.0885818447	-0.1612253193	0.0365310011	0.0659928725	0.0088426479	-0.0336164755	-0.0824707363	0.0628242483	0.0093198021	-0.0506110897	0.0283608024	0.063588557	0.006167338	0.1088315257	0.0755048042	-0.0704390727	0.0065205851	-0.0707122942	0.0544591355	0.0863018799	0.0814442588	0.0667844835	-0.0314957557	-0.0377386557	-0.0525042319	0.0283911839	0.0475586414	0.0045823161	-0.1106902205	0.1311049257	0.0427971241	-0.0567770738	0.0533510731	0.0328559408	0.0266574567	0.0053915533	0.0436968885	-0.0269606788	0.014151107	-0.102471703	-0.0748373894	0.0048347072	-0.0037681021	-0.0635763185	-0.0871927996	0.0202714909	0.0035034796	-0.0772855085	-0.0267747492	-0.0180331289	0.059691884	-0.0621732048	0.0008328068	-0.0531077118	0.0120561548	0.045158085	-0.0009634025	-0.1262138817	0.0770479018	-0.0744759252	-0.0789271409	-0.010443777	0.0188454304	0.0360757001	-0.0177142182	0.0184805678	-0.0497286721	0.0698531464	-0.0683902516	-0.0477424599	0.1088846092	-0.0160871839	0.0709816609	-0.0362812397	0.0175222856	-0.0788746402	-0.1289879983	-0.0678725234	0.0606343212	0.0673235173	-0.0723442008	-0.003445966	0.0511537511	-0.0140164871	-0.1555631821	0.0595840422	-0.0380589398	-0.0105995245	0.0314058395	-0.0052399731	0.1040590721	0.0268524047	0.0326146317	0.0384888485	-0.0248695274	-0.0511712097	0.1422018663	0.0290485918	-0.0788509804	-0.0015388638	0.0760930551	-0.0229483842	-0.1406459677	0.051685503	0.0385652339	-0.0368729462	0.009185364	-0.0300029988	-0.043630132	-0.0817222496	-0.089649512	-0.0401631595	-0.1218800505	0.0212503984	0.0262986152	-0.011041396	-0.0048024138	-0.0419165635	0.0707364544	0.0444423107	0.0598665568	0.0054387699	-0.1021025556	-0.0977189522	-0.0181118176	0.0125127616	-0.0812852259	0.0034394861	0.091033186	-0.1120813431	-0.0009849435	-0.0855694302	0.0029543088	0.0855014373	-0.0049221092	0.0	0.0626417	0.0005212999999999	2.717536899999952e-07	0.00392398257889	-0.00176075	-0.00873208	7.62492211264e-05	3.1002405625e-06	0.299073	0.0023649999999999	0.0894446593289999	5.5932249999997655e-06	0.00531442	-0.0003600399999999	2.8243059936400004e-05	1.2962880159999989e-07	-0.00102599	-3.5735000000000064e-05	1.2769902250000046e-09	1.0526554801e-06	-0.000506017	-0.0005987413	2.56053204289e-07	3.5849114432569e-07	0.0
4825.056523639835	-7.087343840778885	50.2304427174264	23281170.45631933	9512.301918431333	4.690937827081143	22.00489769754076	90483887.7873924	4783.090204272405	-12.331265442967378	22877951.902206637	152.06010742492143	4946.400594524639	7447.395100268115	1.189313	37.81422	0.0433606299999999	0.0223705	0.0664699867	-0.0347170546	0.0650783639	-0.0243147894	0.0032849193	-0.025421024	-0.0941353276	-0.0597166646	-0.0547496182	0.0682538037	-0.0454540157	0.0388221217	-0.0094416369	-0.0345535014	-0.0228287059	-0.0435910749	-0.037735251	0.0127024882	0.02826966	0.1723994456	0.0484384275	0.0793150509	0.0236876163	0.0905504327	-0.072254545	-0.0379052978	0.1268811571	0.0271522519	-0.0156294607	0.0258893275	-0.0278222649	0.0066630563	-0.0943740393	-0.0362330872	0.0116886689	0.0233167748	0.0803882733	-0.1658407826	-0.1126726832	0.0064540591	-0.1022092687	0.018976547	0.0039231726	0.015732198	0.0125295765	-0.057863828	0.044065512	-0.0943159336	0.047259822	-0.0991706551	0.046185666	0.0205958277	-0.0170106083	-0.1067222332	0.1314830578	-0.0034056857	-0.034728026	-0.0203576865	-0.0779397326	0.0529433985	0.0832691544	0.0916024464	-0.0459738011	0.0223403158	0.0125567018	0.0145749658	0.0037455243	-0.0169182601	0.0067853072	-0.0524423604	0.0434974115	-0.0696150557	-0.0095828073	-0.0020893985	0.0457885413	0.0500411407	-0.0153988638	-0.0392616714	-0.0410159867	-0.0710411372	0.0145802565	-0.0828781054	-0.0303946755	-0.0497637583	0.0861624978	-0.004975964	-0.0446645799	-0.011057583	-0.0212047497	0.0397050705	0.0177392625	-0.1201897209	-0.0737980579	0.0445426124	0.0437047393	-0.0111557518	0.0408535217	0.0878945418	-0.0268518675	-0.0108941122	-0.1704593885	-0.045580394	-0.1517249993	0.1092589701	-0.0115375307	0.0238171076	-0.0213276452	-0.1367442465	0.1062035683	0.0316147464	-0.0233345846	0.0050832553	0.039516449	0.0140424446	-0.1359172411	-0.003786791	-0.000463277	0.077335195	-0.1396209266	-0.0667327999	0.0643854481	-0.025230459	-0.0419740055	0.0218822162	0.1259450812	0.0728059385	0.0256820552	-0.0047592147	-0.0002009034	0.0389076163	-0.0415437526	0.0883276494	-0.0755181743	0.0235054845	0.0373039639	0.0165646752	0.0636606881	0.1616409208	0.0038780546	0.0594248686	-0.0367399821	-0.0374827748	0.1199573392	-0.053499848	0.016907244	0.0599026913	0.0444216449	0.0419176383	-0.0085776689	0.0541615367	0.0001888665	-0.0212225278	0.0272698523	-0.0441680676	-0.0087764826	0.0568531467	0.0365670865	-0.0368865693	0.023959594	0.0370034234	-0.0098723588	-0.0370835249	-0.0503171168	-0.0966182099	0.0355047386	0.0687080742	0.0376275147	-0.0573586439	0.0312498297	-0.0530566366	0.0714085734	-0.0963246448	-0.0179774842	-0.0606502538	0.0807322586	-0.0612827932	0.1041580348	-0.0052749646	-0.1193423532	-0.0193513041	0.0655313267	0.0227291039	-0.0728845386	-0.0019697566	-0.0855014373	0.0059050968	0.0852296458	-0.0098279275	0.0	0.0696364	0.0069947	4.892582809000009e-05	0.00484922820496	0.00502643	0.00678718	4.60658123524e-05	2.52649985449e-05	0.279416	-0.0196569999999999	0.078073301056	0.0003863976489999	0.00522576	-8.865999999999995e-05	2.7308567577600004e-05	7.860595599999992e-09	-0.000995617	3.037299999999999e-05	9.225191289999991e-10	9.91253210689e-07	-0.000426615	7.940200000000001e-05	1.8200035822500003e-07	6.304677604000001e-09	0.0
4824.072063645102	-0.984459994732788	0.9691614812292808	23271671.27524112	9482.17177045174	-30.130147979592948	907.825817272169	89911581.48435187	4779.531831349372	-3.558372923032948	22843924.52688188	12.662017859374048	4940.463066140372	7421.898418944321	1.137468	36.165813	0.0610035899999999	0.0247428	0.096257036	0.0355397932	-0.0795864746	-0.0305304069	0.0331353341	-0.1149535725	0.0260466267	-0.0901302742	-0.0695689264	0.0013324086	-0.0428474259	-0.0162979384	-0.1211397469	-0.0207992919	-0.0261517897	-0.0237425092	0.0269722361	-0.0665292632	0.0316917781	0.1147287241	0.0047858634	0.1072646288	0.0175451803	-0.0551958987	0.0546357348	-0.1409909946	0.0367028025	-0.0279921565	-0.0292118953	-0.0885594757	0.1282905574	0.0456105629	-0.0779267433	-0.105882466	-0.0090681309	-0.0529369539	-0.012975121	0.0161719788	0.0914621879	-0.0119815862	0.0078572932	0.0224986887	0.0637442282	0.0356795146	0.0299504197	0.0112709323	-0.0183750275	-0.0150446119	-0.1323764598	0.0661309834	-0.0314184695	0.1195161789	-0.012723899	-0.0245528689	-0.0598909429	-0.0059365945	0.0089033584	-0.0715865623	-0.0128692765	-0.020179299	0.0734646844	0.0197437424	-0.0954989323	0.0338437487	-0.1020033619	0.0966423602	0.0709605021	-0.0684444336	0.0792253439	0.0583153835	-0.0068011823	0.0618460304	0.0242681237	0.0475246871	-0.0111287822	0.0708841583	0.0345411253	0.0066851217	-0.0010597202	0.0417171347	0.0483357482	-0.0215650749	-0.0150482826	-0.0542172284	-0.0676466195	-0.1076185061	0.0563754385	-0.0544112936	0.0078440497	0.0694882542	0.0790919556	0.0398026052	0.0824772023	-0.0447432752	0.009124362	-0.0512113556	0.0006799219	0.0627714468	0.0471581867	0.0213651008	-0.0613796538	-0.0271391851	-0.100515585	0.1125380846	0.0356128126	-0.0765601662	0.0610929519	-0.1016968265	-0.0179202721	-0.0347341152	0.101405838	-0.0070746505	0.0561356564	-0.0300798117	0.0685967143	0.0012665079	-0.1002465184	0.0288012624	0.0728435952	-0.0126333806	0.1156851787	0.0060094083	0.0075751135	0.0556066897	-0.0223617639	-0.0059781111	-0.0241871935	0.0105026447	-0.0298350502	-0.0394602933	0.0225531559	-0.0598395991	0.0561811877	-0.16800865	-0.0294909591	-0.0356738272	0.0507360161	-0.0185831069	-0.1002170275	0.0424173753	0.0005424608	-0.0002594071	0.0834592153	0.0723082918	0.0236235843	-0.0664966578	-0.0059782033	0.0208425373	0.0372400356	0.1114280135	0.1305184088	0.1447009515	-0.0141365979	-0.0194132987	0.0384325407	-0.0772443678	-0.0336540853	0.0265695796	0.01000325	0.0418142545	-0.0420476112	0.0277832672	-0.0186225033	-0.0155729319	-0.0016005431	0.001770262	-0.0201226178	-0.1267748124	-0.0298352556	-0.0414764378	-0.0186417194	0.0538937536	-0.0386014089	0.0580721704	0.0268331812	0.1127911152	0.0305039152	-0.0642746292	0.0005024894	0.0240410714	0.0101286132	-0.0261936535	0.0693345637	-0.0029543088	-0.0853881558	0.0088488477	0.0847772997	-0.0147012178	0.0	0.0589399	-0.0106964999999999	0.0001144151122499	0.00347391181201	0.00226149	-0.00276494	7.6448932036e-06	5.1143370201e-06	0.262728	-0.0166879999999999	0.069026001984	0.0002784893439999	0.00507216	-0.0001536	2.57268070656e-05	2.359296000000008e-08	-0.00120164	-0.0002060229999999	4.2445476528999935e-08	1.4439386895999995e-06	-0.000169155	0.00025746	2.8613414025e-08	6.628565159999999e-08	0.0
4821.2769234896	-2.79514015550194	7.81280848889941	23244711.172973342	9486.403862182033	4.2320917302931775	17.910600413615903	89991858.23642218	4790.931969440831	11.400138091459668	22953029.135810204	129.96314850434965	4953.273393127127	7362.47619026611	1.118511	35.563049	0.07368229	0.035793	0.1013416523	-0.0498351387	0.050870561	-0.0311670363	0.0401249417	-0.0328855505	-0.0939009661	-0.082090035	-0.0873880632	0.0564154969	-0.0714762071	0.0434937354	-0.0049944886	5.1984e-06	0.0069726744	-0.0269578572	-0.0578143196	0.0125995298	0.1112507317	0.0926186366	0.0962446028	0.0212473364	-0.0913477117	0.0354240469	-0.0472406464	0.0089350079	0.0608183333	0.0840717729	-0.0123757159	0.0663052313	-0.0651851301	-0.0328778245	-0.0156458636	0.0593579871	0.0180655164	0.1483487324	-0.0093224334	-0.028765406	0.0444723528	-0.0668864742	0.0384160371	-0.0352706975	0.0105817141	0.0564771654	0.0691620275	-0.092146354	-0.0447897078	0.0118771779	0.0049689693	-0.0090350996	0.0561341883	-0.0414472305	-0.0351987271	-0.0625163498	-0.0669583916	0.0416341809	0.0896184783	0.1482888312	-0.0103594122	0.0234940626	-0.0689108461	-0.1057721216	-0.0063995699	-0.0600399224	0.0340247347	0.0022663148	0.0456437681	0.0668620682	-0.0364307077	-0.0508411243	-0.0100602857	0.082050962	-0.0194195088	-0.0478022412	-0.0517001344	-0.0366415132	-0.0670755008	-0.0481657578	0.0076805334	0.033844535	0.0267874674	-0.008343347	0.0109283155	-0.0322192131	0.0304630103	-0.0372412204	0.1127085169	-0.1019044843	0.1508776958	0.0150994607	0.0842847839	-0.0546062696	-0.1473890959	0.0594188577	0.1227626249	0.049666984	0.0370772091	0.0792582498	-0.0491654505	-0.0575114831	0.0457800369	-0.1000947317	-0.0965911803	0.0254032466	0.0350056311	0.0536576805	-0.100280918	-0.0514025791	0.0082470633	0.0834444939	-0.0361794107	-0.0076191542	-0.0808089785	-0.0248215075	-0.0461655608	-0.0597298075	-0.0160181055	-0.0807925107	-0.11201056	-0.0171212288	-0.0388306267	0.0217979986	0.0427100771	-0.0233765478	-0.0452194251	0.0288455388	-0.0513523796	0.0558227587	-0.0297959793	0.0860167004	0.0635831197	0.018314143	-0.0477215444	-0.034468763	0.0145214978	0.1076332191	0.0623235099	-0.0757517847	0.0767005287	-0.0916868618	-0.0288492154	-0.0706030311	-0.0760072889	-0.0625164288	-0.0020752259	-0.0924926177	0.0238366659	0.0228111686	0.0189475508	-0.0060168831	-0.0127604085	-0.0747372535	0.0708940491	0.0253398135	-0.0418082727	0.0354754551	-0.0135782033	0.0814849857	-0.0048451852	0.0245473237	0.0676841127	-0.0421470755	-0.0214609127	0.0007863951	-0.014035362	-0.0927948357	-0.04983926	-0.1235565366	-0.058814172	0.0246762548	0.0109163535	-0.0852098623	0.081156089	0.133436352	0.0547562168	-0.1274863926	0.0208861344	-0.0092906919	-0.1245764762	0.0445193969	0.0099897718	-0.0782608167	0.0913949423	-0.0039384698	-0.0852296458	0.0117820532	0.0841453574	-0.0195258508	0.0	0.0633637	0.0044237999999999	1.9570006439999925e-05	0.0040149584776899	-0.0164952	-0.01875669	0.0003518134197561	0.00027209162304	0.275278	0.01255	0.075777977284	0.0001575025	0.00552077	0.00044861	3.0478901392900003e-05	2.0125093210000028e-07	-0.000897863	0.0003037769999999	9.228046572899993e-08	8.06157966769e-07	-0.000175804	-6.64900000000001e-06	3.0907046416e-08	4.4209201000000135e-11	0.0
4828.793956143475	7.517032653874594	56.50577991941692	23317251.070887752	9465.46323588248	-20.940626299552605	438.50982981751423	89594994.26984283	4804.813837084905	13.881867644073282	23086236.009042565	192.70624928756868	4966.288552122137	7375.260651971987	1.14752	36.485394	0.0576337	0.0287802	0.0936535476	0.061250483	-0.0744567478	0.0122110222	0.0907494956	-0.0432534232	0.0011311143	-0.0749245963	-0.0705336924	-0.0271452536	-0.048338126	-0.0385031871	-0.1126294393	-0.0107485325	-0.0271286353	0.0193653682	0.0081023999	-0.0210787655	0.0794452314	0.0152500072	0.0872602153	-0.0382981848	-0.0077269983	-0.0353489225	0.0365567875	-0.131460091	0.0130047534	0.1009164893	-0.0591400185	-0.0258415846	-0.0710117758	-0.0829042709	0.0513541232	-0.0029102274	-0.1377177105	0.0286926667	-0.0806927929	-0.0549889013	-0.0301357781	-0.0486794082	0.1208967876	-0.0875198746	-0.0911550389	-0.0729867586	0.0612855721	0.1254339062	0.0836836577	0.0278899113	0.0654064219	-0.0204423907	0.0321894925	-0.019210849	0.0704903459	-0.0528209139	-0.0750584303	-0.0365010013	-0.0533641274	0.0297256028	0.1012159307	-0.0122692386	0.0720039989	-0.013032445	-0.0397601058	0.0349218421	-0.0590632581	0.0087787805	-0.0933166188	0.119352244	-0.0160654561	0.0192880796	0.0478620437	-0.0416640744	-0.0966930004	0.0408843228	-0.0458979462	0.0436811229	-0.0094595713	0.0312905163	-0.0430455999	0.0932707167	0.0533259369	0.0119190929	-0.020456157	-0.0634122939	0.0991144111	0.0362064905	0.0066677983	0.0839807882	0.0241198875	-0.0358894734	0.1002498786	0.0287514281	0.018947295	0.0211667382	0.0259618874	0.0331852346	-0.0230106541	-0.0457553177	0.0827176304	-0.0109045734	0.0064262093	-0.0649765775	-0.0321536194	-0.0358221785	0.0034157846	-0.0597605091	-0.0148496171	-0.1421485751	-0.08867205	0.0263806735	0.1084909968	0.0217210648	-0.0388822405	0.0402716436	-0.0615629836	-0.0492577167	0.0996646472	0.0316164979	-0.011214877	-0.1582844788	-0.1353128507	-0.0343013567	-0.0088708398	-0.0108392587	-0.0878175479	-0.0494426609	-0.0721928752	0.0075337656	0.073730252	0.0121082941	-0.0127692496	-0.0784780295	0.0457468462	0.0952802975	-0.0615070415	0.0532256489	0.0584902802	0.0106850999	-0.0478526502	-0.0355819187	0.1546385021	-0.021153665	0.0273896095	0.0389691114	0.0168995684	-0.0310957945	-0.0523612086	-0.1716305766	0.0131851812	0.0297543199	0.0270037307	-0.0784702298	-0.0426834538	-0.091216727	-0.1032170042	0.0381257602	-0.0397780503	0.0225753332	-0.0170649018	0.0279946749	-0.0257012186	0.0462745944	0.0271683769	0.0263340088	-0.1214436655	0.0393330141	0.0258289058	-0.0132873042	0.0359517743	-0.056438962	0.1205971747	0.0362945624	0.099742122	0.0100341027	-0.0116625185	0.0280879093	-0.0266435853	0.0196166422	-0.0089611868	0.0410854118	0.0141521433	-0.0387397451	0.0194754867	-0.0049221092	-0.0850259911	0.0147012178	0.0833351575	-0.0242858583	0.0	0.0617749	-0.0015887999999999	2.524285439999982e-06	0.00381613827001	-0.0102542	0.006241	3.895008100000002e-05	0.00010514861764	0.262241	-0.013037	0.068770342081	0.000169963369	0.0050809	-0.00043987	2.581554481e-05	1.9348561690000017e-07	-0.000928304	-3.044099999999997e-05	9.266544809999983e-10	8.617483164160001e-07	-0.000440831	-0.000265027	1.9433197056100003e-07	7.0239310729e-08	0.0
4830.904169813794	2.1102136703193537	4.453001734402678	23337635.097924307	9480.244825226267	14.781589343787346	218.4953835283676	89875041.94622943	4801.502880635564	-3.310956449340665	23054429.91275162	10.962432609430545	4959.164475509048	7364.613527178162	1.123015	35.706253	0.0394646999999999	0.01916	0.0772445934	-0.0494966356	-0.0038067086	-0.0502992662	0.0574919402	0.0284739456	0.0408249104	-0.0580397838	-0.0646096544	-0.0049554734	-0.0559627882	0.0224747016	-0.026696433	-0.08495396	0.0983980954	0.0449445803	-0.0768891368	0.0035358843	0.0107878305	0.0280252169	0.0175378282	-0.0729020581	-0.1284602713	0.0211128936	-0.0962329113	-0.021540646	0.1146468413	-0.0273337094	0.0709476132	0.0186482487	0.0042408032	-0.0687393562	0.1149866573	-0.0619262348	0.0562595671	-0.0617505208	0.0159813563	0.0148888333	-0.0779184412	0.0066608445	0.1531421372	0.0502102714	-0.0021604537	-0.0466788621	-0.0485360813	-0.0454158569	0.0323368634	3.80168e-05	0.1095650845	0.0368733785	-0.0250554327	0.005139414	0.1480604671	-0.0132903477	0.0414176132	0.0856308986	0.0008780671	-0.0656423537	-0.101069456	-0.0208342852	0.062081922	0.0016977678	0.0102257952	-0.0317433441	0.0141104291	-0.0018408509	-0.0416935061	-0.007252659	0.0909924298	-0.0197922824	-0.0747886403	0.039037749	-0.1201730176	-0.0236331229	0.0837893703	-9.89664e-05	0.0922860598	0.0202194368	0.0629916301	-0.0444956441	-0.0353870997	0.0171058948	-0.0804827951	-0.0353028735	-0.0335510301	0.0518854408	0.0527415052	0.045029163	0.017831445	0.0410883486	-0.0006307776	0.0608767164	0.040054716	-0.0136997608	0.0704586411	0.0016086155	0.0250956027	0.0964851225	0.0438017575	0.073718814	0.0111277634	-0.0111241198	-0.0375418595	-0.0487845003	0.0728049397	-0.0179651221	-0.1473510562	-0.0563972505	0.0899700869	0.0336952281	-0.0551273151	-0.0491528131	0.0380756604	-0.0157566145	0.0124393164	0.0637067033	0.1128066107	0.0200395302	0.0470674132	0.0186742728	0.0320089557	-0.0408324087	-0.1493167718	-0.0407814538	-0.1257993928	-0.0293794499	0.0409547801	0.0285144135	-0.0664837164	0.0377300842	-0.0418225862	-0.0332952131	-0.0156051139	0.0983606031	-0.1234228364	-0.0154384591	-0.0603200423	0.0196062088	0.0724975604	0.0286170529	-0.0258009153	0.108438157	0.0713028753	0.0363996502	0.091775933	0.0027386491	0.054476905	0.0367837566	0.0266468812	-0.0305986961	-0.0191706865	0.0649927276	0.1047159419	-0.0635749223	-0.0973947699	-0.0066287731	-0.0274764228	-0.1371986315	0.0331200578	-0.0752645054	-0.0323404361	0.0312999425	-0.0112172387	0.0173000158	0.0467616924	0.01877446	-0.0716231223	-0.0666898821	0.0416055622	0.0375922361	0.0941028744	0.0351769571	-0.0279370077	0.02581256	-0.0572877042	0.0250595289	0.0030282914	-0.0193968507	0.0037903238	-0.0599142055	0.0437110363	0.0207838703	0.0550006764	-0.0059050968	-0.0847772997	0.0176028627	0.0823484164	-0.0289654857	0.0	0.0627052	0.0009303	8.654580900000036e-07	0.00393194210704	-0.0210139	-0.0107596999999999	0.0001157711440899	0.0004415839932099	0.276719	0.0144779999999999	0.076573404961	0.0002096124839999	0.0052393	0.0001583999999999	2.745026449e-05	2.509055999999985e-08	-0.000969104	-4.0800000000000016e-05	1.6646400000000012e-09	9.39162562816e-07	-0.000374097	6.673399999999999e-05	1.3994856540899998e-07	4.453426755999998e-09	0.0
4839.868911256663	8.964741442868217	80.36658913747891	23424331.078148752	9474.345010857833	-5.899814368434818	34.80780958198993	89763213.38476671	4805.217014904329	3.71413426876461	23090110.560326062	13.794793366411623	4965.026404015188	7410.466359076353	1.215456	38.645439	0.0377196	0.0187602	0.0464458633	0.1053059696	-0.0150343238	0.1011333579	0.0210807001	0.0991925813	-0.0430529279	-0.0396017679	-0.0373645632	-0.0481131668	-0.016736814	-0.0422716116	-0.1013329524	0.0406569426	-0.0248881388	-0.0217081009	-0.0105635903	0.0070797916	0.0032178521	-0.0130937829	0.0298982314	-0.0378586682	0.0069481401	0.0786268376	-0.151102909	-0.0178813791	-0.0538776422	0.0206907871	-0.042742161	0.0053354498	0.0630702307	-0.0865880301	-0.0199914243	-0.0969574997	0.0072543533	-0.0163547899	0.0613516005	-0.0623758612	-0.0630273397	0.1071207559	0.0436224829	0.0382749402	-0.08141327	-0.0174137896	-0.0827055648	-0.0121897359	0.1265838788	-0.0774987254	-0.0234871323	0.0046323501	-0.0697573528	0.0520708361	0.0108116695	0.0728326278	0.0690330851	-0.024274631	0.0604973495	-0.0286406092	-0.025766883	-0.1531404676	-0.0772286715	0.0151884608	0.0424007717	-0.1159350802	0.0226886828	-0.0112192438	0.0090721648	-0.0862373103	0.1151229094	0.0052663785	0.0269264067	0.0732344051	-0.0277803088	-0.0828861253	-0.1149792497	0.0667575672	0.0396179863	-0.0046299206	-0.0665996002	-0.1799500568	0.059662137	0.1139963087	0.0655852361	-0.0088509955	0.0019703431	0.0687725879	-0.0121509933	-0.0957015721	0.0293637576	-0.0081413046	-0.1271382565	-0.033897649	-0.0577828757	-0.1045998587	0.0041240824	-0.0106220027	0.0250421647	0.0255868543	0.0691880029	0.03915103	0.0274609754	-0.0379526688	0.0073857603	0.0010535942	-0.057341998	0.0249600226	-0.1089282393	-0.0164180349	0.0491868822	-0.0560795175	0.0536040908	0.1037069876	0.0667268826	-0.030730061	-0.0641144465	0.0455734773	0.1067488229	0.1073751856	-0.0343243563	-0.0134797421	0.0881103429	-0.0532929266	-0.0405512066	-0.0740781323	0.0005238347	-0.0723029177	0.0725295739	-0.028884451	-0.0675862722	-0.0153473468	-0.1258054267	0.0553653089	0.0843270718	-0.000136164	-0.0341897609	-0.0069477652	-0.0343082199	0.0453254028	0.027331246	-0.0849612226	-0.0434724989	0.0640035943	0.0265025428	0.1105513757	-0.0674518181	-0.025054271	0.0331441992	0.1034241693	0.0382408797	-0.0824998149	-0.0517030704	0.1032513776	0.0135054752	-0.0503881099	0.031314406	0.0685318052	-0.0269927635	0.0798632555	0.0862914515	0.0768913666	0.1725547562	-0.0050072973	-0.1337994849	0.1207338754	0.0478971841	-0.0171519907	-0.0171231523	0.0697958867	0.0037328953	0.0611001337	-0.097472231	-0.055645465	-0.0559891996	0.0050043528	-0.0465155631	0.0639709293	-0.0487523682	-0.0435379971	0.0023448202	-0.1102110294	0.0834376228	0.0465537892	0.057422862	-0.0068873025	-0.0844837033	0.0204835299	0.0811872246	-0.0335492447	0.0	0.0617853	-0.0009199	8.462160100000023e-07	0.00381742329609	-0.0142883	0.0067255999999999	4.523369535999997e-05	0.00020415551689	0.286781	0.010062	0.082243341961	0.000101243844	0.00515179	-8.750999999999984e-05	2.65409402041e-05	7.658000099999973e-09	-0.00118928	-0.000220176	4.8477470976e-08	1.4143869184e-06	-0.000281541	9.2556e-05	7.926533468100002e-08	8.566613135999998e-09	0.0
4853.6426923372255	13.773781080562912	189.71704525527284	23557847.38487855	9545.05513825485	70.71012739701655	4999.92211650231	91108077.5923253	4817.006269881887	11.789254977558812	23203549.40408141	138.98653292589523	4977.217444144074	7371.554922513575	1.201344	38.196724	0.1247634	0.0564887	0.0122612322	-0.0668550339	-0.0166410328	-0.0085613459	0.0707700516	0.0906801024	0.0578097058	0.0187933285	-0.0123891306	0.030996213	0.0199973273	0.0063021718	0.0516970489	-0.0293061475	0.0895295897	0.1522533771	-0.0194338561	0.1449026364	0.0090799093	-0.0600251434	-0.0558119829	-0.0774297582	-0.0343266193	-0.073097059	-0.0282965505	-0.084721058	-0.0659237426	0.0105138329	0.0184784666	-0.0837253138	-0.0325092348	-0.0228934829	0.0762560617	-0.0127920634	-0.086637728	-0.0020898325	0.0911575973	-0.0005813501	0.0544689929	0.0037000731	0.0227603295	0.0443007405	0.0068820519	-0.0439492202	0.0074327946	0.0049630732	-0.0460197637	-0.0222810893	-0.0136135963	-0.061661898	0.1380526685	0.080394301	-0.0530549556	-0.0108803384	0.0087314314	-0.0598206973	0.034150826	-0.0956097378	0.0195495416	0.035179085	0.0385227171	-0.0236837143	0.0903852585	-0.0822121348	-0.0954101434	0.0369284309	-0.0283115815	0.0110660067	-0.1204225705	0.034819236	-0.0042448093	0.0890774291	-0.0014559934	0.0637754462	-0.0410423089	-0.0017686594	0.0332780746	0.1082523158	-0.0427932644	-0.102738908	-0.0262829122	-0.0209375434	-0.0408677418	-0.0268434897	-0.0839646172	0.0762809038	-0.0867820812	-0.1196922373	-0.0027438814	-0.0516822839	0.0405116972	-0.122417367	0.0940184132	0.0933911164	0.0313982011	-0.0086863933	-0.0315346507	0.0126261429	0.0451063166	0.0306055279	-0.0081333215	0.0398530149	0.0639199301	-0.0472808916	0.0188761955	-0.0299041783	-0.0832908048	0.0032491619	-0.0977205581	-0.0535991648	0.0747793669	-0.0796987402	-0.0215811582	-0.0015499913	0.0642797501	-0.0298152939	0.0489685968	0.0552657229	0.0014994422	-0.0330307872	0.0483781215	0.0940678212	-0.0056532696	-0.0153762989	-0.0458441565	-0.0261139878	0.0233329716	-0.0119492061	0.050188544	0.028211652	-0.0080135267	0.0329174704	-0.0589156284	-0.0553360349	0.0941279966	-0.0053946948	0.008752331	0.0579825871	-0.1151577027	-0.0546723472	0.0203695754	0.1023381293	0.0796688874	-0.0224392445	0.1133844205	-0.0762530714	-0.0062015724	-0.0698607887	0.0158732774	-0.0941827722	0.0529474414	-0.0664235224	-0.0453975624	0.0292006969	-0.0104674121	-0.0848527298	0.0505361327	0.0334609093	0.0574459911	-0.0360514394	0.0959564405	0.0725540877	-0.0197703266	-0.0328812771	0.0984435067	0.06379996	-0.0236345882	-0.0440043167	0.107335598	0.0413413972	-0.0710313245	-0.0925830318	0.0518038646	0.0113277002	0.0595260457	0.1045248325	0.0862337959	0.1107682983	0.0110828969	-0.0396019512	0.0194760108	0.1027764295	-0.0768025177	-0.0078685961	-0.0841453574	0.0233397865	0.0798540418	-0.0380219642	0.0	0.0588996	-0.0028856999999999	8.327264489999989e-06	0.00346916288016	-0.0423192	-0.0280309	0.00078573135481	0.00179091468864	0.329332	0.042551	0.108459566224	0.001810587601	0.00566806	0.00051627	3.21269041636e-05	2.665347129000001e-07	-0.00094412	0.00024516	6.010342560000001e-08	8.913625744e-07	-1.7055e-05	0.000264486	2.9087302499999993e-10	6.995284419600003e-08	0.0
4852.629116668834	-1.0135756683912405	1.0273356355547498	23548009.34394215	9504.348638215131	-40.70650003971787	1657.0191454835506	90332643.03674182	4801.926752403731	-15.079517478156047	23058500.535450645	227.39184737401376	4959.355595760612	7500.003108548709	1.130044	35.929768	0.050334955	0.0278594	-0.020849114	0.0623302173	-0.0583839546	0.0844236554	-0.0001646991	0.0540610992	-0.0650667186	0.0328322751	-0.0063721503	-0.0593319349	-0.0249508148	-0.0226157755	-0.1030151032	-0.0169544972	-0.0119996257	-0.0075962268	-0.0538524131	0.0500693311	0.0089730421	-0.0072068804	0.0310986536	0.0541328284	-0.0218195618	-0.0325166657	0.0900652594	0.0213035613	0.0619546171	0.0501955942	-0.0328387094	0.0624290627	0.0232357437	0.0237287998	0.0601823241	-0.0047025598	0.0287544691	-0.017240271	0.017728747	0.159901344	-0.0463105992	0.0740493076	-0.0383025238	-0.0422393347	-0.0230551905	-0.0371569126	-0.0712163657	0.0229630036	0.0255468825	-0.0371288957	0.0364247893	-0.1010366153	-0.0182213474	0.0725488654	-0.0809100474	0.0013224449	-0.0629419107	0.056391752	-0.0019001667	-0.0528986066	0.0323363581	-0.007354668	0.097519939	0.1133707642	0.1645290069	-0.00658234	0.0265287972	0.0385661318	-0.0068847038	0.0311867918	-0.018607791	0.0168809491	-0.0402137757	-0.0411328332	0.0875453587	0.0956786794	0.0425841828	0.044856848	-0.019787774	0.0513442063	0.1028102695	-0.0131831446	0.1156260573	0.0251234498	-0.0526262672	0.1111010328	0.1465319186	-0.0082442474	0.088102339	-0.047450604	-0.0011840409	0.0764854227	0.0508561753	-0.0041905692	0.0106220478	0.0091938274	-0.0087258929	0.0515439859	0.1318106596	-0.0328773329	-0.0500550162	0.0014123427	0.1430478638	-0.0009143303	-0.0011489946	-0.0024672599	0.0592958521	-0.0435529691	0.1079343907	-0.0264916898	0.0038677302	0.0804914339	-0.0571172137	0.0530030681	-0.0038319008	0.060451173	0.0599700871	-0.0090786351	0.0583332323	0.0012166391	0.0799787948	0.0649992589	0.017684223	-0.0664237224	0.0463071263	-0.0337770279	-0.0349103311	-0.0261137547	-0.0128635721	-0.1268369093	-0.0108299472	0.0845121235	-0.0644836324	0.0845366662	-0.0301721908	-0.035679273	0.029546059	-0.0629554697	0.0601098333	-0.0021010336	0.0398625894	-0.0444876921	0.0322428252	0.0773630434	0.0576759067	-0.0155750646	0.1075924301	0.1140825122	-0.0427384331	0.0269773982	0.0185465527	0.0472802576	-0.0716929237	-0.0798148356	-0.1199511269	0.0411307777	0.0437610588	-0.0826706418	-0.034941133	0.0476335109	-0.0223550466	-0.0661463996	-0.0882082298	0.0131479493	-0.1202093616	0.0542406744	0.0082682684	0.0036217978	0.070843129	-0.0054417725	-0.0793688616	0.076287618	0.154979275	-0.059477274	-0.0685882268	0.0181460973	0.0576724556	-0.0620229455	0.0295301016	0.062774023	0.0736604156	0.0029852783	0.0220825675	-0.04167551	0.0515507978	-0.0088488477	-0.0837624412	0.0261682287	0.0783516924	-0.0423688407	0.0	0.0503653	-0.0085343	7.283427649000003e-05	0.00253666344409	-0.0339107	0.0084085	7.070287224999999e-05	0.00114993557449	0.310597	-0.018735	0.096470496409	0.000351000225	0.00590462	0.00023656	3.4864537344400004e-05	5.596063360000012e-08	-0.000937603	6.517000000000046e-06	4.2471289000000605e-11	8.790993856089999e-07	-6.71211e-05	-5.0066100000000005e-05	4.50524206521e-09	2.50661436921e-09	0.0
4848.436774314536	-4.192342354298489	17.575734415644998	23507339.15452554	9555.553550537694	51.20491232256245	2621.943045961308	91308603.65719353	4809.134398201752	7.207645798021076	23127773.659967333	51.95015794973088	4966.855217962427	7502.184711112012	1.099297	34.952156	0.085740295	0.0510707	-0.0141274002	-0.0307495605	-0.0240126547	-0.0224259718	-0.0039190132	0.0488940539	0.0631269287	0.04510885	-0.0157211495	0.0044878643	0.0574400554	-0.0184397563	0.0302626329	-0.1163351826	0.1142839195	0.0210222884	-0.0614282581	0.0447809879	0.0424364813	-0.0689931166	-0.0418617852	-0.0078886164	-0.0621148514	-0.0129114906	0.011608405	-0.0867590544	0.0319865416	-0.1405028722	-0.0010003446	-0.0471649856	-0.0970548447	0.125315735	-0.1459331908	-0.0425461068	-0.1052849376	-0.0674134459	-0.0540521174	-0.0059233091	-0.0666354379	0.0085688005	-0.0147994803	-0.0032480664	-0.0054723542	0.0383410738	-0.0845892642	-0.0297804769	0.0305786026	0.0098043495	0.0381723852	0.0806820068	0.0105853734	0.0136444803	-0.0627258941	-0.0516330407	-0.0459034442	0.0399772202	0.0262101261	0.0346236611	-0.0895976226	-0.0682406358	0.1328875086	0.086732952	-0.0489794809	-0.0651329934	0.1045029447	0.1090308187	-0.0940714314	-0.0981625098	0.048567955	-0.0607711546	0.1556680618	-0.0903476816	0.0693574965	0.0843281491	0.0329514901	-0.0383646717	-0.0754198179	-0.0426554868	-0.0359083011	0.0675900692	0.0403371046	-0.0562978204	-0.0326960144	0.0247456732	-0.0372902971	-0.0981742739	0.0304420999	0.0386663125	0.0582138241	-0.044085536	-0.0564880147	0.066213043	0.0963249564	-0.0028107655	0.0587985328	0.0117944064	-0.0341463411	-0.0768357273	-0.0317771458	0.0500736364	0.0066423462	0.04586868	0.0653316902	-0.0546435517	0.0971393462	-0.0246826121	-0.0009017189	-0.0367927681	0.0423554773	-0.1072222285	0.0327457558	-0.0684178871	0.0263834493	0.0631186297	-0.0939465167	-0.0473689076	-0.1372123609	0.0294327871	0.1231202096	-0.0883586036	0.0372099197	-0.0220387742	-0.0245068639	0.0341283928	0.0594874318	0.0339116958	0.05240461	-0.03508559	-0.0767290751	0.0844759552	-0.0023427865	-0.0923275187	0.0212060276	-0.0263251617	0.0182773007	0.0278870101	0.0915908404	-0.0346617009	0.1014484866	-0.0031689276	-0.0088085724	-0.0330565214	0.1056428084	0.040662592	0.0100622168	0.0824763913	0.1578090964	0.0372933141	0.0579517581	-0.0288721091	0.06117292	-0.0035130739	-0.0816015786	-0.1440981898	0.1206858878	0.0239576152	0.0512466129	0.0606607539	-0.1564574637	0.0310280463	-0.1046188007	-0.0203183906	0.0128658683	-0.1316080191	-0.0061704546	0.0816685058	-0.0325895569	0.0138692759	-0.109174513	-0.0548941967	0.0317307611	0.0233639282	-0.0171856374	-0.0058038631	-0.0517824875	-0.0018013682	-0.0767015645	0.0766397393	-0.0388204181	-0.0069185038	-0.1476376134	-0.0251018799	-0.0224833115	-0.0098279275	-0.0833351575	0.0289654857	0.0766833591	-0.0465754872	0.0	0.0536335	0.0032681999999999	1.0681131239999992e-05	0.00287655232225	-0.0030499	0.0308608	0.00095238897664	9.30189001e-06	0.322574	0.011977	0.104053985476	0.000143448529	0.00530408	-0.00060054	2.81332646464e-05	3.606482916000001e-07	-0.0010871	-0.0001494969999999	2.2349353008999987e-08	1.18178641e-06	-0.00010977	-4.26489e-05	1.20494529e-08	1.81892867121e-09	0.0
4851.216742812256	2.779968497719892	7.728224848314994	23534303.885741957	9550.766464452425	-4.7870860852690384	22.916193187776447	91217140.05850908	4789.750235747708	-19.3841624540446	22941707.320845224	375.7457540447924	4951.768371447296	7469.429150400746	1.236535	39.315628	0.2137107500000001	0.124742	0.0263135029	0.1113891502	-0.0311810544	-0.0379072552	0.0576330484	0.0039528714	-0.0646678181	-0.0888597157	0.0669756761	-0.0523613097	-0.0631343836	-0.135947361	-0.0145528496	-0.072351961	-0.0855267925	0.0487250812	0.0133468474	0.0741221467	0.1134902863	0.0620927727	0.068669182	0.0450827267	0.0349276846	-0.0422636111	-0.0104062985	-0.0797584209	0.0349934759	0.0071815361	0.145879902	0.0226069353	0.0771847741	-0.0331701524	-0.0583376887	-0.0054134785	0.0211719497	0.0403059868	0.0061934444	0.0401091779	-0.0728620059	-0.0955602132	-0.1145860511	-0.1144951946	0.0569221908	0.0629303739	-0.007413468	0.0885817515	-0.1137653431	0.1040096772	0.0504771965	0.0334172329	-0.0358360633	0.0228839536	-0.0717902961	0.044224245	0.0157455319	0.0637488028	-0.0144535625	0.0148039271	-0.1276152507	0.0479009757	-0.0360738217	0.0197837236	-0.0092117775	-0.0289762741	-0.0454385491	-0.0441478402	-0.0294051495	0.0881642564	-0.0295689733	-0.0837839551	-0.1097515484	-0.0111984346	-0.0380172878	-0.0029911793	-0.0088336422	0.0452941712	0.0213629246	-0.0812048155	0.0666757887	0.0387446558	-0.0077925488	-0.0213236165	-0.0403285098	0.0551906808	0.0510056742	-0.1063706551	0.0036081846	0.040733147	-0.0198311399	-0.0085498499	-0.0136590344	0.0447900819	0.0472096577	-0.0527398494	0.0009750674	0.0633680949	-0.0093920974	-0.0135591844	-0.0179622354	0.0288835492	-0.1794532724	-0.0729394743	-0.0659528783	0.0365746864	-0.0307759186	-0.0601791817	0.020869867	-0.0933464654	-0.0262605267	-0.0031060828	-0.0492334951	-0.0323933183	0.1074096597	-0.1352687384	-0.007414947	0.0145451379	-0.0294749016	0.0162604839	0.007812413	0.054838715	-0.0883667674	-0.0004231026	0.0219895657	0.0464060581	0.0404911217	0.0882058089	-0.0212388523	-0.1306770614	0.0467335855	0.047438282	0.1787792353	-0.0414129512	0.0266199973	-0.0348046526	0.021206316	-0.0651176236	-0.0503375978	-0.0256479234	0.1079201462	0.0560703685	-0.0643784346	0.0161206201	0.0584809871	-0.0526378348	-0.0290026223	-0.052948002	-0.0428603435	0.0145172409	0.0139379382	0.0009554223	-0.0838576189	-0.0680293036	0.0430144103	0.0179335943	-0.0607356768	-0.0714375796	-0.1011988672	-0.0529726693	0.0478457437	0.0392635946	-0.0721915841	-0.015258775	0.0638156965	0.0082411272	-0.0026810841	0.0227713812	0.0623122405	-0.0003396618	-0.1010148518	-0.056921068	0.0115850563	0.0130125663	-0.0092103845	-0.0027927487	0.0072013367	-0.0271365653	-0.0596333587	0.0450453265	0.0069408066	-0.0004021529	0.0128015404	0.0180977198	-0.0422117039	-0.0108057058	-0.0828637327	0.0317282239	0.0748525761	-0.0506279805	0.0	0.0258646	-0.0277689	0.0007711118072099	0.00066897753316	-0.0200282	-0.0169782999999999	0.0002882626708899	0.00040112879524	0.20285	-0.119724	0.0411481225	0.014333836176	0.00496399	-0.00034009	2.46411967201e-05	1.1566120810000025e-07	-0.000933509	0.0001535909999999	2.359019528099997e-08	8.71439053081e-07	-0.00060088	-0.00049111	3.610567744000001e-07	2.411890321e-07	0.0
4848.71749753461	-2.4992452776459686	6.246226957835675	23510061.370898288	9537.578697606135	-13.187766846289378	173.9171943920893	90965407.41303034	4799.71488683364	9.96465108593202	23037262.99489246	99.29427126436616	4956.404760185281	7486.638461435917	1.109194	35.266819	0.1662875499999999	0.0910611	0.0208936975	0.0470473227	-0.0021798461	-0.1194029304	0.0530742712	0.0039677829	0.0295815195	-0.0751451309	0.0614607749	-0.0382905884	-0.058841246	-0.0184444277	-0.0241417634	-0.1536355683	0.0990099935	0.0800597217	0.1091568922	-0.1110455917	0.0418690814	0.0599157159	0.0381165834	-0.0524695554	0.0239481723	-0.0159369137	0.0428436449	-0.0142165781	0.0041971136	0.0353355333	-0.0125326364	0.1109332049	0.0191099148	0.030972642	-0.0391145476	0.0511674383	-0.0758495181	-0.0293354535	0.0002691164	0.0466706268	-0.0111718178	-0.0287568274	-0.0197295354	0.0035873892	-0.0152375744	-0.0225727124	-0.0441117311	-0.0224567505	0.0755825197	-0.0256803387	-0.1336496639	0.0154231879	0.0143678959	-0.1635341449	-0.1095584489	0.0292423819	0.1318084972	0.0121195371	-0.0526980828	0.0612649385	-0.064412178	0.0249551641	-0.0843510327	-0.1107920735	-0.0483672271	-0.0347041035	0.0539936021	0.0307692545	0.0881304203	0.1312554622	0.0266610924	-0.0294925289	0.036089576	-0.0529781938	0.0380034866	0.1028826964	0.0828039332	-0.0202797311	0.1662602754	0.0041409511	-0.0163826731	-0.0861895401	0.0248740277	-0.0436371485	0.1762477817	-0.0952434191	-0.0041531232	0.0113095558	-0.0098303877	0.0466973488	0.0472940394	-0.1170989945	0.015914606	-0.0007156243	0.0335436816	0.0050397121	-0.0489937032	0.0038187385	-0.1129346479	0.0711215752	0.0505647052	0.0113454769	0.0008542935	-0.0234396211	-0.0855802347	-0.0549499353	-0.0138509951	-0.0516903975	0.0567672538	-0.0098625812	-0.0060126887	0.0247143251	-0.0395152665	0.1052949368	0.0526331317	-0.0288451052	-0.0272252654	-0.0819844543	-0.0275968519	-0.0043709939	0.0678202046	-0.0034283945	-0.075139	0.0617498301	0.0209497793	-0.0593454957	-0.0015431507	0.0255694802	0.0674281484	0.0615974167	-0.0164500448	-0.1201657331	-0.1002088482	-0.0251838237	-0.0022898691	0.0432474349	0.141689877	0.0187963554	0.0249355707	0.0276205442	0.0579938061	0.0689918215	-0.0849335663	-0.1065631675	-0.0713518265	-0.0049340418	-0.0413686341	-0.10151729	-0.0377132912	0.082418889	0.1040355391	0.062348654	-0.0644810654	-0.0975125659	0.0152337837	-0.0634659482	-0.0581817862	-0.0779647882	0.1106223408	-0.0820414289	-0.0134777294	0.0395761537	0.0437700339	0.0851170046	-0.1524458516	0.0144304062	0.0106265449	-0.0511455904	-0.0533969942	-0.0003117829	-0.0118730631	-0.13805104	-0.0366053413	0.0079820094	0.1183270225	-0.0800716812	-0.070621637	0.0308855231	-0.0098297346	-0.0287018865	0.0580143262	0.0059683338	0.006544199	0.1803837233	-0.1030470071	-0.0117820532	-0.0823484164	0.0344531511	0.0728632218	-0.0545129082	0.0	0.0394715	0.0136068999999999	0.0001851477276099	0.00155799931225	0.0238562	0.0438844	0.00192584056336	0.00056911827844	0.181172	-0.021678	0.032823293584	0.000469935684	0.0035281	-0.0014358899999999	1.2447489610000002e-05	2.0617800920999987e-06	-0.000753635	0.000179874	3.2354655876000005e-08	5.67965713225e-07	-0.000727481	-0.0001266009999999	5.29228605361e-07	1.6027813200999988e-08	0.0
4855.660896969388	6.943399434778257	48.21079571087903	23577442.74635756	9534.32566431949	-3.253033286644495	10.582225564017088	90903365.8733013	4794.695430373854	-5.019456459785943	22989104.27004792	25.19494315168683	4954.428317510003	7499.184044002923	1.200937	38.183792	0.13318285	0.06501	0.0041278366	0.1363037291	0.0366540146	0.0451183267	0.0019707112	0.1371950187	-0.0639070424	-0.0496804361	0.0564050524	-0.1031621083	-0.0727919329	-0.0701712095	-0.062774864	0.0251237718	-0.0741996524	0.0088146931	0.0458334058	-0.0202616666	0.0572759378	0.0751326666	0.035491984	-0.0242960804	-0.007532627	0.0087146113	0.0012495701	-0.0177576292	-0.0262672696	0.0327954157	0.0016067489	0.0443545458	0.0816502869	-0.0154215858	-0.0933392303	0.0203777374	0.0091380471	-0.0288655856	0.0719694689	0.0170061971	-0.0824921028	-0.0437759407	-0.0407320357	0.0338474973	0.1144672555	-0.0388923099	-0.0028841997	-0.0222304915	-0.0181716759	0.0080604963	-0.0090135203	0.1152533928	-0.08936611	0.0117778226	-0.0190530209	0.0248416221	-0.0237915425	0.0299863651	0.0202493488	0.0104800133	0.0252029975	-0.0149123638	-0.0335602658	0.0569242929	-0.070770484	0.0096930552	0.0393458905	0.0122094182	-0.053983982	0.1048550121	-0.0356728267	-0.0714380575	0.088131373	0.0747226962	-0.0535287849	-0.0521907526	-0.0971531161	-0.0557899	-0.0271852484	0.1105569342	-0.0952045033	-0.0489600805	-0.0610748868	0.0056493484	0.0023065662	-0.0601073149	-0.0698928411	-0.0319135042	0.0105240292	0.0578428815	0.0262161935	0.0216937756	0.0602503386	-0.0123004523	-0.0536983027	-0.006830139	0.0187656471	0.0050015367	0.0578579455	-0.0403394921	0.1068373959	0.0918934785	0.0479177498	-0.0357184149	-0.0921366622	-0.0221111333	0.0064188167	0.001053219	-0.0002257168	-0.0015866204	-0.014666364	0.0008180816	-0.0015649327	0.0807188094	0.0726583828	-0.0917935104	0.0057369751	-0.0795613062	-0.0177065727	0.0361673841	0.0021599393	0.0670164262	0.0552070142	-0.0028404857	-0.0553913208	0.0330134474	0.013659302	0.127670175	0.0184408445	-0.0054973639	-0.0115366352	-0.0010002631	0.0378856316	-0.0431223263	0.0781216236	-0.0153627647	-0.0275554419	-0.0575584109	0.0141176241	-0.048157906	0.0134744617	-0.0053371021	-0.0498477136	0.0202094425	-0.0120044185	-0.0413231184	-0.0679239485	0.0184278889	0.0627247324	-0.0819505492	0.0332617887	0.0479085349	0.0231661986	-0.0931076663	0.1013126487	-0.0802426894	-0.0039423315	0.0987489312	0.0505467523	0.1006700322	0.0028612212	-0.0322359762	0.1391367321	0.0805055426	0.060341085	-0.0024263065	0.0090965598	0.0258770717	-0.0620619713	-0.0233142509	0.0267105364	-0.0617473055	0.0075036	0.057196945	-0.0286040689	0.0410312971	0.0209403321	-0.0188387915	-0.0109635155	-0.0033537769	0.0242025989	-0.0621728382	0.054587643	8.579e-06	0.0088891623	-0.0127568403	-0.0817894817	0.0371370197	0.0707195106	-0.058217412	0.0	0.0481887	0.0087172	7.598957584000003e-05	0.00232215080769	-0.0122083	-0.0360645	0.0013006481602499	0.00014904258889	0.217719	0.0365469999999999	0.0474015629609999	0.0013356832089999	0.00437859	0.0008504899999999	1.91720503881e-05	7.233332400999996e-07	-0.000690403	6.323199999999998e-05	3.9982858239999975e-09	4.7665630240900004e-07	-0.000850842	-0.000123361	7.23932108964e-07	1.5217936321e-08	0.0
4859.647755166273	3.986858196884896	15.89503828206828	23616176.3042926	9544.493507567777	10.167843248285864	103.3850363217124	91097356.31600344	4798.644145921863	3.948715548009204	23026985.639190167	15.59235447908963	4956.542712573008	7512.062672506945	1.209132	38.444359	0.1679587	0.0893159	-0.0059342646	0.0476557356	-0.0456017295	-0.1158400129	0.0341845674	-0.0174679319	-0.0521195947	-0.0403346758	0.0738166484	-0.0339495446	-0.0089407571	0.0179788957	-0.0218481734	-0.0411919436	0.0097840847	-0.077923738	0.063914406	-0.0869282818	0.1273996856	0.0509243361	0.022528354	-0.0175719094	0.0141289198	0.1138482157	0.1162619709	0.0752640602	-0.0338337606	0.0312981639	-0.1118006081	-0.0377354366	-0.0130837737	0.0481213405	0.0656939116	0.1192536973	-0.0127856121	0.0974587417	0.0371050525	0.0904373334	0.0803612056	0.0495131387	0.0380435491	0.1034991185	0.0093550725	0.0630408766	0.032705674	-0.1015328459	-0.0005585021	0.0424036383	-0.0328479946	0.0663730327	0.0162995531	0.0829363557	0.0937473782	0.0302101975	-0.0928926612	-0.1534509076	-0.0337090041	0.0209638348	-0.0006935056	-0.0924837157	-0.0068190718	-0.1550333878	0.002404304	0.0008800514	-0.1550788757	-0.0126320029	-0.0707842961	-0.0020810015	-0.0822272002	-0.0428833765	-0.0422731282	0.0513086423	0.0561554753	0.0733231962	0.0713308711	0.0278872732	0.0228010248	-0.0313242195	-0.0457526438	-0.0592823801	0.1386268334	-0.0124513802	7.21409e-05	0.0149666565	0.0687701807	0.0404295939	0.0590516297	-0.026347805	-0.0416141213	0.0585948692	0.0553885525	0.0841271555	0.0450197633	-0.0494018966	0.0375093824	0.0117986707	0.1242058949	-0.0609952066	-0.012895121	0.0570676387	-0.0110075774	-0.0153062627	-0.0800067575	-0.0685071307	-0.0009080518	0.1215821168	0.0959489572	0.0544995344	0.0238838925	0.0469269308	0.0171728454	0.0488620614	-0.1222971118	0.053338699	0.1323092774	-0.0766618165	-0.0609494395	-0.0062373866	-0.074393496	0.0933848754	-0.0119048024	0.0174028359	0.0374464291	-0.0162917166	-0.0123010204	-0.0536763082	0.0142045752	0.080236772	-0.1319122728	0.0092873491	-0.0068200039	-0.0068806507	0.0383734115	-0.0744158759	-0.0633890103	0.0442256952	-0.0561923293	-0.0678708475	-0.1318182822	-0.0121695799	0.0611480568	-0.0460477703	0.0655744659	0.110877744	-0.0717884687	-0.0605189693	-0.0766839826	-0.0699883349	-0.0211409615	-0.1717231626	0.0659984432	-0.1066842394	-0.0114433617	0.0588620639	-0.0589828227	-0.1179811755	0.0177535681	0.0276715826	-0.0199299491	0.0642254499	-0.0116228408	-0.0157147878	-0.1590910571	0.0462996366	-0.0073498666	-0.0267251096	0.066255038	-0.0881090494	-0.0165643266	0.0687093797	0.0995423864	0.0312547175	-0.0211740971	-0.0296987866	-0.0058286233	0.0155095694	-0.0184542277	0.0164198555	0.0891620813	-0.0739739925	0.0154205772	-0.0778619793	0.0961655208	-0.0137299382	-0.0811872246	0.0397766315	0.0684259838	-0.0617292309	0.0	0.0540443	0.0058556	3.428805136000003e-05	0.00292078636249	0.0425466	0.0547548999999999	0.0029980990740099	0.0018102131715599	0.228735	0.0110159999999999	0.0523197002249999	0.0001213522559999	0.00343839	-0.0009402	1.18225257921e-05	8.839760399999999e-07	-0.00134006	-0.0006496569999999	4.22054217649e-07	1.7957608035999998e-06	-0.000514055	0.0003367869999999	2.642525430250001e-07	1.1342548336899997e-07	0.0
4876.14713923284	16.499384066567472	272.2296745761006	23776810.92344861	9574.762617485376	30.269109917599053	916.2190152036934	91676079.1811954	4809.029520126587	10.38537420472403	23126764.925448958	107.85599737214729	4965.905173373977	7470.874518712165	1.274493	40.522526	0.20674765	0.11286	-0.0584689546	-0.0105857578	0.1353680541	0.0131322883	0.0936688443	0.0227809555	-0.0684264949	0.0024504367	0.083552985	-0.0765520185	-0.0612820475	0.0739963819	0.0190711369	0.0008764297	-0.0459042269	0.0261225887	-0.0177828849	-0.0318356887	-0.0771663489	-0.0159106887	0.0517936895	-0.1018919231	-0.0529350042	-0.0469381794	0.0350444127	0.0009966898	0.0037901535	-0.0067622765	0.0046708333	-0.0025899362	0.0593281988	0.0219502458	-0.1144227122	0.057345628	0.0613381457	-0.0461639261	-0.0429596519	0.0152989663	-0.0450180983	0.0467067696	-0.0485998343	0.0361870162	-0.0089166764	-0.0240682546	0.0627353276	-0.0832649916	-0.096560477	0.0114790408	-0.0247862352	0.0331975394	0.0725279791	0.0412653359	0.1021980296	0.0634194707	-0.1437370406	-0.018280288	0.066688004	0.0603307547	0.0809053621	0.1261050312	0.0079573501	-0.0026792667	0.0435149496	0.096032395	-0.0060078176	0.0001332197	0.0433760896	-0.0393158714	0.023963396	-0.0616351806	-0.0396938711	-0.0235052171	0.1163355401	0.0297390605	-0.1491797152	-0.0221695193	-0.0351419005	0.0255835077	-0.0033286604	0.0434426625	-0.0631483734	0.0361535343	-0.0272257464	-0.0198285338	0.0489676444	0.0133965499	-0.0380504821	-0.0101629044	-0.0533160829	0.0164859194	0.0275423193	-0.0446119189	-0.0039660165	-0.0156782296	0.048949597	0.0804935856	-0.0518036348	0.0239937395	0.0668474274	-0.0355518844	-0.0889701494	-0.0095970546	-0.0278601456	-0.1430282645	0.0385794676	-0.0400563437	-0.0116823964	0.0207393718	-0.0263877467	0.0196097882	0.017597766	0.0164296688	0.0414112131	-0.0212132337	-0.0039364419	-0.0543765072	-0.0542894342	-0.0492433013	0.0010392367	0.0547917726	0.0764446279	-0.1283775706	-0.0131540542	0.0515957014	0.0667278928	0.012327211	-0.0039883631	0.0720515145	0.0097146366	0.0350823961	0.0296089472	-0.0043244069	-0.0971378899	-0.1072845447	-0.0492276391	0.0185275732	-0.0835664051	-0.1381640641	-0.0655063689	-0.0674174869	0.0054330513	-0.0480619493	-0.0747711927	-0.0993727903	0.0430366635	0.0693720968	-0.080858732	-0.0035546464	-0.0373641962	0.0365403239	0.0063134356	0.012437464	0.0195634165	0.0763360349	0.0961892011	-0.0560699495	-0.0962664379	0.0496546296	-0.0621641134	0.0148329119	0.048248375	0.029085442	0.0787139551	-0.0212430611	-0.0229177327	-0.0198106886	0.0147640964	-0.0027387747	0.0543462208	0.007963574	0.0409454182	0.0050067388	-0.0237246766	-0.0154972757	0.0329242307	0.0366433623	-0.0101416332	0.0555910196	-0.1127857181	0.0342899039	0.0755073844	0.0193026697	-0.0190220431	-0.0147012178	-0.080541964	0.0423688407	0.0659875001	-0.0650367418	0.0	0.0580231	0.0039787999999999	1.583084943999998e-05	0.00336668013361	-0.0109689	-0.0535154999999999	0.0028639087402499	0.00012031676721	0.257429	0.028694	0.066269690041	0.000823345636	0.00519396	0.00175557	2.69772204816e-05	3.0820260249000003e-06	-0.000848687	0.0004913729999999	2.414474251289999e-07	7.20269623969e-07	-0.000349811	0.000164244	1.22367735721e-07	2.697609153600001e-08	0.0
4882.74677521901	6.599635986169233	43.55519514993994	23841216.07091164	9623.05724148545	48.29462400007469	2332.37070730859	92603230.67290556	4816.111067944578	7.081547817991122	23194925.818778265	50.14831949849483	4973.958059371264	7636.9326769722065	1.214265	38.607552	0.0877462199999999	0.0434828	-0.0822868428	0.0064270743	-0.0567362204	-0.1034124974	-0.032490897	0.0027891687	-0.0024484402	0.0377099891	0.1002816098	-0.0622616147	0.0765181113	0.0221695112	-0.0140445145	0.0048981387	0.106282476	-0.0810966546	-0.0514514426	-0.1272294515	-0.0313086342	-0.0708314724	0.0134952399	0.0620591032	0.1064869605	0.0322426864	0.0444449153	-0.0645498752	0.0213278609	-0.1339019685	-0.0582445508	-0.0107430216	-0.0220616183	-0.0175035742	0.0033548182	-0.030271764	-0.0167530087	0.0624521389	-0.0240794353	0.1004159141	0.0246728232	0.0436945782	-0.0525014959	-0.0130730361	-0.0304970038	-0.1270834775	0.0029046067	-0.0756526762	0.0829812638	0.081659134	-0.041765335	-0.0169423284	0.0830911799	0.0264526676	-0.089155648	-0.0287536087	-0.0081183727	-0.0859348909	0.0477007799	-0.0248549874	0.0924258637	0.0540960904	-2.7421e-05	0.078990433	-0.0382697369	0.0227482649	-0.0631934436	-0.0246418756	0.0939535977	-0.0077996064	0.0159217038	0.0286633952	0.002130534	-0.0095226923	-0.0914649873	0.0669156177	-0.0514851091	-0.0381016482	0.0946342668	0.0390379164	0.0488541632	-0.0700346616	-0.0483308658	0.06286604	0.018040629	0.0649777358	0.0676699584	0.0162328718	0.0342380908	-0.0549864922	0.069331318	-0.0564661445	-0.0057466618	0.0027122034	-0.0490571619	0.0397210902	-0.045045872	-0.077521365	-0.0473483254	-0.0193912596	-0.0447089542	-0.0051762075	-0.0487890882	0.0064624054	0.0549591651	-0.0392679087	-0.0289379865	-0.0067933502	0.1330602789	-0.039051988	0.0703753852	-0.1282193877	0.0167525568	-0.0375329999	-0.0414286673	0.0489062485	-0.0087464907	-0.0274339328	0.0063529549	0.064617249	0.0685986828	0.0247845048	0.0060259757	-0.1247283704	0.1256828186	-0.0301371797	-0.0769385346	0.0128401956	-0.0259272152	0.0053457512	-0.0683645119	-0.0700311798	0.0156988974	0.0302467919	-0.0311064296	0.0005301715	0.1302464564	0.0370340261	0.0575085474	0.0386661902	-0.1303465823	-0.0781039983	0.0001902585	0.0178516789	0.0048655712	-0.0499339917	-0.0205777352	-0.0419762882	-0.0287288058	0.0003116553	-0.0649167608	0.1114416218	0.0219659832	0.0204914409	-0.0114310122	-0.0263201591	-0.0286797206	-0.0385312162	-0.0344430981	-0.0545450239	0.0009142504	-0.0678470189	0.0849949284	0.0397616753	0.0164931156	0.0438571574	0.0865273729	-0.0455126985	0.0127851978	0.0667037395	-0.043148109	0.0591440094	-0.0023869081	-0.0961209549	0.0451070008	0.0214727213	-0.0445436846	0.0126158441	0.0187516921	-0.0780862368	-0.0380458626	0.1075441185	-0.0901034446	-0.096766574	0.0570847848	-0.0156705506	-0.0798540418	0.0449105582	0.0634092253	-0.0681289976	0.0	0.0463442	-0.0116788999999999	0.00013639670521	0.00214778487364	0.00816357	0.01913247	0.0003660514083008	6.664387514490001e-05	0.294581	0.0371519999999999	0.086777965561	0.0013802711039999	0.00537649	0.00018253	2.8906644720100004e-05	3.331720090000007e-08	-0.00105801	-0.000209323	4.381611832900004e-08	1.1193851601e-06	-0.000353615	-3.8039999999999927e-06	1.25043568225e-07	1.4470415999999944e-11	0.0
4867.19869076475	-15.54808445425988	241.7429301967977	23689623.09538209	9562.607432826284	-60.44980865916659	3654.179366929852	91443460.91434447	4806.54969334147	-9.56137460310856	23102919.954560976	91.4198843009694	4969.250472651938	7575.32270157586	1.220744	38.813553	0.10691897	0.0604448	-0.0800113617	0.0302992889	0.11943972	0.0304683577	-0.0481158242	-0.0895670343	0.051474313	0.0307801348	0.0646176142	-0.0202418756	0.0218896008	0.0240717673	0.0687582431	-0.0244620297	-0.0692610625	-0.0276519255	-0.0212882336	0.0003956595	0.0179537097	-0.0023652114	0.0074205292	-0.0803564446	0.0540230521	-0.0340150874	-0.0012709116	-0.0125038675	-0.0451771655	-0.0115199246	0.0363154392	-0.0721312263	0.0476464349	-0.0178658162	-0.0696345194	0.0730574409	0.07905214	0.0171812703	-0.0033204234	0.01095064	-0.0649079458	0.0002062322	0.0184121853	0.0052397525	0.1494802294	0.0913985995	0.0346644099	-0.0672041311	0.033916682	0.0366147445	0.0271568651	-0.0534459686	-0.0394674937	-0.0610152886	-0.0605189218	-0.0262010245	0.0440778426	0.0408612477	-0.0589885229	-0.0734256326	-0.0143442635	-0.0870615254	0.016548073	0.0782736283	0.0777011528	0.0793789192	0.0868100522	-0.0865356762	-0.0195184075	0.0223152777	-0.1006533096	-0.0077140949	-0.0146446169	0.0734966023	0.0836809614	-0.0114850994	-0.0466697933	-0.0718852225	-0.0673006798	-0.000628378	-0.0426637159	0.0048389927	-0.1165265729	0.1385423603	0.0248120335	0.0584012603	0.0449957823	0.0634825732	-0.0876476623	-0.0050276221	0.1013061404	-0.0696723908	-0.0415476901	0.1183976289	0.0158381368	-0.0029352837	-0.0527209139	0.0926742388	-0.0072973299	-0.0408582042	-0.0367120589	-0.0240494574	-0.0257776304	-0.0109210732	0.0126658794	-0.000522432	-0.0769559326	-0.0350480835	-0.0178393753	0.030517655	-0.0338530285	-0.0131015644	0.0794149121	-0.0270529137	0.0249339727	-0.0712348727	0.01277259	0.0093522378	-0.0864016421	-0.0562294505	-0.0477308293	0.1128121878	-0.045921163	1.97038e-05	-0.1240440254	-0.0263535509	0.0578546789	0.0584611664	-0.0481019284	0.0067362029	-0.0565001617	-0.0099636004	0.0208036924	0.0683158866	0.015211268	0.0196838093	0.0723307635	-0.0228169381	0.0255796897	0.0302926757	0.0788899884	0.0705793137	0.0140515734	0.088187754	0.0123510054	0.0362975828	-0.0019135047	0.1510143771	0.0051606918	-0.0288140225	-0.075926226	-0.0098603261	-0.0465298544	-0.0690320107	0.0450738816	0.0852325772	0.0737344717	0.0092849075	0.0367907875	0.095357646	-0.0125742777	-0.0099411007	0.0692519995	0.0005128144	0.1290593232	0.0714922625	0.0048371316	-0.0548865303	-0.0597399921	0.1059142059	-0.0016209693	0.0115620695	0.0594896482	-0.1292755452	0.0422444503	-0.0194329015	-0.1222570932	-0.0118097583	-0.0751140066	0.0410334463	0.094036941	0.0042726095	-0.0090264702	0.0124176809	-0.0224413677	-0.0166378083	-0.0791238224	0.0473987549	0.0606966215	-0.0709957637	0.0	0.048229	0.0018847999999999	3.552471039999996e-06	0.002326036441	-0.0368383	-0.04500187	0.0020251683034969	0.0013570603468899	0.311211	0.01663	0.096852286521	0.0002765569	0.00604369	0.0006671999999999	3.65261888161e-05	4.451558399999996e-07	-0.000913545	0.000144465	2.087013622500003e-08	8.345644670249999e-07	-0.000409996	-5.638099999999999e-05	1.68096720016e-07	3.1788171609999987e-09	0.0
4857.2899533697055	-9.908737395044229	98.18307676394784	23593265.691106275	9558.951464566317	-3.655968259967267	13.366103917888086	91373553.10193454	4814.640696246538	8.091002905068308	23180765.03395335	65.4643280098238	4976.476314946077	7593.720818202159	1.192894	37.928066	0.1208446599999999	0.0668335	-0.0435155751	-0.038430302	-0.0433236771	-0.0565282433	-0.0736644319	-0.0263328037	-0.0091972313	0.0446017318	0.0060552186	-0.0012808955	0.0794708331	0.0138607639	-0.0035481734	-0.0644528871	0.0921121718	-0.0812865194	0.005730287	-0.0128296299	0.041832685	-0.0822973478	-0.0491738824	0.0511838431	-0.0373625969	-0.0246117391	0.0174759749	0.0063290179	0.0691381816	0.0167367045	-0.031524038	-0.0912934257	0.121513428	0.0055724897	0.0017052629	-0.0264694305	-0.0388061521	0.0356491901	0.1159276909	0.1945766811	-0.0029874975	-0.037890748	-0.0290180447	-0.028587048	0.0530648342	-0.1462798922	0.0440375724	0.0326741661	-0.0530930634	-0.0572466703	0.0657845749	-0.0043398455	0.0017893225	0.0303946419	0.0484219828	0.0054128501	-0.0900414811	-0.0575841778	0.0256191802	-0.0162522066	0.0209972816	0.0631920859	0.0977885222	0.0026576901	-0.0277113743	0.0224447201	0.0308982711	0.016513605	0.0091790705	0.0626953532	0.0092196891	-0.0152855992	0.0099075368	0.0030933961	-0.04154946	-0.016758995	-0.1259075228	-0.0886032784	-0.0161504181	-0.1200933892	-0.0250956735	-0.0008855722	-0.006059233	0.080120345	-0.0123018067	-0.1417324426	0.0015713224	-0.0706731221	-0.1089523593	0.0937321063	-0.0542525863	0.0389015308	-0.0016238527	-0.0058548158	-0.0035063795	-0.0145972885	0.0041339889	0.0205727511	-0.065562581	-0.0485280456	-0.1134744979	-0.0165427432	-0.0006309072	0.0143645867	0.1024453595	0.0415083338	0.0743283481	-0.0343636922	0.0057352754	-0.0053123454	0.0279916705	0.0443868903	0.0309841225	-0.017276431	0.0368364986	-0.0016143925	0.1476411188	-0.0922581885	-0.0205567162	0.1414530258	0.0391942248	0.1064540218	0.0411294426	-0.0363796019	0.0561144268	0.0560390759	-0.1181262922	0.0509419737	-0.0703259977	-0.0375925337	0.0856772228	0.0979673814	-0.0004211072	0.0126322241	-0.029247417	0.0081299684	-0.0319048763	-0.0367952008	0.0027126176	-0.0526409458	-0.0852287286	0.0034007213	0.0064666048	-0.0206678048	0.0331963548	-0.0283276859	0.0666453325	0.0409710976	0.0193557751	-0.0723139846	-0.0071587383	0.0539094655	0.0112500418	-0.0629785146	0.0437986514	-0.0110211256	-0.0178104052	0.0281834818	-0.0375503841	-0.0409272674	-0.0985863272	0.0877061254	0.1032300809	-0.071138678	0.0938641918	0.1126578687	-0.0107734461	0.0480797212	-0.0460947687	0.026168837	0.0929626228	-0.1373408267	-0.0007681175	0.0365485075	-0.0416657646	-0.073274165	0.0529204008	-0.0324155494	-0.0756740242	0.0138201169	-0.0675381228	0.0754694971	-0.0779745176	-0.0127971079	-0.0120342093	-0.0176028627	-0.0783516924	0.0498304656	0.057855435	-0.0736275519	0.0	0.0494748	0.0012457999999999	1.5520176399999955e-06	0.00244775583504	0.00407921	0.04091751	0.0016742426246	1.66399542241e-05	0.341024	0.0298129999999999	0.116297368576	0.0008888149689999	0.00548202	-0.00056167	3.00525432804e-05	3.154731889000003e-07	-0.00114172	-0.0002281749999999	5.2063830624999983e-08	1.3035245584e-06	-0.000222474	0.0001875219999999	4.9494680676000006e-08	3.516450048399999e-08	0.0
4849.779084627844	-7.510868741861486	56.41314925747195	23520357.16969369	9527.810808683696	-31.140655882620194	969.7404487997676	90779178.80606988	4803.660660011519	-10.980036235018815	23075155.736542303	120.56119572232616	4964.999049845647	7504.218267015961	1.14142	36.291458	0.12207061	0.0684759	-0.0408554593	-0.0122465573	0.0633315078	0.1080189253	-0.0945727875	0.0110261428	0.088581382	0.0668042606	-0.0375564197	-0.032923144	0.0155461638	-0.026379447	-0.0072753701	-0.0309205955	0.032136722	-0.0188083738	-0.0299840725	0.008227832	0.0170999462	-0.0371695132	-0.0869717626	0.0327025373	-0.0446293088	0.0454863409	-0.0096099537	-0.0453847349	-0.1149756568	0.059399185	0.0436221437	0.0706239558	0.0684113377	-0.0225447708	-0.0328513525	0.0249147775	-0.0997208315	0.0676226719	0.0905044332	-0.0429382376	-0.0536283886	0.0025902742	0.0039145983	0.052431317	0.0996616838	0.0188233636	0.042397806	0.1922801984	0.0323270506	-0.0286004658	0.0025306658	0.0130378963	-0.0083436111	-0.1251970307	-0.0401882885	0.0476507856	-0.0446507771	-0.0692118047	-0.003680341	0.0182978315	0.0079115876	-0.039186199	0.0636976299	-0.0137709071	0.0054216722	0.0170186973	0.0612087499	-0.1155164915	-0.0181917405	-0.0624210808	-0.068677808	0.0043166345	-0.0346265319	-0.0350418241	0.026855688	0.0759428452	-0.0528534196	-0.0448708414	0.0288840613	-0.018382475	0.0366581273	-0.073907966	-0.0509160732	0.0011563599	0.0955073786	0.1106250217	0.0035684369	-0.0831674686	0.0163342853	0.0687387763	0.0126679728	-0.0003596722	0.106967	0.0059950511	0.0695924683	0.0116511402	0.0639261487	-0.0528885705	-0.0310501988	0.04267905	-0.1152606484	0.0287136594	0.0500989357	0.0610440596	0.0505002256	0.0323348432	0.0307926928	0.1035713295	-0.0348418268	-0.0288041161	-0.0990566827	-0.0352324856	-0.0317564343	0.074698646	0.0088661636	-0.1280443121	0.0140379768	-0.0800016438	-0.0293738606	0.0674182236	-0.0709938644	-0.0427532303	-0.0255263334	0.0538078606	-0.0679264035	-0.0037915783	0.0326687974	0.0006101094	-0.0472567748	-0.0912540413	0.1328416583	-0.046756475	-0.0771807462	-0.023979057	0.1223152306	0.052957233	0.0709022591	0.0229389118	-0.0060073632	-0.0873141063	-0.0197946167	0.0200874891	0.0023309741	-0.0443495725	-0.0200813509	0.0604874182	-0.020044095	0.0840457371	0.0330704963	-0.0027052902	-0.108491684	-0.0273530653	-0.0627737424	-0.0477179051	-0.0446106779	0.0641500006	0.0125439027	-0.0393917271	-0.040497105	-0.0096883185	-0.0338333281	-0.0364422731	0.0594383548	0.0010011537	0.021446734	-0.0366737422	0.1546085971	-0.0458674863	-0.0228866203	0.0213201726	-0.1118383951	-0.0860817391	0.1067486019	0.0395577897	0.0495865893	-0.0539283769	-0.0063126769	0.0699683836	0.0441581864	0.0235969091	-0.0191878499	0.0273064487	-0.0578801342	0.0536718477	0.0242001384	-0.018565586	-0.077538061	0.0522027924	0.0548916848	-0.0760156516	0.0	0.0522365	0.0027616999999999	7.626986889999994e-06	0.0027286519322499	-0.0477512	-0.05183041	0.0026863914007681	0.00228017710144	0.365058	0.024034	0.133267343364	0.000577633156	0.00619429	0.00071227	3.83692286041e-05	5.073285529000002e-07	-0.0010116	0.0001301199999999	1.693121439999996e-08	1.0233345600000002e-06	-0.000195974	2.650000000000002e-05	3.840580867599999e-08	7.022500000000011e-10	0.0
4849.969887499764	0.1908028719199137	0.036405735932887	23522207.909654472	9539.912266927471	12.101458243774688	146.44529162582234	91009926.06067324	4806.800665614257	3.1400056027378014	23105332.638949662	9.859635185224784	4969.558097923565	7534.881845390237	1.198062	38.092381	0.19023985	0.0910919	-0.0021020115	-0.0077675706	-0.0401004619	-0.061287801	-0.031360615	-0.0585427688	0.0310138323	-0.0145391217	0.0018298631	0.0165967791	0.0138296837	0.0121011959	-0.0395377603	-0.0853595621	0.0794071421	-0.0877909129	-0.0132747719	0.0673221077	0.0975082975	-0.0490750308	0.0240695296	0.142408966	-0.0175222805	0.093847514	0.0053046422	-0.0007684863	0.0240455893	-0.0011833408	0.1140523324	0.0552963318	-0.0241320597	0.044370506	0.0149368627	-0.0222531815	0.0504359843	0.063936587	0.0390775957	-0.0572922944	0.0402760787	-0.1114454564	-0.1180503825	0.0488514586	-0.1001689301	-0.01959067	0.0479489121	-0.0346310255	-0.0317555354	-0.0328934403	0.086192741	-0.0134834569	-0.1446590133	-0.0109718889	0.0321313845	0.1186687758	0.0153961552	-0.017255856	-0.0802108257	-0.0832280873	0.0932012431	-0.0356864331	0.0064725353	-0.0171109402	-0.0275022031	0.0126533688	-0.0116122627	-0.01812788	-0.0221224228	-0.1519410065	-0.0482614919	0.0738268319	0.0788327272	0.0106202254	-0.0311535856	0.0095438301	-0.0554776021	0.0426395316	0.0072078256	-0.0805593779	-0.0102483069	-0.0385762189	0.0750766488	-0.0103689429	-0.1020333557	0.0373567439	-0.0476729792	-0.0838086517	-0.043477794	-0.0416499228	-0.1242866407	-0.0152993574	0.0234172776	0.0059212042	-0.0119377143	0.0404909729	0.0530587407	0.0161540725	-0.0662216712	-0.030033517	-0.104971909	0.0668419138	-0.0465063387	-0.0311656645	0.0606312814	0.0648079616	0.0523733115	0.0899076466	0.0553921354	-0.0889422931	0.0371763521	0.0002624282	-0.1030064694	-0.0067774532	0.0572807679	-0.0354741495	-0.0492775809	0.085864568	0.0021766254	0.0043569149	-0.0696122154	-0.0189627201	-0.0281790125	0.0527140088	0.1328235533	0.1125440666	0.0096985699	0.0424183899	0.0689158649	0.0424707929	0.0068033261	0.0457086606	0.028455412	0.1354239365	0.0579757929	0.0999542994	-0.0546922743	-0.1205238405	-0.0646883227	-0.0349653557	-0.0705099924	0.0546732243	0.0742449477	0.0148156535	-0.0608336759	0.0597404382	-0.0057965158	0.0104539522	0.0697685208	-0.0065623985	-0.080080826	-0.0488813546	0.1056352328	0.0571632264	-0.0701785468	0.0061966137	0.0202774072	0.0147513326	-0.0184621651	0.0102507064	0.0009009077	0.0897845464	0.0352038929	-0.0325038702	-0.0048015709	0.034798885	0.0904656859	0.0900911002	0.033936029	-0.0208398556	-0.0108610326	0.0175941869	-0.0282421156	0.0491750728	-0.0229209604	-0.0569578741	0.0619406582	-0.0878510282	0.0217671545	0.1046138875	-0.0272856178	0.0400771735	-0.0769857861	0.1007607896	0.0190343319	-0.0195258508	-0.0766833591	0.0545129082	0.0518116494	-0.0781521589	0.0	0.0474894	-0.0047470999999999	2.253495840999997e-05	0.00225524311236	0.01267	0.0604212	0.00365072140944	0.0001605289	0.313755	-0.0513029999999999	0.098442200025	0.0026319978089999	0.00531856	-0.0008757299999999	2.82870804736e-05	7.669030328999998e-07	-0.00130391	-0.0002923099999999	8.54451360999999e-08	1.7001812880999998e-06	-0.000503305	-0.000307331	2.53315923025e-07	9.4452343561e-08	0.0
4859.863887470129	9.893999970365256	97.89123541358772	23618277.004736274	9542.716538132663	2.8042712051919807	7.863936992268884	91063438.92715064	4798.935496704008	-7.86516891024894	23029781.901525743	61.8608819867465	4963.974029653296	7443.413245663962	1.300166	41.338787	0.2040472	0.109762	0.0128565042	0.0219991493	0.1574999228	-0.0168748495	0.0369201509	-0.0174595923	-0.057562174	-0.0967380076	0.0701919358	0.0670206684	-0.0786443825	-0.0296969515	0.2025951578	-0.0439843724	-0.08361994	0.0325283082	-0.0460582342	0.0341895274	0.098026654	0.0199903756	0.0912622214	-0.0381856458	0.0013719919	0.0544984867	0.014899035	-0.0169025405	0.1512783376	-0.0068938659	-0.0525334087	-0.0444261927	-0.0168660457	-0.0254292223	0.0636170736	-0.0713075426	0.1163418187	0.0705985423	-0.0340478556	-0.063492755	-0.0399446138	-0.0356381383	0.0387195057	0.0411502177	-0.0696582367	0.0582714771	-0.0573293512	0.1255434284	0.0746500268	-0.0576309247	-0.0852354778	-0.0489492259	0.016759272	0.0297086864	-0.0297875607	0.1021863703	0.0580237604	-0.0635270048	0.0244200217	0.0525063147	0.0410516261	0.1188434468	-0.0004676569	0.0794454849	-0.0123614163	0.0017383592	-0.0529949907	-0.091827063	0.0354095693	0.0372248647	0.0156730893	0.0639474783	0.0431888208	-0.0103666985	0.0546900926	0.0137149531	-0.0011658704	-0.0444576094	-0.0136930146	-0.0139484577	-0.0920502924	-0.011666032	0.0007006771	0.0161878739	-0.0667901917	-0.0214980554	-0.0182184646	-0.0308823138	-0.080580204	-0.1115194484	-0.0199682367	-0.0578237668	-0.0572152706	-0.0677750258	0.0551477936	-0.1377857788	-0.0011426289	0.0952084544	-0.0033993558	-0.0747288237	-0.1346113366	0.0331130886	0.0829661736	-0.0767455522	-0.01982962	0.0045880708	-0.0417739053	-0.0466929721	-0.04210247	-0.1088664481	0.1343039232	0.0892408344	0.0711316652	-0.0095859578	-0.0628275959	0.0559492251	-0.0146231751	0.1300183637	-0.0029933733	-0.0486568225	-0.0640341024	-0.0082370643	-0.0458698465	-0.0112717514	-0.0259733012	0.0188857115	-0.0587828763	-0.0419358946	0.0726353049	-0.1051707925	0.0447977626	-0.0385575713	-0.0598498901	0.0509646951	0.0879865635	-0.0311309977	0.0467162147	0.0417298275	-0.0762397743	0.0337651228	-0.0441413815	-0.0532353242	-0.008306218	-0.0742657127	0.007915344	-0.0788906855	0.0162182767	-0.0778971026	-0.0156152727	-0.0803264854	-0.0785214739	0.0694324132	-0.033626448	0.0613698227	0.0078079699	0.00184897	0.0602702783	0.0036645539	0.0622831834	0.0143920084	-0.0591192869	0.0428604576	0.0207474381	0.0420383762	0.0360623685	-0.0233026709	0.0290021083	0.0741965305	-0.0195294065	-0.0068207618	-0.0226062613	0.0483745027	-0.0764029295	-0.1459246374	-0.079185746	-0.17850922	0.0804089512	0.0016257503	-0.1323328427	0.0748627451	-0.0457618709	-0.0374404886	-0.0472316149	0.0179414987	0.0188625903	-0.0204835299	-0.0757880394	0.0567580599	0.0486218538	-0.0800300023	0.0	0.0244657	-0.0230237	0.00053009076169	0.00059857047649	-0.0418504	-0.0545204	0.00297247401616	0.00175145598016	0.227494	-0.086261	0.051753520036	0.007440960121	0.00533605	1.7490000000000214e-05	2.84734296025e-05	3.059001000000075e-10	-0.00071556	0.00058835	3.461557225e-07	5.120261135999999e-07	-0.000702307	-0.000199002	4.93235122249e-07	3.9601796004e-08	0.0
4853.306940179788	-6.556947290340759	42.99355776830701	23554588.2555973	9533.430049914492	-9.286488218171144	86.23886342623146	90886288.51661263	4796.536919135552	-2.3985775684559485	23006766.41663037	5.75317435190005	4954.618239155055	7495.990855787807	1.363417	43.34985	0.18197987	0.0840263	-0.0138775115	0.0302463354	-0.081493606	-0.0430248715	0.039790405	-0.1000757976	0.0876997942	0.0129991324	0.0222672744	-0.0341701769	-0.0311203832	-0.0507400474	-0.0855614174	-0.0261079448	0.0055359205	-0.0372579444	-0.0123561233	-0.0288287968	-0.007386711	0.0535063027	-0.0197303064	0.0195315891	0.036898609	-0.1263685385	-0.0422092056	-0.0564530957	0.0428366863	-0.0110765645	-0.0460367606	-0.0159758028	-0.0104293253	-0.090326037	0.0309422928	0.0286935979	0.0044509744	0.0143016896	0.0817837193	-0.0678264988	0.0202284552	-0.0547919194	-0.0733659899	-0.0337697667	-0.0254416077	-0.0436914583	-0.0380545863	0.016947264	-0.0096258987	-0.0294553235	-0.1072470974	0.0414032861	-0.0339086308	0.0382468715	0.0554789419	0.0099590916	0.0992119382	0.0259658636	0.0058794383	0.0622841346	-0.0092622244	-0.0336525751	0.0410022056	-0.0434271245	0.0869360451	-0.0250549633	-0.0398033583	0.029539224	-0.0186225594	-0.0398577541	-0.0395527446	0.0406012943	0.030522574	-0.1186610474	0.0305864265	-0.1794383331	-0.002800488	-0.0571775557	0.0375793866	0.1250049138	0.0646646291	-0.0058256089	-0.0264586025	0.0686735057	-0.0611896857	0.0595992347	-0.0522081661	-0.0352877848	0.049768772	-0.0280957684	-0.0300360385	-0.0462436597	0.0316908623	-0.1011950586	-0.143154066	0.0622843466	0.0519224755	-0.0184301349	0.0330581838	-0.0492758689	0.0674477678	-0.0696846563	0.0994731297	0.0224532898	-0.0519024018	0.0236173304	-0.0049024084	-0.1476352996	-0.0007716946	-0.0390189734	-0.009436314	-0.0341548813	-0.0062456831	-0.0189163915	-0.0154365009	0.0074570364	-0.0197941074	-0.0352621081	0.0960454908	0.0641045689	-0.0668460491	0.026884389	0.0115680259	0.0624114693	0.0619281104	-0.0217861913	0.0099053436	0.0794118698	0.0578944277	0.0266645372	0.0182102707	-0.0694125784	-0.0029871826	-0.0498217947	0.0173039557	-0.0641477639	-0.0528142492	-0.0257668824	-0.0447284275	0.0631772997	0.029394438	-0.0314174123	-0.0036320533	-0.0834080069	0.0305142331	0.0338491665	0.0294026744	-0.012816826	-0.0591346448	0.0535261647	0.0399641838	-0.0527406298	-0.0042274196	0.0073919029	-0.0668431039	0.0757869422	0.0746803888	0.1698185654	0.0156433904	-0.069888075	0.0171004006	-0.1005042389	0.0036357549	0.0991421515	0.0587363273	0.0937525156	0.0359706059	0.0117215203	0.0045001741	-0.0248171579	-0.0155179952	0.0886120996	-0.0980649379	0.0416962942	0.0570433638	0.0943500285	0.086679985	-0.10392015	0.0544516458	0.0528093886	-0.0196444039	0.0036258392	0.0406795749	-0.0519720497	0.0672826467	-0.0214384965	-0.0748525761	0.0589355719	0.0453290553	-0.0816429668	0.0	0.0385561	0.0140904	0.00019853937216	0.00148657284721	0.00398167	0.04583207	0.0021005786404849	1.58536959889e-05	0.291292	0.063798	0.084851029264	0.0040701848039999	0.00566702	0.0003309699999999	3.21151156804e-05	1.0954114089999994e-07	-0.00103949	-0.0003239299999999	1.0493064489999996e-07	1.0805394600999995e-06	-0.000192019	0.000510288	3.6871296361e-08	2.6039384294400004e-07	0.0
4857.132875237859	3.825935058070172	14.637779068570412	23591739.767716385	9539.392070715508	5.962020801016479	35.54569203175318	91000001.07882991	4803.778059013023	7.241139877471141	23076283.64025493	52.43410672510278	4964.465377122712	7473.569948807679	1.237171	39.335846	0.1043481199999999	0.0502743	-0.0327577454	-0.0649749248	0.0788978771	0.0287710542	0.0289889076	-0.0169425624	-0.1063511667	0.0396778477	0.0026307317	0.0579186511	-0.0643519284	0.0060139272	0.0909846492	-0.0221246061	-0.0397922324	0.0163142038	-0.0829334245	0.0826047503	0.0263986473	0.027485181	0.0159574542	-0.0847960639	0.0900321905	-0.0558744867	0.1101712109	-0.0871040566	0.0414848729	-0.0417477054	0.05073578	0.0952298275	-0.1447047839	0.0015559908	-0.061112995	-0.086785154	-0.0029968125	-0.0218747327	0.0235257912	0.012073698	0.0914702446	0.0962807115	0.0694070616	-0.1054082984	-0.0745677227	0.1024125458	0.0527180446	0.0271373322	0.0828747155	-0.0662024006	-0.0316456272	-0.069826601	-0.0049131109	-0.0670162354	0.2070511737	-0.080336734	-0.0261491392	0.0027878481	0.0381123499	0.0169496632	0.041722179	-0.0177697283	-0.0321416151	-0.0273681465	0.0065247611	-0.0353604225	-0.0385719364	-0.0021580818	0.1076105781	0.000716943	0.007722625	-0.0250432712	0.0137633532	-0.0621996782	-0.0392978754	-0.0323041259	-0.0256835177	0.0322626614	-0.0230420793	-0.0386368375	-0.0158004483	0.0018313975	-0.0241507795	0.0339726558	0.0122192421	0.0961076078	-0.0122106994	-0.0916997188	-0.0813372019	-0.037823244	-0.0979008173	0.0459437998	0.0106010127	-0.0494313875	0.0987380086	0.0394713153	0.0179458805	-0.1065562723	0.0314173738	-0.0420654403	0.0449462822	0.1173148136	0.0255964085	0.0345399178	-0.0303131487	-0.0496817008	-0.0885443055	-0.0859559868	0.0764771144	-0.1086779247	-0.0224395586	0.0262002041	-0.0234150311	-0.0438163607	-0.0950273614	-0.0563451475	-0.1532386638	0.0662917578	-0.0597935515	-0.0017306006	0.1038049678	-0.014868947	0.0202738253	0.0937941945	0.010393966	-0.091368026	0.0571151554	-0.1343449195	-0.1233818228	0.0324048575	0.0004093918	0.0324702197	-0.1025993706	0.0053421033	-0.0291607626	0.0692782009	-0.1434720317	0.1226661073	0.0158821491	-0.0003383601	-0.056337959	-0.0811362192	0.0592568583	-0.0073760423	-0.0196245792	0.0187141327	0.0259884117	-0.0655462556	-0.0293642073	0.0756917987	-0.0135669653	0.0215523554	0.0166742681	-0.0019876773	0.0433521288	0.0230914962	-0.0042970581	0.0494392463	-0.0094870127	0.0068456245	0.0002418493	0.0550204331	-0.036114407	-0.0407304008	0.0808721913	0.0182725239	0.0656814486	-0.0166275041	0.0985674571	0.0427006967	-0.0223797407	-0.0401557667	-0.0376227955	0.0183630314	-0.0492889313	-0.0128973547	0.1102267835	0.0760390025	0.0891077146	0.0630913974	0.0596744877	-0.0494938748	-0.0618120118	0.0290290982	0.0369510687	-0.022390624	-0.0738774647	0.0610428493	0.0419402295	-0.0829857139	0.0	0.0508381	0.0122819999999999	0.0001508475239999	0.0025845124116099	-0.0219888	-0.02597047	0.0006744653120209	0.0004835073254399	0.328411	0.037119	0.107853784921	0.001377820161	0.00615695	0.0004899299999999	3.79080333025e-05	2.400314048999996e-07	-0.000950732	8.875799999999987e-05	7.877982563999977e-09	9.03891335824e-07	-0.000192864	-8.449999999999961e-07	3.7196522496e-08	7.140249999999935e-13	0.0
4850.675486031503	-6.457389206355401	41.69787536235524	23529052.67078696	9532.39810691724	-6.9939637982679415	48.91552961148253	90866613.6687594	4800.014480206145	-3.763578806878286	23040139.01018867	14.164525435583382	4959.890377446077	7495.470051801223	1.195598	38.014053	0.0532350299999999	0.0240472	-0.0333655887	-0.0205906807	-0.0994666628	0.0174475575	0.0227232787	-0.0927081043	0.0791671428	0.0604237575	-0.0123073713	0.0071454042	0.0012265825	-0.0260441569	-0.1083860956	-0.0307972504	-0.0090309896	-0.0023832011	-0.0444218118	-0.0176532121	-0.0360162852	-0.0005617803	-0.0233852202	0.0038725409	0.0413723045	-0.0381499251	-0.0088101268	0.0665781883	0.0514727055	-0.0300969815	0.070960651	0.038272985	0.0467863886	-0.0145946258	-0.0150380183	-0.080815485	0.0344866175	0.019815768	-0.0463895072	0.0247195272	0.0347222551	0.0131682685	-0.0909046112	-0.0011971485	0.0482883315	-0.0119650387	0.0626272532	0.0807806953	0.038098659	0.0152330992	-0.1185775393	-0.0058005042	0.0130496578	-0.0176357682	0.0342931767	0.0601985827	-0.0300262962	-0.0064646162	-0.0028338428	-0.00780531	0.0187956817	-0.0491368141	0.0569078107	-0.0188515364	0.0663386399	0.0077529007	-0.0151413733	0.1043207858	-0.0837323705	0.1204215105	0.1347427335	-0.0058983576	0.0707969748	0.0530302788	0.0197223429	0.0554181004	0.0331731447	-0.0008533886	0.0435519918	-0.0503575796	-0.0336299477	-0.0375621269	-0.0012663624	-0.0355069273	0.02499436	0.1465252827	-0.0428458649	0.0423495363	0.0436521533	0.0059451883	-0.0451924266	0.0419202488	-0.0054796151	0.1349648163	0.0288948746	0.1837844705	0.0192216713	-0.0527133891	0.0055639576	-0.0419000171	-0.0425208542	-0.1773910978	-0.091761057	0.0107200592	0.0203367926	0.0347901563	-0.0501331851	-0.0579465052	0.0001702592	0.0232705595	0.0475747075	0.0607702485	-0.0503003586	-0.0427735478	0.0292269125	-0.0827002314	0.0002534241	0.0744178261	-0.0136332298	0.0038945882	0.0467843517	0.0010801904	0.0313183036	-0.0370326711	0.0647804584	0.0111607337	0.0334498698	0.043137149	-0.0687605377	-0.0147855698	0.0485530561	-0.1121473086	-0.0570178266	-0.0129194579	0.0603008804	-0.0509256617	0.0176922495	0.0138957782	-0.033171505	-0.0505702237	-0.0354476485	-0.0054761025	0.028641782	-0.0022160836	0.0019212959	0.0564941674	0.0798420621	0.0271810711	-0.0602194821	-0.0924043471	0.1669168699	0.0006225809	-0.0201446904	-0.0035359864	0.010180819	-0.1330855863	0.0013537322	-0.041063409	0.0451297865	0.0063447492	-0.0478631009	0.0319710727	-0.008206009	-0.0192342496	-0.0539737902	-0.0372840594	0.0676102293	-0.0303282379	0.0376514585	0.092279649	-0.0165268223	0.0820807201	0.0428742174	0.0607600456	-0.0013517644	0.074161886	-0.1159889239	-0.0164695333	0.1266489738	0.0693188602	0.0335044348	0.047226899	-0.1284657315	-0.132061075	-0.1661882964	-0.0233397865	-0.0728632218	0.0630773808	0.0384625556	-0.0840537993	0.0	0.0486215	-0.0022165999999999	4.913315559999996e-06	0.00236405026225	-0.00636947	0.0156193299999999	0.0002439634696488	4.0570148080900006e-05	0.345286	0.0168749999999999	0.1192224217959999	0.0002847656249999	0.00630938	0.00015243	3.98082759844e-05	2.3234904900000083e-08	-0.00111688	-0.0001661479999999	2.760515790399999e-08	1.2474209344e-06	-0.00014096	5.1904e-05	1.98697216e-08	2.6940252159999997e-09	0.0
4850.707379976932	0.0318939454291467	0.0010172237550373	23529362.086162675	9533.758085990066	1.3599790728258083	1.8495430785241456	90892543.24218096	4808.6456849963	8.631204790154698	23123073.323833533	74.4976961295894	4970.1245009399145	7441.624489296668	1.141041	36.279404	0.04914798	0.0224169	-0.034973439	-0.0818197093	0.0368409723	0.0617083133	0.0238174925	-0.044458697	-0.0913564242	0.0853240155	-0.0363872215	0.0528074269	-0.0319679945	-0.011774968	0.0846154095	-0.0366622496	-0.0084488388	-0.0151446987	-0.0878132912	0.084645927	-0.0215293407	-0.01411313	0.0232676086	-0.1279999699	0.0400828521	-0.0675215779	-0.0464539629	-0.025475948	0.0259490142	-0.0890502169	-0.0527671712	0.0704004065	-0.0442710106	0.0650162101	-0.0616034079	0.0115743195	0.0811346252	0.0156581589	-0.0631190164	-0.058327799	0.0173027311	0.0449533938	-0.0043115849	-0.0951895903	-0.0778679634	-0.0399592582	0.0014722901	0.1639048311	-0.0330448376	0.0388153089	-0.0777483944	0.0457411003	0.0875068813	-0.0939800991	-0.0621607347	0.0206259586	-0.0306554086	0.0218168236	0.0393999943	-0.0731931353	0.0558568956	-0.0642581642	0.0321640327	0.0175420408	0.0963002856	0.1257421408	0.0726953577	0.070177497	-0.1487460258	-0.0395392249	-0.0683931906	0.0610760406	-0.0139446275	0.0178717944	-0.1042994109	-0.0947325313	0.0474344769	-0.1091527015	-0.0762720279	0.040114582	-0.0074256836	0.0618375784	-0.0757727904	-0.0590317699	-0.0122060705	0.0588474604	-0.0047943285	0.0320979377	0.0552796962	-0.0449028161	-0.0679767833	-0.0118608482	-0.0616805093	0.0327052066	0.0061681972	-0.0113101329	-0.0436195257	-0.010325559	0.0473623268	0.1380665438	-0.0886201013	-0.0572287021	0.0503877046	0.0492528178	0.0032305618	-0.0655748029	-0.0854931693	-0.1344549361	-0.0599164963	-0.0236108927	0.0494469624	-0.0484341937	-0.0217389859	0.0484041086	-0.0220610467	0.0508368312	-0.0984826463	0.0561558234	-0.0543507819	-0.0889990862	0.0211683588	-0.0013536192	-0.0176760692	-0.0145710788	0.0633844575	-0.0582830666	0.0412547079	-0.0490969358	-0.0217911281	-0.0199722243	0.1824387176	-0.0357304362	0.0209054101	-0.1077895467	0.0390292017	-0.0054301168	0.0925583431	0.0282132795	0.0187213726	-0.0660903046	0.0432381618	-0.0367076362	0.0078121063	0.0968482097	-0.0544914539	0.0210891617	0.0625557413	0.185058678	0.0452445867	-0.1201693207	0.0298525795	-0.0927074585	0.1244932072	0.0178835761	-0.0127402135	0.0181522393	-0.0314480249	0.1084769717	-0.0198220515	-0.0313397896	-0.0188570403	-0.1203231414	-0.0247425358	-0.0212829351	0.0708949801	-0.0281962763	-0.021327949	-0.0452908834	0.0458168568	-0.0306972251	-0.0335760336	0.117318344	-0.0390165569	0.0009117259	-0.039517418	-0.0668563183	-0.0430243278	0.0119341728	0.0643835589	-0.074793679	-0.014932437	0.0057924455	-0.0213080776	-0.0232054512	-0.0226680285	-0.0242858583	-0.0718103845	0.0650367418	0.0349034008	-0.084843688	0.0	0.0436937	-0.0049277999999999	2.4283212839999963e-05	0.00190913941969	-0.0212564	-0.01488693	0.0002216206848249	0.00045183454096	0.358125	0.012839	0.128253515625	0.000164839921	0.00647808	0.0001686999999999	4.19655204864e-05	2.8459689999999972e-08	-0.000976948	0.0001399319999999	1.9580964623999984e-08	9.544273947040002e-07	-0.000162213	-2.1252999999999995e-05	2.6313057369e-08	4.5169000899999976e-10	0.0
4852.526098773254	1.818718796321264	3.307738060092266	23547009.53927557	9504.000705992776	-29.757379997290627	885.5016643031523	90326029.41951118	4805.203685646844	-3.4419993494557275	23089982.46055401	11.847359521653653	4964.164187534492	7494.170996964107	1.111916	35.353382	0.0480147299999999	0.0202472	-0.0461842652	-0.0623085533	-0.0960026382	0.0455471943	0.0039607041	-0.0435995595	0.060395043	0.0999922537	-0.0649654083	-0.0079739187	-0.0437797189	-0.0822421866	-0.0651659764	-0.0717770049	-0.0071041762	0.0235710194	0.0162578014	-0.017976915	-0.057013972	-0.0699689578	-0.0772579224	-0.0025133592	-0.0371078112	-0.0285658679	-0.116189263	-0.0471214796	0.0064064161	0.0224072307	-0.111837292	0.0342155657	-0.0549844885	0.0604058066	-0.0811505214	-0.04613321	0.0145903121	-0.0717264255	0.0142428988	-0.0832123828	-0.0022554681	-0.0697502712	-0.0063912002	-0.0228447857	0.0318842284	-0.0106844834	-0.0236586561	-0.0091707921	-0.0109144312	-0.0209433518	0.0364152992	-0.1099131103	0.0100439402	-0.0285417572	0.0020492862	0.0107217453	0.1404690803	0.0877362662	-0.010019839	-0.0899054767	0.0023541669	-0.0241488065	-0.0161403535	0.0251757119	0.0315908647	0.0422454152	-0.1489577836	0.0345274895	0.0063831292	0.0319675217	0.0292256894	0.0404790253	-0.0713270988	0.0314076499	-0.0404197728	0.1094030942	-0.0407779078	-0.0197606713	-0.0442977813	0.0837154966	-0.0208419344	0.054097555	-0.0431969793	-0.0524686557	-0.0217821035	-0.0279726977	-0.0664804655	0.0026246305	0.0593333975	0.038337687	0.0837357951	-0.0238632524	0.02516195	0.0044726074	-0.0127785287	0.0643582494	0.0042369259	-0.0677642532	0.1150623907	0.030296219	0.0359303576	-0.1034898974	0.0127751859	0.0834333751	0.0809004766	0.0212285985	0.0101819285	-0.0777119905	-0.099222801	-0.0583950216	0.0078886227	-0.0358881454	-0.003356396	0.1057688612	0.0193279865	0.0845404953	-0.1119069398	0.0082057863	-0.0333546222	0.0072403493	-0.025371365	-0.0379803896	0.0420649869	0.0614561528	-0.0470951159	0.0401592167	0.0203182091	0.0607875406	-0.0231600118	-0.0006995532	-0.010246804	-0.0185949958	-0.0174744713	0.0292421401	-0.1036327923	0.0582941609	0.0106945799	-0.1198713181	0.004145957	0.1135413153	0.0137626979	0.0216167994	-0.0288007177	0.0641213675	0.0442133759	0.0499401047	0.0117290834	-0.0362723491	-0.1048584045	-0.0261436811	0.0584492428	0.0101477414	0.0257171275	0.0490547467	0.0047445655	0.0112420124	-0.0860694411	-0.0872509939	-0.0293100075	0.0667826862	-0.0281523519	-0.0735490382	0.032885044	0.0468373892	0.0727331605	-0.0720555642	-0.0286036508	-0.0084840261	-0.020557216	-0.0324114592	0.0101191881	-0.0086488746	-0.0285155596	0.0110197949	0.0354494275	0.0933292295	-0.0048307784	-0.0333321791	0.0834234449	-0.0647400235	0.0794637513	-0.0733968893	-0.0057894301	-0.1013033246	0.0517568919	-0.0252287139	-0.0707195106	0.0669185973	0.0312703049	-0.0853527656	0.0	0.0512282	0.0075344999999999	5.676869025e-05	0.00262432847524	-0.00458237	0.01667403	0.0002780232764409	2.09981148169e-05	0.362934	0.0048089999999999	0.131721088356	2.312648099999954e-05	0.00664281	0.00016473	4.41269246961e-05	2.7135972900000032e-08	-0.00110034	-0.0001233919999999	1.5225585663999987e-08	1.2107481156e-06	-0.000254035	-9.1822e-05	6.4533781225e-08	8.431279684e-09	0.0
4847.800073050167	-4.726025723086423	22.335319135274545	23501165.548265208	9515.139369398785	11.138663406009073	124.06982247236564	90537877.2190827	4808.516193480233	3.312507833388736	23121827.982961625	10.972708146261738	4967.392277754783	7464.248432299893	1.091493	34.704021	0.062770553	0.0412735	-0.0390237819	-0.0892461143	0.0024231238	0.0553541945	-0.001058297	-0.0838954815	-0.0847093971	0.1002077981	-0.0552095254	0.0404115472	-0.017027988	-0.0192644662	0.0536183986	-0.0936962567	0.0015940646	-0.0967603461	-0.0416869401	-0.0566604685	-0.0295544077	-0.0795557254	-0.1111391827	-0.0580114122	-0.0352478687	-0.0298361586	0.0441882927	-0.0897741826	0.0668078594	0.0067253863	-0.01249808	-0.0212016797	0.0235309155	-0.0619210469	-0.0047770793	-0.025886619	-0.100162463	0.0456990813	0.0589473127	0.0053045088	-0.0244500783	0.0934846708	0.0350399607	-0.1297119196	-0.0510640572	-0.020595807	0.0442457946	-0.0973648901	0.0425604996	-0.0495969372	0.0426093326	0.0027417403	0.0408723786	0.0251527412	-0.0281384956	-0.0624236422	-0.0826209152	0.0620514278	-0.093868436	0.065186367	-0.0132527475	-0.0015835026	-0.0081077074	0.0077401462	-0.064383108	0.0350942461	0.1042046677	-0.0078475342	-0.1177159391	-0.0405020729	-0.1428983798	-0.0239016133	-0.0665544074	0.08360679	-0.063634907	-0.0632040504	0.0606115971	0.0096594798	0.0208081187	0.1341273939	0.023447454	0.0055397032	0.0755310212	-0.0718987531	0.0421344287	0.059390045	0.0009458776	-0.0413473784	-0.0655056691	-0.0086181966	-0.0348546337	-0.0211473752	-0.0201900033	-0.0053787774	0.0737135631	-0.0584819039	-0.0775518519	0.0482833556	-0.0567038991	-0.0132516311	0.0267060454	-0.0048382653	-0.0604817571	0.1106582167	0.0756261906	-0.0464251395	0.0314278185	-0.0370807902	-0.0209695216	-0.0997958386	-0.0167367728	0.0394389691	0.0311656302	-0.033121651	-0.0302756274	-0.0255559197	0.0283986527	-0.0565762279	0.0243094761	0.1308455103	0.0234915758	-0.0243037144	0.014840136	-0.0329460393	0.0135339639	-0.1365265368	0.0158701367	-0.0559043471	-0.0667936962	0.066795041	-0.0125388285	0.0961138891	0.0118248097	0.0247926517	-0.032579039	-0.0637683319	-0.0025270663	0.0551553116	0.0679964225	-0.0088243026	0.1220496432	0.0756913621	0.086083584	-0.0104246881	-0.0312832794	-0.047797464	-0.0791685829	0.0805835592	0.1186340178	-0.1005621724	-0.0410741901	-0.0767898545	0.0652513808	-0.0520372498	0.0425826666	0.0329230202	-0.0355439482	-0.007143255	0.0008244559	0.0112050479	0.0853188177	-0.1166728292	-0.0633967379	0.0828505381	-0.0510528201	0.0163423044	-0.0095959277	0.0505308243	0.1101010681	0.0424891378	-0.0312368649	-0.0314346446	-0.1034727305	0.0589797182	0.0213800957	-0.0263250325	0.0028803371	0.1025449649	-0.075020076	-0.0211409877	0.0224140253	0.0829170855	0.0387796282	-0.014757212	0.029281338	-0.0261682287	-0.0695911778	0.0687207046	0.0275709646	-0.0855793473	0.0	0.0535068	0.0022785999999999	5.192017959999994e-06	0.00286297764624	0.000173283	0.0047556529999999	2.2616235456408997e-05	3.0026998089e-08	0.385563	0.022629	0.1486588269689999	0.000512071641	0.00612376	-0.00051905	3.75004365376e-05	2.694129025000001e-07	-0.00103855	6.178999999999994e-05	3.818004099999992e-09	1.0785861025e-06	-0.000172729	8.130600000000001e-05	2.9835307441e-08	6.610665636000002e-09	0.0
4851.469903650571	3.6698306004036567	13.467656635659065	23536760.22602728	9505.435598419044	-9.703770979740511	94.16317122725413	90353305.91569202	4797.87930593935	-10.636887540882526	23019645.83436106	113.14337655738191	4957.380563495964	7461.647158449909	1.095489	34.831093	0.0753294929999999	0.0367839	-0.040286258	-0.0655428796	-0.0902423839	0.0680456145	0.0052747266	0.0157574673	0.0352814177	0.098289695	-0.0436478864	-0.0119264382	-0.0159336417	-0.072412094	-0.0072220002	0.0409310873	0.0420452285	-0.0387157866	0.014147851	0.002131811	-0.115265826	-0.0355879237	-0.0959411076	-0.0286427322	0.0198918352	-0.0671368602	0.032979634	0.0275137087	-0.0825411402	-0.0093331513	-0.0071512107	-0.0537055849	0.1297892709	0.011336404	0.0019050104	-0.0543482319	0.0159532644	0.0945717379	-0.037207797	0.0007988348	-0.056179201	0.0904037211	0.0666832006	-0.0335530029	-0.1307496631	-0.0071928053	0.04919722	-0.0210523381	0.0008692341	-0.0093674969	0.0503308356	-0.0104011885	0.0292749032	0.0255816152	0.0048415403	0.0766334646	0.0137182841	0.0692427185	-0.051707009	0.0285653361	-0.1255065066	0.009617561	0.0924841788	0.0293899004	-0.0133653963	-0.0633355305	-0.027588504	0.0208241541	-0.0511197255	0.0240102462	0.0297637524	0.0068896118	-0.0036665424	0.0399903147	0.0579539847	-0.069394549	-0.024246343	0.0180596297	0.1427396192	-0.0300787488	-0.0014008276	0.108576365	-0.0894834413	-0.0209367247	0.0326956686	0.0042017272	0.0542988105	0.0796641624	0.0589337263	-0.0112833904	0.0184862923	-0.0038209362	-0.0491367769	-0.0670269916	-0.0948565957	-0.0347244334	0.0738850962	0.0693801022	0.0717303941	-0.1558885866	-0.0296568461	0.0761802714	0.0734008182	0.1108114939	0.0503459464	0.0197322408	0.0105865318	-0.0674622577	0.0276129559	0.0636409807	-0.0485261508	-0.0234866372	0.0476783505	0.0573147293	0.0243849596	-0.0486588392	0.0648585695	0.0873671978	-0.0286767257	0.0652814781	-0.066778366	-0.0088247131	-0.0213141418	-0.1499642305	0.0170287942	-0.0444681349	-0.0216847221	-0.1398470975	0.0018336826	0.0206320261	0.0102315136	0.0564185322	0.0082562223	0.0203546106	-0.0113390697	-0.0211159662	0.0003786037	-0.0376755934	-0.0631084383	-0.0233398435	0.1161921237	0.0615797658	0.0145865287	-0.0436992857	0.1262883764	0.0083164452	0.0386839192	-0.0556261435	0.0394029547	-0.0365906172	0.0429977784	-0.0188047001	-0.0111908571	0.024674291	0.0112292554	-0.0398389092	0.0841035642	-0.0159889098	-0.0344965388	-0.1056135294	0.0705354783	0.025392258	0.0227738934	0.0905249948	0.017601176	-0.0251723499	-0.1026692334	-0.1245260895	0.0182505466	0.0694923711	0.0395934306	0.0741687613	-0.014703451	-0.0046455739	0.0079557756	0.009844268	0.0456249099	-0.1028813555	-0.0729150687	0.0509771465	-0.0191797912	-0.0493899528	-0.0116280668	-0.0592702851	0.1798065854	-0.0271042781	-0.0684259838	0.0704409161	0.0238132166	-0.0855226832	0.0	0.0508454	-0.0026614	7.083049960000007e-06	0.00258525470116	-0.00956676	-0.009740043	9.4868437641849e-05	9.15228968976e-05	0.39759	0.012027	0.1580778081	0.000144648729	0.0066966	0.0005728399999999	4.484445156e-05	3.281456655999998e-07	-0.00132859	-0.0002900399999999	8.412320159999992e-08	1.7651513880999998e-06	-0.00032787	-0.000155141	1.074987369e-07	2.4068729881000012e-08	0.0
4848.54642203236	-2.923481618210644	8.546744772015527	23508402.4066028	9522.066493714256	16.630895295211303	276.58667832028146	90669750.31071568	4792.214657240737	-5.664648698612837	22965321.32107296	32.0882448786961	4953.2171310189015	7493.397739804264	1.118426	35.56036	0.1578398649999999	0.0714092	-0.0407509967	-0.097430832	-0.0155320625	0.0142743928	-0.0111857563	-0.0366702771	-0.0708031655	0.0826008705	-0.0107528314	-0.0110626909	-0.0386950635	-0.0057361281	0.0873667964	-0.0861974735	0.0353340501	-0.0412039924	0.0715059219	0.042001395	0.0077756725	0.0396926794	-0.0624230905	0.0181475413	0.0233508198	-0.0269991321	0.124131365	-0.0027282958	0.0421258395	0.0177480657	0.0503154587	0.0448651673	-0.0417592687	-0.032674291	0.0125568908	-0.0111096233	-0.0129641265	-0.082024612	0.0063663864	0.012533556	0.0099494421	-0.0338595876	0.0099505892	0.0941702406	0.0039828956	0.0782062755	0.0141640276	0.0463118225	-0.0109336646	0.0161021591	0.0246814837	-0.0046915426	0.1248339232	0.0228021697	0.0213135916	-0.0566428919	0.1388325119	0.1050247435	-0.0839600087	0.1133437805	0.0505547807	0.0946952111	-0.0754827214	-0.068502522	0.056011432	-0.0260143092	0.0074592375	0.0671668262	0.0077514047	0.0492241397	0.0115074663	-0.1377502228	0.0437151329	-0.0329338887	0.0078135827	0.0305732943	0.081951713	0.0679373888	0.0134967511	-0.0190007164	0.1011154392	-0.0361941114	-0.0156153486	-0.0181069937	-0.0158709073	0.064633745	0.0435310889	0.1151444663	-0.0375788253	0.0908952353	-0.0693028956	0.0430717032	0.1021897974	0.0720890592	-0.0569427115	-0.0651503193	0.0221908961	-0.030151883	-0.1310551474	0.0004088151	-0.0849663844	-0.0158601557	-0.0100245443	0.0973106763	-0.0388455773	0.0007819266	-0.0020826036	-0.0040004375	0.0868994307	-0.0606175949	-0.0332936051	0.0793395196	-0.056642154	-0.0548508417	-0.0852039903	-0.0533270858	-0.0031451393	-0.0053085059	0.0035292487	-0.0363760213	0.0237152144	-0.0137516766	0.0072367449	0.0434262455	-0.0741671251	0.1269540814	0.0196315763	-0.0663455221	0.0093718554	-0.0110384167	-0.0053096625	-0.0363924094	-0.0251677842	-0.0607059977	-0.0806609668	-0.0182275855	0.0347244671	-0.0323173408	-0.0490765851	0.1455230786	0.0551369776	-0.0026086412	0.0662447455	-0.0565882124	-0.0917070686	-0.1385509595	-0.0021982643	-0.0445711936	-0.0648454448	0.0635258355	0.1027444598	-0.0451218275	-0.0404141386	-0.0895644426	0.0636389511	-0.0365241324	0.0015110587	-0.0212978408	0.0382257849	-0.0386825526	0.0360625221	-0.0242349145	-0.0900350259	-0.0714682603	-0.0378237926	-0.0195251474	0.0993811456	-0.0193480368	0.0579044501	0.0338414861	0.1060067639	0.0210975724	0.1457098167	0.073689455	0.0790689301	-0.0034772586	-0.0062373513	-0.0508522955	-0.0679629999	-0.0619629293	-0.0768240784	0.0543611297	-0.0323747459	0.0509374916	-0.0660350753	-0.0280367383	-0.0672245457	0.0720771819	0.0200050215	-0.0851829606	0.0	0.0558374	0.004992	2.4920064000000038e-05	0.00311781523876	0.0149463	0.02451306	0.0006008901105636	0.0002233918836899	0.354615	-0.0429749999999999	0.125751798225	0.0018468506249999	0.00571477	-0.0009818299999999	3.26585961529e-05	9.63990148899999e-07	-0.0008701699999999	0.00045842	2.1014889640009162e-07	7.57195828899826e-07	-6.09239e-05	0.0002669461	3.71172159121e-09	7.126022030521001e-08	0.0
4864.436399721039	15.88997768867921	252.49139094672307	23662741.48693099	9543.102088745702	21.035595031446064	442.4962583269984	91070797.47622256	4813.714482668067	21.4998254273296	23171847.12064829	462.2424934056483	4973.236889343038	7478.477888433541	1.276434	40.584236	0.193101555	0.104409	-0.0479355054	0.0769859319	-0.0494038172	0.1203240717	0.0444386686	0.1120643202	-0.0636036816	0.0566532012	0.0511820419	0.0028526401	-0.036596093	-0.2197289873	0.086459747	-0.0579599629	-0.0200362616	-0.048402937	0.1275218602	0.115736735	-0.1325677418	-0.0681881946	-0.0176146705	-0.0317077	-0.0070351932	-0.0629220976	-0.1841045896	0.0043323143	0.0978029595	0.048818779	-0.1518384352	0.0823536813	0.0337554561	-0.0789989997	0.0331465813	0.0236335332	-0.0943116627	-0.0326880148	-0.0431321274	-0.0781943684	-0.0151336632	-0.0415102255	-0.0364557539	-0.0969492655	-0.0790023377	0.0084702188	-0.0237832074	0.0472618743	0.0472415004	0.0689212974	0.0858781425	0.0701123129	-0.0899561621	-0.0834170298	-0.0287904939	-0.0721672826	-0.0434324093	-0.055310258	0.0910546111	0.0535098444	0.0303127811	0.0422994617	0.0060772308	-0.1200257814	-0.0350275746	-0.0682825217	0.0200401544	-0.0602736937	0.0099567664	-0.0158307517	-0.0766338411	0.0240948528	-0.1078244562	0.0263721679	0.0145131258	-0.0417403847	0.1337709429	-0.0391393192	-0.0728252491	-0.0091840694	0.0045559102	0.0376978765	-0.0163181387	0.092522711	-0.0386010734	-0.0186071199	-0.0291275872	-0.0030062709	-0.0179461988	-0.0606143543	0.0001296153	0.0013378407	0.0250688927	0.0129206472	-0.0173047419	0.0400378214	-0.0102992299	-0.0465711711	-0.0843743969	-0.084629088	-0.0127721834	0.0437905914	-0.0715544209	0.0424745203	0.0692444603	-0.0145593316	-0.0402978622	-0.1248391006	-0.1578774257	-0.0241354835	0.0656492608	-4.29124e-05	-0.0248596049	0.0983466717	-0.0101396464	0.0682116577	-0.0018781922	-0.1202195848	0.1648173213	0.0018707357	-0.0109705317	-0.1028244643	-0.0303669551	-0.035536025	0.0486096749	0.0361346469	0.0243330156	-0.0051318726	-0.0283626681	-0.0507804865	-0.0262434305	0.0137265201	0.104674801	-0.0653834109	0.0720733241	0.0975828878	-0.0463486984	0.0756737814	0.0945284114	-0.0349681708	0.0272069016	-0.0167128947	-0.0695211926	-0.1071356577	-0.0918225447	0.0230325969	-0.0007142912	-0.0363424319	0.0385160082	-0.029322441	-0.0414241547	-0.0711275878	-0.0543941352	-0.001017114	0.0347741243	0.1444843528	-0.0282447387	-0.0286154817	0.1066676983	-0.0059800561	0.0003332797	-0.0330134945	-0.0953234743	-0.0771372644	0.0630163501	0.0991305536	-0.0268914271	-0.0175604519	-0.0435453407	-0.0154363581	0.0263662359	0.0550027944	-0.073649778	-0.0199813325	0.0308205794	0.0528191079	0.0160568983	-0.0152083865	-0.0342219717	0.0092005468	0.004826596	0.0753050565	-0.088391321	0.0149647364	0.0498974591	-0.0289654857	-0.0659875001	0.0736275519	0.0161544469	-0.0845613042	0.0	0.0202122	-0.0356252	0.00126915487504	0.00040853302884	-0.0546119	-0.0695582	0.00483834318724	0.00298245962161	0.335863	-0.0187519999999999	0.112803954769	0.0003516375039999	0.00623446	0.0005196899999999	3.88684914916e-05	2.700776960999997e-07	-0.000887008	-1.6838000000099994e-05	2.8351824400336736e-10	7.867831920640001e-07	-0.000907719	-0.0008467950999999	8.23953782961e-07	7.170619413840099e-07	0.0
4873.354024272526	8.91762455148637	79.52402764127247	23749579.44589322	9551.064917459442	7.962828713740237	63.40664112436599	91222841.05752452	4807.132226301387	-6.582256366679758	23108520.24114533	43.32609887669621	4961.882776031606	7550.548479552536	1.228428	39.057865	0.19266833	0.0844912	-0.1039808183	-0.0639927334	-0.0481816351	-0.0096804582	0.0267536436	0.0479229096	0.0298339382	0.1144143307	0.0506131125	0.1405149279	-0.0939631185	-0.0857480652	0.0215965603	-0.0309432985	0.0511703509	-0.0061572248	0.0179902621	-0.0885555296	-0.004270416	-0.0254003841	-0.0977383911	-0.0679280306	-0.0611879541	0.075699012	0.0585845365	-0.0019878304	0.037826348	-0.0654120199	-0.0318792159	-0.0685890157	-0.0054678599	-0.0154042915	0.1379926273	-0.0065754171	-0.0333772924	0.0110428844	-0.0204585401	-0.0137982514	0.0104026525	-0.0068431858	0.0850960857	-0.0033233501	-0.1001610637	0.0453215491	-0.0302060771	0.0290136582	-0.0042744525	0.0587092637	-0.0809459452	-0.037021641	-0.0176012587	-0.0191445483	0.0533135224	-0.0020180377	0.0068745772	0.0031953438	-0.0401959167	-0.0316063436	-0.006950927	-0.0070211386	-0.1107795959	-0.0329415923	-0.0031639302	-0.0143756675	-0.0708027357	-0.0625454215	0.0131919734	-0.0498053227	-0.0102949201	0.0186220228	-0.1011448693	-0.0522294629	0.014380594	0.0008881421	-0.1055251221	0.0602921891	-0.0048471631	0.0486098814	0.0454341792	0.1634313982	0.0842347383	0.0224053206	0.0200537614	-0.0672221533	-0.0560763143	-0.0802896579	0.054977343	-0.0602086884	-0.0897856049	0.0056395798	-0.1456447082	0.043415636	0.0192167509	0.0137522046	-0.0625798671	0.0062541504	-0.006621666	0.0918417341	0.0007533633	0.0755108229	-0.1097589257	0.1286044671	0.024060995	-0.0571058959	0.049641002	0.0245659331	0.0011550873	-0.0118175215	0.0874328659	0.0149819019	0.0575775838	-0.0251454407	-0.0291405941	0.0573828354	0.0644746844	0.0704668107	0.021904714	0.0400187336	0.0143847419	-0.020052607	-0.1092476716	0.0477411559	-0.020797154	-0.06513223	-0.043786568	-0.1000671207	0.0377985935	0.0249144429	-0.0063821873	-0.1050795418	0.0144492428	0.0071837246	-0.0072993297	0.0082378875	-0.0723354761	0.0397423127	-0.0244182163	0.0007859902	-0.0123301533	-0.0010231946	0.0323931935	0.0355604979	-0.0186617026	0.0030798122	-0.0358284866	-0.0937623676	-0.0498837608	0.0551469955	-0.0471831786	-0.0295672849	-0.0180724205	0.0433122567	-0.048917779	0.0805476384	-0.0383921288	-0.0133074032	-0.1962960818	0.0651949681	-0.0044760234	0.0485773223	-0.0959406447	0.0911418536	6.08201e-05	0.0015689859	-0.0777916934	-0.0139023882	-0.0255477492	-0.0080201457	-0.0206542565	0.00479638	-0.1174049023	0.0185033806	-0.1331241287	-0.005484782	-0.0372903685	-0.0103061922	0.0896929048	-0.0567372269	-0.0462775132	-0.0071584329	-0.0001174085	0.0840904282	-0.0672681411	-0.0298903973	-0.064715502	0.0750901786	0.0122696499	-0.0836597713	0.0	0.0459036	0.0256914	0.00066004803396	0.00210714049296	0.00434273	0.05895463	0.0034756483984369	1.8859303852900005e-05	0.363512	0.0276489999999999	0.132140974144	0.0007644672009999	0.00701261	0.00077815	4.91766990121e-05	6.055174225e-07	-0.000656126	0.0002308819999999	5.330649792399998e-08	4.3050132787600004e-07	-0.000309285	0.0005984339999999	9.565721122500001e-08	3.581232523559999e-07	0.0
4872.460991081847	-0.8930331906785796	0.7975082796535642	23740876.109614298	9603.12435000479	52.05943254534759	2710.184516943596	92219997.28165492	4811.673437201585	4.541210900198166	23152201.26627132	20.62259644007864	4972.1046452469645	7624.081804395324	1.147944	36.498875	0.08723398	0.0471005	-0.1299417638	0.0494031852	0.0406941946	0.0704954544	-0.0625852151	0.0464909154	0.0672302213	0.0574550501	0.0810046945	0.0886145216	0.0211813766	-0.0787726647	0.0059652917	-0.0009842794	-0.0227614233	-0.1192970739	0.0225457478	0.0467105352	-0.0181749867	-0.0666948807	-0.0054353285	-0.0824092441	0.0042152156	0.0531022712	-0.0872322234	-0.0214612584	0.0092405706	0.0203700541	0.1612178289	0.0137824003	0.0108043438	0.0781095535	0.0821268314	-0.1038333272	0.0047718429	-0.0642221887	0.0013206168	0.0151526265	0.0613695476	-0.0396052957	0.0016614453	0.0374878268	0.0535303855	0.0009847968	-0.1357579551	0.090769371	-0.105954261	0.0315362785	-0.0702478412	-0.049325146	-0.0329660609	-0.0470990024	-0.0691798941	-0.065450032	-0.0712187713	-0.1201381385	0.0112211868	-0.0071068538	0.0128417846	-0.043967274	-0.018808154	-0.0363013451	-0.0671015992	0.0578021698	-0.0286220294	-0.0829239145	-0.0089028337	-0.0218410237	-0.0357021156	0.019098343	0.0440516075	-0.0284789348	-0.0260555254	-0.0031312173	-0.0510863465	0.0218422424	0.0404941237	0.0703144688	0.042787868	0.0921202256	-0.0011397138	0.0135887033	0.0883402217	-0.0279535638	0.0272194502	0.0958327415	-0.0672088754	0.034819869	-0.0657768449	-0.0810580019	0.0203024669	0.0699829432	0.0239058013	-0.0385850298	-0.0199554565	0.0672884135	-0.0477551472	0.0125502048	-0.0670269217	0.0402630657	0.108981761	0.0223336782	0.0632985608	-0.0579954497	-0.0827228217	0.0550827135	-0.0939783581	0.0054865246	0.0003547944	0.0182938331	-0.0506658229	-0.0561585397	0.1034367034	-0.0200053869	0.0675159423	0.105741673	-0.0219632504	-0.033934931	0.1186270141	-0.0424537058	0.0284283229	0.1253002028	-0.017890394	0.0049819517	-0.0580493555	0.0304881119	0.0917513198	-0.1294380098	0.0819970394	-0.052336461	0.0597316286	-0.0078324507	-0.0276632923	0.0111547424	0.0277383309	0.0355300193	0.0900429912	-0.0417830386	-0.1014361751	-0.0006636959	-0.0166016775	-0.0563085568	-0.0107015649	0.0558931381	-0.0870416896	-0.0031303615	-0.020065511	-0.0009602626	-0.1151403362	-0.0078734796	0.0217500462	-0.0121256591	-0.0506027945	-0.0085464313	-0.0114699188	0.0309979655	-0.0778679482	0.0232242828	0.0016763329	-0.0101234513	-0.0255215504	0.0659016989	0.004499743	0.054039153	-0.0412424875	-0.0802286251	0.0441861585	0.050341062	0.1126217088	-0.013182003	0.0112216033	0.0260331549	0.0702657039	-0.1010440943	-0.0789181325	0.00416718	-0.0404613987	-0.0173953276	0.0363175121	0.0398115283	0.0043167058	0.0637237279	0.0452692044	-0.0308113507	-0.0634092253	0.0764633189	0.0083588602	-0.0824813458	0.0	0.051683	0.0057793999999999	3.340146435999996e-05	0.002671132489	-0.0401723	-0.04451503	0.0019815878959009	0.00161381368729	0.353067	-0.0104449999999999	0.124656306489	0.0001090980249999	0.00668532	-0.00032729	4.46935035024e-05	1.0711874410000005e-07	-0.000726941	-7.0815e-05	5.014764225000001e-09	5.284432174810001e-07	-0.000177499	0.000131786	3.1505895001e-08	1.7367549796000012e-08	0.0
4859.102544820816	-13.358446261031531	178.4480865088673	23610877.54108413	9594.104853871906	-9.019496132883432	81.3513104910992	92046847.94708848	4812.2622613054455	0.5888241038601336	23157868.0715846	0.3467138252866894	4972.7781990506	7612.293094933181	1.171493	37.247612	0.21371145	0.0965643	-0.0873924705	0.0290968097	-0.0035293434	-0.0845164966	-0.0133064403	-0.0159529837	0.0169430071	0.0025811421	0.0965707343	0.0902361982	-0.015765781	-0.0302906859	-0.0566377644	-0.060908945	-0.0242778955	-0.0307737038	0.0809326179	0.186979321	0.0820560655	-0.0261390646	-0.0340518274	-0.1479872412	-0.0092627279	0.0434397456	-0.0586849167	0.1026534581	-0.0319862661	-0.0952671285	-0.0121075047	0.016485667	0.030027883	-0.0083333653	0.1440481153	0.0653597374	-0.12335142	0.0203378595	0.0529196099	0.1005964639	0.1137565877	-0.0196753969	-0.0413827749	0.0374271577	0.0616788742	0.0824469057	-0.0508876151	-0.1215369703	-0.0195614113	0.0579024625	0.022023232	-0.0602034722	-0.0364542781	-0.0407607938	0.0499966832	0.0405536042	0.0271183917	0.0229033917	-0.0530521082	-0.149883602	0.0796519131	0.0521652838	0.0006320276	0.0559587743	0.0312498995	-0.1043190025	-0.0055971834	0.0561100374	-0.04382869	-0.0529767913	-0.0226671969	-0.0510416837	-0.0297780228	-0.0631182669	-0.0342755618	-0.0228102646	-0.049019398	-0.015335742	0.0862718745	0.0145528944	0.0196680614	0.096356934	-0.030235128	0.0209371169	-0.0108523795	-0.0682371656	-0.0297667225	-0.020222747	-0.0143502827	0.0002622367	-0.0458006751	0.0306439106	0.0667222715	-0.0159887291	-0.0425679962	0.070408985	-0.1243996557	-0.0064834522	-0.0948931658	-0.0261356834	0.0908892188	-0.0017269275	-0.0266572533	0.0384200888	0.0048953809	-0.0983528113	-0.0403511	0.0172820055	-0.0825811839	0.1289257295	0.0907972418	-0.0302025596	-0.045249958	0.0009603786	-0.0567374286	-0.0503611361	0.1468248602	-0.0212389347	0.0175669136	0.0296860995	0.0387713809	0.0380243483	-0.1102987954	0.1418033709	0.0519786465	-0.0129711911	0.0281427156	-0.0266143893	-0.0090996682	0.006660655	-0.161085455	-0.0492903642	0.0028558074	0.0706111862	-0.0826680369	0.0798320041	0.013617717	-0.1456468712	-0.0032590214	-0.0042762032	-0.1136432003	0.0302333683	0.0567675868	0.0970693309	0.0546530568	-0.041219489	0.0476373466	-0.0064978213	0.0709174447	0.0362844762	0.0495765027	-0.0652659561	-0.0032330103	-0.0159223196	-0.0211042826	0.0267095777	-0.0005015999	0.0237474353	-0.053401938	-0.0522258569	-0.0186990152	0.0209153171	-0.0088216647	0.0693109385	0.0630858203	-0.0008440238	-0.0609648637	-0.0285885716	-0.0177130447	-0.004203654	0.0522722833	-0.049939513	-0.0589501111	0.0620021319	0.0278446465	0.0762540518	0.0392150486	0.0061988061	0.0162757591	0.0050245017	0.0041211402	0.1508135647	0.0613985294	0.0263377053	-0.0658241261	-0.0317282239	-0.0620693619	0.0777453364	0.0044303628	-0.081029928	0.0	0.0679397	0.0162567	0.00026428029489	0.00461580283609	0.0194044	0.0595766999999999	0.0035493831828899	0.0003765307393599	0.297031	-0.056036	0.0882274149609999	0.003140033296	0.00574021	-0.0009451099999999	3.29500108441e-05	8.932329120999998e-07	-0.000653149	7.379200000000004e-05	5.445259264000006e-09	4.2660361620100003e-07	-0.000795438	-0.000617939	6.32721611844e-07	3.81848607721e-07	0.0
4819.947758099525	-39.15478672129029	1533.0973231897306	23231896.39080864	9525.949575907876	-68.15527796402966	4645.141914354148	90743715.32273944	4765.837993578113	-46.424267727332335	22713211.78103265	2155.2126340190307	4926.8390403674575	7629.489820618267	1.456575	46.311798	0.2939928	0.206688	-0.1029252255	-0.1519029904	-0.0344775592	0.0409789628	-0.1624210094	0.025905563	-0.0837367298	0.1437461266	-0.066959829	0.1205687879	0.0586082461	0.0965713291	0.063009511	-0.0251730044	0.0413889257	0.0771991445	0.1810528719	0.0595589254	0.1371291021	0.2074141047	-0.1292708381	-0.0343509867	-0.1028715641	0.003070619	0.0572476364	0.0548458567	-0.0541485545	0.0435211839	0.0332490037	-0.0891839212	-0.0968430701	0.0531359119	0.0090364118	-0.0898561928	-0.0747009611	-0.1069341576	0.0083698226	0.0574466489	0.0986022119	0.1227152498	0.099472364	0.0862634189	-0.0311398408	-0.0306124741	0.0217690679	-0.0358695699	-0.0566070511	0.045802826	0.0369668999	-0.0051497487	-0.0516010076	-0.0716841178	-0.1273996986	-0.0337052775	-0.0013662954	-0.0157332511	0.0468447039	0.0069283404	0.0163332361	-0.0422834128	-0.1109661708	-0.0381920092	-0.0429198452	0.0059355385	0.0303948652	0.0276510105	0.0934502147	-0.1018029561	-0.09167017	0.0331791909	0.0776956477	-0.0375380839	-0.0111670873	0.0388035546	-0.0301835089	-0.0311985191	-0.045458176	-0.0514683047	-0.0461770382	-0.0456839757	-0.0688242236	-0.1032186207	-0.1423428658	0.0517628619	0.0083665746	-0.0050179094	0.0143143486	0.0686500979	-0.0039434315	-0.0625752153	-0.0167716173	0.007036793	-0.0590574212	-0.0227396324	0.0675862758	0.0465102867	-0.026287092	-0.0918072805	0.0448510764	-0.1191483849	0.0669514249	0.1622550687	-0.1691983368	0.0732363125	0.0724922081	0.0968251228	-0.0226702051	0.1194403952	-0.0771451276	0.0700091459	0.0659281737	-0.0813792524	-0.0305486555	0.0692869222	0.0111972841	0.0228454377	-0.0563264589	-0.0055973174	0.1488159419	-0.0375059	0.0966739161	0.0667313135	-0.0282231861	-0.0288253552	-0.0290772486	-0.1381227713	0.0391929641	0.0643373066	0.0062183489	-0.0059199836	0.0428606985	0.0280739974	0.0100461398	0.0857974359	0.087967184	-0.0782752225	0.103330593	-0.0159503598	-0.0049469025	-0.0466837445	-0.0508956954	0.0244136715	-0.075456306	0.006638621	-0.1008409106	-0.0216428163	0.0093127875	0.1091659836	-0.0553741839	-0.00743362	0.0991390938	-0.035962041	-0.0781115689	0.0304268457	0.0063766551	-0.0149299854	0.0598532575	-0.0247886169	-0.0043542671	0.043558937	0.1043085302	-0.0699804047	0.0835088387	-0.0459060698	0.0104475945	0.0983856987	0.0798929286	-0.0271519836	-0.0283609294	0.0632613271	0.0271164294	0.0822532846	0.0415954536	0.0125818219	-0.0452568285	-0.1340808689	-0.0967932359	0.0950196262	0.00400168	-0.0471292479	0.0165171993	-0.0046072398	-0.0734970812	-0.0326408955	-0.0606966215	0.0789347034	0.0004924799	-0.0793103218	0.0	0.0834174	0.0154776999999999	0.0002395591972899	0.00695846262276	0.0421833	0.0227789	0.00051887828521	0.00177943079889	0.499597	0.202566	0.249597162409	0.041032984356	0.00589614	0.00015593	3.4764466899600004e-05	2.4314164900000096e-08	-0.00147271	-0.0008195609999999	6.716802327209999e-07	2.1688747441e-06	-0.000883351	-8.791300000000001e-05	7.80308989201e-07	7.728695569000002e-09	0.0
4815.623403940777	-4.324354158748065	18.70003889028169	23190228.76858216	9402.366402803997	-123.58317310387974	15272.800674423506	88404493.97257736	4771.281264361213	5.443270783100161	22765124.90364434	29.62919681815184	4931.281466474947	7350.277833351467	1.358093	43.180588	0.1639870999999999	0.10993	-0.037934525	-0.0490720824	0.0552657279	0.1472126312	0.0323126995	-0.0713186384	-0.0153017253	0.0997951808	-0.0846135157	-0.068163696	-0.0508308714	0.1472945329	0.0037522784	-0.0147167308	-0.1182445247	-0.0682489219	0.0799871149	0.0879680853	-0.0866927166	0.2570364367	-0.1518737919	-0.0912550849	0.0041762686	-0.0880737759	-0.0382667258	0.0658660504	0.054342559	-0.0671984661	0.1151067759	-0.0215019829	-0.0979863471	0.0829848625	0.0006555987	0.0820709552	0.0775899374	0.0032903915	-0.051035251	0.0423422589	0.0554956431	0.013107399	0.0265532337	-0.0018689253	0.1133643929	-0.0898839414	-0.031591335	-0.0564854349	0.0832001538	0.1057308348	0.0419385837	-0.0647572222	0.0074771429	0.0432563514	0.0582167299	0.0445552102	-0.0396766951	-0.0065486961	0.0401349139	0.1111387178	-0.0348066715	0.0003131599	0.0287298087	0.0410191648	0.0429450422	0.0432054256	0.0027001131	-0.0356512275	-0.0016745717	0.0245555168	-0.0200192247	0.090299612	0.0408208883	-0.0124042613	0.0003315828	0.0039708779	-0.0038721949	-0.0383470667	-0.0227736441	0.0544511367	0.0644943261	-0.0284731	-0.0239988185	-0.0510304437	0.0174789976	-0.0841338506	-0.0285872705	0.0076286311	-0.0062742975	-0.0995793543	0.0279663896	0.0536975743	-0.0774990072	-0.114958722	0.0227233097	-0.0773774993	-0.0533014108	0.1017326437	0.0562338626	0.0104403208	-0.0448559941	-0.0286982759	-0.0059491681	0.1608085318	-0.2396200335	0.0279541723	-0.0276626569	-0.0065089091	-0.0512542074	0.1294672834	-0.0231585018	0.0136343827	-0.0890410748	-0.1883049395	0.0141082759	0.0342701669	0.0193624495	-0.0199540006	-0.0770138224	-0.102343936	0.0417343481	0.0499281784	0.034158301	-0.0351414807	-0.0086850583	-0.0458308784	-0.0535978145	0.1080683996	-0.07776207	-0.0014281242	-0.0821044779	-0.0439875141	-0.0077097224	0.0305445624	-0.0383938794	0.0583075745	-0.0321295103	0.0717647009	-0.0777838476	0.0009806488	0.075719615	-0.0866238351	0.021585251	-0.0067904856	0.0310107701	-0.0200960344	0.0016616744	0.0032743753	-0.0085805204	-0.0501684173	-0.0678973248	0.0483116243	0.0337976286	-0.0005029932	-0.1122487307	-0.0600350483	0.0473631813	-0.0005054511	-0.0307431734	-0.0363458833	0.0131924346	-0.1132040118	0.0302167103	0.0253796115	-0.0181475703	-0.0311485154	-0.0294419689	-0.0224187438	-0.0286224098	-0.0744719975	0.021498711	0.0073603524	-0.0890759214	-0.0961779038	-0.1126990314	-0.0560652953	0.0622570772	0.0341143236	-0.0578901322	0.026484702	0.0078156626	-0.0166534958	0.1184741832	-0.0396025746	-0.002489238	-0.0335492447	-0.0592917311	0.0800300023	-0.0034464463	-0.0773282186	0.0	0.0845169999999999	0.0010995999999998	1.2091201599997693e-06	0.0071431232889999	-0.0231082	-0.0652915	0.00426297997225	0.0005339889072399	0.412069	-0.087528	0.169800860761	0.0076611507839999	0.00593075	3.461000000000002e-05	3.51737955625e-05	1.1978521000000014e-09	-0.00150477	-3.205999999999999e-05	1.0278435999999991e-09	2.2643327528999995e-06	-0.0007486609999999	0.0001346900000001	5.604932929208503e-07	1.8141396100026932e-08	0.0
4854.972929772477	39.34952583169979	1548.3851831796094	23570762.148823548	9525.954683805769	123.58828100177196	15274.063200972952	90743812.63792108	4791.0392799698	19.758015608586906	22954057.38221354	390.3791807891636	4948.071386431315	7502.503800424392	1.409772	44.823696	0.19522565	0.103539	-0.0402398214	-0.0207815239	0.0050772255	-0.07391771	0.0249232018	0.0882654167	-0.0060834818	0.0185918393	0.0401551116	-0.0909385018	0.0229433042	0.126912378	-0.0002991715	0.1051423864	0.1628385757	-0.0828687528	-0.0314705852	0.1508274476	0.0309863253	0.1178331997	-0.0050171865	-0.0932246896	-0.0317850128	0.0085852563	0.0253025876	0.001074129	0.0545298721	-0.0245323389	0.0644414927	0.074428026	0.0042341926	-0.0416569656	-0.009149027	0.034021038	0.0622381594	-0.0060713589	-0.0995301847	0.1373480025	-0.0785280786	-0.0297235199	0.0162640188	-0.0382046021	0.0617265005	-0.0440469345	-0.0034919028	-0.0296777925	0.0945790158	-0.0850266953	-0.0329576703	0.0385519771	0.0167552763	-0.0048054605	-0.1039974248	0.047605977	0.0442192831	0.0080336658	0.0034948985	-0.06956529	0.1304319314	-0.0864501547	0.0034228063	-0.0549288464	0.0653196695	-0.0426137429	0.0589265915	-0.0672474799	0.0307160188	-0.0198866322	0.045713313	-0.1079643434	0.0047519263	-0.0178842558	0.0327530473	0.0661335453	0.0747456781	-0.0496311553	-0.0520972122	0.068536251	0.0070820813	-0.0998619373	-0.0029539082	0.0260281896	-0.0389590029	-0.1039724002	0.0031459759	0.0317076621	-0.0072072307	4.15091e-05	-0.0529772382	0.0139012575	-0.0211930944	-0.0016074921	0.0165126007	0.1014063465	-0.1095166831	-0.1143795965	-0.0033234951	0.1333805918	-0.0059907087	-0.0688126434	0.0175242388	0.0727074267	-0.1318943416	-0.0567141176	0.0003269466	-0.0279904827	-0.0015808419	-0.0174553798	0.0445070449	0.0512263849	-0.0287289301	0.0041778681	0.0387713291	-0.036432662	-0.0192395908	0.0217346445	0.0230911284	-0.0696862514	0.1122918896	0.0738453181	-0.0850334857	-0.0904277098	-0.0082196305	-0.0487676406	-0.0582228079	0.0874214605	-0.0073913564	0.0088524351	-0.0408070798	0.0445358875	-0.1117598618	0.0160898579	0.0578072142	-0.046206883	0.1236401379	-0.0403461793	0.0077706005	0.0371364726	-0.0369128802	-0.0359912599	0.0124498695	0.0434803647	-0.1376821173	0.1023093767	0.0042648476	0.0522101376	0.0005517643	0.0712120286	0.0215351223	-0.0489692634	-0.1158228373	-0.0357477508	0.0610031481	-0.0142397858	0.0449114565	-0.0275552558	0.061552136	0.0210223227	-0.0339102598	-0.1131602497	0.0028354473	-0.0617501658	-0.0244216685	0.0098436813	0.0069366832	0.0770622496	-0.0542002841	-0.0315128978	0.0603810787	0.0093774331	-0.0108684314	-0.0201736868	-0.0640846946	-0.0162571634	-0.0343733182	0.0911919038	0.1332052444	-0.1147569342	-0.0323510194	0.0859168791	-0.0374271585	-0.0097474111	-0.0342447429	-0.0344531511	-0.057855435	0.081029928	-0.0073780714	-0.0750901786	0.0	0.0845883999999999	7.139999999999924e-05	5.097959999999892e-09	0.0071551974145599	-0.0629455	-0.0398373	0.00158701047129	0.00396213597025	0.316032	-0.096037	0.0998762250239999	0.009223105369	0.0054968	-0.00043395	3.021481024e-05	1.8831260250000057e-07	-0.00109165	0.0004131199999999	1.7066813439999994e-07	1.1916997225e-06	-0.00108719	-0.0003385290000001	1.1819820961e-06	1.1460188384106773e-07	0.0
4872.168713592201	17.195783819724056	295.6949811746837	23738027.973706685	9622.9540768126	96.99939300683218	9408.882243693884	92601245.16444424	4806.695411536419	15.65613156661857	23104320.779285263	245.1144556312704	4968.353660241043	7623.481233772345	1.274675	40.528313	0.1115681	0.0509857	-0.0775773912	0.0753086305	0.0130632722	0.0368043029	-0.10714589	0.0252966371	0.0525947572	0.0304021968	0.0949924459	-0.1016314969	0.1548613595	0.0365718678	0.0700368894	0.1439846567	0.0300591752	0.0746812302	0.1172516382	0.0934687492	0.1044178799	-0.0166836281	0.0298056219	-0.0302124664	0.0811703333	0.0585414636	-0.0436700242	0.0063089871	-0.0553535551	-0.060571708	-0.0556478681	0.058981228	-0.0313368806	0.0345494682	0.0468666404	0.1384701108	0.0085539235	-0.0013815067	0.0444267786	0.0169307922	0.0116198909	0.0862158511	0.0375079941	0.0333532683	0.011983824	0.0677082525	0.0081775514	-0.0258924075	-0.0140730689	-0.0023224226	0.0831132804	-0.0091630831	-0.013416221	0.0286375562	-0.1317945493	-0.0569183196	-0.0704395769	0.0256219499	-0.0689704588	-0.0079166659	0.0358343198	0.0044816208	-0.0057349407	0.0655799351	0.0071109882	-0.0014324087	-0.075519408	-0.0710583191	0.0973596664	0.1802421172	0.0552977745	0.0108905406	-0.0361208684	-0.0553065389	-0.0771543814	0.0396505416	0.0261474469	-0.0238918504	-0.0661270294	0.0094102791	0.1096442964	0.0115620569	-0.0868222752	-0.0307660005	0.0076586149	0.0077891178	0.0285063501	-0.0266071841	-0.0761240027	-0.0586817655	-0.0023196145	0.0235535396	-0.0135034079	0.0183511013	-0.0393465717	0.0543009451	0.0026282846	0.0010735219	0.0986735952	0.0270154597	-0.0056776785	-0.0155029709	0.0313605948	-0.009647009	0.0103440528	-0.0325217903	-0.0981583026	0.0666630646	0.0130581632	0.0685324412	0.0350808109	-0.1187467992	-0.0390109356	0.030142421	-0.0362081955	0.0654873176	0.0372784158	-0.0820116111	0.0089516229	-0.10247779	-0.0160058549	0.0534820166	0.0029818922	0.0395826028	-0.04090995	-0.0695036506	0.0420730776	-0.0708723674	0.0329333633	-0.0250042577	-0.0219027633	0.0657907284	0.0367615194	0.0812478437	0.0555602577	0.0151757702	0.0721028065	-0.0021798053	0.0819369727	0.0023680896	0.0117291021	0.0363234822	0.0744649644	0.0786390002	0.0046077267	-0.043514894	-0.0124474922	-0.0663708415	-0.0781642816	-0.0178323956	-0.0372955198	0.1485536629	-0.1067077382	-0.0529085392	0.022134165	-0.0489486646	-0.0700196535	-0.0078548361	-0.0170738196	-0.0598379231	2.68465e-05	-0.1176606643	-0.0431938073	-0.0825693664	0.088787563	-0.04869274	0.0395160893	-0.04090204	0.0642615087	0.0009874074	0.038116525	-0.0430443959	-0.0079992783	-0.1205428209	-0.0774887289	0.0050200136	-0.0338509703	-0.0317171873	0.0784430264	0.0137633415	-0.032933113	0.0160293146	0.0271588062	-0.1196331792	0.0013813571	-0.035352495	-0.0563884939	0.0819332888	-0.0112940664	-0.0726036092	0.0	0.070628	-0.0139603999999999	0.0001948927681599	0.0049883143839999	-0.0957566	-0.0328110999999999	0.0010765682832099	0.00916932644356	0.350481	0.034449	0.1228369313609999	0.001186733601	0.00560597	0.00010917	3.14268996409e-05	1.1918088900000096e-08	-0.0008586149999999	0.0002330350000001	5.4305311225046614e-08	7.372197182248282e-07	-0.0008224429999999	0.0002647470000001	6.764124882488355e-07	7.009097400905297e-08	0.0
4844.853486500771	-27.315227091429733	746.1216310563768	23472605.30565868	9567.05156711414	-55.90250969846056	3125.090590586477	91528475.68782112	4796.1444698884525	-10.550941647966283	23003001.776041582	111.32236965878948	4953.894084826561	7573.765083806007	1.156196	36.761253	0.0969998499999999	0.0672485	-0.0505228337	-0.0100597077	0.0201646696	-0.035690402	-0.080759899	0.0143083773	0.0698452237	0.0545116327	0.0616605924	-0.0741467672	0.1641043358	0.101197252	-0.0232938918	0.0443742892	-0.0352077408	0.0740416051	0.1251349569	-0.1014465408	-0.0934145363	-0.020624143	0.0373626977	0.059582247	0.0996850779	0.007664197	-0.0057657743	-0.0307238336	-0.1788269846	-0.2176440214	-0.1244160856	0.050290432	-0.0128554867	0.0177844311	-0.0079943822	-0.0371564606	0.0147682345	-0.0735755472	-0.0144979841	-0.0273167851	-0.0198802834	0.0149030507	0.0774336363	-0.0803126746	-0.0242749356	0.0031061371	-0.012563611	0.0686226749	-0.0014841498	-0.0543020208	-0.0469679683	0.0676507422	0.0676623851	0.0849049085	0.033501986	0.0449457427	-0.0104756869	0.0152610675	-0.1171299183	-0.0208041169	-0.05867505	0.1921828252	0.0553701254	-0.0515721041	0.0885270485	-0.0005173737	-0.0385993087	-0.0034464342	0.0710805789	-0.0618450234	-0.0629961482	-0.0015003204	-0.0523813227	0.0276067392	0.0225215	-0.0083832012	-0.0124227399	0.0413579355	-0.01590801	-0.102212278	-0.0247570898	0.0301226286	0.0627078723	-0.0652156299	-0.035585406	-0.0571502142	-0.0494275166	0.0300762793	-0.0661266553	0.0138777498	0.1176465906	0.0868404252	-0.0875936393	-0.1409615118	-0.0409701434	-0.0615836025	0.064256834	-0.020546189	-0.02222742	-0.0281327466	0.0027539915	-0.005174561	-0.0109790204	0.0021859252	0.0173550483	0.0110415878	-0.0069581963	-0.0264267477	0.1109339038	0.0647395525	0.0483042526	-0.2955580503	0.0372569792	0.1071943044	-0.0417634663	0.0499027079	-0.057505487	0.0580429658	0.0242117114	-0.0165812306	0.0413266356	-0.028677858	0.0246040029	-0.0098704044	-0.0403067919	-0.0304759118	-0.0338569373	-0.0462440761	-0.0554073531	-0.0155045704	0.0522875904	0.0188419219	-0.0158130292	-0.0627001457	0.0123796877	-0.1065383467	-0.0253635438	0.0232724628	-0.0833590452	0.0253716994	-0.0009843702	0.1112261747	0.0313521457	-0.0457306746	0.0036244404	-0.1340525981	0.1607327679	-0.0415656958	-0.0491518008	0.0512666402	-0.0619792441	-0.0525663999	0.0446505146	0.0108275767	0.0111164853	0.0812624613	0.0086266919	-0.0412749276	-0.0107422351	-0.0127700263	0.040780836	0.0625206501	0.0064846967	-0.0508896881	-0.0448995066	-0.1169688025	-0.0593058785	0.0888398425	-0.0692694697	0.0438222425	0.0357054701	-0.0360180205	-0.0461564276	-0.0836651887	-0.0469254303	0.0635860082	0.1153874993	-0.0322990096	-0.0947286213	-0.03130025	-0.0614911353	-0.0585947918	-0.0107580088	0.0118776453	-0.0461815164	-0.0362471574	-0.0548916848	0.0827390082	-0.0151861356	-0.0698767404	0.0	0.0697258	-0.0009021999999999	8.139648399999854e-07	0.00486168718564	-0.0337006	0.062056	0.003850947136	0.0011357304403599	0.372067	0.0215859999999999	0.1384338524889999	0.0004659553959999	0.00552838	-7.758999999999978e-05	3.05629854244e-05	6.020208099999966e-09	-0.000871164	-1.2549000000100009e-05	1.5747740100251003e-10	7.58926714896e-07	-0.000663469	0.0001589739999999	4.4019111396100005e-07	2.5272732675968213e-08	0.0
4818.096479534502	-26.757006966269728	715.9374217930067	23214053.68610276	9549.754002767317	-17.297564346823492	299.2057323324992	91197801.5133704	4802.896648689661	6.752178801208174	23067816.217994373	45.59191856348506	4962.334509843233	7558.997335606104	1.166611	37.092403	0.09568685	0.0628292	0.0114554441	0.0369837467	-0.0205529205	0.0195588096	-0.2185056002	0.0499970037	-0.0591427544	0.0268571914	-0.0005153461	-0.0530314467	0.1993899696	0.0162830731	0.0129801893	0.0785470067	0.0209143817	-0.0098340212	0.0123882412	-0.0860801059	-0.0602721244	-0.049844268	-0.0056130895	0.0915048332	0.031939445	0.0646312627	0.0624238893	0.0467887774	-0.1253662841	0.1113505253	-0.0042523514	-0.0070448654	-0.0960236483	3.23635e-05	0.0106778263	0.1129068928	0.0408471733	-0.0147859717	0.0625167512	0.0850447399	0.0004451004	0.13711885	0.1073569451	-0.0239179525	-0.0428125441	-0.1038538839	0.0265736141	0.0889012846	0.0408657234	0.0847558658	0.0760943836	0.0648394997	-0.0464219397	0.0521785867	0.0067110596	-0.0646298194	0.0552523997	-0.0088783475	0.0451341982	0.0634531601	-0.0723304072	0.0724320176	0.0555499333	-0.0470808266	-0.0355366405	-0.0072453903	-0.0029591933	-0.0614881156	0.0766074614	-0.0612633542	-0.0540952533	-0.0756617646	0.0029308445	-0.0014856562	-0.0156396196	-0.07988477	-0.0351929549	0.0990651739	-0.0422134225	0.0460888202	0.0554722242	-0.148125659	0.0178185144	0.0642956124	-0.0455168839	-0.0278417698	0.049245215	0.0370184001	0.0933666587	-0.0046084959	0.072298785	-0.0215367665	-0.0084828278	0.0350335092	0.0006058452	0.0825604538	0.0728447282	0.0196088091	-0.0921115359	0.0880609777	0.0291103735	-0.0248752736	-0.0157353632	-0.0020583086	0.0372421421	-0.0218159158	0.0100349658	0.1848999742	0.1317091986	0.0740563241	-0.1367432853	-0.0134941233	-0.0264849284	0.0097723412	0.0060684962	0.1016709063	-0.0322108028	-0.0951088503	0.0908567731	-0.0199987361	-0.0247354788	0.0920299404	0.0526585505	-0.0716468177	0.0092797655	-0.0550485538	-0.0779579482	-0.0950953385	-0.0727146801	-0.0216116732	0.029121311	0.0260873508	0.0214374198	-0.0932727938	0.0798151853	0.0714123334	-0.0498426497	-0.0043708115	0.0118051594	0.0715261201	0.055334766	-0.0624799647	-0.0524922161	-0.0916097285	0.0503970175	-0.036332794	0.0334809851	-0.0407787455	0.011480674	0.085950987	-0.0946432478	0.0051570587	0.0095773852	-0.0449860821	0.0504713619	0.0347762627	-0.0070693588	0.0599098009	-0.0302530449	0.042728235	0.1193892606	-0.0090640483	0.0383342494	-0.0196395062	-0.0577927321	0.0235098671	0.0568505256	0.0695432985	-0.0676306508	-0.0997302091	-0.0068726195	0.0190320326	0.090701014	-0.0362437679	0.040075087	0.0768199813	-0.1201797524	0.0346140452	0.0476439161	0.0393403902	-0.1214443572	0.0244404145	0.0308859899	0.0404443268	-0.0638324609	-0.0371370197	-0.0533658005	0.0834461259	-0.0190460337	-0.0669185973	0.0	0.0687878	-0.000938	8.798440000000155e-07	0.0047317614288399	-0.0240051	0.0096954999999999	9.400272024999993e-05	0.00057624482601	0.405248	0.033181	0.164225941504	0.001100978761	0.00473072	-0.00079766	2.23797117184e-05	6.362614756000006e-07	-0.00102291	-0.0001517459999999	2.3026848515999974e-08	1.0463448680999998e-06	-0.00075151	-8.804100000000007e-05	5.647672801e-07	7.751217681000013e-09	0.0
4802.197725502037	-15.89875403246424	252.7703797847979	23061102.99481694	9466.745446456109	-83.00855631120794	6890.42042087098	89619269.34799747	4793.856460233241	-9.040188456419855	22981059.761319976	81.72500732758681	4957.559164668989	7417.165362174244	1.108505	35.244926	0.07192185	0.035819	0.0809312417	-0.031193874	-0.0164266001	-0.0035913379	-0.1080708643	-0.0045893655	0.0156766443	-0.0175140931	-0.0688488275	-0.0231770613	0.1611496837	0.0554632997	-0.0128236804	0.0368174279	-0.0060802038	-0.0010131798	0.0392283416	0.0086535063	-0.0416632185	-0.0475227913	-0.0256872265	0.0500411249	0.0973337781	-0.0188086153	0.0527700709	-0.042919773	0.0142862225	0.013180127	-0.0134069337	0.0522227771	0.0648198724	0.1156533665	0.0051846369	-0.0854473571	-0.0247403206	0.0883035069	-0.105648817	0.0754457438	-0.0297210006	-0.0755885652	0.1103037619	0.0648878476	0.0870278584	-0.0638710364	0.0724262366	-0.0182946292	-0.0380568523	0.0573550147	0.0178652827	0.0211630874	-0.1309728454	0.1068684793	0.1407154905	-0.0148353891	0.0036252129	-0.0645869645	0.0305411481	-0.0870887147	-0.0090939914	-0.0282770121	-0.0649641834	0.0641046179	0.0106159284	-0.1235711856	0.0541419869	-0.0161875627	0.0491427419	-0.0304727126	-0.0008220507	0.0023889196	-0.0626563109	0.0192408278	0.1088503822	-0.0260210119	-0.0279423679	0.0776613399	0.0228493626	0.0349441624	-0.0635491502	0.0402599267	-0.0417532143	0.0458334476	-0.0826302058	0.068006053	-0.0132825203	0.0343932537	-0.0869501103	0.0190806486	-0.0170748875	-0.0432033175	-0.0755921097	0.0043036107	-0.0039375811	0.0780065836	0.0474368125	0.0504920664	0.0011685498	0.000618959	0.0114528908	-0.107968849	-0.0054350988	-0.033307911	0.0602434931	0.0496769545	-0.0693633427	0.0045309704	0.062781366	-0.0195720065	-0.0403105333	-0.0019658178	-0.041500453	0.0254511417	-0.0371724373	-0.0383517503	0.1101737341	-0.0057351478	-0.1477081273	-0.0124163439	0.0503267377	-0.080635226	0.0078042223	-0.1191599751	-0.0376387355	0.0245260174	-0.1620847687	0.0546663286	-0.0382113399	0.0314094783	-0.0126697848	0.0026753329	0.064908959	0.0402851496	0.0579165168	-0.0092285056	-0.1730249389	-0.0233810936	-0.0316079002	0.021833195	-0.1065143091	-0.0392918217	-0.0221794288	0.1141380509	0.0226803569	0.0148818002	-0.0020909751	-0.0080633018	0.0973345354	0.0828657284	0.0269653582	-0.0185129295	-0.0775754614	0.0453220775	0.0087482411	0.0842531559	0.0578235856	-0.0291752844	0.060571828	0.0514319884	0.0425781406	0.086468977	-0.0221279539	0.0935136096	0.069321723	-0.037000388	-0.006674275	0.0666170649	0.0194342838	0.0855464937	0.0573543987	0.0394432352	-0.0012555272	-0.0490180676	0.0062583333	0.0371751668	-0.0560067181	-0.0275214718	0.0507257404	0.1186664336	-0.0438995483	-0.0346978454	0.0338073356	0.002599132	-0.0957406826	-0.0380219642	-0.0518116494	0.0840537993	-0.0228655838	-0.0637389706	0.0	0.0793356999999999	0.0105478999999999	0.0001112581944099	0.0062941532944899	-0.0114166	0.0125885	0.00015847033225	0.00013033875556	0.384127	-0.021121	0.147553552129	0.000446096641	0.0050343	0.00030358	2.5344176490000003e-05	9.216081640000021e-08	-0.00107689	-5.398000000000013e-05	2.913840400000014e-09	1.1596920721000002e-06	-0.000555781	0.000195729	3.08892519961e-07	3.830984144100002e-08	0.0
4800.632494658436	-1.5652308436010571	2.449947593760077	23046072.34877048	9432.869998694609	-33.875447761500254	1147.5459610421326	88979036.41227283	4800.854289078913	6.997828845672302	23048201.9049674	48.96960855332335	4966.914999001161	7367.001533557878	1.074462	34.162537	0.0445373	0.0210417	0.1173030338	-0.0889764437	0.0709574851	-0.0180116765	-0.0934031348	-0.0549465587	-0.0519628927	-0.0463766307	-0.1279257553	-0.058287631	0.1174419097	0.0762642872	0.0851689434	0.0497039708	-0.0611200572	0.0009423613	-0.022956375	-0.1045106859	-0.0545119616	-0.0858927201	0.0430780738	0.1264377212	-0.0702221119	0.0454715843	0.057881323	-0.111216036	0.082431438	0.0506601873	0.0263491763	-0.0419779907	0.0408916572	-0.0185686343	0.0817666334	0.0223183191	0.0403376531	-0.1210698953	-0.0370041124	-0.0094783959	0.0434533607	-0.1204592205	0.0316310435	0.1288125719	-0.0011210297	0.0353211252	0.0021594058	-0.056791702	-0.0543912583	-0.0798579743	-0.0031282702	-0.0659145229	0.074217806	0.0129789433	0.1830045938	-0.0389152128	-0.0721364212	0.0924830981	-0.0450610168	-0.0171694101	-0.0663942159	0.0070339347	0.0356074463	-0.0814993511	-0.0059983661	0.097853753	-0.0018728759	0.0419259033	-0.0331306512	0.0009510498	0.0220248897	0.098474679	-0.0335587784	-0.0137475222	0.0137989343	0.0256835131	-0.0964847314	-0.0489759901	-0.0242537291	-0.0854032977	-0.0008182185	-0.0280185365	-0.0381631301	0.031705223	0.0855848293	0.075703379	0.0259503341	0.06438356	0.0229514587	-0.0679620874	-0.0198184637	-0.0732127546	0.0482377495	0.0079174188	-0.0003488766	0.057955399	0.1258083254	-0.0287545383	0.004743782	0.0693505933	-0.0098268022	-0.0486978702	-0.0397856563	-0.0823935539	0.0896143873	0.0414881955	0.0658296921	0.0847212862	0.0167862138	-0.1662853506	-0.0269172254	0.0539551493	-0.0009330605	-0.0656856503	-0.0244879557	0.0147687984	0.0886115443	0.0105720904	0.0416853116	-0.08426341	0.0156913029	-0.0018325611	0.0387623731	0.0334016178	-0.0926659076	0.1515934762	-0.0313589574	-0.0011928737	0.0368109216	0.0926030024	-0.0008426303	-0.0378113874	-0.072546066	0.0009839516	-0.1881056469	-0.0625149315	-0.1570731163	0.053370018	-0.0381556671	-0.0577231178	0.0481218928	0.1301486615	0.0253960453	0.0090300349	-0.0029554949	0.02921132	0.0589922298	0.0248727548	-0.0552794575	-0.0622803958	0.0323491069	0.0222597952	0.037170665	0.0670013997	-0.0586833996	0.0480282376	-0.0303981944	0.0145587658	-0.067369762	0.0100771737	-0.0414758146	0.0229952563	0.0726920978	-0.0683187533	0.0260258507	-0.0067489383	0.0813114095	-0.0785053155	-0.0121746835	0.0368114224	-0.0253345849	0.049634952	0.0156356006	-0.0552542702	0.1038743423	-0.0500853459	-0.0669728029	0.0491859106	0.0955225597	0.0382969295	-0.1220545173	0.0137047736	-0.0359589616	-0.0460036196	0.0102473494	-0.0389018737	-0.0502300546	0.0845613042	-0.0266366943	-0.0603483841	0.0	0.0718305	-0.0075051999999998	5.632802703999839e-05	0.00515962073025	-0.0102762	0.0011404	1.3005121600000031e-06	0.0001056002864399	0.376425	-0.0077019999999999	0.141695780625	5.93208039999998e-05	0.00481691	-0.00021739	2.32026219481e-05	4.725841210000021e-08	-0.0007621909999999	0.0003146990000001	9.903546060106298e-08	5.809351204808475e-07	-0.000587486	-3.170500000000004e-05	3.451398001960001e-07	1.005207025000002e-09	0.0
4789.92608577652	-10.706408881916104	114.62719114677203	22943391.907202374	9442.63300370942	9.763005014810917	95.31626691922308	89163318.04274237	4798.639532615248	-2.214756463665253	23026941.363977883	4.905146193347019	4964.736286267189	7347.901789243775	1.180153	37.522976	0.0609381	0.0378872	0.1401022151	0.0394057418	-0.0654846126	0.0512109962	-0.0378385044	-0.0523750977	0.0130974308	-0.0685096617	-0.1206988291	-0.0874829626	0.1460588022	-0.0402230134	-0.0104432703	0.0357460322	-0.1417601176	0.0742677018	-0.0142223744	0.0281499079	-0.0111608003	-0.0740333131	-0.0102569142	0.120993885	0.0252651388	-0.0686155164	0.0048431134	-0.05414505	-0.0573119737	-0.0032678669	-0.0041529597	0.001334912	0.0788976118	0.0509393365	-0.0433824163	-0.0673255328	0.0726057215	-0.0330682385	-0.0601876909	-0.1126856567	-0.0379404732	0.0050894635	0.0795235173	-0.0215565549	-0.0591405195	-0.0189525342	-0.0307211818	0.0207658722	-0.0379341501	-0.0288027207	-0.0009686921	-0.0092158228	0.0157479167	0.0165843035	0.0440452036	-0.0342047652	-0.0064856193	0.0903577878	-0.012020112	-0.0682619269	-0.0108211152	-0.0845232532	-0.0314230552	-0.0694696082	0.0112368173	0.0524485875	-0.0344673474	-0.049074273	0.0830985616	-0.0278942272	-0.0389090847	-0.0319386054	0.0220961386	0.0344980518	-0.0703216642	-0.0326217362	0.0300785287	0.0675117713	0.0051893233	-0.0912063132	-0.0435322824	-0.0136595693	0.0668257912	0.0623029951	-0.0147160479	-0.0747325374	-0.0141282096	-0.042640044	-0.0640283339	0.1184673178	0.0494522149	-0.0434150431	0.0111083636	0.0688983469	0.0485583936	-0.0602922523	-0.0368036238	0.0291695069	0.0440900131	0.0091699507	0.0095480242	0.1088834596	-0.0525203674	-0.0662552391	0.1125415376	0.1234160466	0.0250334751	-0.048861944	0.0373872487	-0.0147565286	-0.0593928703	-0.0593724526	0.032694107	0.0435174647	0.0471277645	-0.02304618	-0.0149659499	0.0994926716	-0.040793379	-0.0566677035	-0.0221154854	-0.0552004279	0.0506456591	-0.0509699078	-0.0560984329	-0.0090195927	-0.0073797952	-0.0297897917	0.0391965774	0.0178344594	0.0517246894	0.0041917285	0.0272914201	-0.0295813682	-0.0467047979	-0.007278017	-0.0792584642	0.0152292335	0.0259000788	0.0260493539	0.0532486471	0.0135256099	0.0355594139	0.079930538	-0.0468952557	0.0886411319	0.0302758771	-0.0711955019	-0.0324312236	0.0437588736	-0.0777864495	-0.0182248561	0.078599504	-0.0165168039	0.0923451498	-0.0160640264	-0.0060832668	0.0401090231	-0.0089557134	-0.0387804121	0.040181726	0.1155857378	-0.0270263451	-0.056788876	-0.0014821876	0.0201555631	-0.0092296096	0.1213836039	-0.0971142796	0.0145276743	-0.0155553164	-0.1119818074	0.0199885486	-0.0324386401	0.0173309317	-0.0777464234	-0.0620807993	0.0327851158	-0.01555019	-0.0426507457	0.0155464902	-0.045581991	0.0554276144	-0.0167623329	0.032355065	-0.0397766315	-0.0486218538	0.0849680357	-0.0303513764	-0.0567580599	0.0	0.0741049	0.0022743999999999	5.1728953599999815e-06	0.00549153620401	-0.0107689	-0.0004927	2.427532900000004e-07	0.0001159692072099	0.365339	-0.0110859999999999	0.133472584921	0.0001228993959999	0.00537197	0.00055506	2.88580616809e-05	3.080916036000005e-07	-0.00108106	-0.0003188690000001	1.0167743916106381e-07	1.1686907236e-06	-0.000655257	-6.7771e-05	4.2936173604900003e-07	4.592908441e-09	0.0
4779.094141396164	-10.831944380356616	117.33101905913932	22839740.81232713	9460.29479659231	17.66179288289095	311.93892783813743	89497177.63843155	4796.20642677348	-2.4331058417674285	23003596.08822324	5.920004037242787	4961.303371224533	7313.7101382259	1.109643	35.281094	0.075756894	0.037473	0.1738529063	-0.0468095237	-0.0173281147	-0.0371783674	-0.0814016221	0.0027428095	0.0728926552	-0.1047974486	-0.1280461999	-0.0270175746	0.1142920762	0.077933777	-0.0133058342	-0.020543498	-0.0122212447	0.1331291944	-0.0241917929	-0.1250117616	-0.0120556567	-0.0918819166	0.0410066289	0.1965527174	-0.0526267833	-0.0634793464	-0.0303413172	0.0895705404	0.0332591378	-0.0006487574	0.0456584997	-0.0186153681	0.0699557986	0.0190511678	-0.0346159482	0.043569058	0.0006913642	-0.0313430503	0.0254214959	-0.0305902703	0.0488280072	-0.0459638953	0.0384353927	0.0479601342	-0.0291122725	-0.0375828898	0.1014961807	-0.0261367305	-0.0362431322	0.0569246772	-0.0290186235	0.0397104898	0.0557043056	0.0241999685	-0.045761146	-0.0382226841	0.0459407191	-0.0349483891	0.0032385645	0.0057386129	-0.0498103872	-0.1004114595	0.0203774963	-0.0479379356	0.0073549344	-0.0582993202	-0.0637492513	-0.0088432084	-0.029820785	0.0419873237	0.0021091156	0.0317756568	-0.0153630489	-0.0690449074	-0.0544515848	-0.0189003655	0.151032358	0.1572082357	-0.0320900921	0.082063392	-0.0517623853	0.1126434137	-0.0607068814	-0.0158955933	0.015649436	-0.0047986988	-0.0799713391	0.0017576784	0.0225196893	0.0485535415	0.0384016599	0.0873784395	0.0017038722	-0.0428856522	0.0279470726	-0.0749873652	-0.046131468	-0.0470468	0.1238537157	0.0823628289	-0.0113047404	0.0419127732	0.0495894874	-0.1162588214	0.1215436866	0.1235068745	0.1244749524	-0.0208707314	0.0260566539	0.0492553608	0.0038860322	0.004894037	-0.0656789892	-0.0385147841	0.0994989327	0.002220294	0.0041931545	-0.0494504387	-0.0019934142	-0.0182549047	-0.0640335973	-0.0136296133	0.0332162497	0.004598427	0.0034723497	0.0864469751	-0.0406966629	-0.0347859152	-0.0011330824	0.1271513529	0.0369318617	-0.0195634168	0.0721115537	-0.0215709549	0.01990347	-0.022748421	0.070564347	0.0397975063	-0.0111345555	0.0401452779	-0.0020824042	-0.0255047718	-0.0040250623	0.0095187596	0.0664433152	0.0888474426	0.0010607578	-0.055281575	-0.032277246	0.021556836	0.0172878083	-0.0460353962	-0.0066696888	-0.0120131712	-0.0282104802	-0.0432449469	-0.0934413153	0.0544517985	0.0759241753	0.0350649366	0.0926039848	-0.0262589369	-0.1904480743	0.050266503	0.0647237793	-0.0723871931	-0.0328908186	-0.0615064379	-0.0497786492	-0.0390596238	0.0105617044	-0.0009972451	0.0562460342	0.021983073	-0.0759438219	-0.0265696534	0.0452280498	0.014285463	0.021965107	-0.093828905	0.1274961092	-0.0965601379	0.0696857402	0.0599543952	0.039224059	-0.040646122	-0.0469878988	0.0852735093	-0.0340017607	-0.0529798809	0.0	0.0799881999999999	0.0058832999999998	3.461321888999879e-05	0.0063981121392399	0.000284544	0.0110534439999999	0.0001221786242611	8.096528793600001e-08	0.34128	-0.024059	0.1164720383999999	0.000578835481	0.00478553	-0.00058644	2.2901297380899995e-05	3.439118736000007e-07	-0.00104721	3.384999999999998e-05	1.1458224999999986e-09	1.0966487841e-06	-0.000580324	7.493300000000001e-05	3.36775944976e-07	5.614954489000001e-09	0.0
4774.601709502903	-4.4924318932608	20.18194431558682	22796821.48438804	9424.985346524909	-35.309450067401485	1246.7572640623189	88830348.78220926	4793.012509549274	-3.193917224206416	22972968.91669583	10.201107235082418	4961.03476893051	7273.424861928488	1.168037	37.137733	0.099346394	0.056346	0.1969247368	0.0689168923	-0.0032715905	0.1032015445	-0.0615223461	0.0760627581	-0.0396448073	-0.106607688	-0.139999149	-0.0624453985	0.0704109082	-0.0442119495	-0.0269114162	0.1329461113	-0.0804444229	0.0662414439	-0.0501347938	0.0535684868	-0.0483156137	0.0080758112	0.0076779604	0.0160134353	0.1324838611	0.034008995	-0.0396136862	0.1007102393	-0.0669435233	-0.0135997787	0.0176317627	-0.0231960205	0.0214063778	0.0008347778	0.0255270028	-0.0038049303	0.0594586059	0.065870286	-0.1151590133	0.0342754789	0.001709174	-0.0916358003	0.0285017367	-0.0667478638	0.0757621556	-0.0807826476	-0.0632476514	-0.06226793	-0.0684535403	-0.0543981396	0.1106704377	0.083928522	0.0572830555	-0.1292531938	0.0239895924	0.0254702916	0.0418208433	0.0462559998	-0.0512645289	0.0086231074	0.0239450529	0.0238814297	-0.0856811703	-0.102605111	0.0571131764	0.0054985047	0.0526232239	-0.0401572926	0.0006680807	0.0825539347	0.0294207294	-0.0345461719	-0.0098409434	0.1050709701	-0.1267316861	0.0213435576	-0.0704180365	-0.0847775944	-0.0121162523	0.034776877	-0.0497536902	0.0527223259	0.0798506151	-0.0194618157	0.1117128308	0.0440805295	0.0400648131	-0.0557619176	-0.0053899128	0.0321700956	-0.0299447448	0.0158575546	-0.0176765105	0.005908166	0.0348564184	-0.0045275935	0.1697862083	-0.112257849	0.0441042453	-0.0546674144	-0.0116188423	0.0576151418	0.1047445598	-0.0919863976	0.0319054862	0.1196003698	-0.1244868346	0.0252414399	-0.000206593	0.1260912824	0.0275807344	-0.0218825556	0.0450584744	0.0001427533	-0.0159182895	-0.0627453576	0.0341912931	0.058888464	-0.0354010171	-0.0589006321	-0.0196217222	-0.0017998659	-0.0899627802	-0.0178420272	0.0056862126	-0.0281945256	-0.09227044	0.1457969249	0.0186459706	0.0432352773	0.0180507027	0.1043811452	-0.0053797547	-0.0843721816	-0.0760837768	0.1389919182	0.0253863472	0.0090576109	-0.0738135916	-0.0244345342	0.0509735729	0.05466366	0.013719053	0.0275828916	-0.1302722503	-0.043331153	0.0284211602	-0.0315114089	-0.0044477594	-0.0236660052	-0.0059091845	-0.0699627277	-0.0046451763	-0.0541052928	0.1159858656	-0.0532448127	-0.1071059821	0.0091611402	-0.0360289852	0.0630952287	-0.0845424129	-0.0126269285	0.0648050867	0.0091770479	-0.0378962566	0.0471921743	-0.050285307	-0.0499100322	0.1124926852	0.0524481302	-0.0178915214	-0.0654466032	0.0043463992	0.0681094412	0.0263567542	0.0220379996	0.020531099	0.0679802291	0.0305622747	0.0248931176	-0.0526963576	-0.1361329833	-0.126213629	0.009646023	0.1095013619	-0.0415102298	-0.0453290553	0.0854773608	-0.0375801141	-0.0490263519	0.0	0.0830952999999999	0.0031071	9.654070410000007e-06	0.0069048288820899	-0.0437861	-0.044070644	0.0019422216625747	0.00191722255321	0.331543	-0.0097369999999999	0.1099207608489999	9.480916899999991e-05	0.00520531	0.00041978	2.7095252196100003e-05	1.7621524840000058e-07	-0.000924277	0.0001229329999999	1.5112522488999996e-08	8.542879727290001e-07	-0.000886244	-0.00030592	7.85428427536e-07	9.35870464e-08	0.0
4779.767013669479	5.165304166575879	26.68036713324614	22846172.70496285	9412.379823821584	-12.605522703324825	158.89920262403754	88592893.94788364	4783.820468608253	-9.192040941021332	22884938.27587528	84.49361666141235	4949.300211229247	7224.563020473439	1.205424	38.32645	0.1456080619999999	0.0715181	0.2196524397	0.0154293092	-0.0082273487	-0.0635716226	0.0150132141	-0.0042861321	0.017669056	-0.1924643045	-0.1002755398	0.0817523584	0.0205665283	0.0210607435	0.0247367547	0.0633352625	-0.0040472806	0.0805493575	0.0756409093	-0.0542348878	0.0579527866	0.0805424195	0.1233426938	0.1049738652	-0.0451232568	-0.1418562127	-0.1526644219	0.0194043638	-0.072364409	0.0542772783	-0.0836180493	-0.0401947675	0.0392818467	0.0224246882	-0.1281535504	-0.0273682888	0.0410174587	0.0076996764	-0.0844862296	0.0803278657	-0.0255964836	0.0486694847	0.0476822081	0.1162868999	-0.0059927706	-0.0956933343	0.0476642384	0.0377690005	0.0011412159	-0.0049132062	-0.0172481375	0.0455510559	-0.0294550512	-0.0698918998	-0.0411490782	-0.007747622	0.0100110841	-0.0766355516	-0.0563578413	0.0097961159	0.0233256066	-0.0927599959	-0.0150714704	0.0228139855	-0.0086564518	-0.0467700298	0.0592550808	0.0923632769	0.0221829909	-0.0164438333	0.0423394191	-0.04082204	-0.0195817253	0.0301343988	-0.0776280119	0.0312902817	0.0475114071	-0.0185487407	0.0825578926	0.0494123998	0.0336281803	0.0234446922	0.0775637851	-0.0290409737	0.0226890038	-0.0553797023	-0.027287987	0.0425866911	-0.011588336	0.0330733208	-0.0173810618	0.0680091758	0.0292510202	-0.0656206257	0.0051201845	0.0655896865	0.0199243762	-0.0353245008	-0.0455780952	-0.0819555691	0.014921567	0.084102567	-0.0255289605	-0.1721918207	-0.057418157	0.1374403819	0.0377563368	-0.0805714539	-0.1103557684	0.0982959577	-0.1104884439	-0.0412425253	0.0307099666	0.0560982804	0.0446997368	0.0590679345	-0.0525830079	-0.0490063678	-0.0743745479	-0.0244838954	0.0283570571	0.0472607716	0.0508678627	-0.1452751957	-0.0221776712	0.035952422	-0.0682665608	-0.0238064581	0.0526942115	0.0377135039	0.049935938	-0.0391927422	-0.0316079154	-0.0101138436	0.0880814782	0.0539826376	0.061604007	-0.0089142539	0.0398869611	-0.0182487276	-0.0661884358	-0.0179684628	0.0390467348	-0.0030194146	-0.0135065212	0.046154689	-0.043366555	0.0506727959	0.0459275516	0.1071937095	0.0864313221	-0.0015664964	0.0282896405	-0.0140442104	0.0162130644	-0.050484209	-0.0600647485	-0.0207407163	0.0021554635	-0.0535764475	-0.0146189408	-0.0552605299	-0.0135522747	0.0459017261	-0.0950796469	0.0055838752	-0.0470035633	0.0072486357	-0.0055445347	0.0505905622	0.0881251979	-0.0148577474	-0.0095857647	0.0466328599	0.0107875279	0.0407087114	0.0911007945	0.0042998956	0.0091091551	0.0199487219	-0.0021380226	0.0240456795	-0.0458194144	0.021738423	0.0130833628	-0.0423688407	-0.0436462017	0.0855793473	-0.0410788559	-0.0449105582	0.0	0.0852953999999999	0.0022000999999999	4.840440009999984e-06	0.0072753052611599	-0.000967538	0.042818562	0.0018334292517478	9.36129781444e-07	0.283387	-0.0481559999999999	0.080308191769	0.0023190003359999	0.00456111	-0.0006442	2.08037244321e-05	4.149936400000002e-07	-0.000908575	1.5702000000000034e-05	2.4655280400000107e-10	8.25508530625e-07	-0.00127501	-0.000388766	1.6256505001e-06	1.51139002756e-07	0.0
4787.896112439573	8.12909877009406	66.08224681394476	22923949.183513973	9411.800787090684	-0.579036730900043	0.3352835357314088	88581994.05588081	4782.254433511686	-1.5660350965663383	22869957.46684218	2.452465923677541	4948.422961686269	7200.885532753989	1.187471	37.755657	0.110519088	0.0528368	0.18795116	0.0059945426	0.1558561177	-0.0093291172	0.0666356984	0.0215233481	-0.0777140218	-0.1712065708	-0.0677152314	-0.0751098777	0.0073264803	0.0074393295	0.1980307791	0.0385985646	-0.100530809	0.0174656383	0.0723187266	-0.0753817197	0.0012271085	0.1182343085	0.1216574423	0.0161411818	0.0397189721	2.1954e-06	0.0744383854	0.0640645753	-0.0184061432	-0.0028375387	0.0667150205	-0.0255822366	-0.1510744129	-0.0316393615	0.0908631202	0.0273391685	0.0626095635	0.0273709427	-0.0234563454	-0.0311320835	0.006945578	-0.1330446612	-0.1063694223	-0.0588225955	-0.0072909914	0.08957104	0.0704009692	-0.0521679988	-0.2216762916	-0.0064994429	-0.0015541695	-0.0074046551	-0.0909492117	0.028501438	0.0176850532	-0.0421855196	0.0739842704	-0.0133469141	-0.030533982	0.0095164008	-0.1002826276	-0.0295375561	0.0370342932	0.1029762298	-0.0742850686	-0.0648952585	0.041974058	0.0057819235	-0.0407808079	-0.0809760294	-0.0086712331	0.0495974459	-0.0139020009	0.0536713384	-0.1012555451	-0.0568535729	0.067787599	0.0035649847	0.1046909512	0.0594597917	0.03486464	0.104410011	-0.0604205434	0.0442449072	-0.0574769651	-0.0310327124	-0.0670983748	0.0116911651	0.0983070999	-0.0651255337	0.0349488453	-0.0816261696	-0.052770505	0.0166633351	0.0341071388	0.0850266032	0.0174929061	-0.0941435356	-0.022132915	-0.0912094485	0.0151332154	0.0761743701	-0.0234059514	-0.139950371	-0.1283032681	0.0226339479	-0.0347569299	0.0609447195	0.0603465312	0.0434877719	-0.0383119775	0.0474991703	-0.0450846929	-0.0952777784	-0.1121312309	0.0144343807	-0.0250071182	0.0918631321	0.0150936296	-0.0348841551	-0.0012690451	0.0516170676	-0.1225383078	0.1216161526	0.0240109605	0.0488729268	0.0865559874	0.0993202336	0.0667172312	0.0792887866	0.0944431707	0.0916168011	0.1849664959	0.0579439812	4.79904e-05	-0.0191730797	-0.0783868266	-0.0023993731	-0.0258560794	0.0280141864	0.0245767531	0.0365845407	-0.028402501	-0.0014267501	0.1174005829	-0.0027908356	-0.0246197667	0.020874957	0.1433953253	0.0638664659	0.0157025968	0.0099112316	0.020937463	0.1011936219	0.0070696624	-0.0281955282	-0.0359759122	0.0089738985	-0.0047774858	-0.1083080421	0.0754340888	-0.0948364893	-0.0415685803	0.1030526416	0.0545424509	0.0156930456	-0.0789725641	-0.0018349915	-0.0896795693	-0.0085170237	-0.0280123073	0.0890400187	-0.0535024571	0.0046491534	0.0318377583	0.0650282895	-0.0333397958	0.0074520723	0.0646753293	0.0458781958	0.042398342	-0.0293317154	-0.1694618437	0.0363482245	0.0105656519	-0.0432218409	-0.0419402295	0.0855793473	-0.0444905743	-0.040646122	0.0	0.083161	-0.0021343999999998	4.555663359999562e-06	0.006915751921	0.0306936	0.031661138	0.001002427659455	0.00094209708096	0.251469	-0.031918	0.063236657961	0.001018758724	0.0040034	-0.00055771	1.602721156e-05	3.110404441000004e-07	-0.000828084	8.049100000000003e-05	6.4788010810000045e-09	6.857231110559999e-07	-0.0010171	0.00025791	1.0344924099999998e-06	6.651756810000004e-08	0.0
4811.745711253924	23.84959881435134	568.8033636055088	23152896.78977053	9464.273464513168	52.47267742248368	2753.381875884029	89572472.21108808	4789.001246627912	6.746813116225894	22934532.940203696	45.51948722527776	4952.03916669541	7250.786424693518	1.32113	42.005325	0.1217393	0.0675578	0.1441380001	0.0286319084	-0.0742851807	-0.0147170217	0.0969560771	-0.0356520145	0.067514617	-0.1008974664	-0.0500528795	-0.0748647384	-0.0231383941	-0.0654998917	0.0514052248	0.1043158293	0.0006283712	0.1396549454	-0.0197789197	-0.0274358259	0.0994477613	0.0193170694	0.0609526581	0.021836018	-0.0003756984	-0.0801925016	0.0323926164	0.0783435494	0.1069898324	0.1248211576	0.0156934997	0.0182042034	0.0498142406	-0.0158639605	0.0353019465	-0.0290946903	-0.0072421385	-0.0915481052	0.0346926433	-0.0758939441	0.0620126517	0.0315981588	-0.0128188787	-0.1281744665	0.0012277287	0.0424082037	-0.0774575751	0.0293927512	0.0058935981	0.008840941	-0.0570753211	0.0906777028	-0.0031912605	0.0445905682	0.0769381456	0.0221014653	0.0369142902	-0.0465703036	-0.1210517659	-0.0643292024	0.0690680498	0.0655096959	-0.0601717983	-0.0357230568	-0.0545803908	0.0288950048	0.0817980478	-0.0232857813	0.0350198764	0.0675966198	0.0449482916	-0.0622769902	-0.0231566915	0.1015117767	0.0972657956	-0.050257107	-0.0076345074	-0.0230242839	0.0219783134	-0.0334169731	-0.1188580864	-0.0473235903	0.0072268233	-0.1567308228	0.0064607448	-0.0307433235	-0.0400646296	-0.0041951995	-0.0302805371	0.026574155	0.0153575856	0.0198949396	0.0692087273	0.0411471093	-0.0925015143	-0.0321276299	0.0019084351	-0.0828212866	0.025168781	-0.009542956	-0.0696030193	0.008950495	-0.0346952467	-0.0787523727	-0.0191493555	0.0362758457	-0.0170231815	-0.0843462465	0.031922108	0.0284456561	-0.0073603312	0.1651688221	0.0018446549	0.0137590399	0.0898195279	0.0463918883	0.0170706436	0.0100772422	0.0993246869	-0.0254306116	0.0293374209	-0.0597755891	0.0603177073	0.0917305481	0.0307908668	-0.0780112238	0.0307082055	-0.0290432208	-0.0210699683	-0.047923641	-0.0364063861	-0.0409860945	0.0632470209	-0.0790567333	0.035873001	-0.0606347102	-0.0415260715	0.031118232	-0.1032365269	0.0428031015	-0.0499126982	0.1317521052	0.0405866981	-0.0087681148	-0.1074626809	-0.0440484091	0.0145076683	0.0137292599	0.0597629268	-0.0520537005	0.057538449	0.0523448537	-0.0608478778	0.0168353531	0.1707314157	0.0489281728	0.0456175972	-0.0046436819	0.0499161884	0.0236800441	-0.000397121	0.0924840205	0.0940361228	0.0219484538	-0.046089013	-0.1235976881	0.0371006027	0.0280358481	0.0272637476	-0.0834079301	0.0238684509	-0.0380622881	-0.0038983768	0.0145127842	0.0325258881	-0.0428892158	0.0082785502	-0.0784719926	0.0050567208	-0.1052090019	0.0124667994	-0.0200744135	-0.0314302473	-0.0262958843	-0.0082617378	-0.0440691175	-0.0402120424	0.0854773608	-0.0478080418	-0.0362471574	0.0	0.0826801	-0.0004808999999999	2.3126480999999277e-07	0.00683599893601	-0.0156116	-0.0463052	0.00214417154704	0.00024372205456	0.270196	0.0187269999999999	0.073005878416	0.0003507005289999	0.00483566	0.00083226	2.33836076356e-05	6.926567076000008e-07	-0.00068829	0.0001397939999999	1.9542362435999986e-08	4.7374312410000003e-07	-0.00116957	-0.00015247	1.3678939849e-06	2.324710090000001e-08	0.0
4816.061722414867	4.316011160943162	18.627952341385942	23194450.51410966	9498.236640747657	33.963176234488856	1153.4973399349485	90216499.28364132	4798.482057249391	9.480810621478668	23025430.053744342	89.88577004034272	4963.829044255024	7346.281615982326	1.151263	36.604412	0.04555623	0.0261969	0.0977410833	0.0231770854	0.0794846675	-0.0418251603	0.0699323911	-0.0139019999	-0.0842635145	-0.1114063185	0.0217278575	-0.0349289199	0.000246972	0.0399169661	0.0367821289	0.0473277616	-0.0687414061	0.0460814444	-0.0141091171	-0.0169542111	0.0111374843	-0.028942427	0.0400436533	0.1038037585	0.0272421024	0.0448141003	-0.0393893671	-0.0619389357	-0.0177696999	-0.042356575	-0.0390950472	0.1181908977	-0.0191918803	-0.0419778316	0.0794139385	0.0991069969	0.037335341	-0.0466747437	0.1176278576	0.0587922236	-0.0186156234	0.1558106977	-0.1220312122	0.0170413314	0.0752249193	0.1376856181	-0.0170242438	0.0482733952	0.0810670787	0.0142484088	-0.0077441568	-0.0303200931	0.0363759708	0.0457567736	-0.044572363	-0.0423320864	-0.0685347157	0.0695035238	0.0786601593	-0.0220324159	-0.1698191426	0.0055544431	0.0048342698	-0.0053398421	0.0399353709	-0.0296261971	0.085879212	0.0327350825	-0.0059140812	0.0502782195	-0.0701395099	-0.0301497771	-0.0353282635	-0.0991057927	0.0416215793	0.0258632025	-0.0093733038	0.0371367222	0.1240045597	-0.0312287859	-0.1058794754	0.0103154113	0.0765387989	-0.0116445325	-0.0493174714	-0.0469153164	-0.1342150291	0.0174287705	0.0457812472	0.0343557571	-0.0103840819	-0.0310627971	-0.0100635733	-0.0508800966	-0.0587466627	0.029212232	-0.0467854	-0.0240400231	0.0259661668	0.0596222372	0.0062939157	0.0080097262	0.0584885673	-0.1109960711	0.0290448658	0.0414909667	-0.0084596878	0.0713149052	0.018820436	-0.0826625777	0.0178817344	-0.0899609375	-0.1446404437	0.0193395611	-0.0848771239	-0.0040529127	0.0689487828	-0.0616556996	0.0945946419	-0.0099601929	0.0074127286	0.1405504907	0.0768601536	0.0343431061	-0.0321270407	-0.0394930142	0.1791896553	-0.0325759954	-0.0564937283	-0.1177833447	-0.0468312928	-0.0160943817	-0.0619688988	0.0085201973	0.0238095403	-0.0688474949	0.0367380853	0.0732183909	0.0460133848	-0.0043290014	0.1051971993	0.0110705881	-0.1001831827	0.0650841951	0.048417586	-0.0108275181	0.0619019671	0.0151916224	0.0202581431	0.0512436825	0.0171729364	0.0017979446	-0.0268432164	-0.1023065092	-0.0713735089	-0.0164098005	-0.034799768	-0.0394347052	0.0117655231	-0.0495670593	-0.0032250214	0.1428130741	-0.0353959653	0.1088060075	-0.0259590218	-0.0579959824	-0.0012968785	0.0833207528	-0.1012555348	0.0110543981	0.0073000893	0.0513323552	-0.0900168248	0.0779986755	0.0007494651	-0.0293633747	0.050694045	-0.0239591481	0.0584730109	-0.0692208916	0.0160815053	0.0105032391	0.0269851508	0.0114433998	0.0460870536	-0.0449105582	-0.0384625556	0.0852735093	-0.0510242304	-0.0317282239	0.0	0.0859527	0.0032726	1.0709910760000003e-05	0.00738786663729	0.00412838	0.01973998	0.0003896668104004	1.70435214244e-05	0.274374	0.004178	0.075281091876	1.7455684000000125e-05	0.00479853	-3.713000000000067e-05	2.3025890160899995e-05	1.3786369000000496e-09	-0.0007409219999999	-5.2631999999899976e-05	2.770127423989471e-09	5.489654100838519e-07	-0.0008920189999999	0.0002775510000001	7.956978963608216e-07	7.70345576010555e-08	0.0
4806.773335144919	-9.288387269948544	86.27413807654216	23105069.895460207	9502.91282631906	4.676185571403039	21.866711498197965	90305352.1846193	4792.642183657909	-5.839873591481592	22969419.100577254	34.104123564484105	4953.094494997184	7333.364849530602	1.096271	34.855949	0.04514044	0.0220819	0.1022318302	0.0237404532	-0.0426723722	-0.0456499062	0.0201999915	-0.0123427268	0.0427774022	-0.0720128345	-0.0072680322	-0.0796228103	0.0273168145	0.0114385408	0.0118722539	0.0601977181	-0.0157336928	0.0785842471	-0.0451397844	-0.0028677625	-0.0160527419	-0.0073044227	0.0521146208	-0.0090245141	0.1645658988	0.0353330881	0.0167142022	-0.0418911372	-0.1083728552	-0.0337006386	0.0460041244	-0.010161111	0.1066792236	-0.096909118	0.0247100644	0.0309609895	0.023827543	-0.0302491234	-0.0012120554	-0.0259236373	-0.0159903006	0.084871305	0.0371393661	-0.1271185656	0.0264007605	-0.1173237236	-0.1140454258	-0.0708749268	-0.0085652235	0.0049276013	-0.1073434593	0.0690266828	0.1018540389	-0.1063635991	-0.0464543968	-0.0088629999	0.0677164536	-0.0043892578	-0.0134289391	-0.025523224	-0.0139718924	-0.0226247389	0.0033466135	0.1924407291	0.0571835387	0.0828467934	-0.1574510941	-0.001572563	-0.031846935	-0.0322193477	0.0891363811	0.0469719324	0.0818835248	0.030668465	-0.0065826069	-0.0778248095	0.1003029318	0.1151318421	-0.0322329821	-0.0573161449	-0.0149029948	-0.0196066882	-0.0501789172	-0.0062305481	-0.0188022011	-0.063939435	-0.0407420126	-0.0590027451	0.0363021003	-0.0279193644	0.0054496831	0.0625027705	0.0649215109	0.0599946112	-0.0118529157	0.0492285835	0.0238553935	0.0040115111	-0.0409267599	-0.0082326827	0.0708118569	0.0365831537	-0.0527170459	-0.0626627297	0.0004322691	0.0050135447	-0.1103313394	-0.0237811526	0.1214631386	0.0254182258	0.0104686965	-0.0994753445	0.0786354284	0.0541078236	0.1034003986	-0.105165563	0.0081719664	0.0591104059	0.1112827046	0.0129962259	-0.0020958074	0.0419424254	-0.0034652028	-0.0143663889	-0.0079142723	-0.1959290969	-0.0130010955	0.0456772328	0.0386147065	0.0458035992	0.0019932821	-0.0493746579	-0.0277830143	-0.1287441	-0.0870364682	0.0169255027	0.1325821048	-0.0449894665	0.0214841089	0.0024826948	-0.0143383483	-0.039844213	0.0312029241	0.0682020328	0.1599402384	-0.0621249769	-0.0607403824	0.0642992964	-0.1148483143	-0.0528611722	0.0056302707	0.0029816655	0.03723322	0.143687961	0.0501395151	-0.0569087472	0.0613672404	0.058772494	0.0772448606	-0.022867727	0.0772101736	0.0576160102	-0.0669506103	-0.0576355101	0.0130546329	-0.0161743889	0.0143516589	-0.0183661283	-0.0343032613	-0.1317206264	0.0086056974	-0.0342301058	0.0194037762	0.0270520005	-0.0462366418	0.0651451029	-0.0136216688	-0.0252171897	0.0427407392	0.0452340339	0.0234954425	-0.0120988262	-0.0181043749	0.0808675603	-0.0297525527	-0.0457460516	-0.0366926959	0.0849680357	-0.0541323269	-0.0271042781	0.0	0.0812926999999999	-0.0046600000000001	2.171560000000101e-05	0.0066085030732899	-0.00984571	-0.01397409	0.0001952751913281	9.69380054041e-05	0.276322	0.001948	0.076353847684	3.7947040000000207e-06	0.0045619	-0.0002366299999999	2.081093161e-05	5.599375689999992e-08	-0.000941638	-0.000200716	4.028691265604012e-08	8.866821230439999e-07	-0.00094584	-5.3821000000099976e-05	8.946133056e-07	2.8967000410107613e-09	0.0
4802.712285180197	-4.06104996472186	16.492126815967424	23066045.29422079	9472.498557715897	-30.414268603162785	925.0277346653334	89728228.92592974	4788.340502500716	-4.301681157193343	22928204.76788881	18.50446077815226	4951.769041531572	7310.3629771529295	1.052352	33.459526	0.048481676	0.0245667	0.1042098114	-0.0028167676	0.0573878861	-0.0639228888	0.0466120517	0.0017390725	-0.009302093	-0.1297674148	-0.0073999882	-0.0316428916	-0.0039124071	0.0884452091	-0.0259022094	0.0381651793	-0.0081178968	0.0364809718	-0.0349271653	0.0333946457	-0.0242840376	0.036805297	0.085173677	0.079789531	-0.1089778509	0.0978013955	0.1685676282	-0.0056796123	-0.0580699701	0.095750488	-0.0126299978	0.0109513987	-0.1361196066	-0.1463618092	-0.116614665	0.0210445227	-0.0264111034	0.0335943219	0.0817968119	0.0377662702	-0.0269181354	-0.0741335682	0.0077232255	-0.0253957224	0.0484804719	0.0166432935	0.0085799899	-0.1070920167	0.0026522302	-0.1119905936	-0.0422843431	-0.0162433587	-0.0220244799	-0.0158374638	-0.0820332998	0.053216588	-0.096487599	0.0135185513	-0.0342374112	0.0993381496	-0.0475597049	-0.0104330583	-0.0448491007	0.0320504627	-0.0190021434	0.0576029445	-0.0454623168	0.0290138171	-0.0412710496	0.0340197635	0.0244164417	0.0179521119	0.029130577	0.0220712647	-0.0810025166	-0.0049693128	0.123165329	0.0638147589	0.0598010716	-0.1536244594	-0.0161889468	0.1191584638	0.0329761995	0.0437259107	-0.0119682023	-0.1065099756	0.0894036027	-0.0252296132	-0.0567352507	-0.0284431872	-0.0037607424	0.0333439327	-0.0129920348	0.0333745797	0.0368196209	0.0642939713	-0.0428572888	-0.1021385104	0.0196114138	-0.0427671171	-0.0481381089	-0.1109150847	0.064864517	-0.1198560183	-0.045126992	0.0276964672	0.1424569074	0.1322793581	0.098913831	-0.0419371272	-0.0508036361	0.1038956321	0.0733853766	0.0416658143	-0.0917192537	-0.0735113736	-0.1801229911	-0.0684837814	0.0168604767	0.0450977414	-0.0034610323	0.0631881979	-0.0496588419	0.0918297808	-0.0213853304	-0.0408424675	-0.0230851939	0.0879819481	0.0131371724	0.0314616973	-0.0342787913	0.068132767	-0.0566356386	0.0970146153	0.0121549462	-0.0746971429	0.0406986432	-0.0166984922	0.0279509075	-0.0999242205	0.0499505445	0.0030906765	0.0285103656	-0.0188463711	0.0268288436	-0.0596883482	-0.093254624	0.0020489952	-0.0572666151	-0.043896121	0.0154624584	-0.0089866341	0.0518471262	0.0219832864	0.0039091543	-0.097749183	-0.0565036441	-0.0272181713	0.0339439482	-0.1332947268	0.0456718021	0.12393496	-0.0899364581	-0.0663596964	-0.0036480516	0.0770341678	-0.1548361007	0.0044466599	-0.0040645885	-0.0186791794	0.0188500159	-0.0571021066	0.0185827728	-0.0708266731	-0.0032556925	0.0211716519	0.0197974532	0.0139854447	0.0543501316	-0.0246886157	0.0715382107	0.031327569	-0.1019155438	-0.0199868782	-0.0934272071	-0.0465754872	-0.0349034008	0.0845613042	-0.0571257468	-0.022390624	0.0	0.0821331	0.0008404000000001	7.062721600001718e-07	0.00674584611561	-0.000633784	0.009211926	8.485958062947601e-05	4.01682158656e-07	0.266215	-0.010107	0.0708704262249999	0.000102151449	0.00468958	0.0001276799999999	2.19921605764e-05	1.630218239999995e-08	-0.000826061	0.0001155769999999	1.3358042928999991e-08	6.82376775721e-07	-0.00062265	0.00032319	3.876930225e-07	1.044517761e-07	0.0
4818.382228507497	15.669943327299734	245.54712388078545	23216807.299996868	9473.790114845386	1.291557129488865	1.668119818733517	89752699.14014214	4798.994538449258	10.654035948541605	23030348.5800658	113.5084819928168	4961.566341756634	7332.749917383855	1.164209	37.016029	0.094838966	0.0480822	0.0902976194	0.0502042798	-0.0400033958	0.0428172306	0.0440545137	0.0673087002	-0.0498331699	-0.0571327307	-0.0385640086	-0.0700524582	-0.0174272858	-0.0584861663	-0.0251309747	0.0815854956	0.0338693494	0.0942268071	-0.1299302351	0.0065188768	-0.0050280327	-0.0242550099	0.0176036377	0.0343952172	-0.0609529907	-0.1072310335	-0.0582370729	0.0171243677	0.0198479542	0.0432390502	0.0459633062	0.1093866601	-0.1227672674	-0.0756038921	-0.0236542143	-0.0006840898	0.0344248399	0.0146539187	0.0963533968	0.0304439004	0.0582640172	0.0036980683	0.0076708777	-0.0342853945	0.0455017044	0.0628579331	0.0307168168	0.063265961	-0.0637919398	0.0211188501	-0.0073910529	-0.0574929597	-0.0156088617	0.0344379021	0.0142397139	0.1121916581	0.0628274669	0.0422131922	0.0676262534	0.0619530994	0.1294828617	0.0224010985	-0.0582223647	-0.0043931641	-0.077548886	0.059870489	0.054667057	-0.0701319351	0.0298538406	-0.0062963454	0.0663838704	0.1538132552	-0.0712050543	-0.0137470495	0.0466595473	-0.0389376182	0.0644544935	-0.1093189468	-0.0174354974	-0.0324210303	0.0244041723	-0.0434266403	0.1125369934	0.0312670354	-0.0930173119	0.0781922073	-0.0520988513	0.0422373292	-0.100849739	-0.0091017071	0.0229182863	-0.0325529656	0.0357112057	0.0438419283	0.0381022892	0.0047257924	0.0192256404	-0.0326550996	0.0791478546	0.0455088278	0.0285178203	0.0466595864	0.0593147583	-0.0555359284	0.0304739848	0.0305131738	0.0260587603	-0.0532391572	-0.0804238407	-0.0070649598	-0.075708775	0.0537371588	-0.1241421302	-0.0441144841	-0.0777081903	-0.0378915621	-0.1025526788	-0.0201428342	0.0298970215	-0.0182880824	0.0053265731	0.0609374249	0.015675335	0.1096521015	0.0105142305	-0.0306911694	0.0053604232	-0.0170788667	-0.0736850562	-0.0490054284	0.0348497007	-0.0004130177	0.031892957	0.0442668204	0.0063047852	-0.0288232546	-0.0030092753	-0.0884914525	-0.1116794359	0.0190735765	0.0080978665	-0.0944692532	-0.0060694279	-0.0341800194	-0.1445448087	0.0013542518	-0.0340285039	0.0060737762	0.0187445383	-0.0774224933	-0.0413364411	0.1073047679	-0.0476781883	0.1245948648	-0.0304876974	0.0919812921	-0.0466272894	0.0320316371	0.0290089869	-0.0431968649	-0.1141993277	0.0053681692	-0.0328667819	-0.0534616929	-0.0699350208	0.0517792271	0.0616293023	0.1089216534	0.0108583638	-0.0055626502	0.0220475813	0.0506537219	-0.0022448366	-0.0294039164	0.0703692273	0.0182652869	-0.0059141139	0.041442131	0.0395415273	0.0284532386	0.1060319605	-0.0869350729	0.0508326781	-0.0110083275	0.0783053211	-0.0473987549	-0.0330956179	0.0840537993	-0.0599981489	-0.0176028627	0.0	0.0809581999999999	-0.0011749000000001	1.3803900100002434e-06	0.0065542301472399	-0.022153	-0.021519216	0.0004630766572546	0.0004907554089999	0.296506	0.030291	0.0879158080359999	0.000917544681	0.00537207	0.00068249	2.88591360849e-05	4.657926001e-07	-0.0008662729999999	-4.021199999990001e-05	1.6170049439919583e-09	7.504289105288268e-07	-0.000737025	-0.000114375	5.43205850625e-07	1.3081640625000001e-08	0.0
4811.99767931124	-6.3845491962565575	40.76246843942025	23155321.66569676	9458.559908634168	-15.230206211217592	231.95918123621087	89464355.5452216	4791.357106674346	-7.63743177491142	22957102.923678763	58.3303641164266	4953.849016179751	7350.848964032886	1.189604	37.823471	0.1121833	0.054161	0.0761628406	0.0390071056	-9.50993e-05	-0.0883850323	0.0626794535	0.0255218014	0.0423827334	-0.1131835485	0.0246775541	0.0900202877	-0.0817999708	-0.0051737893	0.0049431409	0.0070597986	0.0577421178	-0.0167345151	0.0667014489	-0.026735155	-0.0919295235	-0.034494107	0.1347014031	0.0998131093	-0.0234388373	-0.0324720366	-0.0537111149	0.146073998	-0.0138453181	0.00493529	-0.0373680708	-0.0466381403	0.0715054213	0.0236257549	0.0218595069	-0.0106077291	-0.0372076819	0.1393136124	0.0253711009	0.0018384142	-0.0123442733	0.0055416006	0.0093149014	-0.0769953711	-0.0324492684	0.1308653373	-0.0560057153	-0.0331429923	-0.0556998288	-0.0548666699	0.1065055928	-0.0947952196	0.0460002276	-0.0420592058	0.0248207205	0.1289948956	-0.0276059802	-0.0104514975	0.0710352647	0.0712825344	-0.0036302609	0.0154093658	-0.0251691457	-0.0013998436	-0.0161859973	-0.0807878266	-0.0551862112	-0.0033075147	-0.0556763979	-0.1290573223	0.1408326287	0.0222048805	-0.0473205686	0.0387461236	-0.0223400706	0.0295107977	0.0060353678	-0.0035530905	-0.0946188946	-0.0071116069	0.0457289352	-0.0002784804	-0.1034887705	-0.0065524658	0.0871907294	-0.0144158397	0.0160619815	0.0642136239	-0.0723487765	0.0863858581	0.0336939855	0.0455720176	-0.0693457302	-0.046250937	0.066653919	-0.1553697321	-0.0991115161	-0.0457686674	-0.0164822754	0.046732413	-0.0500728133	-0.0583528514	-0.008649225	-0.1410140253	0.024442746	0.0274462031	0.0478890457	-0.039825066	-0.0136667707	0.0918958457	0.0385465179	0.0069216747	-0.0139864365	0.0133269958	-0.0046074245	0.0365048793	0.0271328282	0.0133498859	-0.0169669652	0.0534402839	-0.1465534504	-0.0435187752	-0.0791550473	-0.0115655339	0.04535565	-0.0036864997	0.0073444283	-0.1017113997	-0.0491224602	-0.1355503097	-0.044659879	0.1325999278	0.0052757973	0.0879504332	-0.1112562012	0.0194949255	0.0201774514	0.0004318585	-0.0929327323	-0.1090592488	-0.0055295555	-0.0334141517	-0.0452604139	-0.0679445113	-0.0233651106	0.0100023485	-0.0510780815	-0.0231498238	-0.0052102932	0.0466146295	0.0414821838	-0.0881283144	-0.0543569767	0.1932177555	0.00025712	-0.0189793785	-0.0035427986	-0.0215176594	-0.0076303394	0.0376102839	0.00707949	-0.1293305059	0.0115206305	-0.0940290971	0.0504631141	-0.0619974957	-0.0005937297	-0.0568132803	-0.0373790463	0.1096846309	0.0378558102	-0.052454755	0.0258359009	-0.0221464985	-0.0351991292	-0.0552696095	0.0432510123	0.0679580925	-0.1130391037	-0.1529649556	0.0200528734	-0.0257737749	-0.0249528509	0.0009038297	-0.0643683724	-0.0482157459	-0.0312703049	0.0834461259	-0.062743448	-0.0127568403	0.0	0.0463486	-0.0346095999999999	0.0011978244121599	0.0021481927219599	-0.0106076	0.0115453999999999	0.00013329626116	0.00011252117776	0.274459	-0.0220469999999999	0.075327742681	0.0004860702089999	0.00496007	-0.000412	2.46022944049e-05	1.6974400000000007e-07	-0.000949264	-8.29910000001e-05	6.887506081016598e-09	9.01102141696e-07	-0.00112166	-0.000384635	1.2581211556e-06	1.4794408322500006e-07	0.0
4825.633416736628	13.63573742538756	185.93333513411497	23286737.87272522	9448.15580274956	-10.404105884608724	108.24541925814992	89267648.07303017	4795.431315166336	4.074208491990248	22996161.49847794	16.599174836205453	4960.830986241895	7338.022358510812	1.228845	39.07114	0.10062788	0.0588902	0.0398969826	-0.0196533093	0.1546753624	-0.0017475309	0.0569980815	-0.0119781087	-0.022445824	-0.0924799241	0.0085520932	0.0724247183	-0.1182205582	-0.00162433	0.0737546741	0.0220197094	-0.0714860083	-0.0699285009	-0.0937102049	-0.0495749077	-0.040662435	-0.0148735391	0.1025600336	-0.0710967213	0.0400708008	0.0369375507	-0.1288231596	-0.0516466478	0.0171194619	-0.0290026067	-0.0620763916	-0.0464823408	0.0210757603	-0.0405184171	-0.0250158827	-0.0508707118	0.0118824129	-0.0587632111	0.0007323403	0.1016379488	0.027522571	-0.0285139605	-0.0122976316	0.1256455992	-0.0649383543	0.1175083232	0.0519439222	-0.007373142	-0.0784386016	0.0253355819	-0.0361464234	-0.1187205351	-0.0903130378	-0.1004844164	0.0754133712	-0.0700641207	0.0844101537	0.0562314441	0.0199248944	0.0878339802	0.0165519209	0.0016041593	-0.0478199164	-0.0408799981	0.0015320237	0.0010958501	-0.0735226153	-0.1229666279	-0.0378594972	-0.0443429658	0.0479910374	-0.0512659575	0.0376288948	0.0201043947	-0.0002313123	-0.0224986327	0.0293025266	-0.1212958224	-0.0604706165	-0.0048966508	0.0471227143	-0.1227471044	-0.0827011641	-0.026513028	-0.027992485	-0.0561374416	0.0644512244	0.0454652176	-0.0382828714	0.0326131895	-0.0337330255	-0.0562723075	-0.0649436614	0.0835063174	-0.0650397099	-0.0822245584	-0.0382942131	0.0380589137	0.008486208	0.0348227535	0.0197376335	-0.0087778659	0.0762258187	-0.1165311983	0.0046752187	-0.0053849138	-0.1255577846	-0.0227928132	-0.1412648723	-0.0558482596	0.0463832815	-0.0185037273	0.0296394454	0.0264656287	-0.0469151523	-0.012911418	-0.0022151506	0.0264625725	-0.052479768	0.0504355829	0.0837148961	0.1129079501	-0.0543895898	0.0362223203	-0.0387445783	0.1221860802	0.0554054332	-0.1152670793	0.0495499287	0.0703636552	0.0094369391	-0.1130518864	0.022143883	0.0594814752	-0.0867339005	0.0630442326	-0.0897904298	-0.0561991473	0.0699876998	0.0294561389	0.0164405244	-0.0271158612	-0.0162762194	-0.089239028	-0.0223024866	0.0010717201	-0.0805562613	-0.0381161711	-0.0720109053	0.0179861244	-0.0494632498	-0.0757979301	-0.0804085634	0.0411966025	0.0483530788	-0.0186129285	0.0269854706	0.0133375724	-0.0012331063	-0.0509631887	-0.0284380861	-0.1286503559	0.1132842441	-0.0978442507	0.0178962576	0.0287437852	-0.0170810944	0.0376965901	0.0172394314	-0.0349060556	0.0213354784	0.0042805304	0.0164600138	-0.0224573987	-0.0262685353	-0.0715234683	-0.125163198	-0.0563742077	-0.0735710395	-0.030367219	0.0271917228	-0.0659063618	0.0951223479	0.0562564549	-0.0559169975	-0.0490263519	-0.0294284286	0.0827390082	-0.0653558284	-0.0078685961	0.0	0.0606502	0.0143016	0.00020453576256	0.00367844676004	-0.00800487	0.0026027299999999	6.774203452899996e-06	6.407794371690001e-05	0.279895	0.0054359999999999	0.078341211025	2.955009599999996e-05	0.00593834	0.00097827	3.52638819556e-05	9.570121929000014e-07	-0.000500779	0.000448485	2.01138795225e-07	2.507796068410001e-07	-0.000982664	0.0001389959999999	9.656285368960002e-07	1.9319888015999987e-08	0.0
4827.252811520711	1.6193947840829424	2.6224394667150395	23302369.70633461	9489.569571317095	41.41376856753595	1715.1002269654289	90051930.64886732	4802.060065681102	6.62875051476567	23059780.87440919	43.940333387006135	4965.4128958707	7410.424341114729	1.273484	40.490417	0.11214237	0.0757605999999999	0.0270297729	0.106853175	-0.0494435939	-0.0323051862	0.1025362928	-0.0746381622	-0.00055302	-0.0708782964	0.0471914319	0.1331173061	-0.1100212838	-0.1396740343	-0.0690908089	-0.0078230804	-0.0493510458	-0.0131935599	-0.0142123949	-0.0754399399	-0.0102834497	-0.1052818941	0.0773888638	0.0285726465	0.0702351922	0.0187733126	0.0341776167	-0.0771268397	-0.0119342162	0.0434552755	0.0041182321	0.0770482438	-0.0030428379	0.066609847	-0.0704353203	-0.0395790475	-0.0263158102	-0.0838063697	0.0023525145	0.0313215068	-0.1038646819	-0.1040603673	0.0198119149	0.0044255238	0.0598442183	0.0476809248	0.0144279131	0.0026190656	-0.0663206005	0.0092325085	0.020240941	0.0806832481	-0.042355686	-0.1048973353	-0.0149031872	0.0032449956	-0.0099272618	-0.003931142	-0.1112113278	-0.0276360404	0.0399927679	0.022138784	-0.0524342589	0.1012865833	0.0061888558	-0.0115602051	0.0335153831	-0.0115582621	0.0040617231	0.0283344735	-0.0255847396	0.0593297702	0.0655026128	-0.011466627	-0.0094513593	0.0351219125	-0.014664834	0.0943002247	0.0596694389	-0.0225592405	0.0929576082	-0.0928208224	-0.0866811596	-0.0265825266	0.0867695475	0.002083093	-0.0276516517	0.0292976922	0.0463250177	-0.0903244463	-0.0501556226	0.0353479257	-0.0798184534	-0.0544898938	-0.0095813262	-0.1525837128	0.0190737815	0.0152107622	-0.0038940895	0.0789242238	0.1602282203	-0.0010203741	-0.0910393608	-0.0784094367	0.0881851809	-0.0051655765	-0.0620760682	-0.0191576681	0.0799204305	-0.0918406697	-0.0427655106	-0.0014839729	-0.0471936774	0.1267204526	0.0652510709	0.010882369	-0.0541207446	0.0217915655	-0.0732349273	0.0353835094	0.0868548047	-0.0189173333	-0.075176708	0.0514031954	-0.1189789296	0.0492427678	0.0114222229	0.0667432328	0.021277978	0.0262756659	-0.0009074739	-0.0053088507	0.0373368399	-0.0388016714	0.0135508759	0.0451174321	0.0131030363	-0.0618865669	-0.0025062587	-0.0612533788	-0.0424375735	0.0872963105	0.0593046496	0.0378647295	-0.038764508	-0.0759049507	-0.0716670192	0.0562979276	0.0026686564	0.0260691798	-0.0106371029	0.0528970333	-0.0497970738	-0.0066053067	-0.1077831943	-0.0571998177	0.0448971574	-0.0300625714	-0.0040259735	-0.0357887132	0.1503639639	-0.0255828928	0.0324950816	-0.0395584669	-0.0225604971	-0.0153236759	0.0807792807	-0.1199697223	0.0342276442	0.0051047263	0.0193962237	0.0279632296	-0.0797158108	0.0372372212	-0.0533922129	0.0099521111	0.0366826916	0.1158113749	-0.0670397549	-0.0752717088	-0.1079606006	-0.0747039054	0.0872341466	-0.0375582502	0.0643427732	-0.0498304656	-0.0275709646	0.0819332888	-0.0678297559	-0.0029543088	0.0	0.0741416	0.0134914	0.00018201787396	0.00549697685056	0.0635789	0.0715837699999999	0.0051242361274128	0.0040422765252099	0.27974	-0.000155	0.0782544675999999	2.4025000000005038e-08	0.00569145	-0.00024689	3.23926031025e-05	6.095467210000024e-08	-0.000700067	-0.0001992879999999	3.9715706943999984e-08	4.900938044889999e-07	-0.00107473	-9.206600000000002e-05	1.1550445729e-06	8.476148356000004e-09	0.0
4833.21067810534	5.957866584629301	35.49617424024241	23359925.45895148	9528.209475430574	38.63990411347913	1493.0421898988616	90786775.807685	4809.447114552497	7.387048871394654	23130781.547677334	54.56849102837304	4970.750215576711	7418.175982027019	1.120711	35.633015	0.11155518	0.0683382	0.0171160973	-0.0039063434	0.0464313419	-0.1016543222	0.0585116938	0.0759709478	0.0833551133	-0.0916788128	0.0652443456	0.2032408563	-0.0800122677	-0.0166343345	-0.0269451765	-0.0021065183	0.0549583111	0.0642188286	-0.0749261738	-0.0162558797	-0.0472570493	-0.0501862858	0.0974412163	-0.0289520078	-0.0234828037	0.0578548588	0.0098653388	0.0913689276	-0.0019971879	-0.0794027138	0.0032707795	-0.0408401008	0.0100349671	0.033415027	-0.0588078547	-0.0426029827	-0.0669263367	0.0369474114	0.0956707667	-0.1262957936	0.0312270299	-0.0028999396	0.0293607615	0.0375243008	-0.0395823968	0.03170774	0.1033892293	-0.0305819014	0.0094697362	0.0211675089	-0.0445134342	0.0505572212	-0.0384498403	0.0139923062	0.0020251039	0.0861622759	-0.0306640921	-0.0463875988	0.0149487853	-0.0158753015	0.0209441672	-0.0300864339	-0.0033194644	0.0942595497	-0.0791795854	0.0710646398	0.0476048587	-0.0102677882	0.0107941426	-0.018799619	-0.0732161237	0.0488930844	0.0735700553	0.1169270874	-0.0074704757	-0.0146726241	0.0112271799	0.075411786	-0.0351565796	-0.0075622041	0.108794052	0.0036723779	0.081200792	-0.0220629407	0.0567201214	-0.0341379521	0.0133474442	0.077103095	0.0144849167	0.0108214271	0.0498474842	0.118403066	0.0109402247	-0.0384662672	0.1482957506	0.0433708364	0.0162951399	0.0147595052	-0.0679779097	0.0207103685	-0.0469020172	-0.1812802449	-0.1030249101	-0.0980133521	0.0356317878	-0.0385308436	0.0227981773	0.0162216163	0.000882596	0.0705435144	0.0966133943	-0.0098307116	0.0329762706	0.0030420098	0.0257338332	-0.0108287036	-0.0555953097	0.0204679053	-0.0744904656	0.0864979725	-0.0797277445	-0.0832624226	0.0266600119	0.0753379712	0.0075120124	0.008973512	0.0223275663	-0.0585396185	-0.0114657405	0.0962018127	0.0246158853	-0.0332197951	0.025560403	0.0685176657	0.1095274295	-0.0347350639	-0.0002676262	0.0054185949	-0.0649300629	-0.0602565121	-0.0175634127	-0.0182406512	0.0072586343	0.0587642836	0.0145793518	-0.0070976294	-0.0606533736	0.0487541968	0.075919374	-0.0650613489	-0.0954638631	0.0874135002	0.0984331028	0.0165885341	-0.0084156642	0.0033346117	0.0400842616	0.0110174345	-0.0204504686	0.0520893432	0.0834580672	-0.0181882477	-0.0330659118	-0.0653505559	-0.1150895421	-0.006133536	-0.0223538877	-0.022656677	-0.0488117137	-0.0121643976	0.0725375735	-0.0236627496	0.1050022115	0.0175555129	0.012153647	0.0772273386	0.0239313914	0.1049139714	-0.0500977203	0.0394651028	-0.0324004735	0.0663777042	-0.0564691518	-0.0040259668	-0.164028565	-0.0506279805	-0.0256988967	0.081029928	-0.0701599896	0.0019697566	0.0	0.0604944	-0.0136472	0.00018624606784	0.0036595724313599	0.00187807	-0.0617008299999999	0.0038069924226888	3.5271469249e-06	0.280734	0.0009939999999999	0.0788115787559999	9.8803599999999e-07	0.00595745	0.000266	3.54912105025e-05	7.075600000000032e-08	-0.000325594	0.0003744729999999	1.4023002772899996e-07	1.06011452836e-07	-0.00101094	6.378999999999998e-05	1.0219996836000002e-06	4.0691640999999985e-09	0.0
4835.921252290959	2.710574185619407	7.347212415746313	23386134.35835936	9527.064723548709	-1.1447518818658864	1.3104568710354882	90764962.24668624	4797.035398898551	-12.411715653945976	23011548.61828578	154.05068547440757	4959.463079793563	7484.871838339241	1.110193	35.298599	0.07808383	0.0336595	0.0143297711	0.1289951277	0.0315087513	-0.0089739135	-0.0088172768	0.0648169598	-0.0128373296	-0.088023978	0.0679013018	0.0819721428	-0.0586280415	-0.0942929113	-0.0686864074	0.0691801096	-0.0367248337	-0.0624512428	-0.0322467151	-0.0667012192	-0.0473362825	-0.0685669236	0.1043442928	0.0391892367	0.0765036445	0.0263571531	-0.0911923315	-0.0318207093	0.0639717392	0.0028197197	0.0045990499	-0.1392749254	-0.0824757798	-0.0528566944	0.0205762371	-0.0526286843	-0.0326543862	0.0402023941	-0.0323594223	-0.0249492483	0.0337096617	0.1596402248	0.0431006545	0.0193735284	0.0509612152	-0.0054785533	0.0356596185	-0.0325217083	-0.0560188503	-0.0113697115	-0.015053309	-0.0448035272	-0.0690523215	0.041444749	0.0383693315	-0.0451969223	-0.0455627556	0.0146652308	-0.0277641228	0.0654452289	-0.1209498811	-0.0097921773	0.0710084075	0.0517414304	0.0962211279	0.0398109163	0.1416933293	0.0506578315	0.0450143166	-0.0102664673	0.0683249368	-0.0813652243	-0.1014550395	-0.08474148	0.1242080782	0.0243974846	0.005643633	-0.018656702	-0.1095254983	-0.0169343018	-0.0100157034	0.0167108551	0.0077540031	-0.022302452	-0.0265558726	-0.0776758068	0.0372390319	-0.0750021868	0.1094583274	0.0038278705	-0.0696498761	-0.0411175336	0.0516771898	0.0793627645	-0.067002757	-0.0545703476	0.0221865837	0.072784959	-0.1007777042	-0.0509998836	0.0720452354	-0.0465631419	0.0637713996	-0.0996249535	0.04648285	-0.0190924221	-0.0957285092	0.0396967988	-0.0457791356	-0.0515138442	0.003544372	-0.0236485273	0.0408601361	-0.1579097901	-0.0756507683	0.0737754622	-0.0212620138	0.0106444229	0.0255617952	0.0462573072	-0.0327505358	-0.0429370437	0.0805862069	-0.0925186925	-0.0255183599	-0.069506928	0.011073381	-0.0513891578	-0.042913413	0.0134183599	-0.0159030896	0.0128281123	0.0015228377	0.0193776365	-0.0184644617	-0.0623575108	-0.07186053	-0.0660680963	0.0218880909	-0.0328801572	0.0467794891	0.0471805347	-0.0046019347	-0.0791756201	0.1001032813	0.0114834566	0.0222957742	0.1804304891	-0.0448525964	0.1525366003	0.051327285	0.0372274997	-0.1096098507	-0.0135819331	-0.0271275121	0.056038967	0.0233206367	-0.0691100808	0.0170507984	0.074702598	-0.0927937506	0.0309662206	-0.0464000054	-0.0323330709	0.0403386856	0.0647887282	-0.1013618195	-0.023748009	0.0383515567	-0.1458656164	-0.0473238888	-0.008114231	-0.0407634876	0.1438353321	0.0294559733	-0.0007893633	-0.0510481466	-0.0322621493	-0.1213899679	0.0030068095	-0.0904598113	0.0755686351	0.0430557238	-0.0403916658	0.0295514744	-0.0514187911	-0.0238132166	0.0800300023	-0.0723415931	0.0068873025	0.0	0.072311	0.0118166	0.00013963203556	0.005228880721	0.0176344	0.01575633	0.0002482619350689	0.00031097206336	0.266687	-0.0140469999999999	0.071121955969	0.0001973182089999	0.00566238	-0.00029507	3.20625472644e-05	8.706630490000035e-08	-0.000467358	-0.000141764	2.0097031696e-08	2.1842350016400001e-07	-0.000718496	0.000292444	5.16236502016e-07	8.552349313600008e-08	0.0
4834.083035007232	-1.8382172837273172	3.379042782193837	23368358.78934473	9506.517155697473	-20.547567851235726	422.202544601136	90373868.43157037	4792.556087625036	-4.479311273515123	22968593.853031788	20.064229485039668	4953.4430642145535	7442.668650944569	1.067849	33.952251	0.04648788	0.0233772	0.0178313404	0.0346681468	0.0398375755	-0.0977856166	0.0313208608	0.0808488204	0.0167547343	-0.0836024751	0.050322076	0.1367407984	-0.0596737637	0.0340406225	-0.007866829	0.0508719171	0.0510004243	0.0220251627	0.008981669	0.0018090652	0.0032726205	0.017326277	0.1050266296	0.0692069955	-0.0883110633	-0.0581315319	0.0982864966	0.1301791935	-0.1032689819	-0.0866105766	-0.0665804076	-0.126112372	-0.0758566007	0.0542267138	0.0003629979	-0.0024332336	0.0103014991	0.0066850275	0.0239516064	-0.0151328123	-0.0881452653	0.0297599535	-0.0683837178	0.0259568754	0.0736923263	0.1265269325	-0.0260995901	-0.0035548978	0.0315648239	0.0571684995	0.090802409	-0.0160226542	-0.036400116	-0.0366806886	0.0442075338	-0.059770729	0.0611660426	-0.0429329082	0.0310628648	0.0189882335	-0.0026640554	0.0366677548	0.0501057585	-0.0347790132	-0.0258032247	-0.0863419407	0.0377801492	-0.0601775821	-0.058096756	-0.0497263244	-0.0392436089	0.0523462943	-0.0676704375	-0.0387967898	0.0482655413	0.0308639585	-0.0678940562	-0.0282438844	-0.0791613579	0.0595163091	-0.0919346329	0.0336153637	0.0440363696	-0.0641017053	0.0279766289	-0.0206497443	-0.0375355318	-0.0665682743	-0.0427448416	0.0102414101	0.0697560282	0.0202075241	-0.0076726666	7.52521e-05	-0.0421916701	-0.0188355652	0.0110368447	-0.0145733448	-0.0709065304	0.0553263363	0.027956313	-0.0825677115	0.0009604317	-0.0971689796	-0.0328350246	-0.0303749009	0.1501899867	-0.008212506	0.0778374036	0.1413563242	-0.026923352	-0.0398431409	0.0409448227	-0.0472455212	-0.0802586426	0.0882245198	-0.0048337675	0.0604666522	-0.0860397575	0.0520497524	-0.0585210485	0.0378004741	-0.0406668065	0.0067169907	-0.0745441873	0.052892473	0.1307349827	0.0194747442	-0.0403784613	-0.0897770522	-0.0879900767	-0.0073587876	0.0271168807	0.0045382594	0.0178873917	0.0941085359	-0.0297645134	0.0282663082	0.0055103801	0.0396475409	-0.0066996544	-0.0008457951	-0.0408314106	-0.06187109	0.0152803724	0.0029206373	0.0344550339	0.0119835865	0.0836601465	-0.0338624428	-0.0410837755	-0.0747958259	-0.0697410602	0.0264124967	-0.0670118953	0.0904174875	-0.0704039456	0.0046136186	0.0240610037	0.143839618	-0.082639771	0.0131872338	0.0214797199	0.0377997982	0.0295603162	-0.052352022	-0.0110663995	0.0411772417	0.0237134158	-0.023643149	0.0055432062	-0.0658656384	-0.0640536907	0.0237500956	0.0234154997	0.0623601627	-0.0053600249	-0.011639149	-0.0303885888	-0.0752199678	-0.0003569263	0.0334573773	0.0226926438	0.049338297	0.0025501644	-0.0522027924	-0.021914923	0.0789347034	-0.0743699446	0.0117820532	0.0	0.0744988	0.0021878	4.786468840000016e-06	0.00555007120144	0.00759442	-0.01003998	0.0001008011984004	5.76752151364e-05	0.282968	0.0162809999999999	0.080070889024	0.0002650709609999	0.00569784	3.546000000000018e-05	3.24653806656e-05	1.2574116000000124e-09	-0.000534684	-6.732599999999999e-05	4.532790275999998e-09	2.85886979856e-07	-0.000975292	-0.000256796	9.51194485264e-07	6.5944185616e-08	0.0
4826.274280320283	-7.808754686949214	60.976649760951325	23292923.428881064	9445.1004997874	-61.41665591007222	3772.005623176209	89209923.45108421	4771.44277261686	-21.11331500817596	22766666.132357664	445.7720706344682	4933.001079320732	7392.97365733398	1.174991	37.358837	0.06813327	0.0393664	0.0250583936	0.0615188693	0.131922224	-0.0601098023	0.0801133132	-0.0742835003	0.064380235	-0.1310936036	0.0562962484	0.0608720911	-0.1360076789	0.0213282248	0.0164879986	0.045519149	-0.0401817876	-0.0649971086	-0.0450396475	-0.0325028264	-0.0165463848	0.0811780135	0.1507265809	0.0158204252	-0.0044648869	-0.0673767565	0.0186695771	0.010233295	-0.0530941716	0.0619688938	0.0063315846	-0.1188553284	-0.0247788685	-0.0083270371	0.0311744072	0.0011917883	0.0505851314	0.031342293	-0.0996027398	0.0398306535	-0.0567160602	0.0351463466	-0.1063176457	0.0318445847	0.0306806489	-0.1159464862	-0.011670408	-0.066364974	0.122785994	-0.0294753291	0.0668247141	-0.0001003707	0.0295111146	-0.0248410312	0.1012669635	-0.0616232711	0.0285603359	0.0204554104	0.0135004174	-0.0542086064	0.0180308277	0.053266529	-0.0201960762	0.0780765107	0.003694488	0.0899052116	-0.0719034711	0.0621912788	0.0071587337	0.0032957615	0.0139833036	0.1098234293	-0.0305480853	-0.0245182145	0.0153939055	-0.0137372616	-0.0426035558	-0.1152534744	-0.1030536142	-0.0368249846	-0.0652997316	0.1248633163	-0.0415323622	0.0228155277	-0.0303098768	0.0150480142	-0.0171510747	0.0127005315	0.1090903328	0.0428442001	-0.0460495138	-0.0681837989	-0.0314043162	-0.0861066116	-0.0222777193	-0.0335499981	-0.0901723145	0.0250967851	-0.0407979879	0.0523382924	0.009229145	0.0769046373	0.0387091195	-0.1220236113	-0.1175666901	-0.0339458599	0.0118074023	-0.0066003328	0.0262070857	0.0271534578	-0.123612092	0.0110977004	0.0504482885	-0.0538921599	0.0025521308	0.0772857202	0.0033499107	0.0431876701	0.0412150423	0.0229622129	-0.013364407	0.0389535874	-0.010328432	-0.174874908	0.0564938645	0.0317203472	0.0152431936	0.093084341	-0.0031638985	0.0186162624	-0.0539389669	-0.0190616504	-0.1132916233	-0.0141808209	-0.0565188152	0.0977631236	-0.0265826322	0.0215129804	0.0105266468	0.0511731594	-0.0241246101	0.0528095946	-0.0180243836	0.0799600912	0.0209498436	-0.0555427112	0.0151870647	0.0433665641	-0.0639934834	-0.0640158027	0.0234817088	0.0757810271	0.0718989868	0.0952166922	-0.0195168421	0.0823052233	0.0012578632	0.0319234637	-0.0052059168	0.017061063	-0.1045713725	-0.0361517284	0.0301172583	-0.024430742	0.1421706488	-0.0112192174	-0.1076729621	-0.0222769663	-0.0436854145	0.0363542211	-0.0881449515	0.1006949341	-0.0180447857	0.0618785377	-0.0221266679	-0.0794953033	0.0442403825	-0.0475065402	0.0151544838	-0.0647153194	0.0185442083	0.0099547597	0.0256552159	0.0952489855	0.0015450491	-0.0529798809	-0.0200050215	0.0777453364	-0.0762407473	0.0166378083	0.0	0.0689583	-0.0055405	3.0697140250000044e-05	0.00475524713889	0.00955399	0.00195957	3.8399145849e-06	9.12787249201e-05	0.244005	-0.038963	0.059538440025	0.0015181153689999	0.00531034	-0.0003874999999999	2.81997109156e-05	1.5015624999999986e-07	-0.000516188	1.8496000000000007e-05	3.4210201600000027e-10	2.66450051344e-07	-0.0010027	-2.7408000000000036e-05	1.00540729e-06	7.511984640000019e-10	0.0
4837.835882351781	11.561602031498296	133.67064153474553	23404656.024570435	9510.958918813312	65.85841902591164	4337.331356592561	90458339.55535448	4794.394381296553	22.95160867969298	22986217.48340796	526.7763409857582	4949.879440880243	7379.726208911543	1.28285	40.788231	0.158682	0.0678384	0.019344729	0.1702168881	0.0457706472	-0.0039290785	0.1044145149	0.0951181048	0.0261265761	-0.1118005615	0.0904276822	-0.1293680637	-0.038017849	-0.1666662395	0.1227344085	-0.0438758131	0.0490662762	-0.0813660613	0.0856835213	-0.0762710831	-0.1654233362	0.0245903689	0.1440958333	-0.060604297	0.051882822	0.0252284863	-0.0241104757	0.0943679686	-0.115911256	-0.0051252026	-0.0090158995	0.0320321329	0.0275483842	0.0831177533	0.036007942	-0.0407364302	-0.041566745	-0.0026415894	0.0226156262	-0.0747483702	0.170891995	-0.0702070406	-0.0293950833	0.0504227723	-0.1318213297	-0.0921463176	0.073644322	-0.0521393732	0.0118392582	-0.0285403327	0.0395668867	-0.0445674034	-0.06152814	0.043510848	-0.0451499438	-0.0456526297	-0.0565119655	0.0393234541	-0.0172951377	0.0697296067	-0.0398760666	0.0227048314	0.0346108522	0.0577306311	-0.0110152747	-0.0377128574	0.1004887861	0.0811212211	-0.1121546497	-0.0313496434	0.0519850944	-0.0203974329	0.0933092639	-0.0750275543	0.0942838359	0.035785845	-0.0290191145	0.1010076468	0.0109363171	0.0159710809	0.0498675494	-0.0914496772	0.0432529919	-0.0053107586	-0.042920272	0.0301012035	0.0748525789	0.0020091365	-0.0558198988	0.0775021744	-0.0032963822	-0.0343584735	0.0215750883	-0.1053682785	0.0278618659	-0.1008392731	-0.0269822905	-0.036687584	0.020864658	0.0354279773	0.0054139582	0.0306668025	-0.0374075635	-0.0880380758	-0.0911834364	-0.1624636361	-0.0499476693	0.0442028791	0.0233538421	0.1019303638	-0.0197683724	-0.0679848639	0.007305428	0.0414589658	0.0167320829	0.0232667515	0.0207130682	0.033295407	0.0540388828	-0.0143420351	-0.078461743	-0.1345067147	0.1139706273	0.0390611406	0.1746805115	0.1233882781	-0.05829322	-0.0586163412	-0.0342814295	0.0964216292	0.0034050489	0.0317801676	-0.0181737707	0.0833222817	-0.0202572686	-0.0073032495	-0.0497505271	-0.0289054526	0.0790287428	-0.0152843298	0.0514958177	-0.0020957602	-0.0053093807	-0.0599478561	0.0176906525	-0.0542560643	-0.0276882157	0.0957561809	0.066954136	0.0463609681	0.0903448993	-0.0121814291	-0.0637328712	0.0046818668	-0.1291011186	-0.0980550204	0.0907491516	-0.0042085258	-0.0241336516	0.0199883511	0.0523398466	-0.0062354087	-0.0487400016	0.0278076143	-0.0629437493	0.0100399278	0.0952078266	0.1052241787	0.0365930305	0.0521095551	0.0008842665	-0.0583118204	0.0741921879	-0.0232128289	0.0367018285	-0.0954971765	0.1063927856	-0.0018925267	0.0156041408	-0.0898388657	-0.0134375236	-0.0622268076	0.0259356346	-0.0216583454	-0.0452811628	-0.0537499534	-0.0180845237	0.0764633189	-0.077950038	0.0214384965	0.0	0.0255644	-0.0433939	0.0018830305572099	0.00065353854736	-0.0075945099999999	-0.0171484999999999	0.0002940710522499	5.767658214009848e-05	0.218158	-0.025847	0.047592912964	0.000668067409	0.00471004	-0.0006002999999999	2.2184476801600003e-05	3.603600899999998e-07	-0.000117046	0.000399142	1.59314336164e-07	1.3699766116000001e-08	-0.00144911	-0.0004464099999999	2.0999197921e-06	1.992818881e-07	0.0
4868.453474893552	30.61759254177105	937.436973053914	23701839.237203103	9531.918438633093	20.95951981978033	439.3014710757643	90857469.12075353	4799.526177321071	5.131796024518735	23035451.526790217	26.335330437266293	4958.332395215347	7441.809633665118	1.268939	40.345909	0.1575297099999999	0.0660048	-0.0608732664	0.1337473427	-0.0402058756	-0.0458730011	0.1686731115	0.1189223582	-0.0583242214	-0.0462053662	0.1335695965	0.004674294	-0.140298508	-0.1634466375	-0.0476153617	0.0365765001	0.0696247001	-0.0327327716	-0.0178782473	-0.0348936009	0.01646948	0.016508488	0.1365626282	-0.1667810209	-0.0392092079	0.0322887356	-0.1325674328	-0.008567275	-0.0090765402	0.0584726786	-0.0030174988	-0.0278132108	0.0582310441	0.0111838557	0.0690189014	0.0916109666	-0.0939282319	-0.0500350743	-0.0169929892	0.1047639833	0.0001549434	0.0892751753	-0.1173977363	-0.0760806203	-0.0658625058	-0.0411272971	0.0029103617	-0.000749797	0.0348560916	-0.080862953	-0.0422002878	0.0023336876	-0.0216260873	-0.0411395314	-0.0112488394	0.1617828256	-0.0186995121	0.0064971143	-0.0248492623	-0.035387738	0.0287404295	-0.0614114578	-0.0581409838	-0.0640586579	-0.0101238587	-0.044839415	-0.0224284693	0.1573940186	-0.0108543235	0.1018739762	-0.0318998529	-0.0308472316	0.0436393687	-0.0094355253	0.1626964698	-0.0199456889	0.0214800248	0.0285041544	0.0565086476	-0.0751667302	0.0816856503	-0.0024524113	-0.0122997379	0.094632908	-0.0101655388	0.0357180651	-0.0643950462	-0.0480289154	0.1016467549	-0.0884730555	0.0694669815	-0.1332700291	0.0676589842	0.0456493479	-0.0519457522	-0.1181023698	0.0337825994	0.007404774	-0.0340775986	-0.0086222417	-0.0384149142	-0.0043180645	0.0018549612	-0.0767072739	-0.0662001977	-0.1392839127	-0.0595139943	-0.0209252518	-0.1408161724	0.0274644717	0.0092762597	0.0011370913	0.0423430685	0.0651596771	0.1148630892	0.0670013695	0.0643042627	-0.0509867648	0.0935239303	0.0337281586	0.0956927517	0.0364774773	-0.0961618238	-0.0090304796	0.1163794607	-0.0654014318	0.0902257707	-0.0265476207	-0.0022814085	0.0044782979	0.0121152749	0.005142592	-0.1108667279	0.0332017114	0.0032202358	0.0049676072	0.0498817455	-0.0726702787	-0.0833190841	-0.0907558006	-0.0096580023	0.0413253219	0.0076521113	0.0048900274	-0.0339244156	0.0525913196	-0.0365490875	-0.0819279191	-0.0101928983	-0.0240846277	0.1789990071	0.0362325876	0.0392479267	-0.1120944397	-0.0383866592	0.0422944635	0.1420440385	-0.0230834935	-0.0075737403	-0.0046509114	0.0025626602	0.0898276214	-0.0637272149	0.0155294611	-0.014084658	0.1072815768	0.0877236173	-0.0989696434	-0.0921076261	-0.0984628523	-0.1129614301	0.0538846054	-0.0405688165	-0.0068681116	0.113350786	-0.0006742042	-0.0141079349	-0.0776689673	-0.0958177548	0.0132418233	-0.0041457759	-0.0407762548	0.0182670912	0.0024343071	0.0082463835	-0.0545129082	-0.0161544469	0.0750901786	-0.0794941956	0.0261682287	0.0	0.0566836	0.0311192	0.00096840460864	0.00321303050896	0.0346451	0.0422396099999999	0.001784184652952	0.00120028295401	0.248797	0.030639	0.0618999472089999	0.000938748321	0.00512618	0.0004161399999999	2.62777213924e-05	1.731724995999998e-07	-0.000449304	-0.000332258	1.10395378564e-07	2.01874084416e-07	-0.00112687	0.0003222399999999	1.2698359969000005e-06	1.0383861759999995e-07	0.0
4865.963259301232	-2.4902155923200557	6.201173696233924	23677598.44086947	9611.331597433136	79.41315880004368	6306.449790600954	92377695.0758166	4784.71019612568	-14.815981195391032	22893451.660909045	219.51329878218067	4945.909434966256	7597.384006673765	1.242864	39.516865	0.1967769500000001	0.102135	-0.1188261826	0.0501699886	-0.0101456243	-0.1105649076	0.0214922167	-0.0153648106	-0.0184945504	-0.0042241528	0.1489230157	0.0963590404	-0.018026802	-0.014951287	-0.0111261871	-0.014906485	-0.0173623928	-0.0243238548	-0.0206193103	-0.093962725	0.0509070773	0.0738274354	0.003959309	-0.0431589602	-0.028660587	0.0553808728	-0.0103837124	-0.0222658681	-0.0796779264	0.0217481298	-0.0198686703	-0.1077978757	-0.0013307008	-0.0432721808	-0.0248108635	-0.0278142368	-0.02477693	0.0575569613	0.0444754783	-0.0626770253	-0.0008043294	-0.1800479617	0.0742599334	0.0098970922	0.0507221678	0.0523729936	-0.1296211229	-0.0164629397	0.0115035408	-0.0286081827	0.0202293703	0.0530011416	0.0972653661	0.1007352297	-0.1094555302	0.0341111349	-0.0137365533	0.0164524956	0.1249315603	0.028572519	-0.0334461449	-0.0571525194	-0.1278346532	-0.0329475365	-0.0589376446	-0.0358128164	-0.1032170345	0.059611928	-0.057552005	-0.0183380026	0.035845387	0.0322139689	-0.0683042628	-0.0149613863	0.1622958951	0.038339588	0.0534207864	0.014220068	-0.090121396	0.0017061059	0.0962925123	0.0098005537	0.0129455841	-0.0363743132	0.0791167498	0.0555921308	-0.0417488943	-0.0853373294	-0.0015207	0.0384808331	-0.0331787997	0.0286373287	-0.0936919078	0.0718431194	0.0221931926	-0.0310658354	0.135204867	0.0504144111	0.0398334989	0.0046348021	0.0814701695	0.0651059329	0.0189932582	-0.0006090941	-0.0832176981	-0.0149574619	0.0025889596	0.0643092913	-0.0606182317	0.0170720744	-0.0272289209	-0.0288609172	0.1193551701	-0.0002077094	-0.0253369926	-0.0260360032	-0.0093685396	-0.0023532776	-0.0304083846	0.0497107441	-0.1088334561	-0.0333757456	-0.0378665039	0.1027287842	-0.0504833061	0.0650892077	-0.1165916861	0.0596145136	0.0622430096	-0.0847245067	-0.0576952441	0.0618683877	0.0163931682	-0.0587329175	-0.0311238292	-0.1272761451	0.0464269093	0.0425519027	-0.0146214675	0.0223547979	0.0609029399	-0.0267231128	-0.1121454966	0.0516146479	-0.037777123	0.0407663854	-0.1559833488	-0.1023646282	-0.0316222926	-0.0728965225	0.0579091287	-0.0454405372	0.0060161897	0.0830005263	-0.0665509125	0.0870305428	0.0797534942	-0.0652308495	-0.0081122235	0.035488504	-0.0395697517	-0.0341528406	-0.1355418813	-0.0649689855	-0.0527606949	-0.0547183692	0.0300954666	-0.0549193249	0.0105018626	0.0264192984	-0.0446670478	-0.0894954768	-0.019763862	0.058129274	-0.0993777187	0.045501476	-0.0815418953	0.0353005624	-0.0163646546	0.0638940042	-0.0855787082	-0.1145629688	0.0237283267	-0.0072383845	0.0739611352	-0.0552686441	-0.0142158133	0.0736275519	-0.0808699489	0.0308113507	0.0	0.0751068	0.0184232	0.00033941429824	0.00564103140624	0.08534	0.0506949	0.00256997288601	0.0072829156	0.334199	0.085402	0.111688971601	0.007293501604	0.00531748	0.0001913	2.82755935504e-05	3.6595690000000066e-08	-0.000783184	-0.00033388	1.1147585440000004e-07	6.133771778560001e-07	-0.000806913	0.000319957	6.51108589569e-07	1.0237248184900005e-07	0.0
4835.657564203154	-30.305695098078104	918.4351553776752	23383584.07823518	9527.70142536072	-83.63017207241683	6994.005680862048	90777094.45082068	4791.090969146891	6.380773021211098	22954552.674640898	40.71426434821541	4946.954546009819	7557.969603401487	1.186763	37.733147	0.0953092499999999	0.0474444	-0.1089779895	-0.0534860029	0.0098898991	-0.0763818688	-0.0658845769	0.0840117654	0.0301227612	0.0633755013	0.0504634551	0.0286733207	0.013936573	0.0564911582	-0.0276973195	-0.1022604504	0.1366306508	0.0096769509	-0.0236066841	0.0235957739	-0.0145040268	0.0415548346	-0.0662374265	-0.0879280653	0.0367653707	0.1305599341	-0.015431798	-0.0178857105	0.0427735965	0.0038710951	0.0303772742	-0.0079279341	0.0431772873	-0.0236485896	-0.0037647589	-0.0501045919	-0.0874473725	-0.033735731	0.0884763169	-0.0833191567	-0.0228079658	0.0463051739	-0.0737562305	0.042966973	0.0396158937	0.0541724255	0.0171220862	-0.0523582607	-0.0666131981	-0.0597249092	0.0423753113	0.0606939488	0.0254200671	0.0389035434	-0.0608853397	-0.0741630991	-0.0095119414	-0.0797930163	0.0564609174	-0.0016753392	-0.1363239619	0.0849428292	0.003666255	-0.028702995	-0.0445902524	0.0145624426	0.049568689	-0.0054856702	0.0645060016	-0.0133195584	0.093602119	-0.0026677942	0.0290777023	0.0966456694	-0.0983483867	-0.0363731156	-0.0709912586	-0.1308145324	0.0153349199	-0.0342949358	0.0205884917	-0.0042334477	-0.0099013714	-0.0163872549	-0.032409675	-0.0066909806	0.0342341838	0.0458980724	0.0395916102	0.0432903755	0.0588883087	0.0109314663	0.0075176942	0.04537006	-0.0056325269	0.0396628284	-0.0356328209	-0.0043133749	-0.0256569879	-0.0397376377	-0.0067491713	0.0159828749	0.0734219622	0.0834682465	-0.0421296341	-0.053506915	-0.0406141609	0.0983203662	-0.0268293796	-0.0061185054	0.0899212859	0.004200493	0.0326375449	-0.0084982556	0.0189257411	-0.0795148569	0.0434874846	-0.0731287073	0.0137729417	0.1004617766	-0.0056396451	-0.0667556743	0.1036122891	0.0399248697	-0.0580965528	-0.0036440036	0.0908579977	0.0302712917	0.0774893257	0.0189407736	0.0174415504	0.1024664103	0.0530929213	0.00206026	0.0219117568	-0.0273580656	0.0409289482	0.0884634526	0.0191096662	0.0168198849	-0.0198210816	0.072381594	-0.131291657	-0.0184279877	0.0471712283	-0.0638620514	0.0433536601	-0.038308602	0.0357029051	0.0505251089	-0.0319056331	0.0456998976	0.017109064	0.0565876856	0.0688876966	-0.0554655413	-0.0353849048	0.0111883524	-0.0582108944	-0.0400769773	-0.0785195858	-0.0077751471	0.1405525398	-0.0449301642	-0.006160635	0.0780512913	-0.0483905844	-0.0041397888	0.0300059863	-0.0238042555	0.0061940395	0.032243694	0.0509580777	0.0397753555	0.0623035472	0.0620311281	-0.0348151151	-0.0559996496	-0.0440277642	-0.0070032004	0.1186111034	0.0198252935	-0.0383058765	0.0389064939	-0.0145474861	-0.056017061	-0.0122696499	0.0720771819	-0.0820743834	0.035352495	0.0	0.0725593999999999	-0.0025474000000001	6.489246760000522e-06	0.0052648665283599	0.0587478	-0.0265921999999999	0.0007071451008399	0.00345130400484	0.354695	0.0204959999999999	0.125808543025	0.0004200860159999	0.0054287	0.0001112199999999	2.947078369e-05	1.23698883999999e-08	-0.00137614	-0.000592956	3.515968179360001e-07	1.8937612996000003e-06	-0.00101621	-0.000209297	1.0326827641e-06	4.3805234209e-08	0.0
4846.931952851232	11.274388648078457	127.11183938792036	23492749.35557026	9468.02772908918	-59.673696271538574	3560.950026707837	89643549.07880163	4804.160271139706	13.069301992814871	23079955.910797138	170.80665457939477	4961.4734391527545	7395.808086052226	1.317223	41.8811	0.16683795	0.101303	-0.0715299557	0.0375433409	0.098938733	0.0745566458	0.0759931559	-0.0497123556	0.0414334084	0.0389087034	0.0522951247	-0.0198435228	-0.0662018768	0.0449143281	0.1163417976	0.0184510128	-0.0424347687	-0.0198072227	0.0285838993	0.1628079365	-0.1201866332	8.95884e-05	-0.0078261214	-0.1314004232	0.1102829424	0.0026534255	-0.0168731047	0.0088313694	0.1053419423	0.0689137131	0.0632630457	-0.0978434016	-0.1171446251	0.0480765187	0.0532249986	-0.0228758304	0.0226039299	0.0050311196	-0.0192699842	-0.1057305223	0.0538779634	0.0226593253	-0.0111813647	0.0082227736	0.0463305769	0.096836963	0.0615122296	-0.0090785695	-0.0129013612	0.0527423184	0.0898374809	0.0745168079	0.0095383505	0.0316906644	-0.0130711176	-0.020786656	-0.0399642395	-0.0083977748	-0.0410702804	0.0443138125	0.0484717203	0.0565129026	0.0250761672	-0.0026534648	0.0612912307	0.021788833	-0.0688532701	-0.0301166096	0.0588936781	-0.0635595384	0.1262299364	-0.0244799615	0.0921381539	-0.0963513679	0.0671159254	0.0413523115	0.0068332355	0.0297659425	0.0156382402	-0.0353966635	-0.0977649655	-0.0479348961	0.0040089062	0.1026316021	-0.0341822977	-0.0425170603	0.0050162265	-0.0226241269	0.024257425	0.1179256741	0.0402576687	0.0598431631	-0.0543683826	0.0029955434	0.0822259867	0.1885321609	-0.0751554711	-0.0369661153	0.0048073299	0.0203128269	-0.0073339047	0.1246514258	0.12530515	0.0653043581	-0.0227362365	-0.1158800674	-0.1618117149	0.0025791888	-0.0288711112	-0.0381383541	-0.005410571	0.0881038042	0.0103247437	-0.1518158724	-0.0310256325	0.0738491628	0.0061853852	0.0497243344	-0.0032336169	-0.025134363	-0.0756427188	-0.0726187468	0.04065509	0.0181968769	-0.005609295	0.0479556133	0.0681742359	0.0071166333	-0.0313962755	0.0154093777	-0.0809793498	0.0870645627	0.0710775867	-0.060836864	0.052229786	0.0277683634	0.0178976038	-0.0255265947	-0.0031235114	0.002946618	-0.05898467	-0.0002331241	0.0618714335	-0.0447591818	-0.0150317145	-0.0431480495	0.032190659	-0.0164158721	-0.1468405565	0.0889772234	-0.0454940274	-0.0017008054	-0.0389582872	0.0635503842	-0.0318504277	-0.0841393826	0.0589767258	0.0190173893	0.0676722189	0.0005707688	-0.0543315734	0.0662431634	0.014316459	-0.0199672142	0.0028354323	0.0073354295	-0.0360130888	0.0788261014	-0.0978033438	0.0728549266	0.0093524003	-0.0484746998	0.0948292291	0.0418723351	-0.1155135666	0.026666502	-0.0304925378	0.058656336	0.1189199575	-0.0089214909	0.121615259	0.0901813583	-0.0729308837	0.0378549415	0.1627643529	-0.0567580599	-0.0103169874	0.0704409161	-0.0831049477	0.0397766315	0.0	0.0816768999999999	0.0091175	8.312880625000001e-05	0.0066711159936099	-0.0301307	-0.0888785	0.00789938776225	0.00090785908249	0.346251	-0.008444	0.1198897550009999	7.130113600000012e-05	0.00594772	0.00051902	3.53753731984e-05	2.693817604000003e-07	-0.000957525	0.000418615	1.7523851822500009e-07	9.16854125625e-07	-0.0007458859999999	0.0002703240000001	5.563459249958508e-07	7.307506497605408e-08	0.0
4862.624190398758	15.69223754752602	246.24631924798544	23645114.01705118	9590.337800240402	122.31007115122156	14959.75350501688	91974579.12271991	4804.788863867635	0.6285927279286625	23085996.02634644	0.3951288176047975	4961.826972203539	7567.04608099211	1.260165	40.066944	0.04797365	0.0220842	-0.0923149766	-0.0250737327	-0.0265407417	-0.071189265	-0.0354150484	0.06359237	0.018067603	0.0427595817	0.1032372754	-0.0078170874	0.06936	0.0434952467	-0.0070380612	0.0368046364	0.0352119296	0.0057238419	-0.0529534845	0.055357027	-0.016798777	-0.0618343931	0.0145803932	-0.0194366445	-0.1600531042	0.0474511881	-0.0383757909	-0.0074866639	-0.0030398299	0.0546249587	0.0850272988	0.0834309956	0.1265226617	-0.0039505707	0.0077470167	0.0703417822	0.1060707169	-0.104081199	0.0031239339	0.0413003004	0.0058805116	-0.0597832536	0.0808104079	-0.1645256382	0.0194234423	0.0484203289	-0.0359349289	0.0356442765	-0.0849780947	0.0150671869	0.0323314168	-0.0452551649	0.0189950836	0.0778993843	0.0046436597	-0.0385070562	-0.0399992757	-0.0166963543	-0.0432809738	-0.0658129551	0.037451715	-0.0026862487	0.0070860268	-0.0033957486	0.0369288917	0.0507656404	-0.0098728741	0.0724039359	-0.0639200588	-0.043005175	0.0539113731	-0.0290159159	0.0347902332	-0.0460322346	0.0286022892	0.0134967429	-0.0415858611	-0.0029634917	0.0296453208	-0.0197615036	-0.0058938808	-0.0392914586	0.0314618549	-0.0708732435	-0.0016969756	0.1103292037	0.1303188831	0.0891906183	-0.0943246073	-0.0919209885	0.004483065	0.0595364656	-0.2021960878	0.0121544354	-0.1072475275	0.0441404713	0.1053417261	0.0671040279	-0.0258221754	-0.0029241657	-0.013837123	-0.0415652874	0.0455249181	0.0229193661	0.0341978245	-0.0830478721	0.1154442938	0.042499353	-0.0649436687	-0.0382535715	0.0061642206	0.0516869855	-0.0474253543	0.0876527094	0.1655317986	-0.04312364	0.0373734846	0.0523005023	0.080216919	-0.1304529695	0.0163384309	0.0751158855	-0.0248277497	0.034396099	-0.0458497225	-0.0126718411	-0.0480070077	-0.020790319	-0.0998513526	-0.0706369874	0.0147784712	0.0724454765	0.1085668892	-0.0329530104	-0.1037230629	-0.0816874089	-0.0438835524	-0.0195531605	0.0342493494	0.0246572469	-0.0371065596	0.0474400319	0.0427957491	-0.0121472557	-0.0208064244	0.0217846701	0.0050075368	0.087693205	-0.0447593207	0.0091230575	0.0727914734	-0.0453439691	0.0090609252	0.027436712	-0.0514129589	-0.0294775179	0.0593527297	0.0194174666	-0.0436549607	-0.0308995872	-0.0026865323	0.0481004586	0.0599444141	-0.0314508414	-0.0834616108	-0.07165121	-0.0222870905	0.0124774839	0.1628258201	0.1279727151	0.0265855705	0.0606070258	-0.0099963491	-0.1625031544	-0.0633659449	0.0917547969	-0.0544412845	-0.0394325063	-0.0338704077	0.0712919405	-0.1416205087	-0.0230505513	0.0129367658	0.0015285243	0.0072521774	-0.0574915426	-0.0083588602	0.0687207046	-0.0839594584	0.0440691175	0.0	0.0776704	-0.0040064999999998	1.6052042249999192e-05	0.00603269103616	-0.0326024	-0.0024716999999999	6.1093008899999845e-06	0.0010629164857599	0.353569	0.007318	0.125011037761	5.355312400000069e-05	0.00611068	0.00016296	3.73404100624e-05	2.6555961600000064e-08	-0.000659144	0.000298381	8.9031221161e-08	4.3447081273599993e-07	-0.000968094	-0.000222208	9.37205992836e-07	4.937639526404442e-08	0.0
4835.276260122336	-27.34793027642263	747.9092904040735	23379896.51170264	9489.574808075096	-100.76299216530606	10153.18059010553	90052030.0380535	4781.076308213271	-23.712555654364223	22858690.66495824	562.2852956613207	4943.196284571319	7533.664269446638	1.186326	37.719246	0.16169645	0.0750423999999999	-0.0683770093	0.000148299	0.1057445549	-0.0672413741	-0.0162657955	-0.1044581097	-0.0878906644	-0.0205943572	0.0653919885	0.0339755761	-0.0190356973	0.1696311519	0.0129494904	0.0061153482	-0.0594708141	-0.1673430357	-0.0085179078	0.0975838046	0.0175127414	0.0857635004	0.0113754301	-0.0747525586	0.0747549879	-0.1135927827	-0.0199895629	0.0280995142	0.0215746928	0.0909552181	-0.0524292979	0.0302565738	-0.0751015298	-0.141501882	0.0496040997	-0.0359433955	-0.024621381	0.1142116123	0.0854236783	0.0350904402	0.0045787607	0.1106994147	-0.0147465505	0.1240553364	0.0044454156	-0.017438011	0.0217901948	-0.0048638651	-0.0118324279	-0.0405214794	0.0020831589	-0.0188020954	0.1081474196	-0.0396485885	0.0551180092	-0.1865104717	0.008208997	-0.0777106277	-0.0162890995	0.0018132047	0.0197499627	-0.0825794156	-0.0443574751	0.0713814902	-0.0425788604	-0.0238593943	0.0104689411	0.0462284361	0.0032488703	0.075611142	0.0558413036	-0.009361868	0.0749015939	0.0400125628	-0.0557862026	0.0288869882	-0.0247565095	0.0415578241	0.0388582232	0.0454556737	-0.0529007269	0.0932670468	0.0251799595	0.0450166879	0.1080151828	0.081103411	0.0086192881	-0.0053059758	-0.0270735379	0.0634284351	-0.0234738692	0.0934204078	-0.0023663254	0.0443633229	-0.0152705043	-0.0037041637	0.0012073212	0.1762315338	-0.0171411071	-0.0123894938	0.0902036248	-0.0250348617	-0.0295886275	-0.0145848296	-0.0989627573	-0.0230122551	-0.103695985	-0.0497360346	-0.0689255151	0.0344075164	-0.097398754	0.0904362684	-0.062209405	-0.0493638402	-0.2093460608	-0.0511099553	-0.0049767319	-0.0702779642	0.0581377302	0.1020368597	-0.0495334423	0.0474353552	0.0735927498	-0.0372185826	-0.0140431301	-0.0453769723	0.0024134748	-0.0458075377	0.0762988447	0.0265814266	0.0589742127	-0.020576665	-0.0485978751	-0.015334131	-0.0539567226	0.0526220041	0.0255817903	0.1199655091	0.0882611253	0.0746701947	-0.097644033	0.0021557946	0.0773367436	0.0362957322	0.0522360005	0.0072309617	-0.0597261394	0.0072156666	0.011288872	-0.0172084154	0.0454349901	0.0526220362	0.005589043	-0.0029994667	0.0419922885	-0.1068274249	-0.0277307103	0.0381486398	0.0546428747	0.0804360368	-0.0087971123	0.055329422	-0.0143534451	0.0613136548	0.0143397693	0.0066472519	-0.0290323382	-0.0977047447	0.0626023423	0.1487094288	0.006779416	-0.0311925922	0.0496674023	0.0742906692	-0.0220195155	0.0901617699	-0.0245380823	0.0313070898	-0.0735110921	0.043845505	-0.071173818	0.0772761855	0.110016972	-0.0584640346	0.0061523522	-0.058217412	-0.0063963055	0.0669185973	-0.0846361055	0.0482157459	0.0	0.079489	0.0018186	3.307305960000013e-06	0.006318501121	0.0164348	0.0490371999999999	0.00240464698384	0.00027010265104	0.311535	-0.042034	0.097054056225	0.001766857156	0.00547648	-0.0006342	2.99918331904e-05	4.022096400000007e-07	-0.00105393	-0.000394786	1.5585598579600005e-07	1.1107684449e-06	-0.000620947	0.000347147	3.855751768089999e-07	1.20511039609e-07	0.0
4835.838712730125	0.562452607789055	0.3163529360087085	23385336.05553935	9498.337207410894	8.762399335797454	76.77964211998366	90218409.70568618	4795.9060110816345	14.82970286836371	23000714.467128955	219.9200871639549	4952.4212349168165	7473.892926357938	1.209693	38.462196	0.0657624	0.0330996	-0.0346091605	0.0512836033	-0.0646346582	0.0205508285	0.0344726704	-0.020079912	-0.0290626538	0.0310237408	0.0112651823	-0.0727960647	-0.0413141431	-0.0319394486	-0.053598932	-0.0068353496	-0.0320319317	-0.0170592949	-0.0822447104	0.1026031531	0.0076531157	0.0580760164	-0.0110039879	-0.0687976345	0.0133805021	0.0217900225	-0.0025972506	-0.0070900316	0.0738151676	0.0496672036	0.0057025563	0.0257096711	0.0080814994	0.0541228698	-0.0333772675	-0.0647076499	-0.0109164237	-0.0113998207	0.0099217248	-0.099037527	-0.0783866864	0.0030552632	-0.0971861755	-0.1287451885	0.093196934	-0.0809891839	-0.0063495965	0.063797325	0.0407370518	0.0971593312	-0.0326462201	-0.0422218089	0.0212234066	0.0240796583	0.0368872792	0.0089006824	-0.1031357287	0.0674403732	0.0248330059	-0.0008553919	0.0157736826	0.1073629515	-0.0136656248	-0.0144087623	-0.0621104047	-0.1046746464	0.0326655063	-0.0300398922	0.047904382	0.0032098108	-0.0248014413	0.0105191629	-0.0827427529	-0.0221685372	0.0023098202	-0.0508215632	-0.0406931648	0.072160206	0.0800270684	0.1110579943	0.0065500156	0.019132147	-0.0185598766	-0.0050564245	0.1166936736	-0.0181401219	0.0588463034	0.1361514293	-0.020321581	0.0890143176	-0.0120220547	0.0607879421	0.0231195852	0.031478394	-0.0137689808	-0.029534375	-0.027926098	-0.1026883913	0.0989574683	-0.039960533	-0.0222335094	-0.0085795367	0.0723812129	0.0659038766	-0.0685612802	-0.0545537432	-0.0312090193	-0.0290746739	-0.0004977768	-0.0447754473	0.0417801272	0.064657639	-0.0088069246	0.0328132649	0.070183851	0.0300678057	-0.0258132624	0.0149316134	0.0142730264	0.0534381351	-0.0189036335	-0.0975095576	0.055954083	-0.0562527926	0.0117654823	-0.0248782275	0.0503296778	0.1417037031	-0.1267107711	-0.1251724405	0.0308118243	-0.0487265097	0.0439623639	-0.0280303989	-0.0250504364	-0.0424702194	-0.0225765921	0.0050562313	0.0231247073	-0.0616683422	0.0272985414	-0.0359359897	0.0111139892	0.0105146488	-0.0312028217	-0.0653605591	0.0521472586	-0.0914657084	0.0767085832	0.0324745995	-0.0200770408	0.0382624553	-0.0445100049	-0.0146378166	0.007776096	0.0791557581	-0.0539181066	0.0151846601	-0.0342661048	-0.0081227342	0.077846233	-0.0204907825	0.0069504183	0.119324942	-0.0442613407	0.0078584718	-0.0550353951	-0.0879317617	0.0305659777	0.0642353503	0.1345263976	-0.0331213248	0.0908313443	0.051553572	0.0149885397	-0.0269640653	0.0008952649	0.0112281643	0.0096085258	-0.0624413476	0.0967768127	-0.085409105	-0.0145531694	-0.0302616559	0.0068349811	-0.0589355719	-0.0044303628	0.0650367418	-0.0851334554	0.0522027924	0.0	0.0815016999999999	0.0020126999999998	4.050961289999578e-06	0.0066425271028899	-0.00548525	-0.02192005	0.0004804885920024	3.00879675625e-05	0.333726	0.022191	0.111373043076	0.000492440481	0.00572395	0.00024747	3.2763603602500005e-05	6.124140090000025e-08	-0.000926271	0.000127659	1.6296820281000006e-08	8.57977965441e-07	-0.000638591	-1.7644000000000036e-05	4.07798465281e-07	3.113107360000013e-10	0.0
4820.975798502568	-14.862914227556756	220.9062193357091	23241807.649747472	9444.171083806234	-54.16612360466024	2933.968946355332	89192367.46020181	4776.595782204928	-19.310228876706788	22815867.266577903	372.8849392708007	4934.445733233881	7453.538885024586	1.142898	36.338436	0.1370086	0.0659109	-0.007959776	0.0281552001	-0.0252928268	-0.0965311738	-0.0021134069	-0.0418774386	0.02615127	-0.0399945803	0.0173092778	0.061536803	-0.0017524195	0.1841923437	-0.1318363826	0.0463258653	0.1455667467	-0.1339736382	0.0608162035	-0.0298297317	0.0618707559	0.0661060441	-0.0217004308	0.1280654997	0.0473123587	-0.017821126	-0.0542778096	0.0872258594	0.143832604	0.0045808482	-0.0359299522	-0.0196764298	0.0382606769	0.0739458863	0.1480824456	-0.0468970774	-0.044833036	-0.022646051	0.0197148059	0.0109547558	-0.0150826625	-0.0389221347	-0.0613024561	-0.0554933347	0.0018766636	-0.1068514915	-0.021309206	0.0641008144	0.0660973428	-0.1049783621	-0.0440207595	0.0292124333	0.0221361272	0.0818819161	-0.0046095092	-0.0572553157	0.0383998704	-0.0160986666	0.0140928037	0.0399373507	0.0058383801	-0.0393421388	0.0864019981	-0.124724537	-0.0635003768	0.0888700306	0.0003512068	0.0517543261	-0.0851966863	-0.1183067482	0.0165355395	0.0597153255	-0.0561916891	-0.0815895633	-0.0838166574	-0.0271262568	-0.0636385955	0.001271361	0.004183944	-0.1132511592	-0.0191572883	-0.1079050236	0.0152384002	-0.0418747764	0.0025267216	0.0071972125	-0.0364553063	-0.1201958703	-0.0694677204	-0.054480115	0.0514646221	-0.038802697	-0.0247407465	-0.0311361373	0.0755898361	-0.0670622431	-0.1300667585	0.0198316385	0.0422603096	-0.0093697852	0.0362297026	-0.0588517237	-0.1066895562	0.0050673231	-0.0539617887	0.0895757071	0.0117977608	-0.0413534095	0.0500411227	0.0040732406	0.1014309789	0.0418344066	-0.1002829329	-0.0338690086	0.0515078061	0.1525744653	0.1203184465	0.0063702537	0.0970425476	0.1140317197	-0.002943788	-0.0791641365	0.0392088134	-0.0304853709	0.0601783327	0.0199902517	-0.0523079193	0.082046867	-0.0303816736	-0.0178170175	0.0468564332	0.036065809	-0.0915551706	-0.0581020781	0.0172411564	-0.0686773763	-0.0090091318	0.0385162664	0.0450139097	0.0965676861	-0.0130920716	0.0055167405	-0.0122220593	-0.127158572	-0.0401685991	0.0988402119	0.0211135541	0.0618248198	0.0136477206	0.0092605408	0.0163444379	-0.0556464198	0.0991199568	0.0936238595	-0.0682215918	0.0019546875	-0.1039966027	0.0417205691	-0.0917010707	-0.0604686444	0.0158620295	0.0538818424	0.046583379	-0.0457125233	0.007851176	-0.0219527797	0.0981855451	0.0797721812	-0.0077294794	-0.0248292946	-0.1273146207	-0.0850090908	-0.1094409561	-0.0749050954	-0.0355024643	-0.0436397479	0.0198358503	0.0191860852	-0.0225826177	-0.0032550262	0.1150935118	-0.0149502656	0.0505216711	-0.0105763139	-0.1769181634	-0.0596459273	-0.0024620734	0.0630773808	-0.0854504545	0.056017061	0.0	0.101191	0.0196893000000001	0.00038766853449	0.010239618481	0.039709	0.04519425	0.0020425202330624	0.001576804681	0.359565	0.025839	0.129286989225	0.000667653921	0.00528106	-0.00044289	2.78895947236e-05	1.9615155210000046e-07	-0.0011018	-0.000175529	3.0810429841000005e-08	1.21396324e-06	-0.000945893	-0.0003073019999999	8.94713567449e-07	9.443451920399998e-08	0.0
4833.570108586516	12.594310083947676	158.6166464906261	23363399.99462106	9454.74414471348	10.573060907247054	111.7896169483559	89392186.84199385	4796.334130411753	19.73834820682532	23004821.090552665	389.6023899338844	4954.826555781193	7373.727881917024	1.230639	39.128174	0.06215455	0.0264447	-0.0064182675	-0.0526404963	0.143479924	0.0103113188	0.0171843588	-0.0104218963	-0.0812897565	-0.0189111267	-0.007101909	-0.088500293	-0.0403791373	0.0994797444	0.0582879498	-0.043922193	0.0068206293	-0.0760569509	-0.0599625424	0.0598440598	-0.003677363	-0.0519982594	0.00739924	-0.028994048	-0.0659984738	-0.0027267994	0.0735410227	0.0517514732	-0.0087466821	-0.0817324978	0.0369541822	-0.0445288211	0.0387556107	0.1172497635	0.017660394	0.0423133934	-0.0950823921	0.0421878397	-0.0416460382	-0.0557481976	0.0015687663	-0.0656533593	0.0565808912	0.0918873925	0.0637207153	-0.0838390705	-0.00345553	0.107082163	0.0440716292	-0.0819098005	0.0794406198	-0.1339257831	0.0116020323	-0.1125394792	-0.0811232962	-0.0570546904	0.0640314591	-0.1018539429	0.0480643908	0.0781622246	-0.0945562133	0.057593432	0.0901078608	0.0782610483	-0.0065982053	0.0048216952	-0.0085515241	-0.125583339	0.0411867376	-0.0025564844	0.0082774219	-0.0547934426	0.0119769528	-0.0086902202	0.0285955959	-0.0367652054	0.0921209359	0.0764620881	0.0243970227	0.0244319657	0.037827332	-0.1005652116	-0.044669407	-0.1263092023	0.0183295518	0.0376965884	0.0194268774	-0.0968516008	0.0036295185	-0.118971172	-0.0006199419	-0.0509909741	0.0634267267	0.056862632	-0.0919568529	0.0147260007	0.0566809713	-0.0193345122	0.0364676212	-0.0117701331	0.0235428181	-0.0366673485	-0.0128886589	0.0059317314	0.0112025554	-0.1095154455	0.0754753683	0.0145327789	0.026828248	0.0438347508	0.0167511021	-0.0208377974	-0.0181220844	-0.0533500382	0.0092894504	0.0012423881	0.0869210151	-0.0265278884	-0.1232065281	-0.0384737429	-0.0580014323	-0.1186446722	-0.0378939268	0.0066125891	-0.0526406924	0.0695286213	-0.0660504737	0.0241071924	-0.0275559851	-0.0578060388	0.1164496912	-0.0330649913	-0.1217895661	0.0479717684	-0.0182742254	0.1338148941	0.0676661825	0.0179224245	0.0637132702	0.0386293678	0.015490436	0.0104610088	-0.0687309222	-0.1266832895	0.1480236828	-0.0127322743	-0.0327523793	0.057490071	-0.0173857441	-0.0128394538	-0.0791208318	0.0012599754	-0.1250365541	0.0108719059	0.0525240099	-0.0168789284	0.0732642979	-0.0298718146	0.0798459935	-0.0520543795	0.1104137555	-0.0159894471	-0.0098744051	-0.0138676607	-0.0355637814	-0.0546207523	0.0855482645	-0.025841182	0.1368285641	-0.135931367	-0.0711632521	-0.0210862325	-0.0815197217	-0.0067226529	0.0316973108	0.0292536341	-0.0573757677	-0.0323230019	0.0031880317	0.0076635106	-0.0451925274	0.0448940603	0.0020968204	-0.0973926133	0.1172917596	-0.0603483841	-0.0004924799	0.0610428493	-0.0855864312	0.0596459273	0.0	0.0917366	-0.0094544	8.938567936000003e-05	0.00841560377956	0.0304546	-0.0092544	8.564391936000006e-05	0.0009274826611599	0.33892	-0.020645	0.1148667664	0.000426216025	0.00521051	-7.054999999999995e-05	2.71494144601e-05	4.9773024999999935e-09	-0.000909019	0.000192781	3.716451396100002e-08	8.263155423609999e-07	-0.000753209	0.0001926839999999	5.673237976810001e-07	3.7127123855999984e-08	0.0
4839.88112796511	6.31101937859421	39.82896559699165	23424449.332832824	9468.881471770805	14.137327057324	199.8640163257453	89659716.32644443	4790.222576797054	-6.111553614699005	22946232.335256208	37.35108758534048	4949.808722736732	7441.354701576931	1.311311	41.693146	0.0821337499999999	0.0415736	-0.0170233961	0.0746874991	-0.0860266595	0.0150883889	0.0302233255	-0.0356810353	-0.0639088095	0.0137603424	-0.0030290902	-0.1363302739	-0.0136844334	-0.0130453855	-0.1136796309	-0.0675660522	0.0405847785	-0.0253444546	-0.0061532832	-0.0259852631	0.0812670471	-0.0033209241	-0.0225341269	-0.0139439319	-0.0460724822	-0.0384607586	0.1519723503	0.0847055426	0.0362513076	-0.0284819172	0.1229813963	0.0393894327	0.10974622	0.1493506023	-0.0850662962	-0.0423495378	-0.0331991439	0.1242993096	-0.0199029598	-0.0336566608	0.0056091833	0.1284001365	0.068600006	0.038855188	-0.0480373242	0.0390942518	-0.0277137244	0.0165474668	0.0304787877	-0.0020153583	-0.0448052681	0.0532733062	0.0207075142	0.0129452102	-0.0141493707	0.0131629014	0.1758070344	0.0325071564	0.0418223328	0.0545459708	0.1268095028	-0.0030413411	0.0340669423	-0.0127693307	-0.0348455099	0.0077507319	0.0760360467	-0.0702972958	-0.1045435911	0.001824844	0.1000173664	-0.0559648229	-0.0319319525	0.0621478066	0.0913379299	-0.0033056332	-0.0564103693	0.0211013535	0.063316619	0.0306547638	0.0352087037	0.0603758477	0.0733268667	0.0141297275	-0.0760417009	-0.0534198757	-0.0016930869	0.03882786	0.0069088599	-0.1402431964	-0.008213602	-0.0148937606	-0.0006286331	0.0026068279	0.0692136198	-0.0117547569	0.014555882	0.017432137	0.0156352297	0.0434307997	-0.0100273422	-0.0530686103	0.1438573217	0.0181924786	-0.0076782616	-0.0443088168	0.0724124557	-0.026850057	0.1001821124	0.0463145286	0.0015159299	0.0991113618	-0.0695835482	-0.0120060875	0.0681819943	-0.1005235469	0.0477979815	0.0605580949	-0.2191198573	0.0067231817	-0.0359201744	-0.070374806	0.0166613498	-0.0532255697	0.03404668	-0.0968302776	0.0299093681	-0.1316999486	0.0641745337	0.0126645176	-0.0282255848	-0.021427162	-0.0505547545	-0.0533033283	0.0488194138	-0.0061063437	0.032874571	-0.0597579481	-0.0508863416	0.124016788	0.0193454833	-0.0750626913	0.0045273495	-0.0856870233	-0.088249045	0.0272652983	-0.0034667594	0.0368139939	0.0873208562	-0.0757600796	0.0156685591	-0.0197059011	-0.084617618	0.0664160214	0.0658449018	-0.031182902	0.080394379	-0.0375229822	-0.1182141177	0.03156886	-0.0356488916	0.0115439998	-0.0406905847	0.0761575561	-0.0504252698	0.0196386281	-0.0310191503	0.0252916413	-0.0219570051	-0.0829382564	0.0471555728	0.0879290503	-0.0072804695	-0.0565920639	-0.003380446	-0.0062711233	0.0043307812	0.1032358619	-0.0111720153	0.0168362181	-0.0075968546	0.0498390076	-0.0407727236	-0.036218372	0.0782240596	-0.0610428493	0.0014773745	0.0589355719	-0.0855410976	0.0630773808	0.0	0.0947781	0.0030415	9.250722250000015e-06	0.00898288823961	0.0519468	0.0214922	0.00046191466084	0.00269847003024	0.362689	0.0237689999999999	0.1315433107209999	0.0005649653609999	0.00520694	-3.569999999999615e-06	2.71122241636e-05	1.2744899999997251e-11	-0.00138534	-0.000476321	2.2688169504100014e-07	1.9191669156e-06	-0.000949939	-0.00019673	9.02384103721e-07	3.87026929e-08	0.0
4830.265501749557	-9.615626215552766	92.4602675172256	23331464.817391902	9525.962826523484	57.081354752679545	3258.281060401252	90743967.77230728	4800.037565949675	9.81498915262091	23040360.63452808	96.33401206606614	4960.430645738479	7492.298497146992	1.155458	36.737789	0.08409125	0.0391723	-0.0318157667	-0.0288494963	0.0257277964	-0.0623541106	-0.0432634686	0.0341655547	0.0577953731	0.0067573871	0.0104584283	-0.0102656519	0.0571733046	0.0354317202	-0.0371845384	-0.1183453943	0.0701606898	0.0252665327	-0.0328388872	-0.0227904784	0.0549964538	-0.0753147669	0.0155195385	0.0173469495	-0.0846903946	0.05577901	0.143256665	0.0760753211	0.0436642086	0.059964785	0.0246237249	0.0056694114	0.002489129	-0.1128267728	-0.0629709947	0.0566865059	0.0369651742	-0.0496975422	-0.0419238128	0.0636247724	0.0097885533	-0.0932993285	-0.0697567988	-0.0065443365	-0.0721999412	-0.0779588466	-0.0024041356	0.0031988318	0.032753097	0.0029077422	0.0344271114	0.0408390418	0.0213795443	-0.0621062497	-0.0204762417	-0.0126676258	-0.085588834	0.032701398	0.0159836696	-0.0875185268	-0.00405715	-0.0863361981	0.0254698586	0.0456389095	0.124313906	-0.0972879778	-0.0010623204	-0.0055060187	-0.0256979294	0.0134830115	-0.098424191	0.000528405	0.0197175927	-0.065423118	0.0099880475	0.0655446025	-0.1158666065	0.0066194467	0.0148379572	0.0979886163	-0.0444091814	-0.0083706831	-0.0205613584	0.0382018675	0.0199876562	0.0081930278	-0.051091938	0.0486435614	-0.115417564	-0.0490160648	0.0930713347	-0.0091644605	0.0671986057	-0.0526653601	0.1512567041	-0.0996283344	-0.0615893985	-0.02292851	0.101776762	-0.0201154582	0.1412135948	-0.0688970675	0.0638459675	-0.0117058266	0.066974165	-0.0377767492	0.1215244355	0.0460413803	0.0994401676	0.0089309288	0.0379699972	0.1429015721	0.0385630469	0.0264851405	0.0294297212	-0.0396579566	-0.0764614076	-0.0457802034	0.0791477705	-0.0233445381	0.0507647479	0.0812885736	-0.0639809453	-0.0269298181	0.0754872845	0.0851496951	-0.0217420732	0.0471454087	0.0298231491	0.0433134007	0.0289485444	0.008869819	-0.0157590049	-0.045369853	-0.0029180222	0.0526791389	0.0378289292	0.0298497396	0.0368657766	-0.0722093939	0.0234499538	-0.0203247739	0.0176567394	0.1354824869	0.0338449683	0.0556533279	0.0426246204	7.7767e-05	0.0171017128	0.0223843224	-0.0194442111	-0.0576113598	-0.0403704511	-0.1024845884	-0.1187326355	-0.0015977063	0.0423671727	-0.0107501587	-0.0261230568	0.0649984337	0.0026827413	-0.0281874441	0.0485933809	0.1024858056	0.0886350432	-0.0280682485	0.0346223526	0.0152092175	-0.0246149352	0.0486600754	0.0501792402	-0.0292280758	-0.0506845659	-0.0717841644	0.026912279	0.0007802722	0.0453852644	0.1998049384	-0.056244698	-0.0098362828	0.1466848809	-0.0689174731	0.1208839643	-0.1037822244	0.0018243507	-0.0617292309	0.0034464463	0.0567580599	-0.0853145497	0.0663000642	0.0	0.0905321	-0.004246	1.8028516e-05	0.00819606113041	0.0690708	0.017124	0.000293231376	0.00477077541264	0.378201	0.015512	0.143035996401	0.000240622144	0.00489218	-0.0003147599999999	2.3933425152400003e-05	9.907385759999993e-08	-0.00102917	0.00035617	1.2685706890000005e-07	1.0591908889000002e-06	-0.000676684	0.000273255	4.57901235856e-07	7.466829502500002e-08	0.0
4819.883566771901	-10.381934977655874	107.78457388027446	23231277.597237825	9463.005320133774	-62.95750638971003	3963.64761081038	89548469.68888012	4795.164621281751	-4.872944667923548	22993603.745192163	23.745589736644536	4957.326821120194	7473.220804835266	1.106024	35.166046	0.0801979499999999	0.0419773	-0.0017104274	0.0485262461	-0.0564319144	0.0586475384	-0.0764448047	0.0109165116	-0.0616988627	0.0177117978	-0.0387094263	-0.0526768075	0.0024363014	-0.02610241	-0.0677940278	-0.0267979959	0.0227783647	-0.0181467828	-0.0350826612	0.0318846948	0.0736438553	-0.0341098852	-0.023085142	0.0549973849	-0.0557134638	-0.1714250685	-0.0079980183	-0.0621186245	0.0513095362	-0.0778439589	0.0114763165	0.0060576404	-0.0490485134	-0.0318277047	-0.0078117496	0.0278471769	0.0027744906	0.0880086644	-0.0142017522	0.0287768617	-0.014371968	0.0248122462	-0.0428721567	-0.0104273972	-0.0014158299	0.0168986813	0.1258848852	0.0680407091	-0.0383568071	-0.0198120172	0.0041672184	-0.0251287961	0.0107420553	0.068930336	-0.0205253985	0.0553065615	0.051027174	0.0782824784	0.0383170987	-0.0399297796	0.0233517016	-0.0317961146	0.0205436816	-0.015252553	0.0024324275	-0.0180960044	-0.1093544545	0.0031414309	0.0373223666	-0.0060612991	0.0382527239	0.0023283771	0.0723086761	-0.0084516462	0.0326734199	0.0295101151	-0.0666222053	-0.0468850942	-0.092079209	-0.0289700223	0.0013129675	-0.0035690368	0.027455443	-0.0763708269	0.0217393332	0.0136902328	0.0871576169	-0.08137505	-0.003305414	-0.0628980162	0.0498862813	-0.0762266021	0.056922261	0.0310789731	0.0489775052	-0.0655226173	-0.0793560185	-0.0430571871	-0.1054259988	-0.0824311727	0.1288709869	0.0666833532	0.0457458317	-0.0066203682	0.0448805902	0.0417590323	0.0878690839	-0.1416349164	-0.0321692564	-0.0609283596	-0.0501230114	-0.0445567411	-0.066849986	-0.0929079951	-0.0749826002	-0.0176921184	-0.0136213237	-0.0197900207	-0.041788552	0.0118632358	-0.0178906593	0.0399073038	-0.0490348078	-0.0549585781	0.0360944335	0.0016164889	0.0447334602	-0.0089378155	-0.0507276137	0.0241234313	0.0718979695	0.0263218926	0.0134113881	0.0288683519	0.045656401	-0.0451166694	0.0199107705	-0.0923348792	-0.0430693398	0.0420754934	-0.0043409076	-0.0311077642	-0.0007648095	0.0323151072	0.0167878872	0.0669032875	0.0244134214	-0.1036814719	-0.0644838334	-0.0028781531	0.0007101218	0.0347587547	0.0232942518	0.0122191797	-0.0406139681	-0.0348864418	0.0666003966	-0.0077864034	-0.0485607776	0.0659572944	-0.0547241525	-0.024587827	0.0516209637	-0.0767518235	0.0048206919	-0.0459271851	-0.0162247809	0.017616961	0.1024842508	-0.0596018598	-0.1041889227	-0.0492450278	-0.0431168969	-0.0557770509	0.0642339022	-0.0130329659	0.0002160038	0.0544642081	-0.0626253286	-0.0451351567	0.053620663	0.037282784	-0.0225563741	0.0143887553	-0.006456101	-0.062407438	0.0054136926	0.0545129082	-0.0849072673	0.0693033112	0.0	0.0871482999999999	-0.0033838000000001	1.14501024400007e-05	0.0075948261928899	0.0484685	-0.0206023	0.00042445476529	0.00234919549225	0.390474	0.0122729999999999	0.152469944676	0.0001506265289999	0.0055298	0.0006376199999999	3.057868804e-05	4.065592643999992e-07	-0.0008213559999999	0.0002078140000001	4.3186658596041585e-08	6.746256787358358e-07	-0.000643341	3.334300000000002e-05	4.1388764228099993e-07	1.1117556490000015e-09	0.0
4810.892970649217	-8.99059612268411	80.83081864122255	23144691.175042048	9454.606796775708	-8.398523358066086	70.53519459598165	89389589.68163742	4787.549280036944	-7.615341244807496	22920628.108782254	57.99342227486618	4949.103475563661	7412.489799972117	1.057938	33.637157	0.05852875	0.0295858	0.032809966	-0.0389713912	-0.0156990784	-0.0217577184	-0.0437949925	0.0085825137	0.0368590455	-0.0200324377	-0.0527464349	0.0440266091	0.0341696777	0.0828497901	-0.056646183	-0.0386937251	0.0081471783	0.0234242678	-0.0220865521	-0.0919519278	0.0253730765	-0.0059253532	0.0295120935	0.0700111012	-0.0649842344	0.0245406762	0.005031495	-0.11088988	-0.1797471925	0.066856364	0.0154357848	0.1274752564	-0.0454545629	-0.0740592777	-0.0791741915	-0.0141049901	0.0650198158	0.0427734276	0.0218110459	-0.0844193952	0.085119432	0.0013928477	0.011543488	0.0525597318	-0.0469593846	0.0225116526	-0.0751320038	-0.004700291	0.0969660688	0.0860161345	0.0117608177	0.0181628133	0.0260009332	0.0500668879	-0.1005272447	0.0347968244	0.070119197	-0.1111122344	0.0725035602	-0.0297976521	-0.0090488267	-0.0402172806	0.0569723725	-0.0856876871	0.1298754901	-0.0144185053	0.0559718409	0.041990184	0.054412585	-0.0303941854	-0.0899041691	0.0887355564	-0.059167385	-0.0349434459	0.0324483331	0.0769071642	-0.0399450428	-0.0507098396	0.0267516755	-0.0324028823	-0.0077724588	0.0520099568	-0.0790767572	0.1277551112	-0.0464305684	-0.0185454252	0.0256324923	-0.0948037888	0.0163433673	0.0026670978	-0.0021247154	0.0257067374	0.0916412292	0.1037174818	-0.0063559829	-0.0220172442	-0.0516963696	-0.014631203	-0.0373891554	0.0423283376	0.03265733	-0.0180934493	-0.033552745	-0.0297498597	0.0211661892	0.0498308051	0.0653950634	0.0736757077	-0.0115684575	-0.0595414376	-0.1385178324	-0.0859774663	0.0223884221	0.1237272842	-0.0094623186	-0.0945128864	-0.1569540318	0.0244266717	0.0318540152	-0.087922599	-0.0593483637	-0.0094109858	0.0646310196	0.0587691016	0.0557778001	-0.0320905062	-0.0510169051	-0.0311801965	0.0751525763	-0.0479585765	-0.0660822329	-0.0504167564	0.0170183218	0.0212667591	0.0872476695	0.0157459216	0.1079757519	0.0907607588	-0.064717151	0.0819049593	-0.0049064314	-0.0588715738	-0.0549639927	0.0332904416	-0.0166065915	0.0760047373	0.1122932718	0.0248193241	0.0057643805	0.022382966	-0.0316611826	-0.0334092828	0.0423595847	-0.0479836857	-0.1431990462	0.0984179161	0.0011720199	-0.0871207204	0.0056086163	-0.011265711	-0.0742637464	0.0560971755	-0.0019509611	0.009695813	0.1264204028	0.1112434646	0.0299955157	-0.0681596718	-0.0346793869	-0.0651370782	-0.0482561206	-0.0209053563	0.0504397577	0.0154039921	-0.0170158734	0.0384560993	-0.063542205	0.0426417442	0.0004639484	-0.0486283979	-0.0076900925	0.075420364	0.0325379842	0.0159554186	-0.0134481873	-0.0630773808	0.0073780714	0.0522027924	-0.0843201134	0.0720771819	0.0	0.0943178	0.0071695	5.140173025000133e-05	0.0088958473968399	0.0681055	0.019637	0.000385611769	0.00463835913025	0.375507	-0.014967	0.1410055070489999	0.000224011089	0.00574154	0.00021174	3.29652815716e-05	4.483382760000009e-08	-0.000848958	-2.7602000000100012e-05	7.618704040055211e-10	7.20729685764e-07	-0.000547578	9.5763e-05	2.99841666084e-07	9.170552169e-09	0.0
4815.063142444014	4.17017179479717	17.39033279812185	23184833.065722827	9452.71029560874	-1.896501166967937	3.5967166763107468	89353731.93270747	4793.694879238982	6.145599202038284	22979510.59524204	37.76838955209359	4954.976275962622	7340.331426274775	1.102734	35.061443	0.10686915	0.058149	0.0346758713	-0.0121302298	0.0604551948	0.102117088	-0.0609000802	0.0350793752	0.1126685626	0.0202774019	-0.0628025384	-0.0563441642	-0.0001962714	-0.0304938419	0.0175576609	-0.032192271	0.05921363	-0.0429416192	-0.0479531988	0.0893518746	-0.0274331794	0.0397583441	-0.0904927937	-0.0299859473	-0.0450205729	0.0762401282	-0.0152232181	-0.0564675185	-0.0028396421	-0.0101030927	-0.0324439279	-0.0193285178	0.0173736984	-0.0636364253	-0.0659083219	-0.0532894936	0.0489438106	0.0036704274	-0.0158938022	0.0231245612	0.0866088305	0.0233747538	-0.0060526837	-0.033967963	-0.0163550427	-0.0358212269	0.0140834261	0.0479041647	0.0543830047	-0.0059033446	-0.0406398135	0.0127387465	-0.0038807357	0.0816702021	-0.0154121013	-0.0148142913	0.0743662294	0.0244467383	-0.0312362246	0.1300727213	0.0281146373	-0.0142348199	0.0249162455	-0.1241290143	-0.0745604436	-0.0442796573	-0.0102694794	0.0772597508	-0.0087061005	-0.0274786554	-0.1308101846	0.0602443427	0.0910283153	0.0818496692	0.0319608226	0.0480127794	-0.0437137977	-0.1203603283	0.0077644587	-0.0928006126	0.0466674331	-0.0262109052	-0.0988342313	-0.0785404224	0.0684558664	-0.0250201667	0.0474632846	-0.0584221477	0.0930081975	0.046537659	-0.1203535644	-0.0406231967	-0.0706255075	-0.0192849684	0.0663125532	0.154350783	-0.0345046692	0.046470723	-0.0166536016	0.1282411349	0.0174646376	0.0136635844	-0.0797166418	0.0686027168	-0.0175696715	0.0369366435	0.0071563576	0.0689062393	-0.0672841616	-0.0342121951	0.0254171442	0.0093079942	0.0875460042	0.0110888921	-0.0260178987	-0.0484986516	-0.0313708166	0.0125817619	-0.0211865666	-0.0027623067	0.0422046986	0.0549300339	0.0659782803	-0.0194406501	0.0629605988	-0.0175131427	-0.0349361246	-0.0081951275	-0.0235573688	0.0232837909	0.0243425404	-0.0461342577	-0.0072170386	-0.052916302	0.0394677405	-0.0537248223	-0.011683228	0.0215158648	-0.0124974245	0.1286322212	0.0763446577	-0.0006494738	0.0340459839	-0.1283182094	-0.0457440692	0.0222864581	-0.0326773585	-0.0996481082	0.0556496718	-0.0684525689	0.0515691961	-0.004664632	0.1139383247	-0.057114487	-0.0975459408	0.0159098446	0.0789709059	-0.0686050874	0.0056374747	-0.0744379187	0.0118203437	-0.0812289075	0.1669424823	-0.1006685683	0.0185623214	-0.0290661143	-0.0591356043	-0.030488837	-0.0145904655	0.021860564	-0.0678733807	-0.0674448721	-0.0209268722	0.0951440657	-0.0123385083	-0.0506000703	-0.0583107838	0.0085383971	0.188115342	0.0564451838	-0.0453649802	0.0828044401	0.0175218359	0.0701288993	-0.0387309285	-0.0637389706	0.0093385422	0.0498304656	-0.0835543317	0.0746124954	0.0	0.0942744	-4.3399999999999e-05	1.8835599999999128e-09	0.0088876624953599	0.0489725	-0.0191329999999999	0.0003660716889999	0.00239830575625	0.415883	0.040376	0.172958669689	0.001630221376	0.00547648	-0.00026506	2.99918331904e-05	7.025680360000008e-08	-0.00143317	-0.000584212	3.413036609440001e-07	2.0539762489000004e-06	-0.000450515	9.706299999999992e-05	2.0296376522500002e-07	9.421225968999988e-09	0.0
4826.404918288609	11.34177584459485	128.6358793090352	23294184.43528048	9466.95628488349	14.245989274750173	202.94821041629692	89623261.29989502	4788.842322085084	-4.852557153898488	22933010.785793256	23.547310931851392	4948.601879038471	7392.15380624296	1.122452	35.688358	0.11943675	0.0592983	0.0240744899	-0.0292361409	-0.0588704478	-0.0040299709	0.0027909914	-0.0463508439	0.0530438568	-0.0107711989	-0.0330677605	-0.005522316	-0.0133690814	-0.0055913108	-0.0219795782	0.0022150368	0.1199299877	-0.0292100556	-0.0309600286	-0.0254095868	-0.0238106148	0.013393035	-0.0407035563	0.0640075657	-0.0952153903	0.0213335448	-0.0980963973	0.0230601193	0.0097168121	-0.0053015834	0.0924079149	-0.060483962	0.0300647228	0.0192369741	-0.0277708057	0.0655139367	0.0304020758	0.038443712	0.0353552299	-0.0145131293	-0.0573809589	0.0030845046	0.0121408142	0.0814826793	-0.1504169103	0.0330677732	0.0170764538	-0.0123276041	0.0840218009	0.0817123911	-0.1506911948	0.045967654	0.124964598	-0.0029989537	-0.04171419	-0.0152623577	-0.124685787	0.0256623251	0.0535581211	0.000681836	-0.0008197309	-0.0427831189	-0.0642660973	0.0574511623	0.0622321265	0.0108407256	-0.0328701178	-0.0102946491	-0.0756855106	0.0552582169	-0.1473106074	0.0387025098	0.0126139457	0.0313194293	-0.0627021694	-0.0694999709	0.0131522249	-0.062599719	0.0094180628	0.0044781488	0.027700301	-0.0330355407	0.0603101296	-0.1126610307	0.059187171	-0.0676275105	0.0189606411	-0.0804370864	-0.024453741	0.0271651864	0.022061882	0.0666875897	2.8222e-05	0.0197473296	-0.0279614801	0.0101598483	-0.0682565652	0.0259375289	0.085334885	-0.0300485124	-0.0701866137	0.0728415447	-0.0033153041	0.0103106566	-0.0014040725	0.0461688579	0.062076565	0.0499102779	-0.0900334921	-0.0109844947	0.0041536624	-0.003956156	-0.0577055164	-0.0675517579	0.1143664859	0.0131435387	-0.0276772915	0.0175793301	-0.0168807273	0.0246992569	-0.0996138135	0.048232369	-0.0351209684	-0.041604114	0.0106767348	0.0307585954	0.0072563494	-0.1054185256	0.0808840725	0.0624018272	-0.0178482345	-0.103526855	-0.0385297913	-0.0454344128	0.0213315882	-0.1310002302	0.0731513063	0.1321329617	0.049301275	-0.0955388474	0.0679618624	-0.1022105519	0.0201796694	0.1242576724	0.0176963122	-0.0499380849	-0.0195770604	-0.0040629579	-0.0141890388	-0.1148192089	-0.0313253405	-0.0425520171	0.0415014717	-0.1056773295	-0.0230125144	0.033246346	-0.0220639033	0.0648445875	-0.014686819	-0.0396688872	0.0316483653	-0.0671788027	0.0485715179	0.0075729541	-0.0951847725	-0.0414353076	-0.0328768196	0.0033095983	0.0284658369	-0.0066327026	-0.0214214365	-0.1067631677	-0.0389179773	-0.0071841927	-0.0912579399	-0.0252308326	0.021371447	-0.0776130551	-0.0156513477	-0.0392448019	0.0952062786	0.0317879831	-0.0128800364	0.0073722292	0.0939245714	-0.0643921198	0.0112940664	0.0473987549	-0.0826115445	0.0769008606	0.0	0.0886392	-0.0056351999999999	3.175547903999992e-05	0.00785690777664	0.0610202	0.0120476999999999	0.0001451470752899	0.0037234648080399	0.379248	-0.036635	0.1438290455039999	0.001342123225	0.00567814	0.00020166	3.22412738596e-05	4.0666755600000084e-08	-0.000752367	0.000680803	4.6349272480900017e-07	5.66056102689e-07	-0.000870429	-0.000419914	7.576466440410001e-07	1.7632776739600004e-07	0.0
4834.425730867263	8.020812578653931	64.33343442189313	23371672.147271477	9457.310231916072	-9.646052967418656	93.04633785024625	89440716.82270442	4791.488990358217	2.6466682731334004	22958366.744724005	7.004852948010935	4950.136157531962	7375.768225428172	1.118233	35.554214	0.060633	0.0317216	-0.0156100104	-0.084772888	0.0458953078	0.0496838076	0.023373718	-0.0476592637	-0.086910824	0.0788888769	-0.0625144401	-0.0388391491	-0.0254349081	0.021076458	0.110920954	-0.0891975551	-0.0606831328	-0.0082900332	0.0103923024	-0.0435805323	0.0966462218	-0.0156017413	-0.0481424259	0.0953099739	-0.0681727605	0.0588045455	-0.0168790044	-0.0371644377	-0.0420154254	0.0021535265	-0.0481993305	-0.010593962	0.0063143081	-0.0549234037	-0.0182683102	0.025908729	0.0322662216	0.0647857099	-0.0615482394	0.0268006707	-0.0545384266	-0.0192026731	0.1199190791	0.0378089773	-0.0970023005	0.0458339532	-0.1032693357	-0.0526161199	0.003776635	0.0275298276	-0.0219512521	0.0144819693	-0.1077994793	-0.0556769464	-0.0829486519	-0.0125670139	-0.0600444718	0.0354636058	0.019603501	-0.0997773308	0.010023214	0.0671287244	0.0034617827	-0.0015716486	-0.0970604096	0.0736967596	-0.0276851352	-0.0518769793	-0.0368657927	0.1354300399	0.0888560618	-0.0227149827	0.071652752	0.0405592868	-0.0278789525	0.0853260131	0.0593369487	-0.0348445596	-0.064937526	-0.0004718433	-0.0491638933	-0.034055265	-0.0495188695	-0.0637097148	-0.0078105046	0.1279309928	0.0417971192	-0.0237598949	-0.0228190114	0.0546698579	-0.0095873948	-0.0056024225	0.0214451772	-0.0475228984	-0.0124434065	-0.0133345431	-0.0047159933	0.0358786794	-0.0691775494	-0.0429606994	0.0282757705	0.0095324135	-0.0329491483	0.0772123567	0.0181713899	0.0172968304	0.0714740136	0.0661361613	-0.0011951314	-0.0430129902	0.0026267704	-0.042917131	0.0149823796	0.039423214	-0.0066708895	0.0175682635	-0.0432443902	0.0065089975	0.0208067201	-0.0503180974	-0.0543540337	0.0381926398	-0.0786739107	-0.061935902	-0.0190654337	-0.014251173	-0.0970144507	-0.0939253166	0.0892950256	-0.0386881709	-0.1036167301	-0.0444671699	0.0317579199	-0.0066092182	-0.003951849	-0.0193103704	-0.0359097983	-0.0774361665	0.1532703998	-0.0924010117	-0.016279161	0.0915769211	-0.1094748508	-0.0241104367	-0.0375225105	0.0154670735	-0.0292397504	0.0009742329	-0.0453424384	-0.1227395843	-0.0038373355	0.0667638593	-0.0493077475	0.008725059	0.0802307985	-0.1162838454	-0.0307127069	-0.0274655547	0.0903783512	0.0471167687	-0.0186428872	-0.0357007733	0.0200659145	-0.0663536358	0.030313869	-0.038028406	0.0252265388	0.0167104976	0.109185528	0.0585124835	-0.0738577641	0.0093175699	0.044437103	0.0231159969	0.044751663	0.0128126238	0.0572651951	-0.0229059382	-0.0276376527	0.0377402318	-0.0142805119	-0.0143590853	0.0143100301	0.0595884047	-0.054239679	-0.0650367418	0.0132436085	0.0449105582	-0.081493749	0.0789347034	0.0	0.0968813	0.0082421	6.793221241000004e-05	0.00938598628969	0.0556869	-0.0053332999999999	2.8444088889999996e-05	0.00310103083161	0.406447	0.027199	0.165199163809	0.000739785601	0.00571824	4.010000000000038e-05	3.26982686976e-05	1.6080100000000303e-09	-0.000935967	-0.0001836	3.3708960000000015e-08	8.76034225089e-07	-0.000696957	0.000173472	4.85749059849e-07	3.009253478400001e-08	0.0
4835.266154428207	0.8404235609441457	0.7063117617900382	23379798.784158945	9508.440829628393	51.13059771232111	2614.338022419216	90410447.01054429	4791.816984801733	0.3279944435162178	22961510.015834376	0.1075803549775134	4950.651781094784	7449.629514552368	1.085279	34.506447	0.04563875	0.020842	-0.0233392564	-0.023038249	-0.062633287	0.0215287576	-0.0020068409	-0.0349412514	0.0319513374	0.0472697047	-0.0238702217	-0.0403030218	-0.0190016862	-0.0840859619	0.0462628026	-0.0136460559	0.0421210755	0.0071604149	0.0153232531	-0.0507305266	-0.0528773891	-0.0142017401	-0.0445300457	-0.03455045	-0.0530772812	-0.0824899301	-0.015969613	-0.0231115207	0.052229985	-0.0372242525	0.046339621	-0.0190335642	-0.0354244771	0.0165126412	0.0134254222	-0.0667248762	-0.0392118504	-0.0083382872	-0.0518292223	0.0679690876	0.0460807254	-0.0491682807	-0.0826979751	-0.0710795441	-0.0503180609	-0.0794348218	-0.0331351435	-0.0295848276	-0.050728585	-0.0099112586	-0.0654082024	0.0023033655	0.0124313103	0.0242386005	-0.0029185315	-0.0316401783	-0.065231967	-0.0342123531	-0.0098431327	-0.0297764654	-0.0299125635	-0.0408891413	-0.1343109668	0.0262301468	-0.0229098362	-0.0353012327	0.0779084886	-0.0011925254	-0.0205925171	0.1300056616	-0.0106309222	0.0572388399	-0.0182143636	0.0479309614	-0.0370780594	-0.0708273813	0.0058168787	0.1630647567	-0.0292847286	-0.0445973575	-0.0255069707	-0.1163148282	0.0082938749	0.0361283475	-0.0676734987	0.0361510598	-0.0593152919	0.0149919927	0.0074472985	0.0325999282	-0.0495946698	-0.0486549233	-0.0026724976	0.0476505058	-0.1087896615	0.04740378	-0.0897606282	-0.0169139391	0.0088953209	0.0011076353	0.0305363905	-0.023663457	-0.0330496312	0.0525928094	0.0217574709	-0.0237938131	0.0284022471	-0.0706678928	-0.0455170607	0.0213323552	-0.0102858777	0.0073549318	-0.0026613843	-0.0832723472	0.0245821022	0.0118431047	-0.0114337659	0.0119692159	-0.0054156732	0.0263192127	0.1401532987	-0.0225526476	-0.0043191633	0.0019209559	0.1319894685	-0.023134323	-0.0439833348	0.0603628213	0.0338297501	0.014093984	0.0244762204	-0.0123627617	0.0492880312	0.0132195596	-0.0350274557	-0.0514410633	-0.0271375557	0.0715583352	0.0126468661	-0.0370630951	-0.0106084768	0.0190036634	-0.0183353446	0.1024488326	-0.0199004571	-0.0370319772	-0.0577432056	-0.00479293	0.020815077	-0.0291645925	0.0979294955	0.0421829955	-0.0961320999	-0.0093355109	0.0108245593	-0.0077273632	-0.0796015131	0.033441658	0.0333524099	0.0513589659	0.1869428787	0.097490466	0.0043266123	-0.0392426091	-0.0017796493	0.0902692632	0.064207443	0.0940683929	-0.0169700821	0.0041401905	-0.0071315578	0.0606967505	-0.0327463563	0.0437523204	0.0103762292	-0.0097456142	-0.0554222813	-0.1205352271	0.042273018	-0.0393430191	0.05676301	0.0178991622	0.0202194378	-0.0086735786	-0.0463843218	-0.0656727513	0.0151861356	0.0423688407	-0.0802033134	0.0807072924	0.0	0.0991562	0.0022748999999999	5.175170009999983e-06	0.00983195199844	0.0699742	0.0142873	0.00020412694129	0.00489638866564	0.395049	-0.011398	0.1560637124009999	0.000129914404	0.00563961	-7.863000000000054e-05	3.18052009521e-05	6.1826769000000854e-09	-0.00104788	-0.0001119129999999	1.2524519568999987e-08	1.0980524943999998e-06	-0.0008599849999999	-0.0001630279999999	7.39574200224828e-07	2.6578128783967396e-08	0.0
4831.308076099072	-3.958078329134878	15.666384059567148	23341537.72618012	9510.22087498715	1.7800453587569791	3.1685614792322623	90444301.09104134	4795.339572565532	3.522587763798583	22995281.61621298	12.408624553663502	4953.110710857018	7439.3150769726035	1.058237	33.646648	0.17114745	0.100505	-0.0278232527	-0.0876472017	-0.0329032687	0.00474142	-0.0021750934	-0.1032584455	-0.0685323623	0.0979726496	-0.0332111193	0.001039663	0.0072062634	0.0223321027	0.0472585961	-0.1662745765	-0.0524711066	-0.0341620244	0.0578957842	-0.0471954904	0.064897777	-0.068195918	-0.0567348015	-0.0305083214	0.0699875813	-0.0721487241	0.0926573259	-0.0349633751	-0.0133663067	0.0170306946	-0.0486801523	0.078379173	0.0839436322	-0.0552991308	-0.0190654717	0.0606277772	0.0001887312	-0.1059699742	0.006459165	-0.0878217335	-0.0041856552	0.0355658767	0.1362039111	0.0734338365	0.0131002501	-0.0142608617	-0.0627088046	0.0200328131	-0.009452046	0.059386026	0.0336539178	0.0186607052	0.046274702	0.0159888817	0.1022842596	-0.0578824666	0.0378574111	0.0298087857	0.0063551423	0.0913977814	0.0580330587	0.1083800685	0.0595597599	-0.0490379635	-0.0140211343	-0.0242410847	0.0237598571	0.0917068401	-0.0424640047	0.0419540498	-0.0567614482	-0.05381691	-0.1005558306	0.0859834549	-0.0261807205	-0.1201214614	0.0390738821	0.0035095199	-0.0135883564	0.0335114824	0.045184859	0.0354702057	0.037982431	0.0204329128	-0.0565528418	-0.0208954631	0.0062510961	-0.0328049852	0.003184858	0.0982328368	0.0397627519	-0.142625088	-0.0467407954	-0.0021197556	-0.034034033	-0.0461777745	0.0689277833	-0.0569016259	-0.0659711749	-0.0691449872	0.0507100534	0.0009942082	-0.0080521818	0.073978643	0.0641731726	-0.0639226774	-0.0145667379	-0.0742888478	0.0919814631	-0.003862124	-0.0420302622	-0.0109699781	0.0176449044	0.0593507687	-0.0250296796	-0.0741929938	0.0462980852	-0.1035563414	0.0449577617	-0.0955339275	-0.0475738588	-0.0366619275	0.1007947371	-0.0105332225	-0.1637657207	-0.0007900496	-0.0312259866	-0.0639024519	0.0221832131	0.0069706035	-0.0198441502	-0.0374341069	0.0248597367	-0.106549881	-0.0580590637	0.0397747914	-0.0743243839	0.0190738057	-0.022478769	0.0587804699	0.0190688994	-0.0567236862	0.0408934994	-0.0822232191	-0.0219652025	-0.0698749142	0.0785454743	-0.0115738385	0.0488137488	-0.0460653526	0.077609206	-0.0138250675	0.039090045	-0.040404772	0.0834801726	0.0975767295	-0.0241698291	-0.0077984328	-0.0486709775	-0.0226649247	0.0650001705	-0.0784370385	-0.0746747695	0.0193527721	0.0114689986	0.0902891463	-0.0954632014	0.1072115368	0.0073559731	0.0018547086	-0.0509423527	-0.0198371193	-0.044286197	0.0714631369	0.116471756	0.0079576574	-0.0317908208	-0.0340645605	-0.0950272245	0.011080475	-0.0114925454	-0.1075756332	-0.0461398355	0.0675295457	-0.0254065626	-0.0663000642	0.0171206189	0.0397766315	-0.0787429712	0.0822127608	0.0	0.096618	-0.0025382	6.442459240000022e-06	0.0093350379239999	0.130837	0.0608628	0.00370428042384	0.017118320569	0.426266	0.0312169999999999	0.1817027027559999	0.0009745010889999	0.00454788	-0.00109173	2.06832124944e-05	1.1918743929e-06	-0.00127099	-0.00022311	4.9778072100000055e-08	1.6154155801e-06	-0.000644236	0.0002157489999999	4.1504002369600006e-07	4.654763100095686e-08	0.0
4813.466603297474	-17.841472801598684	318.3181517301856	23169460.74106012	9477.496497049286	-32.72437793786412	1070.884911420168	89822939.85158148	4779.042204994569	-16.297367570962706	22839244.397119354	265.60418974306685	4938.3570041951225	7466.396031872489	1.21752	38.71106	0.1408101	0.10059	-0.0319185884	-0.0102620831	-0.0029857164	0.1190197176	-0.139117045	0.103780646	-0.1082529677	0.1572165601	-0.0705261737	-0.0337973028	0.0821058872	-0.1034100801	-0.0420927443	-0.1121020339	-0.1203184906	-0.0063347608	0.1851070843	-0.0336859445	0.0441728546	0.0884883283	-0.1271022524	0.0446479241	-0.0270132523	0.0039930024	0.0414432604	-0.0590178559	-0.0912649836	0.1178380673	-0.0387931127	0.044437057	-0.0023715297	0.0283257239	-0.0209077386	0.112640597	0.0271358657	-0.0684924098	-0.1604143416	0.0118710262	0.0351562813	0.0038298189	0.0118151728	0.0256941025	-0.0511511155	-0.0422008245	-0.0665000078	-0.0597449704	0.0252475249	0.1599579229	0.0031477633	0.1013436282	-0.0236289564	-0.0305640925	0.0235989807	-0.0444183527	-0.0349105926	0.0009081168	-0.0340660802	-0.0213694657	0.0211028768	-0.0018158382	0.0223968047	0.042926847	-0.025991816	0.0391051695	0.0763745543	-0.015547798	-0.0431639408	0.0387392763	-0.0289858653	0.0389013722	-0.0296888812	-0.0193451252	0.0213417789	0.0660448993	-0.0452684275	-0.0405290189	-0.0034716152	0.0238633967	0.1212984888	0.0183350299	-0.1017980212	0.0088646359	-0.0999244416	-0.0808891299	0.0169976767	0.0192848987	-0.035083605	-0.1485956977	0.0018908568	-0.0030939604	-0.0809003393	0.0014929233	0.0186587187	0.0147566192	0.0946077394	-0.0225571545	0.0005363673	0.0874407488	-0.1466909045	-0.0120661952	-0.1096018134	0.1237451603	-0.054613943	0.0892360512	0.0252587729	0.0596540202	0.0274140731	0.0078880716	-0.1272474364	-0.0036991331	0.0391985146	0.0881046191	0.0145650443	0.0423681606	0.0056079813	-0.0541089763	0.0231848353	-0.1578036109	0.0603738995	-0.0107970879	-0.0258430871	-0.0665445971	0.0443106924	-0.0101977974	0.0051753512	-0.0017744064	0.0690545565	0.0620088941	-0.1124951296	-0.0887830318	0.0704610294	-0.1218013184	-0.0091154075	0.0448298819	-0.0278242445	0.021347584	0.021850776	-0.0347406614	0.0224863989	0.0056296247	0.0201481062	0.0468582689	-0.0381381944	-0.0089937706	-0.0022885475	0.0878573138	0.0766009145	-0.0499108932	-0.0140501194	0.0501516816	-0.0258082242	-0.0148177189	-0.0633935859	0.015870528	-0.0020789823	-0.065811804	-0.0715952087	-0.0426160346	-0.0284050588	-0.0560258089	-0.0146732692	0.0152325514	0.0907424382	0.0296210921	0.0593066313	-0.0002536458	-0.0135610947	-0.0915447007	0.1063045291	0.0293758279	-0.0039660997	-0.1518296634	-0.0638555783	-0.0230243949	-0.0056558549	-0.0203553732	0.0357932694	0.0170961354	-0.0969097483	-0.0184710668	-0.1067681916	0.0360982713	-0.0418185638	-0.0669185973	0.0190460337	0.0371370197	-0.0771158161	0.0834461259	0.0	0.112278	0.01566	0.0002452356	0.012606349284	0.134475	0.003638	1.3235044000000017e-05	0.018083525625	0.519416	0.09315	0.2697929810559999	0.0086769225	0.00426728	-0.0002805999999999	1.82096785984e-05	7.873635999999987e-08	-0.00155365	-0.0002826599999999	7.989667559999996e-08	2.4138283225e-06	-0.000648218	-3.982000000000031e-06	4.20186575524e-07	1.5856324000000244e-11	0.0
4815.795431346743	2.32882804926885	5.423440083061357	23191885.63658016	9440.471715461694	-37.02478158759186	1370.8344516088812	89122506.21043226	4781.44496074353	2.402755748960772	22862215.91261969	5.773235189164039	4942.057678986157	7343.608494527237	1.262036	40.126457	0.2478812	0.139753	-0.0098144199	-0.0142261249	-0.1363766916	0.0634923486	0.0610273165	-0.0944492067	0.017052699	0.06518745	-0.0564633358	-0.0240246254	0.0152324851	-0.0113493379	-0.0399689444	-0.0221642195	0.011159456	-0.036261873	0.128385889	0.0734659695	-0.0846467653	0.1106699068	-0.0937862475	-0.0208450175	-0.0053857154	-0.0229549098	-0.0254507087	-0.0175896318	-0.010318829	-0.1080345951	-0.1187677063	-0.1317125658	0.0204217302	0.0237104817	0.1018254346	0.163668161	0.087139318	-0.0113062057	-0.0886288039	-0.0217797683	0.019596383	-0.0367214718	-0.0505514978	0.0953303883	-0.0451047172	0.0502486288	-0.0237446904	0.0468554618	0.0561195528	-0.082677542	-0.0245973461	-0.0095846533	0.0060883665	0.0376879334	-0.0021361927	0.0222562972	0.0027318847	-0.0153661476	-0.0727431313	-0.0513944717	-0.0475802455	0.0191225117	-0.0129050041	-0.0685729452	0.0371896585	0.0010131248	0.0337810906	-0.0093956787	0.0473411537	0.1106009345	0.0474050162	-0.013180438	-0.0003592338	0.0634128634	0.0582133445	0.0108487649	-0.0773944159	0.0712844513	-0.0053232104	0.0259747607	-0.0709156659	-0.0659439172	-0.0081045906	0.0062759662	0.0224075643	0.125746157	0.0527563461	0.008073347	-0.0172150671	0.1237260963	-0.0989652931	-0.070359689	-0.0116734542	-0.1364930316	-0.0630199765	0.0037147566	0.0725391734	-0.0960688446	-0.0573003103	-0.0716138588	-0.0165098985	-0.0511770538	-0.060297855	0.0910010709	-0.0808906775	0.060085391	0.016642307	-0.057274055	-0.0403768514	0.0239292652	0.068357549	-0.1021127331	0.1112515065	-0.0519205345	-0.048514845	0.1068911079	0.118945744	-0.0044760697	0.0223198325	-0.1342858777	-0.0780299519	0.0776854281	-0.0533843052	-0.0072049343	0.0164612866	0.0817541159	0.0482866635	0.0094934597	0.0824609455	0.0093363337	0.0026461032	-0.0263777345	-0.1055586905	0.0163010678	0.0463870686	-0.0390181826	-0.0208717304	0.0426397521	-0.030881704	0.0260150812	-0.0006936852	0.0963168202	0.0084395567	0.0070662406	-0.0047835514	0.0207255074	0.0611827943	-0.0243182617	-0.0568555982	-0.0133329128	0.046432422	0.0117985029	-0.0675261643	-0.0256565963	0.0472452109	-0.0176009589	-0.0058870591	-0.0397710885	0.0418817029	0.1131224003	0.0689343956	0.078822195	0.0585894712	0.0335551684	-0.0066675465	0.0351246869	0.0452246612	0.0351072092	0.1015521054	0.112976617	-0.0097748115	-0.0044667288	0.0355968987	0.074154841	0.0827114301	-0.0478709378	0.0890513012	-0.0562313202	0.068400582	0.0380486303	-0.0950481669	-0.0937182765	-0.0298458073	-0.0139427403	-0.1416951882	-0.0675282686	0.0209613602	0.0344531511	-0.0753252952	0.0844033055	0.0	0.100046	-0.012232	0.000149621824	0.010009202116	0.0606869	-0.0737881	0.00544468370161	0.00368289983161	0.443316	-0.0761	0.196529075856	0.00579121	0.00541999	0.00115271	2.9376291600100004e-05	1.3287403441000008e-06	-0.00145522	9.843000000000005e-05	9.688464900000011e-09	2.1176652484e-06	-0.0011123	-0.000464082	1.2372112900000005e-06	2.153721027240001e-07	0.0
4861.813525274598	46.01809392785526	2117.6649687529093	23637230.75454301	9523.71539138721	83.24367592551607	6929.509581592344	90701154.85614564	4807.9565961238895	26.51163538035962	23116446.63021122	702.866810541136	4964.61032407647	7389.429424019438	1.352341	42.997696	0.20617464	0.104937	-0.0720192294	-0.0567647696	0.0404396632	0.0239066796	0.1403152828	0.1242270475	0.0705956435	0.0659316482	0.042674145	-0.0280857747	-0.0449409322	-0.0152373661	-0.0018148633	0.0132651791	0.0107387281	0.1321294478	0.0348404505	0.0613566308	-0.042734936	-0.0437633268	-0.0398429056	-0.1118001203	0.033606113	-0.0369480125	-0.0918210438	0.0303277663	-0.0222243102	-0.0679950983	0.0669528751	0.1116108307	-0.0017487363	-0.113856144	-0.0460385578	-0.0357539083	0.0309556367	0.0315157143	-0.0940476379	-0.0146102627	-0.1070541527	-0.0683419683	0.0413373179	0.0138024971	0.0455904861	-0.0127580871	0.0654411597	-0.028900176	0.0569994878	0.0418552276	0.0227704441	-0.0386926958	0.0610925331	0.0811207702	0.0805582437	-0.0359033872	0.0600395917	-0.1321709963	-0.1016185062	-0.1504634926	0.0152814788	0.0399100772	0.0197444027	-0.0154615526	-0.0530066383	-0.0400296988	0.0531009305	-0.0118636643	0.0362017709	-0.0398538822	0.0045463764	0.0050706082	-0.01489033	-0.0496070685	-0.0664867209	0.0440349885	-0.0452929174	0.0282278762	-0.0282048467	-0.0210712735	-0.0712258039	-0.0629318126	0.2178696481	-0.0255566862	0.1912441342	-0.0388154918	-0.023485086	-0.0071458605	0.0839019945	-0.059343397	0.0429829777	-0.0316705458	0.0080468828	0.0151647882	-0.0321818922	-0.0431961229	-0.0375127121	0.0227424661	0.0098056246	0.0010092564	-0.0881823702	-0.0326741012	0.0222984814	0.0635121883	0.0310449018	-0.0803516693	-0.0560059087	-0.0485225992	-0.069550426	0.056455228	0.0153751842	-0.0473004383	-0.0517678767	0.0056292783	0.0199579	-0.1427995866	-0.0994458932	0.0091699392	0.0544789266	-0.0162670856	0.0158275035	-0.0270951492	-0.0680074764	-0.1324305951	-0.0791675883	0.0443319126	-0.059272185	0.0677555528	-0.0654929788	0.0178886969	-0.0363544085	-0.0191087303	0.0373919498	0.0458376252	0.0053983326	0.0014346041	-0.0202073989	0.082489652	-0.0343276704	0.1226586504	-0.1668560396	0.0767796707	0.0392525056	0.0298781449	0.0244252606	0.027953733	0.0592511643	-0.0086866776	0.0775625261	0.0584453253	-0.0438839565	0.0077613297	0.0078668743	-0.015785264	-0.0071920834	-0.0053958189	-0.140214633	0.0634933807	-0.0262428487	0.1118086547	-0.0446211594	0.0606410225	0.0418529277	0.011384746	-0.2443159014	-0.0556371422	-0.000266104	-0.0458835949	-0.0529200246	0.0182250326	-0.0776132623	-0.0353285755	-0.053726452	-0.0140087379	-0.0024026299	-0.0713941304	-0.0016430669	-0.0173187304	-0.0244649578	-0.0423449842	-0.0172397387	0.0331478221	-0.0379224831	-0.0299042053	0.015211671	-0.0681289976	0.0228655838	0.0317282239	-0.0733752016	0.0850811316	0.0	0.0894606	-0.0105853999999999	0.0001120506931599	0.00800319895236	-0.00519459	-0.06588149	0.0043403707246201	2.69837652681e-05	0.392803	-0.0505129999999999	0.154294196809	0.0025515631689999	0.00610871	0.0006887199999999	3.73163378641e-05	4.743352383999992e-07	-0.0008319739999999	0.000623246	3.884355765161245e-07	6.921807366758336e-07	-0.000840371	0.000271929	7.062234176410001e-07	7.394538104100004e-08	0.0
4870.7935989320495	8.980073657451612	80.64172289325637	23724630.283397425	9631.591721238132	107.87632985092203	11637.302542104935	92767559.08462292	4808.723151432093	0.7665553082033512	23123818.347119	0.5876070405347347	4967.350318083437	7595.057508064091	1.25066	39.764736	0.0977377099999999	0.0424345	-0.1170091158	-0.024642572	-0.1050872632	-0.0358001263	-0.0297022128	-0.0693614105	0.0366608983	0.1037735028	0.0908543788	-0.0129626843	0.0894955191	-0.0599346249	0.0092467677	0.0303791961	-0.0488314788	0.0295968551	0.0059502577	-0.0541737623	0.12634748	-0.0365591945	-0.0408789497	-0.0519054382	-0.0010239126	0.111433443	-0.0079970533	-0.0842712314	0.0352161939	-0.111058376	-0.0006819678	-0.0301384757	-0.0514445972	0.1027342203	-0.0857034456	0.025628414	0.0525594759	-0.0100476707	-0.0213062807	0.0130429245	-0.0500306691	0.0142538972	-0.0631366735	0.0060517194	-0.0615575724	-0.0474048669	0.0466716905	-0.0232170983	-0.0570150816	-0.0248331303	0.0783987926	0.0946612833	0.0211859724	0.0060861357	-0.0443409644	-0.0016166568	-0.090811407	0.0427778054	-0.0212365574	0.0296430811	-0.0399196565	0.0163593086	-0.0514285574	-0.0650587385	-0.0496899433	-0.0989565241	0.0398800562	0.0679028139	0.0065256477	-0.0386368717	-0.0233389655	0.0535573621	-0.0636860744	-0.009358324	0.0469627572	-0.0591580735	0.0229984273	0.0100383858	-0.0196255503	0.0092915593	0.0159258688	-0.0128237741	-0.0085990239	-0.0466591991	-0.0091462849	0.0800099877	-0.1775024745	0.0440040723	-0.0535972458	0.1942863685	0.0086969999	-0.0154735017	-0.0447913376	-0.0157548961	0.0788174049	0.1463477786	-0.0175821753	0.0045102299	0.0572712244	-0.056793038	-0.0800000809	-0.0681008322	0.0211961214	0.0658578528	0.0325238919	-0.0576851538	-0.0116669527	0.0934252637	-0.013773336	-0.0419347922	0.0788714887	-0.0978799354	0.0229695557	-0.0347427224	0.0304483758	0.0700017097	-0.0405130939	-0.0294989259	-0.1086242232	-0.0229632173	0.0504134546	0.0357626672	0.0558948312	-0.0727485028	0.0286068913	0.026582408	0.0375137246	0.040152553	0.0678172739	0.0450814967	0.0689860881	0.113523624	0.0572986412	0.0033226849	0.0361142858	-0.0068433556	0.0120702644	0.0567766919	-0.0052884066	-0.0680600445	0.0829132501	0.0519215587	0.0143390496	0.0305828544	-0.0696527743	-0.0381473863	0.0148336422	-0.0858147889	0.0784974259	-0.0017094687	0.06228422	-0.013357848	0.0139681849	0.0400952152	-0.015924028	0.0868312996	-0.0022953515	0.0267839155	0.0426577063	-0.0287891076	0.0319413324	-0.0215885272	-0.0733946158	-0.0005670249	0.0186389356	-0.1279672303	0.0783397114	0.090533676	-0.0866764156	0.1499414837	0.0564414718	-0.0401192599	-0.0112322476	0.1461826668	0.012653639	0.017096598	-0.0320567067	-0.005941133	0.0506590912	0.0962471616	0.0449052788	0.0130519256	-0.0409239179	-0.0791889323	-0.0400554681	-0.0687207046	0.0247576959	0.0289654857	-0.0712696665	0.0854773608	0.0	0.101542	0.0120813999999999	0.0001459602259599	0.0103107777639999	0.00520197	0.01039656	0.0001080884598335	2.7060491880900003e-05	0.429959	0.0371559999999999	0.1848647416809999	0.0013805683359999	0.00641873	0.00031002	4.12000948129e-05	9.611240040000017e-08	-0.00117431	-0.0003423360000001	1.171939368960685e-07	1.3790039761000002e-06	-0.00095009	-0.0001097189999999	9.026710081e-07	1.2038258960999996e-08	0.0
4841.860057273681	-28.933541658368085	837.1498328965214	23443608.8142223	9550.916225889654	-80.67549534847785	6508.535549722272	91220000.75396228	4800.280505641532	-8.442645790561073	23042692.93284212	71.2782679448786	4960.132589198457	7550.171037428382	1.164933	37.039043	0.0761656299999999	0.037976	-0.0924264824	-0.049689129	0.0349272528	0.004536495	-0.0282659174	-0.0572110422	-0.0656486596	0.0875588686	0.0459690005	0.0123551142	0.0366153985	0.0502909873	-0.0146563114	-0.034051168	-0.0914765058	0.023870842	0.0079270379	-0.0607372857	-0.0296362183	-0.0113502583	-0.0271738208	-0.1027041652	0.0071270635	0.0807383541	0.0653904445	-0.0881660197	-0.0446411172	-0.0529899883	-0.1047210463	0.0594820387	-0.0423429435	-0.0399965631	-0.0763385589	-0.0197213964	-0.0069093021	0.026237872	-0.0516830771	0.1027859864	-0.0803163899	0.0010275498	-0.031603846	-0.0838455489	0.1001425804	0.032178288	0.074541661	0.0190714499	-0.0604666436	-0.0479298757	0.0116714007	0.0337772243	-0.1064193115	-0.0069381786	0.0259088905	-0.0141507952	0.0254257493	0.0419095435	-0.0543685082	0.0245363123	0.0001724062	0.0081892347	-0.0082545735	-0.1206703786	0.0466964122	0.0955999669	-0.0818625046	0.0140010049	0.0543313575	-0.0849165732	0.1206749198	0.0280858525	0.054577286	-0.0236716625	0.0068329957	-0.1245083088	0.0464001829	0.042371206	0.0634520776	0.1256506901	0.0483469393	-0.1524283021	0.0162924918	-0.0213833843	0.0292361299	-0.0355978163	-0.0762655556	-0.0349591127	0.064393311	-0.0731632696	0.0262314973	0.1309816691	-0.008707738	-0.0160181158	0.0551800247	-0.0070259606	0.0194771101	0.1096174383	-0.0195869025	0.091100326	-0.0774005608	0.0343098307	-0.0202110281	0.0456191082	0.0070194475	-0.0497812762	-0.0299948301	0.0455585464	0.010063024	-0.038125477	0.0249965187	-0.0391649963	0.06921851	0.1002383932	-0.1135047941	-0.0507017778	-0.0368934743	-0.0467705278	-0.0746167273	0.0087440927	0.1331494344	0.0732859163	-0.0688533751	-0.0323686324	-0.0320939012	-0.0482994764	0.0539827488	0.1012368211	-0.0659961282	-0.0010365188	0.0481919177	0.0657653301	0.0337315203	0.0218235929	0.0592972278	0.0056736225	-0.0768181869	-0.0318987812	0.0146188354	0.0068206408	0.0167417865	0.064636247	0.0137400442	-0.0648320281	-0.0669343665	0.0158827786	0.0482094317	-0.0303134094	-0.1621720136	0.0707829967	0.0053867505	-0.01571239	0.0686504917	0.1032165509	0.0522054932	-0.0299576829	0.0348523462	0.1415446215	0.0208252607	-0.0079457619	0.0361804496	-0.0721305823	-0.0018456289	0.0776954435	-0.1538368509	-0.0254971357	0.1508815237	-0.033091255	-0.0617274927	-0.1063004131	0.0084757399	-0.0020495067	0.0113398123	-0.0123059649	-0.144631935	0.0074781582	-0.0358364038	0.022030951	-0.0004498243	0.0469967953	-0.0290961937	0.0413256856	0.0483323608	0.0813574933	-0.0253452556	-0.0693033112	0.0266366943	0.0261682287	-0.0690131503	0.0855906817	0.0	0.0983097	-0.0032322999999999	1.0447763289999958e-05	0.00966479711409	0.0308719	0.02566993	0.0006589453062049	0.00095307420961	0.414918	-0.0150409999999999	0.172156946724	0.0002262316809999	0.00598221	-0.00043652	3.57868364841e-05	1.905497104000001e-07	-0.00122579	-5.1480000000000015e-05	2.6501904000000013e-09	1.5025611241e-06	-0.000793642	0.000156448	6.298676241640001e-07	2.4475976704000002e-08	0.0
4830.480209611517	-11.379847662164138	129.5009328140626	23333539.05544853	9536.748036653802	-14.168189235851967	200.7375862229116	90949563.11462016	4792.36101460293	-7.919491038602246	22966724.09428602	62.71833831050128	4953.039481617056	7519.5321169085455	1.09687	34.874992	0.0814092999999999	0.0377643	-0.033018219	-0.0281388633	-0.0918115454	-0.0120811838	-0.0855027265	-0.0859943777	0.0263229768	0.0593620961	0.0010845605	0.0312686146	0.0731191646	0.0093353396	-0.0674553484	-0.0075106633	-0.0307582183	0.0105060036	-0.0228270361	-0.0124197459	0.0246778069	-0.0329763949	-0.0687700096	-0.0529611969	-0.0673827742	-0.0655683815	0.0393469913	-0.0414443632	-0.0583533675	-0.0178748722	0.0681890251	-0.0697086968	0.0087284095	0.0377703379	0.0406931873	-0.1455283474	0.0603161425	-0.0567167047	-0.0219915049	0.0525911918	-0.0105714424	0.0098991132	0.0322297942	0.0103236294	-0.0563819706	0.0457894119	-0.0156364246	-0.0400222619	-0.0448502282	-0.037573848	-0.0239692767	0.0409314138	-0.0272420091	0.0129807729	-0.0005238938	-0.0044592271	0.0838078862	-0.034577995	0.098566741	0.0119047993	0.0116665109	0.0445996505	0.0884473032	0.0429190227	0.0448636802	-0.0943882726	0.0498966968	-0.0443897788	0.0269700613	0.0043191927	0.0437249526	0.0977629901	0.0373776144	0.0351039191	-0.0406507839	-0.0056730833	0.1396883659	-0.0274365151	0.0598210298	0.0392697142	-0.0072098933	0.0324096691	0.0020984231	0.0500455386	0.0694361314	-0.054325784	-0.0892499014	0.1064446683	0.0247225304	0.0398503479	-0.0554532378	0.0722688105	0.1302389195	0.0781452033	-0.0390867518	0.0374375677	-0.0353271971	0.0023757222	-0.0273393535	0.005454464	-0.0566126064	0.0187328982	-0.0304523302	0.0606325169	0.0469325457	0.0163753418	0.0579147363	-0.0490471063	-0.0220416154	0.0102547278	-0.0730809617	0.0026421998	0.0673934251	-0.0218805743	0.0257775512	-0.019119605	0.0310258165	0.1720951307	-0.0452265025	0.0333613297	0.1212498005	0.0250122932	0.0039073374	0.0322622467	-0.028923029	0.0023554508	-0.0057421213	-0.0373288216	0.0796266405	0.0406018602	-0.0103066636	0.0509391946	0.0014285294	0.0048642769	0.018771633	0.0112878025	-0.0013886385	-0.0017538194	-0.0213098897	0.0434604153	-0.0228077961	-0.0965505644	-0.0580047063	-0.0207653253	0.0345269473	-0.0249144365	0.1100750914	-0.0136126851	0.0586978826	-0.0117940914	-0.0476099118	0.0238824551	-0.06429462	0.0760855527	-0.0135838621	-0.0480984862	-0.0112458047	0.0274142152	0.1522704248	-0.052805725	-0.0037457127	-0.0593183416	-0.0353643033	0.0088203728	-0.0651902784	0.0344040478	0.0032242696	-0.1168989978	-0.0890954948	0.0176367843	0.1231833341	0.0425341356	0.0329966517	0.0862108309	0.0204701225	-0.0136497792	-0.0054327096	0.0063043027	0.0002000448	-0.0383639415	0.0114259114	0.1234058377	-0.0064324034	-0.0183171411	0.0566933481	-0.0698767404	0.0285015838	0.0233397865	-0.0666104333	0.0854207191	0.0	0.108703	0.0103932999999999	0.0001080206848899	0.0118163422089999	0.0126689	-0.018203	0.000331349209	0.00016050102721	0.430627	0.0157089999999999	0.1854396131289999	0.0002467726809999	0.00568647	-0.00029574	3.23359410609e-05	8.746214760000003e-08	-0.00164509	-0.0004193	1.7581249000000004e-07	2.7063211081000004e-06	-0.000766602	2.7039999999999985e-05	5.876786264040001e-07	7.311615999999992e-10	0.0
4816.400233119748	-14.07997649176923	198.24573800877417	23197711.205595963	9504.341114756024	-32.406921897778375	1050.2085868887075	90332500.02564175	4791.441299566702	-0.919715036227899	22957909.72719344	0.8458757478636855	4955.127925375966	7450.558993593181	1.067612	33.94474	0.0921732999999999	0.0553787	0.0004029619	-0.074430419	0.0112375774	0.0091668834	-0.0559247028	-0.0856124239	-0.0383220561	0.0186593496	-0.0314131384	0.0201122158	0.048496001	0.0792599337	-0.0033023353	-0.1033820894	-0.0589741257	0.0376875567	0.0280650196	0.1049262289	0.0339604295	-0.038780169	-0.0931181652	-0.0028114629	0.031927391	-0.0124380808	-0.0381918344	-0.0495912238	0.1261343205	0.0010137629	-0.0215679169	0.0230513652	0.085273615	0.0747362559	-0.0381837299	-0.0006706082	-0.0068098017	-0.0367642044	0.0452903555	-0.0717471567	0.0698389052	0.0439418263	0.0161013572	0.0320754606	0.0443465548	0.0203992371	0.105843024	0.0020885803	-0.1282090808	0.0394710394	0.010408746	0.0247465938	-0.0722243519	0.0316983125	0.0164363874	0.0544897952	0.0233916913	0.0347985275	0.0424698053	-0.0821047042	0.1056541362	-0.0342182798	-0.0219887281	-0.0086628236	-0.0039097851	-0.0453648143	0.0230815913	-0.0468486325	-0.0744594517	-0.0045830938	-0.1694879926	-0.046318654	-0.0017315026	-0.0509950446	-0.0199474079	0.105645132	0.1093666332	0.0410781076	-0.0379971077	-0.0570443444	0.0458146111	0.0126445268	-0.0146691357	0.0797036836	-0.035181913	-0.0657182049	0.0727616689	-0.0421421972	0.160616174	-0.0128022184	0.1064422929	0.0547772416	-0.0370199514	-0.0846445651	0.0329179221	-0.0974339569	0.0451725214	0.0641826856	0.0931814576	-0.0315207664	-0.0286808244	-0.044692394	-0.0201929704	0.0433215274	0.0713356429	0.0760558132	-0.0515276624	-0.0464504401	-0.0390381656	-0.0732194332	0.0599263945	0.036155243	-0.022563533	0.0012673743	0.0489483334	-0.010463341	0.0749389007	-0.0572337301	-0.079692055	-0.0227016951	0.0018522081	-0.0195949181	0.0999283995	0.0518625317	-0.0241901303	-0.0038440898	0.0671041361	-0.0292332279	-0.0244647391	0.0905954098	0.0418536367	-0.0090285479	0.1159766526	0.0017357182	0.0333626415	0.0102857465	-0.0424419784	-0.1345048564	-0.0150418676	0.0038224861	-0.0759238051	-0.0339730032	-0.0044397038	0.0546518246	-0.0715793199	0.051776849	-0.0116417592	-0.0072863883	0.0740587687	-0.0061959596	-0.0631270587	-0.0497159129	0.0095355796	-0.1314194306	-0.0574316967	-0.0100375277	-0.028366272	-0.0383610426	0.0240668415	-0.0181253638	0.0615035638	-0.0498734666	-0.0646559013	-0.0271728515	-0.0091813275	-0.0457010752	-0.0657225017	-0.0192962158	-0.1895906787	-0.0434487228	-0.1694606036	0.012215585	0.1151013864	-0.1132074906	-0.0942183987	-0.0137603397	0.0811758572	-0.0180151629	-0.0914985948	0.0222525722	-0.1015791539	-0.0333085425	0.0017094175	-0.1078437661	-0.0001570569	-0.0704409161	0.0303513764	0.0204835299	-0.0640666057	0.0849680357	0.0	0.117273	0.00857	7.344490000000014e-05	0.013752956529	0.0622281	0.0495592	0.00245611430464	0.00387233642961	0.42068	-0.0099469999999999	0.1769716624	9.894280899999968e-05	0.00545509	-0.0002313799999999	2.9758006908100003e-05	5.35367043999999e-08	-0.00161643	2.8660000000000014e-05	8.213956000000006e-10	2.6128459449000005e-06	-0.0005447	0.000221902	2.9669809e-07	4.924049760400002e-08	0.0
4810.18631235272	-6.2139207670279575	38.61281129890132	23137892.359545454	9414.067491741273	-90.27362301475114	8149.327012209406	88624666.73905982	4791.767377254524	0.3260776878223623	22961034.5977207	0.106326658495578	4952.922228725453	7404.82524944512	1.108876	35.256718	0.0493147499999999	0.0282343	0.0519605179	-0.003719793	-0.0909825897	0.0612182039	-0.048328058	-0.0358769587	-0.0351907002	0.0067267892	-0.1259912493	-0.0569933261	0.0216448437	-0.0327767722	-0.0563498346	-0.029021065	-0.0131851047	0.0073234132	-0.0380915619	0.0279084436	0.0017381352	-0.0300249502	-0.0484057734	0.0422843282	0.053342334	0.025980722	-0.0028622238	-0.0076229119	0.0975556881	0.0455709019	0.1188972692	0.0431761872	0.0767192394	0.0077150366	0.0311046533	0.0071217959	-0.0337452143	0.0992356658	-0.0423576607	-0.0615000773	0.0593199979	0.0171344412	-0.0240349423	-0.016697584	0.0598708774	-0.0931792272	-0.0227895626	-0.0534905058	0.0425640438	-0.0569111383	0.0368677377	0.0486395879	0.0440969046	-0.0789760025	-0.0122682842	0.0184983211	0.0019053605	0.0327242962	0.0379545062	-0.0388119385	-0.021827927	0.0088924729	0.0947361594	-0.1292578889	0.0109022253	0.032459969	-0.0796531661	-0.070909525	0.0410454356	0.0466912974	-0.0149038018	0.0201727025	0.0728597719	-0.0482010199	-0.0670329299	-0.0221377638	0.0891577898	-0.0620147579	0.0214825026	0.1263597595	-0.0537179465	0.0913114052	-0.062961511	0.0039857002	-0.0111403436	-0.0098804357	0.1264017228	0.0530817286	-0.1082166479	0.0445493777	-0.0738770556	-0.0292323887	0.0589408042	0.0908389532	0.0010487435	-0.0763060726	0.0185367405	-0.0108656143	0.0555003317	0.081000204	-0.0336481637	0.0841419074	-0.0389928001	0.0210831963	0.0552020844	0.0642372041	-0.0417347745	0.009814756	0.0182689843	-0.0580003042	0.0372039581	0.0646900775	-0.0423443178	-0.0646580482	0.0519788533	-0.1011187586	0.0566507428	-0.0138624593	0.0098929105	-0.0232646679	-0.0590839076	-0.0990083341	0.0209697035	-0.0283439131	0.0834702929	-0.0793466384	-0.0212102689	0.0793404287	0.0004712701	0.0320711792	-0.0066206658	0.0383521734	-0.0723704315	-0.0379234765	-0.0349988713	0.0626226499	0.0578247125	-0.010762295	0.0010695811	-0.0315392877	0.0051618474	0.0606105628	-0.05312211	-0.027871987	-0.0244436668	0.0835538919	0.0925297073	-0.0656715286	-0.0522614153	-0.0528735482	-0.1028026487	-0.0297345321	0.0462575221	-0.0446077194	0.0365728195	-0.0206884883	-0.0241701426	0.0663547066	0.097420672	-0.0681244074	-0.0677532679	-0.0619340354	-0.0633193789	0.0619170255	0.1017444281	0.0396319671	-0.0011857843	-0.0319598698	0.142572852	-0.0197655046	0.1055236726	-0.013325672	0.1183254605	-0.0448072043	0.028406175	-0.124726296	-0.0570185815	0.0361895138	0.0363220229	-0.0978687339	-0.0353241026	-0.0563258539	0.0184754532	0.0167787157	0.006346532	-0.0709957637	0.0321850925	0.0176028627	-0.0613870563	0.0842341297	0.0	0.119111	0.0018379999999999	3.378243999999972e-06	0.0141874303209999	0.0390367	-0.0231914	0.00053784103396	0.00152386394689	0.426208	0.0055279999999999	0.1816532592639999	3.055878399999975e-05	0.00568542	0.0002303299999999	3.23240005764e-05	5.3051908899999983e-08	-0.00162623	-9.799999999999911e-06	9.603999999999828e-11	2.6446240129e-06	-0.000679717	-0.000135017	4.6201520008900004e-07	1.8229590289000025e-08	0.0
4813.799769017276	3.613456664555997	13.057069066624152	23172668.21619078	9444.7862189626	30.718727221326844	943.6402020982867	89203986.72190583	4795.788334554347	4.02095729982284	22999585.74984756	16.168097606998582	4957.467373363054	7372.029892122014	1.063282	33.807064	0.0507638499999999	0.0245899	0.0543688496	-0.0863502754	-0.0166269503	0.0284867371	-0.0064289305	-0.0098482814	0.0569768016	0.0056315002	-0.1032782994	0.0216447925	-0.0483250837	0.0270836463	-0.0132961582	-0.0365242717	0.0363805302	0.0915487454	-0.0285555444	0.0139830289	0.0404634509	-0.0643599366	-0.0743059873	0.1241762835	-0.0143941061	-0.0083288138	0.0235695858	0.0117492753	0.0279397895	-0.0283489988	-0.0275640164	-0.0090704306	0.0501890591	0.0210699679	0.060835866	0.0335144708	-0.0952360319	0.0088008642	-0.0397467823	-0.0554473829	0.0595887447	-0.0176331498	-0.0211677048	0.0214901277	0.1167347437	0.0534857994	-0.0605512886	0.055417448	-0.0446594929	-0.0510478535	0.0779521883	0.0299489152	0.0305391107	-0.0298296476	-0.0310242118	0.0101812491	-0.0100559152	0.0437142987	0.0644478411	0.0578259992	0.0504558185	-0.0300093334	-0.0401960097	0.0508578636	0.0149268969	-0.0005519495	-0.0290462402	-0.0636208221	-0.00357907	-0.00916811	-0.0055079289	-0.0348605934	0.0487930567	-0.0349776237	-0.018562074	-0.0233917754	-0.0579652019	-0.0409760613	0.022418552	-0.0346848132	-0.1510237404	-0.0581035484	-0.0883918872	0.029671345	0.0152972305	0.1143653769	-0.0439970121	0.0801163172	0.1023445404	-0.0184865491	0.0652899761	0.0448383316	0.0524122244	-0.008820108	0.0227935614	0.0758081711	-0.0508427333	0.0360663078	0.0186489338	0.0871692512	0.0416351186	0.0122258078	-0.0481090761	0.0196182159	0.1007161157	0.1047813056	0.0707681611	-0.0169181543	0.0324138293	-0.0024449296	0.052257731	-0.0217343956	-0.0003759355	-0.0282622514	-0.0386743564	-0.0239974696	0.1075752286	-0.0548062663	-0.004883972	-0.0465010223	-0.0330267561	-0.104072635	-0.0004716966	0.0664844425	-0.0098932042	0.0212326494	0.0475147536	0.0357231241	-0.0012269578	-0.0784008533	-0.0069799114	0.0552624274	-0.0383418328	-0.0877683761	-0.0221232692	0.0287290022	0.0311580823	-0.0649198653	0.012730561	-0.0260252134	0.0021539951	-0.0404037555	-0.009052471	0.0102254015	-0.0049961622	-0.0108174928	-0.0657489901	0.0056214978	-0.0346148075	-0.0162551778	-0.0270368604	-0.0076515838	-0.0480291702	-0.006100305	0.0167935751	-0.0289552131	-0.0056729606	0.0690560959	0.0660005254	0.0249390979	-0.0124374895	0.0617061379	0.1355083391	0.0273950719	0.078723252	-0.0970433551	0.0738720847	-0.0529486039	-0.064018641	0.012270317	-0.0852496158	0.1295660493	0.0624858828	0.0019690054	0.0289946069	0.0576480232	-0.0318485886	0.0382360306	0.0849329565	-0.0145089716	0.0461015766	0.0506210304	0.0756945118	-0.0175850678	-0.0553393082	-0.0715412097	0.0340017607	0.0147012178	-0.0585774616	0.0832214302	0.0	0.117857	-0.0012539999999999	1.572515999999978e-06	0.013890272449	0.0496054	0.0105687	0.00011169741969	0.00246069570916	0.421281	-0.0049269999999999	0.177477680961	2.42753289999996e-05	0.00538371	-0.00030171	2.89843333641e-05	9.10289241000001e-08	-0.00149899	0.00012724	1.619001760000001e-08	2.2469710201e-06	-0.000428384	0.000251333	1.8351285145600005e-07	6.316827688900001e-08	0.0
4809.878640938245	-3.921128079031405	15.375245412168516	23134932.54055393	9454.009598143362	9.223379180763004	85.07072351213243	89378297.48178682	4785.476314256172	-10.312020298174502	22900783.55430684	106.33776262996297	4946.320557718509	7413.446684557646	1.055051	33.545353	0.06079045	0.028237	0.0627765803	0.0005290762	-0.0634724275	0.057628095	-0.0563573691	-0.0023571066	-0.0514972021	-0.0046523759	-0.0848089363	-0.0345804454	0.0153122045	-0.0364612148	-0.0392966179	0.0250606321	-0.0273827153	0.0092353247	-0.0203834955	0.0315135788	0.0918175199	0.0383553081	-0.0803925802	0.0915874568	0.0064024799	-0.0112144575	-0.0270671914	0.141061035	-0.1034443998	-0.1368313453	-0.0347146484	0.0256847469	0.0355019376	-0.048143312	-0.014354918	0.0202555533	-0.1099020303	0.0091484244	-0.074545478	-0.0213233252	0.0915757588	0.0130162272	-0.0666562439	0.0749115893	-0.0337932627	0.0822359336	-0.0571959805	-0.0397497038	0.0302887177	0.0821504341	-0.1170232567	-0.05911121	-0.0901845629	0.0410078112	0.0642867116	0.0207108128	-0.0057395808	-0.0152454259	-0.0410306095	-0.019363971	-0.0847698742	0.0086725346	-0.0314956348	-0.0139633258	0.0610343601	0.0815556938	-0.0056721809	0.0086705105	-0.0781824711	-0.0448440938	-0.0166874136	-0.0238765027	-0.0164972756	-0.0738412501	-0.0751151261	-0.0403692257	-0.0319206236	-0.0969647648	0.0908996088	0.0028454399	0.0282327414	0.0807690849	0.0459506588	0.0630720003	-0.0534589772	-0.0699706174	0.0232462824	0.0155695873	-6.34486e-05	-0.0277601405	-0.0561242174	0.0832841651	0.1162718215	0.0822422352	-0.0151365389	0.0533095611	0.058694635	-0.1046314682	0.0729759414	-0.0948524183	0.0611692689	0.0782701147	9.21697e-05	0.0404867045	-0.003429527	0.111979415	0.0349187384	0.0014779587	0.0171022048	0.1635066209	0.068722129	-0.0953843444	-0.0199083044	0.0053540353	-0.066158349	-0.0866948683	0.0058027422	-0.008327329	0.0010363046	-0.0223595299	0.006382923	-0.0544266496	-0.0537186511	0.0289669956	0.0918249575	0.0504470427	0.0810230155	-0.077623362	0.0252418803	-0.013684807	-0.107984858	-0.1820525663	-0.0137100415	0.0387126033	-0.0042268395	-0.0771950241	-0.0970241148	-0.0223670466	-0.0088725894	-0.0093488197	0.0119523465	0.0370194689	-0.0334303353	-0.0048268733	0.0646358994	-0.0136423872	-0.0221272051	0.0808048897	-0.0406396268	0.0266321346	-0.0098486965	-0.0961862771	0.0512540525	-0.0400796708	-0.0194053044	0.0002907915	-0.0681912485	0.0476489297	-0.0769021017	-0.1063290468	-0.1165101728	0.039698049	0.0142754706	0.0632593038	0.0073159486	0.1131919688	-0.0622437134	-0.0389824497	0.0227169899	-0.0989421088	0.076778546	0.0008446782	0.0462449743	0.0493709296	0.0140575994	0.0875475126	0.0324049343	0.0125281612	0.0460319116	0.0227997066	0.066904327	-0.0321877242	-0.0421580014	-0.0336685649	0.090798381	-0.0720771819	0.0358004188	0.0117820532	-0.0556437736	0.0819332888	0.0	0.118986	0.0011289999999999	1.27464099999998e-06	0.014157668196	0.0635793	0.0139739	0.00019526988121	0.00404232738849	0.408425	-0.012856	0.166810980625	0.000165276736	0.00560882	0.0002251099999999	3.14588617924e-05	5.067451209999988e-08	-0.00176313	-0.0002641399999999	6.976993959999997e-08	3.1086273969e-06	-0.000595765	-0.000167381	3.549359352250001e-07	2.801639916100001e-08	0.0
4803.817118497802	-6.061522440442786	36.74205429599147	23076658.90797253	9438.774832036506	-15.234766106856114	232.09809833061175	89090470.32988578	4786.80568178088	1.3293675247077772	22913508.63512972	1.767218015747683	4947.760502358409	7340.259539677231	1.050257	33.392929	0.0547563999999999	0.0296847	0.0721544071	-0.0747939888	-0.0196174815	0.0122529338	0.0086439585	0.009976549	0.090792387	-0.0185732647	-0.1062756373	-0.0066240963	0.0310562305	0.0618488117	-0.0311330903	-0.0208900762	0.0285256025	0.1198079852	0.0271350979	0.0294504651	0.0009384808	0.0440959823	-0.0714344419	0.0645574689	-0.0075647286	-0.0318510956	-0.0272337934	-0.0232952118	0.103081601	0.0086815914	-0.0776698891	-0.0043930169	0.0156574478	-0.1077524036	-0.0007258451	0.0549636129	0.0199605223	-0.0029807132	0.0193302333	-0.0487758266	0.0172270088	-0.0570797	-0.049363841	0.0279794871	-0.0177246141	0.0417820758	-0.0031476497	-0.0156858789	-0.1227147775	-0.0094006817	0.0456666609	-0.0204062797	-0.0581728419	0.0170897829	-0.0516812885	0.0174233328	-0.0724822486	-0.1237688082	-0.052752983	0.0154633012	-0.0070294566	-0.0670061382	0.1025831923	0.0533375963	0.1611340734	-0.0321664728	0.0188893075	-0.0134285553	0.1456820124	0.0047255425	-0.0404887752	-0.0482930876	-0.0655344018	0.0518220989	-0.0735098955	-0.037712562	-0.0184736486	0.0229845983	-0.0665323859	-0.0933784273	-0.106791927	-0.0003980945	-0.0026308487	0.07091076	0.0485861366	0.0091283301	0.0063143522	-0.0009173133	0.0657627937	0.0002600333	-0.1012388042	-0.0735796666	-0.0565136937	-0.0384205747	0.0168575542	-0.0069105234	0.0536935605	-0.0206970188	0.0491180339	0.0053260394	-0.0648818432	0.0434623704	-0.0308062813	0.0271600436	-0.0002716024	0.1268002682	0.03091481	-0.0706738742	-0.0334494866	-0.0440090397	0.071035743	0.0247021063	0.0394417964	-0.0020926483	-0.0347700328	-0.0149910951	-0.0014067693	-0.0827882438	0.0741881653	-0.0356949645	-0.0426791692	0.0230126426	0.0075295562	0.041282612	-0.0074002602	0.0335813897	0.0165146719	0.0452985459	0.0966809829	-0.0007282354	0.0123917463	0.0629963093	0.113123028	0.0743994395	0.0591479907	0.0204921656	0.0130685109	0.0397667691	-0.019758109	-0.0656821181	-0.0550202584	-0.0323690425	0.0865175963	0.0025370444	0.1106411151	0.0273847867	0.0892822698	0.0763127411	-0.0436181612	0.1171113016	-0.0211623655	0.0194370098	-0.0382913092	-0.0804355223	0.0279067132	0.0252832599	-0.0262801796	-0.0261914133	0.0215479795	0.0421120975	0.0550040804	0.055874667	0.072863551	-0.1051163162	0.0368759781	0.0454081039	-0.0914114591	-0.0352076589	-0.0257775026	0.0306616475	-0.065024536	0.0690123362	-0.0815415222	0.0302103217	-0.0226728916	-0.1027548223	-0.01976646	0.0321942091	0.0682893368	0.0148165074	-0.0388520433	-0.0539571209	-0.0048967445	-0.0042041448	0.0312998417	-0.0726036092	0.0375801141	0.0088488477	-0.0525922072	0.0803739691	0.0	0.118485	-0.000501	2.510010000000015e-07	0.0140386952249999	0.0457287	-0.0178506	0.00031864392036	0.00209111400369	0.392782	-0.0156429999999999	0.154277699524	0.0002447034489999	0.00563988	3.106000000000029e-05	3.18082464144e-05	9.647236000000179e-10	-0.00143468	0.0003284499999999	1.0787940249999993e-07	2.0583067024e-06	-0.000651491	-5.572599999999997e-05	4.24440523081e-07	3.105387075999997e-09	0.0
4810.196191038693	6.379072540890775	40.692566481946685	23137987.396283142	9418.863374335911	-19.91145770059484	396.4661477625775	88714987.26440647	4780.360616219144	-6.445065561736556	22851847.62109907	41.538870095082544	4942.477851109789	7362.1584410078685	1.088882	34.620998	0.0718878499999999	0.0395511	0.0732031763	0.0112899055	-0.0381626977	0.1157410437	-0.0507508067	0.0824712112	-0.050195013	0.0150452659	-0.1051290741	-0.0519221619	-0.0200679314	-0.0415273808	-0.0346909373	0.0968415224	-0.008411973	0.0185254706	0.0363204241	0.0291309919	0.0496529401	0.0697250142	-0.0599155977	0.0599699416	-0.1232710228	0.080817005	0.0455130734	-0.013061997	0.0453046818	0.0063644857	-0.0655456929	-0.0220841325	0.0693382064	-0.0021747392	0.0695891648	0.0210718973	0.0467026638	0.0574203915	-0.0171456689	-0.0525153449	0.0829313174	-0.0153010487	-0.063328431	-0.088148027	-0.0461103517	0.1364327173	0.0589276939	0.0761503022	0.0475611886	-0.0610987071	-0.0018679316	-0.033318087	0.0080473995	-0.0075077706	0.0026176572	0.0360968484	-0.0120181434	-0.0235318204	0.0703829212	-0.0731944358	0.0334695194	-0.027208952	-0.0153725347	0.0392960097	0.0195438061	0.0354791343	0.0288016654	-0.0597894915	-0.0614053919	0.030956438	0.0786630771	-0.0832632715	0.0288126232	0.0706573527	0.0066048337	0.0790956933	0.1006449649	-0.0261514039	-0.1295075105	0.1180194819	0.0776985804	-0.0593002456	-0.0536894755	0.0001391229	-0.021146788	0.0179611873	-0.0578450477	-0.0201559108	0.0561637999	-0.0634463512	-0.0356626351	-0.035195146	0.0773396887	-0.0313711953	-0.0007384813	0.0151439018	0.0432450749	0.0113647901	0.0399771697	-0.023761102	-0.0311186037	0.1098402469	-0.0158638751	0.0393649617	-0.031110246	0.100774988	0.1179886202	0.0339884978	-0.0328702493	-0.085161769	0.0875561215	0.058172819	0.0698429804	0.0300548304	-0.0364804746	0.0038656116	0.0730991323	0.0592870864	0.0064563219	-0.0623040758	-0.0866128955	0.0108797383	-0.0550696946	0.0667800097	0.0889853324	0.0151638142	0.0839519381	-0.0691731844	-0.0855191531	-0.0351053563	0.0201716084	0.0363771034	-0.0280024901	0.0197545021	0.0368577074	-0.0175263317	-0.0016989183	0.0500076786	-0.0040458712	-0.0098234025	-0.0639971156	-0.0108728147	-0.0505237213	0.0695384399	-0.0372261701	0.0378568941	-0.0199490157	0.0353278351	-0.0099454598	-0.0350856505	0.0034000988	0.0096159621	-0.0652005293	0.0047978558	0.0836258749	-0.1027306413	0.039757146	-0.0554333244	0.0063659411	0.1034572115	-0.037741613	-0.165873395	-0.0599822676	-0.0294661125	-0.0118932862	0.018127562	0.067163308	-0.0056013243	-0.0407157828	-0.1004341686	-0.0276211559	0.045971687	-0.0046232592	-0.0155059716	0.0045518156	-0.0454126775	0.0249983791	-0.063597324	0.0223384988	0.105955104	0.0182057871	-0.0562955811	-0.0071074525	0.052883666	0.0389754785	-0.0731204221	0.0393399038	0.0059050968	-0.049429227	0.078548632	0.0	0.12351	0.005025	2.5250625000000017e-05	0.0152547200999999	0.0199776	-0.0257510999999999	0.0006631191512099	0.00039910450176	0.420133	0.0273509999999999	0.1765117376889999	0.0007480772009999	0.00563865	-1.2299999999996342e-06	3.17943738225e-05	1.5128999999990999e-12	-0.00164605	-0.00021137	4.46772769e-08	2.7094806025e-06	-0.000588876	6.261500000000002e-05	3.46774943376e-07	3.920638225000002e-09	0.0
4818.053915772903	7.857724734210024	61.74383799861599	23213643.5352946	9446.989952561958	28.12657822604706	791.1044027059445	89245619.16380659	4791.427545814136	11.06692959499196	22957777.92678647	122.47693066050894	4952.874019305613	7305.431969619916	1.070335	34.0313	0.0419551499999999	0.0239694	0.056395893	-0.0580244354	-0.0297042324	0.0461434227	0.0756921878	0.0501365092	0.0794769952	-0.000867398	-0.0618092976	-0.040258591	-0.0396625958	0.0853261741	-0.0001805889	0.0732088771	0.0673052912	0.1491484041	0.0576398822	-0.0512716071	0.0032274756	0.0166180245	-0.0458929898	0.0052700658	0.0194444177	0.0989936983	0.0921648401	-0.1120554037	0.0800491226	0.0192123289	-0.0541924787	0.0277130308	0.04072652	-0.0539588603	-0.0656333511	-0.0883393068	-0.1089068675	-0.0144360594	-0.0817800855	0.0626224775	-0.0673197372	0.0763837937	-0.0278627186	0.0508111039	-0.0680852386	-0.1347024202	-0.0426688016	0.0113211102	0.0276871535	-0.0932181011	0.1314881321	-0.074387421	-0.0571978436	0.039471566	-0.0612099832	0.0896246889	0.0098934452	-0.0156414041	-0.0496241923	0.1053964308	0.0732981205	-0.0339969426	-0.0171817681	-0.0299938906	-0.0250357653	0.0573447367	-0.0195949685	-0.0476671859	0.0408723596	-0.0208603276	0.0335125959	0.0344998241	-0.029450561	-0.0121387748	0.0131233561	0.0882088686	0.0077761506	0.0354603098	-0.0631048124	0.0807912544	-0.0703350761	0.0926010346	0.0678645277	-0.0400782063	-0.0587286423	-0.0081562063	-0.0644687575	0.0316003651	-0.0042071052	-0.1097031455	0.0677632362	0.04012961	-0.0373894663	0.0003124463	-0.0537371385	-0.0108355323	0.008593875	0.0295638726	-0.0514908003	-0.015461438	0.0840208305	0.0586956305	0.0126390368	0.030178877	0.0072281875	0.0541618388	0.0214458263	0.0292230281	0.0600554031	-0.1139199279	0.0756011894	0.0218323823	0.1205574688	0.0531925387	-0.014239812	-0.0502625013	-0.0137769722	-0.0979496741	0.013977973	0.0475623038	0.1408846183	-0.0954738148	0.0428401589	-0.1515225386	0.0209583543	-0.0086861825	-0.041881967	-0.0034200969	0.0924098469	-0.065181134	0.0397410495	0.097995998	-0.0760929397	0.1261766608	0.0244932313	0.0906609141	0.0245346482	-0.0675505957	-0.0367912871	0.0280856064	0.0337318656	-0.0358830094	0.0833803909	-0.0603884474	-0.0536322839	0.0230752111	-0.0564920882	-0.0192785972	-0.0345097937	-0.0300901261	-0.0500368606	0.0311005393	0.0262098941	0.0295758759	-0.022465034	-0.0245244752	-0.0547643769	-0.0601696292	0.0189602823	0.0956182125	-0.0734011541	0.0339775986	-0.0517985033	0.0550010795	-0.0011977633	-0.0602638192	-0.0418142424	0.045876006	0.0126228946	-0.0917154355	0.0238603023	0.0479608545	-0.0610133627	-0.0579025209	0.0150321647	0.124040506	-0.0157122047	-0.0089747659	-0.0082155708	0.0106722463	0.0076563002	-0.0417262024	0.0794822748	0.1116655789	0.0128551827	-0.0736275519	0.0410788559	0.0029543088	-0.0461615335	0.0764633189	0.0	0.117944	-0.005566	3.098035600000002e-05	0.0139107871359999	0.0222223	0.0022446999999999	5.0386780899999946e-06	0.00049383061729	0.400234	-0.019899	0.1601872547559999	0.000395970201	0.00571936	8.070999999999946e-05	3.27110788096e-05	6.514104099999913e-09	-0.0014626	0.0001834499999999	3.3653902499999975e-08	2.1391987600000004e-06	-0.000568127	2.0749000000000028e-05	3.22768288129e-07	4.3052100100000117e-10	0.0
4828.851256373208	10.797340600305688	116.5825640390096	23317804.45617711	9464.194314765018	17.204362203059645	295.9900788140673	89570974.0276305	4793.128658192681	1.7011123785450764	22974082.333987966	2.893783324439287	4952.040004570226	7392.367436019232	1.102205	35.044613	0.0483551499999999	0.0252157	0.0180019646	0.0082953284	-0.0117195446	0.10030893	-0.0219869538	0.1331573329	-0.0333876398	0.0392001202	-0.0622433619	-0.1067176755	-0.0474830922	0.0057575471	0.0026351159	0.0990881695	0.0465396843	0.0171025499	-0.0740177575	0.0414704617	0.0575343467	0.0352426166	-0.0429397355	-0.0605163368	-0.0298665859	0.0007391681	0.0841629022	0.0176648439	0.004439092	0.0509001357	-0.0908961312	0.0747217432	-0.0566724931	-0.0213574959	0.0098456125	-0.0430263823	-0.0215431001	-0.0305744403	-0.006500761	-0.0981943205	0.0497083644	0.0040039795	0.022013709	-0.1136200272	0.0273826721	0.0606077198	0.0155869627	-0.0429713576	0.0381818328	-0.0308583399	0.0356487776	-0.1456840028	-0.0073216272	0.1012703908	0.0146825487	0.0733975387	0.03613888	0.0084302868	0.0567958153	-0.0795750953	0.0049399661	-0.0011044428	0.072679364	0.0612849969	0.0038251584	-0.0557308409	-0.1093056846	0.075084855	0.0623272115	-0.0110111354	-0.051673745	-0.1748997239	-0.0035266546	0.0112742999	-0.0153492384	-0.047871656	-0.0878522686	0.0508708461	0.0368369174	0.0052766165	-0.0233253921	-0.0703190102	-0.0579543805	-0.0396725979	0.0060989045	-0.0071469066	-0.0302075081	0.0373746678	0.0167901133	0.0358243877	-0.055828829	0.0023227468	0.0208908271	-0.0527150393	0.0916389234	-0.0593937997	0.0829495271	-0.0579708427	-0.0757893602	0.0127303264	-0.0261218199	0.0491429021	-0.0711596236	0.0883094873	-0.038377655	-0.0230561444	0.0257167751	-0.0460595302	0.0235248245	-0.0436231128	0.0206089752	0.0684474099	0.0413780687	0.0911040101	-0.1020060651	0.0075748361	-0.0511916135	0.0287662215	0.063263533	-0.0498313589	-0.0364586391	-0.1030317542	0.0173250398	0.0635314451	0.0122665556	-0.0106982016	0.043152842	-0.0216148269	-0.1390020557	-0.0632218597	-0.0751218022	0.0750708561	-0.0079341658	0.1040120744	-0.0556503825	-0.0391100286	-0.021417772	-0.0911299612	-0.0279441588	0.0542717781	-0.0427569602	-0.074611131	-0.0322845907	0.0316752337	0.127593953	0.0359008823	0.0336992527	-0.0447531195	-0.0006182452	0.0454195709	0.0627915928	0.0031273123	0.0479615754	-0.0787333177	0.1171186547	0.0351803781	0.0665023978	0.0017238034	-0.0466534239	-0.0162850148	0.078798374	0.0259974925	0.0710497297	0.0006330632	0.0334076267	-0.0662590164	0.0501070255	-0.0073012454	0.0009474051	-0.0095471379	0.0554783801	-0.0023205829	0.0130060043	0.0919869865	-0.0032588398	-0.0371788048	0.0538222853	0.125311485	-0.0349979039	-0.0136193476	-0.0822779388	-0.0308282279	-0.0670109083	0.0348430201	0.0259237746	-0.0741249317	0.0427960493	0.0	-0.0427960493	0.0741249317	0.0	0.111064	-0.0068799999999999	4.7334399999999965e-05	0.012335212096	0.0268728	0.0046504999999999	2.1627150249999984e-05	0.00072214737984	0.375779	-0.024455	0.141209856841	0.000598047025	0.00555994	-0.0001594199999999	3.09129328036e-05	2.5414736399999853e-08	-0.00147555	-1.2949999999999854e-05	1.6770249999999622e-10	2.1772478025e-06	-0.000493104	7.502300000000002e-05	2.43151554816e-07	5.628450529000002e-09	0.0
4836.869641705815	8.018385332607068	64.29450334216816	23395307.930855345	9452.396202927	-11.798111838017576	139.19544294237045	89347793.97710878	4791.471108969156	-1.6575492235242564	22958195.38808612	2.747469428405865	4951.419430719394	7373.293519135072	1.080733	34.361904	0.0450878	0.020189	-0.003764476	-0.0322214581	-0.0263361111	0.0009036626	0.0778996002	0.0539582561	0.0164064843	0.0081807909	-0.0038527283	-0.0010287048	-0.0919923743	0.1087655071	-0.0402077494	0.0702804036	0.0689035238	0.0832460239	-0.0115448448	0.0395751099	-0.0048882714	0.032761549	-0.0099114967	-0.0552599575	-0.0735543733	-0.0382416682	0.0419051123	-0.0073167715	-0.0684667906	-0.0232512993	-0.0639238865	0.0449509173	-0.0336285648	0.0729630024	-0.0021899915	-0.0665744471	0.0362345758	0.0274387686	0.089232859	-0.0431335949	-0.0669972421	-0.0321208362	-0.1286451168	-0.0630044532	0.0883908238	-0.0753333936	-0.0176195113	0.0013655283	0.0003340224	-0.0078499988	-0.0104288853	-0.0184635276	-0.0220858923	-0.1454842417	-0.0402009817	0.1299516947	-0.0164681097	0.0687262926	0.0458474723	-0.0053775195	0.1349866762	0.0125408303	0.0147854465	0.0600650687	0.0272642327	-8.24494e-05	0.022348223	-0.0741200158	-0.0443967818	-0.0863544176	-0.1021683087	-0.0356162945	0.0025326415	0.0364695806	-0.0421657538	-0.0315707229	-0.0040370638	0.019443785	0.0897540674	-0.0166961175	-0.0918566089	0.0529558527	0.1149391144	-0.0390074262	-0.0379311032	0.0405616844	0.0558144931	-0.035080531	0.0381038921	-0.05189436	-0.1648394608	0.0478950564	0.0376570113	0.0359538413	-0.0365480238	0.084188519	-0.0083551185	0.0601139523	-0.006047492	-0.0701038465	0.0201037086	0.0798505987	-0.0548147895	0.0115167718	-0.0304147383	-0.0024849618	0.087071151	-0.0865025714	-0.0088645815	-0.0127564549	0.0050113969	-0.0074291807	0.0174322507	0.1017416101	-0.0334799925	-0.0018029086	-0.0176899642	0.0942163107	-0.0470835797	0.073298146	-0.0259486003	0.0038529426	0.0074008329	0.0801017163	0.0301981527	-0.0463480373	0.0768614082	0.1764701645	-0.0406823143	-0.0533846979	0.0413113006	-0.0087007046	-0.0516271246	0.0463514193	-0.0110590307	0.0878783962	0.0915878465	-0.1324599737	0.0004966669	-0.1099532124	0.0124578679	-0.1275039028	0.0319576287	0.0309580403	-0.0687424626	-0.0526953657	0.0129061393	0.0515870938	0.0876145163	-0.0448720121	-0.1159820966	-0.0846453309	0.0510904401	-0.0515366523	0.0431267005	0.0131461376	-0.0049114001	0.0089194611	-0.022787959	-0.0318109506	0.0101570447	0.0876267718	0.0177088659	0.0776669241	-0.0858785816	-0.0102739025	-0.059518497	0.0233051912	0.0913718918	0.0005010006	-0.0059322216	0.0647354063	0.0103983591	0.040771949	-0.0688856028	-0.0327680981	0.0268637543	-0.0914941762	0.0984508932	0.1111325981	0.0402485694	0.0413137305	0.0331878238	0.0895191071	-0.010908984	-0.0746124954	0.0444905743	-0.0029543088	-0.0393399038	0.0715412097	0.0	0.119981	0.008917	7.951288900000014e-05	0.014395440361	0.025785	-0.0010877999999999	1.1833088399999996e-06	0.0006648662249999	0.383121	0.007342	0.146781700641	5.390496400000023e-05	0.00581366	0.0002537199999999	3.37986425956e-05	6.43738383999999e-08	-0.00170426	-0.00022871	5.2308264100000014e-08	2.9045021476e-06	-0.000420714	7.238999999999998e-05	1.77000269796e-07	5.240312099999996e-09	0.0
4842.167586811798	5.2979451059827625	28.068222346006703	23446586.938770797	9508.317939502773	55.92173657577223	3127.2406216500617	90408110.03867026	4795.433874819459	3.962765850302276	22996186.047765967	15.70351318432192	4954.786141615216	7452.569092448265	1.111863	35.351707	0.0785158	0.0426503	-0.0347392472	0.0005355413	0.065140866	0.0565444744	-0.0205933432	0.0677474978	0.1043634054	0.0293765435	0.0113814364	-0.1155631474	-0.0359572007	0.0278427642	-0.0291174663	0.0387842289	0.0477338287	-0.05748973	-0.1139781284	0.0252683508	-0.0022425497	-0.0420780823	-0.0489638746	0.0086360994	0.0550100726	0.0698141851	-0.0189187106	-0.0265208692	-0.1106439413	-0.0250827806	-0.016272621	0.0574778657	-0.0156255843	0.0193174249	0.0580400532	0.0039420403	0.0139254918	0.0561471264	-0.0541911966	-0.0404250077	0.0650699231	-0.0568844778	0.0355099889	0.0125944042	0.1313774358	-0.0340979069	0.05314478	0.0163047061	0.0681108446	0.063499097	0.0750754561	-0.0695845751	0.0194807532	-0.0927704965	-0.0116182335	-0.0555859421	0.0264172436	0.067800805	0.0079845066	0.0337702341	0.0130172529	-0.0599991924	0.1657270962	0.0615696625	-0.0204504978	-0.0141496151	-0.0616744649	0.0763956437	-0.0143959906	-0.0406785646	0.0172164915	-0.0155791462	-0.1364440949	-0.0296544334	-0.0371988521	-0.0652343035	-0.016622158	0.0058730436	0.035150328	0.0526401121	0.0620028124	0.0638253929	0.0854427207	0.0041346074	-0.012352737	0.0053539783	0.0142629581	0.0162476032	-0.0649264771	-0.0197016699	0.089002904	-0.0582234404	0.1217316233	-0.0614662529	-0.0455322199	-0.0059396694	-0.0047128641	-0.0119041186	-0.0387930584	0.0215597482	0.0490171917	0.0023458834	0.049534545	0.0332518956	0.0444909015	-0.0105954841	-0.037246302	0.0790250597	0.0066315995	-0.0004551327	-0.0113771583	-0.1004412985	-0.0144912253	0.0429444741	-0.0816906272	-0.0674026055	0.0451305828	0.0282863925	-0.0104953347	-0.0700790349	-0.0701031829	-0.0616273017	-0.0110156173	0.0160789006	-0.0174716529	0.0283206867	-0.0450735001	0.0866348321	-0.1244232897	0.0005295913	-0.0357099833	-0.0062284767	-0.0351866559	-0.0219590964	-0.0195882673	0.1241943469	0.0647527512	-0.0599162027	0.0864785808	0.0114561311	0.0364458435	-0.0770156002	0.0692911309	-0.0238393532	0.1142244502	0.0712062515	0.05577216	0.031692872	0.0180994435	0.0268023621	0.0480309604	0.022174053	0.0383888458	0.0489057493	0.0155088936	0.0643464466	-0.0525401675	0.013311901	-0.1080718212	-0.0457666892	0.002898853	-0.0687898351	-0.0819136232	0.074842985	0.0028203978	-0.0082783365	-0.0014163177	0.0360059624	0.0146126658	-0.0025653501	0.0376700799	-0.0107125749	-0.0174366427	-0.0693097665	0.1415255708	0.0239589956	0.0789047303	-0.0049733266	-0.0162808229	-0.0405016119	0.0029457015	0.060478547	0.0555277079	-0.0357001442	0.0371174401	-0.0750901786	0.0461615335	-0.0059050968	-0.0358004188	0.0687207046	0.0	0.113671	-0.00631	3.981610000000013e-05	0.012921096241	0.056582	0.030797	0.000948455209	0.003201522724	0.35516	-0.027961	0.1261386255999999	0.000781817521	0.00558293	-0.00023073	3.11691073849e-05	5.323633290000008e-08	-0.00166951	3.475000000000006e-05	1.207562500000004e-09	2.7872636401e-06	-0.000417238	3.4759999999999782e-06	1.7408754864400004e-07	1.2082575999999847e-11	0.0
4844.5224569259135	2.3548701141153288	5.545413254353542	23469397.83565949	9482.48862555837	-25.82931394440311	667.1534588385371	89917590.53384386	4798.170907203436	2.7370323839777484	23022444.054733448	7.491346270942917	4957.906429467612	7439.126051026985	1.094981	34.814934	0.07060295	0.0362884	-0.0296099241	-0.0239730817	-0.0442010589	0.0094275399	0.0214951059	0.0356670921	0.0072632313	0.0513510323	-0.0113141285	-0.0063049293	-0.0097725079	0.0704191473	-0.056869658	0.0101566415	0.0167786676	-0.0247753385	-0.0133260114	0.0287782903	-0.0056650083	-0.0349493385	-0.0720685836	0.0028370931	-0.1485383777	-0.0762948761	-0.0483010319	-0.0719621523	0.0116457462	-0.03412978	-0.0713161736	-0.0270213396	-0.0004918645	-0.0061051367	-0.0408694611	-0.1136204609	0.0755645137	0.0191471486	0.0591225636	0.1211073854	0.0309350678	-0.0605241754	-0.0826063257	0.0436961117	0.013122974	-0.043191076	-0.0561703269	0.0222296415	-0.0463854061	0.1528345613	-0.1006301471	0.0032768934	-0.0645634135	0.0182143759	-0.0221265614	-0.0355636428	-0.0084198944	0.0177180819	-0.0294850689	-0.0494733602	-0.06269515	0.1795267567	-0.0275768616	0.0044297052	-0.0100606743	-0.0360983938	-0.0982234903	0.0162398019	0.075970771	0.0460890212	-0.0379501175	0.0952846017	0.0176560847	-0.0941941347	-0.0328308494	-0.0580823531	0.03138293	0.0199448477	0.037868535	-0.0913470344	-0.0042812707	-0.0143333276	-0.0811279356	0.1151579888	0.0556820267	0.0626945185	0.0862012918	0.0356684331	-0.028066613	-0.0668667987	0.0609704341	0.1223262751	0.05258048	0.0128444179	0.0248289682	-0.0349040543	0.0448401465	0.0626080739	-0.0764690825	-0.1271028095	0.01891064	-0.0010596285	0.0864362528	0.061415983	0.0451167371	0.0217193728	0.1120139677	-0.0776028635	-0.1111012571	-0.0614887848	-0.0224446249	-0.0095369151	0.0044811033	0.0294112987	-0.0312620674	0.0063212685	-0.0063722568	0.0447873048	-0.0507784912	0.0856092687	0.0743927585	0.1313210416	0.0508110685	-0.0015991532	0.0916984701	0.079104541	-0.0711466674	0.0557292211	0.0105305517	-0.0741140275	-0.034502051	-0.1507191727	0.1038385374	-0.0141176288	0.0029269975	-0.036715166	-0.0290189962	-0.0757178191	0.0556315786	-0.02318192	-0.0254338375	0.0395507	-0.0420509841	-0.017787636	0.0775489984	-0.1415746405	0.0602293804	-0.0971105769	-0.0554221648	0.0191524749	-0.0374433477	0.0367320714	0.0165223302	0.0018539978	-0.0628726511	0.0760151901	-0.0777325698	0.0722196685	0.0770863895	-0.0509693376	0.0364266052	0.1088592477	-0.0170247083	-0.0547097198	0.0210066497	0.0856896021	0.0513178679	-0.1619671683	0.0605593696	0.0253518294	0.0053189989	0.0124990558	0.0763410866	-0.0641477723	-0.009069238	0.0926971101	0.046379395	0.0619371077	-0.1225391588	0.0732508277	0.0172186906	0.0285366202	-0.0332647044	-0.0261397902	0.0027767608	-0.075557918	0.0478080418	-0.0088488477	-0.0321850925	0.0656727513	0.0	0.119322	0.005651	3.193380100000004e-05	0.014237739684	0.0443842	-0.0121978	0.00014878632484	0.00196995720964	0.380425	0.025265	0.144723180625	0.000638320225	0.00529118	-0.0002917499999999	2.7996585792400004e-05	8.511806249999969e-08	-0.00173414	-6.462999999999998e-05	4.1770368999999985e-09	3.0072415396e-06	-0.000610641	-0.0001934029999999	3.72882430881e-07	3.7404720408999996e-08	0.0
4831.969560095535	-12.552896830378812	157.57521883413446	23347929.829689834	9482.58898735959	0.1003618012200604	0.0100724911441349	89919493.90319337	4789.631408644779	-8.539498558657215	22940569.030676574	72.92303563330864	4946.68724831419	7471.409220249989	1.158987	36.85001	0.0835432499999999	0.0561899	-0.0418949103	-0.0569428976	0.0912657652	0.0271908903	-0.0490563804	-0.0319603941	0.0269384335	0.0657434462	0.0151073741	-0.0709370128	-0.0288495337	0.1024656714	-0.0068037004	-0.0366890546	-0.0603640311	-0.0797375375	-0.0751987353	-0.035198982	-0.0353220927	0.026492519	-0.0678285051	0.0146511151	-0.0990390601	-0.0065167055	-0.0363941584	-0.0952509376	0.0013276037	-0.0683088731	0.1223061459	0.0661205128	-0.0458242051	0.0007994045	0.0118684375	0.0608001498	-0.0547409142	-0.001750493	0.0536000577	0.0494346452	-0.0003810516	0.123163656	0.0322312942	-0.0376510416	0.039461444	-0.02980451	0.0700743084	-0.0825848718	-0.0273488644	0.0735069054	-0.0584307231	-0.0922855232	0.0359419147	0.0141917072	0.1221735162	0.0111978248	0.0295826576	0.010411851	-0.0493642592	0.0453321162	-0.0356464482	-0.0553632189	0.0146078717	0.0663624041	-0.0211735495	0.0227092028	-0.0370462539	0.0600042642	-0.0004669901	0.024644838	-0.0757984208	0.0111012498	0.0309226468	-0.1446733901	0.0764681627	0.018751056	0.1141299792	0.0132368211	-0.0130136267	-0.0788218069	-0.0985814195	0.0678246367	0.1361770284	0.0623185389	0.0320002125	0.0331151119	0.0988828639	0.1673510538	-0.0341637655	-0.0012507379	0.0235240805	-0.062510558	-0.0104410458	-0.1021889862	-0.0723256991	0.0367987114	0.0088416271	-0.0089402982	0.1047474135	0.044508107	0.0253604857	0.0040618283	-0.0448351703	0.0668885319	-0.0288171261	-0.0275687483	0.0885406679	0.0371208862	-0.05180448	-0.0701339179	-0.0343227549	-0.0689272932	-0.1196453413	-0.097296614	0.0214812752	-0.0577475949	0.0007522009	-0.0378206554	-0.0034744212	0.015325579	0.0570977665	0.0309053889	0.0141474525	-0.0121400104	-0.0102155315	-0.1294465746	0.0341849435	-0.0195535159	-0.095071957	0.0700315391	-0.0187942807	-0.0633246155	0.0035021233	0.028503553	-0.0988853296	-0.0259379474	-0.0488528401	-0.0265607583	-0.0474458956	0.007047659	0.0093807866	-0.0503897088	0.0753596361	-0.0361693744	0.1185313204	0.0145103746	-0.0554236281	0.0309914139	-0.02663714	0.019652659	0.0206051527	0.0215852339	0.0313101961	-0.1017981012	-0.0663850459	0.0586202143	-0.0346933858	0.0639964799	0.1052163641	-0.0065723594	-0.0883467107	0.1198381142	-0.1056518879	-0.011422494	-0.1000827831	-0.0187221488	-0.1016813057	-0.0011798007	-0.0254641429	0.1025929491	0.0261786754	0.0703830096	0.0837198413	-0.1256156711	0.0960488238	-0.0514531343	0.0539392367	-0.0685102745	0.075631036	-0.0351704837	0.0058862297	-0.084872249	0.0325770531	-0.0085139159	0.0329987288	-0.0760156516	0.049429227	-0.0117820532	-0.0285015838	0.062407438	0.0	0.118799	-0.0005229999999999	2.735289999999955e-07	0.014113202401	0.0964611	0.0520768999999999	0.0027120035136099	0.0093047438132099	0.378415	-0.00201	0.143197912225	4.040100000000047e-06	0.00541259	0.0001214099999999	2.92961305081e-05	1.4740388099999938e-08	-0.00167013	6.400999999999998e-05	4.097280099999997e-09	2.7893342169e-06	-0.000217394	0.000393247	4.7260151236000015e-08	1.54643203009e-07	0.0
4840.783310737348	8.813750641813385	77.68220037606586	23433183.06151324	9504.005419863468	21.41643250387824	458.6635811931724	90326119.02079415	4806.020903585156	16.389494940376608	23097836.92569748	268.6155444006304	4964.104098760003	7425.6325123615425	1.320226	41.976604	0.2131683	0.102446	-0.0192515386	0.0530715544	-0.1079406455	0.0301439614	0.1061057688	-0.087901198	0.0609422859	0.0453636228	0.0169448822	-0.0326476541	-0.0259263871	-0.0797406585	-0.0377928993	-0.0256172783	-0.0025344156	0.016836384	-0.0167942671	0.0568646119	-0.1353260647	-0.0332700291	0.0190711861	-0.0507082744	-0.0599622848	-0.0181950245	-0.0143177836	0.0050460258	0.0188261985	0.0031320038	-0.0306483608	-0.0506791657	-0.060453813	-0.0363400224	0.0498445306	-0.0522755718	0.0031367534	-0.0411951095	0.0708026875	-0.0071797322	-0.0628865584	0.0902700408	-0.0391299384	-0.0224323609	0.1264333452	-0.0869053355	-0.0274383961	0.0825828278	0.0696067642	0.013320388	0.0305825233	0.015397682	-0.004732746	-0.1109569908	0.0189909131	9.12465e-05	-0.1022918093	-0.0191169207	0.0426461578	-0.029105608	-0.0600394755	0.0366323257	-0.0044707326	0.0280107673	0.0238735438	0.0560085467	-0.003525883	0.0523560427	-0.0160982672	-0.0099990105	-0.0104450446	-0.1054210423	0.023537772	0.0901874587	-0.0553924467	0.0883479759	0.0025956243	0.0581038512	-0.111788195	0.0263885981	0.0347393662	-0.0178550739	-0.0133118772	0.0551118533	-0.0751893227	-0.0382990759	0.0022835658	0.0244445677	-0.0071453659	0.0465027545	-0.0021698178	0.0556132193	0.0145104129	-0.0659985584	0.0723983847	-0.0039160488	0.080057704	-0.092151333	-0.0574374256	0.0590554232	-0.0460475009	-0.0593196786	0.1058418048	0.0212815516	0.0165293973	-0.0847760313	0.0336235797	-0.014695051	-0.0439162083	-0.0065925764	-0.0007325263	0.0267693989	0.0191244818	-0.0493950307	-0.031697845	0.0711763015	-0.0120844147	0.0169700343	0.0743023087	0.0852343749	0.0184192766	0.0153667664	0.0694752368	-0.0247546679	-0.0536918489	-0.0465215684	0.0264206425	0.071538832	-0.0983973781	-0.1105126616	0.0357314471	-0.0606474028	-0.0603706659	-0.0418109876	0.0276969104	0.100763838	0.0176252281	0.0124688862	0.0370636597	-0.1071007719	-0.0270971805	0.0069137511	-0.0596944187	0.053845002	0.0180952612	-0.0601674886	-0.0187200251	0.0608759	-0.0302810837	0.0327680255	-0.0030535293	-0.0289052509	0.0671401149	-0.0504975017	0.058507485	-0.0658047197	0.0052090914	-0.0803890376	-0.0257273461	0.0804956817	0.0337002666	-0.0588977236	-0.030551251	-0.0850613819	0.0450999205	0.0398724139	-0.0038508924	0.0716539704	-0.0317659407	-0.0208075367	0.0693915648	0.0019726522	0.0721201187	0.0227981254	0.0108542186	0.0337886006	0.0629615423	0.1150291891	-0.0057054481	-0.0329834538	-0.0891154317	0.0059001171	-0.0543642732	-0.0303052591	0.0532239253	-0.0764633189	0.0510242304	-0.0147012178	-0.0247576959	0.0589355719	0.0	0.0974659	-0.0213331	0.00045510115561	0.00949960166281	0.0392992	-0.0571618999999999	0.0032674828116099	0.0015444271206399	0.334899	-0.043516	0.112157340201	0.001893642256	0.00589749	0.0004848999999999	3.47803883001e-05	2.3512800999999994e-07	-0.00124236	0.0004277699999999	1.8298717289999986e-07	1.5434583696000002e-06	-0.00112787	-0.000910476	1.2720907369e-06	8.28966546576e-07	0.0
4859.510483430514	18.72717269316581	350.70699707965525	23614842.138571065	9568.348835776296	64.34341591282828	4140.075171331203	91553299.4431016	4801.006804044416	-5.014099540740062	23049666.332480773	25.141194204449704	4958.879211111399	7499.276958831897	1.312405	41.727921	0.1931501	0.117444	-0.0662636414	-0.0995212059	0.008946351	-0.0367810389	0.0418413087	0.0747116804	0.043241393	0.056596996	0.0338550506	0.1185480483	-0.0246466248	-0.0013506092	0.0724637536	-0.0115508526	0.0655023153	0.1342515651	-0.0852968129	-0.0307894372	-0.0467811004	-0.0466548849	0.0247302494	-0.0426300593	0.1102828247	-0.0302605565	-0.015136455	0.048383981	0.0177655242	0.0142509262	0.0320926234	-0.0613443776	-0.0882847893	0.0157312254	-0.0008269071	0.1276993931	-0.0379821034	-0.0614763301	0.038513234	0.0624359457	-0.1007532037	-0.0246685358	0.1035733203	-0.0270484653	-0.0633991305	-0.0173481424	-0.0665830893	-0.0158121534	-0.0557369966	-0.0408539038	0.0064358415	-0.0395832061	-0.0593330857	-0.0616877182	-0.0076958441	0.0634041549	0.0581874054	0.0164727975	0.1710179589	-0.0625965851	-0.0304429214	0.0074381666	0.0650707917	0.0401076484	-0.1081053189	-0.0619055916	-0.0385275383	0.1469780176	0.0830213094	6.76341e-05	0.0040627092	-0.0458876639	-0.0865817823	-0.0084635058	-0.0032932941	0.0010163147	-0.0651601976	-0.0109463903	-0.012157749	-0.0190279432	-0.0018976386	-0.0558529303	-0.0399489297	0.0363951892	0.0149577356	-0.06061898	0.0520421246	0.0074354481	-0.0746387282	0.0459433818	-0.0952864533	0.1118623652	0.0039960256	-0.0278786432	-0.0841869973	-0.0492399392	-0.0968181569	0.0595191896	0.0146602861	-0.0361031726	-0.0633382449	-0.0721250048	0.0505373639	0.016593504	0.0347174096	-0.0616692732	-0.0797776027	-0.0414649185	0.0723936906	0.0578624229	0.0010241189	-0.0081599311	-0.0103792829	-0.0605316749	0.0798736749	0.098994273	-0.0632980137	-0.0868441937	0.045962777	0.0196942765	-0.0038823248	0.050475329	-0.1266497574	0.0407874525	-0.0902400752	-0.024848502	-0.0380367808	-0.0418448646	0.0570238842	-0.0102366201	0.0094781195	0.0662692196	-0.0247245568	0.0179696064	-0.0656292098	0.0615991705	-0.0203402533	-0.0900600659	0.0259330154	-0.0435897898	-0.0180088848	-0.1088040726	-0.182789914	-0.0233638946	0.0714351342	0.0506235193	0.0240970352	-0.0396247881	0.066470452	0.0542448706	0.1019338524	0.0802646578	0.0659103594	-0.0018274169	0.0531213546	0.0753168234	-0.0341431793	-0.0215857496	-0.0240778598	-0.0054579636	0.0087217576	0.0160659663	0.0549943543	-0.0381278738	0.0068525681	0.0268680116	0.0067956001	-0.0137007438	0.0021522058	0.0842232352	0.1035278195	-0.0509817235	0.0284184516	-0.0231549262	-0.1603820199	-0.079340304	0.0419145963	-0.0797981946	-0.0464807392	-0.0252764916	0.0202563144	0.0775062531	0.0721594076	-0.0370444314	-0.0774437247	-0.0769008606	0.0525922072	-0.0176028627	-0.0209613602	0.0552686441	0.0	0.112249	0.0147831	0.00021854004561	0.012599838001	0.144498	0.1051987999999999	0.0110667875214399	0.0208796720039999	0.375465	0.0405659999999999	0.140973966225	0.0016456003559999	0.00589181	-5.680000000000095e-06	3.47134250761e-05	3.226240000000108e-11	-0.00145731	-0.00021495	4.62035025e-08	2.1237524361e-06	-0.000696456	0.0004314139999999	4.85050959936e-07	1.86118039396e-07	0.0
4859.103902538792	-0.4065808917221147	0.16530802151355	23610890.73566772	9575.592467312608	7.243631536312023	52.47019783385408	91691971.10005397	4793.979723832004	-7.02708021241142	22982241.59251238	49.37985631166413	4952.953131467301	7610.684582951826	1.210327	38.482361	0.14073875	0.0909782	-0.0942791884	0.0963650672	-0.0414046823	0.0623131109	0.0052550809	0.0140782063	-0.0321699068	0.0623997615	0.0730764761	0.1777279701	-0.0640154956	-0.1958258341	-0.0594800129	0.0594315282	-0.0469523681	0.0433157697	-0.00758495	-0.0387935535	0.0563821238	-0.0094713993	-0.0142105232	0.0101066599	0.1538032166	-0.0474306594	-0.0379249941	0.0339105711	0.0901299557	0.0021373436	0.0402536859	0.0280169346	0.0036598092	0.074041635	0.0796770774	0.0208471123	0.0705059131	-0.0503841118	0.1998422996	-0.000759404	-0.0320400054	0.0060106794	0.1861801192	0.0041753303	0.0552225339	0.0191677121	-0.035999857	-0.0539604083	0.016084714	-0.0828556764	-0.0466234959	-0.0635400029	-0.0550027774	0.0484108833	-0.0594713605	0.1703370196	-0.0198866123	0.1256222352	0.0148105723	-0.015260894	-0.0413426849	-0.1133604425	-0.013675195	-0.0932369399	0.0004509533	0.0505400275	0.0252166714	-0.0562700486	-0.0241268373	-0.0081913722	0.0210234696	0.0489990704	0.1200269004	-0.0354154613	0.0377501057	-0.0257087883	-0.0379018326	0.0272878621	-0.0555307182	0.0649599263	0.0441359206	0.1181356216	-0.0068252186	0.0313052021	0.0289508206	-0.0574396748	-0.072360626	-0.071655814	-0.0610761143	0.0134848298	0.0224408762	-0.0485798608	0.0862248808	-0.0162530336	-0.1188912772	0.0618357032	-0.042235283	0.1041914584	-0.0658727211	-0.0003302824	-0.1078247664	-0.0078137761	-0.0312035105	0.0265395876	0.0156840942	0.0153214411	-0.1347392623	-0.0786314253	0.0600867529	0.0041208275	0.0377964858	0.0094853834	-0.1241107176	-0.0316994654	0.0627330949	0.0670723151	0.050501424	0.0117281474	0.0138946953	0.0146320991	-0.0644334353	0.0503320512	0.0801053348	0.1197597127	-0.1675499345	-0.0756282396	-0.1186993428	-0.0303298048	-0.0151443449	-0.0054221521	-0.0240899507	0.0438067916	-0.0735103024	0.1323439429	-0.0044262992	-0.0812474	0.0039097252	-0.0929171397	-0.0770056681	-0.0639383065	0.119425973	0.0220289089	-0.0321569229	-0.0006590934	-0.0721048908	0.1283851943	-0.0169359878	-0.0550392634	-0.0375381184	-0.0190931835	-0.0612495249	-0.0087423098	0.0369335863	0.0131322982	-0.046378399	-0.0741195096	0.0749263328	0.1079043896	-0.0013415809	0.128971766	-0.0476123973	0.014478806	-0.0896930083	0.0403479505	0.06068177	0.0694367182	0.011917546	-0.0314589295	-0.0515754783	-0.0075875565	0.0676025408	-0.092851714	-0.0607550193	0.0100836073	0.064815131	-0.007174425	0.0348304832	-0.1492605867	-0.0266278323	0.0158015682	-0.0122932358	0.1602914548	-0.0071550507	0.0329417219	0.0594414889	-0.0773282186	0.0541323269	-0.0204835299	-0.0171206189	0.0514187911	0.0	0.119444	0.0071949999999999	5.17680249999999e-05	0.014266869136	0.233436	0.088938	0.007909967844	0.054492366096	0.391796	0.0163309999999999	0.1535041056159999	0.0002667015609999	0.00610011	0.0002082999999999	3.72113420121e-05	4.3388889999999924e-08	-0.00127773	0.00017958	3.224897640000005e-08	1.6325939528999995e-06	-0.000518841	0.000177615	2.6919598328100005e-07	3.1547088225e-08	0.0
4853.763984761167	-5.339917777624578	28.51472187179101	23559024.819764603	9563.138871188368	-12.453596124239994	155.0920564256854	91453625.06963396	4794.228462096841	0.2487382648369021	22984626.546779443	0.0618707243940728	4954.538803628299	7581.072733830347	1.137379	36.162983	0.1271465	0.0577906	-0.0897608517	-0.0568104806	-0.030547553	-0.0379640435	-0.0108073478	0.0324016792	0.0132751491	0.0947075321	0.0629817317	0.2542953814	-0.0633901815	-0.1526940348	0.029298173	0.0056196171	0.0136258014	0.0128855789	0.0022982474	-0.1768295685	0.1197764537	-0.0151828029	0.0461521665	-0.044744204	0.1683466559	-0.0442096091	0.0531894719	-0.0087174621	0.0016265625	0.0768641625	0.0045648894	-0.0705502145	-0.0122092474	0.1185389661	-0.1572324063	0.086550337	0.0528827945	-0.1373711859	0.1206336539	0.0133233934	-0.0141725203	-0.1015368837	0.1278710402	-0.0342443144	0.0441344637	-0.0521841581	-0.0699369836	-0.0027648139	0.043031218	-0.0621144468	-0.1254179935	-0.1139876248	-0.0482758554	-0.0557182714	0.0274794319	0.0242901319	-0.0375544561	-0.0665738721	0.0540816749	-0.0301030606	-0.0616141611	-0.0167876776	-0.1090918236	0.0396497875	0.0806332382	-0.0155186556	-0.0223683995	-0.0056913262	-0.0343169879	0.018518771	-0.0651004761	-0.0575057209	0.0805431637	-0.0182284091	-0.0983095522	0.0964738573	0.052640494	-0.0560502471	-0.0018834739	-0.0619002528	0.0353764452	0.0283598367	0.0460679089	-0.0275556811	-0.0523687869	0.0448635728	-0.0242561386	-0.0205952483	0.015183657	-0.0087234397	-0.0016458461	-0.082602308	-0.0325616667	0.0159326177	0.0237196333	0.0212297958	-0.0554673566	-0.0312903685	-0.0325269469	-0.0082650545	-0.0029508622	-0.0518960448	-0.0432177206	0.0069174882	0.0279891801	0.0069420997	-0.1653861162	-0.1030561998	0.124588916	0.0042601788	-0.0429685142	0.0514415204	0.0809548094	0.0436904692	0.1900323547	0.1029015425	-0.1147206779	-0.0321773368	-0.1020404489	-0.0336215758	0.0073898415	0.0919965534	-0.0031855626	0.15833546	-0.1277711503	-0.0144664456	-0.0847321139	0.0365557218	-0.0346060129	-0.0019704513	0.0457471243	-0.0919368773	-0.0967868236	0.0807451042	-0.0540751041	0.0015607727	-0.0452696778	0.0431346007	0.0183148248	-0.0519677271	-0.0422262733	-0.0452753207	-0.0674400721	0.0756319874	0.0425809909	-0.0448451787	-0.0761960131	-0.0048591508	-0.0127153916	0.0111108572	-0.011439054	-0.0951856744	0.0344277666	-0.1018157988	-0.0297185168	-0.0908295598	0.0008398626	-0.0466066048	0.0075825679	-0.045805463	-0.0750683013	-0.0011420914	-0.0304757336	-0.0749449825	0.0410194285	0.0370480655	-0.0136235649	0.0475996956	0.0283222255	0.0272095975	-0.0588664321	0.0426704036	-0.0794309846	0.0263077861	0.0617064831	0.0044343692	-0.0095782004	-0.0071053156	-0.0126718858	-0.0397831481	0.0364047515	0.0653074208	-0.0411872961	-0.0801605909	0.0128014837	-0.0777453364	0.0556437736	-0.0233397865	-0.0132436085	0.0473987549	0.0	0.122247	0.002803	7.856809e-06	0.0149443290089999	0.277225	0.0437889999999999	0.0019174765209999	0.076853700625	0.423197	0.031401	0.179095700809	0.000986022801	0.00668205	0.00058194	4.46497922025e-05	3.386541636000005e-07	-0.00161468	-0.00033695	1.135353025000001e-07	2.6071915024000004e-06	-0.000454661	6.418000000000005e-05	2.06716624921e-07	4.119072400000007e-09	0.0
4862.205504143946	8.441519382779006	71.25924948983365	23641042.364527687	9575.160381992468	12.021510804099307	144.51672201307636	91683696.34087814	4805.355781712543	11.127319615701708	23091444.188838165	123.81724182998	4964.985115506001	7539.882796198793	1.189107	37.807655	0.18551715	0.119276	-0.0923552275	0.0358427392	0.0763470935	0.0736376536	-0.0164543089	-0.0253867615	0.106067074	0.0650570817	0.0644558079	0.0848697068	0.0001770542	-0.1257694055	0.0613283422	0.0905959249	-0.0255006747	-0.0316924945	-0.0086961215	0.0153924096	-0.0254593378	-0.0147987665	0.0555015881	-0.0287433772	0.1133216859	-0.0571029375	-0.0935863311	0.0005151636	-0.0360065401	0.0374682273	0.0799341846	-0.1583089886	0.007552323	0.0410282282	-0.0847813709	0.0386291365	0.1034356047	-0.0593543865	0.0295586486	0.0021628065	-0.0752400331	-0.0751447041	-0.0095115742	-0.0104648082	-0.081421148	0.0641697396	-0.0338029834	0.0338640857	0.0220556374	0.0746514697	0.0416352482	-0.0368395288	0.0812674818	0.0456390772	0.071996751	0.1285561557	-0.1024979018	-0.0448892494	-0.0931174158	-0.0335979366	0.047579823	0.0458275349	-0.0938105073	-0.1170785941	-0.0941753386	0.005455237	0.0165642122	-0.0035999	0.0105129385	0.0073339131	-0.0003714899	0.010462567	-0.0573286261	-0.1245764093	-0.0111572459	-0.0297255143	0.0774433824	-0.0274148655	0.1360657721	0.0258715364	-0.0744099284	0.006060581	0.0148874444	-0.0325198809	-0.0329078099	0.056301731	0.0562558488	-0.1293133362	-0.0416844751	0.0099374998	0.0005785439	0.0244721708	0.0687345219	-0.0112544435	-0.0373968438	0.0553933651	-0.0076586927	0.0830928712	-0.0233369103	0.0885566972	-0.0022385621	-0.0008194357	0.0097134025	0.0125203663	0.0067264065	-0.027237025	-0.1395583106	-0.0457394644	-0.0069365115	0.0225185601	-0.0730818973	-0.0395608684	0.0579326733	-0.070407409	0.1505411076	0.0843289114	-0.0835316687	0.0452969785	0.0041813185	-0.0032449884	-0.0747365484	0.0888574539	-0.0229244331	-0.0403248908	-0.0294678787	0.1447016047	0.0049827911	-0.0607715523	-0.0148849465	-0.1078385799	-0.032350575	0.0108661222	0.0462251112	0.0110127186	-0.0554372961	-0.0575073352	-0.0101200281	0.0504676307	-0.1127740817	-0.0974317844	-0.0357257358	0.0749972303	0.0764536893	0.001083597	-0.1188163912	0.019997281	-0.0308260852	-0.0683842433	0.0337775666	-0.0155304198	0.0110389738	-0.0242279381	0.0109924952	-0.0088657877	0.0191252819	0.0680949853	-0.0950945783	0.0478151136	0.0558989956	-0.1396567414	-0.0587115306	0.0865168354	-0.0468598547	0.1189391869	-0.0047641576	-0.0103112139	0.037983861	0.0418930974	0.0864677715	-0.0304527943	-0.0873745967	-0.0548900477	0.0457445572	-0.0248490248	-0.0220999942	-0.0130024841	0.0040908402	-0.0234941611	0.0530680385	0.0134470078	-0.0350242594	0.0979734175	0.0738121485	0.0453976132	0.0180296361	-0.0781521589	0.0571257468	-0.0261682287	-0.0093385422	0.0432218409	0.0	0.125282	0.003035	9.21122500000006e-06	0.015695579524	0.162549	-0.114676	0.013150584976	0.026422177401	0.39028	-0.0329169999999999	0.1523184784	0.0010835288889999	0.00645457	-0.00022748	4.16614738849e-05	5.174715040000019e-08	-0.00198727	-0.00037259	1.3882330810000008e-07	3.9492420529e-06	-0.000552374	-9.771300000000005e-05	3.05117035876e-07	9.547830369000006e-09	0.0
4857.037169727572	-5.168334416373909	26.71168063947504	23590810.068115227	9557.840284283651	-17.32009770881632	299.98578464294434	91352310.8998754	4786.643734668939	-18.71204704360389	22911958.24264541	350.140704562045	4944.084513436178	7583.991812679012	1.159515	36.866772	0.0680321999999999	0.0334088	-0.0767501833	-0.0186644273	-0.0471560293	-0.0435457367	-0.040503445	-0.0200817102	0.0269869458	0.0632067492	0.0364064175	0.0564120029	0.0442607393	-0.0070099512	-0.0198495521	0.0488374456	-0.009529136	-0.039701643	0.0484905965	0.0641179074	0.0083255377	0.0844708883	-0.0283630146	0.0020399171	0.0597281782	0.1294958514	0.0382991323	-0.0183353941	0.003234559	0.0255872072	-0.1098858383	0.0987309204	-0.0636176744	0.1306234489	-0.0604685749	-0.0562897126	-0.0414756366	0.011463778	0.0816191186	0.0666405019	-0.0869428318	0.0549886229	-0.1588431869	0.0060795438	-0.0065234077	-0.0654907064	0.0239543138	0.0617805227	0.0185050058	0.0341239937	-0.0162830435	0.0843522033	0.0879938786	0.0706247699	0.0331778404	-0.0407346434	0.0187667342	0.0057159576	-0.0400760458	-0.0691629598	-0.0135825663	-0.0914405652	-0.0676859013	0.0784931589	-0.0377706833	0.0550995167	-0.0423117826	-0.0148590233	0.1249553909	-0.0176868626	0.0868788437	-0.0911531614	-0.0205465454	0.0289525591	-0.0381219161	-0.0431570351	0.0455284324	-0.0150538084	-0.0173443002	-0.0379088937	0.1035491132	0.0383308613	-0.1079863827	0.036022591	-0.0986214081	-0.0618559268	0.0663500303	0.112595088	-0.0604782113	0.0255330861	0.0215038935	-0.0967929311	0.0197995601	-0.0420993449	-0.0233902872	0.0310342703	0.0366467597	-0.0020844524	0.1271104028	0.0207269304	0.0071149144	-0.0136304894	-0.0308878179	0.054932008	-0.0920264622	-0.0062129929	-0.057334643	0.1086966818	0.0734162482	-0.0359831393	0.0349514656	-0.0165962129	-0.0849440261	0.1481457033	-0.0393093959	0.1041625089	-0.0243006134	-0.060992819	-0.0744711317	0.1298210872	0.0622624588	0.007268305	0.0851948504	-0.0702371828	0.082395768	0.0238356095	0.0745242619	0.0543800762	0.0194363588	-0.0534179841	0.0443823109	0.0061148328	0.0006174964	-0.0488526991	0.0396582938	-0.0473158281	0.0288101525	0.0331296685	-0.0412596809	0.0641374153	-0.0288369179	-0.016264407	0.0511015658	0.154515414	0.0278310204	-0.0003004221	-0.0700490879	-0.0057509622	-0.038071898	0.1108109255	-0.0038986524	0.0871191445	0.0140308094	0.0207479575	0.1676251587	-0.0090544075	0.0289535522	0.0075816845	-0.0692512102	-0.0977333477	0.0075618519	-0.0429503562	-0.0432015696	-0.0871202673	0.0737476736	0.0145637135	-0.0261603727	0.0152891824	-0.0197811756	0.0005100125	0.1215467794	0.0286675201	0.0748471023	-0.103537198	0.0711685703	-0.0687639201	-0.0258678927	-0.0646316948	0.0483177183	0.0258767457	0.0114262026	-0.0848836793	0.038145092	-0.0539421411	0.0252188982	-0.078548632	0.0585774616	-0.0289654857	-0.0054136926	0.0389018737	0.0	0.124098	-0.001184	1.4018560000000107e-06	0.015400313604	0.139379	-0.0231699999999999	0.0005368488999999	0.019426505641	0.398951	0.0086709999999999	0.159161900401	7.518624099999972e-05	0.00621042	-0.0002441499999999	3.8569316576400006e-05	5.960922249999971e-08	-0.00163392	0.00035335	1.2485622250000008e-07	2.6696945664000003e-06	-0.000655018	-0.000102644	4.290485803240001e-07	1.0535790736000009e-08	0.0
4853.060303317724	-3.976866409848298	15.815466441779696	23552194.30763832	9516.224134381308	-41.61614990234375	1731.9039326943457	90558521.77578126	4795.863378048308	9.21964337936879	23000305.540904928	85.00182404273876	4955.603064890027	7528.643424356126	1.102196	35.044331	0.1043249499999999	0.055296	-0.0636366655	-0.0577594461	0.0590492384	-0.0126171464	0.0200059583	-0.0429928961	-0.0592801942	0.0350869419	0.0241989715	0.0488308895	0.0130738307	0.0342688701	0.047349927	0.0288918008	-0.0216797015	-0.0476819806	0.0067918142	0.0483378548	-0.014096431	-0.0005521172	0.0054682187	-0.0255467035	0.0168091745	0.0393483184	0.0762886892	-0.0434093754	0.0218472731	0.0402851806	0.054913149	0.0655662656	-0.0366459037	-0.0420710935	-0.0927805292	0.1665410298	-0.0352837345	-0.0745298197	-0.0235329657	-0.0357585145	0.1008234904	-0.0248045442	0.057669371	-0.0147705183	-0.0488641903	0.0538249522	0.1156584718	0.0648477028	0.0647795352	0.0400074306	0.0254294657	0.0663181448	0.0206852308	-0.0138378089	0.0340920291	-0.0210614802	0.0445060151	-0.0161978082	0.0307485578	0.0268971759	-0.0918978785	-0.1125940018	-0.013919062	0.0193126591	-0.0150657935	-0.0020712287	-0.0038669893	-0.006213819	0.0736488147	-0.1172227937	0.0317369802	-0.0760361265	-0.075232944	0.0871229474	0.0139791951	-0.0325310678	0.0209091456	0.0063205852	0.0673067413	-0.050301274	-0.0989020145	0.0163924323	-0.0666141942	-0.0504602589	0.0553017524	-0.001189264	0.0500150392	-0.1050316383	-0.0740919959	0.0178750739	0.1364876988	-0.0031493521	-0.0011789092	0.071845604	-0.0420967848	0.0012836868	-0.0742236423	0.0244996578	-0.0752963073	-0.0592089824	-0.146650031	0.0346839048	0.0207536431	0.022022152	-0.0121365607	-0.0481707366	-0.0305525063	0.0547003163	0.0536187512	-0.059861585	-0.0199359711	0.029869713	-0.0039953689	-0.0137001458	0.0142759655	-0.0550303724	-0.0664946965	-0.1416619065	0.0143335751	-0.1528979077	0.0039391301	-0.0044250358	-0.0229326785	0.0632202027	0.0061572577	0.0502072985	0.0378157296	-0.0884758743	-0.0748269153	0.0884466889	0.0209251313	0.0096467579	0.0216865218	-0.065840055	0.0931128847	0.0162865974	0.0057806914	0.0688184775	-0.0484538243	0.0288745572	0.0703990533	-0.0401446081	0.0113093047	0.0220420845	0.0611214194	0.082102283	-0.0486539562	0.0168043337	0.0219929688	0.0747116345	-0.0096712914	-0.0554603016	0.0315827315	0.089368584	0.1570780396	0.0438127433	0.037062992	-0.0510823087	0.0552386621	-0.0283796717	0.0172529979	0.0947888526	0.0432523577	0.0337844424	0.0452767708	-0.0556329592	-0.0020078535	-0.0265188304	0.0355440633	0.0337858448	-0.0490700872	-0.1120446344	-0.0300866256	-0.0788820023	0.0114401487	0.0081477715	-0.0528999329	-0.0862340618	-0.1076245327	-0.0518323441	0.0558071652	0.1223369287	-0.0774770878	0.0339906693	0.0529420879	-0.0789347034	0.0599981489	-0.0317282239	-0.0014773745	0.0344531511	0.0	0.120017	-0.004081	1.665456100000001e-05	0.0144040802889999	0.106465	-0.032914	0.001083331396	0.011334796225	0.363031	-0.03592	0.131791506961	0.0012902464	0.00640035	0.0001899299999999	4.09644801225e-05	3.6073404899999854e-08	-0.00135815	0.00027577	7.604909290000003e-08	1.8445714225e-06	-0.000817517	-0.0001624989999999	6.683340452890001e-07	2.6405925000999996e-08	0.0
4854.916570638897	1.8562673211727088	3.4457283676537043	23570214.907864142	9506.630543685986	-9.593590695321836	92.03698242936572	90376024.2941433	4797.631992418772	1.7686143704640926	23017272.73468012	3.1279967914120985	4955.494570161596	7565.458997590928	1.136673	36.140533	0.0515447	0.0264871	-0.0611260978	0.0253162958	-0.053449603	0.0691170538	-0.0194706459	0.0314518616	-0.0745522394	0.075817438	0.0057617637	-0.0324042775	0.0056076085	-0.0868387475	-0.0307213708	0.0090961613	-0.0384508328	-0.0647691931	0.0628772297	0.0316457203	-0.03527922	-0.0284944399	-0.0601154909	0.0318064261	0.0061597536	0.0056549283	-0.0319860937	-0.0387810369	-0.0170155298	-0.0080711832	0.0875253702	-0.1228037394	0.0542124605	-0.0321042895	0.074935366	-0.0584609336	-0.0010647997	0.0376756	0.0811762821	0.068020133	-0.1275343218	0.0191337104	0.0318521986	0.0342790686	-0.076725335	-0.0094308671	0.0346594468	0.0180716959	-0.0053712521	0.0515992674	-0.0673646757	0.0827282139	0.0521040434	-0.0678047039	-0.0919032806	0.0437708424	-0.0200207494	-0.0211192878	-0.1260903317	0.1455500433	-0.0026233171	0.0042924392	-0.043921493	-0.0025950653	-0.0814202986	0.143052911	0.0715214114	-0.0320490252	-0.0017949472	-0.0400270852	0.0284451968	-0.0839203103	-0.1056357863	0.0290297801	-0.0499701881	0.0715863199	-0.0276754096	-0.0151354851	-0.1652087378	0.0064914723	-0.0821126011	0.0260977676	0.0145202284	0.0993567171	-0.044536043	0.051862741	-0.0728009191	0.0925536052	-0.0428768389	-0.0298483413	-0.0600234454	-0.0117805338	-0.0212403686	-0.0548833615	-0.1059956509	0.0488629619	0.004779659	-0.1172093506	0.0507806794	-0.0959879737	0.0352844455	-0.0317586903	0.0542951474	0.0546770003	0.024664504	-0.0130125057	0.0097458248	0.037035782	-0.002944787	-0.0282019302	-0.0403033931	-0.0377993535	0.0024185694	-0.0892917808	0.0734633569	0.0004048239	0.0804458785	0.0647870985	0.0334492143	0.170377065	-0.0231010875	0.0504051806	-0.034097133	-0.0627433178	-0.0566705822	0.0048373462	-0.064033362	-0.0576889428	0.0609534533	0.019399682	0.0207913647	-0.0308012978	0.0324776172	-0.0327076048	0.0607800289	-0.0573446356	0.1196873932	0.0057304331	-0.0093974811	-0.0747951651	0.0569755303	0.0281622119	0.0718574453	-0.1359384199	-0.0726657052	-0.0657393582	-0.1356794007	0.1333642577	-0.0197952063	0.0334250601	-0.0287937955	0.0062250571	0.0205460696	0.0008757459	0.1078685655	-0.008266792	-0.1546394627	-0.0644313744	-0.0214910284	0.1320229743	-0.0595185184	0.024709835	0.0040581082	-0.0749296539	0.0454380481	0.0429367193	-0.0252525484	0.0446060052	-0.0162454551	0.0544397173	0.0837573915	0.1198125584	-0.0756562691	-0.0088776873	0.0304558558	0.0443698691	0.0764701498	-0.0722390402	0.0898616018	0.0278249893	0.0550650065	-0.1180783107	0.0084404548	0.0257520527	-0.0274325676	-0.0793103218	0.0613870563	-0.0344531511	0.0024620734	0.0298903973	0.0	0.115429	-0.0045879999999999	2.1049743999999952e-05	0.013323854041	0.0934327	-0.0130323	0.00016984084329	0.0087296694292899	0.383747	0.020716	0.147261760009	0.000429152656	0.00645842	5.807000000000034e-05	4.17111888964e-05	3.3721249000000398e-09	-0.00131412	4.403000000000002e-05	1.938640900000002e-09	1.7269113744e-06	-0.000979585	-0.000162068	9.59586772225e-07	2.6266036624000007e-08	0.0
4850.805907134299	-4.110663504598051	16.89755444803433	23530317.948689006	9548.905019075675	42.27447538968954	1787.1312694734668	91181587.06332862	4799.548232041396	1.9162396226238343	23035663.23169169	3.671974291313535	4960.049580847015	7570.142256030096	1.08984	34.651478	0.05576395	0.0279032	-0.0534108452	-0.0071035823	-0.0252188843	-0.0736601667	-0.036216977	-0.0300072464	0.0022049786	0.0216520205	0.0588135533	0.0922422771	0.0738833941	0.0270222651	0.0222749261	0.0244094079	0.0464301771	-0.1002233598	0.0536782501	-0.0543706223	-0.0328307243	-0.0436637331	0.037214509	0.0032857796	0.0641427724	0.0081061198	-0.034411531	-0.0136034687	0.0463732152	0.0476908713	0.0456374888	-0.031696379	0.0270847445	0.0114957365	0.1301223082	0.1055582779	0.0388200265	-0.0560025239	0.0076885603	-0.0090268853	-0.0129987619	0.0475889471	-0.0167231892	-0.084802591	-0.0966601516	0.0321590201	-0.0057386459	0.0339670839	0.0689967361	-0.027351555	-0.0378896759	0.053774181	-0.0308207788	-0.0267544362	0.0768588443	0.0450776123	-0.0087902929	-0.0325598046	-0.1163796533	-0.01960729	0.0066258317	-0.0412895488	0.047294014	0.1209976608	-0.0142836934	-0.004747209	0.0018446052	0.0533247463	0.1533099369	0.0145106431	-0.0873676456	0.021891804	0.0360873259	0.1042611183	-0.043629592	0.0234105675	0.0254152969	0.0249907557	0.0384529035	0.0075728598	0.1049701624	0.0081793163	0.0527930236	-0.0154135218	-0.0579246777	-0.0571637989	0.0882024032	-0.0951767367	-0.0342683666	0.0175739539	0.0410894038	0.0160363931	-0.0725002261	-0.040247514	0.1255178394	0.1049306141	-0.035205568	0.0758495104	0.016563162	-0.0464726341	0.0275201149	-0.001569634	0.0270807957	-0.0258701105	0.045626242	0.0120904101	-0.0706005067	-0.0198003369	0.0265469698	-0.0415972099	0.0023289445	0.0249177747	-0.0070022086	-0.0090333647	0.1125192695	0.087512732	0.0608583265	0.0401903712	0.1189195267	-0.0271787655	-0.0086115837	0.0395990761	-0.0845616055	0.0245796057	0.0062672851	-0.0663486205	0.0643977568	-0.053814167	0.0123109629	0.0253806912	0.0118731221	0.0057924307	-0.0563971595	-0.0205798254	0.0707957105	0.0409326983	-0.0339846479	0.0625767378	-0.0698758577	-0.0207604565	-0.0171819833	0.0298828535	0.1218225603	0.0324637977	0.0693696569	-0.0010108646	0.0068000501	-0.0124088947	0.0410531942	0.0714117963	-0.0358788542	0.1455050002	0.0990786929	-0.0425099588	0.0108714253	0.0203233283	0.0544134067	-0.0687035545	-0.0023895869	-0.0479928964	0.083878355	-0.0687633642	-0.0039553988	-0.0087359057	-0.0488311898	0.0469112814	-0.079170426	0.0877830474	0.046738739	0.0495036471	-0.0177225932	-0.0896248153	0.0095629644	-0.0549623073	-0.0654425471	0.0385098814	0.0212998694	0.0148364921	0.0010677551	0.1243785989	0.0305798234	0.0734961581	-0.043228139	-0.0259115018	-0.0114766593	-0.0796754376	0.062743448	-0.0371370197	0.0063963055	0.0252287139	0.0	0.122332	0.0069029999999999	4.76514089999999e-05	0.0149651182239999	0.0950037	0.001571	2.4680410000000093e-06	0.00902570301369	0.391216	0.007469	0.153049958656	5.578596100000005e-05	0.00617243	-0.00028599	3.80988921049e-05	8.179028010000042e-08	-0.00163893	-0.00032481	1.0550153610000003e-07	2.6860915449000003e-06	-0.000793966	0.000185619	6.303820091560001e-07	3.4454413161000014e-08	0.0
4854.443903878792	3.637996744493648	13.235020312946384	23565625.61590597	9509.803763211628	-39.101255864046834	1528.908210145657	90436367.61479405	4804.972751742743	5.424519701346981	23087763.144990224	29.425413990301536	4964.324975783549	7516.234836312469	1.162169	36.95116	0.0988107	0.0414349	-0.0542492665	-0.0351699494	0.118979461	0.0373159459	-0.0490521137	-0.038557217	0.0233746602	0.0466478596	0.0185033703	-0.0202505909	-0.0042077483	0.0305487615	0.0968531753	-0.0703512242	-0.0536283676	-0.0761764132	-0.0269083336	-0.0414130261	-0.0369509279	-0.0486796834	-0.0439094891	0.00564216	-0.0110699098	0.0204502031	0.0266154024	-0.0596229583	0.0232692188	0.0655957262	0.0446363358	0.0687784086	-0.145428483	-0.0043466949	0.1296432655	-0.0332164351	0.0195790068	0.0727136701	-0.0143985917	0.0624553692	-0.0513260901	0.0312841288	-0.0483733701	-0.0856805111	-0.1104820997	-0.0348726405	-0.0273923012	0.0666518023	0.0503624103	-0.0615208784	-0.0032780627	0.0493414474	-0.0405755375	0.0508485258	-0.0434951262	-0.0674055582	0.0299192721	0.0506917999	0.0177425331	0.0264687153	0.0200897889	0.0522063836	-0.1480180071	0.0581846361	0.0036154164	0.0304591532	0.0583671104	0.0089782234	-0.040710709	0.0584053101	0.0645348879	-0.005362638	-0.0105495007	-0.0881936455	0.152036593	0.0282920671	-0.0768078984	-0.0955888926	0.0577775673	0.0390839875	0.1251979634	0.0704993052	0.0666759275	-0.0229012642	0.0852651644	-0.0386498593	-0.0109676455	-0.0233112512	0.1135841299	0.0978501876	0.1031805912	0.0974977315	-0.0560282785	0.1275769072	0.0548733716	-0.0753479695	0.0214804625	0.0057213263	-0.0021187823	-0.1033627418	-0.0249795149	0.0393328922	-0.077159053	0.0427475718	0.0470939353	-0.012349533	-0.0113228949	0.0525223233	0.013446957	-0.0847290972	-0.068070781	0.04159452	-0.0994871694	-0.0145056218	-0.0593017947	0.0750779606	-0.0238286594	0.0760744125	0.0753758788	0.0397761012	0.066542492	0.0169499185	-0.0818522926	-0.0222711831	0.1037697032	-0.0902303881	-0.0263319473	0.0061848829	0.0688983498	-0.0233898391	0.0522684773	0.0563451097	-0.031365037	-0.0264448381	0.0745708414	-0.007160804	-0.044480292	0.0393108803	0.0435066916	0.0935478832	0.0657378393	0.0084321767	-0.0442692031	0.0325678719	-0.0992834524	-0.1077445302	-0.0741531611	-0.0217229045	-0.0221630826	-0.0268736954	0.0395830554	0.0862070955	-0.0863847298	-0.0173960269	-0.0517783047	0.0106631963	0.0882063593	0.0006205796	-0.1235784103	0.0058846047	-0.1644315205	-0.0067740382	-0.0321540515	0.1118876028	-0.0916430561	-0.0271812336	-0.0392747376	-0.080450836	-0.0638977107	0.0165638511	-0.046975352	-0.0786326729	0.057251975	0.0586122003	-0.0750114495	0.0830220547	-0.0883024625	-0.0330536126	-0.1668140635	-0.0130034983	0.0060706949	-0.0326379563	-0.0897860564	-0.0791595443	-0.0030920139	-0.0800300023	0.0640666057	-0.0397766315	0.0103169874	0.0204835299	0.0	0.129133	0.006801	4.625360100000002e-05	0.016675331689	0.0834165	-0.0115871999999999	0.0001342632038399	0.00695831247225	0.35966	-0.031556	0.1293553156	0.000995781136	0.0055991	-0.0005733299999999	3.134992081e-05	3.2870728889999945e-07	-0.00138858	0.00025035	6.267512250000004e-08	1.9281544164e-06	-0.000947616	-0.0001536499999999	8.97976083456e-07	2.360832249999999e-08	0.0
4848.0763447317095	-6.367559147082829	40.54580949159821	23503844.244347174	9560.670503169156	50.8667399575279	2587.425233906765	91406420.47016875	4804.725955971878	-0.2467957708649919	23085391.511989877	0.0609081525168456	4964.199658885785	7555.0979315472	1.249402	39.724758	0.1295075499999999	0.0810301999999999	-0.0317413645	0.0578877076	-0.0827882789	-0.0370784131	0.0063940178	-0.1528584976	0.038654286	0.0087037762	0.0291483952	0.0234287333	0.0761067361	-0.0357157959	-0.0562746645	-0.0607069823	-0.0135392605	-0.0535334214	-0.0440664486	-0.0184042826	-0.0502122791	-0.0164616254	-0.0044958028	-0.0950318019	0.0322663167	-0.0177744337	0.0507433415	0.0595557625	0.085305032	0.0504793283	-0.0048205517	0.0643680393	-0.0052535344	-0.0321227438	0.0846473706	-0.0104900379	-0.0436112149	0.0007598983	0.0636348364	-0.0333441304	-0.0201700688	0.0009011801	0.0364229847	-0.0297189698	0.0679210266	0.0025896239	-0.0513198711	0.0520234962	0.0124806779	-0.0110725367	-0.1114791081	0.1248724152	0.0313357779	0.125351833	0.0271550011	-0.0389144408	0.0284797111	0.0380736765	-0.0423067182	-0.0231304574	-0.0128022434	0.1409504048	0.0456001128	-0.0481714611	-0.0379269696	0.0125576519	-0.0956456269	0.0128479152	-0.0365125372	-0.006239867	0.051207576	-0.0053511079	0.0408339428	0.0285153635	0.0384830018	0.011221077	-0.0478263078	-0.0297071178	-0.0837309872	-0.0659572603	0.0111583736	0.186677476	-0.0392391072	-0.0310394992	0.0213003896	0.0998794699	-0.0389799868	-0.0736598969	0.0555102892	-0.0908960883	0.0268796802	-0.0558433022	0.1066268836	-0.0482444491	-0.0032677566	0.0508137045	0.0275997612	-0.0259354032	0.023081309	0.0195472852	-0.0343846565	-0.0477090765	0.1209684855	-0.0035360332	0.0092662716	-0.0478700709	-0.0407761182	-0.0430130535	0.0175589766	0.0335950529	0.0376235607	0.1162972182	-0.0428250333	0.0259036016	-0.0319797399	-0.0065949635	0.0425386318	-0.0170894077	0.0595593759	0.0450395049	0.0104448229	-0.036586679	-0.0008050205	0.071319447	-0.0511504005	-0.0840062689	-0.0340963037	0.0357509626	0.032020613	-0.0160867681	0.0139748723	-0.0234842606	-0.0002511628	-0.1115687955	0.0694355821	-0.1229310931	-0.0287286737	0.0165808768	-0.035619052	0.0827071057	-0.0232303353	0.0702164932	-0.0075876377	-0.0188432588	0.0255536183	-0.1079006839	0.0887536141	-0.1107912276	0.0144388259	-0.0756962347	-0.0153768773	0.0091576551	0.087770723	0.0453771404	0.0238891075	-0.0332419776	0.0639423272	-0.0036616272	-0.1084611393	0.0594345837	-0.0999160778	0.0045734541	-0.0785252839	-0.0357747885	0.0927979766	-0.0977535092	-0.0134164273	-0.103571987	-0.0098226036	-0.0719046516	-0.0911619583	0.0128272649	0.0142153244	-0.0409015952	0.0622222563	-0.0180891131	0.0591010572	-0.0257952791	0.1259988098	0.0679524823	0.0593862081	-0.0027876995	0.0340472535	0.0423204487	-0.0227739597	-0.0803739691	0.0653558284	-0.0423688407	0.0142158133	0.0156705506	0.0	0.121317	-0.007816	6.108985600000006e-05	0.014717814489	0.157812	0.0743955	0.00553469042025	0.024904627344	0.354584	-0.0050759999999999	0.125729813056	2.576577599999969e-05	0.00527679	-0.00032231	2.78445127041e-05	1.0388373610000009e-07	-0.00125079	0.0001377899999999	1.8986084099999958e-08	1.5644756241000002e-06	-0.000563315	0.000384301	3.17323789225e-07	1.4768725860099997e-07	0.0
4863.273095094335	15.196750362625608	230.94122158396152	23651425.197468437	9601.878582091991	41.20807892283483	1698.105768510584	92196072.3052369	4812.530578753163	7.804622781285616	23160450.571434256	60.912136758162426	4973.178244034274	7538.991576245029	1.170267	37.208633	0.17299445	0.099284	-0.0108056775	-0.0385687943	0.0521378292	-0.0992503397	-0.0009252779	-0.0174742869	-0.0077435818	-0.0479608435	0.0556623015	0.0570756027	0.0215183337	0.0209977047	0.0700989189	-0.1068734777	-0.000928461	0.1063975684	-0.1053542811	0.0144603554	0.1127875735	-0.1137884151	0.0486848354	-0.0466603227	0.0180128273	-0.0439150039	0.0184331316	0.1247064258	-0.0033564307	-0.0938076103	0.0100445908	-0.0231414228	-0.0167039489	-0.1291151589	-0.0623918354	-0.0931877197	-0.0410896359	-0.0190017834	0.0657866819	0.0179585904	0.0898625513	-0.0512820206	-0.008901115	0.1426651402	-0.0221151689	0.0735931023	-0.0183889638	0.0340533769	0.0745957468	-0.114036298	0.0365598292	0.1175310287	-8.31562e-05	-0.0599563625	0.0197298511	-0.0411686164	-0.0808772884	-0.0050572382	-0.0578658826	-0.052306086	-0.0922843931	-0.0116376394	-0.1252910261	0.0212282627	-0.0383513664	0.0088755372	0.047801507	-0.0191913561	-0.0026470961	-0.0076932124	-0.0035029187	-0.0690667811	0.0100808421	0.1826593278	0.0127090302	-0.0219128834	0.0660602846	-0.0827262184	0.1007194596	0.0339259662	0.044393081	-0.0165371182	-0.0641372962	0.0845641666	-0.0091575947	-0.0295745234	0.0498495555	0.0389151083	0.129293279	-0.0538101649	-0.086698792	0.0088495711	-0.011640213	0.0174214603	0.0083517254	-0.0110502455	-0.0028757446	0.0366088311	0.1452177817	-0.0075529539	-0.0223945063	-0.092596219	-0.066381711	-0.0784585312	0.1069498773	-0.0570502883	0.0079502353	-0.058319152	-0.0001920054	0.1161484526	0.0735958442	0.0197345924	0.0309598349	-0.0569091325	-0.0980528706	-0.1254276495	-0.0649822546	-0.00908869	0.0128103557	0.061312019	0.0192540813	0.0144873707	0.0594023287	0.0909437355	-0.0167791216	0.1346493853	-0.0161928498	-0.0794319612	0.0593179608	0.0094689122	-0.0249709061	0.0345052711	-0.1139174362	-0.0663798902	0.0794533385	0.0138913774	-0.0093139624	0.0685350691	0.0407158043	-0.0543329186	-0.004252383	0.1440965944	-0.0136364522	0.0875347071	-0.0196554004	-0.0442396625	-0.1047948543	0.0172944849	0.0598009826	0.0464136437	-0.0304848618	-0.0433569556	0.0258709811	-0.006388743	0.132885729	-0.0206823379	0.0530160382	-0.0749245331	0.0204642004	-0.0525847095	0.0334577061	-0.0590515688	0.0694466381	0.0655214023	-0.0655805808	0.1504271728	-0.0429446057	-0.1106354847	-0.0225509397	-0.0345370398	-0.0242333315	0.1184631927	0.0288198206	0.0026937334	-0.0563605825	-0.0395193019	0.0056393691	-0.0592394244	0.030268386	0.0498782574	0.024561159	-0.0674016283	-0.0023133952	-0.0884986397	-0.096516342	-0.0807072924	0.0666104333	-0.0449105582	0.0180845237	0.0108057058	0.0	0.103908	-0.0174089999999999	0.0003030732809999	0.010796872464	0.0876312	-0.0701808	0.00492534468864	0.00767922721344	0.296361	-0.058223	0.087829842321	0.003389917729	0.00560868	0.0003318899999999	3.1457291342399994e-05	1.1015097209999975e-07	-0.00104139	0.0002094	4.384836000000009e-08	1.0844931320999997e-06	-0.000565658	-2.343000000000028e-06	3.1996897296400005e-07	5.489649000000132e-12	0.0
4845.793775547004	-17.479319547331215	305.5266118377151	23481717.315130085	9532.617643511468	-69.26093858052263	4797.077613054928	90870799.13738614	4797.525350712018	-15.005228041145529	23016249.49072447	225.15686856678008	4957.409371910067	7550.962326010902	1.181285	37.558952	0.1270499	0.0684268	-0.0091445285	0.1050000981	-0.0142292109	0.049930435	-0.0412091887	0.0243535598	-0.0738074558	0.0038961467	0.0118977292	-0.0404092899	0.0362974732	-0.0352347185	-0.0525639543	-0.0395582223	-0.0369231252	0.0029011412	0.0541789173	-0.0060718842	0.0629918129	0.0196530684	0.0246478768	0.0295354658	0.0752727821	-0.0032953681	-0.0453741956	0.0225077314	-0.0106474437	-0.0210442929	-0.0254139403	-0.0099805686	0.0457500169	0.0131093407	-0.0107524431	0.029455713	0.0407456592	0.0236191012	-0.017635388	-0.0867526466	-0.0405334453	-0.0883572911	0.0056227351	0.053356292	-0.0605266486	-0.0038064631	0.0406018939	-0.0372807418	0.1127692832	0.0269926208	0.0231038137	-0.0138629509	0.010984763	0.0042841645	-0.0309184899	0.056505935	0.023813525	0.0499399813	-0.117669921	0.1031465508	0.0541317471	0.0078374165	0.0096046769	0.0180639568	-0.0518339543	0.0301487205	-0.0851253302	0.0500457331	-0.0190647938	0.0392828439	0.0473004426	-0.1037196331	0.0668745064	-0.0677200419	-0.1134111822	0.0503308407	-0.0628974187	-0.1504582188	0.0155987322	0.0282992857	0.0026981489	0.0028193454	0.0320635678	0.0186958546	-0.0668602189	-0.1234420177	-0.1151237833	-0.0189463995	0.1030972745	-0.0716659113	-0.0351887462	-0.119097145	-0.0323871825	-0.0171946652	-0.0427270789	-0.0241915118	0.1203259552	-0.0300757562	0.0001569742	-0.0472669739	-0.01817429	0.0119742572	-0.0760454653	-0.008111605	-0.0184766317	0.0138649722	-0.0450839772	-0.03528689	0.0321749566	0.0121283037	0.0327072218	-0.052555175	-0.0025027642	0.0387992314	0.0525083736	0.0086426257	-0.0125418008	0.0230420419	0.010815692	-0.0282675969	-0.1313559959	-0.0262675199	-0.0409170582	-0.0453419347	-0.0186330365	0.1103681033	-0.0281975721	0.0086615524	0.0071760821	0.0395810282	-0.0760295057	-0.0321968498	-0.0206986372	0.0322358999	0.0357943518	0.0244296937	0.0434107824	-0.0345572088	0.0044085473	0.0270067398	0.0420673075	0.0098522991	0.1139323105	-0.0719918829	0.0083990282	-0.0423407794	-0.0646862532	-0.0737112233	-0.0276794261	-0.0055553963	0.0477147033	0.0443820792	0.0829326096	-0.0771937504	0.0348100303	-0.131828872	-0.0414179247	0.0343524903	-0.089496603	-0.0556106761	-0.1615625894	-0.0685328066	0.0678394881	0.0483719487	0.0210932678	-0.0048375009	-0.0119683825	0.0554596992	-0.0990373807	-0.1082818048	-0.0028251092	0.0665136802	-0.1386049404	0.0234122743	0.0406313629	-0.0177521612	-0.0051210254	-0.035748492	0.0072375915	0.065106761	-0.1086950203	-0.1054018543	-0.0579608161	-0.0008623639	0.0246226867	-0.081029928	0.0678297559	-0.0473987549	0.021914923	0.0059050968	0.0	0.125234	0.021326	0.000454798276	0.015683554756	0.126027	0.0383957999999999	0.0014742374576399	0.015882804729	0.346608	0.050247	0.120137105664	0.002524761009	0.00557765	-3.10299999999996e-05	3.11101795225e-05	9.628608999999752e-10	-0.0012738	-0.00023241	5.401440810000008e-08	1.6225664400000002e-06	-0.000487476	7.818200000000005e-05	2.37632850576e-07	6.112425124000007e-09	0.0
4848.449934717592	2.6561591705885803	7.055181539501815	23507466.769463025	9543.598651210656	10.981007699187105	120.58253008960644	91080275.21538983	4801.337266378498	3.811915666479763	23052839.545514945	14.530701048353857	4962.786526778939	7513.629155651327	1.109602	35.279808	0.0905421999999999	0.0484341	0.0005016265	-0.0378704657	-0.0284843101	-0.0517894317	-0.0474721043	0.0126953156	-0.0180191365	0.0200097027	-0.0002419893	0.043944163	0.0673812054	0.0135313965	0.0020094479	-0.0231982168	0.0055146122	-0.0217260255	-0.0067918266	-0.035645072	0.0364811159	0.0003902036	-0.0178692508	-0.0103523665	0.0747238712	-0.0227736371	-0.0309476435	-0.0079727935	0.0029768654	-0.0222855443	-0.006314871	-0.0637192955	-0.065680464	-0.0916118366	0.0711756124	-0.0162548271	0.0027454412	-0.090739661	0.0220382099	-0.0120916016	-0.0404588283	-0.0861189361	0.0394947336	0.0340132826	0.0016738923	-0.0505197979	0.015551188	-0.0540097912	0.0179410845	0.0553828192	-0.0666891623	-0.0523205373	0.0132827033	-0.0304209885	-0.0509907971	-0.042067888	-0.0226983414	0.0522504892	-0.0286732718	0.0353540714	0.1725933501	-0.0002712976	0.2036629602	0.1148852054	0.01203539	0.0232611595	-0.0085914639	-0.1060690374	0.0382919769	0.0285824423	-0.0130191484	-0.0344111401	0.0376652489	-0.0052742278	-0.0300069436	-0.0167565645	-0.0431780128	0.0343610617	0.0484392195	-0.0115549616	0.0752261694	-0.1014633671	0.1176877004	0.0092646164	-0.0259293179	0.1502574991	-0.1032261451	-7.15909e-05	-0.055463191	0.0032696406	0.0317476589	0.0031733783	-0.0390230105	0.1694956621	0.0781313398	-0.0647692793	0.0161696832	0.0549121897	-0.0017841353	-0.0101902797	0.0501534907	-0.0580560657	-0.0427246795	0.013679848	0.0093177829	0.0372144278	-0.0700277427	-0.0409831048	0.006301327	0.0009891765	0.0011195924	-0.0216465572	0.0299559784	-0.0474386326	-0.0193093733	0.0326241528	-0.029119908	0.0446775357	0.1019578022	0.0452945896	0.0260674254	0.0158964142	-0.0560217981	0.0492632322	-0.0943387319	0.0421172275	-0.0505254802	0.0616287371	0.0055239443	0.0736255923	-0.0339412664	-0.0868307212	0.0111498497	0.0301422057	-0.0302191128	0.0053450486	0.0593475373	-0.0601496541	0.0874828625	-0.0036499993	-0.004930836	-0.1028182515	0.1594468579	-0.0544845928	0.0455439132	0.0066940921	0.0998615911	0.0390428718	0.016814998	-0.0734532799	-0.1401204255	0.1112458446	-0.046019494	-0.0494395563	0.0274723171	-0.0254950775	0.072245306	0.0257872907	-0.0931734487	-0.0125741059	0.0115519706	-0.0029072472	-0.0416378104	-0.0178136668	-0.0619212782	-0.0044268976	0.1734245631	0.0980202247	0.0234236132	0.0857875145	-0.05215746	0.0368453217	-0.0228035357	0.0414020221	-0.0167285377	0.055891545	-0.1542552559	0.0976099506	-0.1103016061	0.0283563414	0.0436368186	-0.0224181168	0.0506897722	-0.0502963394	-0.0185458267	-0.0813418333	0.0690131503	-0.0498304656	0.0256988967	0.0009849435	0.0	0.136078	0.0108439999999999	0.0001175923359999	0.018517222084	0.0997499	-0.0262770999999999	0.0006904859844099	0.00995004255001	0.383625	0.0370169999999999	0.147168140625	0.0013702582889999	0.00552702	-5.063000000000029e-05	3.05479500804e-05	2.5633969000000293e-09	-0.00146134	-0.0001875399999999	3.517125159999997e-08	2.1355145956e-06	-0.000397564	8.991199999999999e-05	1.58057134096e-07	8.084167743999999e-09	0.0
4843.418093735958	-5.031840981634559	25.319423664457045	23458698.83072886	9518.315324920217	-25.28332629043871	639.2465883087892	90598326.62461103	4790.175366826418	-11.161899552079376	22945780.04495061	124.58800161070978	4950.069955001954	7450.663242023344	1.099664	34.96381	0.09192215	0.0513233	-0.0086357245	-0.0403991246	0.083513424	0.0147392575	0.0474954319	-0.0655770039	-0.084468947	0.0001231437	0.0134906981	-0.0387612615	0.0009514681	0.0340809202	0.0487619934	0.0255099344	-0.0809865634	-0.0259086325	0.0208833566	-0.0277176255	-0.0324398532	0.0605141772	0.0398904024	-0.0001360295	0.0094936351	-0.0324427367	0.0108454521	0.0829308862	0.0062364031	0.0716899899	-0.0531862726	0.119682923	0.0568335256	-0.0130218166	-0.0315345361	-0.0363208258	0.0872522588	0.0615414411	0.0262785643	0.0747887838	-0.0816121203	0.0442815488	-0.0085719139	0.0697312212	-0.0097545968	0.0593001526	0.0630133225	0.0537682729	0.0003633108	-0.046413943	0.0587317771	-0.0136155778	-0.006554599	-0.0002749019	0.0042763713	-0.0737486786	0.0615196467	-0.0096841994	0.0104571159	0.1022594697	-0.0180116807	0.060319608	-0.0342877763	0.0612300367	0.0384816756	0.1168999561	-0.0025482534	0.0165760521	-0.0463551621	-0.0193196124	-0.1127371005	0.1072099808	-0.0241985795	-0.0670974746	-0.0659351823	0.0705381901	-0.0387629335	0.0575797179	-0.03693824	0.002969861	-0.0277893038	0.0176041265	-0.0802062045	0.0786273391	0.0422552422	0.0033147278	-0.00646104	0.0358250374	0.0034211082	0.0337098584	-0.0245834558	-0.0154906907	-0.0941955646	0.0243403425	-0.0606782412	0.0437302882	-0.1256418216	0.041658774	-0.006398251	0.0744136013	-0.0552923829	-0.000693703	0.0064299001	-0.0272470187	-0.0700423719	0.001879419	-0.0168497373	-0.0144214964	-0.0027428879	0.0147623862	-0.0247325001	0.0888911665	-0.1055274086	0.1114421604	-0.0745168103	-0.0531937165	0.0042670218	0.0137453181	-0.0306905234	0.0284283059	-0.0483120499	0.089590356	0.0257276066	-0.1058904787	-0.0473006391	0.0495140085	0.0255170143	-0.0566636334	-0.0146916419	-0.0196707699	0.0429487717	0.0459059897	-0.0282359049	0.0333293684	0.0149946313	0.0393489153	-0.0238606348	0.0406792459	0.0119847076	0.086268553	0.0166941449	-0.0089380336	-0.0437419418	-0.0685363002	-0.0192934645	-0.1116801341	-0.0424891308	0.1079301514	-0.0820211657	-0.009322219	-0.0473217319	0.011916272	0.0464760057	-0.0137648241	-0.1308139209	0.017884482	-0.104410355	-0.0002923412	0.0098578737	0.0352641733	0.0596927131	-0.0098840509	0.0137553939	0.0051574499	0.107744769	0.0142360118	-0.0018946904	-0.0259257131	-0.0708955423	0.1273643958	0.0026080217	0.0194409027	-0.0224049409	-0.039435017	-0.0620840802	-0.037973396	-0.0778184213	-0.0640925286	0.0451648928	-0.0860399173	-0.0120641529	0.0781227334	0.013629361	-0.0237705156	-0.0059672049	-0.0816429668	0.0701599896	-0.0522027924	0.0294284286	-0.0039384698	0.0	0.128376	-0.007702	5.9320804000000224e-05	0.0164803973759999	0.125977	0.0262271	0.00068786077441	0.015870204529	0.342623	-0.0410019999999999	0.117390520129	0.0016811640039999	0.00556901	4.199000000000043e-05	3.10138723801e-05	1.763160100000036e-09	-0.00121658	0.0002447599999999	5.990745759999997e-08	1.4800668964000003e-06	-0.000450635	-5.307100000000002e-05	2.03071903225e-07	2.8165310410000023e-09	0.0
4859.702149748767	16.284056012808833	265.1704802282955	23616704.984272785	9580.590067010176	62.274742089959545	3878.143502370979	91787706.03209406	4810.0319889497	19.85662212328134	23136407.734719403	394.285442146786	4967.238340174301	7498.089368077731	1.191052	37.869499	0.0671052499999999	0.050117	-0.0094534049	0.0672581108	0.0147113376	0.0417949728	-0.032470422	0.0941680494	-0.0373911966	0.0048772816	0.0452490174	-0.0651009616	0.0918432605	-0.1629167895	0.1255978749	0.0356381135	4.8467e-05	-0.0005118731	0.0563017646	0.0185541911	-0.0126999966	-0.0477864579	0.0228743852	-0.0362065594	-0.0039388925	0.008404693	-0.018956725	-0.0508776737	-0.0547171342	0.0157467737	-0.0137333607	-0.0357963656	0.0191063744	0.1043142834	-0.0215490949	0.0753749835	-0.040073821	-0.0781399945	0.0605161179	0.0839293857	-0.0879682877	-0.0333910942	0.0505335622	-0.0308473877	-0.0079212624	0.0880953939	0.1595719064	-0.064651653	0.047623098	0.0223602679	-0.0054352891	0.0282461435	-0.0593150712	-0.0028656852	0.0192668916	0.0454276075	-0.0646689897	-0.1580340102	0.0909300931	0.0244959393	-0.0146107631	0.0210770688	0.0974100712	-0.0259675964	-0.0013710523	0.0107558555	-0.0621762269	-0.0401373331	-0.1065846035	0.1118485329	0.0513521385	-0.0613964659	0.0027299366	-0.0411389108	0.1063138861	0.0198889484	-0.0589147035	-0.0957811731	0.0604578262	-0.0231383279	-0.0433545194	0.0063991932	-9.27552e-05	-0.0236884948	-0.1559188751	-0.0459226027	-0.0363514195	0.0388587456	0.0317159837	-0.0708624899	-0.0433205898	-0.0229563099	0.0548391362	-0.0522574365	0.0655515064	0.0151477488	-0.0693552727	-0.1361580896	-0.0068094002	-0.0106891138	0.0119188792	-0.023444654	-0.0393631238	0.0054152075	0.0138389663	-0.0941912073	-0.0177264963	0.0433797407	0.0030054061	-0.0034775644	-0.0791578233	-0.0671453647	-0.0062047008	0.0506116428	0.0951124822	0.0757864599	0.0474072859	-0.0663172937	-0.0513608495	0.0417481207	0.0372309388	0.0625888089	-0.0468391842	0.0056408884	-0.0838851999	0.0597019264	0.0269788175	-0.0324911448	-0.1008431926	0.0833828465	-0.0767333068	0.0461411656	0.0403186505	0.0647312052	0.0969896546	-0.0381728266	-0.0340280752	0.0666708728	-0.014907643	-0.0904612115	-0.0790555647	-0.0278333571	-0.0800902592	-0.0960038447	0.0546611035	0.051991439	0.0160179288	0.0094221142	-0.0465263308	-0.1522083025	0.0578853031	-0.0171174236	-0.1086858975	-0.0502586258	0.0205971394	-0.0155599328	0.0779980775	-0.0387887754	-0.0290799849	-0.0820007761	-0.1170271764	0.0530321053	0.0354369535	0.0481838361	0.0614622566	-0.034056852	0.0104918756	0.0968878949	-0.0264192154	-0.0998876074	0.0644989524	0.1015693203	-0.0115957189	-0.0044544949	0.0181563421	-0.0085167253	0.0923124013	0.0696361611	0.0653838269	-0.0418731151	0.0181492895	0.0266971465	-0.0904947281	-0.0793032147	-0.0354096984	-0.0819332888	0.0712696665	-0.0545129082	0.0330956179	-0.0088488477	0.0	0.112321	-0.0160549999999999	0.0002577630249999	0.012616007041	0.125197	-0.00078	6.084000000000045e-07	0.015674288809	0.340689	-0.0019339999999999	0.116068994721	3.7403559999999664e-06	0.00541981	-0.0001492	2.9374340436099995e-05	2.2260640000000113e-08	-0.00122439	-7.809999999999805e-06	6.099609999999696e-11	1.4991308720999998e-06	-0.00126035	-0.0008097149999999	1.5884821224999998e-06	6.556383812249998e-07	0.0
4848.411507708041	-11.290642040725288	127.4785976917933	23507094.148075763	9557.080618826396	-23.50944818378048	552.6941539058593	91337789.95474713	4800.154354692872	-9.87763425682715	23041481.828876942	97.56765851164523	4957.426175036791	7514.242153886596	1.151067	36.598186	0.1338395	0.0612761	-0.0184966731	0.0697101339	-0.043271575	-0.0602284402	0.0143048126	-0.0403228522	-0.0222855456	-0.0264213596	0.0596480002	0.0553780514	0.0435951526	-0.0237045473	-0.0134035945	0.0270105608	-0.0484725213	-0.0170394287	0.06460949	0.0165187056	-0.1469530941	0.0077747719	0.0483732206	-0.0362801868	0.0752588216	0.0633518284	0.0853415987	-0.01414165	0.0807262208	0.0169588293	0.0236806113	0.0255860758	-0.0449032867	0.0642118324	-0.0573661364	-0.0224566939	-0.0330838016	0.0734291958	0.01534724	-0.048101756	-0.0065751081	0.0828332527	0.012034413	0.0140722019	-0.0614933268	0.0061276484	0.018574224	0.0910733881	-0.0905932502	0.0272668501	0.0622124229	-0.1891205996	0.0107661523	0.0114595734	0.1036104625	0.0112663907	0.0083221178	0.0509952261	0.019635057	0.0497790356	0.0304555588	-0.0650925079	-0.1527670688	-0.0196807201	0.0962647738	0.0169820521	0.075261546	-0.0492762818	0.0398516326	0.1661251493	-0.0155487517	0.062598278	0.0464718406	-0.0447798688	0.0171055457	0.0057301062	-0.0625954873	-0.1213307888	0.1194236393	-0.0151770695	-0.0094122525	-0.0071978446	0.0375321792	0.0034117114	0.0359172546	0.0229091489	-0.0436313231	-0.0028313246	-0.0732651832	-0.0119886942	0.0178715054	-0.1475017962	-0.0580004353	-0.0334544003	0.0645245552	-0.0577435664	0.0566760591	-0.0870276493	-0.0403096395	0.0142036432	-0.0128120377	0.0022200117	-0.0421197308	-0.0239891194	-0.0348719599	-0.0731550812	-0.0937598283	0.0644320734	0.0750799716	-0.0272492333	0.0177586546	0.0616716546	-0.0253925345	-0.0418102977	-0.0405533197	0.0265404324	-0.0482774057	-0.029832651	-0.1194735262	-0.0017808455	-0.0100419219	-0.064636497	0.032573888	-0.0222186727	0.0063492095	-0.0620458302	0.0366963123	-0.0920480038	0.0243048298	-0.0553720794	0.1306611591	-0.0378806437	0.0440564976	0.1060004437	-0.0960615055	0.0620221979	-0.096998145	0.0458447835	-0.0730694285	0.0330948868	0.0663616594	-0.0432951923	0.0558993072	0.0818178095	-0.1247623174	0.0317529119	-0.0250069335	-0.0324734942	-0.0863922758	-0.019379701	0.0364236534	0.0875823075	-0.1218946766	-0.0844537157	-0.0752837871	-0.0350723221	0.0249825801	0.022126776	0.0078442727	-0.068540084	-0.0528832306	0.0127026478	0.1052579427	0.0914417521	-0.003992818	0.0237794099	0.012009614	0.0151420167	0.0054732485	0.0562154523	-0.0546470002	0.005909756	-0.1360627846	-0.0619489599	0.135204295	-0.0554209948	0.0435900759	0.0849845329	-0.0361280117	-0.0336717152	-0.0496222678	-0.0561717737	-0.0761129392	-0.0214502409	-0.0113226166	-0.0822127608	0.0723415931	-0.0567580599	0.0366926959	-0.0137299382	0.0	0.122953	0.010632	0.000113039424	0.015117440209	0.164745	0.039548	0.001564044304	0.027140915025	0.306924	-0.033765	0.0942023417759999	0.001140075225	0.00478322	-0.0006365899999999	2.2879193568400003e-05	4.052468280999992e-07	-0.00130593	-8.154000000000017e-05	6.648771600000028e-09	1.7054531649000002e-06	-0.00154011	-0.00027976	2.3719388121e-06	7.826565759999999e-08	0.0
4854.613068065347	6.201560357305425	38.45935086530219	23567268.04063084	9561.265705747468	4.18508692107207	17.5149525369285	91417801.89590263	4809.175754765684	9.021400072811955	23128171.44022609	81.38565927373159	4967.556269473763	7521.096814802149	1.135894	36.115765	0.1383517499999999	0.0742040999999999	-0.015026045	-0.0004115892	0.005832774	-0.1206399304	0.0137442082	-0.0120914105	0.0591493626	-0.0812458512	0.0622276439	0.1261600963	0.0147207957	0.025009964	-0.0054329064	-0.021380568	0.0274576957	-0.0089003794	-0.0149180355	-0.01182204	0.0252704338	-0.0799071437	0.0571747028	0.0281336229	0.0360278599	0.073897326	0.0206541035	-0.0180740144	-0.0561648009	-0.1214082745	0.0361450666	-0.0087661683	-0.1054041875	-0.0172985705	-0.0972572326	0.0114092775	-0.0646290486	0.0388055254	-0.0304671937	-0.0007889615	0.0018152909	-0.0162042582	-0.0755428754	-0.029843904	0.076382705	-0.0398086161	-0.0794732906	-0.0224637269	-0.0027119923	0.0190229173	-0.0673777197	-0.0159666105	-0.0248715174	-0.0688566484	0.0595819823	0.0121702918	0.0133265952	-0.0523688389	0.0217099943	-0.024814376	0.019021082	-0.0245950709	0.139203892	-0.1160984627	-0.0069704869	-0.0199903249	0.008652672	-0.0652139535	-0.0981522175	-0.0113808006	0.0786610444	0.0171155613	0.0982777792	0.0066292304	-0.0123777391	0.045971954	-0.0004551479	-0.054631914	0.0246779673	-0.0563432267	0.1025810496	-0.0141047747	0.0162922173	0.1996848553	-0.0195372896	0.009157388	0.0470042499	-0.0167497818	-0.043570127	0.048261193	-0.0156231918	0.0267247307	-0.0750764003	-0.0757386372	-0.1149573186	0.0412391474	-0.0091878046	0.115071046	-0.0786087667	0.0806396551	-0.0303929676	0.0608548598	0.000692138	-0.0683265843	0.0562711053	-0.0486409645	-0.01020946	0.0753113356	0.0659723203	0.0215634458	0.0381997927	-0.1104476767	0.0007228646	-0.0525904097	-0.0092072092	-0.0237467042	-0.115848626	-0.0283260995	-0.0670689119	0.0313957203	0.0549847294	-0.0083381234	-0.0512684472	0.0176777587	0.0451685946	-0.0581066322	0.0333281549	0.1199936088	0.0061924689	-0.0447375282	-0.0244352707	-0.0987037867	-0.0035129463	-0.0106090171	-0.037729537	0.0216815173	-0.0220909374	0.0027907109	-0.0063532625	-0.0207718009	-0.0596190806	0.0198302482	-0.0117632242	-0.0981196018	0.0061812503	0.1112532203	0.0823090401	0.0116718298	0.0196062224	-0.0586393598	-0.0331304925	-0.0881308128	-0.0319413462	0.0374738505	-0.0140430516	-0.1119434914	0.0559063727	0.0100529695	-0.0553576454	-0.0724864513	-0.0374029618	-0.0368242314	0.0037517394	-0.0720116042	0.0040579893	0.1525913788	0.0323218275	0.0249098653	-0.0938087973	0.1344170749	-0.0095632816	-0.0167134164	0.0493322883	-0.0639141629	-0.0455353401	0.0378716635	0.0197923616	-0.0831850015	0.037853291	0.0006373024	-0.1410627922	0.0603481184	0.1126444041	0.0846317505	-0.002572898	-0.0824813458	0.0733752016	-0.0589355719	0.0402120424	-0.018565586	0.0	0.120369	-0.002584	6.677056000000016e-06	0.014488696161	0.144492	-0.0202529999999999	0.0004101840089999	0.020877938064	0.293423	-0.0135009999999999	0.086097056929	0.0001822770009999	0.00579028	0.0010070599999999	3.35273424784e-05	1.0141698435999995e-06	-0.0007865749999999	0.0005193550000001	2.69729616025104e-07	6.187002306248427e-07	-0.00102625	0.0005138599999999	1.0531890625e-06	2.640520995999999e-07	0.0
4861.5520939937405	6.939025928393676	48.15008083491971	23634688.762614924	9529.02302222731	-32.24268352015861	1039.5906405811074	90802279.75813808	4805.237437295586	-3.938317470098809	23090306.828787047	15.510344495285484	4964.597370431211	7564.303932911566	1.167646	37.125305	0.08870625	0.0377367	-0.046919231	0.0006111486	0.1039887213	-0.0295819394	-0.0402776609	-0.0582827008	-0.0513216918	-0.0131062859	0.0563082376	0.0538414744	0.0598914138	0.0723620108	0.0409086929	-0.0123388221	-0.0666884823	-0.134799714	-0.0602831299	-0.0733462023	-0.0700889079	-0.1026748218	0.003245908	0.0070898454	0.0617818227	0.0201375447	0.0379182538	0.0424566468	0.0045665754	0.1443996855	0.0609197793	-0.015389331	-0.0132606158	0.048905873	0.0175315371	-0.0222986439	-0.0354221806	0.0271053866	-0.0543998281	-0.0043739227	-0.0850002447	0.030131674	-0.0119759113	0.0211096501	-0.0098792944	-0.1015966716	0.0633991134	-0.1729013062	0.0101751815	-0.0285955182	-0.0214774072	-0.0049439563	-0.0524482061	-0.0431634908	0.0278272072	-0.1513896116	0.0189837239	0.1051415882	0.1310238464	-0.1258451648	0.0503481912	-0.0779331049	-0.0151145748	-0.0362733972	0.0432666151	0.0672512141	0.0611002954	0.0331278621	0.0419266756	0.0086581463	-0.0326367033	0.0527443572	-0.0242503573	0.1310842867	0.0391897925	0.0373635391	0.0289970183	0.0157470992	-0.114833514	0.0115461624	-0.0253680995	0.0183166421	0.0364794568	-0.030193075	-0.06132536	0.0623288627	-0.1224540399	-0.0143361886	0.0966316635	-0.0597859431	-0.0168939412	0.0902331564	-0.0545620552	-0.0938293487	-0.0139224401	0.0015893739	0.0671083434	-0.0312750471	-0.116455818	-0.0077608161	-0.0605301267	-0.0142410579	0.0036792445	-0.0520639366	0.0849682427	-0.0354724948	-0.0677189147	0.0898849888	0.059782513	0.0260986533	-0.1068424719	0.1187923979	-0.0533588553	-0.0104596058	0.0440994334	0.0254761538	0.0246613	0.0054546502	-0.0203890147	0.0742216491	0.0052668023	-0.0492180779	0.0005357345	-0.1044113833	-0.0099921137	-0.0606003783	0.0213747107	0.0828829879	0.0497231184	0.1841381174	-0.0224212838	-0.0012727079	-0.0352997604	0.0429668483	-0.0675099765	0.0358677842	-0.0555068162	-0.0001057621	0.1470962494	0.0393793297	0.0299824776	-0.0413378635	-0.0670805902	0.1393458053	-0.0978804375	0.0926495761	0.0817512441	0.0577638598	-0.005362531	-0.0305485392	0.0100501503	0.0444062493	0.0508573931	0.0462863971	0.0382047737	0.0495596153	0.0337499497	-0.0666421872	0.0484201523	0.130589834	0.0316138237	-0.0315974269	-0.019224291	-0.0623872393	-0.0008506396	-0.0342803013	-0.0124062563	0.0248588808	-0.0245956719	-0.0241177121	-0.0594987258	0.1143359571	-0.0737284231	0.075990258	-0.0374622477	0.118908238	0.1096427801	0.0227262524	-0.0064892606	0.0181403146	-0.0731600959	0.0130789944	-0.0671352964	0.1158347743	0.0344091012	-0.0827390082	0.0743699446	-0.0610428493	0.0436462017	-0.0233397865	0.0	0.130109	0.0097399999999999	9.486759999999996e-05	0.016928351881	0.172624	0.0281319999999999	0.0007914094239999	0.0297990453759999	0.310666	0.017243	0.096513363556	0.000297321049	0.00603225	0.00024197	3.63880400625e-05	5.85494809000001e-08	-0.00113385	-0.0003472750000001	1.205999256250695e-07	1.2856158225000002e-06	-0.00110883	-8.258000000000007e-05	1.2295039689000005e-06	6.819456400000011e-09	0.0
4828.6921568231255	-32.85993717061501	1079.775470856766	23316267.94536517	9529.883356705806	0.8603344784969522	0.7401754148906228	90818676.79241832	4787.835221863958	-17.402215431627155	22923366.1117211	302.8371019287623	4950.201290981133	7613.156237324739	1.194697	37.985405	0.1255657499999999	0.0604584	-0.0117995994	0.0751983918	-0.0494016242	-0.0588121114	-0.0566843644	-0.1086697669	-0.0771663194	-0.0281764408	0.052364938	0.0889948271	0.0137881081	0.0339471222	-0.1375223073	-0.0114594007	-0.1068652766	-0.0376413294	0.0228756847	-0.1395974993	-0.0585278645	0.029805202	0.0556324893	-0.0083677965	0.0466148741	0.0388121054	0.0151882477	0.096795812	-0.0474589122	-0.0208371955	0.0215031142	-0.0720499391	0.0909712276	0.027784322	-0.0989030642	-0.0570361838	-0.1041327323	0.077294227	-0.0144204969	0.1470340792	0.0679765018	0.0187030303	-0.0014388772	-0.1407895915	0.0014941522	-0.0175491929	-0.0695265927	-0.0759824758	-0.044193352	-0.064755679	-0.0471845339	-0.1068905624	0.0345257607	0.0217863612	0.0417633686	-0.087806865	0.1128976488	0.0020736248	-0.077950762	-0.0098553442	-0.0020832167	0.022864799	-0.002913933	-0.0618808778	-0.0214406688	-0.02665141	0.0578140077	-0.0816624914	0.0126328917	0.0175846233	-0.0848797811	0.0141566386	-0.0228955523	0.0149522511	-0.03931281	-0.011607282	-0.040782117	0.1572709668	-0.1339643567	-0.0102970811	0.0907552587	-0.0467061316	-0.0080527329	0.0469665441	0.0818916997	0.0750657947	-0.0104546106	-0.035531016	0.0168215941	-0.0867296289	0.0154708549	-0.0349135734	0.0923754432	-0.0434167377	-0.0006412363	-0.0036464368	0.0541979283	0.0387551334	0.0701771032	-0.1162924179	-0.0440343752	0.0758224195	0.0424910693	-0.0673050597	-0.0274912627	0.0373932769	-0.0247053242	0.0194069917	0.0407709038	0.1130372902	0.0281499584	0.0265728516	0.0736603148	0.0166901626	0.061021649	-0.0572399041	0.0067800608	-0.0011682251	-0.1234321434	0.119922216	0.0744895287	0.0164922352	-0.0918147778	0.004768813	0.1004600088	-0.088012487	-0.040219651	-0.0259885879	-0.0708576397	-0.0072352642	0.0050245827	0.0254539649	-0.0280841045	0.0243698417	-0.191781484	-0.031289121	-0.0218640593	0.0013412382	0.0129446385	0.1374792486	-0.0163649979	0.073601881	0.0206569269	-0.0808901156	0.0029684714	-0.0030423517	-0.0001286737	0.0025087309	0.0358196489	0.046090145	-0.0789462588	-0.0253996335	-0.029493368	-0.0534782715	-0.0294399737	0.0367332308	-0.060341276	0.0229714918	-0.0487678451	0.1752444465	0.1427673217	-0.0166144551	-0.049876726	-0.0939186608	0.0012494109	0.094872699	0.0615308529	-0.1033361549	0.0135625862	-0.0195329815	-0.0390444941	-0.0126406852	-0.040383551	0.0044996632	0.0598445279	-0.0177075327	0.0777160191	-0.0259289383	-0.0267099714	0.139179098	0.0856523948	-0.0414857239	0.0058767455	0.0099335575	0.1316734979	-0.0829857139	0.0753252952	-0.0630773808	0.0469878988	-0.0280367383	0.0	0.145712	0.015603	0.000243453609	0.021231986944	0.207582	0.0349579999999999	0.0012220617639999	0.043090286724	0.298103	-0.0125629999999999	0.088865398609	0.0001578289689999	0.00527017	-0.00076208	2.7774691828900004e-05	5.807659264000001e-07	-0.00142192	-0.0002880699999999	8.298432489999992e-08	2.0218564864e-06	-0.000910145	0.000198685	8.28363921025e-07	3.947572922500004e-08	0.0
4831.47090911902	2.7787522958942645	7.721464321937646	23343111.14566337	9523.622845955442	-6.260510750364119	39.19399485542471	90699392.11200444	4811.109246868136	23.27402500417793	23146772.18530009	541.6802398950995	4971.637448297519	7446.237084690082	1.159815	36.87632	0.1512260499999999	0.097953	0.0513629793	0.0121620487	-0.0136051496	-0.0648851668	0.0015968574	0.0048011386	0.0274714319	-0.0634922767	0.0049625343	0.0698603289	0.0518244052	0.0112683434	0.0373708277	0.0903893797	0.0454302433	0.015300884	-0.0091551898	0.0519549236	-0.0254680562	-0.0613985242	-0.0193663851	-0.0271439102	0.0216763194	-0.0133705178	-0.1360418191	0.1032062747	0.0532609829	0.0160553563	0.0137317271	0.1289898815	-0.0908082159	0.0233774822	0.0189993968	-0.1150480134	0.030304459	0.0822717121	0.0653702761	0.0458251281	0.0613401028	0.030341298	0.0242628701	0.0519915689	0.0145255612	-0.0157531315	0.0197913156	-0.0614220506	0.0506123289	0.0532827547	-0.018596658	-0.0434314201	0.0894315552	0.0107415828	0.0408962144	-0.0363073081	-0.0321348607	-0.1296817147	0.0420723979	0.0680784998	0.0069959555	-0.0355683765	-0.0523676243	-0.0670789449	-0.0251702037	0.0947927854	-0.0541662539	-0.0211476267	0.0099681869	0.0206544769	0.0804365416	0.0004106116	-0.0688669701	0.0608282073	0.1051466882	0.0413774414	-0.0621311687	0.0338744696	0.0123468507	0.0403667502	-0.0867905552	0.0022342968	-0.108857939	-0.1232322307	-0.0668927661	0.0113641296	0.0967287761	-0.0669328496	0.017379279	0.0049127779	0.0596061508	0.0883199639	0.0211814363	-0.0442512225	0.1148150254	0.0388420928	-0.0508039171	0.0679352568	-0.0055564227	-0.0305714147	0.0518389215	0.0743097023	-0.1056467761	-0.0382725868	0.05276332	-0.0145765609	-0.081402005	0.0384190401	-0.1235667305	0.0898715007	0.0056891801	0.0314583842	-0.1921563458	-0.0050633911	-0.0742921508	0.012576771	-0.040663222	0.005960629	-0.0217245631	0.0553023839	0.0114952873	-0.0139455559	0.1232156187	-0.0146653086	0.0527138958	-0.0264815437	-0.1001728182	-0.0096746634	-0.0058484819	0.0247940541	-0.0490322354	-0.0180545801	0.0212471221	0.0461128405	-0.0187378543	-0.0071501041	0.0450138884	0.1740940215	-0.0291643384	0.0221453827	-0.0661618057	-0.0314768356	0.0053552183	-0.048394706	-0.0426468562	0.0624538001	-0.0429386814	-0.0014188983	-0.1085339715	-0.0586698847	0.0157232775	0.0271673389	-0.0150607814	0.0859105555	0.060661862	0.0268438315	0.0227432741	-0.0874295594	-0.0162210094	0.0400680778	0.0274802275	0.0273282013	0.0654740718	0.089765583	0.0519692073	-0.1424829714	-0.0378805802	0.0215458465	0.04592248	-0.0705732035	-0.0606579892	-0.0560360425	0.1416858948	-0.0486581106	-0.0960278017	0.0004492944	0.0359865261	0.0614544573	-0.0151579597	0.0831753518	0.058003421	0.0484234869	0.0454145038	0.0577260496	-0.057332625	-0.0832214302	0.0762407473	-0.0650367418	0.0502300546	-0.0326408955	0.0	0.14196	-0.003752	1.407750400000004e-05	0.0201526416	0.121937	-0.0856449999999999	0.0073350660249999	0.014868631969	0.31289	0.0147869999999999	0.0979001521	0.0002186553689999	0.00600631	0.0007361399999999	3.60757598161e-05	5.419020995999995e-07	-0.0012959	0.0001260199999999	1.5881040399999978e-08	1.67935681e-06	-0.000988826	-7.868099999999993e-05	9.77776858276e-07	6.190699760999989e-09	0.0
4840.264143761399	8.793234642379502	77.32097547594297	23428156.981382277	9490.086646486126	-33.53619946931576	1124.6766748457349	90061744.5578143	4790.741738572205	-20.367508295931657	22951206.40569783	414.83539418484486	4953.56025782256	7469.226306174378	1.209012	38.44054	0.1040619	0.0599632	0.0350628541	-0.0867345229	0.0793850638	-0.0369693703	-0.0244319066	-0.0600891756	-0.088754714	-0.0203798865	-0.025785925	0.0250941833	0.0282886593	0.0912087155	0.1187164937	0.0600731523	-0.0212647921	-0.0388485433	-0.0102428229	-0.0530571763	-0.0053372868	-0.0012307259	-0.0039412152	0.1286306861	-0.0635995411	-0.0119379486	0.0348252875	0.031524099	-0.0351821196	0.0340818828	-0.0147633526	0.1395518126	0.0027667974	0.0736135039	0.1042548426	0.0083941091	-0.1233991585	-0.0421692027	-0.0174806592	0.0144096288	0.0104611068	-0.0334658944	-0.0168974789	-0.0702684463	0.0988282435	-0.0767167706	0.1018631865	0.0640963076	-0.028037426	-0.0334959623	-0.0238489399	-0.0618400657	-0.0192162836	-0.0271909808	-0.0840993613	-0.0326847362	-0.005122999	-0.0284148947	0.0032409542	-0.0398971674	-0.065596005	0.0053142526	-0.0251450269	-0.1242050295	-0.0850666023	-0.1200390071	0.0692837495	-0.0385751362	-0.0029450769	-0.0750524173	-0.0087994361	0.0052116606	-0.0048624645	0.0406272897	0.0081409573	-0.0594610897	-0.0246612421	-0.1003059769	0.0891800618	0.0784047771	-0.0479005774	0.0541925806	-0.0966292392	-0.0274906528	0.0334939798	-0.0161624804	-0.0273859399	0.0046006309	0.0432699922	0.0543691126	-0.0849613952	-0.0392754525	-0.090393494	-0.0859258469	-0.1167439312	-0.0311862233	-0.072967866	0.1471002568	-0.0042965895	-0.0282150409	0.0723807047	0.0801571995	-0.0032315	-0.021927495	0.0054859155	0.0565811422	0.088855395	0.0711861607	0.0296999562	0.0175671187	-0.0648089974	-0.0032404631	-0.1505444269	0.05825358	-0.0483963962	0.0444351872	0.1049908273	-0.0635139086	0.0244542245	-0.0186494196	0.0934836584	-0.1197381733	-0.0292220574	0.0455272314	-0.0025663845	-0.0014255072	-0.003724481	0.0508346758	-0.125883523	-0.0048988496	0.1531325216	-0.0151944722	0.0335794124	0.049783553	0.0065308592	-0.0115980653	0.0570243829	0.0231451229	0.0681010257	0.0034110752	-0.0006614157	0.0934133167	-0.0805109445	-0.0457779442	-0.0525655926	0.0605217946	-0.0076931926	-0.0805707938	0.1349601136	0.0296854574	0.0046738653	-0.0839927451	-0.0195072337	0.0397774578	0.0353863803	0.0283033148	0.0362685109	0.0148026756	0.0376657714	-0.0560745838	-0.0052011028	-0.0462561461	0.0908313254	0.1123738369	0.0568849194	0.0070911057	-0.0555028725	-0.0562584093	0.0052826653	0.0682910221	-2.82607e-05	0.0139458519	-0.0832212877	0.0931546034	-0.0487629185	-0.0581736235	0.0018088	-0.0745997753	-0.008795358	-0.0131436049	-0.0554206035	0.0221321937	0.1412309845	0.0386850316	0.015863208	-0.0834461259	0.0771158161	-0.0669185973	0.0533658005	-0.0371370197	0.0	0.15786	0.0158999999999999	0.0002528099999999	0.0249197796	0.158061	0.036124	0.001304943376	0.024983279721	0.314189	0.0012989999999999	0.098714727721	1.687400999999986e-06	0.00529611	-0.0007102	2.8048781132099995e-05	5.043840400000003e-07	-0.00121486	8.10400000000001e-05	6.567481600000017e-09	1.4758848195999998e-06	-0.000765288	0.0002235379999999	5.85665722944e-07	4.996923744399996e-08	0.0
4823.512142039265	-16.752001722134082	280.62956169838327	23266269.38440022	9498.121952841726	8.03530635559946	64.56614822833707	90214320.63105392	4783.6770538027	-7.064684769504311	22883566.15507848	49.90977089246618	4944.85466914005	7506.226817324334	1.350788	42.948326	0.0632307	0.035788	0.0440481094	0.1280678133	-0.0262284179	0.0541970789	-0.0353052637	-0.0026682432	-0.0614854626	-0.0340958421	-0.0027191664	-0.0355705079	0.0308035026	-0.0327014489	-0.0569478698	0.0759444419	-0.0879661821	0.0084811134	0.1166112153	0.0536555372	0.0153520828	0.1146685545	0.0240493725	-0.0242977715	0.0107284878	0.1113901639	-0.0321242221	0.0754910522	0.0199268517	-0.0167492875	0.0075496163	0.0187497019	0.1311579711	-0.105870964	-0.0750406615	-0.1021901451	-0.044025982	0.0047410776	-0.0828144641	-0.0160612511	-0.0433756307	0.0430114488	0.0268242694	-0.0251903821	-0.0220904265	0.0329034896	-0.0993874199	-0.0069620317	-0.1528514832	0.0843104408	-0.0152978598	-0.0538384379	0.0424676385	-0.0480575856	-0.0615620013	-0.0067198974	0.0867058272	0.0176547684	-0.0218975547	-0.0188648478	-0.0604820026	0.0543072132	0.1102578128	0.0209359823	-0.0799889309	0.0102137163	0.0221012844	0.0894133797	0.041391256	0.0167627939	-0.1008895809	-0.0506634358	0.1281465394	0.0276509265	0.0776180694	0.0969614121	0.0211210979	0.0117392263	-0.0178547466	-0.1391388757	-0.0649392539	-0.029471681	0.0275446284	0.0042978746	0.0020333846	0.0355055157	0.0157152038	0.0028728301	0.012374594	-0.1106666156	0.0712730294	-0.0377240058	-0.0264325725	-0.1117857906	0.062075762	-0.0079005919	-0.1336260346	-0.0186060501	0.0857404883	-0.0670861692	-0.0579801437	-0.0007366033	0.0276112709	-0.0352356396	-0.105366346	0.0457497451	-0.0295353902	0.0538134334	-0.0415027875	0.0673323039	0.1221627501	0.0460215266	0.0687709935	0.0571050875	0.0342436273	-0.130885782	-0.0311117357	0.0297562165	-0.0022201712	0.027352005	0.0464886179	-0.0564268104	-0.0282084352	-0.0765924985	-0.0448466235	-0.045967505	0.004214459	-0.0679950108	0.0718612651	-0.0547169495	0.0200577362	-0.0530736009	0.1395615295	-0.0419958212	-0.1394781789	0.0084340895	0.0639501339	-0.0514653405	0.0079828709	0.0234397893	0.0162960829	0.0709405949	-0.0559521161	-0.0995806238	0.0554499558	0.0070133815	0.0376322839	0.0204053456	0.0512107605	0.026717692	0.0250024672	0.0733080669	0.0878565682	-0.0878034765	-0.0355503056	-0.0440482261	0.0967802838	-0.0845641602	0.0567211748	0.0464676623	0.0216717593	0.0614411108	0.0184964871	-0.0895163819	-0.0458567483	-0.0720167779	0.0063046711	0.0353515699	-0.0507421312	0.0499307311	-0.106069674	0.0515747547	-0.031500996	-0.1358614641	-0.0116416785	-0.0660083036	0.1172515734	0.0339006239	0.0059690126	-0.0240920591	0.1130473849	0.0354301088	-0.0834170916	-0.0393027308	0.0116028885	-0.0836597713	0.077950038	-0.0687207046	0.0563884939	-0.0415102298	0.0	0.135359	-0.0225009999999999	0.0005062950009999	0.018322058881	0.138645	-0.019416	0.000376981056	0.0192224360249999	0.315942	0.001753	0.099819347364	3.073009000000016e-06	0.00529956	3.450000000000328e-06	2.80853361936e-05	1.190250000000226e-11	-0.00150445	-0.00028959	8.38623681000001e-08	2.2633698025000003e-06	-0.0008634619999999	-9.817399999989995e-05	7.455666254438273e-07	9.638134275980356e-09	0.0
4834.450401097709	10.938259058443691	119.64551122962548	23371910.6806738	9510.60428177683	12.482328935104306	155.80853564414218	90451593.80455178	4802.660250810196	18.98319700749562	23065545.48471225	360.3617686253906	4963.7001865097845	7447.787604663174	1.218199	38.732635	0.1563413999999999	0.0908659	0.0817490031	-0.0410917883	-0.0090908451	-0.0914500476	-0.0274194648	0.0308611174	-0.0037219599	-0.076088106	-0.0053607919	-0.0350015712	0.0730152086	-0.0068630377	0.0698563808	0.0061650569	0.0881121366	-0.0637248169	0.069227664	0.0030190883	-0.0327834864	0.0120222273	0.0671457023	0.0102642508	-0.0158987287	0.0783381763	-0.0071401388	-0.0726659179	-0.0618779758	-0.0205670093	-0.0878200271	0.0581860593	-0.0416036378	-0.0676465443	0.0283762758	-0.118632264	-0.160784599	0.0385754561	-0.0295109878	-0.1201623297	0.0191226049	0.0652482662	-0.0219270484	-0.0461651502	-0.0373458615	-0.0431987145	-0.0672452274	-0.0568215323	0.0096725583	0.0219008881	0.0064936991	-0.0290438845	-0.1154219194	0.0592577225	-0.0137758527	-0.0011661677	-0.0102698109	-0.0680712923	-0.0094913981	-0.0200032264	0.1053215571	0.0867606494	-0.0122449112	0.0081013372	0.1330945869	0.0057405733	0.0010695586	0.1062840057	-0.119843998	0.0692881238	0.005806643	-0.0459859333	0.0006807675	0.0270686171	-0.030761992	-0.0633193818	0.157190614	-0.0987804063	0.0446016877	0.0382429914	-0.0880554925	-0.0542711921	-0.0161372579	-0.0737263469	0.0230837947	-0.0166502217	0.0019358101	-0.0677256602	-0.0814798115	0.0441861753	-0.001100282	0.0599859025	-0.0875126758	0.0779212497	0.0216245479	-0.0826109823	0.0608130767	0.0725705518	0.0142471226	0.0016334841	0.0323494883	-0.0929717398	0.0357197447	-0.0561259825	-0.0191291366	0.0010988482	0.008335278	0.0622542641	-0.017130791	-0.0438951994	0.0191180313	-0.0750743702	0.0816261193	0.0729137552	-0.0753778288	-0.0181633322	-0.0603261223	0.0091875278	0.0805907585	0.0519021831	0.0427171706	-0.191647307	0.032186814	0.009071744	0.0813597026	-0.1089237926	0.0188884953	-0.00998059	0.0455262374	-0.0511836686	-0.0531809866	-0.0335691345	0.0708443191	0.0973581296	0.0481759864	0.0124337733	-0.0656425436	-0.0447638871	0.0450271464	0.0379501045	-0.0626901749	-0.020151406	0.0150750765	0.0204711847	-0.0238145796	-0.0973686736	0.0623722368	0.0682417363	-0.0367373241	-0.1190421211	0.1229893818	-0.0999961969	0.0106294231	-0.0542233096	0.0561208278	-0.0135981386	0.0155663832	0.0387171513	0.1361127659	-0.0998058585	-0.044651194	-0.0498105817	-0.0084864956	0.0264030757	-0.0284757812	-0.0276146226	-0.0368606989	0.0275381895	0.0579231933	0.0005238381	-0.0383029816	-0.0617567458	-0.039234101	0.0235824167	-0.0938549594	0.0025103857	-0.0724234292	0.0720258454	-0.1400918832	0.015476539	-0.0517687043	-0.0391597862	0.0645981995	-0.0541821149	0.0055560236	-0.083862338	0.0787429712	-0.0704409161	0.0592917311	-0.0457460516	0.0	0.110498	-0.024861	0.000618069321	0.0122098080039999	0.0566095	-0.0820354999999999	0.0067298232602499	0.00320463549025	0.306337	-0.0096049999999999	0.093842357569	9.225602499999953e-05	0.00524974	-4.98199999999999e-05	2.75597700676e-05	2.4820323999999904e-09	-0.00098384	0.00052061	2.7103477210000014e-07	9.679411456e-07	-0.00108983	-0.000226368	1.1877294289e-06	5.124247142404527e-08	0.0
4829.616582009268	-4.833819088440578	23.365806979772497	23325196.329218887	9492.154618988769	-18.449662788061687	340.3900569931881	90100999.3107898	4790.697899010456	-11.962351799739736	22950786.3595832	143.0978605807365	4954.369947600488	7438.353156105114	1.150207	36.570827	0.1156498999999999	0.0485247	0.0569499332	0.0505091844	0.0902142646	0.0276913343	-0.0418591369	-0.0772117592	0.0996356199	-0.0717881436	-0.0137425042	-0.0087739939	0.0165391385	-0.0035877082	0.0045403411	0.0192641166	-0.0118032317	-0.0598818837	0.0010292894	0.0172557611	-0.0109318245	0.0298896395	0.0163344889	0.1044357969	0.038721375	0.0358382468	-0.0725191342	-0.0103846407	-0.0715541665	-0.0083583591	0.0050399075	-0.0464679827	-0.09105121	-0.0453421052	0.0093739426	-0.0276068854	0.0323311358	-0.1014206633	-0.0181321513	-0.0265970385	-0.0922866967	0.102496594	-0.0362968167	0.0528300932	-0.0524497119	0.1368820249	-0.036262017	-0.0350204041	-0.0116408192	-0.031334714	0.0386050874	-0.0610489939	0.0690424682	0.0944044215	-0.0747332877	-0.0840353001	0.031143618	0.0216237315	-0.0028911789	0.0831586037	-0.0120722829	-0.0103321858	-0.0464923677	-0.0088059399	-0.0008097264	-0.0791908317	0.0935016934	-0.0177146327	-0.0478433641	-0.0224869324	-0.0978837443	-0.032869285	-0.0393882837	0.0731671087	-0.0364056782	-0.0175254603	-0.0365462708	0.0288950346	-0.0055214666	0.039154903	0.0269113025	-0.0083792158	0.007954387	-0.0221756396	0.0264968439	0.0766580539	0.0429240063	0.0871541369	-0.0613776728	-0.075973072	-0.1172007644	0.009946513	-0.03043008	-0.017920242	0.0225587279	0.0320806674	-0.0038700561	-0.0024877297	0.0522003875	0.0345873581	0.0428562667	0.062225603	-0.0458765969	-0.0654674977	-0.0075013492	0.1085399277	-0.0266837336	0.0770288596	-0.0133381639	0.0169893288	-0.0286225623	-0.0736411324	0.0188596688	-0.0494239118	-0.0496370329	0.0464463388	-0.0574141735	0.0566493375	0.072173138	-0.0050796776	0.0279644054	0.0075887136	0.042958636	-0.0319674467	-0.1023814171	0.0371920277	0.1358204953	-0.073587425	0.084761152	-0.0480657294	-0.037524277	0.0791057446	0.0064191376	0.0424384761	-0.0415200981	-0.0954008568	0.0462072917	0.0466108479	0.0413661424	0.0988106874	0.0985548094	-0.0426668287	0.012617808	-0.0121351342	-0.0245643183	-0.0564047117	-0.0378905023	0.015093363	0.119681271	0.0017879182	-0.0045152834	-0.0846255102	-0.0301263154	-0.0621160523	-0.0015348721	0.041782908	-0.0382841574	-0.0220786178	-0.0273528181	0.0416678335	0.068447	-0.0269619548	0.0318680906	-0.0050782879	-0.0300170043	-0.0015595864	0.0190706489	-0.0201044522	0.1142750746	0.0579518033	0.0845380563	0.072932258	-0.0018802538	-0.0266674794	-0.0034661723	-0.0354339872	0.0190616585	0.0250655509	0.0731510559	0.0254671688	-0.0292387539	-0.0071743212	-0.0019115651	-0.035930802	-0.011173884	-0.0840537993	0.0794941956	-0.0720771819	0.0620693619	-0.0498304656	0.0	0.131249	0.020751	0.000430604001	0.017226300001	0.0856988	0.0290893	0.00084618737449	0.00734428432144	0.316337	0.0099999999999999	0.1000690975689999	9.999999999999908e-05	0.00564964	0.0003998999999999	3.19184321296e-05	1.5992000999999992e-07	-0.00148892	-0.00050508	2.551058064e-07	2.2168827664e-06	-0.0008786179999999	0.000211212	7.719695899238243e-07	4.461050894404223e-08	0.0
4827.082616905871	-2.5339651033973496	6.420979145235541	23300726.59043483	9505.473475406045	13.318856417276038	177.3919362640151	90354025.99164788	4793.385753751074	2.687854740617695	22976546.98426375	7.224563106661016	4956.093266748873	7461.165636105314	1.089633	34.644897	0.0370367	0.020859	0.0751019531	-0.0445361052	0.0034832464	-0.0598885875	-0.0350064716	0.0079572335	0.0230166553	-0.0635905247	-0.0228721493	0.045526185	0.0104536728	-0.0241669316	0.0184243111	-0.0261069153	0.0073282141	-0.0238373889	0.0336279257	0.009747581	-0.0364638201	0.0435049938	0.0633742509	-0.0130143849	0.0022636959	0.0331310958	0.0304870392	0.0472533533	0.0166146575	0.0861839604	0.0656477769	0.0186672344	0.0417299722	-0.0136050904	0.017819501	0.0328458241	-0.0218662555	-0.0150286572	-0.0677002987	0.1069388108	-0.0690759567	-0.1354323451	-0.0531220651	-0.0228555355	-0.0991616181	-0.0499613087	0.0020097837	-0.0582796624	-0.0427248744	-0.0133852032	-0.086774912	0.0300886568	0.0114385185	0.0130755919	0.0950464155	0.0454393302	-0.0764622867	-0.1122045088	0.1211575122	0.1010168781	-0.0518509738	0.1986433164	-0.0009176448	-0.0519738348	0.1037154383	-0.0137645885	-0.0049345472	0.0034136402	-0.0698401562	-0.0303004466	-0.0897011758	0.0137422811	0.0485829812	-0.0104580246	0.0058544669	-0.0812991227	-0.0056075676	0.0300268543	0.0014953971	0.0210199866	0.0324132688	0.0055600489	-0.0264752237	-0.0880428918	-0.0445652188	0.0470584541	-0.0824410638	0.043348712	0.0373691362	0.0573293989	0.045805311	-0.0163239931	-0.0529059538	0.0511443403	0.0326735072	0.0065985269	0.0012077673	-0.017402479	0.0046515168	0.0791416356	0.1107295684	-0.016927047	0.0526224285	-0.0534994096	-0.040235209	0.020288952	-0.0198631232	0.0318595278	0.0206328365	0.0101797304	-0.0131409765	0.101981415	0.0018674511	0.0297879236	0.0896021866	-0.0124826255	0.0058562131	-0.0082271226	0.0575068434	0.0131129274	0.0686713006	0.0120042805	-0.1260375698	-0.0467197705	0.0655687734	0.0670407083	-0.0600849319	0.0528761311	0.0441769513	0.0434452914	0.0370202525	0.0128796579	0.000725432	0.0419886571	-0.0486030544	-0.0740636667	-0.0855518441	0.1382989448	-0.0957572781	-0.1118790466	-0.0462517014	-0.0873551847	-0.1175363384	-0.0703359863	-0.003266847	-0.1853063703	0.091072171	-0.0024776804	-0.0157051517	-0.0644317749	-0.0207036219	-0.1250571134	0.03135817	-0.0292084403	-0.0508538457	0.0297510859	0.0511432528	0.0355898186	0.0051739978	-0.032695686	0.056253193	-0.0341672409	-0.0329758789	0.0152953391	0.0373749323	-0.0817155833	0.0323658454	0.0469259586	0.0099184425	-0.0292395587	0.0139914485	0.0397967633	-0.0115732231	0.0928111344	0.0410662502	0.0637405305	-0.0933675048	0.022697311	0.0094536469	-0.0491423786	0.0207980512	-0.0336716438	0.0099070359	-0.0192496076	-0.011692788	-0.0842341297	0.0802033134	-0.0736275519	0.064715502	-0.0537499534	0.0	0.131767	0.0005179999999999	2.683239999999904e-07	0.017362542289	0.0885519	0.0028530999999999	8.140179609999984e-06	0.00784143899361	0.319951	0.003614	0.1023686424009999	1.3060996000000044e-05	0.00557097	-7.86700000000003e-05	3.10357067409e-05	6.188968900000047e-09	-0.00113975	0.00034917	1.2191968889999998e-07	1.2990300625e-06	-0.00105181	-0.0001731920000001	1.1063042761e-06	2.9995468864034654e-08	0.0
4820.572998770132	-6.509618135739402	42.375128273147325	23237924.036471657	9469.390691729825	-36.08278367622006	1301.9672778248928	89669360.07261944	4791.786318948744	-1.599434802329597	22961216.12646436	2.558191686903117	4954.768525943939	7424.182175605933	1.079653	34.327564	0.06223055	0.0308209	0.076750529	0.0629580869	0.0313621982	0.0634611403	-0.0696792031	0.0230063474	0.0358445365	-0.0617570973	-0.0710763631	-0.0115020412	0.0106182514	-0.0550535902	-0.0407853558	0.0448304249	-0.0530394304	-0.0499146044	0.010315245	-0.0278300332	-0.0353838633	0.0535456486	-0.0518971321	0.0170835844	0.0105285297	-0.0449374145	-0.0540539028	0.0496042121	0.00359917	0.1068680838	-0.1283347938	-0.0435451077	0.0610083582	-0.0344016979	0.045022821	0.0765679046	0.0564865716	-0.0154060947	0.0022057322	0.0700102833	-0.0946362768	0.0054560221	0.0156914166	0.0189753505	-0.0309151056	0.0548291006	0.0779320072	-0.0539401615	-0.08223127	-0.0350633385	-0.0820193033	0.0936064206	0.0315493882	0.0339167603	-0.0469361537	-0.0174179496	-0.0003296813	-0.0043239403	0.0240890877	-0.1283689488	0.0015363696	0.0245196162	-0.0139326502	0.0471273853	-0.0010409205	-0.0531931211	0.0091824282	0.0349595144	0.0154681191	-0.083247495	-0.0285656186	0.0297799704	-0.0461749835	-0.1026928187	0.0288641361	0.0003426339	-9.67663e-05	0.0305026583	0.011061356	0.0285513924	0.0004385773	0.0152250043	0.0727731174	-0.1223636935	-0.132725005	-0.0065492892	0.0972554878	-0.0073550632	-0.0979232168	0.0118480612	-0.0841086337	0.0399078123	-0.0113502215	0.0431731384	-0.0190843212	-0.046359247	0.0266981302	0.0734124783	-0.0571067212	0.0764685652	0.0242957347	0.0924643444	0.0425841597	0.0005376066	-0.020409313	0.1143586924	-0.0225674017	-0.0559821747	-0.0519097517	0.0337614718	-0.0273085137	0.0712880864	0.0168218966	0.0993256277	-0.02236069	0.0665842438	0.0655554005	-0.02654961	0.0462545068	0.0408914637	-0.0481563679	0.1279009877	-0.0788275962	-0.0547536623	-0.0588439836	0.0056973663	0.0411361184	-0.0267741265	0.0493538699	0.1222789429	0.005246773	0.0324579897	0.0283415252	-0.0472645426	0.0115525252	-0.1071138758	0.0413154526	-0.0437481396	0.0329333381	-0.0172978842	-0.0892855967	0.0138818923	-0.0629075817	0.0777959561	0.0144646107	-0.0178668057	0.0244072506	-0.0121606091	0.0473457901	0.0636131884	0.0014325204	-0.0083045789	-0.0017126319	0.0193518981	-0.0876730367	0.073649711	-0.0010698249	0.0110115766	-0.0185232615	-0.0353710363	-0.0275048518	0.0418817466	-0.0547702186	0.0129259839	-0.0203149911	-0.0608794592	-0.0321458247	0.1356198265	0.1505463791	-0.0274232052	0.0596789546	-0.0251361695	0.0379454516	0.0008038182	-0.0573645929	-0.0285949305	-0.0428993004	-0.0015305383	-0.0452249091	0.0023061747	-0.0478874626	0.0427312413	0.108395864	0.0853387113	0.0710194415	-0.0844033055	0.0808699489	-0.0750901786	0.0672245457	-0.0574915426	0.0	0.138241	0.006474	4.19126760000001e-05	0.019110574081	0.0851779	-0.003374	1.1383876000000014e-05	0.00725527464841	0.327211	0.0072599999999999	0.1070670385209999	5.270759999999984e-05	0.00570892	0.00013795	3.25917675664e-05	1.903020250000011e-08	-0.00149998	-0.00036023	1.2976565290000004e-07	2.2499400004e-06	-0.000647539	0.000404271	4.193067565210001e-07	1.63435041441e-07	0.0
4822.928698060359	2.355699290227676	5.549319145979177	23260641.22657419	9480.961200549842	11.570508820017494	133.87667435410262	89888625.2863315	4795.034156560351	3.247837611606883	22992352.56258044	10.548449151368304	4956.7037038234685	7392.509122750734	1.060383	33.71489	0.12962575	0.0787056	0.0871348322	-0.0375197392	-0.0169728334	-0.0097077866	-0.012237154	0.0195831339	0.0430772562	-0.0480400059	-0.0756468623	0.0317072319	0.0367066438	0.0156022502	0.0190289793	0.0006714464	0.0604299123	0.0030928691	0.078744061	0.0103427619	-0.0521566153	0.0478143203	-0.0206213829	0.0251778276	-0.050472828	-0.0541773355	-0.084062464	-0.0666819393	0.0086283099	-0.0599249387	0.0644846869	-0.0245805871	0.0070259871	-0.0180800748	0.0327904444	0.0733890768	-0.0553179147	0.0630645421	-0.0890610701	0.0565875947	-0.0173373628	-0.0592341592	0.0516889785	-0.0088240539	0.0872953551	0.001703629	0.019502708	-0.0299128089	-0.0249738659	0.0021960264	0.0700821233	0.0369025762	0.0895482342	-0.0197346426	-0.046224601	-0.0315545444	-0.0091721805	0.046809832	0.0016882448	-0.0235723172	0.0440835882	0.1169439501	-0.0959898999	0.0637056323	0.0275238464	0.0374105892	-0.0488266418	0.077516797	0.052987923	-0.1748824359	-0.0312338614	0.0727838486	0.0584889575	0.1483038495	0.0296413556	0.0804491019	-0.0066004905	0.0168567059	0.0303240592	-0.1234571092	0.0702460417	-0.0144516909	0.0753768026	0.0455322523	-0.0536267644	-0.0448550721	-0.0348102573	0.1364662471	0.0266717847	0.1392860857	0.1191228496	-0.033823153	0.0432480592	0.048559662	-0.0395240389	-0.0943104516	-0.1188760719	0.0078111022	0.0043398827	0.0205518702	0.0239090992	0.0782624284	-0.0373416683	-0.0225031873	-0.0321488432	0.0565050524	0.0481728168	-0.0123590147	-0.1013485096	-0.0168301664	-0.0275791431	-0.0791028227	-0.0278103921	-0.1016073838	-0.0002240603	-0.0522911141	0.0607731196	-0.0553374795	-0.0294001742	-0.0362734002	0.0143175053	-0.0156662255	-0.1179598909	-0.0400700057	-0.0394099184	-0.0145328189	-0.0511546356	0.0493239719	-0.0294565753	0.0292026072	-0.0191905737	0.0643319747	0.0124216544	-0.0473985384	-0.0460316641	0.0307112492	0.0703513175	-0.0146540089	0.0149925556	0.0131037817	-0.0206241272	0.0092261357	0.0264122015	0.1068115558	-0.0471156406	-0.1601704849	0.0095791192	-0.0201440978	-0.019826024	0.0256091275	-0.0338665095	-0.0002922323	0.1576156223	0.1247459127	-0.0552865834	0.021555247	0.0869162675	-0.1100909536	-0.0136889482	-0.0180637475	0.0272473263	0.0330087186	0.0481722113	-0.0927089011	-0.0850638923	-0.0087703635	-0.0064669544	0.0738359672	-0.1549273964	0.0561416196	0.020824136	0.0146541562	0.0906913736	0.023156983	0.1192419262	0.0292346255	-0.033661859	-0.0285642469	-0.0756880626	-0.1569255699	0.0702721613	0.0015586204	0.0690289887	-0.0349065229	0.0062738504	-0.0845613042	0.081493749	-0.0764633189	0.0695911778	-0.0610428493	0.0	0.140751	0.0025099999999999	6.300099999999922e-06	0.0198108440009999	0.144696	0.0595180999999999	0.0035424042276099	0.0209369324159999	0.350123	0.022912	0.122586115129	0.000524959744	0.0050781	-0.0006308199999999	2.5787099610000003e-05	3.979338723999998e-07	-0.00158405	-8.407000000000011e-05	7.067764900000018e-09	2.5092144025e-06	-0.000468716	0.000178823	2.19694688656e-07	3.1977665329000024e-08	0.0
4827.376229747675	4.447531687315859	19.78053810967865	23303561.26353288	9446.668624220853	-34.292576328989526	1175.9807912795727	89239548.0958387	4788.606549198159	-6.427607362192248	22930752.6830235	41.314136402507984	4951.770000668288	7334.541202012371	1.165091	37.044075	0.1366332	0.0762715999999999	0.0831650534	-0.0102656788	0.1196496654	0.0146622214	0.0819632086	-0.0251322119	-0.1023281621	-0.081015196	-0.0395324675	-0.0133327998	-0.0862793968	0.1109501849	0.0615768749	0.086436426	-0.0532112276	-0.0147860656	0.0250402197	0.0279474126	0.0410508588	0.0961538078	0.0619418783	0.0126017348	-0.0400118481	0.0756607741	0.0034218376	-0.1000085436	-0.0752740148	-0.0248829284	0.0172671725	0.0313983787	0.0502520865	0.0886821118	0.0471134067	0.0428675015	0.0118246091	-0.0415138929	0.0972045153	0.042735729	0.0677259135	-0.0918096604	0.0276258794	0.112328078	-0.0337907902	0.0472438459	0.0394864321	0.1136667552	0.0775781848	-0.013561391	-0.0445954553	0.0477876674	0.0650743049	-0.0755224578	0.0837261994	-0.0590165124	-0.0143277033	0.0721991939	-0.0424753645	-0.0294050169	0.0403259414	-0.043825652	-0.0008674837	-0.0294282003	-0.0104789486	-0.0831752372	-0.0564212633	-0.0073374859	0.1002006579	-0.0449619108	0.0712827601	0.0477530394	-0.1033770567	0.0539619312	-0.026278598	-0.0443153218	0.0065063559	-0.1303319296	0.0473592822	0.0111515457	-0.0103674707	0.0519818484	-0.005994569	-0.064783544	-0.0394917313	0.0540271026	0.0548318878	-0.0423076336	0.1379077203	0.0039541222	0.1157712041	0.0585693002	0.0244911967	-0.0199294078	0.080208625	-0.0588996252	-0.0094810371	0.0003141143	-0.0422513685	-0.0278887932	-0.0654759491	-0.0489590997	0.0824529276	-0.0579167559	-0.109011411	0.0012046711	0.0263580561	0.0794727523	-0.0170815939	-0.0856218716	-0.0259378728	-0.0829213324	-0.0346161366	0.0649297421	0.0137781038	-0.0225018074	0.0771903732	0.0039187948	-0.0566232545	-0.0142011482	-0.0032796262	0.0583318562	-0.0021975423	0.1410351993	-0.0161929436	0.1196102318	-0.0235453889	-0.0677948338	0.0175483048	0.0299834846	0.0602919324	-0.0582532965	-0.1176347412	-0.0799815898	0.0359015119	0.0342862512	-0.0032419716	0.0652369697	0.0196167799	-0.017607647	0.0131618628	0.0031085086	0.1167207871	0.0639522617	-0.0131029878	0.0553217281	0.0649662088	-0.1234086877	0.0288659256	0.0306796124	0.0095858404	0.0299351184	0.0021346724	0.1163953407	0.0835027985	0.10982788	-0.0303331847	0.0131715941	0.001448682	-0.066329651	-0.0811300639	-0.0622221919	0.0402540584	0.0444654499	0.0138495962	-0.0637511155	-0.0289288697	-0.0228750426	0.0236813423	-0.0321084022	-0.1067563479	0.0429032784	0.082126168	0.0190968319	-7.63098e-05	0.0616842564	0.0723449766	0.0556954584	-0.0801129122	-0.0355557807	0.0037642528	0.056921011	-0.0607112625	-0.0305910979	0.0188988388	-0.0847081048	0.0820743834	-0.0777453364	0.0718103845	-0.0643921198	0.0	0.143837	0.003086	9.523396000000034e-06	0.0206890825689999	0.117202	-0.0274939999999999	0.0007559200359999	0.013736308804	0.278957	-0.071166	0.077817007849	0.005064599556	0.00483451	-0.00024359	2.3372486940100003e-05	5.9336088100000066e-08	-0.00165107	-6.701999999999988e-05	4.491680399999985e-09	2.7260321449e-06	-0.00085585	-0.000387134	7.324792225e-07	1.4987273395600002e-07	0.0
4855.317350413759	27.94112066608432	780.7062240766841	23574106.57322889	9509.695221969385	63.02659774853237	3972.352023755305	90434303.21474735	4806.961451519528	18.35490232136908	23106878.39639473	336.9024392270001	4965.557549640131	7360.234600946324	1.269885	40.376003	0.1627842999999999	0.0819704	0.0441334026	-0.016127896	-0.0760374672	0.0188205617	0.1115233874	-0.0087517668	0.0736049725	-0.0019745695	-0.0274434188	-0.1173485685	-0.0407013871	-0.0763051963	0.0589023865	0.0119913829	0.0629777143	0.0480544994	-0.048522122	0.0289232645	-0.0053392672	-0.0003781739	0.0255324331	-0.0300049019	-0.0198794084	-0.0370648285	0.0418259373	0.0688143881	-0.0749414395	-0.024830317	0.0416494588	-0.0015367558	0.0937637704	-0.0342280449	-0.0406625138	-0.1147155031	0.022339078	-0.0710548795	-0.05030177	-0.008007577	0.0589817775	0.1208115023	0.0270057179	0.0281280187	-0.0396392375	0.0409653438	-0.0038642514	0.033679961	0.1189268631	0.1085161728	0.0340899413	-0.0162706018	-0.0170331379	0.0012212302	-0.0030839366	0.0397194583	0.059689658	-0.0251670549	-0.0096125431	-0.0607202366	-0.0204586651	-0.020334083	-0.0653237722	0.0537841035	0.0705278932	-0.0437595422	0.0161654074	-0.0496134149	0.1278394732	0.0359921882	0.0074810728	0.0848768775	-0.0551378901	-0.0592395743	-0.0842274937	0.0817946174	-0.0289745056	-0.043245182	0.032970054	-0.0245952837	0.0144569688	-0.0537996431	-0.0235884571	0.0471227045	-0.0061599091	-0.0465345343	-0.0575111562	-0.0651663243	0.0445041047	0.0325535639	-0.0479113378	-0.0497768132	-0.039394183	0.0389265298	-0.0028846154	0.0341551549	0.0571292807	-0.000450379	-0.0302148575	-0.027339778	0.0193404482	-0.0737304779	-0.0382724761	-0.006064946	-0.0012106309	-0.0203854623	0.0209531143	-0.0312931134	0.0218042806	0.0830304812	-0.0186245088	0.0029279086	0.0639746196	0.0246839523	0.0400667446	-0.0938565034	-0.0178765786	0.1029543564	0.006873857	-0.0223309841	0.0587370791	-0.0289615616	0.075264486	-0.0573063999	0.0039143843	0.0070866508	0.0301748627	-0.1504155051	-0.059849915	-0.0450022739	-0.0753924673	-0.0940325146	-0.0046997998	0.0097542961	0.0714850879	0.0873915343	0.0502930538	0.0113952631	-0.0540985299	0.0514252712	0.0081432471	-0.0232300984	-0.0069884555	0.1122939796	0.0179731781	0.0128670939	0.0232629952	-0.0161539875	-0.0331423622	0.0858772092	-0.0380632465	0.0649138894	-0.0722586095	0.0151009279	-0.0529587885	0.0282954329	-0.1155123043	-0.0353419723	0.0499858985	-0.0485439001	-0.0353213742	0.0167234171	0.0719782529	-0.0033662676	0.041173526	0.064297118	0.0433313708	0.0024650155	-0.0346526952	-0.0021761237	-0.0225110119	-0.043220767	-0.0667085122	0.0690949443	0.0008496021	0.0251742354	-0.0309442574	-0.0061729161	0.023940389	0.0321813994	-0.0888710596	-0.0198982458	-0.0606263995	-0.0346815117	-0.0513734666	-0.084843688	0.0826115445	-0.0789347034	0.0738774647	-0.0675282686	0.0	0.156767	0.0129299999999999	0.0001671848999999	0.0245758922889999	0.0609407	-0.0562613	0.00316533387769	0.00371376891649	0.302143	0.0231859999999999	0.091290392449	0.0005375905959999	0.00579019	0.0009556799999999	3.35263002361e-05	9.133242623999992e-07	-0.0013497	0.00030137	9.082387690000003e-08	1.82169009e-06	-0.00100694	-0.00015109	1.0139281636e-06	2.28281881e-08	0.0
4852.183062448576	-3.1342879651838302	9.823761048696197	23543680.47151284	9508.200855893952	-1.494366075432481	2.2331299674034755	90405883.51602247	4810.995062540286	4.033611020758144	23145673.491787013	16.270017866781558	4972.809831339968	7442.449749645688	1.150874	36.592033	0.0740177	0.0396727	-0.0013466404	0.0101232513	0.0304816299	0.0116271894	0.0602189897	-0.1324150887	-0.06765949	-0.0111317597	0.0381706508	-0.008422573	-0.0253427387	0.0583318309	0.0510605262	0.0150677744	-0.0877778345	0.0082190886	0.0214299281	-0.0459328624	-0.0159639436	-0.0598459237	0.0384791887	-0.0405189296	0.0421408284	-0.0920347499	0.0243530925	-0.0486955443	0.0026838325	0.0905037161	-0.0709225235	-0.0116891496	-0.1629739888	0.0115246822	0.0185782215	-0.0229407557	-0.0423951009	-0.0947079842	0.0251113828	0.0601144422	0.0835813804	0.0767813751	-0.0164416646	-0.0062167867	0.0066521377	0.0449222422	-0.1231608181	0.0538682373	-0.0279257021	0.0357184724	0.0341384761	-0.0472638889	0.0260319753	0.0112203231	-0.0996352449	0.0426381437	-0.089957859	0.0426600873	-0.0745330737	-0.0021690254	-0.1148590095	0.0406066526	0.0315495034	-0.0611524312	-0.0038142059	0.1236789235	0.1034835765	-0.1234998097	-0.0926760589	-0.0289116255	0.0452718852	0.0529782205	0.0727016848	0.0636605339	0.0270789507	-0.0364143697	-0.0009292673	-0.0144291259	0.0516846807	-0.0518120683	-0.0118824082	0.0239863771	-0.0730168584	-0.1007601805	0.0548278935	-0.0764820231	-0.0615242785	-0.0400721908	-0.0576827713	-0.018881963	0.0333570557	0.0062867632	-0.0210399742	-0.0356669437	0.0402333155	-0.0189460361	-0.0256200663	-0.1071893031	0.0946301327	0.0633496928	0.0250384437	-0.001237611	-0.0385120448	-0.0413819628	0.0455632783	-0.0332767633	-0.0702606929	-0.0175479299	-0.0093307482	-0.0009291497	-0.1274854426	0.0368018008	0.0129240229	-0.0318763528	-0.1304573692	0.1381712294	-0.032591646	-0.0527154556	0.0256579567	-0.0271939571	0.1337766836	-0.008683441	0.0789282302	0.0838462301	0.0001364288	-0.0211326511	0.003635107	-0.0617413461	0.0286581207	-0.1311445992	0.0018557563	0.002229875	0.0286161628	0.002302593	-0.0437667942	-0.0344170288	0.0596561314	0.0124700907	-0.0163343399	-0.0502795772	0.1373865735	0.1407789182	-0.0023038377	-0.0250099174	-0.0281397881	-0.0122406639	0.0322158534	0.0807173303	0.0206922774	-0.0761468275	-0.1252635683	-0.0409065776	-0.0007849657	0.0617021902	-0.0272804417	-0.1194040684	0.0415518826	-0.0057065465	-0.0310758389	-0.0572463964	0.0173026028	0.0676817199	0.0432446765	0.0072753251	0.0023316498	-0.0377219825	-0.0388617006	-0.0310947447	-0.0188502368	-0.08755424	0.0241024008	-0.1176180373	-0.0692607339	-0.0165823417	-0.005119516	0.0049557823	0.0140320984	0.0328778433	0.0582686298	-0.0302321496	0.1045237159	-0.1336526588	0.0085941352	0.0481101878	-0.07573222	-0.0849680357	0.0831049477	-0.0800300023	0.0757880394	-0.0704409161	0.0	0.150099	-0.0066679999999999	4.446222399999973e-05	0.022529709801	0.0890486999999999	0.0281079999999998	0.0007900596639999	0.0079296709716899	0.304093	0.00195	0.092472552649	3.802500000000029e-06	0.00592213	0.00013194	3.50716237369e-05	1.740816360000014e-08	-0.00127403	7.56699999999999e-05	5.7259488999999865e-09	1.6231524409e-06	-0.000468716	0.000538224	2.19694688656e-07	2.89685074176e-07	0.0
4844.630500713529	-7.552561735046765	57.04118876169261	23470444.688443817	9549.968657863195	41.76780196924301	1744.5492813419005	91201901.36616936	4811.2982937759625	0.3032312356763214	23148591.27169149	0.0919491822897887	4972.513453244286	7512.676977671269	1.143247	36.34956	0.0234870999999999	0.0124469	0.0068755444	-0.0683703281	0.0276604109	-0.0302335459	-0.036286133	0.051404827	0.0199493697	0.0029936338	-0.0053770732	0.0020489557	0.0358121205	-0.0310732817	0.0695016135	-0.0736321796	-0.0089354888	0.0745164253	-0.125301172	0.0544160489	-0.0709012889	-0.0842496307	0.03870406	-0.0374973967	-0.0809294528	0.0323138801	-0.0697910139	0.0301875846	0.0299483274	0.0066965801	0.0764016959	0.0105621659	0.0674944607	-0.0205948588	-0.0226134807	0.0207562989	0.1533262483	0.035403909	-0.0024612099	-0.0239626718	0.0444655356	0.0649468478	0.02920458	-0.008925969	0.0543070292	-0.0109995917	0.0276513577	-0.0382579342	-0.0533961026	-0.0051980813	0.0422604307	-0.1148150424	-0.0249361642	0.0268430865	-0.052909191	-0.1056459782	0.0290951825	0.0466482921	-0.0367197015	-0.012417935	0.0067847695	-0.0114740055	0.0252008727	0.0280511402	-0.0908491144	0.062442607	-0.0394435857	0.0074336033	0.0582198841	0.0615766102	0.0323107797	0.061725452	-0.0054440536	-0.0587887635	-0.0315038932	-0.0307854262	0.1061939968	0.0203874079	0.0325884481	0.0053547009	0.0332880059	-0.0228079856	-0.0069126586	0.0136121428	-0.0736152744	0.0501153268	-0.0042265847	-0.0329605304	0.0148005575	-0.0410132462	-0.1185615478	0.0733605302	-0.0057869526	0.0759844413	0.0561029718	0.0499567391	0.0428866978	-0.0670487056	0.0249851654	-0.0173058023	0.1012524982	0.061197935	0.1116287511	-0.0386411324	0.0862860049	-0.0227374967	0.0135399078	0.0182183808	-0.1096899231	-0.0071810367	0.0416582012	0.0537481025	-0.0132400253	-0.0256947841	0.0599352693	-0.0607531567	0.0093135964	0.0654684613	-0.0117426489	-0.1144083894	-0.0607997575	0.0932645867	0.0583034606	-0.0365743058	-0.011193478	-0.0446917432	-0.0044131434	-0.0135639239	-0.0457598887	-0.0032074907	0.035731057	0.0187405886	0.0395125604	0.0898799944	-0.0608808122	0.0136565817	-0.0011125122	-0.0551837753	0.0889811444	0.0807411665	0.0126705151	0.0456424552	0.0192052824	0.0056395288	0.0187761894	0.0214819092	-0.0332215041	-0.0062506246	-0.0151616353	-0.0007052385	-0.0217312479	0.1184518162	0.0125891152	0.026991141	0.0031681461	-0.0007275883	-0.0623643158	0.0099501078	0.0241409675	-0.0950853687	0.0080611344	-0.0136325085	-0.1110268536	-0.0325723451	0.0019635946	0.0580122467	0.043172213	-0.0009501608	0.0851238489	-0.0579175355	0.0224735642	0.0603488043	0.04215575	0.0725246617	-0.1195982098	0.0243933963	-0.0419123311	0.0694898004	0.0702524566	0.0379841838	0.0749390396	-0.0515492334	-0.0497810456	0.0439102051	0.0742167526	-0.0850811316	0.0835543317	-0.081029928	0.077538061	-0.0731204221	0.0	0.144541	-0.005558	3.089136400000008e-05	0.020892100681	0.0808761	-0.0081725999999998	6.679139075999822e-05	0.00654094355121	0.305501	0.001408	0.093330861001	1.982464000000057e-06	0.00604037	0.0001182399999999	3.64860697369e-05	1.3980697599999882e-08	-0.00132276	-4.873000000000008e-05	2.3746129000000083e-09	1.7496940176000002e-06	-0.000468716	0.0	2.19694688656e-07	0.0	0.0
4829.827915252621	-14.80258546090772	219.11653632747667	23327237.69095348	9495.843337647651	-54.12532021554398	2929.5502884351736	90171040.69314729	4795.985002976688	-15.31329079927491	23001472.1487773	234.4968751031576	4956.03297443404	7531.180679556149	1.160018	36.882793	0.0597538999999999	0.0419243	0.0383452023	0.0690452889	-0.0553644109	0.0240666735	-0.0918755878	0.0170774959	-0.0685998391	-0.0234944938	-0.0263620151	0.0048620352	-0.0108224834	-0.0282771608	-0.0371229349	-0.0602495145	0.0351274525	-0.0493829868	-0.0048273764	0.0300365359	0.0277550083	-0.0326578459	0.0540016935	0.0721197034	0.0019837431	-0.0785056827	0.0387365602	-0.0360569069	0.0221446242	0.0300698772	-0.1244248429	0.0099911746	-0.0281497692	-0.082612512	0.0713654805	-0.0324775012	0.0566165289	-0.0057551741	-0.1498984407	-0.1014479028	0.0658885472	-0.0840423685	0.1182304484	-0.0023998245	0.0819134394	0.0049571865	0.0529440714	0.0242874665	0.0732133798	0.0244043678	-0.1378194228	-0.0320587987	-0.0336438761	-0.0876281784	-0.0274497195	0.051279847	0.0384216052	-0.0541523787	-0.0057856736	0.0265722487	-0.0122258329	0.0198036065	-0.0356697037	0.0021336777	-0.1292774296	0.0459618896	-0.020785807	0.0906062559	-0.0356235976	0.019314438	-0.0763462852	0.0735875506	-0.040696782	0.0103409254	-0.0233319428	-0.0084434659	-0.0639254321	0.0521394445	-0.0704105842	-0.0175837729	0.1076587307	-0.0694445564	-0.0039959303	-0.0833846763	-0.0804563127	-0.0277834025	-0.0810107185	0.0555664954	-0.0185086484	0.03112312	0.0217466612	0.0425611756	0.0866320716	0.0273261893	-0.0360151465	0.0237815975	0.0472272728	0.0889529646	-0.0080753949	0.0118384461	-0.0354212945	-0.0646914374	0.0753017042	-0.0357408032	0.036474923	0.0413581104	0.0101344624	-0.0952944019	0.0202094975	-0.064494644	-0.0267805666	0.0288676615	0.0686954775	0.0253835215	-0.1276553697	0.0432083912	-0.0315601015	0.0736397944	0.054531526	-0.1282413607	-0.036818003	-0.0882367553	-0.0597508651	0.006694276	-0.0574010622	-0.0101604427	-0.0961334226	0.0271161676	-0.0911115759	0.0618576475	-0.011184928	-0.1774064896	-0.0173820495	-0.0112154187	0.0450220593	-0.0130657189	0.0455216537	0.0002398923	0.0121992627	-0.0251931974	-0.0438084474	0.0445271167	-0.0816679045	-0.0814568212	-0.0035880009	0.0060501478	-0.0982066035	0.0051856504	0.012158823	-0.0437550727	0.0867636259	0.0661717365	0.0798947124	0.027117851	-0.0591788133	0.0707706777	-0.0566579533	0.007488056	-0.0545300157	0.0206554123	0.10475171	-0.0573465709	0.0304935729	-0.06176376	0.0113431388	-0.0443060922	0.0594472181	0.0785366678	-0.0419636115	-0.0587892354	0.0922115327	-0.0005179016	0.0192743717	0.0494049495	0.0308451895	0.0461948135	0.0177565201	-0.0683639454	-0.0469805984	0.0542395557	0.0065306503	0.0575627326	0.047200152	-0.0492426483	0.020454368	-0.0851829606	0.0839594584	-0.0819332888	0.0791238224	-0.075557918	0.0	0.145195	0.0006539999999999	4.277159999999842e-07	0.0210815880249999	0.112428	0.0315518999999999	0.0009955223936099	0.012640055184	0.305827	0.0003259999999999	0.093530153929	1.0627599999999541e-07	0.00559191	-0.0004484599999999	3.1269457448100004e-05	2.0111637159999958e-07	-0.00141874	-9.597999999999984e-05	9.212160399999972e-09	2.0128231876e-06	-0.000468716	0.0	2.19694688656e-07	0.0	0.0
4834.317165518166	4.489250265544797	20.15336794669403	23370622.456823595	9488.234808086778	-7.608529560873649	57.88972207868816	90026599.77338953	4790.222999613553	-5.762003363134681	22946236.386026666	33.20068275677538	4950.769415736812	7406.334710573547	1.157848	36.813782	0.0539198999999999	0.0331677	0.0419780211	-0.0533556326	0.0432984493	0.0225918706	0.0377123986	0.0938110665	0.1050633525	-0.0126331878	-0.054464166	0.0201170241	-0.0369559073	0.0358126465	-0.0323955471	-0.0713415873	0.0357383985	0.0818436722	0.0045985827	0.0533638002	-0.0537807202	0.0451486286	-0.0003351826	0.0636197613	0.0433001469	-0.002428442	0.0127318863	0.0441148338	0.0455986383	-0.0255769097	-0.1098994971	0.0066738435	-0.0139590412	0.0016168581	0.0800973367	0.1109828019	-0.0300340093	0.0503117725	-0.1148235686	-0.1030591309	-0.0091905792	-0.0712276011	-0.0239189684	0.0306637455	0.06766851	-0.0967800097	0.0438344597	-0.0013081835	-0.1186993793	-0.0002743123	0.0791587885	0.1054443987	-0.0590929813	0.0293008496	-0.0041235648	-0.0348922953	-0.0080159707	-0.0443579515	-0.0425838141	-0.0271360367	0.015205879	-0.1122389753	0.0151911309	-0.0566246254	0.0723977461	0.0041046356	-0.0202498644	-0.0977521534	0.0734696724	0.0258113503	0.0597926866	-0.032626021	0.0628167626	-0.060714148	0.0798745756	0.012074044	0.0935025391	0.0918073881	0.0048051924	-0.0242310473	0.0514908285	0.021226281	0.0983092929	-0.0443813971	0.0999543861	-0.0371760619	0.029700339	-0.011402729	-0.0656074967	-0.0186365241	-0.1272695766	-0.037698695	-0.0401891355	0.0208542934	0.0525276637	0.0149989209	-0.0782426878	-0.0531881105	-0.0402872572	0.0499740672	-0.00704622	-0.1030976742	0.1285765292	-0.0209369548	-0.0346717208	0.0587875952	0.0068436402	-0.021491256	0.0531700628	0.034437364	0.0616591717	-0.018685385	-0.0048539403	0.0049276591	-0.0660240187	0.0740123581	0.0833523305	-0.0837280543	0.0323275538	-0.0812140441	-0.0804208124	-0.0832412987	-0.0560225129	-0.0535639257	0.0039599205	0.0109595993	-0.0081475222	0.1564260477	0.0465891513	0.0811357498	0.0443939782	0.0312298175	0.0914154	-0.0432784239	0.0683915406	0.0432090873	-0.0559759789	-0.0556857536	-0.0059184672	0.0186681944	-0.0632338379	0.0351461881	0.0497798299	0.016138909	-0.017583548	0.1161462038	-0.0243975399	0.0060143471	-0.0890911896	0.074082308	-0.0696676705	-0.025307199	-0.0947409854	-0.0347030517	-0.0327311796	-0.0582322045	0.0637254008	-0.028861444	0.0262659718	-0.0013711818	0.0173822522	0.0374351244	-0.125572746	-0.0654113551	-0.11961887	0.0217121091	-0.0319573905	-0.034643117	0.0995900316	-0.0019423633	0.0430120218	-0.0227461097	-0.0870530169	0.0560504727	-0.0109015734	-0.0770853146	-0.0337505997	0.0721850593	0.0586143936	-0.0735931286	0.0110825958	0.0730296261	-0.0387042817	-0.0162434969	-0.0351081253	-0.0852735093	0.0843201134	-0.0827390082	0.080541964	-0.0777453364	0.0	0.141544	-0.0036509999999999	1.3329800999999909e-05	0.020034703936	0.0890670999999999	-0.0233609000000001	0.00054573164881	0.0079329483024099	0.305522	-0.0003049999999999	0.093343692484	9.302499999999984e-08	0.00596227	0.00037036	3.5548663552900004e-05	1.371665296000001e-07	-0.00151565	-9.690999999999996e-05	9.391548099999994e-09	2.2971949224999995e-06	-0.000533506	-6.479000000000001e-05	2.84628652036e-07	4.197744100000001e-09	0.0
4841.4719791901225	7.154813671956617	51.19135868041733	23439850.925283123	9491.11951574298	2.884707656201499	8.321538261747547	90081349.66211724	4789.631749956729	-0.5912496568234928	22940572.300193563	0.3495761566938981	4948.778991295012	7458.801986105779	1.121694	35.664272	0.0685539	0.0497029	0.0369257071	0.0461136934	-0.0587004133	0.0323324087	0.0264223414	0.0345516572	-0.0575041447	-0.0154607833	-0.0240943539	-0.0592038798	-0.0572758809	-0.0040638283	-0.0584386444	0.0039498645	0.0492695328	-0.0614338881	0.0097924786	-0.0224634179	0.1080199152	0.0704197396	0.0370740966	0.0046626476	0.0037722533	-0.0084627129	-0.0320496435	0.0078718132	0.0235897045	0.0134519641	0.1011532295	-0.0759081267	-0.0292900916	-0.0716390216	-0.0238686837	0.0473126563	-0.0811015576	-0.0823817713	0.1110330091	-0.0229764859	-0.0231584033	-0.0470285704	0.0376590229	-0.0359788418	0.050544268	-0.0309936958	0.0362665658	0.0631197782	0.0371181449	0.0982955451	-0.0311177798	0.0261058205	-0.0930416748	0.0619178974	0.0172103649	0.1097405508	0.0927010268	-0.0296610616	0.0546481992	0.0350881412	0.0367454752	-0.076229255	0.0018023355	0.0229535582	0.1486978465	-0.0746402137	-0.0621086598	0.0777566696	-0.0259802688	-0.0814230985	0.0737818915	0.0296558545	-0.0704881641	0.0540379453	0.020998429	-0.0394278662	0.0651533094	0.0414701248	-0.1005846451	0.0667194824	-0.0325584324	-0.0277726618	-0.0129166481	-0.0422340799	0.0616741484	0.0180750394	0.0997948949	0.0645136218	0.0916504074	0.0727007137	-0.018544604	-0.0154837003	0.0048952568	0.0362092741	0.0047717143	-0.0722124697	0.08972282	-0.0342777901	0.0296651218	0.0337436096	0.0427734704	0.0082486044	-0.1368317276	-0.002699542	-0.0757853606	-0.008333979	-0.0058994794	-0.002350462	0.0046458854	8.814e-05	-0.008226903	0.0102438295	0.0108122868	-0.0886783588	0.1260480261	-0.0044954812	-0.0528744621	-0.0700220768	0.0777140525	0.0659575891	-0.0110471605	0.00280404	-0.0116285407	0.0911713797	-0.0640124814	0.0094454611	-0.0207111316	0.0236810067	-0.0563340142	-0.020675696	0.0020308944	-0.049751882	0.0469819101	0.0092497429	0.1415042344	-0.0054731111	0.0016752197	-0.0834832017	-0.107017719	0.0291551499	0.0217919895	-0.1613770902	0.0140635933	0.043473962	0.0635058612	0.0422053763	0.0279525535	0.0296087084	-0.0645408611	0.0283306196	0.12508002	-0.1136067701	-0.005909829	0.1096723692	-0.0007523957	0.0780122319	0.0205134424	0.0021756774	0.0768261462	0.070589383	0.0289347614	-0.0969149624	-0.0011011104	-0.0221295233	-0.0219039163	-0.0223916874	-0.0648596463	-0.0345877868	0.053794975	-0.0147638703	-0.0334140496	0.0212719544	0.0985773091	0.0627707434	0.0381400463	-0.0515683085	-0.0615115603	0.0140531181	-0.0099652602	-0.0313478319	-0.0851072697	-0.1007740923	-0.0087950643	-0.0158896773	-0.0029141042	-0.0853527656	0.0846361055	-0.0834461259	0.0817894817	-0.0796754376	0.0	0.149879	0.008335	6.947222500000015e-05	0.022463714641	0.136723	0.0476559000000001	0.00227108480481	0.018693178729	0.305568	4.599999999999049e-05	0.093371802624	2.115999999999125e-09	0.00591908	-4.319000000000024e-05	3.50355080464e-05	1.865376100000021e-09	-0.00137329	0.0001423599999999	2.0266369599999943e-08	1.8859254241e-06	-0.000468716	6.479000000000001e-05	2.19694688656e-07	4.197744100000001e-09	0.0
4858.624082481206	17.152103291083222	294.1946473079879	23606227.974866334	9505.422037882096	14.302522139116263	204.56213953991085	90353048.11825462	4793.045398592676	3.413648635946629	22973284.192970425	11.65299700970028	4951.584967045507	7440.747135615889	1.099311	34.952587	0.0641866	0.0450872	-0.0050883528	-0.0370126066	0.0352370092	0.0156157925	0.1001329308	0.1167897679	0.0834378875	0.0028769794	-0.0136820777	-0.0099874815	-0.0404471561	0.0169165078	-0.0295979318	-0.0288149894	0.0616049059	0.09930899	0.0033218017	0.0349261259	-0.0073816011	0.0367458914	-0.0125187189	0.0235910338	-0.053356789	-0.1286881034	-0.0617974501	0.0619004627	0.004275856	0.0060896916	0.0370254132	0.0048021597	-0.0697863573	0.0115697336	-0.0435237083	-0.0202424355	0.0408442362	-0.0089834332	0.0357905601	-0.033947804	-0.0408813181	0.0282901622	-0.095869878	0.1381349348	-0.0093315834	0.0479126067	-0.0611541689	0.0216412276	0.0147670325	0.0128653909	0.0846643283	0.0412651313	-0.0020868056	0.0249091015	0.0139418247	0.0985324987	0.0160428309	0.0858364777	0.0220825492	-0.0902463272	0.01276507	-0.0512515702	-0.0051553949	-0.0387762569	0.0165628898	0.0088996837	-0.0285956962	-0.0517365766	0.0348706871	-0.0444117786	-0.0473769222	0.0462868444	0.0199677943	-0.0549076305	0.0232115053	-0.1421842684	-0.0128258774	0.0672554285	-0.0474136304	0.0137358687	0.0316165304	0.0053114135	0.0022961573	0.0481507333	0.0926437526	-0.059657454	-0.0839222336	-0.0235562518	-0.1023794502	0.0001898338	0.069480016	-0.0134520546	-0.0369132002	0.0571406372	0.0405665053	0.0436439701	0.0441662064	-0.0133046248	-0.0171405854	0.0067245186	-0.0415785999	0.0208463777	-0.0103687302	0.0247818939	-0.0316970271	0.0125959782	0.0505999018	-0.0833677256	-0.0598017359	0.0600856984	-0.0536515892	0.0061072531	-0.086919885	-0.0617379637	-0.0109240578	0.0242085053	-0.0655722285	0.0103933422	0.0024585052	0.0028341288	-0.0473690961	0.0181482954	0.080439634	-0.0322229323	0.0044469218	0.1055330561	0.083981792	-0.0036991007	0.0970599056	-0.0906068663	-0.0629498098	0.0148944044	-0.0241520067	0.0028134085	0.035213714	0.0231465653	-0.0010445434	-0.0850303935	-0.0817373325	-0.0101179119	0.0265637035	0.0080932225	-0.0195121268	0.0886024775	-0.0438200149	0.0709183139	0.0273235046	-0.0358685864	-0.0195750318	0.0024462916	-0.0806201717	-0.0182152581	0.0127171205	0.0029318005	-0.008944353	0.0767410502	0.0243570194	0.1519789148	0.0024290481	0.0376473688	0.0470870852	0.0202444995	-0.0579145177	-0.0077010577	0.0061441083	-0.0034083786	0.0453415065	-0.007089319	-0.0725880586	0.0238329571	0.0732329431	-0.1232911654	-0.0770772008	-0.0406462706	0.0122611691	0.0263033881	-0.0712534567	0.0196262536	0.0153406008	0.0059304468	-0.021034062	-0.0142536328	-0.070877509	-0.0102510833	0.001676236	-0.0854207191	0.0849072673	-0.0840537993	0.0828637327	-0.0813418333	0.0	0.147856	-0.002023	4.0925290000001e-06	0.0218613967359999	0.0956419	-0.0410811	0.00168765677721	0.00914737303561	0.305257	-0.000311	0.093181836049	9.672100000000357e-08	0.00612793	0.00020885	3.75515260849e-05	4.3618322500000006e-08	-0.00157987	-0.0002065799999999	4.2675296399999926e-08	2.4959892169e-06	-0.000468716	0.0	2.19694688656e-07	0.0	0.0
4863.818977728877	5.194895247671411	26.98693663427901	23656735.04811558	9510.312004563912	4.889966681816077	23.91177414927133	90446034.42415243	4791.867838044309	-1.1775605483671825	22961997.37728344	1.3866488450708194	4947.139915752621	7547.604685340633	1.122138	35.678387	0.0862381999999999	0.0614533	-0.0261831229	0.0470264903	-0.0723798488	-0.0053215418	0.0426910624	-0.0035504122	-0.0401045385	0.0166898171	0.006062197	-0.1039607971	-0.0593997453	-0.0328838424	-0.060109537	0.0466093064	0.0219166041	-0.0449153652	-0.071661851	-0.0500412776	0.1121211144	0.073923485	-0.0294148627	-0.028692816	-0.0109441299	0.0494636914	0.0145849756	0.012504646	-0.1017544869	-0.103112435	0.0167404912	0.0176609984	0.0480544079	0.0634475707	-0.1014846628	0.0196486664	-0.027989636	0.0425031586	-0.091576624	0.0530238629	0.1035538667	-0.0367672127	0.0094803116	-0.0598314072	-0.0233828511	-0.0042636771	0.0162319386	0.0070922617	-0.062315333	-0.1371591107	-0.0342848199	-0.0003309682	0.0955089821	0.0384103901	0.0092447045	0.0193287316	-0.0130873054	0.1473963859	0.0569073293	-0.0151257793	0.0375179255	-0.0555626166	0.01913105	0.0130087577	0.0365135588	-0.0483189672	-0.0367655813	-0.0376461643	-0.0653439692	0.0154221495	0.0653939165	-0.0122841774	-0.064096832	-0.0547808145	-0.0110793271	-0.0193824637	0.0004131966	0.0242323551	-0.0595477791	-0.031589541	-0.026577714	-0.1078168531	0.0391140844	0.0273830065	0.0676365445	-0.005303297	0.0398587796	0.0702992385	-0.0481682949	0.0875665997	0.1130665302	-0.0449713021	0.0553302537	-0.0717220778	0.0127516949	0.0471899118	-0.066093427	-0.159374189	-0.0529481829	-0.1030239389	0.0544271586	-0.0014815154	-0.024751119	0.0673180042	-0.0842276275	-0.0375160728	0.0333893442	0.0117125726	0.0266144869	0.0354814026	0.0536530073	-0.1048415988	0.0322448285	0.036156824	0.0152305381	-0.0801051695	-0.0142783543	0.0027841914	-0.1019600095	-0.0539429345	0.0037559009	-0.021019275	-0.028330878	-0.002050569	0.121754121	0.0250510178	-0.0003315374	-0.0201720724	-0.0643583304	0.0468841665	0.0472952446	0.1137163052	-0.127725921	-0.0893346546	-0.1213589032	-0.1322921482	-0.0129992448	-0.1060282058	0.0253952881	-0.0168471168	0.0281620305	-0.0678684029	-0.0023350289	0.0296664871	0.0096531148	0.0609509756	0.0042731416	0.00034957	-0.0656055438	0.0146121705	0.0376252909	-0.0347611531	-0.1320952158	0.0372464088	-0.0135890626	0.0121516189	-0.0760395647	0.058480553	-0.0037134765	0.0373735916	0.0371915264	-0.0333847293	0.038808941	-0.0627517642	-0.0532180615	-0.0066930201	0.0040050937	0.0342338205	-0.0543673515	0.0763897872	-0.0178167338	-0.068055646	0.0400889663	-0.0276522682	0.1306495097	0.0298560986	0.0479486618	0.0334644024	0.0067688227	-0.0476755774	0.1162368675	-0.0225662512	-0.0735249421	0.024505008	-0.0750774306	-0.0854773608	0.0851334554	-0.0845613042	0.0837624412	-0.0827390082	0.0	0.147899	4.300000000001525e-05	1.8490000000013114e-09	0.021874114201	0.153283	0.0576411	0.00332249640921	0.023495678089	0.302018	-0.0032389999999999	0.091214872324	1.0491120999999949e-05	0.00599164	-0.0001362899999999	3.5899749889600004e-05	1.8574964099999963e-08	-0.00152185	5.801999999999999e-05	3.366320399999999e-09	2.3160274225e-06	-0.000156724	0.000311992	2.4562412176000004e-08	9.7339008064e-08	0.0
4863.126247338839	-0.6927303900383777	0.4798753932827228	23649996.897555936	9536.36769658869	26.055692024778185	678.8990868900894	90942308.84454028	4804.8520595471855	12.984221502876608	23086603.31413483	168.59000803576328	4960.518870327735	7527.832113296262	1.083088	34.436794	0.1174349499999999	0.0641664	-0.0385774263	-0.0069891118	0.0362028657	-0.0105039112	0.0544316532	0.0626672331	0.0258613771	0.0116318711	0.0224019184	-0.0654488198	-0.008837246	0.0504608028	0.0063058331	-0.0868766876	0.0399788301	0.0995609712	0.0099148246	0.0028628883	-0.007954433	-0.0365156674	0.0135894851	0.0781954426	-0.0610195555	0.0196615165	0.0124948612	-0.1131330076	0.0956065959	-0.057902961	-0.0483710995	-0.1403221857	0.0262197063	-0.0028115121	-0.0646920912	-0.0053354611	0.0074911855	0.1121047469	0.0821866291	-0.0300574397	0.0345842499	0.0677215019	0.038818027	0.0393997209	-0.0900431904	-0.0015203099	-0.1075219127	0.0131029278	-0.0490377628	0.0392156316	0.0362820639	0.1724660026	0.022584282	-0.0508730337	0.0618008585	-0.0768195388	-0.0535455153	-0.0123129969	-0.0581440666	-0.0287990727	0.0949154723	-0.0605195658	0.0273556439	-0.0011698008	0.0509711459	-0.0609675028	0.031300297	-0.0177172602	-0.0864425223	0.0311107094	-0.0173719262	0.0785540838	0.0424301451	-0.1540109167	0.0450125026	-0.0810102864	0.0583442675	0.0547936495	-0.0012078616	0.100796636	-0.1299160507	-0.0348540867	-0.0985793523	0.0319060476	0.0382463049	-0.0367713651	0.0868432381	-0.0651031598	0.073763168	0.0226410656	0.0358610404	-0.1127982821	0.0484726365	-0.0473771771	-0.0953065881	-0.0103395549	0.0297454135	-0.0806182974	0.0348302742	0.0238142873	-0.0183770777	-0.1292242459	-0.0313041863	-0.0177802221	0.0257448441	-0.0273634151	0.1140158718	-0.0246488348	0.0222053256	-0.122339122	0.077792278	-0.0484118105	0.0723088103	-0.0727191037	0.0093584536	0.0411146119	-0.0139409332	-0.052540839	-0.0568166723	0.092934831	-0.1139360553	0.048546777	0.0870847425	-0.0229981629	0.0632538444	-0.0546765194	-0.0311881981	-0.0790757049	0.140118119	-0.0150582046	-0.0615454215	0.0283446292	0.0410283588	-0.2028828518	0.0109649792	0.0387882898	-0.0452413108	-0.009521311	0.060021308	-0.0596607376	-0.0726237693	0.0157484248	0.1133477062	-0.0010714703	-0.0211193969	0.0544264545	0.0123402195	0.0551309284	-0.0161956643	0.0110096021	0.0252873786	-0.0500378444	-0.1057060919	-0.0201463211	-0.1093948047	0.0101561454	-0.0197052214	0.1642980128	0.1498323885	0.0304076123	0.0705920355	-0.0034802353	-0.0017707875	0.1301456032	0.067962771	0.0334612588	-0.0205319804	-0.0533657134	-0.0095264942	-0.0727251469	-0.0807265061	-0.0231472486	0.0369634316	-0.0448675459	0.0592197829	-0.0687114651	-0.006220183	-0.1034128128	0.0425795561	-0.0381127083	-0.0466385356	-0.0747963576	-0.0292857973	-0.0341332212	-0.0987150138	-0.0855226832	0.0853145497	-0.0849680357	0.0844837033	-0.083862338	0.0	0.134497	-0.0134019999999999	0.0001796136039999	0.018089443009	0.101603	-0.05168	0.0026708224	0.010323169609	0.294578	-0.00744	0.086776198084	5.535360000000003e-05	0.00632609	0.00033445	4.0019414688100005e-05	1.1185680250000003e-07	-0.00133281	0.0001890399999999	3.5736121599999976e-08	1.7763824961000002e-06	-0.000531493	-0.0003747689999999	2.82484809049e-07	1.4045180336099998e-07	0.0
4855.587130467549	-7.53911687128948	56.83828319896167	23576726.381562088	9534.361778660825	-2.0059179278650845	4.023706733330554	90904054.5263884	4802.084089939242	-2.767969607943087	23060011.606847603	7.661655750496606	4960.177007881484	7560.930362853673	1.053438	33.49408	0.08060205	0.0515022	-0.0041717652	0.036929588	-0.0473396362	-0.0436844418	-0.0098364035	-0.0392575284	0.0022231208	-0.0241559246	0.0128408708	-0.0793143956	-0.0310401853	0.0176078246	-0.0270422755	-0.0243748652	-0.0064465761	-0.0005201967	-0.0589649666	-0.0018665107	0.1126432102	0.0107349002	0.0099771362	-0.0716422117	-0.1065449302	-0.0152208435	-0.0563857077	-0.0514708338	-0.0232440308	-0.0422467564	0.1116008758	0.0781889775	0.043691679	0.0280581245	-0.048093104	0.0852798219	0.0408765103	0.0830963805	0.0238305981	-0.0805389316	0.163164289	0.087833348	-0.097733706	-0.0824453111	0.0170460493	-0.0463010324	-0.0450227007	-0.0851043496	0.083766416	-0.0390639546	0.1109478112	0.0298953829	-0.0544312418	0.0854234744	-0.0246502515	0.0366885018	-0.0312808115	-0.0743425467	-0.0360399566	0.0592823621	-0.0357226145	0.1280349034	0.1171139363	-0.1142080381	0.0009632634	-0.0105266142	0.0513118211	0.0251754034	-0.0422163174	0.006083056	0.0735552226	-0.0652231162	0.0440441749	0.044520502	-0.0486247756	-0.0067219972	-0.045551244	0.062529081	-0.0736171446	-0.0314065349	-0.0434252207	0.0126162087	0.0020741616	0.0290502717	-0.0054561189	-0.000396808	0.0050146295	0.0911052234	-0.0246295964	-0.027368691	-0.098155896	0.0433725204	-0.0061626834	0.1318233273	-0.0137794473	-0.0120595781	0.0094232934	0.0561526137	-0.0118830005	0.00076767	0.1083458108	-0.0297643142	0.0135940967	-0.0001669826	-0.0384387022	-0.0923196754	0.0630834502	0.0014656732	-0.0874428305	-0.0077950316	-0.0103233546	-0.0561096724	-0.0365513253	-0.0352907271	0.0987650618	-0.0960697846	0.001354797	-0.0347560954	0.0004848765	-0.1125354481	-0.0617368172	-0.0067736483	0.110312423	0.0159707753	0.185450247	-0.1153832604	0.0300002044	0.0528151993	-0.046739847	-0.0329617133	-0.0944133661	0.0737720635	-0.0069167132	0.0531419494	0.0408063399	0.0261645483	-0.019979671	0.0241040488	-0.046401204	0.0211807162	0.0085847412	0.0903028895	-0.014306151	-0.1376142559	-0.0011874307	-0.0581651365	0.0909328898	0.0071729481	0.056406576	-0.0445071827	0.0026742315	-0.0585272294	0.0202126532	-0.0170634429	0.0128458403	-0.1161569295	0.0051554928	-0.0326523713	-0.0486697293	0.0500025299	0.0160429172	0.0522927206	0.0109738983	-0.1032262698	0.0028899694	0.0555740599	-0.0503311523	-0.033034685	0.0755969929	-0.01828362	0.1044853934	0.0827273472	-0.0186044881	0.0650144364	-0.0482666142	0.0004941584	-0.1169082742	0.0446879546	-0.0207815089	0.0158164736	0.0128618628	0.0129050543	0.1141307083	-0.0307874291	0.0129322034	-0.0855566802	0.0854504545	-0.0852735093	0.0850259911	-0.0847081048	0.0	0.132022	-0.002475	6.125625000000025e-06	0.017429808484	0.132188	0.030585	0.000935442225	0.017473667344	0.285078	-0.0095	0.081269466084	9.025000000000016e-05	0.00558191	-0.00074418	3.11577192481e-05	5.538038724000008e-07	-0.00134864	-1.582999999999988e-05	2.505888999999962e-10	1.8188298496e-06	-0.000530662	8.309999999999654e-07	2.81602158244e-07	6.905609999999427e-13	0.0
4856.8356409792605	1.2485105117111743	1.5587784978532984	23588852.443486422	9500.872057024942	-33.48972163588223	1121.5614552488785	90266569.84395736	4812.736660857525	10.652570918282436	23162434.16676204	113.4772671690367	4970.740115807809	7487.847367286386	1.040685	33.088593	0.1173352	0.0713569	-0.007922317	-0.0239353786	0.0100050829	-0.0148034935	0.0622808458	0.0262998315	0.0735944788	-0.0125140282	-0.0093739658	-0.0265340513	-0.0655665808	0.0471860208	-0.0128532527	-0.0405728623	0.0822616449	0.1099365144	-0.0066543309	0.0528322863	-0.0408993873	-0.0726091552	-0.0056867067	-0.0911760191	-0.0801274251	0.0279104236	0.0982455314	0.0092313757	-0.0062512989	-0.0349890035	-0.0209070285	-0.0514397041	0.1082291342	0.0505777905	0.0063064388	-0.0042825964	0.1227912277	-0.0276496546	-0.0132497716	-0.0789373532	0.0225608389	-0.0436324203	-0.0553414641	-0.0530448287	0.0680885978	-0.02756533	0.0007283501	0.0290975632	-0.0524367216	-0.0681163553	0.0201924638	0.0032203098	0.0149930279	-0.0182416366	-0.032520351	0.0345969257	0.0378942394	-0.0019566697	0.0751797045	0.1294433664	-0.1155024558	-0.0770640685	-0.0339743489	0.0724195097	-0.1167076478	-0.0384238681	0.0651441872	0.0669428437	-0.0251830504	0.0406296336	0.0559304092	-0.0402083512	-0.1149573453	0.0510373798	-0.0170833724	0.0724671551	-0.1020594461	0.0645879086	0.0389052441	-0.0080452741	-0.0927351896	0.0746095998	0.0404146205	-0.0188436778	0.0357427804	-0.0427505598	-0.0143532125	-0.0222407729	-0.0413808454	-0.0950046531	0.0583013732	0.0802475064	-0.0267405153	0.093298675	-0.0901315081	-0.0247923374	0.0168124528	-0.039383376	-0.0393773354	0.0222909558	-0.0534284138	0.0657898871	0.0085862814	0.0207872194	0.068160141	-0.0785003604	0.0691886695	-0.0230382953	9.80291e-05	0.0030914266	0.0645646397	0.0367939157	0.128261946	0.0355288921	0.0245567542	-0.0413255318	0.0784113584	0.0863952396	-0.0533505225	-0.0786267574	-0.0440611117	0.0217294047	0.0724948963	0.0402293786	-0.0028116144	0.0091067757	0.0321910465	0.1105075472	-0.0195140365	0.0027749551	0.096743384	0.0483089967	-0.0129105638	-0.0097506423	-0.0081202587	0.0122568913	0.0209514037	0.0489694733	-0.0597905561	-0.0290139432	0.1186920489	-0.0503927123	-0.082383127	-0.0401708348	0.0565034168	0.0015175825	-0.1108005918	0.0138731757	0.1086588987	0.0152807416	0.1219505185	0.0561066975	-0.0165589868	0.0470569376	0.0441851662	-0.0407217844	-0.0859303651	-0.0978308249	-0.0676613946	0.0808496275	-0.005337697	0.1368940253	0.0098972941	0.0743557164	0.0169686977	-0.0465619217	-0.0027998056	-0.040745998	0.0159906589	-0.0142243129	0.0318776465	-0.0064199709	-0.0346342137	-0.078454034	-0.0577028297	0.0558942826	-0.0630865879	-0.0185883034	-0.0457472476	-0.0937398307	-0.0480142301	0.0508894106	-0.0525450482	0.0436435025	0.0848022944	-0.0855793473	0.0855410976	-0.0854773608	0.0853881558	-0.0852735093	0.0	0.14372	0.0116979999999999	0.0001368432039999	0.0206554383999999	0.0680549	-0.0641331	0.00411305451561	0.00463146941401	0.311012	0.025934	0.096728464144	0.000672572356	0.00580198	0.00022007	3.36629719204e-05	4.843080490000008e-08	-0.00131852	3.0120000000000017e-05	9.07214400000001e-10	1.7384949903999997e-06	-0.00046945	6.1212e-05	2.203833025e-07	3.7469089439999994e-09	0.0
4857.292459590367	0.4568186111064278	0.2086832434532057	23593290.037993435	9524.590075625189	23.71801860024607	562.5444063216185	90717816.10869785	4798.630074357513	-14.106586500011872	23026850.59052839	198.9957826823172	4957.435866467474	7544.912242459509	1.050078	33.387241	0.1000318	0.0668415	-0.0110381256	0.0409848416	-0.0050064154	0.0500305932	-0.0230665686	0.1025549738	-0.0458666287	0.0173323032	0.0019192198	-0.075884784	-0.0433056871	-0.0132429853	-0.0603839943	0.0517011436	-0.0041543509	0.0139077001	0.0207789657	-0.0009830229	0.0350549021	0.0003727192	-0.0761116906	0.0255546668	-0.0451524954	-0.1103533825	0.0890646177	-0.0086356717	-0.0111089533	-0.039824072	-0.0434021701	-0.058908434	-0.006377157	0.0018338428	0.1132857184	-0.050488574	0.0883586116	0.0057215396	-0.0467319662	0.0259283368	-0.0045252615	-0.0231869544	0.0390085932	0.0294440449	0.0256047802	0.0810671846	0.0299594484	0.0064332505	-0.0623002828	-0.0467202239	0.0998503261	0.0180481621	-0.0156520359	-0.0752618535	0.0308624353	-0.0467524114	-0.0746021849	0.0033912175	-0.0215101223	0.015336745	-0.0268600182	-0.0091189298	-0.0227483576	0.1268406138	-0.0591066677	-0.1017732599	-0.0415929963	0.01188093	-0.0161800312	0.003393829	0.0301063876	-0.034667099	0.0421104669	-0.1007626226	0.0465584726	0.037890969	-0.0118909286	-0.0114310681	0.0150806913	0.0632613752	0.1004032035	-0.0224520893	-0.0424602788	0.0727115821	0.1218310836	-0.0427757841	0.0204622073	-0.079083128	-0.0272798012	0.047667275	-0.0281627914	0.0262167873	0.0790541748	-0.059483203	0.0051888172	0.0141440632	0.0199196913	0.0070815287	-0.0249467021	0.0788152521	-0.0481373258	0.0063782862	0.0295472076	0.0680434002	0.012399143	0.0221325819	0.0937356568	-0.0916590237	0.0352224774	-0.002076771	-0.0442320911	0.0013721877	0.0268754445	-0.0438864257	-0.1227594626	0.0037190232	0.097143597	0.11029543	-0.0099450072	-0.0287779537	-0.0141437988	0.0443447959	-0.0188133809	-0.0077887806	-0.0612041996	0.0692736541	-0.0052780728	-0.0133908789	-0.0151232209	0.0079782924	-0.022832231	0.098356057	0.0039943471	-0.0515756621	-0.0091206625	0.0820404423	-0.049045631	-0.013199479	0.0616167995	-0.0840650182	-0.0502814698	0.0175473311	0.0136246888	0.0103557877	0.0939264824	-0.0385059151	-0.1054695403	-0.0416688693	0.0144764094	0.0684261961	0.0409930435	0.0550986672	-0.0892050284	-0.020406219	-0.0589384067	-0.0355581463	0.0355514836	0.0312339972	-0.0181538758	-0.0095973229	-0.0253434317	-0.06699001	-0.0221299403	0.0373173253	-0.010151174	0.0189349642	0.0592358515	-0.0729163547	-0.0592984468	0.007246158	0.0059184108	-0.1545755988	0.064786378	0.0119109496	-0.0009845703	-0.0269617842	0.0615832668	0.0176953872	0.061770926	0.0238880967	-0.0448155542	0.0085350467	0.0358600416	0.1192940516	-0.0357450092	-0.0855906817	0.0855864312	-0.0855793473	0.0855694302	-0.0855566802	0.0	0.147377	0.003657	1.3373649000000157e-05	0.021719980129	0.123627	0.0555721	0.00308825829841	0.015283635129	0.311055	4.300000000001525e-05	0.096755213025	1.8490000000013114e-09	0.00528832	-0.00051366	2.79663284224e-05	2.638465956e-07	-0.00130323	1.5289999999999835e-05	2.337840999999949e-10	1.6984084329000002e-06	-0.000183206	0.000286244	3.3564438435999995e-08	8.1935627536e-08	0.0
