global_signal	global_signal_derivative1	global_signal_power2	global_signal_derivative1_power2	csf	csf_derivative1	csf_derivative1_power2	csf_power2	white_matter	white_matter_derivative1	white_matter_derivative1_power2	white_matter_power2	csf_wm	tcompcor	std_dvars	dvars	framewise_displacement	rmsd	t_comp_cor_00	t_comp_cor_01	t_comp_cor_02	t_comp_cor_03	c_comp_cor_00	c_comp_cor_01	c_comp_cor_02	c_comp_cor_03	c_comp_cor_04	c_comp_cor_05	c_comp_cor_06	c_comp_cor_07	c_comp_cor_08	c_comp_cor_09	w_comp_cor_00	w_comp_cor_01	w_comp_cor_02	w_comp_cor_03	w_comp_cor_04	w_comp_cor_05	w_comp_cor_06	w_comp_cor_07	w_comp_cor_08	w_comp_cor_09	w_comp_cor_10	w_comp_cor_11	w_comp_cor_12	w_comp_cor_13	w_comp_cor_14	w_comp_cor_15	w_comp_cor_16	w_comp_cor_17	w_comp_cor_18	w_comp_cor_19	w_comp_cor_20	w_comp_cor_21	w_comp_cor_22	w_comp_cor_23	w_comp_cor_24	w_comp_cor_25	w_comp_cor_26	w_comp_cor_27	w_comp_cor_28	w_comp_cor_29	w_comp_cor_30	w_comp_cor_31	w_comp_cor_32	w_comp_cor_33	a_comp_cor_00	a_comp_cor_01	a_comp_cor_02	a_comp_cor_03	a_comp_cor_04	a_comp_cor_05	a_comp_cor_06	a_comp_cor_07	a_comp_cor_08	a_comp_cor_09	a_comp_cor_10	a_comp_cor_11	a_comp_cor_12	a_comp_cor_13	a_comp_cor_14	a_comp_cor_15	a_comp_cor_16	a_comp_cor_17	a_comp_cor_18	a_comp_cor_19	a_comp_cor_20	a_comp_cor_21	a_comp_cor_22	a_comp_cor_23	a_comp_cor_24	a_comp_cor_25	a_comp_cor_26	a_comp_cor_27	a_comp_cor_28	a_comp_cor_29	a_comp_cor_30	a_comp_cor_31	a_comp_cor_32	a_comp_cor_33	a_comp_cor_34	cosine00	cosine01	cosine02	cosine03	cosine04	non_steady_state_outlier00	trans_x	trans_x_derivative1	trans_x_derivative1_power2	trans_x_power2	trans_y	trans_y_derivative1	trans_y_power2	trans_y_derivative1_power2	trans_z	trans_z_derivative1	trans_z_power2	trans_z_derivative1_power2	rot_x	rot_x_derivative1	rot_x_derivative1_power2	rot_x_power2	rot_y	rot_y_derivative1	rot_y_derivative1_power2	rot_y_power2	rot_z	rot_z_derivative1	rot_z_power2	rot_z_derivative1_power2
5390.562312963783	n/a	29058162.04994545	n/a	11080.233056360004	n/a	n/a	122771564.58325297	4915.882714653139	n/a	n/a	24165902.86422552	4941.617147435897	9991.921173698818	n/a	n/a	n/a	n/a	0.0	0.0	0.0	0.0	0.0	0.0	0.0	0.0	0.0	0.0	0.0	0.0	0.0	0.0	0.0	0.0	0.0	0.0	0.0	0.0	0.0	0.0	0.0	0.0	0.0	0.0	0.0	0.0	0.0	0.0	0.0	0.0	0.0	0.0	0.0	0.0	0.0	0.0	0.0	0.0	0.0	0.0	0.0	0.0	0.0	0.0	0.0	0.0	0.0	0.0	0.0	0.0	0.0	0.0	0.0	0.0	0.0	0.0	0.0	0.0	0.0	0.0	0.0	0.0	0.0	0.0	0.0	0.0	0.0	0.0	0.0	0.0	0.0	0.0	0.0	0.0	0.0	0.0	0.0	0.0	0.0	0.0	0.0	0.0	0.0	0.0	0.0	0.0	1.0	0.038748	n/a	n/a	0.001501407504	-0.0224824	n/a	0.00050545830976	n/a	-0.0110841	n/a	0.00012285727281	n/a	0.000149643	n/a	n/a	2.2393027449000002e-08	0.000180563	n/a	n/a	3.2602996969000004e-08	-0.000126826	n/a	1.6084834276e-08	n/a
5402.122051968512	11.559739004728726	29182922.664364487	133.62756585744668	11119.85750732422	39.6244509642147	1570.0971142154551	123651230.9831948	4918.115139228458	2.2324245753188734	4.9837194844876525	24187856.52270816	4942.931750957782	10003.980490381697	1.331634	39.785419	0.04872565	0.0213542	-0.1391828714	-0.0151528384	0.0820207772	-0.0750511182	-0.1213154145	-0.0214558074	0.0103945987	-0.2261488606	0.0019562077	-0.012490936	0.0038974959	-0.1198343006	0.1910075488	-0.0514302453	-0.0853129149	0.0394411741	0.0140625546	-0.0156056405	0.0200861298	-0.1171572788	0.0147761381	-0.1087551782	0.0402434932	-0.1185636652	0.0971508545	-0.1272485404	0.117634337	-0.1181591426	0.0429808848	-0.0233460475	-0.0070491851	-0.2294512749	0.0922638484	0.2043376577	-0.0385314254	-0.0037254979	-0.0100501868	-0.1863949093	0.1284882577	0.1301637772	-0.1029015964	-0.1560244713	0.1415219645	0.0970872791	-0.0195528963	-0.0304248518	-0.1196344459	0.0486155913	-0.0857492988	0.0561686559	0.0131371271	-0.0023195387	0.0008484068	-0.1166702007	0.0040292599	-0.1366874224	0.0442101477	-0.128477783	0.0992423615	-0.1240363196	0.1094274055	-0.0445793451	0.0776566339	0.0096369784	0.0213394751	-0.3143065859	0.0762314972	0.01722232	-0.1515797343	-0.0361693418	-0.0497857026	-0.1726176547	0.0993114038	-0.0434785696	-0.1444755573	0.1495748948	0.1053733645	0.0864977229	-0.0282322284	-0.0925400817	-0.0564943173	-0.0457707714	0.1711300208	0.1466261977	0.1465634515	0.1464588945	0.1463125564	0.1461244791	0.0	0.0361328	-0.0026151999999999	6.83927103999999e-06	0.00130557923584	-0.0299004	-0.007418	0.00089403392016	5.502672400000001e-05	-0.0208367	-0.0097526	0.0004341680668899	9.511320676e-05	0.000421051	0.000271408	7.3662302464e-08	1.7728394460099997e-07	-0.0	-0.000180563	3.2602996969000004e-08	0.0	0.0	0.000126826	0.0	1.6084834276e-08
5391.321792494133	-10.800259474379343	29066350.67022215	116.6456047139208	11102.96570743254	-16.891799891678602	285.33290358051323	123275847.50042295	4922.547996585526	4.432857357067405	19.650224348106622	24231478.778688174	4947.611729235527	10019.014073709885	1.167186	34.872166	0.047793075	0.0264402	0.0781807328	-0.0303074488	-0.0627720085	-0.0983692777	0.0721631962	-0.0766473566	0.0713662742	-0.0496571362	-0.0666446666	-0.1697065904	0.0913169677	0.0321784353	0.2469862859	0.0144897948	0.1302815915	-0.1388432126	-0.0620081742	-0.1347745874	0.1177657262	0.1463127328	-0.0839113375	0.1573675287	0.1611930875	0.0065425453	0.1148022167	0.045659781	-0.0353362532	-0.103128012	-0.1774861855	-0.0486559328	0.1858861614	-0.0448934122	0.0774091033	0.0614071061	-0.2034176446	0.0020030395	0.0850628274	-0.0127244235	-0.1685471782	0.1459650676	0.0233653724	-0.1568987227	0.1020659316	-0.1238364285	-0.1862466515	-0.1115664279	-0.0962836351	0.0971909809	0.1302588849	-0.1290698846	0.0482424869	0.1498815318	0.1053714422	0.0987248489	-0.0909133999	0.1602440399	0.0916088475	-0.0422872146	0.134625279	0.0084414674	-0.1166389578	0.0533698085	0.2022955716	-0.009925136	0.2383030587	-0.1391273185	0.1152504157	0.0828653903	0.0824626795	-0.0334508487	0.0064387685	0.0646704741	-0.1408351188	0.1068049094	-0.1389637608	0.1646467176	-0.0964351701	0.148027928	0.0633262323	-0.2151372004	0.0604570559	0.1030528068	0.0308183411	0.1464588945	0.1458947161	0.1449560281	0.14364524	0.1419657166	0.0	0.0463338	0.010201	0.000104060401	0.00214682102244	-0.0238904	0.00601	0.00057075121216	3.612010000000002e-05	-0.00699393	0.01384277	4.89150568449e-05	0.0001916222812729	6.62649e-05	-0.0003547861	1.2587317675320997e-07	4.391036972009999e-09	-0.0	0.0	0.0	0.0	0.0	0.0	0.0	0.0
5369.87754340719	-21.444249086942364	28835584.831188843	459.8558189028284	11036.601941479212	-66.36376595332877	4404.149431508198	121806582.4146627	4909.98373248287	-12.564264102655216	157.86073244127047	24107940.25324642	4936.303663517879	9936.670929357157	1.060909	31.696913	0.0103471349999999	0.00650347	-0.0520103295	-0.0661716317	-0.0020396921	0.1347706677	0.0304607621	0.1932303058	-0.0091786797	-0.0825020953	-0.0069517549	-0.0360670559	0.0450876663	-0.0170829536	0.2641421121	-0.0731199249	-0.0996367269	0.038936201	0.0723087809	-0.0132391441	0.0755344811	0.1847658244	0.1387390205	0.0012432078	0.0529809489	-0.1990594205	-0.1202065964	-0.0715942856	-0.1520147103	-0.0819338066	0.060335487	-0.1024243185	0.0425680887	-0.0345645045	-0.0019446042	-0.0834000246	0.0758691748	0.184516149	-0.0024688875	-0.1358218278	0.0091746761	-0.0243625189	0.112735404	0.1567059362	0.0330846796	0.0207490888	0.2322322088	-0.0454686088	0.0743248769	0.1215255263	-0.0985521893	0.0360218116	-0.0713431093	0.0099293456	0.0831484118	0.1531624385	0.0849590473	-0.0166710596	0.1567180969	-0.1692912653	-0.1410024575	-0.0810944098	-0.1227886731	-0.1073822823	-0.0382100406	0.1120046336	0.0733701978	-0.0252416939	-0.003559114	-0.1105796484	0.0131829622	0.0249538983	-0.1478864638	-0.1353117355	-0.0307137696	0.0833195377	0.1583246861	-0.1579116101	0.0849894873	0.0265474784	-0.1454434831	0.1629017954	0.0349683947	-0.042089847	0.2690544483	0.1461244791	0.1445602966	0.1419657166	0.1383592329	0.1337665517	0.0	0.0463326	-1.1999999999998123e-06	1.4399999999995496e-12	0.00214670982276	-0.0238901	2.999999999982184e-07	0.00057073687801	8.999999999893103e-14	-0.00900807	-0.00201414	8.11453251249e-05	4.056759939600001e-06	0.0	-6.62649e-05	4.391036972009999e-09	0.0	0.000100365	0.000100365	1.0073133225000002e-08	1.0073133225000002e-08	0.0	0.0	0.0	0.0
5378.292753638372	8.415210231181845	28926032.943839025	70.8157632349876	11108.958174782238	72.35623330302587	5235.424497801911	123408951.7290611	4917.453710175057	7.469977692186148	55.8005667217587	24181350.99171443	4942.134927133414	9958.271808749916	1.197994	35.792629	0.14276185	0.0687248	-0.0287382592	0.1066003583	0.2439657785	0.0537340011	-0.2277899844	0.0377933535	-0.049336846	0.1311651878	0.1184939446	-0.017855349	0.2518307249	-0.0318316473	-0.0895886854	0.0380162929	0.0016607382	0.259880883	0.146121243	0.0248155503	-0.2226946999	-0.0151054046	0.132366475	-0.014673298	0.1136008934	0.1070372424	-0.0075252183	0.0018074569	0.0783923436	-0.1567937754	-0.1485343079	-0.018759299	-0.0765252162	-0.0037543152	-0.0122483218	-0.0980983788	-0.0375069276	-0.1182607489	-0.3006618299	0.0716026809	0.0059282308	-0.090862248	-0.1155068217	0.0097318193	-0.0199168904	-0.015383477	0.1419964348	0.0347762873	0.1503721517	0.0625483277	-0.008364734	0.2457829433	-0.1582063766	-0.0468677221	-0.2005395425	0.0260336199	0.1600193149	0.02037047	0.0709152342	0.120159067	0.0564835095	0.0309802964	0.092682316	-0.0762078744	0.1953651682	0.0479356887	-0.0128293425	0.0999445246	-0.0350138654	-0.0669393956	0.025674788	0.0619920006	0.312215892	-0.0924253484	0.0697267651	-0.0618657085	-0.0499372134	-0.002336032	0.0324536156	-0.0347025041	-0.0842459064	0.1921720711	-0.0188722278	0.2392068145	-0.184667333	0.145623333	0.1425662815	0.1375186448	0.1305509005	0.121760336	0.0	0.0307075	-0.0156251	0.00024414375001	0.00094295055625	-0.00396108	0.01992902	1.5690154766399997e-05	0.0003971658381604	-0.0692782	-0.06027013	0.00479946899524	0.0036324885702169	-0.000544395	-0.000544395	2.963659160250001e-07	2.963659160250001e-07	0.000297463	0.000197098	3.8847621604e-08	8.8484236369e-08	-0.000197259	-0.000197259	3.8911113081000004e-08	3.8911113081000004e-08
5373.275864968431	-5.016888669941181	28872093.52105224	25.1691719265842	11039.441867942372	-69.51630683986514	4832.51691665428	121869276.75567898	4914.661727041568	-2.7919831334884293	7.795169817683869	24153899.89124721	4943.0727268316805	9940.810955022478	1.455306	43.480366	0.1174597799999999	0.0536247	0.1539966733	-0.1627707159	-0.108169799	0.0830573587	0.0752953144	0.0291915264	0.0803421933	0.1701872682	-0.2728785545	0.0787075912	0.0984301547	0.1198725461	-0.0997168264	0.0756677051	-0.0160303485	-0.0460784653	0.0153053126	-0.174990378	-0.0631211342	-0.0135614074	-0.0367558606	-0.0589050847	-0.2938742042	0.1245865634	0.0438995337	-0.0724356779	-0.0971699582	0.1058223375	0.0670321226	-0.0600493792	-0.0874924197	0.1162949355	-0.077704797	0.1114235352	-0.0593765927	-0.1421072546	0.0830118266	0.1888025182	0.0689447753	-0.0830229001	0.1212825163	-0.0574836066	0.0307041771	-0.0939935332	0.0626029391	-0.0099018174	-0.1383696073	-0.0995355744	-0.0142643739	-0.0608016075	-0.0521992394	0.200313629	-0.0681269138	0.0080680867	-0.0234232966	-0.0953183143	-0.3039427896	0.0922928866	-0.0626240832	-0.0558530815	-0.0494964539	0.0348834119	-0.1005080088	0.1109241427	-0.1383751821	0.0500795196	-0.0531815533	0.1873902786	0.0174517242	-0.0300434969	0.0504179917	0.2483946762	0.0497427407	-0.0177605142	0.0999919374	0.0840247603	-0.0821446537	0.0819853891	-0.0686129699	-0.0287493276	-0.0108271745	-0.182097703	-0.10260048	0.1449560281	0.1399217693	0.1316604456	0.1203625908	0.1062887712	0.0	0.0463455	0.015638	0.0002445470439999	0.00214790537025	0.0194966	0.0234576799999999	0.0003801174115599	0.0005502627509823	-0.0282734	0.0410047999999999	0.00079938514756	0.0016813936230399	-0.00034804	0.000196355	3.855528602500002e-08	1.2113184159999998e-07	0.000651035	0.000353572	1.2501315918400002e-07	4.23846571225e-07	-2.6469800000000003e-23	0.000197259	7.006503120400002e-46	3.8911113081000004e-08
5377.887857406077	4.611992437646222	28921677.80683573	21.270474244905945	11073.50011273965	34.05824479727744	1159.9640386712758	122622404.74684504	4916.468418178421	1.80669113685326	3.2641328639841256	24171661.70694583	4942.349598576472	9937.547403590806	1.445104	43.175564	0.08727817	0.0402472	-0.1911843459	0.0293929466	-0.1093167386	0.101853431	0.1132711048	0.0772835141	-0.1586813032	-0.148388859	-0.0123588982	0.168303374	-0.0522316562	0.0539303922	0.0254330922	0.1191744103	0.0694142497	0.0264483784	-0.0460986534	0.0313469887	-0.1272738189	-0.2208102645	-0.1077807378	0.0851606087	0.0173903758	0.0705626487	-0.1104927748	-0.0425175609	-0.0699302448	0.1341934454	0.0299559594	0.0566633136	-0.1453226273	0.099264629	-0.1766910865	0.0738965706	-0.0095768237	-0.059512778	0.0967524051	0.0249271949	0.0265966346	0.1213071563	0.0334640909	-0.0953967074	-0.0567010736	0.0350696902	-0.1582712359	-0.0583160011	0.1030573886	0.127348929	0.068188745	0.0499966252	0.0559549166	-0.049732784	-0.1447710884	-0.2271450441	-0.0702527515	0.1031354945	-0.0167500645	0.0767422842	-0.0403693048	-0.0359257449	-0.0618477238	0.0610532837	-0.0831600203	-0.0298776708	-0.187895003	-0.0152814945	-0.0992487234	0.1949198342	0.0141735234	-0.051307303	-0.0897068615	0.0853022935	0.0149451507	0.0965006669	-0.0842838405	0.0733850167	0.0494704023	-0.1378211192	0.112440363	-0.0310920663	0.0812457332	0.1858690196	0.1310509963	0.1441233256	0.1366388261	0.124451232	0.1079800393	0.0877921846	0.0	0.0551367	0.0087911999999999	7.728519743999998e-05	0.0030400556868899	-0.00114257	-0.02063917	1.3054662049000003e-06	0.0004259753382888	0.00307425	0.03134765	9.451013062500002e-06	0.0009826751605225	-0.000189619	0.0001584209999999	2.5097213240999996e-08	3.5955365161e-08	0.000722139	7.1104e-05	5.055778816e-09	5.21484735321e-07	-0.000300478	-0.000300478	9.0287028484e-08	9.0287028484e-08
5368.558434875768	-9.329422530308875	28821419.66867576	87.03812474903485	11055.227770084077	-18.272342655573084	333.8785061226756	122218061.04843816	4910.741946218536	-5.7264719598852025	32.79248110735147	24115386.462350216	4936.876686761319	9949.315951718016	1.388742	41.491638	0.03814798	0.0182824	0.1918851636	0.0437542787	0.0529100536	0.055645667	0.0222391997	0.035351597	0.1094934579	0.1451667629	0.1386702721	-0.1245958291	-0.0434254279	0.0808977622	-0.048269832	-0.0473885567	-0.07530405	0.0347347548	-0.0205002755	0.0502169467	0.0093965961	0.0805033884	0.0806483057	0.1314732402	0.0688217413	-0.020453168	0.1414776896	0.0542752111	0.1920013395	0.0898546319	0.1707284271	0.085075935	-0.0844710307	-0.0056660163	0.0978333333	-0.0147723234	-0.0095972317	0.0946487615	0.0108616728	-0.1044219439	-0.0768974571	-0.0694468016	0.1537234857	0.0348306778	-0.2445945904	-0.0422861084	0.0894189626	-0.0581559674	-0.0783948715	-0.1300718836	-0.0732702933	0.014719252	0.0278466906	-0.0388349245	0.049789976	0.1227937842	0.0832517805	0.1086336074	0.0059364941	-0.0584280524	0.1698720801	0.0592077436	0.1746130571	0.0404975546	-0.1195593545	-0.0682451816	-0.1286603512	-0.0540710848	0.1280568132	-0.0754651419	0.0384646584	0.0146382018	-0.0423054005	-0.0768439283	-0.0753646818	0.0780704115	0.1417119343	-0.0185812391	-0.1371485328	-0.1787528208	-0.1628925273	-0.011808679	0.0437141621	-0.0527254321	-0.0771992419	0.1431261759	0.1327324313	0.1159649805	0.0936289832	0.0667969964	0.0	0.0555014	0.0003647	1.3300609000000186e-07	0.00308040540196	-0.012402	-0.0112594299999999	0.000153809604	0.0001267747639248	-0.0068609	-0.00993515	4.707194880999999e-05	9.87072055225e-05	-0.000250353	-6.073399999999998e-05	3.6886187559999964e-09	6.2676624609e-08	0.000576177	-0.000145962	2.1304905444000007e-08	3.31979935329e-07	-0.0001754	0.000125078	3.076516e-08	1.5644506084000003e-08
5388.222953863252	19.66451898748346	29032946.600538827	386.6933070090976	11090.522256224183	35.29448614010653	1245.7007518941718	122999683.91580395	4916.4076544836735	5.665708265137255	32.1002501456446	24171064.225065656	4943.4910182855065	9907.68609753836	1.367615	40.86042	0.0856371999999999	0.0416687	-0.1325322583	-0.0781714225	-0.1114196771	-0.1830436875	-0.0889062178	-0.0400698992	-0.1266171586	0.0140632927	-0.1776707463	-0.0602562369	-0.0441811032	0.0532752202	-0.1708739123	-0.05141044	0.0051359771	-0.0250715811	0.1535468616	-0.0545461388	0.0591352084	-0.0587957408	-0.0488982162	-0.151880308	-0.0028872877	-0.1921216549	-0.1634775348	-0.0462580478	-0.0891937647	-0.085546402	-0.0081198303	0.0939308907	0.0506034622	0.0588244095	0.035610964	0.0060695978	-0.043250309	-0.0503070158	0.1110320571	0.013871136	0.0740795078	-0.1056841465	0.0331546656	0.1804113799	0.0350982208	-0.1258526602	0.0484559126	0.1602392013	0.1187683585	-0.1540530683	0.0060477159	-0.0142425046	-0.1484684798	0.0305444839	0.0187084422	-0.1048009826	-0.085571308	-0.1443491036	0.1024635703	-0.126223812	-0.1675484695	-0.0690456103	-0.0818086093	-0.1250887184	0.0229699089	-0.0716912716	0.0093100349	0.04611295	0.0928323826	0.0365330379	-0.0025501076	-0.0602533443	0.0124585188	0.0466784514	0.0214411058	-0.0437885692	0.1406510185	-0.1667120571	-0.112971396	0.0512948103	0.1436632449	0.2059605434	-0.0397054683	-0.1262825195	-0.0704159344	0.1419657166	0.1282204088	0.1062887712	0.0775710461	0.0439007383	0.0	0.035296	-0.0202054	0.0004082581891599	0.001245807616	-0.0228665	-0.0104645	0.00052287682225	0.00010950576025	-0.0417983	-0.0349373999999999	0.0017470978828899	0.0012206219187599	-0.000278014	-2.7661000000000005e-05	7.651309210000001e-10	7.7291784196e-08	0.00037864	-0.0001975369999999	3.9020866368999983e-08	1.4336824960000004e-07	0.0	0.0001754	0.0	3.076516e-08
5387.099408598606	-1.1235452646460544	29020840.038123447	1.2623539617085724	11118.675600459655	28.153344235472105	792.6107916409903	123624947.10825688	4924.307787625295	7.900133141621154	62.41210365534093	24248807.187267125	4949.023299779648	9968.19311018832	1.251099	37.379257	0.0471205	0.0248956	0.1294851201	0.0817577318	-0.0067814293	0.0123386617	0.071936331	-0.1316553595	0.1228790799	-0.0072416109	0.1209532978	0.0864648269	-0.0276494831	0.0499969827	0.0396464233	-0.0018619354	0.1075350841	-0.0867268433	-0.0646736003	0.088583488	-0.0128674118	0.1646246725	0.0377277867	0.071831911	-0.0111136104	-0.0215102594	-0.0357072421	0.0843773323	0.0878192543	0.1170499177	0.142454152	-0.0345528393	-0.060507225	-0.0754923355	-0.0533012939	-0.0687943903	-0.0380069602	0.1653014736	-0.1076166648	0.0108138859	0.1235017058	-0.1379965001	-0.0637336778	-0.038058196	-0.0918875111	-0.0662582735	-0.2118897699	0.0357457782	-0.1144625937	0.0130310284	0.1099931197	-0.0956845042	0.0533020508	-0.0617763528	0.0223865682	0.1724560777	0.0388578115	0.0985700992	0.0338391501	-0.0079765689	-0.055124503	0.0967332463	0.1052803472	0.0331337085	-0.1493244293	0.027198342	-0.0689305068	-0.004574257	-0.095242898	-0.0960821903	0.1350690655	0.1141871348	0.0114999172	-0.0787950871	0.125509348	-0.1262576728	0.1240751741	0.0676260847	-0.1362754391	-0.0211571535	0.136287112	-0.2248530117	-0.0630422098	-0.0667920222	-0.051637457	0.1406432718	0.123123346	0.0955218954	0.0600989683	0.0197550473	0.0	0.029865	-0.005431	2.949576100000002e-05	0.000891918225	-0.026275	-0.0034084999999999	0.000690375625	1.1617872249999988e-05	-0.0181768	0.0236214999999999	0.00033039605824	0.0005579752622499	-0.000126219	0.0001517949999999	2.3041722024999995e-08	1.5931235961e-08	0.000338284	-4.035600000000002e-05	1.6286067360000012e-09	1.14436064656e-07	0.000101039	0.000101039	1.0208879521000002e-08	1.0208879521000002e-08
5381.50142890492	-5.597979693685375	28960557.6293057	31.3373766509138	11109.823577038997	-8.852023420658952	78.35831863989462	123428179.91293156	4906.720048377013	-17.58773924828165	309.3285718655468	24075901.633144915	4932.170438795823	9957.19821172018	1.164336	34.787029	0.06644142	0.0330445	-0.0922467682	0.0522284702	-0.044730985	-0.1031874582	-0.0029514437	-0.0373153458	-0.1095518645	-0.0473843411	0.0692983594	-0.1540920492	-0.1989374219	-0.0575474086	-0.1114299262	-0.0228555167	-0.0593271186	-0.0839885402	-0.0704512795	0.1364373262	-0.0357099084	-0.1880174796	-0.0166216842	-0.0922211165	0.0137835904	0.0834155273	0.1155558663	-0.0134172516	0.0005307922	0.0515754014	0.0009675672	0.0267207293	-0.038648657	0.0501444982	0.0786749728	-0.2298258529	-0.0072186585	-0.139290111	-0.0352846912	0.0804404497	-0.103554492	0.168560556	-0.0597538712	0.0904009508	0.1379829762	-0.0831891268	-0.1236657181	0.0872748312	-0.022696237	-0.1366742439	-0.0540362092	-0.0806621506	0.0858007111	-0.13944222	-0.0432793413	-0.1526330967	0.0110070576	-0.086312241	-0.0442092185	0.0934526931	0.127784618	-0.0116166776	0.0078702917	0.0365883863	-0.0377073481	-0.0059757722	-0.0402839084	0.1459342506	-0.007849322	-0.1427203166	0.0657001109	-0.1074185087	0.1273959102	0.0969789714	-0.0008416019	0.0652696087	-0.2043763112	-0.1015511527	-0.0401185469	0.1730219407	0.1300174749	-0.0156395829	-0.0161338297	-0.094081883	0.0256229986	0.1391603506	0.1174644996	0.0837748356	0.0415312705	-0.0049528805	0.0	0.0270828	-0.0027821999999999	7.740636839999992e-06	0.00073347805584	-0.0176409	0.0086340999999999	0.00031120135281	7.454768280999998e-05	0.00528783	0.02346463	2.79611461089e-05	0.0005505888610369	2.00968e-05	0.0001463158	2.140831332964e-08	4.0388137024e-10	0.000722139	0.000383855	1.47344661025e-07	5.21484735321e-07	0.0	-0.000101039	0.0	1.0208879521000002e-08
5378.0934125210415	-3.4080163838789304	28923888.75380222	11.61457567278722	11076.733434707818	-33.09014233117887	1094.9575194976755	122694023.58357404	4907.456333455748	0.7362850787349089	0.542115717167671	24083127.66477493	4933.179013139774	9980.677531306452	1.125717	33.633205	0.034438875	0.0231882	0.0867446868	0.0850625617	-0.0136026656	-0.0199332029	0.0783759895	-0.0384655814	0.0080058209	0.1540119941	0.0723070419	0.1215167442	-0.0295524457	-0.010595256	-0.0775764012	0.1713315653	-0.0436367665	-0.1280724986	-0.1442961377	-0.124756537	0.0874509074	-0.079389311	-0.2096488184	0.0135879475	-0.1220282004	-0.080888787	0.106652663	0.1288336111	-0.1145161416	-0.000531731	0.1002888337	-0.0211530435	0.0283087541	-0.0469753143	-0.169701207	-0.0564974493	0.1142060744	0.0598360913	0.0689219539	0.0178758209	0.1282867426	-0.1364121323	-0.0698661647	0.0732856928	-0.1172150912	0.3121245114	0.0291257007	0.0444681387	-0.0183562609	0.1800220498	-0.0396050526	-0.1219133774	0.1499708282	0.1216445408	0.0611553249	-0.09874804	-0.1883195508	-0.0110100914	-0.1434176488	-0.119673532	0.0628938499	0.1370979762	-0.1059973959	-0.0507184815	-0.0779973736	-0.01022387	0.0131775325	0.0081841468	-0.21060095	-0.0232375366	-0.0017570486	-0.0371617315	-0.1220148635	-0.0188285839	0.0489183436	-0.1739107193	0.1084757493	-0.0789446312	0.2216585402	-0.2122132466	-0.073735933	-0.0646840507	-0.1552373906	0.2113600885	-0.165660745	0.1375186448	0.1112696897	0.0711681327	0.0222064467	-0.0295198472	0.0	0.0270875	4.699999999999843e-06	2.2089999999998525e-11	0.00073373265625	-0.0176397	1.1999999999998123e-06	0.00031115901609	1.4399999999995496e-12	-0.0140773	-0.01936513	0.0001981703752899	0.0003750082599169	8.05637e-05	6.04669e-05	3.6562459956099995e-09	6.4905097576900005e-09	0.000481249	-0.00024089	5.80279921e-08	2.31600600001e-07	0.0	0.0	0.0	0.0
5379.69936242896	1.6059499079183297	28941165.23011856	2.5790751067428914	11071.909418215697	-4.824016492120791	23.27113511625338	122587178.16517346	4917.851469894936	10.395136439187809	108.0588615893302	24185263.07994778	4943.608445074619	9964.194014256494	1.169624	34.945023	0.029608815	0.0148746	0.0041367276	-0.1216416874	0.0417128721	0.068442817	-0.0039927041	0.0884568843	0.0873929691	-0.0254386532	-0.0280848325	0.0010897247	-0.1297520107	-0.0549123461	-0.11413166	-0.1192350021	-0.0153282008	0.0698535683	0.1118681099	0.1211742466	0.1002498992	-0.1314938862	-0.128149522	-0.1258224424	-0.1334790263	0.0286978004	0.0487416283	0.1386722126	0.0791926623	0.0350299147	-0.0642417522	0.0765717612	0.206017185	0.1329945013	0.061409287	0.0050374211	0.1132012395	-0.053706739	0.0594646122	0.1690181038	-0.0344465293	0.0306717465	-0.180003874	0.0337442586	-0.0287134408	0.1364957035	0.0396676425	-0.0780041591	0.0957652364	-0.0109867728	-0.0120982564	0.0636962399	-0.0919477724	-0.1425803129	0.0930616297	-0.1190040755	-0.1282822781	-0.1357431709	-0.134386102	0.0267151131	0.013585647	0.1265425312	0.0712065976	0.0390152236	-0.0438349136	-0.1437762275	0.1915875796	0.1797022057	0.0361935296	0.0196249323	-0.0804489352	0.0011424026	-0.0307550704	0.1368946363	-0.0103477563	-0.1552062273	-0.1547752337	-0.0910514433	0.1073480648	-0.0417793557	-0.0311360343	0.029048795	0.1123019396	0.0225707646	-0.0862271751	0.1357200277	0.1045671817	0.0578311484	0.0024767935	-0.0532466671	0.0	0.0270951	7.599999999999968e-06	5.7759999999999505e-11	0.00073414444401	-0.0275033	-0.0098636	0.00075643151089	9.729060496e-05	-0.0186032	-0.0045259	0.00034607905024	2.048377081000001e-05	0.000158864	7.830029999999999e-05	6.130936980089998e-09	2.5237770495999995e-08	0.000441219	-4.002999999999998e-05	1.6024008999999982e-09	1.9467420596100005e-07	-0.000185904	-0.000185904	3.4560297216e-08	3.4560297216e-08
5391.436066869547	11.736704440587346	29067582.86314177	137.75023112570273	11122.785457356773	50.87603914107604	2588.3713586843005	123716356.33038732	4907.652372500457	-10.199097394478486	104.02158766205784	24085051.809309367	4932.398134045723	9978.222335946104	1.181601	35.302864	0.05571305	0.0318605	-0.0842928987	0.0833798476	0.0196853799	-0.1387254265	-0.0688091742	-0.1577722349	-0.0684879047	-0.07554593	0.0548677494	0.0675827283	-0.1492021755	0.0600383735	-0.1415709606	0.0124011518	-0.0489033775	0.0862605985	-0.1707506829	0.1876003841	-0.1354164012	0.1745360189	-0.0444676357	-0.0088453176	-0.1158489349	-0.0345157508	-0.1068812037	-0.0834727058	0.0508500883	-0.0263288292	-0.1470650794	-0.0968744409	0.0425289748	0.1645512518	-0.1748722511	-0.0098888355	0.1742183416	-0.0035819952	0.1125793685	0.0239161772	-0.054973781	0.0513340874	-0.0623114964	0.1363914826	-0.0436467303	0.0705765946	-0.0462599872	0.0183565872	-0.0380874993	-0.0440126193	-0.0462361858	0.0906808187	0.1719351572	-0.1573873637	-0.126433021	0.1869302138	-0.0563873223	0.02028834	-0.030728808	-0.0019225607	-0.1715617721	-0.0603051511	0.0809569727	-0.0152697733	0.0892000058	0.064492312	0.0612838852	0.170699929	-0.1757614123	0.1068455809	-0.0737213749	-0.0119771793	-0.1253125726	0.0721452602	-0.0847820181	-0.0097108988	-0.0442346438	-0.1953586521	0.0602942839	-0.0533986718	0.0443178758	-0.0490694275	0.0185573295	-0.1223957921	0.2013165461	0.1337665517	0.0973875576	0.0439007383	-0.0172980123	-0.0754580649	0.0	0.0270816	-1.3499999999999623e-05	1.8224999999998983e-10	0.00073341305856	-0.0274235	7.98000000000014e-05	0.00075204835225	6.368040000000223e-09	-0.0424366	-0.0238333999999999	0.00180086501956	0.0005680309555599	-0.000270112	-0.0004289759999999	1.84020408576e-07	7.2960492544e-08	0.000462066	2.0847e-05	4.3459740899999987e-10	2.1350498835600002e-07	0.0	0.000185904	0.0	3.4560297216e-08
5382.362515436928	-9.073551432618842	28969826.24758054	82.32933560037944	11087.029369766413	-35.75608759036004	1278.4977997694991	122922220.24606302	4917.938217014172	10.285844513714435	105.7985973603094	24186116.30636853	4942.914546086238	9971.881411063656	1.267913	37.881603	0.0556766399999999	0.0285588	0.1935630387	0.1238773931	0.0466533428	0.1058376161	0.1017921597	-0.068151523	0.1141790661	0.1242303662	0.1311348082	0.1391613463	0.0443517214	0.0507993724	-0.0547761051	-0.0338890753	0.0605822562	-0.0841786366	0.0078912066	0.0338746342	0.2131867348	0.0621899981	0.0206537665	-0.0343066881	0.0394990871	0.0932701885	-0.0708451036	-0.155252364	0.0786953269	-0.0232966843	0.0608434255	0.1530446039	0.0037686348	0.0971340716	0.1021128894	-0.1597152954	0.1514721291	0.1383192912	-0.1149503193	-0.0602320121	0.0213435711	0.0652065279	0.0206841461	-0.1711710432	0.0988221241	0.0110466736	-0.0259617156	0.164017105	0.1967123882	0.0203040698	0.0584784487	-0.0979542393	-0.0156410956	-0.021372832	0.2237201026	0.0580213038	0.016551382	0.0035592796	0.0437530577	0.1378811597	-0.0278265075	-0.1459476392	0.0758780448	-0.1023513809	-0.0782796899	-0.135210068	0.0060674656	0.1982542671	0.0408246567	-0.1802552361	0.0026000794	0.0718845933	-0.0896600625	-0.1315125711	0.0970552705	0.094746859	-0.0824783566	0.1808799357	0.035806642	0.0512470655	0.128865263	0.1354577908	-0.059394292	0.0511778321	-0.1566923894	0.1316604456	0.0897635764	0.0295198472	-0.0367574707	-0.0955218954	0.0	0.0164075	-0.0106741	0.00011393641081	0.0002692060562499	-0.0176409	0.0097825999999999	0.00031120135281	9.569926275999998e-05	-0.0226901	0.0197464999999999	0.00051484063801	0.0003899242622499	2.00968e-05	0.0002902087999999	8.422114759744e-08	4.0388137024e-10	0.000442806	-1.926e-05	3.7094760000000006e-10	1.9607715363600002e-07	0.0	0.0	0.0	0.0
5385.416027634901	3.05351219797285	29002705.79070688	9.323936743168986	11060.644106880276	-26.385262886136843	696.1820975705504	122337848.05906536	4916.858620816729	-1.0795961974426973	1.1655279495327315	24175498.697099783	4943.427020420172	9968.651388195978	1.284217	38.368725	0.04673239	0.0268565	0.0397765057	-0.1615365316	-0.0475940069	-0.0850360424	-0.0133152915	-0.0133984426	0.0303447969	-0.0132955649	-0.0760610929	-0.164321186	-0.0025190478	-0.1658328126	-0.1028158327	-0.0296369274	0.1019465666	0.042946148	-0.0529150696	-0.0598749603	-0.1065435192	0.1620148409	0.0826925414	-0.1595952557	0.0879682123	0.0558401252	0.0148194865	0.2593722666	0.0742194829	0.1759600029	0.0566969454	0.0219377281	0.0224945606	-0.1135120521	0.0625736696	0.0247838047	0.0099260256	-0.1339339049	0.126629154	-0.0617964449	-0.0299413708	0.1434800148	0.2145619178	0.0934001252	0.046292248	0.1070994651	0.0779698731	0.0268633756	0.0845484001	-0.1392960445	0.1002230781	0.0415714914	0.0410097816	0.0759387513	-0.0820081734	0.1684955755	0.056333623	-0.1470023666	0.1193147199	0.0710141987	0.0347591818	0.2522515023	0.0319410606	0.1691225525	-0.0976238504	-0.0789144397	-0.0230609375	-0.140258933	0.0521877722	-0.0298931982	-0.0822288249	-0.1329237576	-0.0286255504	0.1102542801	-0.0615807472	0.2280385741	0.0100686012	-0.0743404485	0.0864599099	-0.0073515025	0.037803469	0.0821850273	0.0018819508	-0.1873851457	-0.0925711649	0.1294041125	0.0817300246	0.0148360426	-0.0555468308	-0.1128671336	0.0	0.0270855	0.010678	0.000114019684	0.00073362431025	-0.0176544	-1.3499999999999623e-05	0.00031167783936	1.8224999999998983e-10	-0.0178124	0.0048777	0.00031728159376	2.379195729000002e-05	-0.000408807	-0.0004289038	1.8395846965444001e-07	1.6712316324900004e-07	0.000637166	0.0001943599999999	3.777580959999999e-08	4.05980511556e-07	0.0	0.0	0.0	0.0
5378.728367447946	-6.687660186955327	28930718.850789245	44.72479877618736	11070.762386909571	10.11828002929542	102.37959075123852	122561779.82741173	4893.564029969096	-23.29459084763312	542.6379627586326	23946968.91540738	4921.335696645883	9975.511229905844	1.166669	34.856724	0.063291115	0.0279427	-0.0730876963	0.0125863757	-0.1257732643	-0.084135886	0.033283099	-0.0617781592	-0.107990738	0.029855107	-0.0949525713	0.1224456708	-0.2245293251	-0.0139927562	0.0346474535	-0.1094127537	-0.0432499894	-0.1150101742	0.0034733543	-0.0251621287	0.0935573084	-0.010655344	-0.0382948889	-0.0349678399	0.0801344049	0.1732215331	-0.0358406163	-0.0388580573	0.0079592924	0.0593649092	-0.097252312	-0.1095507947	-0.2085969368	-0.2294595726	0.1221191225	0.0168737152	0.1498682453	-0.0375557944	-0.1372471093	-0.0692819551	-0.0633830487	-0.2073509953	-0.0587420384	0.0345559631	-0.0024034834	-0.1831186346	-0.0471547077	0.0316768493	-0.0576707169	-0.1707468392	-0.0440737983	-0.1178271948	0.0007699557	0.0248099539	0.1039325254	-0.0494691177	-0.0459209452	-0.0023498303	0.0580231819	0.1934161771	-0.0026796692	-0.0318961169	0.0183578101	0.1417625269	0.1146517236	0.1603109791	-0.1657539955	-0.080912551	0.0113324167	-0.2171458157	-0.2023441552	0.1042558275	0.1459382835	-0.0927252764	-0.0625597818	-0.0797261386	0.1370850142	-0.0133870797	-0.1334259046	0.074650007	0.0270430133	0.0036906874	0.0074756839	-0.0455613722	0.0294862688	0.127000127	0.0733235575	0.0	-0.0733235575	-0.127000127	0.0	0.0187114	-0.0083740999999999	7.012555080999998e-05	0.0003501164899599	-0.0341171	-0.0164626999999999	0.0011639765124099	0.0002710204912899	-0.023321	-0.0055086	0.000543869041	3.0344673960000028e-05	-6.61917e-05	0.0003426153	1.1738524379409e-07	4.38134114889e-09	0.000320867	-0.000316299	1.0004505740099998e-07	1.0295563168900001e-07	0.0	0.0	0.0	0.0
5376.521849434201	-2.206518013745153	28906987.19744336	4.868721744981857	11102.706275817169	31.943888907597284	1020.4120385409168	123270086.64706996	4909.49117853367	15.927148564574054	253.67406139801332	24103103.632099923	4935.323884308644	9954.98919591288	1.301073	38.872337	0.1263568365	0.0683897	-0.1180901265	0.1131089232	0.273896026	0.0764193726	-0.2016387831	0.0490774406	-0.0077474451	-0.1084437337	0.1965941295	0.099724156	0.169593896	0.0355145899	-0.1324872322	-0.0540690434	-0.0120719638	0.248641192	-0.0275687093	0.1381051517	-0.0594375938	-0.0274583738	0.1825437661	0.0142626729	0.0241509621	0.0790815561	-0.1745672847	0.0036278568	-0.1220696322	-0.0485954249	-0.085419901	-0.1950494085	0.1993344267	0.1695342023	-0.1655260788	0.0809595518	-0.0023774473	0.2208368614	0.110619362	0.0593010063	-0.1075429012	-0.083629233	-0.1106766725	-0.1409070591	0.0710938958	-0.0682638505	-0.0452964869	-0.2316048198	-0.0607428571	-0.149804606	-0.0173006475	0.2517627656	0.0239391304	-0.14261188	-0.063447598	-0.0076346388	0.1899642443	0.032354001	0.0564462374	0.1135618873	-0.1553977485	0.0006125789	-0.0938864696	-0.0534522062	0.0006812891	0.1457900402	0.2570916243	0.1354256112	-0.0972147315	0.1684316307	0.0904106266	0.1293871201	-0.1769889848	0.0193637485	-0.139433434	-0.1395269198	0.0224785656	0.1228913335	-0.0742272071	0.1180498597	-0.0436942159	-0.1394781044	0.2104871276	-0.0074775075	-0.1501474416	0.124451232	0.0645825318	-0.0148360426	-0.0897635764	-0.1375186448	0.0	0.0025473	-0.0161641	0.00026127812881	6.488737290000001e-06	-0.0428252	-0.0087081	0.00183399775504	7.583100561000005e-05	-0.0744574	-0.0511364	0.00554390441476	0.00261493140496	0.000616134	0.0006823256999999	4.655683608804899e-07	3.796211059559999e-07	-3.77203e-06	-0.00032463903	1.0539049979934093e-07	1.42282103209e-11	0.0	0.0	0.0	0.0
5379.029730414006	2.5078809798051225	28933960.84067777	6.289467008868301	11080.677136721555	-22.029139095613573	485.2829692938904	122781405.8082638	4896.739957830545	-12.751220703125	162.59362941980362	23978062.214614287	4922.613810847356	9959.057972461967	1.359782	40.626389	0.0990325665	0.0560916	0.1273484462	-0.0282717573	-0.0315475095	-0.0223003472	0.043106325	-0.039908696	0.0740160959	0.0567681627	-0.04654797	-0.0415925801	0.1340064672	-0.0657549687	-0.006767045	-0.0394299956	-0.0653054909	-0.1209533133	0.0045955363	0.1184887812	0.1003061914	0.0268549081	0.0202126728	0.1766482715	-0.120713605	0.0432386263	0.0377828159	-0.0091506552	-0.101025017	0.0274048948	-0.0968487941	0.1713177707	0.0455587153	-0.0079912415	0.0506518241	0.1555906356	-0.0688976375	-0.1038863611	-0.1197008911	0.0396215378	-0.0724739001	0.0321968682	0.1232083488	0.2236833997	-0.0125158313	0.0498529458	0.0696611455	-0.0962906855	0.1060092608	0.1809258352	-0.0687777346	-0.134134967	0.0112825107	-0.100053426	0.0967459721	0.0565343684	0.0255360081	0.1217626776	-0.175795816	-0.0387171844	-0.0128499013	-0.045142537	-0.1395997197	0.0829715108	0.0530262741	-0.1450214524	-0.0062407907	-0.0483090713	0.1213829905	0.1277503585	-0.0449491912	0.0883964905	0.154063665	0.0182001113	-0.0376875668	0.14759626	0.013639372	-0.1848872618	0.0923218117	-0.0371585757	-0.1032674893	0.0731942354	0.0058348411	0.24775273	-0.0162869695	0.121760336	0.0555468308	-0.0295198472	-0.1045671817	-0.1441233256	0.0	0.00255361	6.309999999999823e-06	3.981609999999776e-11	6.5209240321e-06	-0.0304591	0.0123661	0.00092775677281	0.00015292042921	-0.0363799	0.0380775	0.00132349712401	0.00144989600625	-3.08801e-05	-0.0006470140999999	4.1862724559880994e-07	9.535805760100003e-10	0.000320867	0.00032463903	1.0539049979934093e-07	1.0295563168900001e-07	0.0	0.0	0.0	0.0
5381.985257184472	2.9555267704663493	28965765.30855101	8.735138490943248	11052.092769789422	-28.58436693213298	817.0660329108174	122148754.59203164	4919.600444409005	22.86048657846004	522.6018466039517	24202468.53262928	4946.2304922250605	9940.765971871077	1.199705	35.843754	0.100416418	0.0639845	-0.0746792025	-0.1079503183	-0.1361119942	0.0627032442	0.1445135231	0.060801409	-0.0147756311	-0.1617216279	-0.1209631506	-0.0616219953	0.0381064045	-0.0086791352	-0.0844239831	0.0515137221	0.1535246677	-0.0115833158	-0.1563646296	-0.0919899943	0.0403599419	-0.1820926279	0.1887574049	0.0661381699	-0.0730449036	0.0159669702	0.0346157078	0.0154758455	-0.0163326855	0.0163148919	-0.0730706878	0.0902365684	0.0649046158	0.0337068511	0.1145036166	-0.0344074676	-0.09944623	0.0130700367	-0.0631876145	-0.0218772067	-0.1888551072	0.012791176	-0.0384578049	0.0574096047	-0.2167206174	0.0408387966	0.1680922098	0.0476325998	0.0138098874	0.1302304479	0.151884926	-0.0013185689	0.1566655797	0.0933731167	0.0274557	-0.1472274045	0.2007052079	0.0084562596	-0.0968873815	-0.0230635677	0.0091741951	-0.0119528561	-0.0374266869	0.0745441276	0.0239729051	-0.0949567184	0.0573495972	0.0549634192	0.1679221326	-0.0319840656	0.0479336642	0.0196112725	0.1000133693	-0.0679186545	-0.1614999473	-0.0122043779	-0.0549853957	-0.0877798846	-0.0165459867	-0.1987723221	-0.1232983324	0.0839597545	-0.0095734906	-0.0201304318	0.1949770107	0.1189305091	0.0462576824	-0.0439007383	-0.1174644996	-0.1466261977	0.0	0.00468994	0.00213633	4.563905868900001e-06	2.19955372036e-05	-0.0331604	-0.0027013	0.00109961212816	7.297021690000001e-06	0.0245681	0.060948	0.0006035915376099	0.003714658704	0.000273563	0.0003044431	9.268560113761001e-08	7.483671496899999e-08	-1.35246e-06	-0.00032221946	1.038253804026916e-07	1.8291480516e-12	6.59532e-05	6.59532e-05	4.3498245902399996e-09	4.3498245902399996e-09
5371.819100113676	-10.166157070796544	28856440.4443461	103.35074958810657	11076.929805290836	24.837035501413997	616.878332498499	122698373.91134048	4914.113438345041	-5.487006063964145	30.1072355459793	24148510.88492332	4939.015166453826	9934.232693376904	1.257343	37.565807	0.068746605	0.0342279	-0.044820625	0.2034208895	-0.0579327911	-0.0129335564	0.0078631397	-0.1507201413	-0.1409415997	0.0706196973	0.0169774319	0.0473858833	0.1301426506	0.027144671	0.2010328903	-0.0112036979	0.0511882155	-0.0767521372	0.2523126505	0.0050257903	0.0770510331	-0.0569747291	0.1168619776	0.1281451265	0.0378419907	0.1094707776	0.0298485795	0.0173331688	-0.02725637	-0.0593063552	-0.0585127066	-0.1661632287	0.0613981663	-0.0460621079	0.0478208431	-0.0047839896	0.1050632819	-0.1135272791	-0.0065628151	-0.1078322993	0.1204430695	-0.0807997249	0.0807456359	-0.2080622731	-0.1295002477	0.0935519179	0.06144311	0.013474024	-0.0844057304	0.0186006369	0.0477514057	-0.0844131067	-0.2486284618	-0.0487489003	0.087033175	-0.06939792	0.1329507198	0.1126899515	-0.0125669751	0.0643772796	0.053434123	0.0252205736	-0.0328890146	0.0184232837	0.0865275128	0.1253426206	0.1171533273	-0.0224633109	-0.0068475581	-0.0412000337	-0.1643906386	-0.117733914	0.019552666	-0.0445884147	0.0653429243	-0.0097853526	0.1172066389	0.2150079234	0.0600819079	-0.1692730023	-0.0924458618	-0.0147455938	-0.0588102555	-0.0638985092	0.0599208772	0.1159649805	0.0367574707	-0.0578311484	-0.1282204088	-0.1449560281	0.0	0.00256293	-0.00212701	4.524171540099999e-06	6.568610184900001e-06	-0.0143785	0.0187818999999999	0.00020674126225	0.0003527597676099	-0.00422836	-0.02879646	1.7879028289599995e-05	0.0008292361085316	-8.087659999999998e-06	-0.00028165066	7.93270942784356e-08	6.541024427559997e-11	-3.06987e-05	-2.934624e-05	8.612018021375998e-10	9.4241018169e-10	0.000135781	6.98278e-05	1.8436479961e-08	4.87592165284e-09
5380.515731485982	8.696631372306001	28949949.536768127	75.63139722577696	11051.86165760961	-25.06814768122604	628.4120281677583	122143646.09894145	4904.407227992081	-9.706210352959715	94.21051941590235	24053210.25798097	4932.779633037861	9987.705852042032	1.307508	39.064602	0.091196743	0.0415366	0.0932601568	-0.1417129447	-0.0483353431	-0.0082032117	0.0786733022	0.0244026806	0.1098146173	0.0100670361	-0.0792578285	0.0504388347	-0.0438693919	-0.1295199431	-0.0996919615	0.0866612699	-0.0182191856	-0.0727974488	-0.039163693	-0.0840541445	-0.2114240677	0.1169815593	-0.0265487249	-0.16729762	0.0967563618	0.0087206746	0.0431802796	0.1908066474	-0.2340835695	0.002215615	0.0524568004	0.1797010749	-0.1041966884	-0.1650334783	-0.0065492812	0.0566004329	-0.1394345935	0.1189842739	-0.0073463786	0.1314615741	-0.099383778	-0.0671848616	-0.2589316249	-0.0331026731	0.0992681374	-0.0025767607	-0.0412047671	0.0888486848	0.0060216142	-0.0219640086	-0.0124147281	-0.0614637946	0.0303644678	0.1017540118	-0.2129643588	0.1026112507	-0.062452337	-0.1558369752	0.1105303973	0.0217893959	0.0371178045	0.1774613186	-0.2561090442	0.0280891197	-0.0273769195	-0.1053207283	-0.1381855385	-0.1369129472	0.0147034146	-0.0507915565	0.1318998379	0.1779392052	0.0533982802	-0.0436057862	-0.0830408414	-0.2792142732	-0.1154288783	0.0051790714	-0.0169023744	0.0943227757	0.0921391848	0.0527663383	-0.0494099086	-0.0364539467	0.0134918524	0.1128671336	0.0270895432	-0.0711681327	-0.1366388261	-0.1391603506	0.0	-0.0209386	-0.02350153	0.0005523219123409	0.00043842496996	-0.0351439	-0.0207653999999999	0.0012350937072099	0.0004312018371599	-0.0251054	-0.02087704	0.00063028110916	0.0004358507991615	0.000320604	0.00032869166	1.080382073535556e-07	1.02786924816e-07	-8.72815e-05	-5.65828e-05	3.20161325584e-09	7.61806024225e-09	0.0	-0.000135781	0.0	1.8436479961e-08
5357.238422321532	-23.277309164449434	28700003.5135981	541.8331219373616	11051.130756457098	-0.7309011525121605	0.5342164947436044	122127490.99631204	4895.463880371412	-8.943347620668646	79.98346666411953	23965566.60402113	4921.247860013522	9951.932855397505	1.173793	35.069569	0.04078865	0.024423	-0.0892386694	0.0356307908	0.0545094625	0.0281914732	-0.0498492961	0.0598573534	-0.0666956803	0.0419615305	0.0572585462	0.1145102731	-0.1788176556	-0.0648206686	0.0332245119	-0.0492063876	-0.1076245343	0.0111872827	0.0546448897	-0.1544386439	0.1010362749	-0.1567778328	-0.031306018	0.0830576914	-0.0212324158	-0.0950374246	-0.1299519183	0.0118378304	0.2499687397	0.1189508702	0.0510004943	0.182483144	-0.0449393684	0.1455061882	0.0209049762	0.0024198974	-0.0724700658	-0.0074794906	0.0703931138	-0.0993491581	-0.1060723916	-0.0810165818	0.0028956556	-0.1498291129	0.2458824583	-0.0884197154	-0.0911285544	0.0243919076	-0.1264335419	-0.0232363563	-0.1119258183	0.019415554	-0.0552472066	0.1230386072	0.0950959234	-0.2128377267	-0.0178998438	0.1032328308	0.0315495781	-0.0491571257	-0.1031314975	0.0044307886	0.2390175576	0.0129368211	-0.0635188438	-0.1876831364	-0.1324778023	0.0799670721	0.1119130262	0.0855566499	0.0840988254	-0.0792713241	-0.0574692035	0.0042839032	-0.1239406524	0.0021892001	0.0366043567	0.1881276297	-0.0201628907	0.2657061195	0.0564618866	-0.1064041638	-0.0804822245	-0.0442462413	0.0232700945	0.1096405033	0.0172980123	-0.0837748356	-0.1425662815	-0.1294041125	0.0	-0.0287149	-0.0077763	6.047084169e-05	0.00082454548201	-0.0428192	-0.0076753	0.00183348388864	5.891023009000005e-05	-0.0462633	-0.0211579	0.00214029292689	0.00044765673241	0.000404187	8.358300000000003e-05	6.986117889000005e-09	1.6336713096900006e-07	-8.72815e-05	0.0	0.0	7.61806024225e-09	0.0	0.0	0.0	0.0
5368.078962956406	10.840540634873832	28816271.752535123	117.51732125635075	11030.458746688668	-20.672009768430144	427.3319878660713	121671020.16240054	4912.040515907104	16.57663553569182	274.7848456831609	24128142.02991293	4938.723658322066	9959.506208125782	1.176625	35.154198	0.0285938499999999	0.0130159	0.1398839551	-0.0564744434	0.1171719209	0.081954167	0.0436205997	0.19371277	0.1879516724	0.038612954	0.1338723574	-0.04315289	-0.0897409064	-0.1089224977	-0.0264071074	0.1359371501	0.0525559222	0.1099825491	-0.0851513351	-0.0311619081	0.0267481047	0.0588077324	0.0028881807	0.0343696464	0.0794036931	-0.1790809305	0.1187383446	-0.1501803808	0.0740667233	-0.0304461764	-0.1227305708	0.0049460129	-0.199154355	-0.1042974862	0.0666649471	0.0309718931	-0.0638564775	0.0291311427	0.0476156119	0.1392556965	0.1179404894	0.11334999	0.0361102663	-0.0243740553	-0.009967552	0.110816262	-0.0735024755	0.1249760968	-0.0803458318	0.0302305647	0.0510198408	0.1095211982	0.077188877	0.0602993457	0.0146448521	0.0809295497	-0.0151746755	0.026899033	0.0551151698	-0.1788912858	0.0983644363	-0.1671363199	0.0571977488	0.0131027384	0.1762665999	0.0237156521	-0.1229406473	-0.1037849039	0.0424239627	-0.0755546664	0.0659013072	0.0956543307	-0.0382453008	0.151537985	0.1442066133	0.0198098776	-0.101289536	0.0428925593	0.0374475079	-0.0836778958	0.0868955593	-0.042807954	-0.2012448138	-0.038570726	-0.1007286972	0.1062887712	0.0074275545	-0.0955218954	-0.1458947161	-0.1159649805	0.0	-0.034917	-0.0062020999999999	3.8466044409999936e-05	0.0012191968889999	-0.0499829	-0.0071636999999999	0.0024982902924099	5.131859768999993e-05	-0.0382271	0.0080362	0.00146131117441	6.458051044000001e-05	0.000548024	0.000143837	2.0689082569000004e-08	3.003303045760001e-07	-8.72815e-05	0.0	0.0	7.61806024225e-09	0.0	0.0	0.0	0.0
5370.129399183494	2.05043622708763	28838289.76397487	4.204288721353355	11072.468071317124	42.00932462845594	1764.783355738995	122599549.19033717	4904.26681504656	-7.773700860544523	60.43042506923065	24051832.993166927	4931.272045898438	9919.262877151428	1.32725	39.654415	0.095641575	0.0425999	-0.1540387787	-0.0905991216	0.0398222654	-0.1579516747	-0.1900220219	-0.0193516684	-0.0993635399	-0.011352951	-0.1023893668	-0.1114909039	-0.0890155194	-0.025683185	0.0315647076	-0.1323766013	-0.0302692418	0.0712756121	0.1395498993	0.0834724883	-0.175535804	-0.0652267917	-0.0867799456	0.1042847827	-0.1853172091	0.044441885	-0.0936349272	-0.0899045348	0.0454644993	-0.1222800478	0.1323502315	-0.0443405865	-0.0290760531	-0.0533449335	0.0027540498	-0.0999775818	0.0365945955	0.0630895765	0.0457439537	0.0801276102	0.1414193374	0.1900076535	0.1195005428	-0.0462639914	-0.0618739577	-0.119193019	0.0395438529	0.0033433045	-0.1031266842	-0.130398063	-0.0330880619	0.0665505239	-0.137234917	-0.0949873426	-0.1819685359	-0.0436671457	-0.0517082787	0.0884739021	-0.2018503542	0.0233294275	-0.0999021335	-0.0508955509	0.0584984014	-0.1582188025	-0.0578350934	0.0474100484	-2.31564e-05	-0.0904464133	-0.0521763704	-0.1010184338	0.0448196156	-0.0318117113	-0.0964773761	0.0456895576	0.1616348076	0.1347822976	-0.0571026242	0.013156437	-0.1259779925	-0.047856156	-0.0966409042	0.0164811417	0.0130819736	-0.1687459099	0.0811146223	0.1028157617	-0.0024767935	-0.1062887712	-0.1465634515	-0.0992254376	0.0	-0.0284965	0.0064204999999999	4.122282024999995e-05	0.00081205051225	-0.0224915	0.0274913999999999	0.00050586757225	0.0007557770739599	-0.0495774	-0.0113503	0.00245791859076	0.00012882931009	-0.000120987	-0.000669011	4.475757181210001e-07	1.4637854169e-08	-0.000234202	-0.0001469205	2.158563332025e-08	5.4850576804000004e-08	0.000191656	0.000191656	3.673202233600001e-08	3.673202233600001e-08
5378.772521661059	8.643122477565157	28931193.839776065	74.70356616219206	11091.871424322018	19.4033530048946	376.4901078325522	123029611.69369136	4913.955280013572	9.688464967011896	93.86635341701682	24146956.49397326	4939.61533985627	9986.081751133614	1.274919	38.090927	0.0387231	0.0221011	0.0836056468	0.1247691615	0.0131740753	-0.0373059349	0.0380323356	-0.0230804845	0.0072803448	0.0994023424	0.0612287205	0.0423480448	-0.0524552325	0.1343112846	0.0741227695	-0.0008902975	0.1169105387	-0.0931809765	-0.0048533339	-0.2594094684	0.1305009722	0.130889461	-0.033292246	0.1972337955	0.0542202555	0.0473799495	-0.1457388238	0.0516796166	-0.0866133476	-0.1808579452	0.0018194173	-0.0139658137	-0.0509031714	0.0725548575	-0.2352951863	0.0748187771	0.1988798704	0.0119942198	-0.1297855689	-0.0355205086	0.0242082282	0.0359140599	-0.0109222485	-0.0134274223	0.0203855767	-0.0377036138	-0.1024932315	0.0619363734	0.0486740427	-0.0070604081	0.1173935198	-0.091980013	-0.0310142381	0.2554112714	0.145478684	0.0470449759	-0.0197298941	0.2373088237	0.0709265669	0.0371068283	-0.0970573719	0.1026598083	-0.0960791825	-0.2019963607	0.0543510974	0.0572658686	-0.0426595168	0.0833209363	-0.2085824821	0.1114628253	-0.128606786	0.0914577111	-0.0218382603	-0.129422462	0.0336338788	0.0448668901	-0.0453303093	-0.004186757	0.0290765679	-0.0141636638	0.0869433456	0.0222917185	0.006476344	0.0607509426	0.1001580399	0.0992254376	-0.0123698405	-0.1159649805	-0.1445602966	-0.0796618981	0.0	-0.0308511	-0.0023545999999999	5.544141159999993e-06	0.00095179037121	-0.0201079	0.0023835999999999	0.00040432764241	5.681548959999998e-06	-0.0495526	2.4799999999998434e-05	0.00245546016676	6.150399999999222e-10	0.000113102	0.000234089	5.479765992099999e-08	1.2792062404e-08	-0.000562205	-0.000328003	1.07585968009e-07	3.16074462025e-07	0.000308766	0.0001171099999999	9.5336442756e-08	1.3714752099999993e-08
5351.332586890434	-27.43993477062486	28636760.455515463	752.9500202161471	11031.653862823838	-60.21756149818066	3626.1547127871695	121697386.9491561	4894.490559525201	-19.464720488370403	378.87534369038656	23956037.83728132	4920.398114013672	9934.067682319008	1.183105	35.347786	0.0605427	0.0363005	-0.0587617129	-0.0015441301	0.0292407782	0.2665379718	0.0414886344	0.1398049396	-0.0742228702	0.002602217	0.0106236622	0.0099694781	0.1775980259	-0.001830314	0.1600393433	-0.0675058129	-0.0423146548	0.0125259219	0.0924897107	0.0544151581	-0.0416272847	0.0220170984	-0.0814497872	0.1735177058	0.1738445407	-0.0369782132	-0.039369192	-0.1029648207	-0.1360483806	0.2526681745	-0.0157664866	0.0475249475	0.1936714021	-0.1198047171	-0.0402789947	-0.1070582836	-0.0981935608	0.0025025636	-0.1123206877	-0.0640280499	0.1058477671	-0.0541177654	0.010379357	-0.035921335	-0.0279386646	-0.1092788977	0.067670561	-0.2310745079	0.0440640788	0.1791374796	-0.0425522284	0.0196905157	-0.0900717406	-0.065893877	-0.0457972821	-0.012174444	-0.0754215918	0.181776434	0.1554521647	-0.0293520355	0.008499382	-0.1455347939	-0.1445632074	0.2289722207	-0.1217070747	-0.0949075772	0.1199902174	-0.0557196924	-0.0838691537	-0.0521856994	0.0901640579	-0.0524701597	0.0966001447	-0.0965798951	0.10139678	0.0232204294	0.1175926555	0.0388661573	-0.0335694535	0.0395393985	-0.1194552778	-0.0402575104	0.1884570238	0.1823250692	0.1100084165	0.0955218954	-0.0222064467	-0.124451232	-0.1399217693	-0.0578311484	0.0	-0.018578	0.0122730999999999	0.0001506289836099	0.000345142084	-0.0135796	0.0065283	0.00018440553616	4.261870089000001e-05	-0.0162787	0.0332739	0.00026499607369	0.00110715242121	0.000254809	0.0001417069999999	2.0080873848999995e-08	6.4927626481e-08	-0.000562205	0.0	0.0	3.16074462025e-07	0.000336407	2.7641000000000012e-05	1.13169669649e-07	7.640248810000007e-10
5364.055649216787	12.723062326353102	28773093.007894527	161.8763149602656	11028.535319536582	-3.1185432872553065	9.725312234485132	121628591.29426588	4904.421631494744	9.931071969543154	98.62619046424577	24053351.53947357	4928.376291597807	9872.902955126856	1.153996	34.478111	0.03292074	0.0153176	0.0409632696	0.2010911743	0.0144722835	0.1002085954	-0.0001320727	0.0827314338	-0.1381836311	0.169944406	0.1851548247	-0.0997504828	0.133125913	-0.0222884778	0.0880194833	0.205262399	-0.0325821991	0.0082137107	-0.1426080474	0.1860757807	0.050224363	-0.0782009507	-0.2569503044	-0.0735626809	0.0728228683	-0.0788482476	0.2722194022	0.0600758517	-0.0135740033	0.0128617576	-0.026304805	-0.129436478	-0.0407697964	0.1403184129	0.076420773	0.1083724344	-0.041672281	0.0126691149	-0.1617389247	0.1871278847	0.0955199183	0.0220269385	0.2015839553	0.1057017491	0.0115952436	-0.0067529805	0.0814989429	-0.0383182505	-0.0240188673	-0.0162708811	-0.0267540811	0.0024224243	0.1632365876	-0.1688583097	0.0524917521	-0.0334270245	-0.2305235586	-0.059454325	-0.0198847846	-0.0934710432	0.2871601532	0.0446370268	0.0230671682	0.0214222619	0.0041090864	0.1475756427	-0.0032511855	0.128311548	0.0469217266	0.1066713771	0.0069632749	0.1695684447	0.1257203168	0.1750056934	0.1808761909	0.1260039213	0.0804879966	-0.0712161829	-0.0139801657	0.0450715925	-0.0993787108	0.0043982071	0.0283110164	-0.0532246412	-0.0835839151	0.091709361	-0.03194173	-0.1316604456	-0.1327324313	-0.0343545006	0.0	-0.00680924	0.01176876	0.0001385037119376	4.6365749377600006e-05	-0.00718417	0.00639543	5.16122985889e-05	4.090152488490001e-05	-0.0115534	0.0047253	0.00013348105156	2.232846009e-05	0.000206452	-4.8356999999999984e-05	2.338399448999998e-09	4.2622428304000006e-08	-0.000562205	0.0	0.0	3.16074462025e-07	0.000184139	-0.000152268	3.3907171320999995e-08	2.3185543824e-08
5379.295177867029	15.239528650242391	28936816.610623475	232.2432334815587	11044.743882102528	16.208562565945613	262.71750045417343	121986367.42124122	4911.078920164586	6.657288669841364	44.3194924335982	24118696.16008495	4936.383990009014	9913.51892685419	1.381816	41.284691	0.048643577	0.0272954	-0.0015755692	-0.1870324438	-0.1202849417	0.0789032393	0.0627693139	-0.0621956338	0.0459334754	-0.0725403806	-0.2696693598	0.0681140647	0.1460284978	-0.0928795086	0.0612118478	0.1199689617	0.130923008	-0.117255646	0.1223810087	-0.0831466679	-0.0897033044	0.1337145077	-0.0818716904	-0.0833581026	-0.0193031921	-0.0091962653	-0.0593466047	0.007965477	-0.0615833981	-0.0359317048	-0.0066481497	-0.2019312	0.0420031476	-0.0094081426	-0.0223991322	-0.0254048533	-0.1334200905	-0.1331696514	0.0016364945	-0.1158263532	0.123560623	0.1467470141	0.0533724155	0.0594553356	-0.000874016	0.0216221964	0.1617452558	-0.0151707858	0.0286693204	-0.0684003989	0.1371071612	-0.1097688305	-0.1282915947	0.0841895518	-0.087251753	0.089069809	-0.0982073554	-0.0696015251	0.0413220624	-0.0152061823	-0.0829567359	0.0190655258	-0.0294272031	0.0118068323	0.0266958021	0.1969836453	0.1023302452	-0.1020754634	-0.0207759887	0.073734901	0.0112056903	-0.2124279264	0.0486975103	-0.0425852779	0.1276341223	0.1423440998	-0.056830613	-0.0452827946	0.0137068596	-0.0035777877	-0.101229867	0.0929915829	0.0315201193	0.0208868951	-0.2161628206	0.0877921846	-0.0415312705	-0.1375186448	-0.123123346	-0.0099001096	0.0	-0.000496393	0.006312847	3.9852037245409e-05	2.46406010449e-07	-0.0141391	-0.00695493	0.00019991414881	4.83710513049e-05	-0.0104054	0.0011479999999999	0.00010827234916	1.3179039999999994e-06	0.000671123	0.000464671	2.1591913824100005e-07	4.5040608112900004e-07	-0.000562205	0.0	0.0	3.16074462025e-07	0.000404024	0.000219885	1.6323539257600004e-07	4.8349413225e-08
5382.753464085321	3.458286218291505	28974034.85512252	11.95974356762496	11084.940190247284	40.19630814475568	1615.7431884681514	122875899.02135947	4903.095487258305	-7.983432906280541	63.73520096908297	24040345.35717276	4929.228261624849	9986.940014553806	1.255812	37.520069	0.033586086	0.023975	-0.0778224454	0.0914824581	-0.0419585279	-0.0483538613	-0.0029405067	-0.002767256	-0.1413966549	-0.0847620809	0.116432059	-0.0616184883	-0.0676853211	-0.1089285214	0.067701982	0.119280447	-0.0586205373	0.0590496375	-0.031439902	0.1077725813	0.0197708132	0.0433319402	-0.1938286661	-0.0998720876	0.0830563134	0.0463371348	-0.1313977238	-0.0689573463	0.0829666956	-0.0981196337	0.0672920671	0.0044092879	0.0634924201	0.1890977163	0.0064817992	0.1163526137	-0.0831085536	-0.1096383531	-0.0099441323	-0.2805238561	0.0040597859	-0.0997474394	-0.0051917117	-0.0580913196	-0.2144846309	-0.0658049226	-0.1990792176	-0.0247473262	0.0733547313	0.0075485798	-0.0577646573	0.0585626181	0.0358979037	-0.108572503	0.0121095134	0.0312616476	-0.2060845359	-0.0295900183	0.1131544287	0.1198333598	-0.045143695	-0.0578868873	0.097647611	-0.1370468158	-0.0203533886	0.0101665167	0.0189034483	0.0711287976	0.1238585375	0.2189039641	-0.0664572535	-0.1404268132	0.0815081881	-0.17239538	-0.0634205492	0.005438167	0.1136513567	0.0742373415	-0.1392791909	-0.1686035388	0.1839384901	-0.13405313	0.063217022	-0.0334164903	0.0143774508	0.0837748356	-0.0509313134	-0.1419657166	-0.1112696897	0.0148360426	0.0	-0.000484027	1.2366000000000035e-05	1.5291795600000091e-10	2.34282136729e-07	-0.020672	-0.0065328999999999	0.000427331584	4.267878241e-05	-0.00620928	0.00419612	3.8555158118400005e-05	1.7607423054400003e-05	0.000284593	-0.00038653	1.4940544090000005e-07	8.099317564899998e-08	-0.000562205	0.0	0.0	3.16074462025e-07	0.00033366	-7.0364e-05	1.113289956e-07	4.951092496000001e-09
5375.412384751099	-7.341079334221831	28895058.306135494	53.891445791338846	11063.181273782664	-21.758916464619688	473.45044571429776	122393979.8965754	4899.898281516855	-3.197205741450489	10.22212455316397	24009003.169211827	4924.952216828175	9992.951934050508	1.074155	32.092686	0.064469653	0.0375719	-0.0664441612	-0.0324337051	-0.0302798973	-0.0319651328	-0.008670577	-0.0625108714	0.0092846981	-0.066042831	-0.1595724695	0.0544098512	0.0198812947	-0.0467955757	0.147253724	0.0910105659	-0.0887846495	-0.0322819391	-0.0041076694	-0.1462661406	-0.0181393076	-0.1328573912	0.2124813945	0.0654394365	-0.0971739685	-0.0963697385	0.1027544439	0.1392323848	0.2012124408	0.0065451073	0.0363939634	-0.1924054565	-0.0690160877	-0.0529540038	-0.0363108704	-0.0256570822	-0.0493805796	-0.0767277404	0.2433559256	-0.1063497618	-0.1523762457	-0.2077915981	-0.1298719423	0.0999683915	0.1243478457	0.0450816299	0.0951651159	0.0319240409	0.0798006834	0.055229564	-0.0916157513	-0.0291924802	0.0051436781	0.1247694482	-0.0019616659	-0.1138636397	0.2365334046	0.0065525137	-0.0841291062	-0.1419867016	0.0418188094	0.1492710025	0.2149118272	0.0475412233	0.0313125645	0.1470095225	-0.0169805338	-0.0966679639	-0.0084490677	-0.0101504847	0.0203774315	-0.194314207	-0.0779981716	0.0316553037	-0.2711737938	-0.1899751225	0.084810776	-0.0776620655	0.0536202037	0.1071251243	0.0127756838	0.1089011564	-0.0597087869	0.0910423272	-0.0850188494	0.0796618981	-0.0600989683	-0.1449560281	-0.0973875576	0.0391499549	0.0	-0.00542486	-0.004940833	2.4411830733889004e-05	2.94291060196e-05	-0.0206757	-3.700000000002313e-06	0.00042748457049	1.3690000000017112e-11	-0.0230617	-0.01685242	0.00053184200689	0.0002840040598564	0.000830084	0.000545491	2.975604310810001e-07	6.89039447056e-07	-0.000415562	0.0001466429999999	2.1504169448999992e-08	1.7269177584400001e-07	0.00049498	0.00016132	2.450052004000001e-07	2.60241424e-08
5352.954949672599	-22.457435078500566	28654126.69322437	504.3363903050677	11009.86899877088	-53.31227501178364	2842.1986669320504	121217215.3700961	4903.900028623384	4.001747106529365	16.013979904616143	24048235.490732428	4930.06961748172	9929.668681362087	1.154109	34.48148	0.0567752899999999	0.0274405	-0.0389525086	-0.156122878	0.0387976759	0.0327524019	-0.0156056528	0.1995592235	0.0333100986	-0.0296209371	-0.0337903411	-0.1419332888	-0.0240594855	0.2251007628	-0.0296610682	0.0819253205	0.0508924505	0.0819489367	-0.0528292093	-0.0816496141	-0.2448750857	-0.0817202139	0.0741400322	0.0120295119	0.08937083	0.04151153	0.0761675592	-0.0771892887	-0.0347071467	-0.1488936798	0.1681417194	0.1101871445	-0.0772652344	0.0012318066	0.0165561641	-0.061717224	-0.0162103387	-0.1066058493	0.0291784043	-0.0631199053	0.0973873347	0.1034119603	-0.0440751928	0.1182547046	-0.0950600303	0.0284386028	-0.1122530142	-0.1460835078	0.0252572271	-0.00563601	0.0509942639	0.0874162929	0.0434867795	0.0728225745	-0.2491838484	-0.045305767	0.1069653979	0.0100228137	0.0206610931	0.0349519427	0.1495296164	-0.0505752743	-0.0333971522	-0.1744383	-0.0459224481	-0.0381545754	-0.1140179248	-0.0776813685	0.042601829	-0.0160473793	-0.0103257726	-0.1607190661	0.0087001974	-0.0661551201	0.0910650024	0.0214482327	-0.0723368691	-0.157521813	0.0363613287	-0.0779940868	0.0400768504	-0.0861374899	0.1650132482	-0.0149496708	0.1516092593	0.0754580649	-0.0689924054	-0.1464588945	-0.0817300246	0.0623496434	0.0	-0.0192618	-0.0138369399999999	0.0001914609085635	0.0003710169392399	-0.0322712	-0.0115954999999999	0.00104143034944	0.0001344556202499	-0.0225022	0.0005595	0.00050634900484	3.130402500000011e-07	0.00104313	0.0002130459999999	4.538859811599997e-08	1.0881201969e-06	-0.000295128	0.0001204339999999	1.4504348356e-08	8.710053638400002e-08	0.000212793	-0.000282187	4.5280860849e-08	7.962950296900004e-08
5363.307624149085	10.352674476486754	28765068.671255708	107.1778688161003	11046.431222569256	36.56222379837527	1336.796209082479	122023642.7549529	4897.1144152252255	-6.785613398158603	46.04454918926954	23981729.595806703	4924.170828012319	9909.139522909332	1.114573	33.300262	0.0306651499999999	0.0205838	0.1162449113	-0.0769568634	0.0277701053	-0.0504428728	-0.0257747355	0.0636179656	0.110290249	0.0461823418	0.0299870721	-0.1968987867	0.0299580228	0.2138379764	0.0298438927	-0.0384137147	-0.1374291596	0.0286493262	-0.0308917818	0.1550533706	-0.035991427	0.1599006209	-0.0133102944	-0.0270700955	-0.2392901615	-0.0876376169	0.1644164013	-0.0434055738	0.0262524747	-0.0283495763	0.1114841864	-0.0242500438	0.0830763997	-0.2080862987	-0.1349192751	-0.054803226	-0.0944435636	0.109805065	-0.1064380776	-0.039468168	-0.0022441952	0.054549921	-0.0242439908	-0.0114283585	0.2152607807	0.1242256552	-0.037096169	0.1183603377	0.0354958484	0.0398547192	-0.1321554144	0.0208529679	0.055913806	-0.1171666679	-0.0196659283	0.2110513779	-0.0501418361	-0.1033584256	-0.2270928353	-0.171832122	0.0232514257	-0.0319823501	0.0398158008	0.0124873358	-0.0721395636	0.0083391531	0.0810295068	-0.210146716	-0.1276358103	-0.0534633026	0.1227381747	0.0376155523	0.0102055425	-0.167060435	0.0114580103	0.0237100838	-0.0755827869	0.0051795441	0.1863804432	0.1493285249	0.079175111	0.0371185124	-0.086736637	0.0414082954	0.0161251785	0.0711681327	-0.0775710461	-0.1464588945	-0.0645825318	0.0837748356	0.0	-0.0190489	0.0002128999999999	4.532640999999936e-08	0.00036286059121	-0.050548	-0.0182768	0.002555100304	0.00033404141824	-0.0164385	0.0060636999999999	0.00027022428225	3.676845768999998e-05	0.000978838	-6.429199999999986e-05	4.1334612639999825e-09	9.581238302440002e-07	-0.000237615	5.751300000000003e-05	3.3077451690000036e-09	5.6460888225e-08	0.000212363	-4.299999999999942e-07	4.5098043769e-08	1.84899999999995e-13
5367.735455660771	4.427831511685326	28812583.921957742	19.60569189587356	11063.077051763425	16.645829194168982	277.0836295614484	122391673.85325453	4899.970157501677	2.855742276451565	8.155263949512767	24009707.54440701	4924.385765036558	9887.020402197151	1.075554	32.134464	0.0612318	0.0356378	0.0704178777	0.0621668478	-0.0268778149	-0.0667110394	-0.0174056094	-0.0819949608	0.0268436114	0.0402328248	0.0270515834	-0.0413365984	0.0448217086	0.2978828774	0.0231792093	-0.0668020605	-0.0207220886	-0.0829968771	-0.0438844432	-0.102857813	0.0142832355	0.0402639646	0.1389502089	-0.1589557537	-0.0849601446	-0.1032426522	-0.1229059078	-0.0429512666	0.1191459545	-0.060965418	0.0453826728	0.0391051678	0.0679203656	0.0051113007	0.0802824641	0.0115838098	0.2522981379	0.0697135631	-0.0749452784	0.2110932275	0.0288883805	0.1164223741	-0.0001639331	0.0351886975	0.0950588569	-0.1185468457	-0.0593764247	0.0057732913	-0.1038306219	0.0679140147	-0.018101066	-0.0852788368	0.0301819563	0.1051758033	0.0274680252	0.0368417731	0.105924018	-0.1520490601	0.0236631543	-0.0468956818	-0.1585011451	-0.0185877081	0.1384164661	-0.1406431385	-0.0531871898	-0.0885509799	0.0552037333	0.0607777664	-0.0362196938	-0.0835655821	-0.1524101386	0.1685593336	-0.0521292149	0.1462511833	0.1289039929	0.0303821186	-0.1028571988	-0.0448051091	-0.0743245363	0.1282062413	-0.0403519595	-0.0703639845	-0.0828251226	0.1135775737	0.1172506505	0.0667969964	-0.0857957478	-0.1449560281	-0.0462576824	0.1028157617	0.0	-0.0165376	0.0025113	6.306627690000005e-06	0.00027349221376	-0.0158233	0.0347247	0.0002503768228899	0.00120580479009	-0.0217837	-0.0053451999999999	0.00047452958569	2.8571163039999976e-05	0.000823137	-0.000155701	2.4242801401000022e-08	6.775545207690001e-07	-0.000299809	-6.219400000000001e-05	3.868093636000001e-09	8.9885436481e-08	0.00036748	0.000155117	1.350415504e-07	2.4061283689e-08
5379.531210069124	11.795754408353789	28939356.04010778	139.1398220621978	11061.839916711566	-1.237135051858786	1.5305031365376411	122364302.34295334	4905.238673908181	5.2685164065042045	27.757265125603976	24061366.44800449	4929.766377766927	9879.247522346586	1.09378	32.679016	0.00953485	0.00601918	-0.0568010695	0.1096387911	-0.0875482994	-0.0510158069	0.0229712362	-0.0989401224	0.0189675841	-0.1361817438	-0.0176264371	0.0977674471	-0.1014434207	0.0967015563	0.1158780405	-0.123523384	-0.0850119554	-0.0934406518	-0.0626493836	0.0938861211	0.0859909266	-0.0792367421	0.1531692835	-0.1570538098	0.1048828407	0.0428106879	-0.0602763707	0.0127721904	-0.2404687689	-0.0593274472	0.0888142716	0.0337780141	-0.1477837106	-0.0413589529	0.0782742002	-0.0150298768	-0.1132088132	0.0267065836	0.0968091922	0.1056879831	-0.1497062338	-0.1503924158	-0.0257470172	-0.1522668666	-0.1497621343	0.0235169481	0.150581569	-0.0298212679	-0.1332653898	0.0952965959	-0.0844452528	-0.0942790967	0.0791674384	-0.0992303673	0.0539427927	-0.0734270208	0.1366402231	-0.1457621827	0.1008592337	0.0869000218	-0.0137331445	-0.0083228693	-0.248571775	-0.1166453609	-0.0134341785	0.0327964039	-0.1647754406	-0.0431866024	0.0880610967	-0.0591571354	0.1080412054	0.0318842747	0.036230781	0.1107484841	-0.1582109113	-0.1457990017	0.0733897767	0.1583520374	-0.072705189	-0.0970901821	-0.1973758153	-0.0508009238	-0.0380942367	-0.0250822788	0.002604769	0.0623496434	-0.0936289832	-0.1419657166	-0.0270895432	0.1189305091	0.0	-0.0165125	2.510000000000012e-05	6.300100000000062e-10	0.00027266265625	-0.0160931	-0.0002698	0.00025898786761	7.279204000000032e-08	-0.016436	0.0053477	0.0002701420959999	2.8597895290000004e-05	0.000823137	0.0	0.0	6.775545207690001e-07	-0.000271176	2.8633000000000026e-05	8.198486890000013e-10	7.3536422976e-08	0.000416692	4.9211999999999975e-05	1.7363222286399998e-07	2.4218209439999976e-09
5395.885227747657	16.354017678532728	29115577.391025387	267.453894229761	11125.02047476933	63.18055805776385	3991.782916490468	123766080.5640368	4918.45330131496	13.214627406779073	174.6263774999966	24191182.87721603	4945.159035237631	9993.648646323263	1.22192	36.507484	0.0283335	0.0157202	-0.0943975109	-0.110077014	0.0418514533	-0.178261199	-0.0932789695	-0.1371715858	0.0930964989	-0.2780864184	-0.0913695481	-0.0986856609	0.0356056983	0.1021547749	-0.1886883578	-0.0002049332	0.1483629445	0.1349756509	0.0810497686	0.0973985326	0.1194783639	-0.2098188269	-0.1189749107	-0.1834049711	0.0258331062	0.1405724524	0.0144800627	-0.1814592689	0.1065126939	-0.1366526431	-0.1005799686	0.11680815	0.097395816	-0.1660015603	-0.0218936482	0.1060566123	0.0292922635	0.1201875737	0.2019117543	0.0173860784	0.017058033	-0.0683427817	0.003475659	-0.058344112	0.107414484	0.0210763718	0.0633998166	0.0768893146	0.2099118007	0.0515297084	0.1467816488	0.1458051027	-0.0569826138	-0.1207322979	0.087674504	-0.1979970078	-0.1140853006	-0.1759183149	-0.0550341932	0.1722233807	0.0739884627	-0.180464698	0.0467553295	-0.0913563844	0.1428182494	-0.174303031	0.1145063208	-0.1757469694	-0.0237869553	-0.0132193508	-0.0329998772	0.0855577926	-0.1866096346	0.0364665297	-0.0618419589	-0.061644443	0.0443228811	0.0601210449	0.0496893822	0.0357471437	0.1147654641	0.2149476106	-0.0015708409	0.0615210248	-0.0540228331	0.0578311484	-0.101035011	-0.1375186448	-0.0074275545	0.1316604456	0.0	-0.0215959	-0.0050834	2.584095556000002e-05	0.00046638289681	-0.0116556	0.0044374999999999	0.00013585301136	1.9691406249999988e-05	-0.0198165	-0.0033805	0.00039269367225	1.142778025000001e-05	0.000823137	0.0	0.0	6.775545207690001e-07	-0.000562205	-0.000291029	8.4697878841e-08	3.16074462025e-07	0.000399079	-1.7612999999999982e-05	1.59264048241e-07	3.1021776899999937e-10
5370.564255118039	-25.320972629618154	28842960.418351576	641.1516549098717	11075.317130463698	-49.70334430563162	2470.422435164163	122662649.54034264	4894.331957229485	-24.12134408547536	581.839240489897	23954485.307557803	4920.57736331255	9979.50570103742	1.309021	39.109783	0.0597128	0.0326665	0.1586663532	-0.0955761788	0.0661363453	-0.1613127626	-0.0758637889	-0.0771281143	0.1372278673	0.1546001103	-0.0443061356	-0.1060447384	-0.0004129188	0.035352507	-0.0365585879	-0.1238598169	-0.046558221	0.0916220541	-0.0018289067	0.0362439364	-0.0190645063	0.0982379239	0.2230167875	-0.0601639284	-0.0141838762	0.0917045426	0.0958041861	0.1320737418	0.0209855825	0.0619599481	-0.0232522478	0.0104008728	0.0555287399	0.2802322663	0.0031938433	-0.1487857363	-0.1395868083	0.0716680823	0.061856048	-0.1099369788	0.0378815824	0.0460340955	0.1184614674	-0.0580558882	0.1369744446	0.0273564243	0.0196659533	0.1400073581	-0.1514302011	0.0518886542	-0.0485513046	0.0761942108	-0.0083803612	-0.0228178549	-0.0013642084	0.1598097462	0.2039638656	-0.0977998313	-0.0300686942	0.0600154405	0.0633673265	0.1132057253	0.0049138553	0.0742692925	-0.008557186	-0.0149612241	0.0632063402	0.1889966155	0.1248534962	0.0906510443	0.2345053903	-0.1332976658	-0.111342899	-0.0266868155	0.0158145635	0.1194590483	0.0550518096	0.0737696825	0.062367364	0.0686412003	-0.0007794574	-0.0199082556	-0.2053622727	-0.0535350245	0.0959357518	0.0532466671	-0.1079800393	-0.1316604456	0.0123698405	0.1406432718	0.0	-0.0203653	0.0012306	1.5143763600000043e-06	0.0004147454440899	-0.0153674	-0.0037117999999999	0.0002361569827599	1.3777459239999997e-05	-0.0387769	-0.0189604	0.00150364797361	0.00035949676816	0.000350695	-0.000472442	2.2320144336400005e-07	1.22986983025e-07	-0.000324513	0.0002376919999999	5.6497486863999986e-08	1.0530868716900001e-07	0.000393013	-6.065999999999992e-06	1.54459218169e-07	3.679635599999991e-11
5361.982912690476	-8.581342427562959	28750860.75598464	73.63943785909213	11034.425898058662	-40.891232405036135	1672.0928876026774	121758554.89974771	4896.995095584946	2.663138355461342	7.092305900329342	23980560.966183014	4921.019983536158	9855.743937737385	1.390771	41.552258	0.0464843	0.026072	-0.087969264	0.1485424656	0.0383808692	0.0892695962	-0.0464835386	0.0033582648	-0.0756425275	0.0097701034	0.0812074101	0.2446351013	-0.0695640131	0.0919431245	-0.0821059096	-0.0566123248	-0.1177907211	0.095288338	0.0327842679	-0.0432798257	0.0133320817	0.0973188192	0.1101545434	-0.1669742416	0.163149749	-0.0582745787	-0.0132456983	-0.0496893767	0.129731369	0.0802046102	-0.0336578762	0.0032242155	-0.1011654848	0.0697299275	-0.0539134223	-0.070637478	0.1784468928	-0.0350658447	-0.0121443637	0.0296527899	0.0731974507	-0.0891305109	-0.0669637668	0.185071413	-0.0264655754	0.0108652172	-0.0761803689	-0.0392340469	-0.0182634279	0.0888961375	-0.123652987	0.0874143435	-0.038525281	0.0326208558	0.0281722208	0.0829496952	0.0885695552	-0.123147272	0.2267147401	0.0170886024	0.0183778424	-0.0362638059	0.1514858289	0.0298705124	0.0336002472	-0.0023239586	-0.1160464968	0.137568622	-0.0942833619	-0.0535725389	-0.0873329798	-0.0368652883	-0.0423363683	0.0327371161	0.0708453526	-0.0619177765	0.0549091189	-0.1755147525	0.028538485	-0.0015459681	0.0119772853	-0.0917370448	-0.0097583225	0.1741288823	-0.0953179219	0.0486014302	-0.1144323794	-0.124451232	0.03194173	0.145623333	0.0	-0.0164981	0.0038671999999999	1.4955235839999985e-05	0.00027218730361	0.0053262	0.0206936	2.836840644e-05	0.00042822508096	-0.0409492	-0.0021722999999999	0.0016768369806399	4.718887289999979e-06	0.000535878	0.000185183	3.4292743489000024e-08	2.871652308840001e-07	-0.000207478	0.000117035	1.3697191225000002e-08	4.3047120484000006e-08	0.000300207	-9.280600000000002e-05	9.0124242849e-08	8.612953636000003e-09
5385.34101694686	23.35810425638374	29001897.86881024	545.6010344520922	11084.51570876549	50.08981070682785	2508.989136645845	122866488.49786893	4918.442980377256	21.447884792310106	460.0117620642071	24191081.35122231	4945.693664863782	9959.878356430998	1.29032	38.551067	0.057692652	0.0340557	0.0602948145	-0.1257960955	0.063156932	-0.0489989456	0.0040228986	-0.1000645764	0.2120451071	-0.2176151719	-0.0328789961	0.0362398559	0.0833955651	-0.0453006257	-0.083428044	-0.0135870029	0.1700987533	0.0468100892	-0.0375469911	-0.0480621112	-0.0346717221	0.0330354797	-0.1057100247	-0.1700889485	-0.0445113418	-0.1711320447	0.2447860586	-0.1606606314	-0.1216564336	0.1000609894	-0.0320331419	-0.0684855651	0.0463850258	0.009252378	0.0746342205	-0.0333561607	0.1034675081	0.0180656022	-0.1487838489	-0.0635293413	-0.0992786373	-0.0380387214	-0.1210917029	-0.0700648035	-0.2234765553	-0.0575314804	0.1016591783	-0.0541687982	0.010663448	-0.1923218824	0.1751806749	0.0569656914	0.0383474327	0.0784960837	-0.0588818638	0.0599313934	-0.1289333603	-0.21111968	-0.0369597945	-0.1895829074	0.1431961375	-0.1817214319	-0.0622402256	0.1173194285	-0.0373036557	0.0853921834	0.0396129189	0.1570575602	-0.0299343869	-0.1030453872	-0.0915770053	0.0555880931	0.0901262742	-0.1386683381	-0.0607813864	-0.1027491229	-0.0512463822	0.0445475461	-0.1243590477	-0.1346999061	-0.1322741106	0.0052260423	0.0986211535	-0.102075154	-0.0846666047	0.0439007383	-0.1203625908	-0.1159649805	0.0509313134	0.1464588945	0.0	-0.00848977	0.00800833	6.413334938890002e-05	7.20761946529e-05	-0.000295922	-0.0056221219999999	8.756983008400002e-08	3.1608255782883995e-05	-0.0122156	0.0287335999999999	0.00014922088336	0.0008256197689599	0.000442168	-9.371000000000004e-05	8.781564100000009e-09	1.95512540224e-07	-0.000395359	-0.000187881	3.5299270161e-08	1.56308738881e-07	0.000325188	2.498100000000004e-05	1.0574723534400003e-07	6.240503610000019e-10
5358.030832820105	-27.310184126754397	28708494.40545091	745.8461570372276	11057.528121562387	-26.98758720310252	728.329863045063	122268928.15914302	4899.013841677425	-19.429138699831128	377.4914306172756	24000336.620947003	4924.119751915565	9940.050370308094	1.283966	38.361229	0.048622718	0.0232542	0.029848017	0.1017880548	-0.006306184	-0.0241851255	0.0162377624	-0.0540994982	-0.0828305027	0.0768164514	0.0492404991	-0.0205674994	-0.0758309958	-0.1418974445	-0.0366804372	-0.1214144692	-0.0636734398	0.019984388	0.2499296673	0.036091704	0.0565002316	-0.0181159122	0.0915654748	0.15143768	-0.029111818	-0.0017738736	0.06522478	-0.0276685392	-0.0285353856	0.0933633948	-0.1536425636	0.0668852464	-0.1340670138	-0.0197059697	0.0238640444	0.1737313797	0.0598380296	-0.1102557872	0.2658569576	0.1136692943	-0.0083860064	0.1092208588	0.066183695	0.0025964562	-0.0907601476	-0.0509475008	-0.1147456413	0.0224591559	0.0462000587	-0.030689993	-0.0695138525	0.0064369635	-0.2485084425	-0.0673292648	0.0664071543	-0.0172868565	0.1022287687	0.1094694045	-0.0705461642	-0.0491552391	0.0376800251	-0.0407631479	-0.0626257309	0.1314288351	0.1107534168	-0.0636433745	-0.1428502786	-0.0562022991	0.0231879631	0.0858754577	-0.1508217867	-0.0179784477	-0.123644295	0.2624335935	-0.0460320451	0.0425529211	-0.0584190732	-0.0050949067	-0.0746854197	-0.1047004067	0.1356376458	0.0164053671	0.0735000406	-0.0378062512	0.020947173	0.0391499549	-0.1257436153	-0.1062887712	0.0689924054	0.1431261759	0.0	-0.0186077	-0.01011793	0.0001023725074849	0.00034624649929	-0.0156947	-0.0153987779999999	0.0002463236080899	0.0002371223638932	0.00196586	0.01418146	3.864605539599999e-06	0.0002011138077316	0.000481149	3.8981e-05	1.5195183609999996e-09	2.31504360201e-07	-0.000338086	5.7273000000000046e-05	3.280196529000005e-09	1.1430214339600002e-07	0.000407425	8.223699999999998e-05	1.65995130625e-07	6.762924168999997e-09
5354.69418994922	-3.3366428708850435	28672749.867875937	11.133185647827986	10962.603969319662	-94.92415224272554	9010.594679000136	120178685.7881432	4891.95442528312	-7.059416394305117	49.83535982818386	23931218.099047106	4918.014155774239	9865.295617275717	1.216258	36.338299	0.03952909	0.0239362	-0.0433971192	-0.1365141723	-0.0953183542	0.1311213711	0.0968694544	0.135854874	-0.0366660983	-0.0342291394	-0.1267322614	0.0582825899	0.1385483152	-0.1727335577	-0.0787583961	-0.0356312495	-0.058810446	-0.0698674347	-0.2929773119	-0.1825644334	0.0692230082	0.0495255043	-0.0252518632	-0.0168099149	-0.0750474213	0.0695911557	-0.109142541	-0.0933362196	0.0952140408	0.1132187691	-0.1604406526	-0.1577630811	0.0388185163	-0.1541680726	0.1141015226	0.005174272	-0.0809982108	0.0374519436	-0.0437700294	0.0197343344	-0.0012553924	0.0712402336	0.0874086925	0.0808169311	-0.0433267817	-0.0396666307	-0.0762988107	-0.0416784527	-0.0333171581	0.003937956	-0.0600393658	-0.0587868312	0.2696003436	0.2237447098	0.0623868176	0.0152838141	-0.035305316	0.0104285875	-0.0233163881	0.0911401859	-0.1545943324	-0.1040411749	0.0932183412	0.183336609	0.0859361834	0.1030212594	0.1113678611	-0.1116355767	0.0383204451	-0.1015729086	0.0045766096	0.0611680002	0.0533888822	0.048369139	0.0368113448	0.0922959669	-0.0015974421	-0.0651850471	-0.0533387092	-0.01974057	0.0194599406	-0.0731117691	0.0455387454	-0.0051844084	0.0483564075	0.0343545006	-0.1305509005	-0.0955218954	0.0857957478	0.1357200277	0.0	-0.0165129	0.0020948	4.388187040000004e-06	0.00027267586641	-0.0239006	-0.0082059	0.00057123868036	6.733679481000004e-05	0.0217508	0.01978494	0.00047309730064	0.0003914438508036	0.000350695	-0.000130454	1.7018246116000004e-08	1.22986983025e-07	-0.000300373	3.771299999999998e-05	1.4222703689999987e-09	9.0223939129e-08	0.000428127	2.0701999999999996e-05	1.83292728129e-07	4.285728039999997e-10
5354.086910356311	-0.6072795929094355	28666246.64364879	0.3687885039642496	11026.16504993658	63.56108061691885	4040.010969190456	121576315.70844296	4906.144428161343	14.190002878222913	201.3561816839745	24070253.149978597	4931.933190917969	9871.97124282676	1.044421	31.2043	0.067123365	0.0316187	-0.0447033278	0.0368034038	-0.0580047621	0.0784722046	0.0200681864	0.0453023758	-0.1439170471	0.0827846912	0.0715003801	-0.0212723468	0.0601946545	-0.1262170032	-0.0574532098	-0.0901600104	0.0378592267	-0.0634554477	0.2028593678	0.0748465205	0.0622315456	-0.0963482375	-0.2752359131	0.1329536198	-0.1046623835	-0.1850364945	-0.0366849691	0.1310892893	-0.0091667163	0.099106406	-0.0122129256	0.0745840146	-0.0542105746	0.0393591502	-0.0857684262	-0.2178259093	0.0457614982	0.0956008184	-0.0509589936	-0.0509383861	-0.0220544811	0.0142439654	-0.0934231344	0.0055652344	0.1142356778	-0.1231411208	-0.0009169156	-0.1623083105	-0.1288380645	-0.0660748373	0.0411904606	-0.055563513	-0.1775058444	-0.1116014572	0.0334125773	-0.157470475	-0.2664406189	0.130403303	-0.0627059418	-0.2030631732	-0.0806056741	0.1174655009	-0.001126042	0.0593262723	-0.0300344965	-0.058590422	-0.078656714	0.1562658291	-0.0908253037	-0.1262318978	0.1188985455	-0.032998598	-0.0520391448	-0.1018762903	-0.0002615588	-0.0146396034	-0.0197609182	-0.0292875841	-0.063369736	0.173259929	-0.0487030542	-0.1165286275	0.0839598023	-0.0771853808	0.1247880759	0.0295198472	-0.1347625119	-0.0837748356	0.101035011	0.124451232	0.0	-0.0032162	0.0132967	0.00017680223089	1.0343942439999998e-05	-0.00707549	0.01682511	5.00625587401e-05	0.0002830843265121	0.0262643	0.0045135	0.00068981345449	2.037168225e-05	-9.16901e-05	-0.0004423851	1.9570457670201e-07	8.40707443801e-09	-0.000435638	-0.000135265	1.8296620225000012e-08	1.8978046704400002e-07	0.000500238	7.211099999999997e-05	2.50238056644e-07	5.199996320999996e-09
5374.98609760006	20.89918724374911	28890475.54939392	436.7760274492856	11042.23928047268	16.074230536100004	258.38088732768983	121931048.32721382	4906.242017538732	0.0975893773893403	0.009523686579239	24071210.734662533	4930.702258770282	9938.497091682846	1.173133	35.049847	0.0733446549999999	0.0404093	0.1650377306	0.0788580693	-0.0209567311	0.0301374319	0.1013368725	-0.0698767451	0.0722246418	0.1363048754	0.0603964019	0.1501625794	-0.0425213706	-0.1979888624	-0.060320154	0.0093332078	0.0473364321	-0.1052342948	-0.0385019548	0.0449981645	0.0536905183	0.0830207986	0.0545947066	0.0283388951	-0.0781804507	-0.0693908588	-0.0674511685	0.1798527878	0.0202335661	0.0777069418	-0.0270614333	-0.1239843186	-0.0037567835	0.036680514	0.1091263222	0.0353094004	-0.0914295419	0.0558076291	-0.0399449432	0.0658237175	0.0204785133	0.0976804125	-0.0843514378	-0.2793828984	-0.0013023564	0.148233866	-0.0648833331	0.0134558327	0.3662715821	-0.170583398	0.0487113684	-0.1059465187	0.0437479452	-0.0328657999	0.0825975533	0.0719686251	0.0261532985	0.0251043779	0.0112381712	-0.0778283976	-0.1220067649	0.1579619757	0.0415114288	0.1087375891	-0.0726923442	0.0976044607	0.0856431203	0.0230824722	0.129023226	-0.0124527038	0.0564779055	0.0815982719	-0.0001673842	0.0205822043	0.0426173913	-0.0896301108	-0.1840364958	0.2263156168	0.1760513492	-0.1323398344	0.215164565	0.2238174017	0.2207779712	-0.1069205789	0.0959213902	0.0246515112	-0.1383592329	-0.0711681327	0.1144323794	0.1096405033	0.0	-0.00350264	-0.00028644	8.204787360000014e-08	1.22684869696e-05	-0.0176316	-0.01055611	0.00031087331856	0.0001114314583321	0.01678	-0.0094843	0.0002815683999999	8.995194649000002e-05	0.00056393	0.0006556201	4.2983771552401e-07	3.1801704490000004e-07	-0.000492782	-5.7143999999999967e-05	3.2654367359999963e-09	2.42834099524e-07	0.000152646	-0.000347592	2.3300801315999995e-08	1.20820198464e-07
5373.033661961659	-1.952435638400857	28869490.73257312	3.812004922097762	11080.58609324488	38.34681277219897	1470.4780497860822	122779388.16981182	4898.235763758285	-8.006253780446968	64.10009959692137	23992713.597360715	4924.433688589243	9966.614103736929	1.353124	40.427467	0.166697255	0.105163	-0.0845678377	-0.0043052121	0.2020306708	-0.2064460682	-0.2328226182	0.000989769	0.064083573	-0.099288198	0.0410935647	-0.0829637331	-0.2044124341	-0.0272315135	0.2136503457	-0.1303835353	-0.1291250837	0.2899415209	0.0797588707	-0.0841017804	-0.1641902636	0.1088204884	-0.109928067	0.0915723938	-0.1021844078	0.0676653032	-0.197619989	0.1436951701	-0.137749519	0.0092979993	0.0498897579	0.0570818693	-0.0398760331	-0.0629159224	0.0532315151	0.1038730445	0.0354635818	-0.1620183471	-0.0469566701	-0.0685606371	-0.1418459883	0.0056235745	0.0662542105	0.0476158624	0.0567228651	0.049919996	-0.07423962	0.0064260283	-0.1421274207	0.1241198031	-0.1366196044	0.2792490874	-0.1173402986	0.0783666423	-0.1644452018	0.0840348099	-0.1037772935	0.118880141	-0.0628008328	0.0779775584	-0.193172001	0.1636148059	-0.1298632738	-0.0236369996	-0.0717724447	-0.0255023515	-0.0847456283	-0.0559927774	0.0380714656	0.0173608097	-0.1577008367	-0.0199133904	0.1153823972	0.0044053122	-0.1264801202	0.0999774642	-0.0144110749	0.0097322747	0.0439422529	0.0495446995	-0.0211258331	-0.1417677744	-0.1476630165	0.1115201112	-0.0477255078	0.0197550473	-0.1413246524	-0.0578311484	0.1257436153	0.091709361	0.0	-0.00890044	-0.0053978	2.9136244840000013e-05	7.921783219360001e-05	-0.0177756	-0.0001439999999999	0.0003159719553599	2.0735999999999508e-08	-0.0608872	-0.0776672	0.00370725112384	0.00603219395584	0.00157451	0.00101058	1.0212719364000002e-06	2.4790817401e-06	1.37571e-05	0.0005065391	2.5658185982881e-07	1.8925780041000003e-10	0.0	-0.000152646	0.0	2.3300801315999995e-08
5354.457422032414	-18.57623992924528	28670214.284358	345.0766899088865	11024.40267355031	-56.18341969456924	3156.5766485761105	121537454.30858324	4902.265895826133	4.030132067847262	16.24196448429085	24032210.91338	4927.526196602064	9891.439155478094	1.245523	37.212658	0.136709135	0.0765929999999999	0.0343882971	0.0151057729	0.0172654146	0.0020592175	0.0377600619	-0.0580381637	0.0029033934	0.0978135895	-0.0677953821	0.1217553862	0.1634074243	-0.0354659467	-0.035444681	0.1704449433	0.0343748216	-0.0520912356	-0.1506204776	-0.0760820935	0.0295671055	0.0285712063	0.1112118566	0.1467125959	0.0566042902	0.0165116483	0.0953616627	0.0307854014	0.0981363344	-0.1415089568	-0.1205976555	0.1778308261	0.0880112444	-0.0434098062	-0.2450366605	0.133028343	0.0056000617	-0.0776494883	0.0578616306	0.2056290743	0.0454426544	-0.002461942	0.071450766	0.0049762769	0.026462014	-0.0412464095	0.0734401023	-0.2614202167	0.1261323255	-0.0645099917	0.0300168709	-0.0543193943	0.1277586683	0.0974342842	0.0461261275	0.0480793088	0.1419405057	0.1343786806	-0.0227721316	-0.0114158599	0.1030581009	0.0439575474	0.0128210122	-0.0777343179	0.1872625117	-0.2279395005	0.0339293486	-0.0769961512	-0.188053032	0.1892907324	-0.0121976306	0.0674822193	0.0319756869	0.1650898648	0.0223912743	0.0388994701	0.0249076357	-0.0328404686	-0.0190762569	0.0634636285	-0.0614810604	0.0381662375	0.2703719376	-0.0047004315	-0.1157369603	0.0148360426	-0.14364524	-0.0439007383	0.1347625119	0.0711681327	0.0	0.00200578	0.01090622	0.0001189456346884	4.0231534084e-06	0.00458082	0.02235642	2.0983911872400003e-05	0.0004998095152164	-0.0223949	0.0384923	0.00050153154601	0.00148165715929	0.000422054	-0.001152456	1.3281548319360002e-06	1.7812957891599998e-07	1.5935e-05	2.1778999999999982e-06	4.743248409999992e-12	2.53924225e-10	0.00014445	0.00014445	2.08658025e-08	2.08658025e-08
5364.69822754398	10.240805511565668	28779987.072613515	104.87409752571376	11030.29124987372	5.888576323410234	34.67533111662759	121667325.05704077	4905.230245417717	2.964349591584323	8.787368501126144	24061283.760560755	4930.519142972506	9888.068313327232	1.190933	35.581669	0.0986685	0.0581454	0.0877148724	0.0060651058	-0.030097178	0.1571879288	0.077134341	-0.0105734444	0.0317696844	-0.0740608429	0.0963441591	0.0116615442	0.1441455353	-0.1725712383	0.0401150289	-0.1845694231	0.0097220134	-0.0271224301	0.0140673221	0.0840994876	0.0295282563	-0.0219299966	-0.0381013371	0.255852752	0.0006458363	-0.0353621458	-0.0197421316	-0.0448721447	-0.089112865	-0.1166038956	0.2136541928	-0.0025279789	-0.0747439168	0.195777558	0.054699155	0.1527637821	-0.1082777639	0.0444530376	-0.0857628119	0.0020340413	-0.2606711054	-0.0177656765	0.0947924084	0.0325668168	0.0042822818	0.0272420001	0.0609489267	0.2067805224	0.1122632473	0.0478267077	0.0122297823	-0.0453263043	-0.0039059228	-0.0786054185	0.0378929786	0.0088921665	-0.010882045	0.2386330664	-0.0589275362	-0.0818500871	0.0431327188	-0.0513611622	-0.0546894212	-0.1828156291	-0.1771799448	0.0932422255	-0.0707817915	0.0408447944	0.1991222129	0.1525333217	0.0672045156	0.1509820914	0.0766045124	-0.0470384232	-0.21413873	0.099378698	-0.0292846897	0.0003875193	0.0043139118	-0.0424764346	0.0190519015	0.1772046393	-0.146073887	0.1026680867	-0.1272055762	0.0099001096	-0.1453104072	-0.0295198472	0.1413246524	0.0486014302	0.0	0.0103858	0.00838002	7.02247352004e-05	0.00010786484164	-0.00605161	-0.01063243	3.66219835921e-05	0.0001130485677049	0.0335289	0.0559237999999999	0.00112418713521	0.0031274714064399	0.000598013	0.000175959	3.0961569681e-08	3.57619548169e-07	-0.000138301	-0.0001542359999999	2.3788743695999998e-08	1.9127166601e-08	0.0	-0.00014445	0.0	2.08658025e-08
5350.819003998695	-13.87922354528473	28631264.013553586	192.63284621998605	10991.186986603134	-39.10426327058667	1529.1434059353537	120806191.37447408	4905.220884999441	-0.0093604182757189	8.761743029641396e-05	24061191.930634703	4931.786809363732	9900.534372231708	1.375033	41.082043	0.0473407399999999	0.0250069	-0.2133566862	0.0868451206	-0.102201807	0.1116791554	0.051612389	0.069869622	-0.3530420797	0.0984409293	-0.0816043061	-0.011516392	0.1460307189	-0.1200293224	-0.0426797708	0.0618939959	0.2074878452	-0.0441026495	0.0286453741	-0.0030446883	-0.1501896952	-0.1099891985	-0.090704452	0.1568614331	0.0813363534	0.0772885346	0.0169725507	0.0448447629	-0.1612138711	0.0224000358	-0.2133870538	0.1112965993	0.2450992095	-0.164873418	0.0359985752	-0.1094406719	0.036461368	-0.0369174475	0.1146281691	-0.1153961806	0.0932704809	-0.1580387227	-0.1437073056	0.1637613148	0.0223537623	-0.0020240076	0.0238076557	0.1759597826	-0.2203697141	-0.0851082071	0.2032489585	-0.0268915941	-0.0383709279	-0.011704629	-0.1816944701	-0.1347381485	-0.0575844974	0.169891875	0.0035176813	0.0752041944	0.0330540359	0.0085350875	-0.2141853519	0.1366142186	0.155015135	-0.1730855241	0.2020828904	-0.0190873421	-0.0395506195	-0.1156408315	-0.0587561256	-0.1272166865	0.0134216109	-0.0650872818	0.0011303666	-0.1826066833	0.1703222418	-0.1535501757	-0.0481201117	0.0693395437	0.0073427759	-0.0664431883	-0.2361568972	-0.1602665522	-0.0389125672	0.0049528805	-0.1463125564	-0.0148360426	0.1453104072	0.0246515112	0.0	0.0225629	0.0121771	0.00014828176441	0.00050908445641	-0.00569617	0.0003554399999999	3.2446352668900004e-05	1.2633759359999958e-07	0.048514	0.0149851	0.002353608196	0.00022455322201	0.000498897	-9.9116e-05	9.823981456000002e-09	2.48898216609e-07	-0.000234884	-9.658300000000002e-05	9.328275889000004e-09	5.5170493456000014e-08	0.000200763	0.000200763	4.0305782169e-08	4.0305782169e-08
5337.893691118567	-12.925312880127422	28493109.057683405	167.0637130491878	10935.989692775682	-55.197293827452086	3046.74124587408	119595870.56049596	4887.45224278983	-17.768642209611244	315.7246459731783	23887189.42555134	4913.347858761518	9804.705724844349	1.440276	43.031322	0.07665753	0.0362205	0.1216291486	-0.0263706632	-0.0393738019	0.2283018688	0.1535174665	0.2157933878	0.0544517146	0.1595132115	0.1306107286	0.0227000666	-0.0278755786	-0.0045665563	-0.0023371106	-0.2479947059	-0.155923728	-0.1094257213	0.0727355206	-0.0054393924	0.0571301171	-0.0377659269	-0.0079224238	0.0087970448	0.3126212277	0.0815906071	0.091452345	0.076258478	-0.181954293	0.1201125251	0.197065317	-0.1259910861	0.0007815768	0.1838899738	0.0802841509	0.0423296331	0.1384766976	0.0027401902	-0.1036808153	0.0147465068	0.1205756066	0.0342853292	-0.11878975	0.1042407759	0.0589288112	0.1545968688	-0.1461726854	-0.0983340084	0.0816879398	-0.0454740732	-0.147126487	-0.1140237516	-0.0606765699	-0.0145119007	0.0688529706	-0.0513003593	0.0005536536	0.0245487159	0.2470012615	0.0794673289	0.2347600688	0.0686558648	-0.1528763536	0.0380330563	-0.2735230348	0.1708306276	-0.003203715	0.1463926557	0.0604223749	0.0366760902	-0.1045045499	0.0262098689	-0.0282226345	-0.0392428076	0.1367760358	-0.0737297732	-0.0682472462	-0.1277253977	0.1566656236	0.0012625554	0.1001486323	-0.1001168533	0.0787930486	-0.0189663971	0.0343665854	0.0	-0.146647115	-0.0	0.146647115	0.0	0.0	0.0225478	-1.510000000000053e-05	2.28010000000016e-10	0.0005084032848399	-0.0176637	-0.01196753	0.00031200629769	0.0001432217743009	0.0335362	-0.0149778	0.00112467671044	0.0002243344928399	0.0008361329999999	0.0003372359999999	1.1372811969593257e-07	6.991183936888328e-07	1.5935e-05	0.000250819	6.2910170761e-08	2.53924225e-10	-0.000205124	-0.0004058869999999	4.2075855376e-08	1.6474425676899997e-07
5378.029103384884	40.13541226631696	28923197.036854822	1610.851317787226	11099.746646223395	163.7569534477134	26816.33980247657	123204375.61034752	4913.313035933942	25.860793144111994	668.7806220425499	24140644.98907841	4938.170561179137	9917.622881259842	1.375786	41.104546	0.0959158	0.061715	-0.0262762867	0.1686230626	-0.0248252287	-0.1024118142	-0.041004999	-0.1922840247	-0.1343730825	0.042994228	0.05271109	-0.0296773685	-0.129647872	0.0418131076	-0.1836980817	0.2096851884	0.232862275	-0.0156801552	-0.0622884454	0.0634346104	0.0965927925	0.0304990221	-0.0692335263	0.0172231074	0.1666947067	-0.0438239688	-0.1611349232	-0.071131363	0.1260378045	-0.0511323598	0.0521428541	-0.0070860688	0.0821097224	0.1168712048	-0.0230071854	-0.0199671305	-0.1734762314	-0.1526114375	-0.1215644626	0.1050576531	0.0007907661	-0.1027149219	0.060201733	0.141735507	0.1247680526	-0.0919767015	0.1530007044	0.1503511753	-0.1097085658	-0.1182325642	0.2310252007	-0.0071864991	0.0678279044	-0.062247413	0.1007485133	-0.0060645513	-0.0695836504	0.0897743304	0.202694657	0.0388645414	-0.0735579421	-0.0752743268	0.1182485384	-0.1081742193	-0.0140581324	-0.0143251475	0.0450914829	0.0323375032	0.0428745985	0.122849964	0.1104368055	-0.0716949767	0.2418211129	0.0752213231	0.0334806675	0.002863661	0.093238761	-0.120575874	-0.0388413144	0.1655664361	-0.119818588	0.1425160896	-0.1252975878	-0.1350628055	-0.0015221438	-0.0049528805	-0.1463125564	0.0148360426	0.1453104072	-0.0246515112	0.0	0.0109053	-0.0116425	0.00013554780625	0.00011892556809	-0.017658	5.700000000000843e-06	0.000311804964	3.2490000000009605e-11	0.031464	-0.0020722	0.000989983296	4.294012840000013e-06	0.000974899	0.000138766	1.9256002756027752e-08	9.50428060201e-07	0.000912049	0.0008961139999999	8.030203009959999e-07	8.318333784009999e-07	-0.0008141519999999	-0.0006090279999999	6.628434791038371e-07	3.709151047838782e-07
5352.610306598861	-25.41879678602345	28650437.09430835	646.115230049156	10975.414710244366	-124.33193597902935	15458.430304293455	120459728.06184842	4891.637613508712	-21.675422425229957	469.8239373121616	23928118.541893207	4917.349948511368	9945.980085491035	1.292975	38.630379	0.0788257999999999	0.0380576	-0.0186354665	-0.1547021252	-0.0159659944	0.0341942345	0.0459001231	0.1377862113	0.0748009714	0.0704150279	-0.1055639157	0.0396221717	-0.1929000112	0.011387626	-0.0406253698	0.023737626	-0.0402291814	-0.1674222735	0.1222017987	0.0691045188	-0.0625008614	0.0912950697	0.1280775496	0.0765081542	0.0107781164	0.1693095175	0.0342993314	-0.163817412	0.1567006963	0.0870037435	0.0047269422	-0.0935991702	0.005211722	0.0002196534	-0.0649464437	-0.0952928788	0.0581834981	0.1420715065	0.0301757896	0.1394670994	-0.0660142613	-0.0930993113	-0.0083440007	-0.1171434444	-0.0302551873	0.2323691833	-0.0768638783	0.054249641	-0.1781952863	0.0103315179	-0.0385967422	-0.1768056687	-0.1271227873	-0.0692571879	-0.037584878	0.108396274	0.137908682	0.0817347896	-0.0295041085	0.1555725975	0.027766328	-0.142928857	0.1514974991	0.0741185752	-0.0190076123	0.0477514844	0.0357597365	0.0155572013	-0.1379519282	-0.0728353389	0.1199297978	0.0862875847	-0.1059707465	0.0810470131	-0.0598715025	-0.1027891046	0.0025818535	0.1054711729	0.1410793497	-0.078436048	-0.0800112351	-0.1836525547	-0.1595526042	-0.0428720874	-0.1175938587	-0.0099001096	-0.1453104072	0.0295198472	0.1413246524	-0.0486014302	0.0	0.0120123	0.001107	1.2254490000000009e-06	0.00014429535129	-0.039666	-0.022008	0.0015733915559999	0.000484352064	0.0066351	-0.0248289	4.402455201e-05	0.00061647427521	0.00111642	0.0001415209999999	2.0028193440999982e-08	1.2463936163999998e-06	0.000585063	-0.0003269859999999	1.0691984419599997e-07	3.422987139690001e-07	-0.000665021	0.0001491309999998	4.42252930441e-07	2.2240055160970165e-08
5359.094918634387	6.48461203552597	28719898.346932907	42.05019325128826	11023.478487983792	48.06377773942586	2310.1267305849287	121517077.97504142	4891.6391987549305	0.0015852462183829	2.513005572897485e-06	23928134.05079578	4917.219187105619	9826.574821080145	1.15785	34.593254	0.0820216099999999	0.0444242	-0.1454205319	0.0044788566	0.0158642532	-0.0611421696	-0.116028751	0.0388408578	-0.1361969343	-9.22643e-05	0.0400136634	-0.02891934	-0.0779779416	0.0896367138	-0.2455535082	0.1704893026	-0.1394154871	-0.0316036841	-0.2358629546	0.0670034945	0.0400043322	-0.1837305699	0.1362458958	-0.020294555	0.0021965296	0.0368777794	-0.232990619	0.0275607555	-0.0694344148	-0.0947293138	0.1897325441	0.1276742938	0.0669069957	-0.1964275775	-0.0698770681	0.0298404317	0.0575046738	-0.2253431847	-0.0925406335	-0.0752305363	0.1269339656	0.2818372881	-0.1039075781	-0.1830753789	-0.1532745614	0.0092270503	0.0955704084	0.0778531824	-0.016725157	-0.0671755813	-0.1367515429	-0.0101657786	0.2465280124	-0.0660016572	0.014244007	-0.1825046408	0.1463146296	-0.0223106666	0.0353971642	0.0785635896	-0.1706031129	0.0539310998	-0.1072058035	-0.1781954595	-0.1365130535	-0.1405197689	0.0074696393	-0.1715634208	-0.1070469854	-0.0217540366	-0.1631257641	-0.1336230445	0.1381911529	-0.1092991125	0.1650891409	0.064699877	-0.2553907275	0.1434607484	-0.0943356523	-0.1594650454	-0.0290837147	0.0253651162	-0.0456286756	-0.1176015347	-0.1224730185	-0.0148360426	-0.14364524	0.0439007383	0.1347625119	-0.0711681327	0.0	0.00615109	-0.00586121	3.435378266410001e-05	3.783590818809999e-05	-0.00478665	0.03487935	2.29120182225e-05	0.0012165690564225	0.0132011	0.006566	0.00017426904121	4.311235600000001e-05	0.00132709	0.00021067	4.4381848900000026e-08	1.7611678681e-06	0.000919562	0.0003344989999999	1.1188958100099997e-07	8.455942718439999e-07	-0.0008141529999999	-0.0001491319999999	6.628451074088371e-07	2.224035342397017e-08
5373.377718468571	14.282799834184516	28873188.10533451	203.99837110338123	11071.165735424524	47.68724744073188	2274.073568473589	122570710.74123804	4903.569627571975	11.93042881704423	142.33513175855938	24044995.092446357	4928.157658660106	9958.688864505652	1.224298	36.578514	0.0699938399999999	0.0499751	0.1135447026	0.0647801295	0.1592942989	-0.1268445927	-0.104189624	-0.1270831044	0.1494232345	0.0785091996	0.0425496292	0.0720143364	-0.0857943128	0.1099802678	0.0648466896	-0.003271506	0.0228859743	0.0383373604	0.0860778113	-0.1192083114	0.1292389941	0.0095994136	0.0113090664	-0.1641853804	-0.2079058064	0.2612713336	0.0968532669	0.0532666998	-0.0125425565	0.0879616424	-0.0654977952	0.1291194286	0.0920033517	-0.0399180908	-0.1120010357	-0.0587128721	0.0695840523	0.1982926642	0.0033855163	-0.0436632488	-0.0329828132	0.0441614871	0.072237219	0.0533698255	-0.1339254248	-0.0462468146	0.1578721299	-0.0064241023	-0.0172913445	0.0650067146	0.0189886286	0.0323211549	-0.1045954158	0.1188568426	0.1473480009	0.0233785938	0.0012652204	-0.1918133098	-0.2330620382	0.2037107844	0.0181579167	0.0682835861	-0.0353352465	0.1243912694	0.0242574044	-0.1500898262	0.0420447224	0.0421468561	-0.113469308	-0.0221211584	0.0406573226	0.0758572498	-0.13535667	-0.1379011798	-0.0302709508	0.069029942	0.0519207098	-0.0811661266	-0.0738432606	-0.1037761505	-0.1613502247	0.0783288309	0.0135968398	-0.0287621364	0.1737500621	-0.0197550473	-0.1413246524	0.0578311484	0.1257436153	-0.091709361	0.0	0.00688669	0.0007356	5.411073600000004e-07	4.74264991561e-05	-0.00869629	-0.00390964	7.562545976410001e-05	1.5285284929600005e-05	-0.0358726	-0.0490737	0.00128684343076	0.0024082280316899	0.00129859	-2.849999999999988e-05	8.12249999999993e-10	1.6863359881000002e-06	0.000765591	-0.0001539709999999	2.3707068840999982e-08	5.86129579281e-07	-0.000671126	0.0001430269999999	4.50410107876e-07	2.0456722728971404e-08
5357.163003122743	-16.214715345828154	28699195.44202709	262.916993746235	11004.375646095714	-66.7900893288097	4460.916032550379	121096283.36038446	4899.803608007685	-3.7660195642893086	14.182903358609837	24008075.39704513	4924.562650396885	9916.899890120636	1.150977	34.387901	0.1171436	0.0644493	-0.0528723794	0.0716585743	0.0937452874	0.0611585455	-0.0678152043	0.1489535568	-0.028312946	-0.0248105828	0.0659794827	-0.0939251941	-0.126833103	0.1660682005	0.1954918247	0.1708188458	0.1202159977	0.0928340023	-0.0375850505	0.0721612106	-0.0580935271	0.0162377812	-0.1280073272	-0.1367505036	-0.0515776291	0.1747110149	-0.0954046159	0.1309398133	0.0300938436	0.044378256	0.1170542838	-0.0568666918	-0.1771048165	-0.1209495262	-0.0135614659	0.0102262688	0.0548511124	0.030205712	-0.0918364892	-0.0310513257	-0.1132903829	-0.0345620952	0.2199002338	0.0263158512	0.0758616999	-0.0660564766	-0.026457544	-0.0502430767	0.0157933468	0.0819272307	0.1258649555	0.0859064266	0.0373338972	-0.0616213852	-0.036324318	0.0274486009	-0.1177682052	-0.0881458444	-0.0387309283	0.1943018275	-0.049981222	0.1584796066	0.0677719728	-0.0099414733	-0.1067047035	0.1096520194	-0.1620517317	-0.0778618109	-0.0414288762	-0.0824341173	-0.0145648966	0.1274078882	0.0455775333	-0.0086453897	-0.068333645	0.2151664852	0.1096956877	0.033584033	0.0086255479	0.109030465	-0.0062595018	-0.0252783327	0.0143685627	0.0781279901	-0.0555545887	-0.0246515112	-0.1383592329	0.0711681327	0.1144323794	-0.1096405033	0.0	0.0225656	0.01567891	0.0002458282187881	0.00050920630336	0.0165136	0.02520989	0.00027269898496	0.0006355385538121	0.0202271	0.0560997	0.00040913557441	0.00314717634009	0.0013955	9.690999999999996e-05	9.391548099999994e-09	1.94742025e-06	0.0007113	-5.429100000000004e-05	2.947512681000004e-09	5.0594769e-07	-0.000923027	-0.000251901	8.519788427289999e-07	6.345411380100002e-08
5356.746220814938	-0.4167823078050787	28694730.07421512	0.1737074920993274	11018.275934328978	13.900288233264291	193.2180129678257	121402404.56501313	4881.216896469126	-18.58671153855903	345.4658458176034	23826278.39037569	4907.641354291867	9905.054078776846	1.156841	34.563095	0.07504023	0.0332053	0.0288128373	-0.0669711946	-0.079151444	-0.0914653663	0.0121879039	-0.0380748129	0.0532930118	0.0380824067	-0.1347062782	-0.0019293719	-0.0353813012	0.0965850858	0.0395070782	0.2533560528	-0.2116660701	-0.0515855608	-0.1455709345	0.0013366059	-0.0515043457	-0.0514782625	0.0034096618	-0.1360235656	0.0021135873	0.021138041	0.1157620493	-0.0867218936	-0.0771655317	-0.0393460416	-0.2105242116	-0.0257598669	-0.1050332225	0.1034606617	-0.0444852956	-0.0841551242	0.0487391245	-0.0336131331	-0.0404312252	0.0535492602	0.1797923021	-0.1892796474	0.0682578041	-0.137799291	-0.0361373147	-0.282609113	-0.0656591809	0.0246776325	0.0614393619	0.156369511	-0.2120862375	-0.0514017878	0.154408447	0.0180554155	-0.0642002201	-0.0259934523	0.0030699987	-0.1321195943	-0.0415674313	0.0305136795	0.0851763632	-0.0819655662	-0.0529481373	0.0058751131	0.214460023	0.0680957523	-0.0692110968	0.1856940047	-0.0757416706	-0.0101537182	0.0164179671	0.014297451	0.0366506652	0.0580854768	0.1592452418	-0.0408004875	0.2074629685	0.1677626393	-0.1502698678	0.0016012725	0.088976985	0.0970080877	0.0358563194	0.1653147596	0.2142880893	-0.0295198472	-0.1347625119	0.0837748356	0.101035011	-0.124451232	0.0	0.0411047	0.0185391	0.00034369822881	0.00168959636209	0.00310632	-0.01340728	9.6492239424e-06	0.0001797551569984	0.0100112	-0.0102159	0.0001002241254399	0.00010436461281	0.0011984	-0.0001970999999999	3.8848409999999997e-08	1.4361625600000005e-06	0.000612784	-9.8516e-05	9.705402255999996e-09	3.75504230656e-07	-0.00128497	-0.000361943	1.6511479009e-06	1.310027352490001e-07
5369.854894868226	13.108674053288269	28835341.59194025	171.83733543535308	11003.129115102483	-15.1468192264947	229.42613268010948	121068850.32361595	4916.19647776716	34.979581298033736	1223.5711077857516	24168987.80801023	4942.471969369742	9885.753046450409	1.088606	32.524418	0.06302943	0.0371662	-0.0437150353	-0.0943035458	-0.0470738527	0.0827871262	0.0575888692	0.038402322	0.0202199977	-0.1639323531	-0.0371814348	-0.0263386249	-0.0003479803	0.1669435508	-0.0140356087	0.152199451	0.2103749104	0.0847851211	-0.0051224045	-0.1445650013	0.0575339034	-0.102990207	0.0194792361	-0.0735029692	-0.1306956232	-0.0910335119	-0.0636462702	0.004412227	-0.0330371216	-0.0124161678	-0.0939310868	-0.0184867992	-0.2199250763	0.0616881592	0.0629333253	0.0279322799	-0.0088021618	0.1299300484	-0.0122105353	-0.2561245894	-0.1065585535	-0.0550455473	0.0403637665	4.6224e-06	-0.043702269	0.2077511343	-0.074115539	-0.1352387749	4.72572e-05	-0.1623194723	0.2078184462	0.101392889	0.0193247258	0.1288089161	0.0409964446	-0.135984683	0.0086775164	-0.1014917703	-0.0550171168	-0.096388694	-0.1194851517	-0.0055164189	0.0180724196	0.0274940897	0.1077608206	0.1239317565	-0.173650396	0.0473545699	0.1527751625	-0.0159840375	-0.005741801	0.0321198469	-0.11647341	-0.204727229	-0.1370539811	0.061941307	0.0637606334	0.0021450426	0.1965110104	-0.0734202984	0.0215046268	-0.1374249383	0.1524246531	-0.0728672585	-0.1029848266	-0.0343545006	-0.1305509005	0.0955218954	0.0857957478	-0.1357200277	0.0	0.0418761	0.0007713999999999	5.950579599999977e-07	0.00175360775121	0.0165901	0.01348378	0.00027523141801	0.0001818123230884	0.0429561	0.0329449	0.0018452265272099	0.00108536643601	0.00135359	0.0001551899999999	2.4083936099999977e-08	1.8322058881e-06	0.000487917	-0.000124867	1.5591767689000005e-08	2.38062998889e-07	-0.00124844	3.653000000000011e-05	1.5586024335999998e-06	1.334440900000008e-09
5370.0603288455495	0.2054339773230822	28837547.93544077	0.0422031190387806	11059.532114313935	56.40299921145197	3181.298320047052	122313250.58754128	4903.004393895881	-13.192083871279465	174.0310768668718	24039452.086562317	4927.288515374599	9909.864116377195	1.213862	36.26672	0.0536720099999999	0.0245904	-0.0110697182	0.1735718859	0.0189775892	-0.1132657335	-0.0181295126	-0.1392180189	-0.050091406	-0.0128827242	0.1131447676	-0.0121585708	0.0480496445	-0.0224152407	0.2177337082	0.1472094311	0.0189948636	0.0459822893	0.0231847109	0.2223844557	0.0170829629	0.0792394167	-0.0556467414	0.1259849725	0.0361875013	-0.0689522556	0.1198420805	0.1180669049	0.2013378239	-0.1178168077	0.0230717984	0.1341691609	-0.0931390675	-0.0386203686	-0.0203878617	-0.0847548283	0.1405935781	0.0442039588	0.1971744465	-0.1324046475	0.1161801064	0.1072276408	-0.0200975987	0.017756888	-0.163088024	-0.043151928	0.0232327886	0.0659208655	0.0085048573	0.1254477322	0.0163674859	0.0299137881	-0.0048650421	-0.2211929662	0.0395020735	0.1014081272	-0.0417167	0.1337337072	-0.022424861	-0.0875242967	0.1299690688	0.1422025016	0.1516009522	-0.0905756298	0.1105966868	-0.138852121	-0.0914183905	-0.024898397	-0.0300920138	-0.1167572245	-0.0546317792	-0.1215557636	-0.2110049406	-0.051816554	0.0624754269	0.0440242045	-0.0168502965	-0.0361247774	-0.1478777141	-0.1609093247	0.0357426361	0.0194778536	-0.0755926152	0.0568639217	-0.0221412902	-0.0391499549	-0.1257436153	0.1062887712	0.0689924054	-0.1431261759	0.0	0.0339095	-0.0079665999999999	6.346671555999996e-05	0.00114985419025	0.00261984	-0.01397026	6.8635616256e-06	0.0001951681644676	0.0276296	-0.0153264999999999	0.00076339479616	0.0002349016022499	0.00117336	-0.0001802299999999	3.2482852899999995e-08	1.3767736896e-06	0.000434904	-5.3012999999999975e-05	2.8103781689999964e-09	1.89141489216e-07	-0.00115351	9.493e-05	1.3305853201e-06	9.011704900000003e-09
5362.894648451766	-7.165680393783077	28760639.010392595	51.3469755058472	10995.138850841304	-64.39326347263159	4146.49238065575	120893078.34927982	4894.163649827688	-8.84074406819309	78.15875567929129	23952837.83129467	4921.259318972857	9960.078928438572	1.357051	40.544811	0.0767194999999999	0.034835	0.1887121254	-0.112764771	-0.0368671892	0.054897801	0.1559426992	0.0455399206	0.1933040488	-0.0044475443	0.0167346647	-0.0490670231	-0.0425032447	-0.0806359614	-0.0145295614	0.1248600539	-0.0114735424	-0.1335148941	-0.0204506586	-0.059901368	-0.0595390246	-0.0989377744	0.0213969596	0.063885371	0.0329273375	0.0260518891	-0.1644100408	0.0640841652	0.0813264162	-0.2047996128	-0.0029828103	-0.2361234713	0.0921116624	0.0568007157	0.227260676	-0.0915691618	-0.05265997	0.088726326	0.0143814708	0.1805694468	0.0208899757	0.057313289	-0.0886739324	0.1027069155	-0.0363665522	0.1034618302	0.0116130294	-0.0020876164	0.0411981855	0.0662066616	-0.0046792865	-0.1294239695	0.0206000666	0.0549008096	-0.0668920155	-0.1064137298	0.0355944296	0.0707722531	0.0410964409	0.0528653128	-0.0800139986	0.0567184261	0.0775857178	-0.168670114	0.0050581527	0.1906519257	0.2485133854	-0.0210859304	0.2070173931	-0.1150995846	0.0990803922	0.0616983989	-0.0208344411	0.163985075	0.0488240674	-0.06545909	-0.1014481912	-0.1425267779	0.1107471814	-0.0820411997	-0.0079052088	-0.0071365782	-0.0019265364	0.0602592305	0.0746660403	-0.0439007383	-0.1203625908	0.1159649805	0.0509313134	-0.1464588945	0.0	0.0205605	-0.013349	0.000178195801	0.00042273416025	-0.00413836	-0.0067582	1.7126023489599997e-05	4.567326724e-05	0.0550257	0.0273960999999999	0.00302782766049	0.0007505462952099	0.00137467	0.0002013099999999	4.0525716099999966e-08	1.8897176089e-06	0.00047856	4.365599999999999e-05	1.9058463359999992e-09	2.290196736e-07	-0.0008141519999999	0.000339358	6.628434791038371e-07	1.1516385216406785e-07
5363.013957388294	0.1193089365278865	28761918.707141653	0.0142346223354152	11033.592608502267	38.45375766096368	1478.6914782481224	121740165.85039587	4884.032043576163	-10.131606251524316	102.64944523592663	23853769.002678752	4909.458043651091	9859.090799766407	1.303265	38.937824	0.03778435	0.0256677	-0.0926162213	-0.0180803798	-0.1694837381	-0.1144724046	0.0838900242	-0.0709019547	-0.0937311215	-0.1087366679	0.030108628	-0.0862809586	-0.1026744933	-0.0968208917	0.0657681824	-0.1125113531	-0.1204918509	-0.1264223051	-0.0191375636	0.1980315131	0.000827967	0.0875240538	0.0307209498	-0.1123423954	-0.06809914	-0.161171739	0.0419928351	0.173277091	0.0116275543	0.0453189845	-0.0786032522	-0.0680761617	0.0786382515	0.0086208669	-0.1331576961	0.0104987655	-0.0878063238	-0.1228987256	0.0169262269	-0.2248541095	0.0413897339	-0.0641910929	-0.0947228448	-0.1304962859	0.0725022844	-0.1457740517	0.0436164493	-0.1030081847	0.1249582843	0.0133137866	-0.1150134405	-0.1117137223	0.0607582105	-0.1936121875	-0.010501941	0.0755882479	-0.0182086926	-0.1431819725	0.026457515	-0.1893136095	-0.0766357109	0.164266	0.011717751	0.1295532988	0.0889879295	0.0271634204	0.0775334862	-0.0205038469	-0.0786896772	0.1321729393	-0.0117291238	-0.2232909313	0.0294363066	-0.1640100331	-0.012169129	-0.0565822935	0.0093228557	0.1479101885	-0.0749457997	0.1060970322	0.006154533	0.088871626	0.1331610422	0.1561122807	-0.0428862988	-0.0486014302	-0.1144323794	0.124451232	0.03194173	-0.145623333	0.0	0.0205744	1.3900000000000716e-05	1.9321000000001995e-10	0.0004233059353599	-0.00414951	-1.115000000000057e-05	1.7218433240100005e-05	1.2432250000001268e-10	0.0596976	0.0046719	0.00356380344576	2.1826649610000063e-05	0.00108032	-0.0002943499999999	8.664192249999993e-08	1.1670913024e-06	0.000111162	-0.000367398	1.3498129040400004e-07	1.2356990244e-08	-0.0008141519999999	0.0	6.628434791038371e-07	0.0
5382.516577199791	19.502619811496515	28971484.70383055	380.3521795117764	11072.422874713766	38.83026621149838	1507.789574055833	122598548.31648466	4917.688795200167	33.656751624003846	1132.7769298798855	24183663.08643727	4943.388928379157	9950.751679733336	1.170701	34.977192	0.04774915	0.030906	-0.0318812779	0.1365826405	-0.1326668701	0.0290022571	0.1713756105	-0.1268296941	-0.0340284981	-0.2246026556	0.0996248894	0.0593824484	0.0682439967	0.05362485	0.0302990087	-0.0947340098	0.2436432337	0.0295315681	0.1195864812	-0.0251068102	-0.120875502	0.0551446879	-0.0043807022	-0.0306335887	-0.0721932405	-0.1586595184	0.0076565797	-0.2200593895	0.1616390892	0.0480335239	-0.0074845424	0.0373734245	-0.1749919529	0.1304787329	-0.0344945565	0.0704659924	-0.1995924335	-0.0755051107	-0.133084975	0.0597310883	0.0432381526	-0.041186182	-0.182318054	-0.024364957	-0.0261515301	0.1410617446	0.0999365672	-0.0463431205	-0.0396209359	0.1488495632	0.2419521005	0.0362649473	-0.1133346248	0.0122742784	-0.1025780441	0.0530194877	-0.0199252811	-0.0333619808	0.0003990364	-0.1308013196	-0.0499774919	-0.2085066133	0.2153648387	0.0113192379	0.0324265577	0.0011057858	-0.2104804287	0.0287445048	0.0368554582	0.1695617246	0.1079477171	-0.0041793918	0.1596871605	-0.0095884421	0.0465349278	-0.1844687515	-0.0779544308	-0.0048134787	0.1348560375	-0.0651053947	-0.0967611241	-0.022737391	-0.0132758639	0.0217343455	0.1783935941	-0.0532466671	-0.1079800393	0.1316604456	0.0123698405	-0.1406432718	0.0	0.0141926	-0.0063818	4.072737124e-05	0.00020142989476	-0.00412846	2.105000000000076e-05	1.7044181971599998e-05	4.4310250000003176e-10	0.0889524	0.0292547999999999	0.00791252946576	0.0008558433230399	0.00132215	0.0002418299999999	5.8481748899999975e-08	1.7480806225e-06	0.000111162	0.0	0.0	1.2356990244e-08	-0.0008141519999999	0.0	6.628434791038371e-07	0.0
5354.3633249215845	-28.15325227820631	28669206.615265325	792.6056138403287	10980.941696763311	-91.48117795045437	8368.805919202698	120581080.54771511	4892.817437454253	-24.871357745913883	618.5844361252305	23939662.476256404	4918.057802796975	9924.600525712156	1.224033	36.570614	0.04362546	0.0256895	0.0900580967	0.019338872	-0.1881501459	-0.036159639	0.1772595767	0.033814544	-0.0581840992	0.0910561701	-0.0553642579	-0.2851624496	0.0169222388	-0.0811079845	0.1598515363	-0.1440406971	0.0631219675	-0.1069676639	0.0401296961	0.04580214	-0.1876573221	-0.0361134457	0.1031204101	0.0404956369	-0.0985663386	-0.1069468153	0.1203044078	-0.0516217392	-0.0399917777	-0.1402225862	0.0377113449	0.0383935167	0.0276452554	-0.0952310909	0.1510007643	-0.0235846652	-0.0640692031	0.0624199323	0.0455707009	-0.0654149373	0.0737286671	-0.1023427177	0.1445048887	0.045046553	0.188533516	-0.2105242863	-0.1442955684	-0.0285887051	0.1949536832	0.0336071722	0.0683690026	-0.1227860855	-0.0395666221	-0.0493743738	-0.1956122199	0.0255765181	0.1221961222	-0.0122443044	-0.1324273547	-0.1409729987	0.0767821093	-0.050910573	-0.0231831915	-0.1181664505	0.0303670764	-0.0184249515	0.0365660775	-0.0741506093	0.1199584745	-0.1042367217	-0.001631964	-0.006158985	-0.0167049956	-0.0227052672	0.0568726458	0.0562445778	0.1708034538	0.0279215032	-0.1103267748	0.2259183753	0.2123890866	0.05944756	0.0946231838	0.1451427498	-0.0747931144	-0.0578311484	-0.101035011	0.1375186448	-0.0074275545	-0.1316604456	0.0	0.00444389	-0.00974871	9.503734666410002e-05	1.97481583321e-05	-0.00415826	-2.9800000000000836e-05	1.7291126227600005e-05	8.880400000000495e-10	0.0757114	-0.013241	0.00573221608996	0.000175324081	0.000910031	-0.000412119	1.698420701610001e-07	8.281564209609999e-07	0.000111162	0.0	0.0	1.2356990244e-08	-0.0008141519999999	0.0	6.628434791038371e-07	0.0
5342.471669511621	-11.891655409963278	28542003.53953429	141.41146838930888	10965.67621067091	-15.26548609240126	233.03506563729636	120246054.75727393	4899.130078506221	6.312641051968058	39.84943705099239	24001475.526124373	4925.240721404247	9871.710575209305	1.418061	42.367592	0.149516874	0.0794367	0.1120702442	-0.2070470707	0.0481166546	0.2350666069	0.1017697807	0.2349526552	0.2053001502	-0.0881021263	-0.0061622014	0.0560992455	0.0736930212	-0.0997740284	-0.088867701	-0.0100065157	-0.0678041558	-0.0119255286	0.0316926912	-0.0817541821	-0.00843107	-0.1835122958	0.020976117	-0.1003035668	0.0081906155	-0.0820201894	0.0174136526	-0.1077569247	-0.1080894493	-0.0248919031	0.1442780354	-0.095009658	0.1679285788	-0.1004691759	-0.1360051236	0.0176268447	-0.0481943625	0.1760473323	0.0183437681	-0.0075515328	-0.095514239	0.0807193703	0.2464342128	0.0369896965	-0.0686167137	-0.0534964364	-0.0931035206	0.0987740002	-0.1022826563	-0.1615086162	-0.0665467781	-0.0081329988	-0.0317815449	0.0852822714	-0.0128942306	-0.1522444379	0.0327123996	-0.13113633	-0.0037571853	-0.0877786253	0.0434871666	-0.1145485107	-0.0710646708	-0.0890072114	-0.1746454781	0.057925616	0.167864466	-0.1224377046	-0.1244136209	0.027801758	0.1128541232	0.1369737065	-0.0608697226	-0.022621392	-0.0790519226	0.2266425942	0.0881362289	-0.0122948591	-0.1082155838	-0.04375783	0.0499359822	-0.0342800818	-0.0608661406	-0.1476519221	-0.0421611931	-0.0623496434	-0.0936289832	0.1419657166	-0.0270895432	-0.1189305091	0.0	-0.000841294	-0.005285184	2.7933169913856e-05	7.07775594436e-07	-0.0361573	-0.03199904	0.00130735034329	0.0010239385609216	0.0112886	-0.0644228	0.0001274324899599	0.00415029715984	0.00129654	0.000386509	1.4938920708100014e-07	1.6810159716000003e-06	0.000409512	0.00029835	8.90127225e-08	1.67700078144e-07	-0.00108549	-0.000271338	1.1782885400999998e-06	7.362431024405425e-08
5359.746985233223	17.275315721602055	28726887.745716628	298.4365332810312	11026.409813365715	60.733602694805086	3688.570496290436	121581713.37228777	4887.083147434887	-12.046931071334257	145.12854823747873	23883581.68994208	4911.829875769982	9971.916049419498	1.421376	42.466656	0.224712656	0.157169	-0.0688255331	-0.1671385802	0.3224361948	-0.1153501069	-0.4217458081	0.0113266286	0.0853400903	0.095879571	-0.2262126788	0.2408561564	0.0275336474	-0.0595475104	0.1494652919	-0.0327480256	-0.1869550044	0.1507490426	-0.0152742865	-0.3118415113	0.012952855	0.0793326983	-0.1487179288	0.0667255983	0.0505581657	0.0405343854	0.0670141043	-0.0772701803	-0.0313065659	0.0156326329	-0.1651264703	-0.0456013036	0.0219414232	0.110885398	0.0763583878	0.0181663541	0.1323317239	-0.04911296	0.0570293934	-0.087073411	0.1151565782	0.0690016886	-0.1059884218	-0.0977190158	0.1024539618	0.1230101081	0.136243041	0.0500742765	-0.0183583925	-0.1324847718	-0.1940447225	0.1532485139	-0.0245456145	0.3047747649	-0.0074902565	0.0212537995	-0.1411899335	0.1100658151	0.0473962675	0.0320626119	0.0578094184	-0.0808970918	-0.0188730434	0.0804732585	0.1206547123	0.0542609074	0.0659746732	0.145060268	0.0337382519	0.0205181252	-0.1581609523	-0.1065798275	-0.1259915848	-0.0457167422	0.0952390152	-0.0790188967	-0.119781202	0.0798802287	0.1167593157	0.0492848473	-0.0589871966	0.0850489802	-0.0678680814	-0.0949311165	-0.1857555266	-0.0667969964	-0.0857957478	0.1449560281	-0.0462576824	-0.1028157617	0.0	-0.0115313	-0.010690006	0.00011427622828	0.0001329708796899	-0.0189506	0.0172067	0.00035912524036	0.00029607052489	-0.143319	-0.1546076	0.020540335761	0.02390350997776	0.00108032	-0.00021622	4.6751088400000014e-08	1.1670913024e-06	0.000766121	0.000356609	1.2716997888100002e-07	5.869413866410001e-07	-0.0008141519999999	0.000271338	6.628434791038371e-07	7.362431024405425e-08
5341.305615926298	-18.44136930692548	28529545.68272581	340.0841019144132	10975.224705628145	-51.18510773757043	2619.915254106693	120455557.3390304	4884.333333121544	-2.7498143133434496	7.561478757868508	23856712.10904221	4910.666624411559	9854.474173001778	1.143077	34.151863	0.0907401	0.0569762	-0.0625289585	-0.1082017353	0.1432123891	0.0449260175	-0.21590189	0.1371982282	0.0317303688	0.0052657058	-0.0779837849	-0.0055755726	0.0815001469	0.1746888939	0.0914779905	-0.0150605375	-0.2142771202	0.2005384783	-0.036431835	0.0201795638	0.0550219201	0.1464081406	-0.019935571	0.0372800967	0.0069182136	0.1570631593	-0.0179046758	-0.1486147386	-0.0374301662	0.1040173664	-0.0034315007	0.165701821	0.0711487118	-0.0340292623	0.1326429506	0.2185668082	-0.1458617933	0.127901922	-0.0183909353	0.0161943206	-0.0037795441	-0.0956453254	-0.105208134	0.1242309081	0.0133451584	0.0517195229	-0.0863310637	0.0903389955	-0.0038220413	0.0896226377	-0.2201494093	0.1908441288	0.0176794292	0.0049212885	0.0542093025	0.1675312411	-0.05528043	0.040610477	-0.0251481516	0.1388421061	0.0004524574	-0.1771375981	-0.0758865833	0.1044887464	-0.0546253327	-0.1466979253	0.0032635764	-0.1331629055	0.2154675584	0.1265775788	0.0128203266	0.1560939337	0.0020176119	-0.0483819694	-0.0040397884	-0.143614562	0.0299641878	-0.1130374162	0.0318340095	-0.0072136915	0.0970833136	-0.0506693985	-0.0945622959	0.0786758243	0.0868258493	-0.0711681327	-0.0775710461	0.1464588945	-0.0645825318	-0.0837748356	0.0	-0.0192452	-0.0077139	5.950425321000002e-05	0.00037037772304	-0.0239991	-0.0050484999999999	0.00057595680081	2.5487352249999973e-05	-0.0926115	0.0507075	0.00857688993225	0.00257125055625	0.000802704	-0.000277616	7.707064345600003e-08	6.44333711616e-07	0.000551343	-0.000214778	4.6129589284e-08	3.039791036490001e-07	-0.000761142	5.300999999989997e-05	5.79337144164e-07	2.810060099989394e-09
5359.836442379655	18.53082645335689	28727846.689060997	343.39152904443165	11022.26906155992	47.0443559317755	2213.171425035581	121490415.265421	4895.69358048349	11.360247361946676	129.05522012461643	23967815.63398725	4922.53428501227	9890.412988710466	1.097727	32.796951	0.13825799	0.0863219999999999	-0.1232353297	-0.0471443632	0.0591030812	-0.0522395905	-0.1872580957	0.0107734471	-0.106359137	0.0013883761	-0.1449638704	-0.0950493915	0.1518010201	0.0451010118	-0.1259555253	-0.1451237725	-0.023275812	0.1329338245	-0.0615297772	-0.0705420747	0.0645340776	0.1022400086	-0.1987469839	0.0750837037	0.1723430209	-0.0071867185	0.0511723553	-0.0308589363	0.1321287107	0.1918167003	0.249707213	-0.138936838	0.1753209278	-0.0464050995	-0.0031151934	-0.0385481874	0.0276636642	-0.0959289722	0.2090738138	0.1360313397	-0.1077172106	0.0617888892	-0.0742301038	-0.0184940828	-0.0028660485	-0.1367113584	0.1569444956	0.0910973718	0.0228920018	0.1103292543	-0.0267172249	0.1296723994	0.0491734675	0.0830288724	0.0766419166	0.079002241	-0.1929083073	0.1093548411	0.1263820506	0.0156771439	0.1346396417	-0.0330770137	0.1129853181	0.0838831209	-0.2748222575	0.0059284294	0.1261934788	-0.1054057814	-0.0809942405	-0.0433736875	-0.005658657	-0.1656925104	-0.0558871896	0.2075776881	-0.1367784181	-0.0660995031	-0.0674776677	-0.0140664333	-0.1692289687	0.0124412058	-0.1181121737	0.1667000247	-0.0774702176	0.0347251982	0.1421002439	-0.0754580649	-0.0689924054	0.1464588945	-0.0817300246	-0.0623496434	0.0	-0.022949	-0.0037038	1.371813444e-05	0.000526656601	0.00849394	0.03249304	7.21470167236e-05	0.0010557976484416	-0.0148498	0.0777617	0.00022051656004	0.00604688198689	0.000668649	-0.000134055	1.7970743025000002e-08	4.47091485201e-07	0.000440732	-0.000110611	1.2234793321000012e-08	1.94244695824e-07	-0.000519819	0.000241323	2.7021179276100005e-07	5.8236790329e-08
5354.27099205915	-5.565450320505079	28668217.85640607	30.97423727001008	11010.897362649852	-11.371698910068517	129.31553610125349	121239860.73080948	4888.19363417219	-7.499946311299936	56.24919467238153	23894437.005161524	4914.648772410857	9834.869344497702	1.133294	33.85957	0.06903028	0.0384889	-0.0642846746	0.1065602062	-0.1112574442	0.0415127005	0.0175404357	-0.0288569694	-0.1482646623	0.0241424574	0.0527772766	0.0496553461	0.0752614617	0.1011868559	-0.0696702003	-0.2046691889	-0.1153153007	-0.0677725925	0.0543574815	0.0430593065	0.1268038874	-0.0054864728	0.0381236361	-0.0286363557	-0.1092525825	-0.2528667596	-0.1657150762	0.1192168513	0.0499109698	-0.0146267888	-0.1277720094	0.0186916136	-0.0923253352	-0.0792842214	0.0561528838	0.1587370158	-0.029824629	-0.0990969616	-0.1074634403	0.100773022	0.1073707907	0.0485692655	-0.0100316652	0.0622810998	0.032124468	0.0598040114	0.034233642	-0.1915661075	-0.2617124248	0.0231720476	-0.1159806933	-0.0588123362	-0.0392523052	-0.0553739575	0.1028718276	-0.0495748938	0.0059986854	-0.0557443219	0.0166112577	-0.2287549892	-0.2472315121	0.0981076869	0.025766488	0.0280331953	0.152623487	-0.0250714456	-0.0817837688	-0.0910235994	0.0473764374	0.0499036228	-0.0912691337	0.0665211995	0.1278517244	0.1104224146	0.1383413056	0.0050940142	-0.0396865166	-0.0598310013	0.0404200908	0.0636576697	-0.2131280603	-0.2491443521	0.0031139321	-0.0518580286	-0.0597617019	-0.0796618981	-0.0600989683	0.1449560281	-0.0973875576	-0.0391499549	0.0	-0.0197566	0.0031924	1.0191417760000007e-05	0.0003903232435599	0.0081841099999999	-0.00030983	6.697965649209838e-05	9.59946289000616e-08	0.0121297	0.0269795	0.00014712962209	0.00072789342025	0.00074011	7.146099999999999e-05	5.1066745209999985e-09	5.477628120999999e-07	0.000111162	-0.00032957	1.086163849e-07	1.2356990244e-08	-0.000149879	0.00036994	2.2463714641e-08	1.3685560360000006e-07
5378.078670150796	23.807678091646267	28923730.182330955	566.8055361154536	11089.30278825431	78.40542560445829	6147.410764216244	122972636.32958482	4908.734234583401	20.540600411211017	421.9162652530422	24095671.78577109	4934.200486090244	9927.34284840962	1.13803	34.001072	0.0573948	0.0310769	0.0820549396	0.1711103015	0.1055755146	0.002903157	-0.0335898542	-0.192353841	0.0785726688	-0.0619819587	0.1579547013	0.0749616557	0.2396753016	-0.0531473576	-0.1521948641	-0.048732453	0.0905435118	-0.0249049264	-0.0388789813	0.0051433637	0.0115608154	0.0965649354	0.1845389545	-0.0073525326	-0.1933395289	-0.0973240113	0.0515482573	-0.1014782564	-0.2553960344	0.0608047189	0.119832667	0.0321503707	0.0158741365	0.0530425672	-0.0377460761	-0.0585730136	0.1225983363	-0.2714321197	0.1009553809	0.1070081827	-0.099892876	-0.0600869568	-0.1315838183	-0.0475645759	0.0550482804	-0.1085445366	-0.0999280684	0.1318213612	0.0479046335	0.0630182714	0.0877395919	-0.0360559057	0.017247659	0.015800284	0.022248393	0.1309422773	0.167415142	-0.0487749907	-0.1463825313	-0.115213082	-0.076372842	-0.0981104989	-0.2101564742	-0.0279737496	-0.1631905319	-0.0215001641	-0.0801853232	0.1356234726	-0.1179586017	-0.0110597516	-0.13811438	-0.1539607739	0.1131589383	0.1518492044	-0.1090970287	-0.1549327572	-0.0590869466	0.0438606099	-0.0731838604	0.0772891611	0.1527031034	0.0717663832	-0.0809090962	0.0482602523	0.0933151015	-0.0837748356	-0.0509313134	0.1419657166	-0.1112696897	-0.0148360426	0.0	-0.0180926	0.0016639999999999	2.768895999999996e-06	0.00032734217476	0.0257867	0.0176025900000001	0.0006649538968899	0.0003098511747081	0.00316794	-0.00896176	1.00358438436e-05	8.031314229759999e-05	0.000963647	0.000223537	4.9968790369e-08	9.28615540609e-07	0.000447757	0.000336595	1.1329619402500003e-07	2.00486331049e-07	-0.000173076	-2.3197e-05	2.9955301776e-08	5.381008090000001e-10
5359.148787974994	-18.92988217580205	28720475.731653847	358.3404391897481	11031.298189641142	-58.00459861316813	3364.5334602747457	121689539.74877994	4902.67646649571	-6.057768087691329	36.69655420425146	24036236.535130862	4929.880139629658	9969.84261293876	1.272877	38.029926	0.111826214	0.0594784	0.0982195484	-0.1529716112	0.1073646543	-0.0794414741	-0.1056241352	-0.0203873364	0.1457483622	0.0773003311	-0.1156266988	-0.0296250461	-0.0595865103	-0.0212906852	-0.1251953218	-0.216606992	0.0073874862	0.0497636704	0.1137845408	-0.1183581557	-0.0127579608	0.0308416472	-0.0032710701	-0.1238407661	0.0385013348	0.1196403697	0.0784121144	0.0672022543	0.0317270617	-0.0218938281	-0.0420279353	0.1071331336	0.0885384141	0.0367797556	0.0993258321	-0.1488526194	-0.2199798927	0.0525325601	-0.0601257314	0.093213275	0.0026576073	0.1424580858	-0.0315630717	-0.002355223	-0.0666866655	0.0598608743	-0.1880096728	-0.1617710123	0.0152443648	-0.0400606221	0.0053798275	0.0387077656	-0.1449343422	0.1247269581	-0.0212958191	0.0368687745	-0.0150337641	-0.1125791952	-0.0085885518	0.1184532041	0.0836243043	0.0477836076	-0.0151398734	0.0130853183	0.0438655847	-0.1230002067	0.1006708511	0.0333456356	0.1164030376	-0.0604788941	0.2496726215	0.0038342179	0.0838102379	0.0385887264	0.0778992884	0.0463223185	-0.1426043652	-0.0091622793	-0.0236656832	-0.0456226405	0.0731024035	-0.1996156613	0.1286626106	0.0258473849	-0.0840514396	-0.0877921846	-0.0415312705	0.1375186448	-0.123123346	0.0099001096	0.0	-0.0199506	-0.0018579999999999	3.4521639999999945e-06	0.0003980264403599	0.000312626	-0.025474074	9.773501587600001e-08	0.0006489284461574	-0.0429761	-0.04614404	0.00184694517121	0.0021292724275216	0.000770253	-0.0001933939999999	3.740123923599998e-08	5.932896840090001e-07	0.000583898	0.000136141	1.8534371881e-08	3.40936874404e-07	-0.000610543	-0.000437467	3.72762754849e-07	1.9137737608900002e-07
5357.467613955299	-1.681174019694481	28702459.234579887	2.8263460844957	11026.027744757992	-5.2704448831500486	27.77758926632253	121573287.828173	4895.081802834763	-7.594663660946935	57.6789161229079	23961825.856444035	4921.839426519932	9906.326316310797	1.181584	35.302345	0.109524877	0.0548611	-0.1117620138	-0.0443363182	0.0552694188	-0.052418236	-0.0518334947	0.0578832587	-0.0320149686	-0.0098909832	-0.0075937171	-0.0069706775	-0.0563520978	-0.0905794417	-0.123101844	0.012295123	0.0122673971	0.2091808215	-0.0623330569	0.0001094157	0.0119101292	-0.0196888131	-0.063224275	0.0183687238	0.0601702426	-0.1227218349	-0.0764529411	0.0222260648	-0.0103338771	0.0150576872	-0.0366567088	-0.0818542192	-0.0642546861	-0.1673819922	0.0162441132	-0.1010071712	0.099360763	0.0068221718	0.049835473	0.1722895531	-0.1273225533	-0.1506518223	0.252406152	-0.0919043806	-0.0622681148	0.0559663964	-0.0549738822	-0.2066040177	0.2031983831	-0.076690409	0.0108132178	0.2128939654	0.0646495679	-0.0020868182	0.0075384607	-0.030827405	-0.0606705612	0.0200642367	0.0770912093	-0.0733317802	-0.0338123283	0.0158060567	-0.0058236002	-0.009154047	0.0067617815	0.0498164513	-0.0318275771	-0.0529848881	-0.0667593056	-0.2200290803	-0.0260905564	0.0879016692	0.0111711659	0.2192353132	-0.1444963675	0.1070638415	0.1967760384	0.0879443583	0.1150052797	-0.0797813146	0.0299851282	0.0358811997	0.3048120559	0.003688032	-0.000468772	-0.091709361	-0.03194173	0.1316604456	-0.1327324313	0.0343545006	0.0	-0.0008233669999999	0.019127233	0.0003658510422362	6.779332166888354e-07	0.00581458	0.005501954	3.38093405764e-05	3.0271497818116e-05	-0.00679776	0.03617834	4.62095410176e-05	0.0013088722851556	0.000472252	-0.000298001	8.880459600100004e-08	2.23021951504e-07	0.000111162	-0.000472736	2.23479325696e-07	1.2356990244e-08	-0.0008141529999999	-0.0002036099999999	6.628451074088371e-07	4.14570320999593e-08
5342.600626540236	-14.866987415063704	28543381.45470812	221.02731479966255	10994.22184799019	-31.80589676780255	1011.6150692041128	120872914.04282482	4894.08127849631	-1.0005243384530331	1.0010489518368797	23952031.56052808	4919.024341602814	9854.945574553116	1.155146	34.512455	0.063953273	0.0342184	-0.0419525969	0.1483869768	-0.041923136	0.1394861834	0.0584141322	-0.0126173947	-0.1052856932	0.0677952046	0.0793459257	0.2255234989	-0.0267085587	-0.0143895315	0.0641465229	-0.0933947402	-0.0113610475	-0.1365049269	0.1094452356	-0.0279835163	0.0510481986	0.0106457756	0.024001569	-0.0274983256	0.1902887597	0.0612845802	0.1126971673	0.0303331025	0.0282567438	-0.0867091021	0.0751201895	0.1547597907	-0.1720088257	0.0101001372	-0.2456192227	0.1066161285	0.0103718848	0.0949841721	-0.001449523	0.0187022352	-0.1414566008	0.0477902563	-0.086034325	-0.0455143863	0.0604793338	-0.0703874313	0.2134769746	-0.1131841218	-0.0107215285	-0.1405058428	-0.0057435305	-0.1254686628	-0.0963736924	-0.0011647984	0.0529966484	-0.030334603	0.0253494139	-0.0052661826	0.1531739918	0.0559097827	0.1614300462	0.0493283636	-0.0080057002	-0.0847943721	0.0470742942	-0.0664029726	-0.1990974222	-0.0592265758	-0.1376644476	0.1332063281	0.0876930459	0.1035247996	-0.1038293401	-0.1159924861	-0.1199406609	-0.0725799021	-0.1651512252	0.0064919409	0.0075023437	0.1312511126	-0.2108615463	0.1085393947	0.1479197468	-0.1143502509	-0.0166829286	-0.0955218954	-0.0222064467	0.124451232	-0.1399217693	0.0578311484	0.0	-0.00600127	-0.0051779030000001	2.681067947741004e-05	3.60152416129e-05	0.00582514	1.0560000000000604e-05	3.3932256019600004e-05	1.1151360000001275e-10	0.0097703	0.01656806	9.545876209e-05	0.0002745006121636	0.000816985	0.000344733	1.1884084128900001e-07	6.67464490225e-07	0.000111162	0.0	0.0	1.2356990244e-08	-0.000314951	0.0004992019999999	9.9194132401e-08	2.4920263680390024e-07
5375.136874363886	32.53624782365023	28892096.418146364	1058.6074224419842	11050.324248566025	56.10240057583542	3147.479350371498	122109665.99844629	4910.94645362313	16.86517512681985	284.4341320583029	24117395.0703536	4936.941936473358	9938.96543444004	1.222932	36.537708	0.0491988929999999	0.0291453	0.1549521129	0.0749920121	-0.0069334975	-0.1519724092	0.0353585963	-0.1451356796	0.0407723434	0.0343647774	0.1082364537	-0.2071560458	0.0292539336	-0.0998340688	-0.0144469141	-0.0201161602	0.1467265221	0.0767344711	-0.0034505658	0.0797674412	0.1310733555	0.0780739065	0.1695681253	0.1169253083	-0.0078877906	-0.0338420303	0.1742670261	-0.0651720851	-0.1419646104	-0.0007205292	0.0600798492	0.1271135986	-0.050110804	0.0991355106	0.1091233076	-0.079967239	0.1629448265	-0.0973701495	-0.0185981222	-0.0364036855	0.0031581423	0.0920273617	-0.0040722278	0.0965980258	0.0378338115	0.0350076906	-0.0999983821	-0.0573808926	-0.080476972	-0.2036650148	0.14428412	0.0625468502	0.0006041268	-0.0732584788	0.131147864	0.1173532581	0.1751109482	0.0598283911	-0.0663159313	-0.0822538129	0.1368344512	-0.0747942677	-0.1583510617	-0.0340082354	-0.060745799	-0.0609575114	-0.1012455622	0.161212762	0.0685993653	-0.0854613336	-0.1396841021	-0.1177574362	-0.0247975371	-0.0083720966	0.0354384209	0.042697817	-0.1008169675	-0.1081275484	0.0606087438	0.0544460271	0.0112155205	-0.1212492965	0.0715767695	-0.1112512768	-0.0460760782	-0.0992254376	-0.0123698405	0.1159649805	-0.1445602966	0.0796618981	0.0	-0.000812667	0.005188603	2.6921601091609e-05	6.604276528889999e-07	0.0058178	-7.340000000000645e-06	3.384679684e-05	5.3875600000009466e-11	0.028309	0.0185386999999999	0.000801399481	0.0003436833976899	0.000475009	-0.000341976	1.1694758457600003e-07	2.25633550081e-07	0.000111162	0.0	0.0	1.2356990244e-08	-0.00048226	-0.0001673089999999	2.3257470760000002e-07	2.7992301480999997e-08
5342.786461580147	-32.35041278373865	28545367.17404411	1046.5492072782808	10961.333494830951	-88.99075373507367	7919.354250336528	120150831.98490292	4891.594717667331	-19.35173595579909	374.4896845029672	23927698.88191093	4917.927525603465	9869.807535777136	1.315441	39.301624	0.0717570374	0.0416186	-0.0621396217	-0.0861266924	-0.1448761331	0.1493596989	0.1575810934	0.0939313522	-0.0498435169	-0.0273986529	-0.1729701839	0.0565629538	0.0911335783	0.0762289577	0.0387059037	0.0208431879	-0.021208818	-0.1007243222	0.2417805652	0.09564192	-0.1979378286	-0.1713848555	0.0845195023	0.0027400396	0.0054230841	0.0384104316	0.0703511643	-0.0040908212	0.0403521681	0.0185327198	-0.1159582164	-0.2250122381	0.1259949191	-0.0356596617	-0.0093621145	0.1091785642	0.0561826615	-0.0229759721	-0.1381675616	-0.0624132775	-0.140160723	0.1079055504	0.0495148105	0.0656450124	-0.0410870232	0.0312334442	-0.1644832082	0.1128581543	-0.0308255628	0.1203710459	-0.0164508729	-0.1035549669	-0.2213135985	-0.1307192369	-0.1875143106	-0.1354463547	0.1115142183	-0.0224723062	-0.0227092344	-0.00059345	0.0803430806	-0.0034337308	0.0817945845	0.1098239758	0.0234458249	0.1736118653	0.1871630128	0.0030051335	-0.0371508801	0.0442641518	-0.1213071173	0.138609009	0.1174008314	-0.0495844091	-0.1098449566	0.1389172486	-0.0606059743	-0.0499821069	-0.0091956765	-0.0572883216	0.1611908173	-0.1175898687	-0.124771872	-0.0102635803	0.1098359747	-0.1028157617	-0.0024767935	0.1062887712	-0.1465634515	0.0992254376	0.0	-0.000830489	-1.782200000000002e-05	3.1762368400000074e-10	6.89711979121e-07	-5.56154e-05	-0.0058734154	3.09307271716e-09	3.449700846095716e-05	0.0547639	0.0264548999999999	0.0029990847432099	0.0006998617340099	0.00117248	0.000697471	4.864657958410001e-07	1.3747093504e-06	0.000111162	0.0	0.0	1.2356990244e-08	-0.000391513	9.074699999999996e-05	1.5328242916900004e-07	8.235018008999993e-09
5367.297567971914	24.51110639176659	28807883.18315722	600.794336548501	11050.249077457122	88.91558262617036	7905.980833751329	122108004.67384195	4894.5099910222325	2.9152733549017285	8.498818733799979	23956228.05221645	4920.844277875852	9852.545071216126	1.232257	36.816315	0.0632818736	0.0297138	-0.1262329242	0.1206996259	-0.1496161165	-0.0979555167	-0.0004962906	-0.1381004896	-0.2206250507	-0.0548824096	0.0339535151	-0.0324851933	0.0081258839	-0.0485141726	0.0373378184	0.0759521455	-0.0400922426	-0.0442825248	-0.1379740068	0.1439570707	-0.0989317186	0.0213302865	-0.0744340188	-0.0569720225	0.1511652138	0.0534321163	-0.1186456796	0.1128811093	-0.0222822421	-0.1437300749	-0.1532102245	-0.0627663504	-0.1561670213	0.1005750799	-0.1076571036	-0.0006492929	-0.1313844943	0.1092656489	0.1264403867	-0.0544747549	0.0099457133	0.1030193042	-0.0451894336	0.0641650674	0.0126689777	0.0149079681	0.1688746368	0.1266995196	-0.1148505997	-0.0882984122	-0.0336837291	-0.0324735971	0.1586920659	-0.1442503183	-0.1231986242	-0.0023138809	-0.0882044711	0.0067164787	0.165645513	0.1053971501	-0.06318274	0.1183267747	-0.0449620793	-0.0603430781	0.2335180817	0.1152826859	-0.0595210161	0.001793445	0.0138883093	0.1135626729	0.1720841387	-0.0384873761	-0.1659075189	-0.0341417783	-0.030216007	0.0075685026	-0.0968776992	-0.0709405126	-0.0217859421	-0.0213377361	-0.1010478286	0.1139054047	-0.1600336318	-0.0960944726	0.0179242957	-0.1062887712	0.0074275545	0.0955218954	-0.1458947161	0.1159649805	0.0	0.00607716	0.006907649	4.7715614707201e-05	3.69318736656e-05	-0.00417254	-0.0041169245999999	1.7410090051599997e-05	1.6949068162085154e-05	0.0484343	-0.0063295999999999	0.00234588141649	4.006383615999997e-05	0.000754332	-0.000418148	1.74847749904e-07	5.69016766224e-07	0.00035528	0.0002441179999999	5.9593597924e-08	1.262238784e-07	-0.000647801	-0.000256288	4.1964613560100004e-07	6.568353894400002e-08
5362.215321351514	-5.082246620399928	28753353.15253692	25.82923071056649	11012.237945486486	-38.01113197063569	1444.8461536890825	121269384.56801242	4901.980552936422	7.470561914189602	55.809295313740215	24029413.341366872	4926.726061072716	9893.042722830189	1.212945	36.23933	0.01749596	0.00894462	0.1125319784	0.1244926191	-0.0764504972	0.0056177672	0.1941008209	-0.1288076402	0.1271467334	-0.0915900061	0.1051732519	0.0563312141	-0.0298234172	0.0330322413	0.1202778267	0.0275418646	0.1149342551	-0.0916569845	-0.0188760864	-0.1207894937	-0.1471708795	-0.0025514908	0.0593416056	0.0303589144	0.1153277355	0.0811985674	-0.0013682389	-0.035882892	0.1358573872	0.1481262844	0.118441226	-0.0872930302	0.005342313	-0.0219651199	-0.0327079439	0.2157529182	0.1088860499	0.0211268775	0.0596281051	-0.0102509647	0.2168376191	-0.100902987	0.0235814867	0.0190785825	0.0507223601	-0.0803249746	0.0670202273	0.0641952422	0.1213716749	0.0059483055	0.1149024772	-0.0909098144	-0.0028709462	0.108446928	-0.0989948948	-0.0016501419	0.0895627191	0.062984306	0.1038920751	0.0987634662	0.0713673628	0.0050843374	0.1621636593	0.0689023714	-0.1509353087	0.0398713402	-0.0281860631	-0.1058937257	-0.0811061743	0.1350597635	-0.1865786147	0.0396801684	-0.1034713413	0.039782733	0.1782804833	-0.0701647067	0.1596711573	0.0028881003	-0.0427843748	0.0436493665	0.0801051664	0.1430084622	0.0332522452	0.0083141043	0.0143113272	-0.1096405033	0.0172980123	0.0837748356	-0.1425662815	0.1294041125	0.0	0.00910273	0.00302557	9.1540738249e-06	8.28596934529e-05	-0.00806153	-0.00388899	6.498826594090001e-05	1.5124243220100008e-05	0.0547141	0.0062798	0.00299363273881	3.9435888040000027e-05	0.000754056	-2.760000000000089e-07	7.617600000000491e-14	5.68600451136e-07	0.000334192	-2.1088e-05	4.4470374399999996e-10	1.1168429286399999e-07	-0.000583133	6.466800000000004e-05	3.40044095689e-07	4.181950224000005e-09
5381.086255499056	18.87093414754236	28956089.289120853	356.1121556008802	11038.257117260462	26.019171773976268	676.9972998036833	121843120.18675125	4920.24064752384	18.26009458741828	333.4310543414624	24208768.02954582	4945.520196376703	9940.463675668589	1.062916	31.756887	0.08242948	0.0378632	0.1637718009	0.00482684	-0.0169785128	-0.2371108042	0.0142576535	-0.1466013718	0.0890985269	0.0283285119	0.0616000859	-0.2601917718	-0.1447847038	-0.0560452091	-0.1001293345	0.070072003	0.1860908092	0.1180470967	0.049244013	0.1047980276	0.2347636445	0.0599721522	-0.0301202844	-0.1487695695	0.0836010929	0.0696557551	0.0381731242	0.1468671137	-0.04352277	-0.1896967501	0.0551320264	-0.0222261813	0.0319858241	-0.07450507	-0.0378151269	-0.0997441894	0.0330739518	-0.1856166775	-0.0203605656	0.0519208217	0.0021040044	-0.1063235288	0.1155833718	-0.2004878854	0.0384445157	0.0848855506	-0.0549130656	0.0031676589	-0.2447540206	0.2032540728	0.1859933199	0.1116104596	-0.0382516569	-0.0971478612	0.2419085283	0.0709523078	-0.0507540441	-0.1456180229	0.0324828637	0.08417272	0.0922453256	0.1612112431	-0.0848326503	-0.1957788285	0.0602483586	-0.0042042427	0.0367136154	-0.046125184	-0.0845544126	-0.0570138272	-0.0185895584	-0.1103615576	0.14183521	0.1123413435	-0.0088639842	0.0222335657	0.0976560072	0.2256065803	0.1193334854	-0.0131463316	-0.0971275824	-0.1716280101	-0.160843405	0.093238335	0.1931853144	-0.1128671336	0.0270895432	0.0711681327	-0.1366388261	0.1391603506	0.0	-0.00602426	-0.01512699	0.0002288258264601	3.62917085476e-05	0.00581916	0.01388069	3.3862623105600004e-05	0.0001926735548761	0.0258019	-0.0289122	0.00066573804361	0.00083591530884	0.000442784	-0.000311272	9.689025798400001e-08	1.96057670656e-07	0.0004864	0.000152208	2.3167275264000013e-08	2.3658496e-07	-0.000609845	-2.6712000000000025e-05	3.7191092402500003e-07	7.135309440000013e-10
5347.261224622156	-33.8250308769002	28593202.60434764	1144.1327138232518	11000.01991675366	-38.237200506802765	1462.0835025974377	121000438.1689772	4893.868117998231	-26.372529525609025	695.5103135791197	23949945.15635955	4919.844565680088	9949.989724562573	1.303902	38.956856	0.1608001	0.0765558999999999	-0.0765340973	-0.037226842	0.1659614949	0.0083778461	-0.0632513534	0.124436758	0.0790652281	-0.012708565	-0.0104447108	0.1853425539	-0.1062438549	-0.0135257464	-0.0073816538	0.045918273	-0.0631054452	0.0723764795	-0.00707358	-0.0982166709	0.1515203313	-0.1718907153	0.0427358914	-0.0033514389	0.0239153878	-0.0535816475	-0.034740607	-0.0601342666	-0.0534095051	0.2204344432	-0.0561012191	-0.10295263	-0.0994790059	-0.0084325076	-0.2153418814	-0.2231797961	-0.1748881489	0.0475016777	-0.0186975948	-0.1180592549	-0.0552045275	0.2669837348	-0.054871507	0.099089929	-0.0992336643	-0.1012760199	-0.0145177705	0.0617228407	0.1056172839	0.111254481	-0.0712136137	0.0804478888	0.0021509538	0.0920605768	0.1296404722	-0.1891527018	0.0598044423	-0.0171444142	0.0346667717	-0.0587211594	-0.052793654	-0.0786809594	-0.0397465736	0.1913857441	-0.019581452	0.0977781457	-0.0659030723	0.0642698288	-0.1923507064	-0.0475761871	0.2733161015	-0.1009777605	0.0146670627	-0.1148991125	-0.0302371962	0.1958661658	-0.1674886792	-0.0983961339	-0.2018137321	-0.1140515759	0.0804888044	0.0380942932	-0.0786767917	0.166468617	-0.1522948236	-0.1159649805	0.0367574707	0.0578311484	-0.1282204088	0.1449560281	0.0	-0.0355488	-0.02952454	0.0008716984622115	0.0012637171814399	-0.0178175	-0.02363666	0.00031746330625	0.0005586916959556	-0.0379845	-0.0637864	0.0014428222402499	0.0040687048249599	0.00067323	0.000230446	5.3105358916000024e-08	4.532386329000001e-07	0.000233715	-0.000252685	6.3849709225e-08	5.4622701225e-08	-0.000215926	0.000393919	4.6624037476e-08	1.5517217856100005e-07
5325.634161701154	-21.627062921002107	28362379.224278357	467.72985058898416	10943.129763758869	-56.8901529947907	3236.489507770693	119752089.02646524	4891.332192157256	-2.535925840975324	6.430919870926403	23925130.614033908	4915.988552308694	9837.958748034653	1.142586	34.137192	0.10171485	0.0665226	0.0020130408	0.0732959429	0.1555015728	0.2555238614	0.0281963851	0.189481693	0.0246733829	0.0938163438	0.1740093245	0.0621104781	0.0144559845	0.0015282249	-0.018915521	0.0267374832	-0.0596020901	-0.0668301242	-0.2221980073	0.0951732636	0.0011697768	-0.0269723353	0.0256390468	0.048594765	0.0590042001	-0.0714131431	-0.1608359589	-0.1711955729	-0.0077947924	0.0743740175	-0.1843470871	0.2251370023	0.0773693594	-0.034504862	-0.0420459421	-0.0978251231	0.0322334497	0.0010328155	-0.0419394766	-0.1258358627	-0.0278157439	-0.1225648863	0.1008935853	0.0515665221	0.0683346644	0.2152704284	-0.0768087747	0.0496917435	0.002985089	-0.1287315937	-0.0639096025	-0.0512122738	0.2285185085	-0.0762859793	-0.0023504106	-0.0389963529	0.0351412458	0.0788149696	0.1031024126	0.0005569598	-0.1410834704	-0.1909427828	-0.0255406889	0.0609406741	0.0764959934	-0.24164908	0.012623855	0.1017005402	-0.061953437	-0.0701009413	-0.0005693588	0.0144734805	0.0428726154	-0.0943306217	-0.0580063175	0.0767932722	0.1554845746	-0.0359589717	0.222582137	0.0099359643	0.1233250512	-0.0472137124	-0.0199611604	-0.1699497796	-0.1167148519	-0.1189305091	0.0462576824	0.0439007383	-0.1174644996	0.1466261977	0.0	-0.0379566	-0.0024078	5.797500840000008e-06	0.00144070348356	-0.00708303	0.01073447	5.01693139809e-05	0.0001152288461808	0.0237387	0.0617232	0.00056352587769	0.00380975341824	0.000406967	-0.000266263	7.089598516900001e-08	1.65622139089e-07	0.000111162	-0.000122553	1.5019237809000003e-08	1.2356990244e-08	-6.77544e-05	0.0001481716	4.59065871936e-09	2.195482304656e-08
5345.71272675953	20.07856505837572	28576644.557038806	403.1487748034262	10946.179702653557	3.049938894688239	9.302127261332116	119818850.08278473	4896.2985758834175	4.966383726161439	24.664967315481174	23973739.744197983	4923.727653151292	9848.812308048857	1.32343	39.54031	0.0456195	0.0267563	0.1063411791	-0.1151817242	-0.1747656448	0.0005405338	0.0818041014	0.0991373436	-0.0475300556	0.1851243011	-0.1706980569	-0.1009548432	-0.0189057168	0.082025282	-0.0466164429	-0.0710572954	-0.1366402559	-0.1174015554	0.0876240033	-0.0589438503	-0.0426337821	0.038571316	-0.0710088762	-0.1002532587	-0.0745540493	0.0188609755	-0.0260898066	0.1599675393	-0.0776120693	-0.1066205239	-0.0353510127	0.1272269591	0.0893537104	0.1728066755	0.2269690403	0.0565383353	0.1038624321	0.0492497501	0.0053292796	-0.0623151657	0.0626180555	-0.036881218	0.1870727011	-0.0241613541	0.0318885331	0.0340968313	0.0733446709	0.0492300159	0.0568842584	0.0371308053	-0.1284703185	-0.134624372	-0.0916861741	0.0547610089	-0.0499876769	0.0383624176	-0.0945848487	-0.104862949	-0.0494815124	0.008802378	-0.0334562424	0.1475764361	-0.0814503416	-0.0710460024	0.0274536646	-0.0892534596	0.0648891103	0.1320459981	0.2645360332	0.0286071126	-0.1225402551	0.0438418289	-0.0847210992	-0.0074539099	0.0610502103	0.1428487395	0.1435434809	0.0356678787	0.0498317236	0.0200838477	-0.0400626364	0.0959259747	-0.0415881797	-0.0086565901	-0.0102767774	-0.121760336	0.0555468308	0.0295198472	-0.1045671817	0.1441233256	0.0	-0.026834	0.0111226	0.00012371223076	0.000720063556	-0.0079779499999999	-0.0008949199999999	6.364768620249841e-05	8.008818063998222e-07	0.0443147	0.0205759999999999	0.00196379263609	0.0004233717759999	0.000212943	-0.000194024	3.7645312576e-08	4.5344721249e-08	0.000111162	0.0	0.0	1.2356990244e-08	-0.00013425	-6.649560000000001e-05	1.8023062500000004e-08	4.4216648193600014e-09
5348.406310993923	2.693584234393711	28605450.06747963	7.255396027774354	10981.78262939453	35.602926740974	1267.5683925231615	120599549.71927144	4905.056449537706	8.757873654288233	76.70035094447591	24059578.77315144	4930.9538752629205	9816.275809286768	1.326071	39.619202	0.06332905	0.025287	-0.1817812607	0.0080377512	-0.0760283918	0.121031565	0.0499879556	0.0870783884	-0.1508655208	-0.1799193297	0.0077122128	0.067077596	0.0521282167	0.1243766242	-0.0799573528	0.0921614842	0.1421083072	-0.0239302349	-0.0624861305	0.0419844813	-0.0745381904	-0.2027016282	0.0332991665	0.0852280312	-0.0613663963	0.0671762894	-0.0330716551	-0.0038282011	-0.0793622403	0.1969125272	0.033021585	-0.0212946871	-0.0275165619	0.060228546	-0.0987786264	0.0912287202	0.0314819661	0.1283602607	-0.1579036059	-0.0010951852	0.2035743139	-0.0542679885	0.0938972007	-0.0725093113	0.2018164716	0.124545104	0.1308922702	0.0112450442	0.0116374458	0.0991117365	0.1417809583	-0.0066209976	0.0759959985	-0.0455640067	-0.08499341	-0.1768436906	0.06363319	0.0661378507	-0.0842816657	0.0253901403	-0.0331427355	-0.0234652502	-0.0471817641	0.1626174544	-0.1269282686	0.0426555829	-0.039233754	0.0058549808	-0.0428027889	0.1329398311	0.0319345499	0.1337591252	-0.0748029481	-0.0832676662	0.2184823126	0.0482234879	0.1036433319	0.0920196945	0.2079243066	0.110893075	-0.1158092571	0.0949914297	-0.1132501406	0.07527523	0.0108266063	-0.124451232	0.0645825318	0.0148360426	-0.0897635764	0.1375186448	0.0	-0.0185686	0.0082654	6.831683715999999e-05	0.00034479290596	-0.0177771	-0.0097991500000001	0.00031602528441	9.602334072250196e-05	0.0578109	0.0134962	0.0033421001588099	0.00018214741444	0.000362538	0.0001495949999999	2.2378664024999992e-08	1.3143380144399998e-07	0.000469467	0.000358305	1.28382473025e-07	2.20399264089e-07	-0.000261716	-0.000127466	6.8495264656e-08	1.6247581155999997e-08
5359.280465002146	10.874154008222831	28721887.10255362	118.24722539454866	11036.214922043371	54.4322926488403	2962.874483008994	121798039.80553275	4891.469880004168	-13.58656953353784	184.59487168965865	23926477.586987987	4917.458655098157	9922.90006148548	1.310271	39.147148	0.04519954	0.0232552	0.1426278534	0.0822858919	-0.0338099659	-0.0103604959	0.0385002928	-0.1751788412	0.0579795052	0.1388898102	-0.0210686887	0.0178729755	0.0175169748	0.092843885	0.057073094	0.0543420382	-0.0703503499	-0.1788897339	0.0128656764	0.0433087431	-0.0174593982	0.0773933936	-0.1365633364	0.062794573	-0.1371884693	0.1213132025	0.0744382379	0.0065954797	0.1321835606	-0.1405316592	0.0033474947	0.0336813066	0.0354088299	-0.0421502909	-0.181758822	0.0896835398	-0.0744824392	0.0462438273	-0.0564566627	0.0899072558	-0.0532666425	-0.0802862262	-0.0624405749	0.0654630414	-0.1916137169	0.0287969996	-0.0979966707	0.0942219509	0.0054293466	-0.1858602727	-0.0669561731	-0.18840879	-0.0089261814	-0.029527663	0.0014288867	0.0886933051	-0.1263119024	0.0579191183	-0.185003003	0.0810422443	0.0492213184	0.0446607414	0.1103881849	-0.0984126205	0.0657526034	-0.0530350407	0.0337438165	-0.0812528864	-0.1174257697	0.1141571736	0.0600825593	0.1131628141	0.0750068424	-0.045875396	-0.0612684211	-0.1345950165	0.0055013576	-0.0913398599	-0.0350323627	-0.1826437062	0.1024914943	-0.014717137	0.033776646	-0.1482543477	-0.017779866	-0.127000127	0.0733235575	0.0	-0.0733235575	0.127000127	0.0	-0.00311361	0.01545499	0.0002388567159001	9.6945672321e-06	-0.0177795	-2.3999999999996247e-06	0.00031611062025	5.759999999998198e-12	0.0494448	-0.0083661	0.00244478824704	6.999162921000002e-05	0.000209526	-0.0001530119999999	2.3412672143999992e-08	4.3901144676e-08	0.000311118	-0.000158349	2.5074405801e-08	9.679440992400001e-08	-0.000145556	0.00011616	2.1186549136e-08	1.34931456e-08
5348.768550480581	-10.511914521564904	28609325.00661014	110.5003469086871	10969.890200139189	-66.3247219041823	4398.968735667119	120338491.0031098	4898.784731982199	7.314851978031584	53.50705946051257	23998091.85030191	4924.325411752554	9839.269781210676	1.230776	36.77206	0.05962664	0.031815	-0.1213330662	-0.0573707426	-0.0580159251	0.0235779055	0.0062468724	0.0754818924	-0.1040172866	-0.1256053815	-0.007395109	-0.1128519088	-0.0655124044	-0.0708933971	-0.0113935089	0.0960748877	0.0883909068	-0.001402529	-0.1879487293	0.0066789061	-0.0118321211	-0.0006843421	-0.1868994098	0.0141302669	-0.1878719675	0.1893078921	0.004251603	-0.0271433167	0.0596423849	-0.0256856534	0.1240314945	-0.0806470481	-0.0570128088	0.0396756458	0.1748662612	-0.0401388781	-0.0184907355	-0.121721046	0.0838439521	-0.1541085801	-0.0312890179	-0.0895417955	-0.142073897	-0.0550387265	0.0570934099	0.0139875625	-0.0296591465	-0.0927638751	0.0440954348	0.0628138325	0.0887877777	0.0001294644	0.1962445626	0.0143019301	-0.0116530955	0.001158834	-0.1771327534	0.0356058775	-0.2056084703	0.1574943694	-0.0173759035	-0.0104953402	0.1022202799	-0.0164355081	-0.0819060403	0.1199487978	-0.0329359268	-0.0043829935	0.1775439978	-0.0546044592	-0.0687103388	-0.1976415794	0.0081280264	-0.090140529	-0.0745519386	-0.12691478	-0.0117338863	0.0590067881	0.0502787619	0.053871277	0.0421975411	-0.0079747709	0.0649041728	0.1012058857	0.0176104676	-0.1294041125	0.0817300246	-0.0148360426	-0.0555468308	0.1128671336	0.0	-0.0133201	-0.0102064899999999	0.00010417243812	0.0001774250640099	-0.0177833	-3.799999999998249e-06	0.0003162457588899	1.4439999999986696e-11	0.0748979	0.0254531	0.00560969542441	0.00064786029961	5.9798e-05	-0.000149728	2.241847398400001e-08	3.575800804e-09	0.000111162	-0.000199956	3.9982401936e-08	1.2356990244e-08	-0.000275137	-0.000129581	7.5700368769e-08	1.6791235561000003e-08
5352.092834340098	3.324283859516981	28644897.707394622	11.050863178645118	10995.957208672886	26.06700853369693	679.4889338958288	120911074.9349652	4890.479090951834	-8.305641030365223	68.98367292528629	23916785.73903708	4915.271928053636	9874.18113549676	1.171173	34.991306	0.02529182	0.0128217	0.0551228814	0.1266586826	-0.1058324219	-0.0955061394	0.0486528964	-0.1429620127	-0.0847252928	0.1714105365	-0.0029293277	-0.0025297491	-0.1361730043	0.0882486785	0.0680600236	0.061525585	-0.1501177947	-0.0869827276	0.1099077752	-9.43906e-05	-0.0248448859	0.0687654528	-0.0284420348	9.63166e-05	-0.0938663355	0.0521721666	-0.0270220499	-0.1567365748	0.0542547507	-0.1135846009	0.1526335069	0.0007179644	0.0692307782	-0.0704116032	0.0716002942	0.0744310685	0.01388777	-0.0060234829	-0.0459570653	-0.103369835	-0.1112659785	-0.0409751191	-0.1582041698	0.0817446748	-0.075545299	-0.0520192137	0.093722068	-0.2149740836	0.0028713678	-0.0919612541	-0.151021691	-0.1072826981	-0.1081888321	-0.00871523	-0.0038926346	0.0674322537	-0.0233871028	0.0044190269	-0.0849023475	0.0620972657	-0.0283750996	-0.1256145759	0.0903425346	-0.1547997031	-0.080392925	0.0109616259	0.0275837719	-0.0741198528	0.0492809063	-0.0228246615	-0.1143802549	-0.0106494961	0.0687428303	-0.1522552998	-0.1172798143	-0.1128611803	-0.0021407695	-0.0936687209	-0.1083912186	0.0269614093	-0.1288476212	-0.0657611426	0.1898889364	-0.0375907544	-0.1319066948	-0.1316604456	0.0897635764	-0.0295198472	-0.0367574707	0.0955218954	0.0	-0.00590951	0.00741059	5.49168441481e-05	3.4922308440099994e-05	-0.008874	0.0089092999999999	7.874787599999999e-05	7.937562648999998e-05	0.0732046999999999	-0.0016932000000001	0.0053589281020899	2.8669262400003485e-06	9.25116e-05	3.27136e-05	1.0701796249599996e-09	8.55839613456e-09	0.000111162	0.0	0.0	1.2356990244e-08	-0.000387998	-0.000112861	1.5054244800400004e-07	1.2737605321000004e-08
5349.801609511119	-2.291224828979466	28620377.26112776	5.249711216931984	10940.606085836476	-55.35112283640956	3063.7467992513	119696861.52544214	4897.732756238055	7.253665286220894	52.61566008452604	23987786.15152721	4924.69664463141	9847.218586998337	1.198546	35.809135	0.059815685	0.0335338	-0.0081485785	-0.1411405195	-0.1036454251	0.0243257427	0.1095956995	0.1028085743	0.0416056912	-0.0859506486	-0.0859460032	0.0068092303	-0.1883706679	0.079922296	-0.0339242647	0.0257589171	0.0308496861	-0.1137102426	0.0215359605	-0.0536379148	0.0686286138	-0.0513130525	0.054528525	-0.0167015703	-0.0357335729	0.1128144152	-0.1969128157	0.119305406	0.1628103448	-0.01133266	-0.0050607113	0.032894149	-0.045175865	0.0025731269	0.0615970617	-0.2156654123	-0.0075549308	-0.0154345316	0.0295301514	0.0894035871	0.0436967049	-0.0343281807	-0.0639011683	0.1859607682	-0.0567699244	-0.1025591797	-0.0455115972	-0.125553979	0.0551658792	0.1320615628	0.0347074637	-0.1040135609	-0.0155881403	0.0449490848	0.0657383598	-0.0939585309	0.0426569337	0.0041169792	0.0109173042	0.1453755433	-0.1709085654	0.1271212525	0.1297767879	-0.0130587878	0.0364449133	-0.0411808766	-0.0158685191	0.0213615946	0.0575283941	-0.1686315425	0.1175577842	-0.0778025639	0.0117989927	0.0530636837	0.0521461436	-0.0538224156	0.0027339765	-0.1989386921	-0.0609091069	-0.027940966	-0.00651944	-0.0185005078	0.0784867925	0.2055361076	0.0936356938	-0.1337665517	0.0973875576	-0.0439007383	-0.0172980123	0.0754580649	0.0	-0.0284373	-0.02252779	0.0005075013222841	0.0008086800312899	-0.00688437	0.00198963	4.73945502969e-05	3.9586275369e-06	0.0646344	-0.0085702999999999	0.0041776056633599	7.345004208999838e-05	0.000518764	0.0004262524	1.8169110850576007e-07	2.69116087696e-07	1.53071e-05	-9.58549e-05	9.18816185401e-09	2.3430731041000003e-10	-0.000375546	1.2452000000000036e-05	1.41034798116e-07	1.550523040000009e-10
5351.217648985508	1.4160394743894358	28635530.326813992	2.0051677930291096	11007.83983287592	67.23374703944319	4520.376740963836	121172537.78624976	4899.379175328867	1.6464190908118326	2.7106958225896616	24003916.30364617	4923.986886205429	9881.625447279535	1.393239	41.625984	0.1304037549999999	0.0691895	-0.058406416	-0.0004886574	0.3867540635	0.038641986	-0.2757249851	0.1374316462	0.1499357652	-0.1310027302	0.2886329894	0.0303469613	0.070882776	-0.073956141	0.0221893431	0.1649645613	-0.0505953162	0.3616807931	-0.0522195775	-0.0504011387	0.2206791355	-0.0737706031	0.1143275767	0.22654972	-0.1450491883	-0.0186966538	0.102789369	0.2220895998	-0.0039187659	-0.0816577094	0.0115235444	-0.1096748057	0.049333327	-0.0298445877	0.0304343961	0.0287242874	-0.1212877517	0.0326847922	-0.1816417948	0.0652340889	0.2280433142	-0.1110167049	-0.0976402468	-0.011576056	-0.0957102909	-0.1780639795	-0.0215104798	0.1882480567	0.0306756338	-0.1635270504	-0.0621830698	0.3722306723	0.0377319824	0.050491739	0.2429373785	-0.0620129461	0.1371515519	0.1792310105	-0.1793694548	-0.1178173321	0.0288550998	0.213845372	-0.0136961858	-0.0005313506	0.0262648965	0.1182968646	0.0948851944	-0.034612109	0.0442880518	0.0249907368	0.0769908037	0.0883247527	0.1631059627	-0.0660084929	0.2438826007	-0.1845175154	0.0668013446	0.0066789119	-0.1641140109	0.002673868	0.095074227	0.0910519234	-0.0177554533	-0.1939262106	0.0278588499	-0.1357200277	0.1045671817	-0.0578311484	0.0024767935	0.0532466671	0.0	-0.0527259	-0.0242886	0.00058993608996	0.00278002053081	-0.0205341	-0.0136497299999999	0.0004216492628099	0.0001863151290728	0.00410113	-0.0605332699999999	1.6819267276899997e-05	0.0036642767768928	0.000647469	0.000128705	1.6564977025e-08	4.1921610596100004e-07	-0.000478791	-0.0004940981	2.4413293242361e-07	2.29240821681e-07	-0.000359706	1.5839999999999984e-05	1.29388406436e-07	2.509055999999995e-10
5353.797330483892	2.5796814983841614	28663145.85589645	6.654756633105552	10982.317651647809	-25.52218122811064	651.3817346405231	120611301.00169504	4896.061703723518	-3.317471605349056	11.00561785229724	23971420.20666804	4922.011354886568	9877.566168492334	1.393108	41.62207	0.082806199	0.0424462	0.1614788109	-0.0393183806	0.0707739857	-0.1130605863	-0.1612762666	-0.0664174716	0.081328296	0.2258005424	-0.0912228835	-0.0577829704	-0.0051620474	-0.2477584521	0.1627360124	0.159609631	-0.0239457647	0.0336351175	-0.0026715716	-0.1854630818	-0.2750392234	0.1073450182	-0.1415638533	0.1103539591	-0.0087136469	-0.1601250104	-0.0276423415	0.0029106601	-0.0414050381	-0.1357634865	-0.0156438788	0.1201022293	-0.0061359888	-0.0084595067	0.0751843313	-0.2222812621	0.084794419	0.1446816846	-0.0238367465	0.1344192826	-0.0817259978	0.0524220288	0.0036028978	-0.2226492865	-0.0297140557	-0.0214708694	0.07737484	0.0280970307	0.0432673485	0.0950398019	-0.0193731753	0.0107764172	-0.0416962014	0.1932427124	-0.2805656182	0.1073126827	-0.1275199249	0.1384628953	0.0003917399	-0.1260934278	-0.0161325625	0.0220098694	-0.0249545332	-0.1909648003	0.0147882213	-0.1187338048	0.0196111992	0.1505545126	-0.0251639009	-0.2525766853	0.0821116039	0.1110864448	-0.0371909655	0.0553793819	-0.0112534482	0.0147285053	-0.0692506812	0.1913190427	-0.0184150679	-0.0324898711	-0.0609437168	0.0644939917	0.0264225682	0.0284882572	0.0310034478	-0.1375186448	0.1112696897	-0.0711681327	0.0222064467	0.0295198472	0.0	-0.0487733	0.0039526	1.5623046760000005e-05	0.00237883479289	0.000446634	0.020980734	1.99481929956e-07	0.0004401911991787	0.0171019	0.01300077	0.00029247498361	0.0001690200205929	-1.84849e-05	-0.0006659539	4.434945969252101e-07	3.4169152801e-10	-0.000478791	0.0	0.0	2.29240821681e-07	-0.000128218	0.000231488	1.6439855524000002e-08	5.358669414399999e-08
5365.417055629803	11.619725145910706	28787700.180843186	135.0180124665096	10996.871782815868	14.55413116805903	211.8227340570673	120931189.00769185	4907.786826000325	11.72512227680727	137.4784924060821	24086371.529462345	4934.356845484024	9899.020318123035	1.206994	36.06152	0.056200579	0.0336884	-0.0364136054	-0.1733535575	-0.0261412273	-0.1117423012	-0.0190029273	-0.0865035116	0.0721395955	-0.1182241649	-0.1465059946	0.1365485679	-0.0715711826	-0.229976145	0.0414073676	0.0584900008	0.0931058919	-0.1148055691	-0.0093510583	0.1153055469	-0.003238653	0.2182449638	0.0706259777	-0.0327902059	-0.0601530061	-0.0173897211	-0.0899096838	-0.1450769104	-0.0946703814	0.0757938236	-0.049313209	-0.0284082833	0.0107764908	0.0614530605	0.0941702309	-0.0036768398	-0.1103469827	-0.0539042614	0.2507797625	-0.0185473768	0.1477641079	-0.0102111254	0.0590497052	-0.0710670014	-0.2031289951	-0.0003194912	0.0194687823	-0.0188215539	-0.021839687	0.007130395	0.0920855248	-0.1122311111	0.0166003252	-0.0832812997	-0.0232379118	0.203327392	0.024331501	-0.0393456222	0.0081870879	-0.0128676754	-0.1697260476	-0.1711806004	-0.0989494589	0.0883222026	0.0372852706	0.0379933371	0.011202792	-0.0297495061	0.1132109299	0.0475533786	0.0419992657	-0.2079521735	-0.1281733021	0.10208261	0.0693904935	-0.0244591405	0.057836208	0.0829989872	-0.0972462923	-0.2047594165	-0.0381012736	-0.0087994455	0.0018508344	0.0494953992	-0.1369885158	-0.1391603506	0.1174644996	-0.0837748356	0.0415312705	0.0049528805	0.0	-0.0465823	0.0021909999999999	4.800480999999994e-06	0.00216991067329	-0.00187005	-0.002316684	3.4970870025e-06	5.367024755856001e-06	0.0431735	0.0260715999999999	0.0018639511022499	0.0006797283265599	0.000468201	0.0004866859	2.3686316525881005e-07	2.19212176401e-07	-0.000478791	0.0	0.0	2.29240821681e-07	-0.000102478	2.5740000000000008e-05	1.0501740484e-08	6.625476000000003e-10
5343.57223801407	-21.84481761573352	28553764.262874693	477.1960566646615	10952.15266646462	-44.71911635124707	1999.7993672363727	119949648.02954812	4905.614511801348	-2.172314198976892	4.718948979076616	24065053.73839598	4931.82148030599	9877.403538408644	1.093283	32.664173	0.06794312	0.0412589	-0.1170949825	-0.1206870987	0.0683395108	0.1297775431	-0.0457028965	0.1688036877	-0.0200081471	-0.0553862445	-0.0257978465	-0.0635028353	0.0230731864	0.0524618915	0.0433333576	0.0169225604	0.1251900116	0.0266893328	0.0824348317	0.1185962654	0.0403639922	0.0129284286	-0.0492576938	-0.0245984202	0.0809322548	-0.1434248761	-0.0807855356	0.1497675952	-0.0878682155	0.081168751	-0.1486973742	-0.090607942	-0.1445856436	-0.1225518512	0.0492612013	0.2022026607	0.1555414697	0.1169688983	0.0686072911	0.021627197	-0.1128034546	0.0870169964	-0.1192431407	0.068711876	-0.0667197614	-0.0786865685	-0.1128597945	0.2091783882	0.0645204001	0.0868271669	0.1283475053	0.0417991978	-0.0549841329	-0.1297474036	0.0297086079	-0.0250402889	-0.0713336533	-0.0191166556	0.1407688156	-0.1222050898	-0.0834615993	0.1195970746	-0.0859482747	0.1280598152	0.08291427	0.1004176307	-0.0769707595	-0.0551938099	0.0054389065	-0.0420863568	-0.1693530331	0.2305997614	-0.1252590511	0.05605011	-0.1156795841	-0.0326632648	-0.1097657993	-0.0577465532	-0.1529489329	-0.0640034463	0.1774989393	0.0184793526	-0.1536023303	0.053901085	-0.0477954287	-0.1406432718	0.123123346	-0.0955218954	0.0600989683	-0.0197550473	0.0	-0.0491891	-0.0026067999999999	6.7954062399999966e-06	0.00241956755881	0.00292528	0.00479533	8.557263078400001e-06	2.2995189808900005e-05	0.0826604999999999	0.0394869999999999	0.0068327582602499	0.0015592231689999	0.000639029	0.000170828	2.9182205584000013e-08	4.083580628410001e-07	-0.000640771	-0.00016198	2.6237520400000016e-08	4.105874744410001e-07	-1.42062e-05	8.827180000000001e-05	2.0181611844e-10	7.791910675240002e-09
5341.728143045651	-1.844094968418176	28534059.554205943	3.400686252545233	10949.32381212958	-2.8288543350408872	8.002416848879621	119887691.94286785	4891.418807278536	-14.195704522811866	201.51802689898128	23925977.94819818	4918.263346823668	9840.79613497481	1.018234	30.421907	0.041812185	0.0230313	-0.146185626	-0.0672585169	-0.0155418375	-0.0551046427	-0.0374131921	0.1132323825	-0.1260008758	0.0457586365	-0.0313501084	0.1044008207	-0.1444727797	-0.1550815876	-0.0278014057	-0.0311244561	-0.0163428706	-0.052109487	-0.1652204846	0.0188102318	-0.1848916133	-0.0705600845	0.0409701551	0.0238329276	0.0233986306	-0.0295100785	0.0974113612	0.0617636934	0.1111910523	0.1101354097	-0.1392568399	0.0651249135	0.0414387312	0.1339251991	0.1108315107	0.1602095443	0.2127529429	0.0303945451	-0.1212474963	-0.0962249764	-0.1586183072	0.1170555099	0.0133455057	-0.1571841239	-0.0291872667	-0.1840018794	0.1808767816	0.0119050999	-0.143045954	0.0774657748	-0.0165128538	-0.0459658455	0.1624974981	0.0028322112	-0.1883750645	-0.0330197812	0.0598060148	0.0224666857	0.0080514104	-0.0268261962	0.0787660923	0.0483954482	0.1129255881	0.16482045	0.045584104	-0.0856481726	0.0269233305	0.1903056544	0.090606361	0.0515986657	-0.2256529771	0.1277630141	-0.0376196816	-0.0724039636	-0.0853693477	0.1053764144	-0.1218935302	0.1631023385	-0.1787648111	0.0448162402	-0.2460258067	0.0226707845	-0.0810627264	-0.0063832283	0.0943114946	-0.1419657166	0.1282204088	-0.1062887712	0.0775710461	-0.0439007383	0.0	-0.0601673	-0.0109782	0.00012052087524	0.00362010398929	-0.0177383	-0.0206635799999999	0.0003146472868899	0.0004269835384163	0.0831089	0.0004484	0.00690708925921	2.0106256000008854e-07	0.000717287	7.8258e-05	6.124314563999999e-09	5.145006403690001e-07	-0.0007558919999999	-0.0001151209999998	1.3252844640976969e-08	5.713727156638488e-07	-1.52673e-05	-1.061099999999999e-06	2.3309044928999997e-10	1.125933209999998e-12
5339.741756453723	-1.986386591928749	28512842.025615487	3.945731692594311	10981.166020044788	31.84220791520784	1013.9262049153248	120586007.15978628	4894.508647534005	3.0898402554685163	9.547112804313748	23956214.90078516	4919.55460533729	9845.458298542128	1.045087	31.22422	0.0593049449999999	0.0347736	-0.0994491333	0.0438183224	0.0317655592	0.1161392849	0.0266367255	0.1371297514	-0.0441634529	-0.0940295732	0.1209952919	0.072605421	-0.023896096	0.0657438396	-0.0127230734	-0.1617753548	-0.0367644233	0.0182823652	0.0834654792	0.0617399189	-0.0201816387	-0.1381311276	0.0023625849	-0.0230253149	0.0946701718	-0.1163955166	-0.1215975955	-0.0052738724	-0.0242867903	0.1879532669	0.1451117193	0.0956226867	0.0579791316	-0.0135007502	0.1687355683	0.0443924949	-0.0978836596	0.10905342	0.1284606946	0.1625572429	0.131946681	-0.0694304054	-0.0309379049	-0.0694661631	-0.0406503599	0.0424874046	0.0366950514	-0.0293269918	-0.0712026382	-0.1043125178	-0.0348640823	0.0334574191	-0.0606867469	-0.0861637354	-0.041423026	-0.1496375995	-0.0060065893	-0.0370413238	0.1327402181	-0.0818442185	-0.058716418	-0.0446150057	-0.0276809654	0.0778671263	-0.2060461882	-0.11674187	0.0030286731	-0.1162491044	0.1627594576	-0.0094101452	0.0824649196	0.0228191496	-0.1056595222	0.1509908483	0.1454853306	-0.1410395179	0.0552842879	0.0503565537	0.0135532766	-0.0555767221	-0.1151402397	-0.0220868633	0.045051872	0.0506259059	-0.0622250043	-0.1431261759	0.1327324313	-0.1159649805	0.0936289832	-0.0667969964	0.0	-0.0600769	9.039999999999744e-05	8.172159999999535e-09	0.00360923391361	-0.0106149	0.0071233999999999	0.00011267610201	5.0742827559999975e-05	0.112687	0.0295780999999999	0.012698359969	0.0008748639996099	0.000786489	6.920199999999998e-05	4.788916803999997e-09	6.18564947121e-07	-0.00103921	-0.0002833180000001	8.026908912405669e-08	1.0799574241e-06	8.247359999999998e-05	9.774089999999998e-05	6.801894696959997e-09	9.553283532809996e-09
5355.288449550464	15.546693096741365	28679114.37788861	241.6996662442656	11003.10314583614	21.93712579135172	481.2374879855888	121068278.83790916	4904.5493813727535	10.040733838748563	100.8163360205905	24054604.634323858	4930.179676701472	9864.035866617454	1.046301	31.260479	0.02813135	0.0158979	-0.0147836098	0.1284292701	0.0034641983	0.0047435703	-0.0057739832	-0.0361765173	-0.068527046	0.0127423783	0.0605926057	-0.019455677	0.1229818246	0.0118868449	-0.0298627093	-0.0132384643	0.0072546218	0.0317946121	-0.0833468093	0.1318065375	0.0427002181	-0.0446136014	0.0166207985	0.0689788386	0.0219205705	-0.0203617306	0.0275499397	-0.1361214688	0.0078354113	-0.0442582205	0.0507717144	-0.1508208805	0.0765917469	-0.1062096393	0.0081629467	-0.078727383	0.143614925	-0.1386542643	-0.0246310319	0.0518757288	-0.2061027678	-0.0043977516	-0.0003095819	0.0296451287	0.2072273182	0.1226445924	0.0735924342	-0.1130685986	-0.0076091824	-0.0433732276	0.0082447965	0.0282102966	0.092346504	-0.127601761	0.04526294	-0.015994631	0.0354856121	0.0602112258	-0.0192442139	-0.0069540388	0.0447715349	-0.1221539252	0.0175340181	-0.0590735526	-0.0582574196	0.0795641467	0.1088553247	-0.0188457153	-0.1307406831	-0.1499539357	-0.1209186724	-0.0329901942	0.0898740021	0.0940888835	-0.1845207048	0.023432788	-0.0721428573	-0.017386876	0.1594411596	0.1682269954	-0.091477228	-0.0090407773	-0.012110525	0.0024590093	-0.0794249186	-0.1441233256	0.1366388261	-0.124451232	0.1079800393	-0.0877921846	0.0	-0.0632021	-0.0031251999999999	9.766875039999968e-06	0.00399450544441	-0.0103368	0.0002780999999999	0.00010684943424	7.733960999999994e-08	0.119054	0.0063669999999999	0.0141738549159999	4.053868899999997e-05	0.0010614	0.000274911	7.557605792100004e-08	1.1265699600000002e-06	-0.000977071	6.213900000000012e-05	3.861255321000015e-09	9.54667739041e-07	5.23026e-05	-3.017099999999998e-05	2.73556196676e-09	9.102892409999987e-10
5350.152333445012	-5.136116105451947	28624129.991067108	26.37968864868288	10989.334125106636	-13.769020729503607	189.5859318495001	120765464.51323324	4898.037139396196	-6.512241976557561	42.40929556123834	23990767.81890447	4923.953189947666	9858.987620038948	1.042674	31.152103	0.036856295	0.019633	0.109767402	0.0912544972	0.005829375	0.1387975411	0.065180959	-0.0481356809	0.0455145007	0.0445153478	-0.0281984094	0.0678208883	0.1787387381	0.2033377077	-0.0014591094	-0.0273428258	0.0601183277	0.0211089297	0.1292350134	-0.0092193782	-0.0247649134	0.1591369472	0.067136606	-0.1160767831	-0.0166196144	0.0374074122	-0.0761339866	0.0653820308	0.0953764993	0.2031549434	-0.0322561667	0.1246218904	0.1142614045	-0.0903067407	-0.1596457213	0.0283887144	-0.0449651921	-0.1281105972	-0.1803118134	0.0225553529	-0.0048489427	0.0439716565	0.0370081851	-0.0450583673	0.0240877174	0.0723284215	-0.0203374418	0.0644470546	0.0902726386	-0.1154558062	0.0557921199	0.0216281465	-0.1382632866	0.0088046215	0.0169710703	0.1371215394	0.0297018364	-0.0939477625	0.0705826728	0.0565490679	-0.1205109705	0.0605451291	0.0875528634	0.1918033557	-0.0701876072	-0.1771848038	0.0221805597	-0.0410137046	-0.1422374654	0.0742699163	0.0155290951	0.0418336843	0.2067442582	-0.0561464996	0.023197989	0.0479624779	-0.0422963167	0.0233387947	0.1273598406	-0.0161257636	0.0785492839	0.0976298953	0.0490083855	-0.0833795086	0.0335277419	-0.1449560281	0.1399217693	-0.1316604456	0.1203625908	-0.1062887712	0.0	-0.0491654	0.0140367	0.0001970289468899	0.0024172365571599	-0.0176616	-0.0073247999999999	0.00031193211456	5.365269503999999e-05	0.119069	1.5000000000001124e-05	0.0141774267609999	2.2500000000003368e-10	0.00086797	-0.00019343	3.7415164900000036e-08	7.533719209000001e-07	-0.0008921909999999	8.488000000009992e-05	7.204614400016963e-09	7.960047804808216e-07	8.358849999999998e-05	3.128589999999998e-05	6.987037332249996e-09	9.788075388099986e-10
5352.9359769895445	2.783643544532424	28653923.57374901	7.748671383017037	10985.66942756039	-3.664697546246316	13.43000810546377	120684932.771635	4894.253830641062	-3.783308755133476	14.31342513666961	23953720.558744717	4919.24895316882	9875.620430370822	1.012975	30.264803	0.03190876	0.0168439	0.0781389228	0.0509551375	0.0489537768	-0.0472409467	-0.0148344537	-0.0299811233	0.0142738375	0.0571124596	0.0637695786	-0.15956558	0.068609867	-0.0025421144	-0.016464716	0.0177867437	-0.0068748091	0.0276187751	-0.1163154253	-0.0841021082	-0.1358380012	-0.1247025014	0.0595092503	-0.0098112165	0.1126088635	-0.0961058871	0.1416257274	0.1325154341	0.0393579742	-0.1158256927	0.070824024	0.0731740845	0.0804859223	0.0519866736	-0.1104205757	-0.0177058666	-0.0129743089	-0.0164638026	0.0486239196	-0.0862830297	0.0615227231	-0.144525212	0.1213178328	0.0854527991	-0.005659604	0.1063864334	-0.1845486028	-0.0666496107	-0.0248648886	-0.0236935949	-0.0095987243	0.0278628314	0.116814047	0.0787353682	-0.1351870018	-0.078601221	0.0943113798	-0.0267073813	0.0584166483	-0.1053618215	0.2003555189	0.1327283045	0.026630971	-0.1170640028	-0.0068624476	-0.0998117499	0.0435863518	0.0195822688	-0.0297395216	0.0774108393	0.0331528807	-0.0681407478	-0.0048797024	-0.0424302178	-0.0213381501	0.0353386525	0.2133759651	-0.0656826569	0.1009496117	-0.03490247	0.122277655	-0.1428750603	0.030048982	-0.0344211992	0.0051697167	-0.145623333	0.1425662815	-0.1375186448	0.1305509005	-0.121760336	0.0	-0.0574279	-0.0082624999999999	6.826890624999999e-05	0.0032979636984099	-0.017659	2.599999999998437e-06	0.000311840281	6.759999999991872e-12	0.130832	0.011763	0.017117012224	0.000138368169	0.00096523	9.725999999999996e-05	9.45950759999999e-09	9.316689529e-07	-0.0008921909999999	0.0	0.0	7.960047804808216e-07	-5.67647e-05	-0.0001403531999999	3.22223116609e-09	1.9699020750239997e-08
5351.814492491719	-1.1214844978258045	28641918.362044398	1.2577274788635964	10987.006591235631	1.3371636752417544	1.788006694386036	120714313.8358552	4891.12247456617	-3.13135607489221	9.805390867764348	23923079.061206296	4916.63724208734	9843.821726612863	1.003229	29.973612	0.03484137	0.0199147	0.192284705	-0.0161591017	-0.0227693611	-0.0147971747	0.0770989264	-0.07825392	0.1698693013	0.067663433	-0.0159493659	0.0011871982	0.0212010537	0.0204077286	-0.0420823667	-0.0827509512	-0.111832405	-0.0294266294	0.1396619468	-0.1834708181	0.0771792373	-0.0260982945	-0.0566188635	-0.1701029997	0.0858466879	-0.1518531669	0.0568728437	-0.1066186256	0.0369326957	-0.0844477389	0.0090956674	-0.0436106284	0.0675155163	0.0933081095	-0.1747857237	0.0019294207	-0.077506473	-0.1446445805	-0.0466617399	0.0089309238	-0.1289576639	-0.0395611908	0.1073781876	-0.0322577986	-0.1230264346	0.044122728	-0.1119647905	0.1254269928	-0.0150943864	0.0946859621	-0.1120558603	-0.0408403935	-0.1432914141	0.1592142811	0.0793482969	-0.0480559497	-0.0770405973	-0.1608746896	0.106962164	-0.1136748646	0.0803025929	-0.0951404753	0.063966234	-0.1286324262	0.0143282875	0.005770401	0.0414787194	0.0577404389	-0.1185412694	0.1521456566	0.0451443519	-0.059875949	0.1547680963	0.0488833399	-0.14304791	0.0770205575	0.0432718237	0.0511659244	0.0292698558	-0.1450803095	0.0876839626	-0.0225901929	-0.0991920236	0.0225488236	0.0801079988	-0.1461244791	0.1445602966	-0.1419657166	0.1383592329	-0.1337665517	0.0	-0.0485533	0.0088745999999999	7.875852515999994e-05	0.00235742294089	-0.00750602	0.01015298	5.63403362404e-05	0.0001030830028804	0.132112	0.00128	0.017453580544	1.6384000000000083e-06	0.00118913	0.0002239	5.013121000000004e-08	1.4140301569e-06	-0.0008921909999999	0.0	0.0	7.960047804808216e-07	1.00111e-05	6.67758e-05	1.0022212321e-10	4.45900746564e-09
5362.458310756105	10.643818264386027	28755959.134597216	113.29086724527758	11007.484270678991	20.477679443360103	419.3353553850129	121164709.9692454	4919.591444721606	28.468970155436185	810.482261711116	24202379.982978024	4945.6089845315	9838.491908263157	1.199605	35.840748	0.07352259	0.0354252	-0.0683931113	-0.0881939077	-0.0641206397	-0.0635159401	-0.0063028906	-0.0571617115	-0.0172301602	-0.138611151	-0.0711132685	-0.1470638323	0.1032608316	-0.0623962553	-0.1191240417	-0.0326019356	0.1791735055	0.0806997553	-0.0411533467	-0.0144547038	0.1354013167	0.0524274883	0.0679831763	-0.1032117825	-0.0516410016	0.1030939596	0.0675550405	-0.0838527176	-0.097320525	-0.0904357681	0.1008021955	-0.0561705588	-0.0321001376	0.0607380525	-0.0182458257	0.1351836001	-0.0048744567	0.1877771905	0.0593582872	-0.0710377704	0.1151329327	0.1722548693	-0.1206848928	0.1859405345	0.1414048039	-0.1365500138	-0.0402455517	-0.1720459365	-0.0710304655	0.1293614431	0.1785907267	0.0795116496	0.0259737914	0.029741815	0.1271444857	0.0757831016	0.0546523143	-0.1126976043	-0.0723387026	0.0758473674	0.0410249323	-0.0692681297	-0.0946709756	-0.0935103374	-0.0137400836	0.1090719624	-0.0209851988	-0.0557791321	0.0327805008	0.12808271	-0.0122946704	0.0242294496	-0.2234693423	-0.1056570714	0.1224411129	0.0051247319	-0.1091017745	-0.181294086	-0.1602787503	0.1990904623	-0.0326470392	-0.1433163604	0.019116564	0.1404931447	-0.0029422341	-0.1464588945	0.1458947161	-0.1449560281	0.14364524	-0.1419657166	0.0	-0.0634912	-0.0149378999999999	0.0002231408564099	0.00403113247744	0.00100614	0.00851216	1.0123176996e-06	7.245686786560002e-05	0.158588	0.026476	0.025150153744	0.000700978576	0.000929711	-0.000259419	6.729821756100005e-08	8.643625435209999e-07	-0.00104324	-0.000151049	2.28158004010302e-08	1.0883496976e-06	7.14737e-05	6.14626e-05	5.108489791690001e-09	3.7776511987600005e-09
5359.370902717178	-3.0874080389266965	28722856.47289154	9.53208839882919	10997.000540897763	-10.483729781228249	109.9085901258121	120934020.8965057	4886.138498736886	-33.45294598472083	1119.0995950566494	23874349.428838745	4913.105173746745	9905.088489138245	1.11302	33.253857	0.0769857062999999	0.040279	-0.0447112285	0.1008625628	-0.1027005113	-0.0765212126	0.0249858762	-0.107310996	-0.0913800396	0.0048646151	-0.0458197748	0.0955427326	-0.0722412084	0.1219726947	0.0819439261	-0.1546792655	-0.1967298137	-0.0349331757	0.074835991	0.0432110279	0.0772308837	0.0408108484	-0.0609524513	0.1211570769	0.0125844123	0.2000971121	0.0673079001	-0.0991332661	-0.1123090603	-0.0434220667	-0.1221214657	-0.0557833732	-0.297398378	-0.0761414272	-0.0019871112	-0.1858296531	-0.1256425876	-0.0761969299	0.0825254568	-0.0079199161	0.0424827078	0.0416565265	0.0663549157	-0.0073890675	0.1580139157	0.0733496019	0.1115685304	-0.0038129244	0.0697400106	-0.0826456105	-0.1932833117	-0.0413404698	-0.0789847658	-0.0527698548	0.0618378146	0.0180010691	-0.0450196915	0.1179864166	-0.0778033724	0.1575755977	0.0727329121	-0.0870073813	-0.1436779368	0.0299759932	0.1880065897	0.169572451	-0.2210722371	-0.0639539857	-0.0139869304	-0.1178053223	0.1380842705	-0.1468910108	-0.0058371742	0.059530488	0.0345645413	0.0721790013	-0.0364072352	-0.0037069004	0.1666662915	0.1110554907	0.0364346444	0.1130289158	0.0824881973	-0.1494740288	0.080093345	-0.1466261977	0.1465634515	-0.1464588945	0.1463125564	-0.1461244791	0.0	-0.0468938	0.0165974	0.0002754736867599	0.00219902847844	4.72987e-05	-0.0009588413	2.2371670216900003e-09	9.1937663858569e-07	0.169665	0.011077	0.028786212225	0.000122699929	0.000339	-0.000590711	3.48939485521e-07	1.14921e-07	-0.000713988	0.0003292519999999	1.0840687950399997e-07	5.09778864144e-07	0.00011856	4.70863e-05	1.40564736e-08	2.21711964769e-09
