global_signal	global_signal_derivative1	global_signal_power2	global_signal_derivative1_power2	csf	csf_derivative1	csf_power2	csf_derivative1_power2	white_matter	white_matter_derivative1	white_matter_power2	white_matter_derivative1_power2	csf_wm	tcompcor	std_dvars	dvars	framewise_displacement	rmsd	t_comp_cor_00	t_comp_cor_01	t_comp_cor_02	t_comp_cor_03	c_comp_cor_00	c_comp_cor_01	c_comp_cor_02	c_comp_cor_03	c_comp_cor_04	c_comp_cor_05	c_comp_cor_06	c_comp_cor_07	w_comp_cor_00	w_comp_cor_01	w_comp_cor_02	w_comp_cor_03	w_comp_cor_04	w_comp_cor_05	w_comp_cor_06	w_comp_cor_07	w_comp_cor_08	w_comp_cor_09	w_comp_cor_10	w_comp_cor_11	w_comp_cor_12	w_comp_cor_13	w_comp_cor_14	w_comp_cor_15	w_comp_cor_16	w_comp_cor_17	w_comp_cor_18	w_comp_cor_19	w_comp_cor_20	w_comp_cor_21	w_comp_cor_22	w_comp_cor_23	w_comp_cor_24	w_comp_cor_25	w_comp_cor_26	w_comp_cor_27	w_comp_cor_28	w_comp_cor_29	w_comp_cor_30	w_comp_cor_31	w_comp_cor_32	w_comp_cor_33	w_comp_cor_34	w_comp_cor_35	w_comp_cor_36	w_comp_cor_37	w_comp_cor_38	w_comp_cor_39	w_comp_cor_40	w_comp_cor_41	w_comp_cor_42	w_comp_cor_43	w_comp_cor_44	w_comp_cor_45	w_comp_cor_46	w_comp_cor_47	w_comp_cor_48	w_comp_cor_49	w_comp_cor_50	w_comp_cor_51	w_comp_cor_52	w_comp_cor_53	w_comp_cor_54	w_comp_cor_55	w_comp_cor_56	w_comp_cor_57	w_comp_cor_58	w_comp_cor_59	w_comp_cor_60	w_comp_cor_61	w_comp_cor_62	w_comp_cor_63	w_comp_cor_64	w_comp_cor_65	w_comp_cor_66	w_comp_cor_67	w_comp_cor_68	w_comp_cor_69	w_comp_cor_70	w_comp_cor_71	w_comp_cor_72	w_comp_cor_73	w_comp_cor_74	w_comp_cor_75	w_comp_cor_76	w_comp_cor_77	w_comp_cor_78	w_comp_cor_79	w_comp_cor_80	w_comp_cor_81	w_comp_cor_82	w_comp_cor_83	a_comp_cor_00	a_comp_cor_01	a_comp_cor_02	a_comp_cor_03	a_comp_cor_04	a_comp_cor_05	a_comp_cor_06	a_comp_cor_07	a_comp_cor_08	a_comp_cor_09	a_comp_cor_10	a_comp_cor_11	a_comp_cor_12	a_comp_cor_13	a_comp_cor_14	a_comp_cor_15	a_comp_cor_16	a_comp_cor_17	a_comp_cor_18	a_comp_cor_19	a_comp_cor_20	a_comp_cor_21	a_comp_cor_22	a_comp_cor_23	a_comp_cor_24	a_comp_cor_25	a_comp_cor_26	a_comp_cor_27	a_comp_cor_28	a_comp_cor_29	a_comp_cor_30	a_comp_cor_31	a_comp_cor_32	a_comp_cor_33	a_comp_cor_34	a_comp_cor_35	a_comp_cor_36	a_comp_cor_37	a_comp_cor_38	a_comp_cor_39	a_comp_cor_40	a_comp_cor_41	a_comp_cor_42	a_comp_cor_43	a_comp_cor_44	a_comp_cor_45	a_comp_cor_46	a_comp_cor_47	a_comp_cor_48	a_comp_cor_49	a_comp_cor_50	a_comp_cor_51	a_comp_cor_52	a_comp_cor_53	a_comp_cor_54	a_comp_cor_55	a_comp_cor_56	a_comp_cor_57	a_comp_cor_58	a_comp_cor_59	a_comp_cor_60	a_comp_cor_61	a_comp_cor_62	a_comp_cor_63	a_comp_cor_64	a_comp_cor_65	a_comp_cor_66	a_comp_cor_67	a_comp_cor_68	a_comp_cor_69	a_comp_cor_70	a_comp_cor_71	a_comp_cor_72	a_comp_cor_73	a_comp_cor_74	a_comp_cor_75	a_comp_cor_76	a_comp_cor_77	a_comp_cor_78	a_comp_cor_79	a_comp_cor_80	a_comp_cor_81	a_comp_cor_82	a_comp_cor_83	cosine00	cosine01	cosine02	cosine03	cosine04	trans_x	trans_x_derivative1	trans_x_derivative1_power2	trans_x_power2	trans_y	trans_y_derivative1	trans_y_derivative1_power2	trans_y_power2	trans_z	trans_z_derivative1	trans_z_derivative1_power2	trans_z_power2	rot_x	rot_x_derivative1	rot_x_derivative1_power2	rot_x_power2	rot_y	rot_y_derivative1	rot_y_power2	rot_y_derivative1_power2	rot_z	rot_z_derivative1	rot_z_derivative1_power2	rot_z_power2	motion_outlier00	motion_outlier01
5119.868193201799	n/a	26213050.31575945	n/a	10603.81695071875	n/a	112440933.92435028	n/a	4811.651316750336	n/a	23151988.393985245	n/a	4853.024691592495	9172.450728204654	n/a	n/a	n/a	n/a	-0.0352816896	-0.0876533746	-0.0962449594	-0.0284995247	-0.0782087489	0.0931726154	-0.1013567475	0.0459654922	-0.1325616979	0.0919745489	-0.1202824981	0.2078863926	0.006461967	-0.0182069566	0.0895997261	-0.0938392649	-0.0619033124	0.1010274665	-0.0017602683	0.0168575453	-0.0891793387	0.0914674515	-0.0832666211	0.0974850297	-0.0346494962	0.0585958354	-0.1173785484	0.0623078352	-0.0605656428	0.0112576437	0.010097231	-0.0262257267	0.0092758474	-0.0490175617	0.0453881239	-0.0731188499	0.0571383194	-0.0520358133	0.0114440548	-0.0787360263	0.003486362	-0.0019327217	0.0745494245	-0.0488485834	0.064575468	-0.0455515323	0.0525461585	-0.0390383251	0.0409421349	-0.0421938455	0.1046782031	-0.1184250124	0.0784202798	0.0627897902	-0.051203026	0.0202240422	-0.0170497017	-0.0420302629	0.0106655305	0.1112958464	-0.068675081	0.1224620481	-0.0689128481	0.0313233968	0.0191999725	0.0195026982	-0.0497163141	0.0513512833	0.0360525548	-0.0154185987	-0.0615198637	0.1205442378	0.0050416943	-0.0471570034	-0.0396980065	-0.03649577	0.0510135453	0.1019819983	-0.0592678049	-0.0255722632	0.0757607093	-0.1178904013	-0.0109645401	-0.013771113	0.1245738784	0.0211788156	0.1020925007	-0.0449380795	-0.0576445237	0.0748664825	0.0477887672	-0.0306470389	-0.0106604178	-0.0583186312	0.0606594598	0.0382267564	-0.0082920416	0.0097934795	0.0704317925	-0.099997582	-0.0184596979	0.0782972171	-0.0199117483	0.0976043565	-0.0504751219	0.0185082711	-0.1517992457	0.0689292679	-0.123751602	0.0891094574	-0.0362626253	0.0017182754	0.0699613262	-0.0193738532	-0.0107382279	0.0557267692	-0.0125481162	0.0529138071	-0.08250948	0.0669200282	-0.054527378	0.0191156004	-0.0291065885	0.053945468	-0.0033975117	0.0135652485	-0.0500836511	0.0792060182	-0.0971603272	0.0782487398	-0.0052973825	0.0145265964	-0.0114600608	0.0731692008	-0.1254858971	0.0287722345	-0.0567941753	-0.0467859077	0.0327434978	-0.0532212277	0.0466097164	0.0086328736	-0.026382045	-0.1239091884	0.0349692943	-0.1284208177	0.0399256552	0.0321235562	-0.0601171126	0.0013328086	0.0800238921	-0.0303087892	-0.0150375957	0.0359263692	0.1119561902	-0.0774860164	-0.022196443	0.0483095655	-0.0558022425	-0.0082592844	-0.0033153026	0.1037895811	0.0102817465	-0.0665259804	-0.0086844261	-0.0152641029	0.1232579995	0.032578016	-0.1563603861	-0.0304202968	-0.0949027816	0.0684394509	0.030830269	-0.0406820215	-0.0436936844	-0.0146639339	0.0499673242	0.0007768318	-0.0814458584	-0.0239513436	0.0854343618	0.0854301501	0.0854231306	0.0854133037	0.0854006697	-0.0143551	n/a	n/a	0.00020606889601	-0.139891	n/a	n/a	0.0195694918809999	0.276182	n/a	n/a	0.0762764971239999	8.043749999999998e-05	n/a	n/a	6.470191406249997e-09	-0.000389337	n/a	1.51583299569e-07	n/a	0.00184145	n/a	n/a	3.3909381025e-06	0.0	0.0
5108.40380707352	-11.46438612827933	26095789.45612323	131.43214929828352	10520.731936547649	-83.08501417110165	110685800.48069364	6903.119579812162	4810.71063518645	-0.940681563885846	23142936.81549602	0.8848818046347212	4851.118298538955	9088.049979612171	1.186941	33.533157	0.093935625	0.0522667	-0.0334499425	-0.1460464558	-0.0505546053	0.021545599	-0.1066093402	0.1016085752	-0.1464464278	-0.1102820502	0.07242667	0.0289734949	-0.0673847628	0.0855336251	0.0287258611	0.0104496941	0.0545210092	-0.0720184943	-0.0214439332	0.0431833372	0.0567170156	0.0758320691	-0.1102440867	0.0048758562	0.0130365443	-0.0839805305	-0.0112869361	-0.0018656838	-0.0249118004	-0.0324812289	0.034232441	0.0457938466	-0.0703583777	-0.0197896838	-0.0299480338	0.1383796073	-0.0117603614	0.0947200598	0.0444676254	0.0586342087	-0.0215729177	0.1288858094	0.007411458	0.0838934289	0.0675671156	-0.0091962243	-0.0844465322	-0.0654696486	0.060409973	0.0046728441	0.1215376788	0.0425074575	0.0637825089	0.0041598346	-0.0288092882	-0.0456005549	-0.0578456528	0.0548142693	0.0568150771	-0.1449415089	-0.0200793219	-0.0075323829	-0.0098849838	0.0325711403	-0.0492706636	-0.0203499671	0.1344397913	0.0921522689	0.0018123508	-0.0165786994	0.0622134217	0.0189622533	0.0448654407	0.0634751089	-0.0926284491	-0.0349794379	-0.0933453134	-0.0467280618	-0.0098384058	-0.0002793239	0.0695637988	0.0420195996	0.000210323	0.0527435957	-0.1184679267	0.0633817611	-0.1232095915	-0.0607825498	-0.070529818	-0.0815098369	-0.043611904	-0.126627639	-0.0516416252	0.015843316	-0.0898432904	0.0854395611	-0.1138236295	0.0270202649	-0.0293434646	-0.0243788034	0.0691972118	-0.0937414363	-0.0173759805	-0.0151824288	0.0291981877	0.0789157917	0.0008830542	0.0957447755	-0.0544389319	-0.0599727178	0.0565746325	-0.0048169245	-0.0091145474	0.0465863163	-0.0255686945	-0.0422578001	0.0756498776	0.0057154379	-0.0164493733	-0.1516642977	0.0152662668	-0.0989587724	0.019837114	-0.0997595158	0.042426597	-0.1019661699	-0.0354982677	-0.0869739661	-0.0527429291	0.0264336259	0.0715628712	0.078021731	-0.0437211223	-0.0084220195	0.1015275369	0.0830540076	-0.0515081524	0.022896995	0.0344523595	0.040080813	-0.0202793076	0.0095886301	0.0918775273	-0.1156594532	-0.013518594	-0.0034092711	0.0353285822	-0.0447674123	0.0387702919	0.0353445694	-0.1363976906	-0.0337097434	0.0439022749	0.0140998148	0.1025522729	-0.0354951255	-0.0037288452	-0.0814506162	-0.0034155731	-0.0565636912	-0.0839416149	-0.0919683361	-0.007069817	-0.0269802396	0.0834157246	0.069740115	-0.0249994306	-0.1261750322	-0.0523778566	0.050452953	0.147002671	-0.0504802563	0.0950929923	0.1016220285	0.0425392096	0.0708842289	0.0343392689	0.0317970584	0.0180885724	-0.0424327709	0.1888138695	-0.0020186447	0.0854231306	0.0853852289	0.0853220719	0.0852336782	0.085120074	-0.0158323	-0.0014771999999999	2.182119839999999e-06	0.00025066172329	-0.122999	0.0168919999999999	0.0002853396639999	0.015128754001	0.226342	-0.0498399999999999	0.0024840255999999	0.0512307009639999	-0.00027432	-0.0003547575	1.2585288380625e-07	7.525146239999999e-08	-0.000452858	-6.352099999999998e-05	2.05080368164e-07	4.034917440999997e-09	0.0019377	9.62500000000002e-05	9.264062500000038e-09	3.75468129e-06	0.0	0.0
5112.68652313805	4.282716064530177	26139563.48387744	18.34165688938485	10501.693544473896	-19.03839207375313	110285567.30204467	362.460372753946	4816.490518277438	5.779883090987823	23198580.912656467	33.40704854548696	4856.168174140576	9014.381779654424	1.21806	34.412304	0.22072585	0.122709	-0.032265155	-0.1535397478	0.0112323552	0.1215175403	-0.0760629557	0.0258018062	-0.2219143289	0.0585465593	-0.0429238438	0.0226267291	-0.1440982428	0.0523113905	0.0635094702	-0.0122073695	0.2195968087	-0.0387302735	-0.0308533123	-0.0761570241	-0.0497689188	0.0787657192	0.0876744024	-0.1188428472	0.0469184261	0.0462959669	0.015694404	-0.0890673191	-0.0943501332	0.0310884012	-0.0054521439	0.0520456812	0.0166391652	0.1213935784	-0.0339694009	-0.1148422665	-0.0112327187	0.1236043928	-0.0210841473	-0.0921174834	-0.0520700234	0.0181693687	0.0422204142	0.1343730066	0.128828615	-0.0228890138	0.0083025622	0.0441037443	-0.0058929038	0.0784324386	0.0220040496	-0.0381725808	-0.0628403004	-0.0049476519	-0.0295700151	-0.0239304761	-0.1439387872	-0.0252580995	-0.0417732999	0.0577392006	-0.0585101081	0.0870895658	0.1137766697	0.1085431217	0.0369826708	-0.0458944529	0.0133208511	-0.0861544032	-0.0883567435	-0.0138841981	0.2141588305	-0.1237664874	-0.0145899305	-0.0123030767	-0.0088914339	-0.0629249111	0.0338387753	-0.0791314047	-0.0219950124	-0.0286566309	0.069076506	0.1854830476	-0.0005480806	0.0507359728	-0.0095947641	0.130053198	0.0138013216	0.0237409617	0.0097835636	0.0274185546	-0.0220132222	0.0172112634	-0.074579464	0.0276406231	0.0425426854	-0.0727685656	-0.0185358599	0.0007020583	-0.056004623	0.0075395669	0.2037974754	-0.0408764141	-0.0442802935	-0.0891914348	-0.0692114636	-0.0365102181	0.131755245	0.0408749543	0.1167886722	0.0372056953	-0.055150272	0.0398610626	-0.1338602063	0.0035595027	0.0290445745	0.1158043996	-0.0278709736	-0.0238442451	0.0749958708	0.1055191125	0.0313764711	-0.1052930364	-0.0645147297	0.0543566599	0.0547819206	-0.031664887	-0.0834786173	-0.1412461529	-0.1200817715	0.0653741873	0.0077256247	-0.0647124972	0.0361477163	-0.0451224027	-0.0128224756	0.0406214558	0.0503629114	0.0069381401	-0.0145782683	0.0050209793	0.0337091806	-0.0869694761	0.0671029422	0.137636324	-0.1057597938	0.0019682547	-0.1076189898	-0.0955588735	-0.0515542248	-0.0104531296	0.0446289926	0.0380539619	0.1195482686	0.0423099275	0.1882683637	0.1608332913	0.0244816452	-0.0287351607	-0.0407892674	0.0963523424	-0.0128538222	-0.054375861	0.0502948661	-0.059050345	0.0412331519	0.162367065	0.029180382	0.0268902312	-0.027761608	0.1311389977	0.0303367388	-0.0363335245	0.0169385037	-0.0102576035	-0.0243694914	0.0447261302	-0.0371862173	0.053026675	-0.036036774	0.0731169811	-0.0237732251	-0.0617242134	0.0854006697	0.0852954103	0.085120074	0.084874805	0.0845598046	-0.0216445	-0.0058122	3.378166884e-05	0.00046848438025	-0.195315	-0.0723159999999999	0.0052296038559999	0.038147949225	0.208729	-0.0176129999999999	0.0003102177689999	0.043567795441	0.00180448	0.0020788	4.32140944e-06	3.2561480704e-06	-0.000613681	-0.000160823	3.766043697610001e-07	2.586403732900001e-08	0.00167763	-0.00026007	6.763640490000003e-08	2.8144424169000003e-06	0.0	0.0
5109.597284169178	-3.089238968871541	26107984.406389043	9.543397406794504	10509.88645791894	8.192913445043814	110457713.35834792	67.1238307179797	4807.822238859266	-8.66827941817246	23115154.68046972	75.13906807151228	4846.444272987816	9012.723784407868	1.177599	33.269238	0.0972001499999999	0.0548087	-0.0463963249	-0.1190585991	0.0889033617	0.0291657038	-0.0701916182	0.0527719865	-0.16086011	-0.0774905028	0.0222225269	-0.0679013279	-0.0997985179	-0.0884768234	0.0331007836	-0.0622094529	0.1951278872	-0.1062266337	-0.0515129654	-0.0615318567	0.0205246278	-0.0460775203	0.000640077	0.0646905721	-0.0733439793	0.1250294865	-0.0161061638	-0.0767157793	0.0560494024	0.0806015114	0.075877298	-0.0048837522	0.1409185082	0.0174762236	-0.0327773446	-0.0625568267	-0.0189855798	0.0471202186	0.007457773	0.1199907285	-0.015098505	-0.0100341211	-0.1539560645	0.1110262207	0.1184973356	-0.036600215	-0.0937177139	-0.0612603801	0.0159361927	0.0516204026	-0.0345882482	-0.0809459579	-0.1002340211	-0.0433632109	-0.0024810208	-0.0003483931	0.028458369	-0.0129053036	-0.0538763912	0.0736392117	-0.1296275635	0.0134118584	-0.0195000446	-0.0015239653	0.0085826197	0.0310131053	0.0172749351	-0.0176067524	0.0780544176	-0.0663233434	-0.028264106	0.1588667315	0.0728596089	-0.0991751241	0.0369494868	-0.0231343069	0.1114130971	0.0907362865	0.0087436558	0.0346591637	-0.1302401585	-0.0043198886	0.0079505881	-0.0246957832	0.125548457	-0.0109232793	0.0989984929	-0.010580905	0.0686367871	-0.0503294787	-0.0558477427	0.0664834655	0.0239974112	0.0450790704	-0.0341601165	0.0531132596	0.0160007947	0.0198132212	-0.0384020512	0.058231119	0.1835247208	-0.0840694951	-0.0677998503	-0.0160308912	0.0166654493	-0.0550013194	-0.0043497267	-0.0728922092	-0.0933744353	0.0992310945	-0.0646566389	-0.0383567601	-0.0497322457	-0.119359679	-0.0315322553	0.1366267234	-0.0951199846	0.0040088061	-0.023141761	0.0466572771	0.0430652374	-0.0087070631	0.0708336358	-0.1141572847	0.0492515689	0.0262852973	0.1121603415	-0.1142059653	-0.1195696716	0.0942021473	0.0853987265	0.0602511789	-0.0446930939	-0.0461950221	-0.0730561829	0.0375638443	0.0724026021	0.0110733316	-0.0653543449	-0.0192319109	-0.0061928674	-0.0046400113	-0.0544001928	0.0977128007	-0.1083597386	0.0596906465	0.0313699458	0.0201166476	-0.0041386636	0.0081331271	-0.0315694576	0.0507808326	-0.0996737891	0.0332521582	0.0283819596	-0.169320042	-0.0851362427	0.0078945141	-0.0031586443	0.0488317421	0.037188304	0.1472045021	0.0134242548	0.0472154132	-0.1140218585	-0.0585298101	-0.001546452	0.1223520949	0.0231833831	-0.0166718994	-0.117375837	-0.051743856	-0.052409473	0.0267417831	0.0305143747	-0.0704549686	-0.0194728417	0.0467916545	0.0102775946	-0.0611472234	0.0125261354	0.0110726271	0.085366982	0.0851607413	0.0848173759	0.0843374387	0.0837217023	-0.0231068	-0.0014622999999999	2.138321289999999e-06	0.00053392420624	-0.143689	0.0516259999999999	0.0026652438759999	0.020646528721	0.218591	0.009862	9.72590440000002e-05	0.047782025281	0.00135242	-0.00045206	2.0435824360000001e-07	1.8290398564e-06	-0.0007758679999999	-0.0001621869999998	6.019711534238449e-07	2.630462296896756e-08	0.00174838	7.074999999999985e-05	5.005562499999978e-09	3.0568326244e-06	0.0	0.0
5107.910435967323	-1.686848201855355	26090749.021863885	2.8454568561026443	10488.1302551487	-21.75620277023881	110000876.24896556	473.3323589797471	4814.19517186386	6.372933004594415	23176475.152797304	40.6142750810488	4853.698688195969	9007.28486657362	1.090553	30.810022	0.09796705	0.06598	-0.0314554784	-0.0681119014	0.0734083878	0.0354404465	-0.048464894	0.0054345168	-0.1391723833	0.0230331718	-0.025778804	-0.094176703	-0.0163220942	0.0165889205	0.0291022055	-0.0475372112	0.0415362893	-0.0302308229	-0.0027343019	0.0525419626	0.0293861193	0.1168468616	-0.0123362868	-0.0293041703	-0.0110776487	-0.0805026009	-0.0060631771	-0.0208273305	0.0466782921	-0.0337867326	-0.0279419658	0.0009899545	-0.0711907534	-0.1142601248	0.0491749173	0.0138957795	-0.0743710684	0.0376118523	0.0388094185	0.0256008296	0.0547671378	-0.0117857014	-0.0285110108	0.0668734537	-0.0228313749	0.1153330137	0.0061321993	-0.2150709622	-0.0563827761	0.0053335222	-0.0206064594	0.004183231	-0.1399954655	0.1708854935	0.0418616279	-0.0617742054	-0.0128482076	0.0877107764	0.0859546891	-0.0851190348	-0.0125981638	-0.0403761205	-0.1217829738	-0.0139105961	-0.0982626506	0.0133076089	0.0217082803	0.0430259912	-0.0204453042	0.0353519814	-0.0209721837	0.0601705	-0.0185712404	-0.0340035973	0.0703289785	-0.0333681782	-0.0203760577	0.0562760055	-0.1612697969	0.0119063005	0.0343337213	0.0058758452	-0.1134969002	-0.002530596	0.0114107405	-0.0300061302	-0.0139174456	-0.0257448414	-0.0250439122	-0.0254796237	0.0155087003	-0.0025560938	-0.0001836386	0.0152845722	-0.0558694121	-0.0070146299	0.0374204579	-0.0654028914	-0.0308078177	0.0449342371	0.0603034758	-0.0432918263	0.0027681357	-0.0069882959	-0.0053359032	0.0970687951	0.0851087112	0.0308954764	0.0015098436	-0.0748125763	0.0663199795	-0.0642548687	0.0367545124	0.0166242839	0.0115194855	-0.0846294736	0.046571405	0.0366764782	-0.0403948161	-0.0058182292	0.0697679416	-0.0202356389	-0.0371043719	-0.0596281521	-0.0491944531	0.0386327009	0.0043170493	-0.0868294167	-0.0026741947	-0.0830198343	-0.0231436323	0.0583746548	-0.221674533	-0.0037160508	-0.0100314826	-0.0652032858	0.1461666933	-0.1282741756	-0.0284248053	0.0685685773	-0.0090043952	0.0856710436	0.1000576573	-0.0723863993	0.0138434794	0.0118461452	0.1522793279	-0.0240680154	0.0831724958	-0.0328455767	-0.0340863904	-0.0066594725	0.0415077681	-0.0371926133	-0.0188771012	-0.0596994654	8.96761e-05	0.0977861143	0.0706176941	-0.0379879775	-0.0731755266	0.091274422	0.0780080005	-0.045595263	-0.0127266934	0.0826556762	-0.0633002339	0.0332280153	-0.0022951031	-0.0726336262	0.0298394945	0.0249224726	0.0346205009	-0.0296613888	0.0437214453	0.0036475425	-0.0032658303	0.0160789802	0.0260128754	-0.0442716899	-0.0115108581	-0.011306231	0.0853220719	0.0849812929	0.0844143358	0.0836227095	0.0826085209	-0.017282	0.0058248	3.392829504000002e-05	0.0002986675239999	-0.137508	0.006181	3.820476100000025e-05	0.0189084500639999	0.279359	0.060768	0.003692749824	0.078041450881	0.00101523	-0.00033719	1.1369709610000001e-07	1.0306919529e-06	-0.000614813	0.0001610549999999	3.7799502496900005e-07	2.5938713024967804e-08	0.00174276	-5.6199999999998005e-06	3.158439999999776e-11	3.0372124176000004e-06	0.0	0.0
5109.985653824418	2.0752178570946853	26111953.38229136	4.306529154404657	10465.225058349464	-22.905196799236364	109520935.52190554	524.6480404117478	4813.237212167795	-0.9579596960647904	23167252.46059681	0.9176867792845458	4852.080899074655	9026.339155294892	1.003131	28.340193	0.0776178	0.0414668	-0.0411847943	-0.0613961493	0.0875773215	0.0064303453	-0.0514649715	0.0179935053	-0.1162827396	-0.0418030553	-0.0025074762	-0.0800845356	-0.0630688046	-0.0252041271	0.002862884	-0.0454959122	0.0931147774	0.0279178584	0.0317687791	0.0805947101	0.1326049337	0.0190643341	-0.0245033313	0.0177976677	0.0786320707	-0.072182361	0.0413237243	-0.1137031792	0.0293360138	0.041800839	-0.1015199605	0.0488553671	0.0293959261	0.0589128136	-0.0332128408	0.0210003048	-0.0580930843	-0.0058653092	0.0242768726	0.0154690956	0.0143761891	-0.0056871792	-0.1752441825	0.0328368893	-0.0648654656	-0.1215050892	-0.0505303012	0.0250361836	-0.0377354325	0.0151748495	-0.075688147	0.0048342725	-0.0729579722	-0.0596429541	-0.0362319648	0.0564278868	-0.0715651254	-0.0398346596	-0.07875041	0.0245406947	0.0280554866	0.0011245925	-0.0835598846	0.0534400357	-0.0627732319	0.1037955251	-0.0314468632	0.0261841577	-0.0338807838	-0.0726315794	0.030459194	0.0078892855	-0.0155659459	0.1658042432	0.0070266417	0.0947012197	0.0321353606	0.0173024611	-0.0733408106	0.0350879864	0.0934346514	-0.0071961754	-0.008735032	-0.0518527971	-0.0391582627	0.0684648966	-0.0311549897	0.0202088535	-0.0680636846	-0.0155862989	0.1187761873	-0.0047156026	0.0114212363	0.0084799811	0.0003476161	0.0029368279	-0.0650669328	0.0269447759	-0.007055822	0.0471190068	0.1010457245	0.0190373409	0.0080824888	-0.0270765999	0.1014385127	0.1189339261	-0.0341320273	0.023499171	0.0419359585	-0.0294895894	0.117496039	-0.0382675875	-0.0632324212	0.0037453683	0.130611781	0.0829448415	-0.0103659969	-0.0049347091	0.0154065554	-0.032093798	0.0238750055	0.0095520649	-0.0315169858	-0.0395842969	0.0053664944	0.0299913923	0.1647580943	-0.0538025271	0.0671742634	0.1021432266	0.0995580403	-0.0515916925	0.0084072229	0.0075929186	-0.0412658384	-0.0492233284	0.0618288465	0.0753804501	-0.0189861567	-0.0417495452	-0.0083489666	-0.1225856316	-0.0235592662	0.0330126171	0.012212989	-0.0305522374	0.0687458539	-0.0825345513	0.046485038	-0.0556264885	-0.0346205966	0.0014271867	0.0028931887	0.0675232609	-0.0605790608	0.0296531364	0.119568116	-0.0960673934	0.0452918781	-0.0926904829	0.0658201865	0.0520498414	0.0634093894	0.0333694902	0.0403762721	0.0458605039	0.0260968574	-0.0301165451	0.0696433014	0.0353156646	0.0622606531	0.1035575867	0.0803728252	-0.0812523773	0.0610071092	0.0153620857	0.0261935265	-0.0029981016	-0.0272841041	0.0314980336	0.0558179821	0.0240962964	0.0852659454	0.0847571594	0.0839114303	0.0827321204	0.0812239177	-0.015255	0.0020269999999999	4.108728999999997e-06	0.000232715025	-0.165415	-0.027907	0.000778800649	0.027362122225	0.252111	-0.027248	0.000742453504	0.0635599563209999	0.000846333	-0.000168897	2.8526196609e-08	7.16279546889e-07	-0.000577184	3.762899999999996e-05	3.331413698560001e-07	1.415941640999997e-09	0.00194495	0.0002021899999999	4.088079609999995e-08	3.7828305025e-06	0.0	0.0
5110.133365998278	0.147712173860782	26113463.01828889	0.0218188863066779	10479.611996757165	14.386938407700654	109822267.60257667	206.98399674697225	4813.710291873366	0.4730797055708535	23171806.77408757	0.2238044078230054	4854.436959490423	9032.812933331565	1.041667	29.428896	0.102304	0.0657205	-0.033227196	-0.0161987329	0.063343755	-0.0042031437	-0.0389892244	0.02738239	-0.063699872	0.0082123694	-0.0286483818	-0.125994867	0.0112250878	0.0590760442	0.010257865	-0.0277608752	0.0230266432	0.1016402202	-0.0031848659	-0.0181943729	0.0166187507	0.0570846782	-0.0880989401	-0.0674659199	0.07100873	0.0436753181	0.1410447976	0.0681085685	0.0577789029	0.0591190779	-0.1198878022	0.0734344026	-0.0066698924	-0.0031102327	-0.0065171462	0.0096964246	-0.0170616368	0.0004076206	0.002136842	0.0270365658	-0.0278891917	0.1316155443	-0.0251614099	-0.0443408504	0.0734091352	0.0978562319	-0.0744501278	-0.0298824171	0.0420392921	-0.1186248771	-0.0265994483	0.0077791259	0.0321165503	-0.042103021	0.0905371312	0.0541623369	0.0348064798	-0.1636735743	-0.0007655221	0.0281301672	0.061250102	-0.0589214496	0.0172317616	0.0387160724	-0.0694703241	-0.0328822189	0.0198708333	-0.0017997275	-0.0017125032	-0.0124349682	-0.1623770376	0.0137257258	0.0517878187	-0.0630870139	-0.0733394531	-0.0222730917	0.0203848407	0.0561752698	-0.0304551383	-0.0115773186	-0.0377032712	0.0097203483	0.0747406595	-0.0224464929	0.000474667	-0.1327096005	-0.0931197417	0.0579286626	-0.0840044041	-0.0835845751	0.02133838	0.0452904647	0.0525004155	0.0681575097	-0.0180263472	-0.0237638492	0.0429983235	-0.0044962033	-0.0172087317	0.0306883745	0.0155484935	0.0695117316	0.070650311	-0.0618657819	0.0212925792	0.005043844	0.0548929136	0.1153167215	0.0038340661	0.0888870632	0.0912735723	0.0965926389	0.0852306275	-0.0160096045	0.1406434463	0.0259281046	0.0618984381	0.0203889487	-0.008693978	-0.0243416104	0.0471248896	0.0144854942	0.0339199569	-0.032959557	0.0526997981	-0.1293792394	0.0326466596	0.0458158393	-0.0607569901	-0.0662131956	0.0087872952	0.1500843466	0.0110733996	0.0210529937	-0.0116610383	-0.0496079259	-0.0442784393	-0.019954351	-0.0413869472	-0.0343988881	0.0978915591	-0.0707081645	-0.1285331994	-0.0415955111	0.0819434643	0.0352765941	-0.038825583	-0.0416238183	0.0496987341	0.0827657475	0.001748255	0.0038835195	-0.0104172393	0.006096146	-0.1180690895	-0.0440348585	-0.1138830862	-0.006793876	-0.0624148644	-0.027874167	-0.0097612983	0.0477880894	-0.001092404	0.0108187917	-0.0684296897	0.0127119952	0.0837766609	-0.0566822379	-0.0276809228	-0.1153055173	0.0256423911	0.0755182551	0.0133485555	0.058064648	0.0303353181	-0.1043486467	0.0300689652	0.0654016863	0.0444637857	-0.0041698125	-0.0279580636	-0.057130501	0.0851986098	0.0844884586	0.0833092546	0.0816675444	0.0795724422	-0.0143647	0.0008903	7.926340900000002e-07	0.0002063446060899	-0.146122	0.019293	0.000372219849	0.021351638884	0.313826	0.061715	0.003808741225	0.098486758276	0.00109957	0.000253237	6.4128978169e-08	1.2090541849e-06	-0.0007236509999999	-0.0001464669999999	5.236707698008553e-07	2.1452582088970706e-08	0.00195336	8.409999999999928e-06	7.072809999999877e-11	3.815615289599999e-06	0.0	0.0
5100.394809019535	-9.738556978742965	26014027.207873423	94.83949202822328	10435.637753828689	-43.97424292847609	108902535.32913467	1933.7340411326293	4814.509111798459	0.7988199250930847	23179497.98759039	0.6381132727257215	4855.496986379588	9010.947900153022	1.007746	28.470581	0.03531625	0.0215037	-0.0391987858	0.012080863	0.054715125	-0.0253708203	-0.0282756808	-0.0032155567	0.0014454129	0.0050531849	-0.0254370656	-0.0587691745	-0.0122210436	0.0149374372	0.0419292956	-0.0265988887	-0.0134853425	0.0504295097	-0.0202216998	-0.0465117359	0.0094052762	0.0095518929	0.0397227352	-0.1079266304	-0.0007644591	-0.0749819291	-0.0669412299	0.0529410618	0.0656506393	-0.0166394294	-0.0972222891	0.0480160772	0.0116265374	-0.1008414769	-0.0897463861	-0.0231569058	0.0863603667	-0.0079177346	-0.056122571	0.0312241386	0.0378488523	-0.1120260294	0.0209975073	-0.0135695251	-0.0012574166	0.0022035763	0.0232320103	0.0265196336	-0.0523815581	0.0657504083	-0.1240371693	0.06266305	0.0203471114	0.0718558804	-0.0166783947	-0.0600181276	0.0490968899	0.0343367803	0.0582560654	-0.0037044392	0.0269265076	0.0935500133	0.0212686673	-0.0806451496	0.0861378469	0.0543370804	-0.0025752203	-0.0014276714	-0.0657484835	-0.005121343	-0.0282078738	0.1246821907	0.0579967786	0.0781045974	-0.1081368018	-0.1248889622	0.0028470987	-0.0103405335	0.0498038612	-0.0033451274	0.0587034101	0.0568152267	0.1116335131	-0.0190202308	-0.0183849787	0.0127218359	-0.0003676881	-0.1280399553	0.0179020678	-0.015860961	0.0223959062	-0.009732333	-0.0370519483	0.0876721514	0.066266577	-0.0104298507	0.0613239246	0.1456637863	-0.0450496022	0.0261340482	-0.0120907948	0.0469115072	0.0316177056	-0.0238312766	0.0182147581	-0.0604790175	0.0682052796	0.0418316339	0.0585149952	-0.1006548821	-0.0316283053	-0.0422406251	0.0848069183	0.0496757882	0.0673034077	0.0328010902	0.0267764892	0.0444937768	-0.1431270931	0.047255873	-0.0647467609	-0.0174492035	0.0653067737	0.0382308895	-0.022440057	0.1094061075	-0.0084379495	0.0089381033	-0.0190677907	-0.0234224103	0.0050479896	-0.0849979785	-0.0070479554	-0.0213851969	-0.0468230739	-0.1212584153	-0.0308271247	-0.0029347841	0.0371923166	0.048215053	0.0222649328	0.1170722923	0.0383340403	0.0089864558	-0.028268784	-0.0712064497	-0.0643362066	0.0883709982	-0.0549357083	-0.047709331	-0.0275565978	0.0054037547	0.0351545742	0.0170988523	-0.0481696343	-0.1323385544	0.0117371039	-0.1451881897	-0.045553081	-0.0044288326	-0.0791579708	0.0224879652	-0.0075148394	-0.020279345	0.0768723687	-0.0027760824	0.1137776788	-0.0435534478	0.0124418862	0.024093028	-0.0119401702	-0.1332350319	0.0271400236	-0.0226931414	0.0457750924	0.0226600616	0.0236787278	0.0629508887	-0.0692165926	-0.060583154	-0.0772441892	-0.0306525836	0.085120074	0.0841753318	0.0826085209	0.0804312202	0.0776595205	-0.0156533	-0.0012885999999999	1.6604899599999977e-06	0.0002450258008899	-0.14728	-0.0011579999999999	1.3409639999999822e-06	0.0216913984	0.328693	0.014867	0.000221027689	0.108039088249	0.00101957	-7.999999999999999e-05	6.3999999999999986e-09	1.0395229849e-06	-0.000986764	-0.0002631130000001	9.73703191696e-07	6.922845076905264e-08	0.0019703	1.694000000000001e-05	2.869636000000004e-10	3.88208209e-06	0.0	0.0
5093.303315664867	-7.091493354668273	25941738.66536273	50.28927799930428	10394.782881684654	-40.85487214403474	108051511.15736432	1669.120577905426	4811.1481785067135	-3.3609332917458232	23147146.79554847	11.295872591565416	4851.573232078792	8984.723198608719	1.001952	28.306885	0.0798355999999999	0.0400488	-0.0278012541	0.0287773182	0.0247502298	-0.0149720586	-0.01390635	-0.0366905694	0.0322653515	0.0185260963	0.0023193884	-0.0605274143	0.0581703258	0.0494017293	-0.0056516767	-0.018614041	-0.032996916	0.0621491975	-0.053932143	0.0936124697	0.0526885885	-0.1049117967	-0.0679687431	0.0239828438	0.0189762004	-0.0889442302	0.0468269042	-0.0264695701	0.0527876618	-0.033382176	-0.0381975483	0.0488176839	0.0508865212	-0.0401762029	-0.0448421572	-0.0269461807	-0.0555655392	0.061676802	-0.0587868207	-0.1202269068	-0.0289011677	0.0076191608	0.0680530446	0.0266999911	-0.0831631615	0.052689921	-0.0192349476	-0.003472282	-0.0940933845	-0.0686340497	0.0020030479	0.080671794	-0.0156475895	0.0479215326	-0.1292341266	0.0663384443	0.1131427491	-0.0744456608	0.0050021952	0.0094627132	-0.1306484417	-0.0871159617	-0.0172682723	-0.0628519392	-0.0515226028	-0.0535526305	-0.0458552463	-0.0314251997	0.0099526565	-0.1551488327	-0.0410236332	0.0205677948	0.0158348896	-0.0310628664	0.068726995	-0.0588502309	-0.0736283535	-0.1146730052	0.0716714232	-0.0757151237	-0.0990099866	0.0097558523	-0.0715228652	0.1626378959	-0.0645247521	-0.0621594115	-0.0131834237	-0.0322622645	-0.0313259504	0.0457858056	-0.0902308534	-0.036500595	-0.0853780927	-0.0848713517	0.0725265002	-0.0592661327	0.0562114155	-0.0911257517	0.0016693386	0.0226567391	-0.0206188192	0.0421711715	0.0674681416	0.0980942251	0.1031231938	-0.0042980943	-0.0702468628	0.0367306337	-0.0191594975	-0.0555025773	0.1093753436	-0.0079010827	0.0046452765	0.0183011592	0.0312321947	0.0636001437	-0.0007438412	0.0390596003	-0.0478418761	0.0322786952	0.0852840081	-0.0796368527	-0.0643262055	0.096955978	0.0098104691	-0.0360948357	-0.0566373907	-0.0178983599	0.0533396363	-0.0570831672	0.0072695481	-0.0094084693	-0.0103220289	0.1027793756	0.036276998	-0.0712088661	0.054480777	0.0386192165	0.1294466829	-0.0565760899	0.0310104493	0.069643302	-0.1357288119	-0.0161507291	-0.0464707864	0.1062845102	0.1047264087	0.0548776373	0.0638305577	0.0213049282	0.0881764227	0.0098534322	-0.068061216	0.1666617197	-0.000168592	-0.0467450552	-0.0185780817	0.0298659548	0.0169160714	0.1054494331	-0.0409530343	-0.1493011805	-0.0450099141	-0.0470258537	-0.0602406982	-0.022411367	-0.096769509	-0.0432163142	-0.1662847795	-0.0396200975	0.015826301	-0.0547188318	0.0103168729	0.0266122461	-0.0641995559	0.077378258	-0.077119667	-0.0682276136	-0.0011180892	0.0222354595	-0.1165024258	0.0424987762	0.0850303483	0.0838179437	0.0818100583	0.079025748	0.0754914377	-0.0177337	-0.0020804	4.328064160000012e-06	0.00031448411569	-0.127066	0.0202139999999999	0.0004086057959999	0.016145768356	0.356714	0.0280209999999999	0.0007851764409999	0.127244877796	0.000686182	-0.000333388	1.11147558544e-07	4.70845737124e-07	-0.00107054	-8.377600000000003e-05	1.1460558916e-06	7.018418176000005e-09	0.00179706	-0.0001732399999999	3.001209759999995e-08	3.2294246436e-06	0.0	0.0
5094.041675296412	0.7383596315448813	25949260.58965668	0.5451749454950928	10374.46211052394	-20.32077116071377	107629464.08269686	412.9337405660967	4811.14490937401	-0.0032691327032807	23147115.338995453	1.0687228631659868e-05	4851.199391210693	8962.32376932252	0.997621	28.184546	0.1006860999999999	0.0650234	-0.0447536795	0.0233036039	0.0277186389	0.0024168398	-0.0294652724	-0.0535483678	0.0309066721	-0.014162326	0.0141372172	-0.0128016279	-0.0601329533	-0.0099090261	0.016065574	-0.0206887403	0.0331526735	0.0646355648	-0.0596675342	0.0737826676	0.1852678778	-0.0137098458	-0.0517501054	0.0217274501	-0.0478951256	-0.0026178375	-0.0239669657	-0.0303436149	-0.0206289984	-0.0554760232	-0.0252414901	-0.0009248795	0.011278844	0.0641730834	0.0359716623	0.0055138011	0.0115440049	-0.0033783177	0.0353919443	0.0431736474	-0.0355496759	-0.0470965962	0.0005106851	0.1176510557	-0.0848092117	-0.0586189682	0.1466689289	-0.0964431548	0.0356572725	-0.1139992042	0.096297366	-0.0963901454	0.0359817633	-0.0621243207	0.0615823214	-0.045029628	0.0148334011	0.0550555368	-0.0003570277	-0.067553481	-0.048785137	0.0132950558	-0.0356103364	-0.0157287777	-0.0147930041	-0.1033242758	0.0027579301	0.0222342648	-0.1249521056	0.118347404	-0.0930101966	-0.1885928117	-0.0023728237	0.0032182227	-0.0443325262	0.0624966821	0.0358490158	-0.0877172454	0.095669494	-0.013780767	0.007387398	0.0228521119	-0.0571473856	-0.0224659659	-0.0218138409	-0.0303475168	0.0505654455	-0.0754320495	-0.0073727888	-0.0070066306	0.0096406502	0.0186587445	0.0287506432	-0.0806437988	0.0237350103	0.0133096466	0.0673448519	0.0127533256	-0.0155525031	0.02399144	0.0318849387	0.0141825537	0.0818619459	0.003734343	0.1662595135	0.0790831757	-0.0177020141	0.0070938101	-0.0765224148	-0.0281640562	-0.0151629395	-0.0186233077	-0.0333125902	0.0560817756	0.0139278964	0.0417553828	-0.0351473546	-0.0261917568	0.0733691715	0.0082037146	-0.0192594724	-0.0020593784	-0.0046918717	-0.0391315905	0.0359830513	0.0770926214	-0.015720668	-0.0790543749	0.1195016571	0.0731501462	-0.1634634317	0.0804053352	-0.0544268401	0.0705456537	0.0216153381	0.1147172608	-0.0118310444	-0.0273085664	-0.0582885098	0.0754488655	-0.0239849912	-0.0054403171	0.0260125043	-0.0765416711	-0.0225420884	-0.0177498144	0.0399681315	0.038326058	0.0161996852	0.134020699	0.0216443796	-0.0604565941	0.127819451	-0.0674096983	-0.1106075646	0.1531377219	-0.0756828011	-0.0402098848	-0.0546184892	0.0597415973	0.0982343427	-0.1076851173	-0.0479652099	-0.0139172398	0.0553593757	-0.0008759119	-0.0577989543	-0.0016921082	0.0243511862	-0.0297235808	-0.0566968773	-0.0531156436	0.0255881556	-0.0580893335	0.0261749778	-0.0211758242	-0.0167213587	-0.0882192766	0.0002550577	-0.0360609534	-0.0439476796	-0.0531260431	0.0849294446	0.0834164822	0.0809148113	0.0774540834	0.0730753174	-0.016905	0.0008287	6.867436900000028e-07	0.000285779025	-0.172645	-0.0455789999999999	0.0020774452409999	0.0298062960249999	0.31047	-0.0462439999999999	0.0021385075359999	0.0963916209	0.0007228799999999	3.6697999999899976e-05	1.3467432039926586e-09	5.225554943998555e-07	-0.00101842	5.212000000000012e-05	1.0371792963999995e-06	2.716494400000012e-09	0.00186893	7.186999999999992e-05	5.165296899999988e-09	3.4928993449e-06	0.0	0.0
5091.689547958572	-2.352127337840102	25925302.45279057	5.5325030134147655	10376.195352126188	1.7332416022472898	107665429.98548508	3.0041264517607527	4813.588379525111	2.4434701511008825	23170633.087499183	5.97054637932097	4853.130164324713	8983.29110530798	0.999233	28.230087	0.1202729499999999	0.0667565	-0.033609635	0.0285204598	0.0211853354	-0.0128322546	-0.020470417	-0.0326583101	0.0476818423	0.0008992256	0.0173638656	-0.032423143	0.0379965855	0.0185439581	0.0538630422	-0.0478847962	-0.0445717401	-0.0623057063	0.0551859725	-0.1293153524	-0.0406315123	0.017543569	-0.0621290553	-0.0550518704	0.0625471771	0.0341914285	-0.0039498422	-0.0803571576	-0.0528683881	0.0120652313	-0.0567387376	0.0188990547	-0.0540364632	0.0628480112	-0.0237670629	0.0534083989	0.1322328738	-0.1333097807	-0.0477711724	-0.0582790065	-0.0094473873	-0.0102473406	-0.0452933269	-0.0024403634	0.0205481468	-0.0887858237	-0.0267092032	0.1296856329	0.0039424923	-0.0611068303	-0.1110303743	0.0681711515	0.1722125356	-0.0146533781	-0.001146976	0.0442555049	0.0149168949	-0.0567883396	0.0229086398	0.1232897655	0.1063496369	-0.017465145	-0.0674166859	-0.0551832054	0.0595317632	0.0872866982	-0.044921506	-0.0630413343	0.034546874	0.0301493633	0.0085318776	-0.0819946129	-0.0409086345	-0.0003212314	0.0083661549	-0.0407363869	0.0740537978	-0.0048815827	0.0170772579	0.036038421	0.0158305738	-0.116372256	-0.0075527325	0.0389691342	-0.0184720628	-0.0391376634	-0.0007705463	-0.0399433117	0.0119673396	-0.1033614287	-0.1331822632	-0.0646287253	-0.0337201495	-0.0025601399	-0.005852829	-0.1134454961	0.0730577875	0.0563119964	-0.0599819114	0.0409135619	-0.0509107759	-0.0221177665	-0.081841731	-0.0872126624	-0.0390279354	-0.0863046136	0.0194638995	0.078771823	0.0102862916	0.0566353604	0.0268591246	-0.0326225161	-0.0811451493	0.0331904746	0.0673522622	-0.0305221024	0.0294120742	-0.0273666219	0.0319834924	-0.0649634736	-0.1480351453	0.0715491582	0.0457005331	0.116901661	0.0222549854	0.0004091247	0.0629677335	0.0074932144	-0.0053487254	0.0741274463	0.0222014351	-0.0082013701	0.144357288	0.0243033092	-0.0359652282	-0.12052377	-0.1532485977	0.0320443588	0.0898219037	-0.0332622472	0.0346788308	-0.0176909676	-0.050310019	0.0722731802	0.1524153936	-0.0270844845	0.006126389	0.0615387449	-0.0557701739	-0.0635447767	-0.0047486593	0.0516260561	-0.0514777119	-0.0397661943	-0.045379584	0.0994681178	0.0335986754	-0.0049137979	-0.0325562628	0.0294151356	0.03867079	0.0411624698	0.0285098678	-0.0296176975	0.0528883262	-0.1071989008	-0.0408923598	-0.0228793683	-0.0691957849	-0.0563279395	-0.0179801157	-0.0274197915	0.034145598	0.1474613546	0.0430166396	0.0334752329	-0.00869714	0.0207275941	0.0112423146	0.0080753434	-0.0372916318	-0.1994591054	0.0848173759	0.0829711584	0.0799238391	0.0757195317	0.070419098	-0.0111666	0.0057383999999999	3.292923455999999e-05	0.00012469295556	-0.117973	0.054672	0.002989027584	0.0139176287289999	0.34743	0.0369599999999999	0.0013660415999999	0.1207076049	0.000471806	-0.0002510739999999	6.303815347594978e-08	2.2260090163600002e-07	-0.000849173	0.0001692469999999	7.210947839290001e-07	2.8644547008999957e-08	0.00190666	3.7729999999999925e-05	1.4235528999999942e-09	3.6353523556e-06	0.0	0.0
5088.263189033882	-3.4263589246902484	25890422.280877247	11.739935480804515	10373.32458393704	-2.870768189148293	107605862.92371257	8.241309995825771	4811.673978198768	-1.914401326343068	23152206.47247516	3.6649324383040978	4852.3193004038585	8983.934844695003	0.994333	28.09165	0.07805405	0.0351928	-0.0460584587	0.0241209796	0.0118024706	0.0007537007	-0.0256333793	-0.0332219357	0.0589226833	-0.0274041016	0.0016187835	0.030201214	-0.0049456799	-0.0792052376	0.0620685436	-0.0519992771	-0.0017950785	-0.0829041887	0.1045915736	-0.0490008836	0.0400573096	-0.0996504006	0.0195751171	-0.0288320307	0.0393882283	0.014671714	-0.0080992687	-0.0259033979	0.0163687059	-0.0482207124	-0.0644622726	-0.0546967127	-0.0396011935	0.0138992578	0.0217706751	-0.059849774	-0.0049617273	0.0953368179	0.1022989096	-0.0496499838	0.0535242255	-0.1257124187	0.1136403822	-0.0490278732	0.0325527332	-0.0591003775	-0.058302221	-0.0720732339	-0.0331427319	-0.0014720295	0.020926974	0.0588802714	0.0011608939	0.039714879	0.0125927253	0.0036870478	0.002955575	-0.0752622782	0.1231063399	0.0699752248	0.012056482	-0.0113909653	0.0209854576	0.0289524491	-0.018888569	0.0814805269	-0.0610457104	0.0132522901	0.1578885276	-0.0085204829	-0.048835456	-0.0097525626	0.0334153565	0.0708742633	-0.0195730668	0.0252676603	0.1343217958	-0.0303220469	-0.0188444546	-0.1344141473	0.0544496065	-0.1024308558	0.067048137	-0.0781422094	0.0223792629	-0.0100005273	-0.0436726423	0.1192730975	0.0655094525	0.0821104755	-0.0142187784	-0.036511958	-0.0661787594	-0.0682070369	-0.0565190134	0.0443959072	-0.0049321801	0.0802604052	-0.0682950535	0.0455891741	-0.0116099699	0.0209347885	-0.1392175154	-0.01231739	0.0623279696	-0.0562181121	-0.0314568522	-0.0213023941	0.0383653148	0.0212251888	0.0168945574	-0.0411073375	-0.0091985725	0.0401682909	0.0288065839	-0.0388138076	0.0103022415	-0.0555107708	0.0150460676	0.1059789137	-0.0407684726	-0.0533344311	-0.1191070533	-0.0602272295	-0.0826972948	0.0785146771	-0.1132934751	0.0698132577	-0.0289464994	0.0273939847	0.0601624543	0.0263944895	-0.0570633506	0.0411258942	0.03829191	-0.0375237228	-0.0423826042	-0.0236350065	0.0159772398	0.0028478747	0.0999203428	0.0409438524	-0.0156520892	0.0284776693	0.0548905173	0.0671019899	-0.0313754375	-0.0550429045	0.0387353189	-0.0888820433	-0.0170692503	-0.0053668536	-0.1793229555	-0.0421593931	-0.0388914633	0.0009324742	0.0045356135	-0.0694664698	0.0220452107	-0.0057562404	0.0994094496	0.0303988756	0.0527591825	-0.1330526008	0.0357058165	-0.0922999551	0.0966102709	0.0032349269	0.101472911	0.0172497944	0.0443427653	0.0646872546	-0.121788884	0.0259852282	-0.1010010424	0.0737830559	-0.0242493565	-0.0269754153	0.0736569099	-0.0077410594	0.0615397052	-0.0348235157	0.0846941572	0.0824822064	0.0788383141	0.0738257406	0.0675315071	-0.0175383	-0.0063716999999999	4.059856088999999e-05	0.00030759196689	-0.130281	-0.012308	0.000151486864	0.016973138961	0.327028	-0.020402	0.000416241604	0.1069473127839999	0.000541526	6.971999999999995e-05	4.860878399999993e-09	2.93250408676e-07	-0.00124766	-0.000398487	1.5566554756e-06	1.58791889169e-07	0.00159542	-0.0003112399999999	9.687033759999997e-08	2.5453649764e-06	0.0	0.0
5084.165779845818	-4.097409188063466	25848741.67695524	16.78876205442691	10377.76666622094	4.442082283900163	107698040.97852647	19.732095016939688	4819.954437758684	8.28045955991638	23231960.782069635	68.56601052341058	4861.587201854366	8975.082076647905	1.035263	29.247972	0.0957071	0.0469607	-0.042431958	0.0315822088	-0.0171458641	0.0361300502	-0.0398879163	-0.038665757	0.0650919829	0.0054337572	0.0395209142	-0.005884444	0.0694220651	-0.0117133032	0.0966181595	0.0007104966	-0.0102182476	0.0848689902	0.0423224575	0.1076814499	0.0623082356	-0.0480491818	-0.0003721538	-0.0862585593	0.0006523051	-0.0556805926	-0.0498351957	0.0672579016	-0.0056816552	0.0165960087	0.0435893299	-0.1347981805	0.0118854697	0.0790631038	-0.0348576163	-0.0058066983	0.1123269663	-0.0128137517	0.0408834611	0.0672455861	-0.093699514	-0.0068962082	0.0106269785	-0.0802141448	-0.0114134222	0.0547654829	-0.0456684451	-0.0343581263	-0.0752649278	0.0156961816	0.0038212897	-0.1146163365	-0.0316636597	0.0138937428	0.0685784221	-0.0256244414	-0.086985579	-0.1392772191	0.0581583924	0.1291424382	0.0540806259	0.0505856	0.0531190422	-0.0945420139	0.1146833088	-0.12388149	-0.0632591276	0.0532342774	-0.0488835479	0.063068606	-0.0929248928	0.0587023229	0.0168176471	0.0198776978	0.0233353007	0.0520032962	-0.0278424014	0.0014134092	-0.0255704828	-0.0326525491	0.0145876337	-0.1043010663	-0.0323064269	0.0136323763	-0.1115364885	-0.0129056603	-0.053722283	-0.0807942434	7.43649e-05	0.0884547024	-0.0037757375	0.0717493129	-0.0950654962	0.004278388	-0.0123860864	0.0219498197	-0.0692328771	-0.0495455992	-0.0952528882	-0.0131626345	-0.0214265448	0.0984756393	0.0196638834	0.0430256401	0.0909610954	0.0572809727	-0.0312552371	0.0714759543	0.0510641976	-0.0829199051	-0.0620577198	0.0374238909	0.0275436557	-0.0251829057	-0.0556155701	-0.0162453938	-0.0631295418	-0.1236407657	0.0031672977	0.0150032913	-0.1114031846	0.0091351044	0.0468812947	-0.0347408098	0.0887198168	-0.006558024	-0.0125189265	0.0904072899	-0.0144673511	-0.0532685657	0.0459692373	-0.0122289837	-0.0497395852	0.0275760387	-0.0990658473	0.0526852459	0.0605672019	-0.0596312347	-0.0200238624	0.0531331591	0.1974263546	-0.062568155	-0.0103618519	0.1015671767	0.0510351498	-0.0191671871	-0.0874797752	0.1047784117	-0.0599328842	0.0399231536	0.1048171456	-0.1337926423	0.0281895382	-0.0489320427	-0.0660587225	-0.0789786264	-0.0034603192	0.0392367745	0.0760732778	-0.0681157528	0.0356938596	-0.0284073677	-0.0209891238	-0.0555340333	0.0319959393	-0.054838737	-0.0645568383	-0.1188527463	-0.0100934716	-0.0104272131	0.0637103761	-0.0343317547	0.0056594377	-0.0568869169	-0.0451475781	0.0116267555	-0.1114833913	0.0259791068	-0.0341081549	0.0201189997	0.0643009316	0.0550591457	0.0845598046	0.0819498834	0.0776595205	0.0717766928	0.064422032	-0.0125248	0.0050134999999999	2.513518224999999e-05	0.00015687061504	-0.132193	-0.0019119999999999	3.655743999999989e-06	0.017474989249	0.361309	0.034281	0.001175186961	0.130544193481	0.00119493	0.000653404	4.269367872160002e-07	1.4278577049000005e-06	-0.000961152	0.000286508	9.23813167104e-07	8.208683406400007e-08	0.00174552	0.0001501	2.2530010000000004e-08	3.0468400704e-06	0.0	0.0
5082.46080535674	-1.7049744890782677	25831407.837987483	2.9069380084077	10331.957597818624	-45.80906840231546	106749347.80312198	2098.470747888017	4810.836499270982	-9.117938487702304	23144147.82271788	83.13680226552297	4851.702143076821	8962.79784759742	1.094025	30.908117	0.12210264	0.0627238	-0.0398350642	0.0145171668	-0.0317205318	0.0278530987	-0.0168764483	-0.0808619759	0.0653726867	-0.0110445953	0.0013371363	0.1095736656	-0.0692063299	-0.0453951108	0.0353203294	-0.0280803195	0.0427347563	0.016992526	-0.0129163068	-0.0130671092	0.0183256003	0.0963395793	0.0508435416	0.02949682	-0.0188910473	0.0185214102	-0.0327148411	-0.0951244764	0.0001119395	-0.0286928963	0.0114759818	0.0973809825	-0.0116644994	0.0532875885	0.0038414071	-0.0187086432	-0.106163907	-0.0774995341	-0.0122722668	-0.0709061405	0.0362667541	-0.0457974306	0.0428290996	-0.0887078561	-0.1001611097	0.1256881791	0.0442738443	0.1585225066	-0.0227345378	-0.0922324173	-0.0019635681	0.0014385491	-0.0792913477	-0.020688299	-0.0136768008	-0.0279741454	-0.0739392525	-0.149535734	-0.0297695496	-0.0838476644	-0.0951645732	0.0225821366	-0.0213873507	-0.0923927416	0.0412772224	0.0526322798	-0.0687884167	0.0753175118	0.0075865736	0.0716799893	-0.012627266	-0.0207773078	-0.1189124633	-0.0221234922	-0.0176331047	0.0550621598	-0.0245109861	0.0962257848	0.0284175957	-0.0164019035	-0.0734674592	0.0495874247	0.0577472559	-0.0351553865	-0.0068148225	0.0415118088	0.0356045983	-0.0732287118	0.0482578227	-0.0732233904	0.0797030566	-0.0342775158	0.0417969771	0.0285515344	-0.0022185874	-0.01919643	0.0498116213	-0.0265566059	-0.0364246715	0.0218445401	0.0304548473	-0.0292154313	0.0340622646	-0.0656170114	-0.0409974748	0.058671189	0.0372847381	-0.0440998129	-0.0003006729	-0.0099261653	-0.0227688198	-0.0721974447	-0.0697441196	0.0341869718	0.0112055828	0.0810142846	0.0418086153	0.0177428266	0.0560436569	-0.0212076738	0.0856362838	0.088348654	-0.0697577325	0.0637466062	-0.0387387603	0.0226864369	0.0064008468	0.0763927223	0.0578373611	-0.1606973682	-0.0619056757	-0.0397325313	0.1453268547	0.0469770303	0.0267951991	-0.040242391	0.0813129649	0.0179714339	0.006179797	0.0348830995	0.1030771403	-0.1232873686	-0.048988849	-0.0544295005	-0.1182711132	0.0186613063	0.0441322031	0.0889766847	-0.0124159361	-0.1036236844	-0.0050856207	-0.0810228091	-0.000712475	-0.0766648739	-0.0278447658	0.0258073185	0.0471069476	0.0634211857	-0.0794619675	-0.0272437507	0.0227736398	0.0399217658	-0.1035417251	0.0358542424	-0.0810673295	0.0069902713	0.0216659719	-0.0075189646	0.0523270142	0.0655218116	-0.0428859908	-0.0894650589	-0.0078493773	-0.0229998102	0.1039470411	0.0063015689	0.0637487482	0.0207741726	0.0470399455	0.0144280463	-0.0553944154	0.0529036875	0.0844143358	0.0813744693	0.0763888527	0.0695766975	0.0611008895	-0.00342056	0.00910424	8.288718597760003e-05	1.17002307136e-05	-0.148684	-0.016491	0.000271953081	0.022106931856	0.315716	-0.0455929999999999	0.0020787216489999	0.099676592656	0.00114356	-5.137000000000002e-05	2.6388769000000022e-09	1.3077294736e-06	-0.00169462	-0.000733468	2.8717369444e-06	5.37975307024e-07	0.00151207	-0.00023345	5.4498902500000034e-08	2.2863556849e-06	0.0	0.0
5082.965068127334	0.5042627705943232	25836533.88380272	0.2542809418074631	10340.597947145585	8.640349326960859	106927965.90451148	74.65563649191297	4808.910778359919	-1.9257209110628537	23125622.874226205	3.708401027304747	4849.494092685216	8938.222378967626	1.109497	31.345222	0.1525738299999999	0.0771484999999999	-0.0334065533	0.0434756494	-0.0103570292	0.020145372	-0.0274561419	-0.0659086825	0.0725653476	-0.0152001482	0.0726444927	-0.0011691335	0.0884267782	-0.0350529541	-0.0164640477	-0.0539070828	-0.0373489135	0.0559957327	0.0102425327	-0.091418031	0.0088171334	-0.0500002224	-0.00174533	-0.083115406	0.1057586525	0.0222688988	0.0215092773	0.0379426385	0.089739244	0.0104617445	0.0369378499	0.0275703331	-0.0281038888	-0.0921744158	0.0010984286	0.0836261763	0.0013565778	0.0048926681	0.0586023913	0.1034059299	-0.1291794507	0.0129239898	-0.0364265619	-0.0568187034	0.0316406951	-0.1173282184	0.0748567541	0.0592638939	-0.0076660045	0.052641023	-0.0379502795	-0.0125791059	0.013130944	0.0242782471	0.0178542288	0.0548351277	-0.014912369	0.1141610641	-0.0280505172	0.0023059293	-0.1009880855	0.10300567	-0.0742455978	-0.0152396921	0.019991506	-0.1017600657	-0.0032075821	-0.1423621886	0.0200618684	-0.0133259716	-0.0887289232	0.048909044	-0.0919758524	0.0150695286	0.0165727178	0.0934601756	0.0612526979	0.0273965922	0.0755325315	-0.03149504	-0.0093418543	-0.0575960522	-0.0416919185	-0.0742426855	0.0888880903	0.0467832786	-0.0086563692	-0.0356917693	-0.038004292	0.0295783383	0.1571095343	0.0544033516	0.0072748303	0.0479263224	-0.063394433	-0.0280220687	-0.0113445128	0.0722790311	0.0083343871	0.0558410163	-0.0488477181	0.0383792599	0.0205628878	-0.0666587656	0.0422296302	-0.0975219321	0.0005166225	0.0598171624	0.0969591797	0.0583032404	0.040311547	-0.0150551359	0.0685818344	-0.0283916491	-0.0416150483	-0.0129028242	0.0642518886	0.0304086291	-0.0687465576	-0.0733300275	-0.0059978949	0.0021329469	0.0303554932	-0.110388152	0.103954453	0.0230260119	0.017692614	0.0915062504	0.018148988	0.1478124029	-0.0468918133	-0.0599385807	0.0382920044	-0.0280198274	-0.0429386317	-0.0016166012	-0.0017344789	-0.0178049724	-0.0085820287	-0.0603402577	-0.0112956058	0.065597407	0.1015797287	0.0495047715	-0.1207056066	-0.0762442445	0.0787895081	0.0437103145	-0.0217899936	0.1303792442	0.0883393261	0.0917401696	-0.0383260567	0.0150391768	-0.0566209359	-0.0321898789	0.0587961452	0.0686468267	-0.0313858821	-0.0183140353	0.1216919044	0.0128834553	-0.0584167296	0.0008961918	-0.003154784	-0.0630235538	-0.0101625691	0.096917704	0.0924987695	-0.0079098266	0.0395664002	0.0189279977	0.0557864285	-0.1253187445	0.0170755934	-0.0247766072	0.0231904587	0.0412720475	0.0199642017	0.0450437053	0.0454828864	-0.0418994664	0.0842577698	0.0807562666	0.0750278142	0.0672303814	0.0575789916	0.00419017	0.00761073	5.79232111329e-05	1.75575246289e-05	-0.108275	0.040409	0.001632887281	0.0117234756249999	0.373059	0.0573429999999999	0.0032882196489999	0.1391730174809999	0.000737978	-0.000405582	1.6449675872400002e-07	5.446115284840001e-07	-0.00116447	0.00053015	1.3559903809e-06	2.810590225000001e-07	0.00150358	-8.489999999999887e-06	7.208009999999808e-11	2.2607528164000003e-06	0.0	0.0
5092.085439441638	9.120371314304066	25929334.122573543	83.18117291078048	10338.389530610018	-2.208416535566357	106882298.08662684	4.877103594562912	4803.38786735583	-5.52291100408911	23072535.004261192	30.502545959088582	4843.974543821558	8928.712487477667	1.11076	31.380898	0.1118147799999999	0.068004	-0.0287592581	0.0421762008	0.0037415174	-0.0170943301	-2.11278e-05	-0.072811242	0.0724609302	0.0144340051	-0.0584006011	0.0438374395	-0.0679334984	0.0124938137	-0.0910461776	-0.0998070934	-0.0075708517	0.0182679137	-0.0663675514	0.0406013593	-0.0421273622	0.0527983848	0.0146896612	0.0199294812	0.0592298422	-0.0311279409	0.0364249543	0.0472022571	-0.0746966726	0.0029324522	0.0260066546	-0.0645365215	0.0176858098	-0.0306310085	-0.0405326038	-0.0260053764	-0.1010007971	-0.107672001	0.0500200747	-0.1376156539	0.0976018574	0.0080302514	-0.0010209505	-0.0623586826	-0.0240062072	-0.0048271899	0.0482276732	0.1611277873	-0.0430063535	0.1022632904	0.0073398856	-0.0646091223	0.1159332832	0.0285547914	0.0929140261	-0.0340157215	-0.052675061	0.0550993789	-0.1329886605	-0.1303358306	0.0244762179	0.0741664344	0.0113939985	-0.0243062258	-0.0286838906	0.0124855156	-0.0727376841	0.0071811474	0.0253510342	-0.0484188462	0.004610691	0.014447263	0.0152944769	-0.0623264626	0.0398938879	-0.0852001429	0.0259429401	-0.0702637663	0.002655368	-0.0191739914	-0.0142798824	0.0461857452	0.0060312901	0.0300050347	-0.0269439614	0.0043319972	0.0164818551	-0.0287459131	-0.1351726114	0.0626730175	-0.0412032014	0.0782632255	0.0498805174	0.0301449986	0.0433941385	0.009826899	-0.027550681	-0.0035016852	0.076864646	0.1085482564	-0.0021641885	-0.0456330813	0.0749476438	0.0289679039	-0.0646178962	0.0411093294	-0.0228359811	0.0061183264	0.0403071548	-0.0030152008	0.0183415289	0.0824712777	0.0061731407	0.0390976794	-0.0216424398	-0.032781026	-0.0526554436	-0.0195409901	-0.0569369194	-0.0157370169	0.0278316675	0.1255911519	-0.1394304087	0.0585071303	-0.1153847292	-0.0490489236	0.0355115305	0.0219384949	0.0063848194	-0.0350958924	-0.0095756442	-0.1588092541	0.1149462313	-0.0201055093	-0.0468088774	0.0489203197	-0.1285426477	-0.0938754523	-0.0287504439	0.0388689908	-0.0811805252	-0.0757622733	0.041810526	-0.0591043034	-0.0845529228	-0.1386592345	0.0140453925	0.0125699744	0.0295928402	-0.0503136362	0.0451856671	-0.0091209386	-0.0313419055	0.039426314	0.0238481376	-0.0230294841	-0.0181575461	0.0138578544	-0.0335913436	0.1036440512	-0.032829164	-0.0318334406	0.044824992	-0.0275201	-0.0283669844	0.0123630503	0.0110546324	-0.0284577381	-0.0568131242	-0.0018506812	-0.0233139409	0.0022576327	0.1124902171	-0.0233651268	-0.0811904191	-0.1148843408	-0.027290262	0.0106827484	-0.0496755709	0.0079982375	-0.0114534146	0.0381884796	0.0840901273	0.0800956004	0.0735780149	0.0647426787	0.05386791	0.0105233	0.0063331299999999	4.010853559689999e-05	0.0001107398428899	-0.167437	-0.059162	0.003500142244	0.028035148969	0.340011	-0.0330479999999999	0.0010921703039999	0.115607480121	0.0008476809999999	0.0001097029999998	1.2034748208978057e-08	7.185630777608305e-07	-0.00129649	-0.00013202	1.6808863201e-06	1.7429280400000013e-08	0.00152729	2.370999999999992e-05	5.621640999999962e-10	2.3326147441e-06	0.0	0.0
5098.808604076623	6.7231646349846415	25997849.1810058	45.20094270910817	10383.38294121432	44.99341060430197	107814641.30390055	2024.406997807313	4809.761661969513	6.3737946136825485	23133807.24495173	40.62525777740867	4851.038549253303	8972.8029283011	1.112562	31.431814	0.141185	0.0802224	-0.0256741012	0.0507134734	-0.0210354958	-0.0164296249	-0.0234961071	0.0038832071	0.0779113733	-0.0317613702	0.0858103427	-0.0063130488	0.0593153764	-0.0555850741	-0.0402000979	-0.0707999286	-0.0675717481	0.039274979	-0.0596014995	-0.0645048898	0.0564818066	-0.0534034559	0.0028521097	0.06556869	-0.0987767164	-0.079446287	0.0184347415	0.0418208557	-0.0198171528	-0.0348585296	0.0849946395	-0.058760579	-0.0761811401	0.0404759483	-0.0843934102	0.0280419286	-0.0669003444	-0.0531451678	0.0660828493	0.0710291254	-0.0304309583	-0.0686838983	0.0327334365	-0.1000888294	0.1466813721	-0.0529052402	-0.0737852111	0.1169014156	0.030575686	0.143015748	0.0645614803	0.0941541632	-0.0745912852	-0.0636217096	0.0548584572	0.0540432308	0.0160573405	-0.0545054313	0.0341873308	0.0487898772	0.0621157393	-0.0559138915	0.0192772575	-0.0205539946	0.0511986813	-0.0467432197	0.082309761	0.1297387479	0.0049181777	-0.0450222348	0.0272244347	-0.0803325794	-0.0324343469	-0.2012226758	-0.0583757368	-0.0070833361	-0.067255582	-0.0471460141	-0.0030141508	0.1008687297	0.0540141031	-0.0100523967	0.1229896195	0.0201474655	0.0731038649	0.0528761383	-0.0349706378	0.036820097	0.0068419985	-0.0216582905	-0.0624973883	-0.0444657692	0.0107896467	-0.0227361145	0.1188063134	0.0590717261	-0.0961070696	-0.1063369147	0.030539621	0.0715759202	-0.0566915662	-0.0159055432	0.0724640697	-0.0193920733	0.0528980456	-0.0634396428	-0.0431519037	-0.0808303925	-0.0968510943	-0.0978223836	0.0009528426	0.0505596859	0.009660576	0.0172236631	-0.0839733686	-0.0152675882	0.0346265544	-0.1082175159	-0.0256544112	-0.0675102107	0.0106291481	0.084831233	-0.028962461	-0.0657111514	0.0158373709	0.064911483	-0.0510207113	0.0835756061	-0.1586982729	0.0396892568	0.1206442019	-0.1153937119	0.0733963805	-0.0812010866	0.08706057	0.0318555586	-0.0235952537	0.0567596423	-0.1014172709	-0.0821117979	0.0422429698	-0.0100324152	-0.0348965575	0.0058744098	0.0782793265	0.0583028317	-0.04026215	0.0274717472	-0.0456497505	0.0009834025	-0.0747467288	-0.1088039183	0.015657774	0.0310483749	0.0704719255	0.0662785574	-0.1412970836	0.1558540184	-0.0588784487	-0.0611578354	-0.0806021529	-0.0378055436	0.071020998	0.1000501985	0.0580674336	-0.0354812205	0.0971423956	0.0399948383	-0.0106304383	0.0553891243	0.0236778088	-0.0106066233	-0.0073701573	0.1115398982	-0.0167318546	0.0137907168	0.0226806802	-0.0670470643	-0.1213835086	0.0154819366	0.0153148043	0.1008427027	0.0839114303	0.0793928181	0.0720411702	0.0621188212	0.049979838	0.0130767	0.0025534	6.519851560000004e-06	0.00017100008289	-0.0937574	0.0736796	0.00542868345616	0.00879045005476	0.36386	0.023849	0.000568774801	0.1323940996	0.000474491	-0.0003731899999999	1.3927077609992536e-07	2.25141709081e-07	-0.00169646	-0.0003999699999999	2.8779765315999995e-06	1.5997600089999993e-07	0.00147839	-4.889999999999994e-05	2.3912099999999943e-09	2.1856369921e-06	0.0	0.0
5099.809352190262	1.0007481136390195	26008055.42868726	1.0014967869520564	10411.534247137872	28.151305923551263	108400045.37932476	792.4960252013724	4814.506687565599	4.745025596086634	23179474.64461388	22.51526790751732	4856.479702326105	8959.604767928455	1.121812	31.693151	0.12654995	0.0651555	-0.0061223112	0.0494805809	-0.0197709866	-0.000633827	-0.0037634349	-0.0112428057	0.0437274771	0.1021769474	-0.0878647522	0.0058935685	0.0008576159	0.0530901707	-0.0196592494	-0.0004985284	-0.0822505151	-0.0474986712	-0.0629122799	-0.0577619528	-0.0987821584	-0.0561690651	0.1088816619	0.0512725177	-0.0071913692	-0.0624372728	0.0253043088	0.0488696399	0.0579775675	0.0587260657	-0.059457509	0.1133586176	0.0053162302	-0.0248712888	0.0381940693	-0.0481131553	0.1302868548	-0.0610399499	-0.0082792119	-0.1436055236	-0.1014471252	-0.0080765212	0.0249517114	0.052097038	-0.0539113252	0.0013174927	-0.0653475309	-0.0909691976	0.1052271481	-0.0500269565	-0.0641322939	0.0606607863	-0.0234496788	-0.0618321587	-0.0681189917	-0.0367488068	-0.1111825174	-0.0070983884	0.0125536116	0.0052096022	0.0461210955	0.0179007281	-0.0811250615	0.067421852	0.105634878	-0.0804466991	-0.0161924621	-0.0966582377	-0.0176256071	-0.0004800155	-0.030984912	-0.1011817075	-0.0450903654	-0.0415840959	-0.0006166815	0.04192198	-0.0131352531	0.0632313456	0.0496371227	-0.0198365041	-0.0010897624	-0.0396189978	-0.0403432499	0.1041763111	-0.0533106502	0.0888349544	-0.0115324484	0.0704175786	-0.0896084204	-0.028709516	0.0361663273	0.0130494433	0.0007461956	-0.0657069857	0.1078083303	0.0626635813	0.009355786	0.0397880742	0.0191432884	0.008398463	-0.0676789907	-0.0625383793	0.0010405145	0.0453798199	-0.079878157	-0.1084095032	-0.0092614571	-0.1056094893	0.0555167827	-0.0516845703	0.0233216206	0.0239916224	0.0679311043	-0.0441255212	0.0699003768	0.0455745489	0.0656458097	0.1222581084	0.0183349634	0.0660768334	-0.1141494415	0.0085387737	-0.0512621161	0.1490445861	0.0849682441	-0.014323822	-0.042649857	-0.0307357714	0.0531929432	0.0258790676	0.0089862559	0.1391716436	-0.0547656532	-0.0645698818	0.0114620947	-0.0599962108	0.0341363687	0.124592585	0.0446044072	0.0402486066	0.0532279706	-0.0714628561	0.0552678055	0.0153631961	0.0287040469	-0.0562533386	0.0361464864	-0.032057274	-0.1391951529	0.0604404609	0.0757278262	0.0499888941	-0.0019599732	-0.0040632522	-0.023778999	0.1018912666	-0.0383392813	0.07970265	-0.0211298263	-0.0243478792	0.0252164714	0.0075461	-0.0833497508	-0.0167995227	0.0008626766	-0.0178555479	-0.0565425482	0.0017132049	-0.0825720396	0.1061761176	0.0496122794	0.1188449554	0.0776480641	-0.0171037204	0.0218931552	-0.0072182111	-0.0131739188	-0.0841334984	-0.0684465113	-0.0022207842	-0.0472768645	0.0704648622	0.0837217023	0.0786482892	0.070419098	0.0593643268	0.0459275503	0.0199979	0.0069211999999999	4.790300943999998e-05	0.00039991600441	-0.153852	-0.0600945999999999	0.0036113609491599	0.0236704379039999	0.374385	0.010525	0.000110775625	0.140164128225	0.000895794	0.000421303	1.77496217809e-07	8.02446890436e-07	-0.00118822	0.0005082399999999	1.4118667684e-06	2.5830789759999985e-07	0.00152903	5.0640000000000017e-05	2.5644096000000014e-09	2.3379327409e-06	0.0	0.0
5106.026794025967	6.217441835705358	26071509.6213111	38.65658298037921	10399.09052281142	-12.443724326451049	108141083.7016263	154.84627511270958	4817.43057819555	2.92389062995062	23207637.37573351	8.549136415913033	4858.073532123637	8976.633002878958	1.101803	31.127867	0.0805489999999999	0.0484463	-0.0138748313	0.0611980751	0.0041237055	-0.0252161224	0.0052753493	0.0058165003	0.0683008505	-0.0252253972	0.0274422709	-0.0351039148	0.032280937	-0.098709922	-0.0257865766	0.0102934424	-0.1107023686	0.0498926668	-0.0344864436	-0.0076757359	-0.0187843604	-0.102473071	0.0626361963	0.0412929238	-0.0398124082	-0.1354071823	0.0419867483	-0.0141467059	-0.0247386914	-0.0346748444	0.133467402	-0.0780605813	0.0962125682	-0.0334905097	-0.0339499126	0.0891108057	-0.0347969064	0.1079976534	-0.0909499971	-0.0358693726	-0.0694922443	0.0203937551	0.0340869565	-0.0340239718	-0.022305128	-0.0105565173	0.0279528681	-0.0525476304	0.0294959113	0.0308880571	0.0178461052	0.0699573014	0.1071368556	0.0565480174	-0.0418135368	0.1185371673	-0.0168978289	-0.092432809	0.0356300776	-0.0981892046	0.1504607667	0.071755628	0.0803013219	0.1067204839	0.0152776602	0.0405698852	0.14398087	-0.1043981247	0.0602428364	0.0698562702	-0.0631921407	0.0704140833	-0.0083954004	0.0484939478	0.022627201	0.0272958402	0.0153488791	-0.005892438	-0.0751618434	-0.0527455205	0.0576004675	-0.0466119517	-0.1239892595	0.1173677663	0.0017647043	-0.0550602828	0.0292542897	-0.0053475594	-0.0634408006	0.0370222577	0.0417858858	-0.0063741197	-0.0544853445	0.0736575282	0.0442602689	-0.0300586108	-0.0028473731	0.0056775368	0.029781362	-0.0088680046	-0.0900184298	0.0272962611	0.0604894779	0.0578373166	0.0095164012	-0.0702653761	-0.0397979248	-0.1036312922	0.0093836992	-0.117561602	0.0705127759	0.0421152	-0.0303745672	-0.0214768501	-0.1448314579	6.1859e-06	-0.1092763425	-0.0067164909	-0.0510937851	-0.0723958441	0.0661736795	-0.1372314717	0.0126282745	0.0446177071	0.0276074199	-0.0313553155	-0.0380844727	0.0544340951	0.0208737537	0.0233031339	-0.0090012604	-0.0301337433	-0.073285349	-0.026311787	0.0634056402	-0.0149360819	-0.0815743541	-0.0152158357	0.1182808915	-0.096674972	0.0806620991	-0.0217729546	-0.0258643994	-0.1140445109	0.0480127139	-0.1116588364	-0.1436804191	-0.1151861489	-0.0327620828	0.0428197804	-0.0958078972	0.1300071296	-0.0286987025	-0.0655561701	-0.0380722835	-0.0705360134	0.0613090212	0.0379117533	0.0640928479	-0.0335203547	0.0303000407	-0.010953979	0.0298882459	-0.0955053906	0.0436624615	0.0443566723	-0.0687356342	0.0296196269	-0.1207891502	-0.0671303854	0.0175716765	0.0557141122	0.0519747325	-0.0737042102	-0.0307419522	0.0496990113	-0.0270706566	0.089806843	-0.0513737728	0.0388019784	0.0091207677	-0.0660609948	0.0835209683	0.0778624053	0.0687137175	0.0564849883	0.0417243613	0.0211796	0.0011817	1.3964148900000018e-06	0.00044857545616	-0.113145	0.0407069999999999	0.0016570598489999	0.0128017910249999	0.379391	0.0050059999999999	2.506003599999955e-05	0.1439375308809999	0.0010521	0.000156306	2.443156563600001e-08	1.10691441e-06	-0.00137749	-0.00018927	1.8974787001000004e-06	3.5823132900000033e-08	0.00185654	0.00032751	1.0726280010000002e-07	3.4467407716e-06	0.0	0.0
5106.511308865249	0.4845148392814735	26076457.74756868	0.2347546294839521	10403.987438963031	4.89691615161064	108242954.63010052	23.97978779590516	4820.517575649556	3.0869974540064504	23237389.69714628	9.529553281042308	4861.1796884189735	8965.968789335933	1.075027	30.371391	0.1363143	0.0626185	0.0064087151	0.0631063343	0.0015497904	-0.0160398094	0.0236218487	0.0016155343	0.0433070503	0.1234832679	-0.0904222532	-0.0552904866	0.0349006343	0.031691757	0.0275108724	0.020773455	-0.1078947578	0.0577103446	-0.0138377179	0.0973119838	-0.1166513318	0.0624403419	-0.0359890128	-0.0908780497	0.0035188274	0.0194594593	0.1059390687	0.0746690139	0.0046145057	0.0824320553	-0.0789937074	0.0305582569	0.0900462555	-0.0247338759	-0.0369954476	0.0638227261	0.0187550685	-0.013748961	0.0058746207	0.0079669312	0.040246566	0.0586921828	-0.0196440585	0.0752563023	0.0432104958	0.0007160367	0.0097651865	-0.026886177	-0.0029815371	0.0163362885	0.070018179	0.0285160953	0.0379639929	-0.0242521967	-0.125057731	0.0823246669	0.0545196105	-0.0304260296	0.0857294328	0.0862905497	-0.0023452421	-0.1114491822	0.0030467931	-0.0385384381	0.0389150707	-0.0586686363	-0.0079791811	0.0208551402	0.0297876054	0.0776188628	-0.0840529918	0.0314333504	0.0419066588	-0.0031404712	0.0573167498	-0.0058378823	-0.0392829065	-0.0028389685	0.1371116876	-0.0045575106	0.0218416858	0.0560645161	-0.0939355178	-0.0678564084	-0.085398727	0.0565742744	0.0645984249	-0.0437626516	0.036855596	0.0002912461	0.0422597839	-0.1074841481	0.1218186484	-0.0850281103	-0.0691900945	0.0206082026	0.0560682337	0.0163554519	-0.0251477577	-0.0212063184	-0.0990709437	0.0655101225	0.0511256405	0.1011904155	-0.0795363877	0.0326291102	0.0970963429	0.0917986061	0.01891034	0.033504225	0.0368120907	0.1072236632	0.0661151072	-0.0498457926	0.092330151	0.0226238769	-0.0481225031	0.0614640841	-0.0446662243	-0.0557665699	-0.0221020565	-0.0141961186	0.0269507959	-0.0126804896	-0.0195428865	-0.0546973402	0.0275094726	-0.0772476906	-0.0335172098	0.0101395901	-0.0139678593	0.0019213668	-0.0154583166	0.0306893908	0.0328379652	0.0735016461	-0.0066333975	0.0760514271	0.0978526615	-0.0869524083	0.014259838	0.0608668372	-0.050479558	0.012264615	0.1081635286	0.1249252977	0.0076883672	0.0412542274	-0.0201106224	0.0329295299	0.0317635308	-0.0494160023	-0.0317868897	-0.0650910245	-0.0476303915	-0.0574074298	-0.0279692214	0.0253954844	0.0675918059	0.0791774547	0.0081489494	-0.0570101283	-0.1231837251	-0.0027486134	0.0808897913	0.0360119533	-0.0941045775	-0.0155925869	0.0735405184	0.0570399489	-0.0548227346	-0.0354499956	0.018816858	-0.0357900961	0.0148518268	0.0048591243	0.1628513466	-0.0985615972	0.0835227441	-0.0488246673	-0.0190555407	0.0307537217	0.0833092546	0.0770355794	0.0669270461	0.053486861	0.0373840812	0.0143119	-0.0068676999999999	4.716530328999999e-05	0.00020483048161	-0.158974	-0.045829	0.002100297241	0.025272732676	0.416844	0.037453	0.001402727209	0.173758920336	0.00139162	0.00033952	1.1527383040000006e-07	1.9366062244e-06	-0.000967438	0.000410052	9.35936283844e-07	1.6814264270400005e-07	0.00168282	-0.00017372	3.017863840000001e-08	2.8318831524e-06	0.0	0.0
5116.461601028457	9.95029216320836	26178179.314798683	99.0083141332057	10434.188733098626	30.201294135595163	108872294.51792233	912.1181674647348	4824.564072370831	4.046496721274707	23276418.48841142	16.374135715286954	4863.97768410715	8995.5457655146	1.074116	30.34565	0.12286735	0.056206	0.0004155153	0.0628628595	0.0014882371	-0.0485612382	0.0168248026	0.0500410506	0.0645901049	-0.0028403789	-0.0278140914	-0.044934793	-0.0022848524	-0.0845614704	0.0412110476	0.0766830131	-0.0982438326	0.0312835971	0.0800086419	0.0917311853	0.0339701423	0.0715168855	0.1020454366	0.0134911124	-0.0742283758	-0.0167726396	0.0232959427	0.009939466	-0.0406205254	-0.0910131993	-0.014560549	-0.0065437708	0.0007869789	-0.0112042562	0.0551194512	-0.016665984	0.0015043782	0.139865774	-0.0566021566	0.0334649805	-0.1427976885	0.1358644245	0.0673122678	-0.0274224896	0.0873472015	-0.0327707647	-0.0393937661	-0.0110253841	0.0200439908	-0.0718194851	-0.0041907778	-0.0118086027	0.0402189169	-0.0086200553	0.0501446327	-0.145815023	-0.0063028598	0.0454642364	-0.0663512016	-0.0215231323	0.0348781239	-0.0694252516	0.0944418436	-0.0194825663	0.0968042092	-0.0121234509	0.0499388557	0.0488173946	0.0021545221	-0.0478013191	-0.0034134626	0.0377048192	-0.039757606	-0.0402488596	0.0366855384	0.0722708084	0.0769414976	-0.0447389287	-0.1280824215	-0.0906667515	-0.1391418474	0.1006840525	0.0019918767	-0.0308548597	0.0927835023	-0.0119633691	0.1008833461	0.0605339605	0.0018909416	0.0788434376	-0.0406825651	0.0598694149	0.0584367664	0.0187811714	-0.0863715671	-0.1203561905	0.0447237561	0.0603830938	-0.0341622543	-0.0763668322	-0.0929414507	0.0697689584	-0.0041087495	0.0249210874	0.0143998403	0.1208988699	0.0799847449	-0.1056060265	0.0101423646	-0.0476847808	-0.0117197635	0.0119189138	0.0088324403	0.0568570875	-0.0148957107	-0.0743103912	-0.0206130882	0.0092400213	0.0508623278	0.0270533818	0.0899823369	-0.1177054058	0.0629477542	-0.0166442995	0.1390200505	-0.1272094166	-0.0987644244	0.0555682416	-0.0468416086	0.0513034194	0.018099666	0.0713942981	0.0184021983	0.030680324	0.0004555431	-0.012416505	-0.0544347005	-0.0220502754	-0.0507243164	0.1344256633	-0.1156016619	-0.0372015923	0.0181814441	-0.0300865531	0.0108048871	0.0407097003	-0.0931420639	0.0405390444	-0.0910073213	0.0133881996	-0.0276740322	-0.0444257835	-0.0011243698	0.0519023207	0.0128533685	-0.0373032579	0.0130557595	0.0562060662	-0.0047273314	-0.0061749903	0.0741566921	-0.0053918702	0.1077178402	-0.0486143428	-0.1946858762	0.0828633403	0.0134017798	0.1065326291	0.0385591111	0.0149142307	-0.1013252029	-0.0103626759	-0.0511751783	-0.0232206773	-0.1101006546	-0.078025528	-0.0058745697	0.0483644251	0.122175161	0.0476954762	-0.0512969794	-0.0396297523	0.083086589	0.0761682466	0.0650611976	0.05037625	0.0329209705	0.0140827	-0.0002292	5.2532640000000274e-08	0.00019832243929	-0.117778	0.041196	0.001697110416	0.0138716572839999	0.390038	-0.0268059999999999	0.0007185616359999	0.1521296414439999	0.0008724489999999	-0.0005191710000001	2.695385272411039e-07	7.611672576008255e-07	-0.00149556	-0.0005281219999999	2.2366997136e-06	2.789128468839999e-07	0.00163739	-4.542999999999995e-05	2.0638848999999955e-09	2.6810460121e-06	0.0	0.0
5106.632847159209	-9.82875386924843	26077699.035685368	96.604402622266	10436.380669587015	2.1919364883888197	108918041.48052952	4.8045855691303085	4826.365568714601	1.8014963437699407	23293804.602873813	3.2453890766164646	4867.314094572175	9011.292284026878	1.099119	31.052038	0.07219465	0.0379691	-0.0075457917	0.0512769352	0.005429241	0.011701877	-0.0085130637	0.0305309282	0.0282208094	0.1205742937	-0.0282838189	-0.0890344056	0.0421500539	0.0177299319	0.060327276	0.0270429092	-0.0378573556	0.0424373692	0.0381477921	0.0344932483	-0.1492451916	0.1158401776	0.0471521344	-0.0493160211	-0.1081834918	0.1940047579	0.0211224712	0.091966981	-0.0118593336	-0.1274723894	0.121013475	-1.7059e-05	-0.0327060294	0.0834702304	0.0462797014	0.0691320554	-0.0180285604	0.046126844	-0.020684938	-0.0753487664	0.0363448329	-0.0459815282	-0.1228397423	-0.018298089	-0.0259087765	-0.0882837131	-0.0318371362	0.0065727899	0.0419736185	0.0333013576	-0.0388465346	0.0446963596	-0.1218690197	0.0873276826	0.0286523795	-0.0584409571	0.0209018608	0.0162000107	-0.0125774878	0.1177675447	-0.0338418429	-0.0124645308	0.1107669678	-0.0153603046	0.0301753321	0.0300012281	-0.0340067666	0.0694902591	0.1002976096	-0.0010519488	0.0336646052	0.041036812	-0.0825264181	0.0402177487	-0.0291570005	-0.0060807439	0.0605678236	-0.109315951	-0.0822239982	-0.0002053357	0.0983183322	-0.093522889	-0.0451040939	0.0396079301	-0.0193049022	-0.1000984005	-0.0670167308	-0.0056823737	0.0497813088	-0.1041269853	0.0242219437	-0.0344323823	0.079167703	-0.0271036665	-0.0222186848	0.037272226	-0.0561791339	0.0680678915	-0.0549819854	-0.0293655036	-0.033885754	0.0815355373	0.0139554289	0.0459758958	-0.1534965737	0.036304035	0.1718740956	-0.0274511923	-0.053044012	0.1215990918	-0.1156008301	0.0184716739	0.0596336552	0.0538619644	-0.159986364	-0.005187565	0.0344781617	-0.0379879679	0.1141411979	-0.0392648486	0.004822511	-0.066932405	-0.046927197	0.0431270719	-0.0559740565	0.0284030025	0.112115854	0.0307626789	0.0131658775	0.0706414797	0.0612599928	-0.0217385671	0.0031233631	-0.0665297898	0.0523423589	-0.0767471214	0.0818473811	-0.0409906089	-0.045768851	0.0666244379	-0.0430759477	0.0276336602	-0.010704425	0.0978077292	-0.0108124891	0.097898872	-0.0868651322	0.0051358683	0.0145990922	-0.0278750223	-0.0153249742	-0.078677696	-0.1132136007	-0.0233583619	0.0088171038	-0.0233287144	0.1112535459	0.01927175	-0.0207835587	-0.0556305928	0.0240457937	-0.0276565418	0.1448559825	-0.0839813588	0.1017530997	-0.0595762113	-0.0187270873	-0.0329077021	-0.0568981997	-0.0932797701	0.0338925225	0.0302379335	-0.060148625	0.0213620029	0.1112541407	-0.0409634796	0.0808510446	-0.0569066601	0.0083280514	-0.0242292041	0.0654822927	0.011306387	0.0828530009	0.0752608627	0.0631183792	0.047159697	0.0283496934	0.0225503	0.0084675999999999	7.170024975999998e-05	0.0005085160300899	-0.154578	-0.0368	0.00135424	0.023894358084	0.395951	0.005913	3.496356900000002e-05	0.156777194401	0.00114889	0.0002764410000001	7.641962648105534e-08	1.3199482321000002e-06	-0.00138836	0.0001072	1.9275434896e-06	1.1491840000000002e-08	0.00167403	3.663999999999989e-05	1.342489599999992e-09	2.8023764409e-06	0.0	0.0
5106.259817934943	-0.3730292242653377	26073889.328257	0.1391508021559996	10416.06608669435	-20.314582892664475	108494432.72238415	412.68227810293615	4825.791668523249	-0.5739001913516404	23288265.227988407	0.3293614296334494	4865.949487702909	9000.566729752369	1.136889	32.119095	0.1097674	0.0559704	-0.0224874727	0.0383436997	0.0146560913	-0.0029082769	-0.001347724	0.0154721096	0.0564318911	-0.026566293	-0.0247616585	0.0120870636	-0.0744203324	-0.1202982139	0.0795882028	0.0245558067	-0.062491848	-0.0250036626	0.0247471229	-0.0419511173	0.0240762942	-0.0147924942	0.1355056617	0.0143266639	-0.0097381838	-0.014735283	-0.0676590337	-0.1086746606	0.0479882958	-0.0971026162	0.026648597	-0.1056717709	0.0475611911	0.0413950395	0.0984745227	-0.0805798138	-0.0270742625	0.0075617769	0.0033002169	0.0303220708	0.0099770615	0.0658413736	0.135822211	-0.0053619278	-0.1321397044	0.0232086205	0.0344518241	0.0182248379	-0.041019618	0.0193976566	0.0021509503	0.1248375213	0.1178928308	-0.0045157564	-0.0854294464	0.0130384416	-0.0073185849	0.0062549347	-0.0457639207	0.0305918183	-0.0869391798	0.0258339804	-0.0947957129	-0.05691441	-0.0200016846	-0.0001572757	-0.0326782243	0.035233512	0.0307599632	0.0253463925	-0.0446125579	0.1177789663	0.0311525748	-0.0833256208	0.124289126	-0.0531766101	0.0060145608	-0.0411398276	-0.0370875003	0.0118597606	-0.0659063624	0.1084541852	-0.0577022886	-0.0171373905	0.054495852	0.0589966383	-0.0314238104	0.058171606	0.0169624375	0.0310552901	0.1334659614	0.1272870416	-0.0123580631	0.0443310331	0.0789240303	0.2043197091	0.0215381552	0.0386825037	-0.0731889825	-0.030305965	-0.0462081094	0.0056978933	-0.0246012692	-0.0058116926	0.026108395	-0.0285498643	0.0454098127	-0.1349598453	0.0641175631	-0.0284246216	0.0040308542	-0.1462293556	-0.0237293529	0.018980302	-0.0567797117	-0.043654243	-0.102256147	-0.0475810499	0.0796418988	0.0744138617	0.0463442644	0.0329181143	0.0232227786	-0.031892718	-0.0175144352	-0.0576229488	-0.1199237127	-0.0056890332	0.1287039798	-0.0673576626	-0.0033220146	-0.077820638	-0.0226987854	0.0302942215	0.0560528336	-0.0514644023	-0.1091306368	0.0796664379	0.1140333918	-0.0218012827	0.0119222864	0.0163440055	0.0006150105	0.0567528454	-0.0656801811	-0.0225759376	0.1081977799	0.0637630551	0.0227986302	0.0195194183	0.0121465265	-0.037433961	-0.0152479245	-0.0313987262	-0.0260492617	-0.127937078	-0.024861061	0.0351393343	0.0208979677	0.1551770408	-0.0373252458	0.004929965	0.0758566791	0.0609463545	-0.1220119368	0.0828380456	0.0190862869	0.0964995821	0.0500572507	0.0172797147	0.0672644206	0.0817736422	-0.0223346294	-0.1559807795	0.0537427503	-0.0400062531	-0.0451074709	0.01431962	-0.1304648484	-0.134209378	0.0536191774	-0.0188975424	0.0826085209	0.0743139049	0.0611008895	0.0438439664	0.0236852696	0.0208868	-0.0016634999999999	2.7672322499999943e-06	0.00043625841424	-0.13692	0.017658	0.000311804964	0.0187470863999999	0.344479	-0.051472	0.002649366784	0.1186657814409999	0.0008637519999999	-0.0002851380000001	8.130367904405708e-08	7.460675175038272e-07	-0.00161221	-0.00022385	2.5992210841e-06	5.010882250000003e-08	0.00194452	0.0002704899999999	7.316484009999999e-08	3.7811580304e-06	0.0	0.0
5092.461099844347	-13.798718090596594	25933160.053427894	190.4046209437577	10394.77042484057	-21.295661853780985	108051252.1851402	453.50521379058256	4815.689706084393	-10.10196243885639	23190867.34528719	102.04964511606534	4856.711202317529	9023.34210586548	1.103693	31.181255	0.14362085	0.0746188	-0.0143019852	0.0466950707	-0.0001530615	0.0216668459	-0.0073071441	-0.0055029227	0.0526964523	0.0295882727	0.0459946998	-0.0537888185	0.0919141156	-0.0060666176	0.0426987205	0.0166528276	-0.062705039	-0.0332331662	0.070918098	-0.0437077252	-0.1227768163	-0.0744728803	-0.006402299	-0.018111674	-0.0365198526	0.1078231646	-0.0158274433	-0.0047018345	-0.0870879014	-0.1176321761	0.0453521113	0.0028964627	0.0246457213	-0.0320298203	-0.1329857227	-0.0010170721	0.0178736897	-0.1018944872	0.06310742	0.0557218834	-0.1578398916	-0.101985755	-4.37364e-05	-0.0716783863	-0.0420718465	0.1962647155	-0.074870088	0.0653712391	-0.026474403	0.0156758362	0.0527523638	-0.0015307866	-0.0252587945	-0.0038362034	-0.0260725561	0.0121603538	0.0655764633	0.0802486808	-0.0735207033	0.0006650451	-0.0513044655	-0.0187695051	0.0185327201	-0.1031184991	-0.0888561202	-0.1121176514	-0.0272403422	0.0320674178	-0.0179181484	0.0232222629	0.0608632501	0.0262431926	0.0738880017	-0.0195858167	-0.0824549551	0.1634013101	0.0308977846	-0.0186791546	-0.0374083118	0.082767572	-0.0592755259	0.0029598504	0.0246914738	0.0243775201	0.0900980031	-0.0253956519	-0.0218401283	-0.0565240532	-0.0088625138	0.043210528	-0.0517948891	-0.1253736887	0.0008080486	-0.0042260061	0.1247048529	0.0649321539	-0.0673207311	-0.0734277224	-0.0405560026	-0.0142666362	-0.0677147794	0.0661281241	-0.0842497504	0.0562415381	-0.0866210602	-0.0961081612	0.0063414882	-0.0246159261	-0.0428006254	0.0817204461	-0.0586252853	-0.0007487649	-0.0581092519	0.104310864	-0.0910902516	-0.002868447	-0.0277252059	-0.015298469	-0.0895475197	-0.0293022468	-0.0457858474	0.0908212527	-0.0425430508	-0.002017031	0.1942333304	0.0943802181	0.0038114967	0.0795174339	-0.0443088083	-0.208999214	0.0417744639	-0.0069230649	0.0437012511	0.0204220864	0.0253900106	0.0492815997	0.045366755	0.0198220144	0.0069873449	-0.0291960044	-0.0878020362	0.0398027629	-0.018312048	0.0041022577	-0.0482251267	0.0107919783	0.0378396567	0.094479146	0.1091672028	0.0625394724	0.069606777	-0.0426661701	0.0277610416	-0.0211700215	0.075613667	-0.016715601	-0.0637734474	-0.0475753042	0.0127071116	-0.1358528702	0.1078641672	-0.0199515143	0.0589471083	0.0913598485	-0.0360655678	0.0105139153	-0.0276391095	0.042828791	-0.0376331712	-0.0476105361	-0.0083456195	-0.087117837	0.016927042	0.0600927899	-0.0715067328	0.050270139	0.0651577075	-0.0660700849	-0.1417018236	0.0094621614	0.027167485	0.0571721506	0.0823531812	0.0733278711	0.0590111152	0.0404360313	0.0189430245	0.0262661	0.0053793	2.893686849e-05	0.00068990800921	-0.0854252999999999	0.0514947	0.00265170412809	0.0072974818800899	0.394302	0.049823	0.002482331329	0.1554740672039999	0.000651125	-0.0002126269999999	4.521024112895747e-08	4.2396376562500003e-07	-0.00178235	-0.00017014	3.1767715225e-06	2.8947619600000017e-08	0.00158881	-0.0003557099999999	1.2652960409999997e-07	2.5243172161e-06	0.0	0.0
5092.7518743697465	0.2907745253996836	25936121.653896566	0.0845498246214112	10377.379461220497	-17.390963620073308	107690004.482161	302.4456156347133	4821.124333022665	5.434626938272231	23243239.83446324	29.535169958194206	4861.688965609561	8983.334454931191	1.072897	30.311203	0.1360496999999999	0.0724379	-0.0179718504	0.0392141506	0.0119462738	-0.038360237	-0.0036080134	-0.0093922351	0.07630926	-0.0587698397	0.0085360546	0.0187395297	-0.0243885744	0.0022808408	0.0374740032	0.0064448348	-0.0371579136	0.0164415382	0.0270005077	0.0211117189	-0.0281368545	-0.0450231529	0.0563823773	0.0185168826	-0.0501289815	0.0385565865	0.0110586393	-0.0395553945	0.0499383058	0.0909753164	-0.0573689905	-0.092680921	0.019359596	0.0054568017	0.0807130746	-0.0589632131	-0.0595977534	-0.1057720038	0.0210867102	-0.0383857438	-0.0336226076	-0.0582736474	-0.0271923726	-0.0628757371	-0.0419190919	-0.0215689699	-0.0156843001	0.0305444367	0.0145859067	0.056498642	0.0708466959	-0.079422188	-0.0260402804	-0.0342999326	-0.062840052	-0.0894027571	0.0677442102	0.0763276245	0.1173215153	0.0454679681	-0.0145906467	-0.0804034629	0.0427766751	0.0657936787	-0.0590563678	-0.0193803763	-0.0253500032	-0.0167131149	-0.0445553946	-0.0061260679	0.044283551	0.042286808	0.0069990102	0.1056327119	0.0112822607	-0.0438430262	-0.0104071884	0.1192886511	0.0489994255	0.0928471428	-0.0498491212	-0.0862288226	0.019925656	0.0283063152	-0.0595245754	0.0927648305	-0.0195840581	0.066476517	0.0492365782	-0.0271054298	0.1020134307	-0.0025415298	-0.0657454084	-0.002887219	0.0529769286	0.001174346	-0.2006098745	-0.0499764786	-0.0376454679	-0.0092491959	-0.0271734592	0.042170082	6.85836e-05	0.0491709724	-0.0070404824	-0.0098585624	-0.0037701078	-0.0799525187	-0.0018066966	0.0184572673	-0.0064923048	-0.0314597951	0.0041058089	-0.1161137925	0.0693454811	-0.0523131731	-0.0610924799	-0.0205332068	0.0368505902	0.0546097819	0.0206542884	0.1194500085	-0.0697010928	0.0370293931	-0.0047353377	0.0514441389	0.038931641	0.0811745622	0.037757185	0.0110533695	0.0219667531	-0.0206577766	0.0231535677	-0.0282059099	-0.0126408415	0.1263353178	0.0560865114	0.0388727288	0.0028021147	0.0696137662	-0.0133638942	0.1368299059	0.0339208183	0.0209919604	0.0574104412	0.0985689363	-0.0237195512	-0.0631268926	0.0344180653	0.0084521187	0.0485737764	0.0312339519	0.0481927245	0.0085857907	0.033400799	-0.0349012752	0.0390462532	-0.0880570043	0.0155449386	-0.0093393046	-0.0438511827	0.1107504896	-0.0696858319	0.0856620471	-0.0122963291	-0.0957293856	-0.0550810008	-0.0489619147	-0.0057023915	0.1040825924	0.0534246892	0.0693015945	-0.028845193	-0.0052448773	0.0711537544	0.0835053156	-0.0133987318	0.0296362276	-0.0475785873	0.1386604353	0.1028269835	0.1391563935	0.0820870153	0.0723032799	0.0568515285	0.0369430585	0.0141385394	0.0168683	-0.0093978	8.831864484000002e-05	0.00028453954489	-0.14063	-0.0552047000000001	0.00304755890209	0.0197767969	0.371935	-0.0223669999999999	0.0005002826889999	0.138335644225	0.000526681	-0.000124444	1.5486309136000007e-08	2.77392875761e-07	-0.00109209	0.00069026	1.1926605681e-06	4.764588676000001e-07	0.00175571	0.0001669	2.785561e-08	3.0825176041e-06	0.0	0.0
5086.24519205257	-6.506682317176455	25869890.153677884	42.33691477665677	10358.279615017129	-19.099846203367637	107293956.5828794	364.804124992297	4811.709250639902	-9.415082382763105	23152545.91269361	88.64377627421615	4853.147562790396	8998.107407571139	1.092788	30.873161	0.184693485	0.103674	0.0101205766	0.0541879522	-0.0308518127	-0.0200447476	0.0108475245	0.0231600287	0.0719579577	-0.0121251069	0.0566322934	0.0059074454	0.1115109148	-0.0028292845	0.0074915924	0.007486692	0.0049198235	0.0468782517	0.0076208267	0.0409949278	-0.0629630682	0.0374186698	-0.0650223064	0.1400128112	0.1175743623	0.0572999183	-0.0739833232	0.0269086821	0.0554180442	-0.0541775809	-0.0241114757	-0.0904168581	-0.1617651437	-0.0303000055	-0.0010333844	0.036798974	0.0898505934	-0.1065459512	-0.0846297656	0.0589328477	0.1435565061	0.0929254018	0.0047451483	0.0645001901	0.0016232109	0.0385265187	0.132845405	-0.0714678306	0.1211876098	-0.0203012581	-0.0092429252	0.0309722761	0.0326774198	0.0643508711	0.1217506613	0.0081609932	0.0136633643	-0.0062823194	0.0786649288	-0.0125475573	0.1333628356	-0.0757008791	0.0495573944	0.0086132823	0.1164021335	0.0202290461	-0.0755590395	-0.0595612105	0.0291670971	0.0939831138	0.0499077256	-0.0015378577	-0.0310213077	0.0164026143	0.1029231931	0.0420203978	0.0708213625	-0.079689465	-0.0714883047	0.015968043	-0.0908031272	0.0979906723	-0.0636429218	-0.0181070005	-0.0100413103	0.045683797	-0.0136770626	0.0376941851	0.0778203531	0.0387292905	0.0867948055	-0.0945969925	-0.1594979104	0.0186240748	-0.0238027735	0.0040538216	-0.1639526364	-0.0057735411	-0.0051319312	-0.0163666011	-0.0093709616	-0.0048292516	0.0526719214	-0.001412887	-0.083196039	0.0698651646	-0.1406375308	0.0294918099	-0.0026817727	0.1055373202	-0.0021376711	-0.0874202266	0.0600252115	0.0517372679	0.0109314349	-0.1139173371	0.0984393417	-0.117728605	-0.0356856727	-0.0396240514	-0.0497806853	0.0600707564	0.1663736171	0.0430966089	-0.1204519101	-0.0479576394	0.0059805161	-0.1017679038	0.0331188236	-0.0110468046	-0.1530785442	0.0607827053	-0.0567722821	-0.0955782925	0.045413842	-0.0381540501	-0.0529438934	-0.0962624732	-0.0405374904	0.0019290701	0.0292944087	0.0221514777	0.026145571	-0.0614912899	0.1419025089	0.0117270873	-0.0681930045	0.0031829832	-0.1243916402	-0.0659093932	0.0785353698	0.0108320334	0.0015443183	-0.0913258631	0.016416932	0.0230294008	0.0735282871	0.0248294629	0.0406785975	0.087020057	0.0785359517	-0.0254489652	0.1057045988	0.0162292188	-0.0931041642	0.0881495734	-0.0804876686	0.0231052468	0.0270250089	0.0321731518	0.0310803796	-0.0085681327	-0.0653959513	-0.038773111	0.01381052	0.1715455043	0.0163563601	0.0633205301	-0.0241683543	0.0863574653	0.1524745784	0.0618863131	0.0818100583	0.0712406699	0.0546246844	0.0333723939	0.0092876003	0.0202802	0.0034119	1.1641061610000016e-05	0.00041128651204	-0.0579562	0.0826738	0.00683495720644	0.00335892111844	0.43001	0.0580749999999999	0.0033727056249999	0.1849086001	7.06053e-05	-0.0004560757	2.0800504413049e-07	4.98510838809e-09	-0.0013211	-0.0002290099999999	1.74530521e-06	5.244558009999999e-08	0.00188128	0.0001255699999999	1.5767824899999995e-08	3.5392144384e-06	0.0	0.0
5081.872842312468	-4.372349740102436	25825431.585433	19.11744224977384	10334.60251001281	-23.677105004318943	106804009.03996308	560.6053013855453	4811.415647093334	-0.2936035465681925	23149720.52909457	0.0862030425574208	4853.064037748981	8957.021255377871	1.057704	29.881987	0.129418335	0.0749679	0.0074567194	0.0211014965	-0.058002319	-0.0343478206	0.0165004247	-0.0005075972	0.0631693924	-0.0887064325	0.0345219788	0.0853875554	-0.0184536253	-0.0069906485	-0.0031234417	-0.0137861731	-0.0633588653	-0.0012899525	0.0382016508	-0.0721215049	-0.0538416119	-0.0563968326	-0.0845497144	0.086505362	0.0220361694	-0.0125682903	-0.053418135	0.071657287	-0.1071592126	0.0428337169	-0.0065973502	-0.0251296169	-0.092150555	0.0644182643	0.0811943148	0.0309349352	-0.043859119	0.0961336372	-0.0871675708	-0.0176787153	0.0245332182	0.0851834546	0.1134002067	0.0523944472	-0.1055443417	-0.0961206416	0.0988884402	-0.0547829908	-0.0298519278	0.1140939493	0.0431579604	0.0016553151	-0.0827332816	-0.0534017143	0.0605723768	-0.0510134894	0.1105615878	0.0617240975	0.0660876493	-0.0100629581	-0.0310727233	-0.1125949166	0.0957094921	0.0650559681	0.0239989931	0.0505551179	0.0735368441	-0.0082055946	0.0318141852	0.0203626211	0.0489304541	-0.0162433681	-0.0188522655	0.0452029839	0.0443422122	0.0005347695	-0.2030932939	0.0183592651	0.124922241	-0.0230518111	-0.0139224888	0.0013430597	0.0482845516	0.0502532433	0.0375546095	0.0186296442	-0.0322751309	-0.0004493107	0.0536687065	-0.0578931595	-0.1095852294	-0.0240105027	0.1388633738	0.0774755863	-0.0129495601	-0.0144451162	0.0537286697	-0.0064159451	-0.0033762292	0.0127869975	-0.0859475836	-0.0162926896	-0.0257617587	-0.0510590411	-0.0531007028	-0.0552383794	-0.1564804994	0.0334224996	-0.0444838822	0.0079215214	-0.0484535527	0.0671562783	-0.0151605736	-0.0078496238	0.0109334378	-0.0975544247	0.0364036777	-0.0157319892	0.1011184163	-0.0227453127	0.0577466215	-0.1015472515	0.0152045607	0.046844997	-0.051648078	-0.0464933545	-0.1215710495	-0.0497226784	0.148097153	0.0480030613	-0.0285261792	-0.1118724133	-0.0821267148	-0.0106142553	0.0307871132	0.0568093463	0.023337596	0.0115690773	-0.1593048786	0.0245205458	-0.0745683598	0.1225742729	-0.003056968	-0.0410652021	0.0298239133	0.1428676446	-0.0682224337	-0.0540927853	-0.0375931386	-0.0157271351	-0.0659856305	0.0458626875	-0.0097220804	-0.0088582648	0.0426711365	0.0240426632	0.0816981542	0.0270258481	0.0724300153	-0.0194258758	-0.0938925507	-0.1088260961	-0.1695597358	0.0661529426	0.0013128103	-0.0348347589	0.0490575838	0.0293431227	-0.0511090445	0.0251587733	0.0069076488	-0.0535689365	-0.0358165956	0.1155342636	0.0009375717	-0.1094273156	0.1012406498	0.040171457	0.0359234176	-0.0591481877	-0.0846157286	0.0219405835	0.0815223465	0.0701406	0.0523332172	0.0297315467	0.0044061455	0.0227889	0.0025086999999999	6.293575689999996e-06	0.00051933396321	-0.120443	-0.0624867999999999	0.0039046001742399	0.0145065162489999	0.391351	-0.038659	0.001494518281	0.153155605201	0.000236322	0.0001657167	2.746202465889e-08	5.5848087684e-08	-0.0010842	0.0002368999999999	1.17548964e-06	5.6121609999999986e-08	0.00176862	-0.0001126599999999	1.2692275599999974e-08	3.1280167044000003e-06	0.0	0.0
5081.686418356547	-0.1864239559208726	25823536.854509387	0.0347538913411874	10360.609458270945	26.0069482581348	107342228.34681337	676.3613577013007	4809.342727951223	-2.0729191421105497	23129777.474897318	4.296993769728338	4851.693253386724	8975.099269435848	1.143204	32.297497	0.1353405	0.067599	0.025114507	-0.0328974005	-0.0699257016	0.0454920397	0.0150507183	-0.0418421342	-0.0362795295	0.0115769519	0.0154677584	0.106611411	0.0755143232	-0.0683798404	-0.044313002	-0.0001059891	-0.0346302884	0.0535343996	0.0580986163	-0.1137826576	0.1568093486	0.0201853674	-0.0465177013	0.1171349172	0.0287102667	-0.0094267575	-0.1139788635	0.1040173914	0.0480818167	-0.0053906849	0.1467327728	0.0969596453	-0.0065588399	-0.1192379711	-0.0297720277	-0.0753098089	-0.0061591748	-0.1235428553	-0.1166532116	-0.011564079	0.0563392348	0.0299372879	-0.0007519585	-0.0918198546	-0.0078015292	-0.0108016666	0.0237233009	-0.0802840769	0.0991764385	0.0518164313	0.0829109553	-0.1263393785	-0.07652914	-0.0295458195	-0.0694554448	0.057496082	0.0251707219	0.1048421951	-0.0303243254	0.0455831236	0.0878093227	-0.063553596	0.0157374079	-0.0642396815	-0.0239397966	-0.0172465955	-0.0124922195	0.0447313304	-0.027980837	-0.1913106627	-0.0276795203	0.0778490388	-0.0127882204	-0.0149307601	0.0068229644	-0.0090313102	-0.0556281851	0.0762007479	-0.0356894965	0.04510806	0.1220142575	-0.002456294	-0.0775441504	-0.0050440443	0.0466986438	-0.0649302732	-0.0137041573	-0.0046374683	0.1112111998	-0.0440198016	-0.0748505654	0.0250617158	0.0045770761	-0.0158392606	-0.0056872529	-0.0791599461	0.0252504858	-0.0314072327	0.0401298193	-0.0032623703	-0.0432127549	-0.0145145331	0.0161727835	-0.1880952897	0.0925119379	0.0285534194	-0.1462020046	-0.0162796857	-0.0512742182	-0.0105703755	-0.0501981123	-0.0547462372	0.103268967	0.0065809492	-0.1419016207	0.031575337	0.0878521722	0.1182438496	-0.095632695	0.0293124356	0.040459281	0.1164783892	0.0763139059	0.119022395	-0.0617476274	-0.0247916213	0.0186854605	0.0580354464	0.0095275464	0.0043990511	-0.0115603671	0.0189166635	-0.0686283263	-0.0857357912	0.0017017088	0.1637545576	0.0997004197	0.0048278322	-0.0013276249	-0.0624463621	-0.1379697456	-0.0176818807	0.0079762823	0.0293185522	0.1136655534	0.0007287181	-0.0079689864	0.0461338273	0.0370876485	-0.0212272997	0.01749408	-0.0356500215	-0.0233976046	0.1936239897	0.0060435168	-0.0857630389	-0.0036475413	0.0590686128	0.0224935128	-0.0562862639	-0.0554595564	0.0675320791	-0.0221406421	0.0137450979	0.1217781947	0.0563045535	-0.0190021682	0.0378362362	-0.0092188328	-0.0766374683	-0.0001080361	-0.0211149848	-0.1054905471	0.0521886992	0.0424647978	-0.0299887576	-0.0266541447	-0.0027724291	0.0144842142	0.0501514151	-0.0405098155	-0.0432321068	0.0812239177	0.0690036485	0.049979838	0.0260281736	-0.0004897863	0.02408	0.0012910999999999	1.6669392099999998e-06	0.0005798464	-0.085049	0.0353939999999999	0.0012527352359999	0.007233332401	0.415324	0.023973	0.000574704729	0.172494024976	0.00094963	0.000713308	5.088083028640001e-07	9.017971369e-07	-0.00169554	-0.0006113399999999	2.8748558916e-06	3.737365955999999e-07	0.00159962	-0.000169	2.8561000000000037e-08	2.5587841444e-06	0.0	0.0
5074.688242204827	-6.998176151720145	25752460.755571917	48.97446945050458	10338.912086668037	-21.69737160290788	106893103.1358504	470.7759344746732	4806.067252542281	-3.275475408942839	23098282.435959306	10.728739154589258	4846.635464963829	8953.434102072195	1.105239	31.224918	0.1775982	0.0854985	0.0268058766	-0.0978736313	-0.0405489283	0.1046665967	0.0287141899	-0.1031258774	-0.0855117742	0.051753259	-0.0337087279	0.1225640651	-0.0260098193	-0.0189084855	-0.0704912805	0.0016864295	0.1043144126	0.0034440151	0.0234792622	-0.0565591259	-0.0365709285	0.012041017	0.030914629	-0.0582531253	-0.1189768148	-0.0127684278	-0.06123575	0.110322331	0.0424503372	0.1074138814	-0.0107413127	-0.0652839913	0.0728124732	-0.1052563744	-0.0065569295	0.0850552571	0.0602831837	0.0451626471	-0.0801630392	0.0054067271	0.0615874832	0.0271736632	0.066674223	-0.0516846196	-0.0279218336	-0.0065718362	-0.0260228449	0.0145272627	-0.1454318608	-0.1028826025	-0.0331600513	-0.0779370443	-0.0612981846	-0.0833393103	0.0238978845	0.0927663582	0.0594781263	0.0949955007	-0.0540304515	0.0054384624	-0.0520036445	0.0056717371	0.0042532712	0.0056608011	0.0253754435	-0.0739653146	-0.1576053266	-0.060979939	-0.019426843	0.0291314218	0.1166659113	0.0283593595	-0.0067589003	0.0118075197	0.0372537015	0.0150053557	-0.0447221576	0.0060083086	-0.1640266529	0.0608305162	0.0385007567	-0.0162646279	0.1468698905	-0.1011848911	0.0009131308	-0.0290375165	0.0067831041	0.1054172264	-0.065947264	0.0737082338	-0.0860899226	0.0801290352	0.0214404878	0.1244631377	-0.032927995	0.0915499188	0.0379710537	0.0380660651	0.0707875702	0.0081001327	0.1037127876	0.0139260102	-0.029639656	-0.0437207232	-0.0421597731	-0.0371405343	0.0376282757	-0.0074890483	-0.0282647327	-0.0724144121	-0.11271394	0.0308732363	0.0978285706	-0.1176089696	0.0063456767	-0.0333389709	-0.0713370767	0.0482800623	-0.1028877733	-0.0265750069	-0.0404499882	-0.0820178303	0.0730943944	0.036504311	-0.0835170271	-0.0123957713	-0.0284611797	0.0768634265	0.0714124878	-0.0199438407	0.0089896343	0.042033874	0.0423070656	0.171243471	-0.1102474425	-0.0007613603	0.0717873087	0.0071714325	-0.0966318944	-0.116475165	-0.0812743898	0.047043391	0.0051260728	0.0284032251	-0.0639513228	-0.0065331437	0.0187902563	0.0009224954	-0.0281256014	-0.0064027979	0.1824221755	-0.0177991897	0.0347935133	-0.0381754452	0.0722753476	0.0218003023	0.0685171134	0.0038264391	0.0416758674	-0.0452778727	-0.0409632467	0.0494310372	0.1260128446	0.0555156902	-0.0332740117	0.0485200956	0.1261603455	-0.0670331273	0.0807246405	-0.0158828131	-0.043289473	0.1068027341	0.0022839859	0.0723710411	-0.1181565131	-0.0766155422	-0.0657206233	0.0819161941	-0.0440134189	-0.1141914866	0.0290550793	-0.0206782666	0.0809148113	0.0678304133	0.0475673307	0.0222700628	-0.0053841089	0.0268207	0.0027406999999999	7.511436489999993e-06	0.00071934994849	-0.143452	-0.058403	0.0034109104089999	0.020578476304	0.398914	-0.01641	0.0002692881	0.159132379396	0.00205616	0.00110653	1.2244086409e-06	4.2277939456e-06	-0.00238348	-0.00068794	5.680976910399999e-06	4.7326144360000006e-07	0.0013932	-0.0002064199999999	4.260921639999997e-08	1.94100624e-06	0.0	0.0
5073.985980486128	-0.7022617186985372	25745333.730169773	0.4931715215494233	10317.4886523539	-21.423434314136102	106450572.09145153	458.9635378121042	4801.352004985543	-4.715247556737268	23052981.075778697	22.23355952131677	4841.024301947734	8928.038433816837	1.075803	30.393311	0.1573508	0.0762957999999999	0.0314938992	-0.1040659513	-0.0163553231	-0.0127694275	0.0365802075	-0.0854457207	-0.0397636389	-0.0826557165	0.0055677561	0.1012239732	0.0281459651	0.0160617254	-0.0966082877	-0.0510153334	0.0493709475	-0.0284790139	-0.0889321406	-0.0122466123	0.0439543624	-0.0112992202	-0.0544409038	-0.0934955892	0.088344248	-0.0067901034	-0.0968882228	0.0035048261	0.1050651429	-0.0334655972	0.1879793824	0.1031586184	0.0320870294	-0.0219160423	0.1291764259	-0.1205943854	0.0414510917	-0.0410308381	-0.0162656938	0.0135617469	0.0279769129	0.0424433948	0.0031673757	-0.0299270539	0.0493104192	-0.0305972896	-0.0121802208	-0.0248026052	0.019155364	0.072143108	-0.0131933173	-0.0130781454	0.0372544933	-0.0283069262	0.0970301959	-0.0474217605	0.064765244	0.066776428	0.0005580563	-0.0043931007	0.0105717468	0.0264208533	0.1481305035	-0.0264244919	-0.0941765213	-0.005305155	0.0794509455	0.0109139238	-0.0014377276	0.0052715937	0.0580363663	-0.0316943961	-0.0271967085	-0.1400693534	-0.005656683	-0.0118352272	-0.001715353	0.102109945	0.0023174026	-0.1255467141	0.069430603	-0.0479141559	-0.0648833292	-0.013115352	-0.1608833205	-0.0594344793	0.0573840315	-0.0532032158	0.0266335071	0.047810739	0.0518736608	-0.0124590224	0.0690833986	-0.0542009181	-0.0168308692	0.0321696691	0.0483355777	-0.0673486598	0.0893055018	0.0565882341	0.0753157201	-0.0879773684	0.0330174293	0.0050393688	0.0649156804	-0.0415234979	-0.0226912008	0.1185178437	0.063334661	-0.0027755195	-0.0057545233	-0.1162234746	0.0645609528	-0.0332228829	-0.1846619309	0.0557167272	0.0385505342	0.1112420118	0.0709780009	0.0897324405	0.0042841372	0.0865866257	0.053189346	0.0011739801	-0.0041396709	-0.0601654383	4.4628e-05	0.01986308	-0.0280180139	0.0159934069	0.018844106	-0.0050281136	-0.0218057861	-0.0558347044	-0.0341958585	0.013241882	-0.103138364	-0.0461428685	-0.1049962503	0.0265555685	-0.0814010788	0.0571739116	0.0059442489	-0.0135893638	-0.0009289269	0.0224993905	-0.1308148897	0.0176725482	0.1147764358	0.0013769915	-0.0471764003	0.0219200708	0.0252560647	-0.0073176629	0.0988819144	0.0223548211	-0.0707312905	0.1246630623	-0.0286856737	-0.0132623886	-0.0002233005	0.0399755667	-0.1073446776	-0.1490228118	0.0339534184	-0.0091818367	-0.0281559415	-0.1339574632	0.0046370475	-0.0276236022	-0.0582480931	0.0188239823	-0.0094513902	-0.1324671609	0.0080977524	-0.0098209921	0.0384992386	-0.0559936913	0.0336543814	-0.0431442582	-0.0197585578	0.005422308	0.0805950678	0.0666215113	0.0450985495	0.0184651177	-0.0102607412	0.0298845	0.0030638	9.386870440000012e-06	0.00089308334025	-0.0949623	0.0484897	0.0023512510060899	0.00901783842129	0.411777	0.012863	0.000165456769	0.169560297729	0.000990174	-0.001065986	1.1363261521960005e-06	9.804445502759998e-07	-0.00174717	0.00063631	3.0526030089e-06	4.048904161e-07	0.00154959	0.0001563899999999	2.4457832099999988e-08	2.4012291681e-06	0.0	0.0
5078.897381596292	4.911401110163752	25795198.612785667	24.12186086491773	10326.087503066256	8.59885071235476	106628083.1209811	73.94023357336397	4816.979981706472	15.627976720928928	23203296.144160885	244.23365638989648	4856.747883910367	8946.572564524828	1.053701	29.768902	0.0729934999999999	0.0360472	0.024497904	-0.1038035611	0.0570803928	-0.0023493046	0.0275850815	-0.0723547837	-0.1105276416	-0.0608754569	0.010628741	0.0326456568	0.0364319642	0.0126076287	-0.0459711242	0.03175868	0.0110260971	0.0552848239	-0.0054873681	0.0147049037	0.0295696088	-0.0333213937	-0.0004272701	-0.0346172654	0.0179266392	0.1634881119	-0.0261280261	0.1000145239	0.1036650533	0.0572050736	-0.0183507225	0.1161406442	-0.002605248	0.0482896184	0.1123469641	0.0210177829	-0.0355788625	-0.0108851037	-0.0171401241	-0.0028947147	0.0189850566	-0.1294565928	-0.1156477859	-0.0032004792	-0.113194845	0.0936842779	0.0739174712	0.0880310778	0.1058604622	-0.0474945368	0.0393086422	0.0211049439	-0.0374350896	-0.1616009929	0.0422013567	0.0369377261	-0.016507909	-0.0493453937	-0.02395536	-0.0032913479	0.030146446	-0.022519289	-0.1168251475	0.0865028049	-0.071336981	0.0887991895	0.1171572049	-0.0443178666	0.1109538945	-0.0218981952	0.1559942288	-0.1124929179	0.0433889891	-0.0889251952	0.0463714924	-0.0324858598	-0.0195346113	-0.0096486807	-0.0191020122	-0.058534807	-0.0058194256	0.1254276837	-0.1021937096	-0.017291034	0.0913663508	-0.0647452884	0.0430102315	0.0536685336	-0.0289349468	0.0942539138	-0.0721324708	-0.0964133466	-0.0658210187	0.0538328656	-0.0602386698	-0.027370062	0.0669861101	-0.0053062557	0.0454235858	-0.0237694702	0.0278273212	0.0512597218	0.0308453701	0.018848059	0.0615189276	-0.0144136763	-0.0057229614	0.0243917025	0.019765712	0.136103107	-0.0904105777	-0.0219452294	0.1316517424	-0.0721911353	0.0238320077	0.0503396609	0.0653873079	0.0895618231	0.1206227888	-0.0004635236	0.0193291376	0.0012351764	-0.023792451	0.0073361786	-0.0064450957	0.1413042142	0.1484049131	0.0198772447	0.07901717	-0.0949993244	-0.1011350083	0.0233798781	0.1014781629	-0.049075614	0.0723383428	0.0259820803	0.0040427083	0.1000880769	-0.0969209698	-0.0386964695	0.0191441698	-0.0994605115	-0.0661124396	0.0013762669	0.0670843126	-0.0272497288	0.1060598537	-0.0868649923	0.0219092603	-0.0258626632	-0.1408109783	0.1138953258	-0.0600219032	-0.0048418474	0.1609208486	0.1302857815	-0.0525024076	0.0260397966	0.0218489432	0.0817727693	-0.0274651855	-0.0337485896	-0.0039491568	-0.0398631173	-0.0436792803	0.1309936707	-0.0149013485	0.0940716894	-0.0016193119	-0.1098840839	-0.0208850989	-0.007052065	-0.0088984563	0.0160930318	-0.134594847	0.0949222299	0.0073168427	0.0741535227	0.059154066	-0.0324375131	-0.025190541	-0.0220800423	0.0802647293	0.0653775782	0.0425764151	0.0146213402	-0.0151036605	0.0267065	-0.003178	1.0099684000000002e-05	0.00071323714225	-0.105261	-0.0102986999999999	0.0001060632216899	0.0110798781209999	0.414021	0.0022439999999999	5.035535999999857e-06	0.171413388441	0.001443	0.000452826	2.0505138627600013e-07	2.082249e-06	-0.001271	0.0004761699999999	1.615441e-06	2.2673786889999998e-07	0.00176605	0.0002164599999999	4.6854931599999963e-08	3.1189326024999995e-06	0.0	0.0
5074.6260517638175	-4.271329832474294	25751829.56524003	18.24425853778488	10327.433521160889	1.3460180946331093	106655883.1339976	1.811764711079746	4809.117477281617	-7.862504424855615	23127610.9102955	61.81897583087412	4847.977458805482	8943.858195421417	1.055196	29.811127	0.12554635	0.0688267	0.0406029814	-0.0514500233	0.0983804331	-0.0333048791	0.0643251591	-0.080611033	-0.0849242844	-0.0490398361	-0.0489268118	-0.0327290188	0.1253414793	0.0041529499	-0.0302165969	0.004045454	0.0459267858	-0.0761487485	-0.0039469885	0.0521152607	-0.0148050951	-0.0432361631	-0.047472199	-0.0803868009	-0.0231180333	0.1459327955	0.021768977	0.0868371071	0.026146999	1.87383e-05	-0.0192966728	-0.0594350109	0.1257828424	-0.0166038406	-0.0172327609	-0.0378800188	0.0264293279	-0.098938457	-0.0319656885	0.0809405266	0.0411631655	0.0392503232	0.0499958301	0.0025788152	0.2180085512	0.0498657765	-0.0402596556	-0.0423710494	-0.0992896535	0.0481113097	0.0020420625	0.0307992409	0.0313290739	0.0648579231	0.0517262377	-0.0985943644	0.0031515419	0.0186049828	-0.0804006897	-0.1574778754	0.0318447771	-0.0821922344	-0.0356115906	-0.0055973434	-0.045987344	-0.0017643776	-0.0787564644	0.0937354502	0.0941852367	0.0069114535	-0.0111961931	-0.0714306817	-0.0340716212	0.0912914238	-0.1104165371	-0.0738600711	0.0032450783	0.0378955706	0.049685448	0.0091257733	0.0064414433	-0.0378789439	-0.0310483371	0.0995342214	0.0609879045	0.00792385	-0.0104432831	-0.0234125325	0.0153675006	0.0273514026	-0.0701889878	0.0427407263	-0.0442717336	-0.0358751153	0.0182017108	-0.0419577336	-0.0647066066	-0.0866799505	0.0326987522	0.0107266183	0.0449475222	0.0365475256	-0.0896437527	0.1130443711	0.0568995454	-0.0417500313	0.0641527278	0.0589452132	-0.0363375434	0.1280728456	-0.0620430478	0.0408884428	0.0923602355	-0.0082487699	0.0152837185	0.0142207378	-0.115875669	0.0002145849	-0.0351088807	0.0008743351	0.0006033102	0.1103676343	0.1083392387	-0.0066713229	-0.018761788	-0.063354772	-0.0585813964	-0.0255296312	-0.2233074354	-0.0235635222	0.03912997	-0.0267370435	-0.0545203916	0.0542139472	-0.0224201245	-0.0164467308	-0.0566542014	-0.0660102199	-0.0251830227	0.0833196988	-0.0919669944	-0.0212716116	0.0043460238	-0.153959545	-0.0209340869	-0.0126525354	0.0751089752	-0.0142998869	0.0341439053	-0.0376121601	0.0371680015	-0.0701967493	-0.0810201776	-0.0453100597	-0.0114752547	0.0610149402	0.0319192545	-0.0790396891	-0.068718468	-0.0531189422	-0.0851108754	0.0354437429	-0.0469418084	-0.011616294	0.0520410303	-0.0704121959	-0.0363917976	0.0749543795	-0.091153607	0.0176458574	0.0247104952	-0.0563077618	-0.031950393	0.0156612111	-0.0271051508	-0.0020931301	-0.0889478511	-0.0121854116	-0.0067096691	0.0687949184	-0.0092505416	0.0700917138	0.0799238391	0.0640992681	0.0400039112	0.0107468138	-0.0198969545	0.0206981	-0.0060084	3.610087056000001e-05	0.00042841134361	-0.0609033	0.0443576999999999	0.0019676055492899	0.00370921195089	0.463071	0.04905	0.0024059025	0.214434751041	0.00142141	-2.159000000000015e-05	4.661281000000066e-10	2.0204063881e-06	-0.000958755	0.0003122449999999	9.19211150025e-07	9.749694002499996e-08	0.00195482	0.00018877	3.56341129e-08	3.8213212324e-06	0.0	0.0
5087.847242690252	13.221190926434248	25886189.5649508	174.79988951322724	10379.96741880204	52.53389764115127	107743723.61539188	2759.810401370959	4812.084918390813	2.967441109196443	23156161.26180432	8.805706736549016	4852.048559018928	8923.636381733277	1.035309	29.249285	0.1702165499999999	0.116489	0.0340415372	-0.0566119045	0.0981287162	-0.0275624894	0.0288765605	-0.0348755365	-0.0817996849	-0.0731546031	-0.0245333041	-0.0547060863	0.0487829006	-0.0195603763	-0.0061460898	0.0179959783	0.0282443118	-0.0140953439	0.0708949801	-0.0479523488	0.0567837152	0.0578121734	0.0503804626	0.0890320288	-0.0264763406	-0.0453769673	0.1387298305	0.039469625	0.0013438224	0.0388053999	-0.0731507489	-0.1095642957	0.0295696562	-0.0444461872	0.027619773	-0.0802322571	0.0099021267	-0.0326639546	-0.0271063459	0.0036823649	0.0142908378	-0.002399486	-0.011672849	0.0910021932	0.0216973694	0.0362696818	0.0059670777	0.1348453427	0.0488397218	0.0606605611	-0.0297536218	0.0923618273	0.0411747179	0.1155728142	-0.079107846	-0.0331238823	-0.0041027317	0.0158744854	0.0546405614	0.0363956287	-0.0413674157	0.0102596566	-0.0719560501	-0.0007442013	-0.0592234922	-0.0371906197	-0.0485899099	-0.0442800111	-0.0738896914	0.0250575018	0.117827514	-0.0873318658	-0.0282209695	-0.0507985842	0.0115407149	0.0182223955	0.0066680282	0.0097688236	0.0661278265	0.0223844366	-0.0077180293	0.0650639485	-0.0295451063	0.0764553182	-0.0562984955	-0.1093233594	-0.0383216438	0.0364824932	-0.0213484491	-0.0702634559	0.0076664604	0.031109904	0.0913091023	0.0179352022	-0.0850026405	0.0580325707	0.0674488392	-0.0050345442	0.0113332469	-0.0195451865	0.0384918986	0.0154442076	-0.0365925932	-0.0720388368	0.0080254195	0.0480917104	0.0187381111	-0.1273698623	-0.0344684725	-0.0042477932	0.1103970108	0.0800520498	0.0634428042	-0.0196432142	0.0648864171	-0.0785619873	-0.0856314148	-0.0166634143	-0.0286096372	0.0810382948	0.0026212391	0.0397333918	0.0337879803	0.0248752632	-0.0131547624	0.0105601409	0.0038591836	-0.0979418188	-0.0346612834	-0.0174741574	0.0034309277	-0.072895427	0.1075649878	-0.0993726978	0.0461183366	-0.0695934779	-0.003642302	-0.0026689955	0.1235752496	0.0186365918	0.0277944073	0.0861129107	0.0440161285	0.0490495262	0.0004765111	0.0123513104	0.0848838125	-0.007209733	0.0425309785	-0.0156200698	0.0515291304	0.0123512139	0.0948800973	-0.0210101311	0.0892911113	0.1185229338	-0.0040824184	0.0144350717	-0.0483944998	0.0401807946	0.046113678	-0.0099654201	-0.042469	0.0422131095	-0.0053871291	0.0443992315	-0.0138066634	-0.0477600625	-0.1064356013	-0.05893089	0.0013152568	0.0580155888	-0.023338041	0.0057011589	0.0561276785	-0.1012079963	0.0480835264	0.0076026668	0.0838357214	-0.1002343004	-0.0011756888	-0.0135208954	0.0795724422	0.0627872531	0.0373840812	0.0068496867	-0.0246248744	0.0201755	-0.0005226	2.731107600000016e-07	0.0004070508002499	-0.173168	-0.1122647	0.0126033628660899	0.0299871562239999	0.434111	-0.0289599999999999	0.0008386815999999	0.188452360321	0.0015477	0.00012629	1.594916410000001e-08	2.39537529e-06	-0.00123165	-0.0002728949999999	1.5169617224999998e-06	7.447168102499994e-08	0.00178462	-0.0001701999999999	2.8968039999999968e-08	3.1848685444e-06	0.0	0.0
5093.535762596638	5.688519906386318	25944106.564850915	32.359258725353406	10420.457988920234	40.49057011819423	108585944.69885153	1639.4862684964032	4815.268233653408	3.183315262594988	23186808.162031613	10.133496061070195	4854.952461347975	8989.537182926975	1.052472	29.734161	0.0914570999999999	0.0541927	0.0545343977	-0.013392964	0.1038498494	-0.0536907814	0.057248338	0.0012285521	-0.073636938	0.0074812245	-0.0632848209	-0.1013305467	0.0672217782	0.0144382839	-0.0523903902	0.0681494762	-0.0381442152	0.0440643706	-0.0676651026	0.0991889708	-0.026083634	-0.1000697793	0.1051451835	-0.0030905222	0.0262644523	-0.0649033949	-0.0518150484	-0.0407630228	0.0485341846	0.0406512844	0.023916865	-0.0742507326	-0.0115532832	-0.0365798773	-0.0088963561	-0.0354457559	0.0201681355	0.1328274426	-0.0715278964	-0.0081544579	0.0662540037	0.0124671415	-0.0029480355	-0.0017880853	0.0122783472	0.0749547138	0.0096655859	-0.0035241753	-0.1373683413	-0.0347067265	0.1762575694	0.0761564139	0.0370218762	-0.0082366225	-0.0567123864	-0.0171019794	0.016079081	0.0231123624	-0.1038125689	-0.0633540161	0.0807732634	-0.0452998204	-0.0026841949	-0.0390444436	-0.0776254235	-0.0691659831	-6.09302e-05	-0.0028006698	0.0250496025	-0.0952937156	0.0232280228	-0.1529857259	-0.0127577904	0.0853563582	0.0248405091	-0.0691748826	0.0290624658	0.0531784372	0.0111491054	0.035172887	-0.0175492368	-0.0641996438	0.1914334783	-0.1302568441	0.0669035009	0.0247482276	0.0483825418	-0.0002311194	-0.0434083955	-0.0858261751	0.0699727701	-0.0554613979	-0.008341281	-0.0221769714	-0.0877498537	-0.1130647587	0.0820998245	-0.052648986	0.0579980197	-0.0546650125	-0.0057739669	0.0233525123	0.0703753587	0.1330165274	0.0339369586	-0.0274888624	-0.0356706839	-0.0561675388	0.1154756996	-0.0717564469	0.0004812984	-0.054145273	-0.0083048629	-0.0840915307	-0.0144155291	-0.035230025	-0.0111615538	-0.0407601191	-0.040704823	0.0590930495	0.0345513637	-0.1312262231	0.0316485196	0.0176024476	-0.0463928409	-0.0396206275	0.0015615556	-0.0234182832	-0.064723923	-0.0980843838	0.021262603	-0.0708935732	-0.047564083	0.1540232241	0.1419640971	0.0554662303	-0.0206744865	0.0017977475	0.0274953454	0.0208490201	-0.0930937075	-0.0308778427	-0.0350897628	-0.0825139596	0.0354657789	-0.0612186763	0.0029581874	0.0266255762	0.0696918474	0.0720763627	0.0617521865	0.0046899118	-0.0222992619	0.0837523401	0.0006059872	0.1603937815	0.0317778882	-0.0629658527	0.0088493985	0.0261015554	-0.0586965336	0.0965404689	0.0092012662	0.0630199326	-0.0435894289	-0.1176587648	0.1493921623	-0.007051795	0.1237408555	0.0171920572	-0.0573047187	-0.0044637199	0.0699921244	0.0431910793	0.0535971244	0.0602080319	0.0321676664	0.0134456541	0.1461730407	0.0646469257	-0.0686737379	-0.0419053938	0.0792105847	0.0614422231	0.0347200244	0.0029381546	-0.0292718859	0.0278186	0.0076431	5.841697761e-05	0.0007738745059599	-0.152681	0.0204869999999999	0.0004197171689999	0.023311487761	0.482225	0.0481139999999999	0.0023149569959999	0.232540950625	0.00139126	-0.0001564399999999	2.4473473599999966e-08	1.9356043876e-06	-0.00125116	-1.9510000000000144e-05	1.5654013456000002e-06	3.8064010000000555e-10	0.00165631	-0.0001283099999999	1.646345609999999e-08	2.7433628161e-06	0.0	0.0
5088.842703691199	-4.693058905439102	25896320.062911157	22.024801889921264	10401.042762724634	-19.415226195600557	108181690.55202648	376.951008226334	4809.922415884426	-5.34581776898176	23135353.646827474	28.57776761916113	4849.976497252882	8971.75814862195	1.015308	28.684237	0.0672997	0.0422924	0.0280611602	0.0157252579	0.0888506945	-0.0428363925	0.0448489468	-0.0016795438	-0.0016041165	-0.0197281965	-0.0560889316	-0.0735132153	0.0114927114	-0.0163049352	-0.0341812462	0.030313351	0.008640763	0.0297698381	0.03048892	0.0126983117	-0.0492848612	-0.0005006153	0.0571588066	0.041978249	-0.0595705575	-0.111329968	0.006792314	-0.0279812367	-0.000643432	-0.0457547073	-0.0789628325	-0.09558276	-0.0005676146	0.1088786801	0.0752231439	0.0626200994	0.079158731	-0.0073564024	-0.0479988627	0.0201363431	0.0309963245	-0.0174261475	0.0173955045	-0.0352736852	-0.0741856487	-0.0004750437	-0.0762969887	-0.0466148767	-0.0168931667	0.0746506582	-0.083616678	-0.0548237889	0.1217155933	-0.0261400044	0.0211024189	-0.046127383	-0.0090475451	0.0335964737	-0.0184821242	-0.0595716872	0.0318444539	0.0786345806	0.0467728561	0.0112192722	-0.023081076	0.0212490514	-0.015690169	-0.0045579394	0.0499451509	-0.0342579274	0.0464016355	-0.0779934295	0.1949544524	-0.0024365556	-0.0810838509	-0.0775686628	-0.0451313328	0.1135680645	0.0203917837	0.1600707964	-0.1050101553	-0.0815608459	-0.1296818865	0.0211391922	0.0226824958	-0.0978053105	-0.0774468995	-0.0221357802	-0.1526115819	-0.0102650959	0.0576071203	-0.066336286	0.06361895	-0.0190573229	-0.0862479184	-0.1014705042	-0.0824957969	-0.0429379151	0.0338081384	-0.0191860456	0.0161423864	0.0576617427	0.0016050522	0.0272268107	-0.0570986148	-0.0030203069	-0.0072426219	-0.0747076221	0.0026073738	-0.1169582176	0.0416281192	-0.0207224046	0.0069149603	0.0300136618	0.0637107421	-0.0504201439	-0.0689193715	-0.0807486925	0.1199616297	-0.0287478521	-0.0728973704	-0.0307023796	0.0706898846	0.0285384859	-0.0412568136	0.0246834583	-0.0060346753	0.0296691229	0.0673903685	-0.0336126094	0.0747028333	0.003413663	-0.0552896458	-0.0277279498	-0.1153341534	0.0093198731	-0.1057955712	0.0117298055	0.0125054362	0.0450751893	-0.0223701773	0.0050947051	0.0347937943	-0.032655738	-0.0430521202	-0.0911652925	-0.0639104479	-0.0128221427	0.022442323	-0.0224871325	-0.0094689253	0.0299146214	-0.0594905542	0.0108743329	0.0545535213	0.0624658364	-0.1366996101	-0.1505386026	0.0259281922	-0.0400602998	-0.1119791682	0.0851766285	-0.0411113878	0.1132615996	-0.0311799872	-0.0536663377	-0.1602555687	-0.0206868143	-0.0743215915	-0.1856053522	0.0565330113	0.0380136856	0.1387471773	0.0009436847	-0.028899463	-0.0357755423	0.0922922096	-0.0091885978	0.0894918205	0.0987273446	0.088734731	-0.0708409637	0.0788383141	0.0600648854	0.0320148926	-0.0009795565	-0.0338227206	0.0318498	0.0040311999999999	1.6250573439999988e-05	0.0010144097600399	-0.146185	0.006496	4.219801600000002e-05	0.021370054225	0.441283	-0.040942	0.001676247364	0.194730686089	0.00126828	-0.0001229799999999	1.5124080399999993e-08	1.6085341584000005e-06	-0.00107242	0.00017874	1.1500846564e-06	3.194798760000005e-08	0.0016712	1.4890000000000042e-05	2.2171210000000124e-10	2.7929094400000003e-06	0.0	0.0
5078.516872384137	-10.32583130706189	25791333.62309036	106.62279218189946	10354.598047324427	-46.444715400206405	107217700.72165485	2157.1115886061702	4811.055259018041	1.132843133615097	23146252.705325156	1.2833335653788729	4850.724946331948	8949.661460766185	1.009893	28.531237	0.1204913999999999	0.0661059	0.0290701728	0.0585612884	0.0567410428	-0.0368110154	0.0546016517	-0.0153122216	0.0540485417	0.0047053917	-0.02302209	-0.0785595948	0.1018094867	0.0289329448	-0.0362553943	-0.0086309733	-0.0596501039	0.0830693719	0.0555123327	-0.0100735034	-0.1383661043	-0.0285275361	0.0490350312	-0.0055785414	0.0184073701	-0.0556288536	-0.1117641365	-0.0465521783	-0.0212295848	0.0338994818	-0.0556432113	-0.0201479529	-0.0552725972	-0.034743289	-0.0502355027	0.0514687225	-0.0551536771	-0.0314912663	-0.0021420684	-0.082375039	0.1004427289	-0.0508848415	-0.0156885127	-0.059099891	0.0934658067	0.0502769038	0.1587259193	-0.0910659415	0.0149298474	0.0619119613	-0.0425407325	-0.0732134685	-0.0685471327	0.1251914826	-0.0370753691	0.0275927859	0.0434282425	-0.0432754146	0.0519042899	-0.069480605	-0.0722830533	-0.0432203316	0.0024178229	-0.0183853773	0.000363673	-0.0060251195	0.0880739992	-0.0799636584	-0.0997612845	-0.102234575	0.0083144294	-0.01137879	-0.0774037895	-0.0201420958	0.0385131785	0.0365401898	-0.0230279373	0.016294159	0.0375863259	0.0407945455	-0.0342724371	-0.0751009888	0.0519039003	-0.1047217357	0.0312515552	-0.029706648	0.0265621487	-0.0540040489	-0.0100442323	0.016205982	-0.0328399715	0.0334030114	-0.0376415286	0.0145286705	0.0077660815	0.0234985163	-0.0205560445	-0.0538009567	0.0306964363	0.0170798562	-0.0589313748	0.1034105484	0.0147106778	0.0126314159	-0.1106560334	-0.0532845137	-0.0373738422	0.0106143441	0.0793848183	-0.0703490871	-0.0529718509	-0.071092317	-0.0499255064	-0.0076027337	0.0659717022	-0.0528825836	0.0390117247	-0.0143748071	-0.0619963327	-0.0552556597	0.013513943	0.0039617876	-0.0622011169	0.048814515	-0.1321265504	0.0162572514	0.0209663943	0.0249683358	-0.103189379	-0.0031361134	-0.1420891827	-0.0667597547	-0.1163353127	-0.0748212203	-0.0474028357	0.0035861274	0.1004139289	-0.0860352283	0.0634184435	-0.0167126541	0.0259272071	0.0350271238	-0.0179123305	-0.0786320668	-0.0560428561	0.0756029073	0.0158237063	0.0198856139	-0.0079789654	0.0210676103	-0.0379936595	0.085076867	0.0832038509	0.1352598167	0.0044185607	0.0216279479	0.0279122742	0.0733370906	-0.0077835805	-0.010346314	0.0375319468	0.0079632767	-0.0235170307	0.0650746627	-0.0086631686	-0.0746337384	0.0165627151	-0.0138618038	0.0904209033	-0.0646023602	-0.0309174527	-0.037703428	0.0258619925	0.0397801231	-0.0189283337	0.0221535093	-0.0681153231	0.0108332214	-0.0743709428	-0.0177060652	0.0508918713	-0.070118222	0.0784556795	0.0586559641	0.0292718859	-0.0048952076	-0.0382624261	0.0247929	-0.0070568999999999	4.979983760999997e-05	0.00061468789041	-0.101318	0.044867	0.002013047689	0.010265337124	0.473612	0.032329	0.0010451642409999	0.224308326544	0.00185811	0.00058983	3.478994289e-07	3.4525727721000004e-06	-0.00106368	8.73999999999992e-06	1.1314151424e-06	7.63875999999986e-11	0.0017974	0.0001261999999999	1.592643999999998e-08	3.23064676e-06	0.0	0.0
5078.727387771747	0.2105153876100303	25793471.879302837	0.0443167284206012	10335.102524727938	-19.495522596489536	106814344.1966378	380.0754013102341	4807.43499314921	-3.620265868831666	23111431.21335554	13.106324961027498	4847.531089026476	8937.348237141674	1.011624	28.580151	0.0750137999999999	0.0421638	0.0269578277	0.0676301154	0.0357869939	-0.0312966826	0.0690374345	-0.0515231687	0.0735525406	0.0097956112	-0.0526897618	-0.0023404614	-0.0068321477	-0.0328409034	-0.0564057266	0.0118496167	-0.0185909092	-0.0544190047	0.1384196126	0.1010801945	0.0161807718	-0.0666925668	-0.0167981638	0.0247750393	-0.0759363187	0.07585926	0.0345043541	-0.0445912042	-0.0365496802	-0.0178896283	0.0631426578	-0.0561806987	-0.0179537437	-0.0041886929	0.175587732	-0.1318760059	0.0639440723	-0.0576968641	0.1188164913	0.1023049313	0.0332948124	0.085948071	0.0315806129	-0.0078369986	-0.0347971862	-0.0052741661	0.0346977054	0.0089677521	0.0955580095	-0.0039068125	0.0821983871	0.044935316	0.031814134	0.0590040873	0.0121779503	0.0550074418	-0.0762726571	0.0522200353	0.0686327414	-0.1067552124	-0.0136751801	-0.0057861902	0.0391327816	-0.0893261637	0.0126727267	0.0641522401	-0.016665517	-0.0670373381	-0.0238276794	-0.055823147	-0.0083311672	0.0649556336	0.0325864998	0.0048302623	-0.0125493696	-0.0090971171	-0.0725739404	0.0792718384	0.092153913	-0.0401200835	0.0391842291	0.0157033222	0.0595822417	-0.0452181203	0.0686704898	0.0292620067	-0.0686843615	0.0071469312	-0.0244372563	0.026049662	0.0285019749	-0.0830137383	0.157493278	-0.1098330575	0.0696133308	-0.0637839403	0.0666871943	0.080451163	0.0587095204	-0.0029632718	-0.0194200905	0.0679138392	-0.1190228063	0.0787673294	0.0441043299	0.076384135	-0.0074905045	-0.0479194484	-0.0638158454	0.0562195988	-0.0009516496	-0.0062982881	-0.0678112722	-0.0410580254	-0.0784658831	-0.1185731068	0.0007352556	0.020154579	0.1133652088	0.1374341007	-0.0549766414	0.1255841322	0.0511055665	-0.1410312369	-0.0113449681	-0.0807839437	-0.0269710958	0.0019632662	0.0600868206	-0.0023629381	-0.0432669365	0.0404616065	0.0110671098	-0.0514736741	0.1068320273	0.0362808659	-0.0299780014	-0.0427155416	0.0382084888	-0.0455810571	0.0316836506	0.0066094547	0.1232772911	-0.0919791637	-0.0243357466	0.0032066864	-0.0113476113	0.0714530515	0.004899008	-0.0815072002	0.0241786068	0.0732871113	0.007292176	0.0603904695	-0.0104369685	-0.0695157409	0.0098578653	-0.0176117911	0.0087182106	-0.0127951459	-0.0390901355	0.0052077649	-0.1207448035	0.0209026277	0.016071068	-0.0017697606	0.0948580661	0.0177891963	0.0435209901	-0.0010067611	0.0702441458	-0.0035317517	0.0207268989	0.0035093512	-0.0480347316	-0.0493160402	0.1500743191	-0.1506253453	-0.0047955557	0.0637395796	-0.0768873072	-0.058238095	0.078062731	0.0572162003	0.0264942496	-0.008800564	-0.0425764151	0.0230971	-0.0016958	2.8757376400000026e-06	0.0005334760284099	-0.106097	-0.0047789999999999	2.283884099999992e-05	0.011256573409	0.453531	-0.0200809999999999	0.0004032465609999	0.205690367961	0.00114777	-0.00071034	5.045829156000001e-07	1.3173759729e-06	-0.00129938	-0.0002356999999999	1.6883883844e-06	5.5554489999999967e-08	0.00177428	-2.3119999999999955e-05	5.345343999999979e-10	3.1480695184e-06	0.0	0.0
5081.145024617879	2.4176368461321545	25818034.761199027	5.844967919775831	10313.92351722236	-21.17900750557783	106377018.31911243	448.550358921322	4809.357852756902	1.922859607691862	23129922.95587448	3.6973890708929016	4851.2044432674775	8954.516163022698	1.045727	29.543623	0.0954317499999999	0.0527887	0.0264994675	0.0881323058	-0.0201054795	-0.0124419191	0.0441905353	-0.0168611556	0.1179835803	0.0012328955	0.0670258369	-0.0043802972	0.088414926	-0.0393607532	-0.0758536065	-0.0176615823	-0.0524726579	0.0162521896	0.0373387529	-0.0778872794	0.0098819737	-0.0542197369	0.0856039544	-0.0010481461	-0.0483685445	0.0258227756	0.0521289168	0.0455943726	0.009822502	0.0083943794	-0.0222039157	0.0250526467	-0.0124616186	0.0902402972	-0.0484238494	0.0488549839	-0.0237725833	0.0306479779	-0.0162391021	-0.0189636756	0.0331134922	0.0296219845	0.0659824409	-0.1053546822	-0.0315427007	0.0403076165	-0.015424077	0.0302083908	-0.0399222129	-0.0472350599	0.0026754625	0.1261603074	-0.0863401632	-0.0361901788	-0.0565315506	0.0091996399	0.0002496363	-0.0306363466	-0.0086715114	0.0531552639	-0.0226025257	0.023634937	0.0025667522	0.035998255	0.095990842	0.0911580896	0.1108817364	-0.026839642	-0.101904855	0.019956278	-0.0246760535	-0.0433259645	-0.0850688053	0.0388192433	0.0945168516	0.0469427345	-0.0148305254	-0.0509504792	0.0253602524	-0.0044156845	0.0268642788	-0.0135211467	-0.0026704402	0.0332343128	0.0356940321	0.0599451455	-0.0018006517	0.0376671799	0.0814342205	0.1051098911	-0.0710222794	0.0874270193	-0.1300687864	-0.1247121287	-0.0037153907	-0.0664472269	-0.0005779841	0.0026176742	0.0731935986	0.0243302483	-0.0690171504	0.0437783027	-0.0262797908	-0.0413829276	0.022311558	-0.0768422097	0.0203629061	-0.0841178397	0.0098525066	0.000213601	-0.0307248138	0.06355413	0.0196274297	-0.0018571865	0.0287091815	0.0625034092	0.0412733252	-0.0522074344	0.0337711708	-0.0401108183	0.0091760902	-0.0366908023	-0.00434795	0.009533029	-0.0440742099	-0.0373564295	-0.0361762271	0.0980338819	0.0158904943	-0.073100589	0.0241741967	-0.0212994941	0.0196359907	0.0597346714	0.0864093203	-0.0851699623	0.0643022981	0.0989077252	0.0023099208	-0.0350640129	0.0190099203	0.0023622355	-0.0246219235	0.0840236519	-0.0243580542	0.0165863291	-0.0219436051	-0.0178694673	-0.100581569	-0.037028051	-0.1057937902	0.0440135192	0.0998315505	0.0253437803	-0.0681797935	0.0390341179	0.0782895994	0.0791465486	0.0548578568	0.0374004354	0.0413961655	-0.0575151137	-0.0116051049	0.0025630093	0.039686493	-0.0167804642	-0.0178507819	0.0451494603	0.005807089	0.0720762406	0.0322043364	-0.0343471792	-0.0969344928	0.0013253622	-0.0806268378	0.0646475758	-0.1868245214	-0.0636435527	0.042122207	0.0912420374	-0.0302474333	-0.0064312982	0.0776595205	0.0557463508	0.0236852696	-0.0126874127	-0.0467505134	0.0257483	0.0026511999999999	7.028861439999997e-06	0.00066297495289	-0.0611297	0.0449672999999999	0.0020220580692899	0.00373684022209	0.47523	0.0216989999999999	0.0004708466009999	0.2258435529	0.000694115	-0.0004536549999999	2.0580285902500002e-07	4.81795633225e-07	-0.00129775	1.6299999999998607e-06	1.6841550625e-06	2.656899999999546e-12	0.00170728	-6.7e-05	4.4890000000000005e-09	2.9148049984e-06	0.0	0.0
5082.326005648545	1.180981030665862	25830037.627691496	1.3947161947926014	10313.689299486028	-0.2342177363316295	106372186.9663326	0.0548579480123127	4806.590390823036	-2.767461933865889	23103311.185152344	7.658845555396724	4848.023668162347	8945.960844343188	1.069125	30.204643	0.11426055	0.0547663	0.0413728737	0.0621601086	-0.0480900396	-0.0035595439	0.0721676394	-0.0577583178	0.0872451831	0.0744841907	-0.0436963652	0.0821119123	-0.0220332027	0.0193159021	-0.06368594	0.0065998797	0.0246907163	-0.0137093738	-0.0092514617	0.0239081665	-0.1090832741	-0.1279047606	-0.0126643744	0.1064186767	-0.0105268222	-0.0484026346	0.0368207527	0.0078670632	-0.0498601756	-0.0341353021	0.0024953779	-0.0033937917	0.033464403	0.0519428237	-0.0556446057	0.0062550952	-0.048713238	0.0446453261	-0.0116038001	-0.0921549063	0.0370245165	-0.0166507764	0.0586918558	0.0368131449	0.0749278626	-0.0841028589	-0.1158832579	-0.0400232859	0.0914302288	-0.1396969401	-0.0941350592	-0.0464738343	0.0123838832	-0.0564640964	-0.0395636956	-0.0130934432	-0.0439263366	0.1085208221	-0.042541134	-0.0785962749	0.0227594672	0.0112808865	-0.0504442734	0.0575443133	0.0146715376	0.0126004875	-0.0270942986	0.0198974598	-0.094157924	0.0096171378	-0.0258571289	0.0551034973	0.0648253195	-0.121816108	-0.1387688716	0.0033457387	0.0069879587	0.0009649112	0.0083170092	-0.030467763	0.0016566636	-0.0647162663	-0.0103400794	-0.1640471012	-0.1117586329	0.0699764177	-0.0877740081	-0.0413685818	-0.0332198805	0.0866447304	-0.0168415579	0.0015576547	0.0196712151	-0.0196161317	-0.0266783303	0.0504367276	0.0304396966	0.026756735	0.0619705025	0.0032471062	0.0013704444	0.0086492572	-0.0212657085	0.0846943839	-0.0849263276	-0.055075423	-0.1380286353	-0.0425206882	-0.0328129062	-0.0228834033	0.010976176	0.0778762828	-0.0524729956	0.0422472749	-0.003008922	0.0700868011	-0.0148151293	-0.0358374271	0.0057032494	0.0065585954	0.0345287996	-0.0519351604	-0.0643847322	0.0461901144	-0.0699210525	-0.0063060101	-0.0671819228	-0.0127305363	-0.0221493149	0.1086032128	0.0525644408	0.198789097	0.0516773977	0.005145518	-0.0663659493	-0.0442751512	0.0145720953	0.0527270271	0.0234643333	-0.0005537565	-0.1062400025	-0.0526672306	0.0628010804	-0.0424308555	-0.0184797766	-0.0643221231	0.0416746516	-0.0487867313	-0.0437617283	-0.0260438266	0.0129509095	0.0001614235	0.0799659732	-0.0085000169	-0.0058344842	-0.0867273049	-0.160469062	-0.0221632438	-0.0956910766	-0.0646584907	-0.0039071617	-0.0228100642	-0.0063138326	-0.0542893065	0.0130239775	-0.0487446646	-0.0285501295	-0.0974890265	0.1659589569	0.0256850941	0.075481378	0.0033318194	0.0466380421	-0.0290015818	-0.0630065795	-0.0367289764	0.0091262365	-0.0313317163	-0.0236545522	-0.08756916	0.0336414016	-0.0509180573	0.0772461008	0.0542471886	0.020848269	-0.0165475795	-0.0507710064	0.0181992	-0.0075490999999999	5.698891081e-05	0.0003312108806399	-0.0942724	-0.0331427	0.00109843856329	0.00888728540176	0.458798	-0.016432	0.000270010624	0.2104956048039999	0.00108085	0.0003867349999999	1.4956396022499994e-07	1.1682367224999998e-06	-0.0020535	-0.00075575	4.216862250000001e-06	5.711580625000002e-07	0.00170753	2.500000000000332e-07	6.25000000000166e-14	2.9156587009000005e-06	0.0	0.0
5091.20248127662	8.87647562807524	25920342.705357216	78.79181957581375	10338.710905949463	25.02160646343509	106888943.19679835	626.0807900110167	4813.055243546519	6.464852723483091	23165500.77743064	41.79432073632674	4854.21891005455	8952.780903078097	1.011648	28.580826	0.0904357	0.0442348	0.0285157162	0.0465615486	-0.0696758268	0.0146186796	0.0406333676	-0.0297149648	0.0668095354	-0.0093978301	0.0104225924	0.0664872416	-0.0381770841	-0.0251031781	-0.0265298789	0.0020837061	-0.0685391719	-0.0176897219	-0.0218367793	-0.0325459595	0.0297975114	-0.018585322	0.0421567603	-0.0850651956	-0.0202403614	0.0012417161	0.0661242526	-0.0244020277	-0.0824402236	-0.0347735235	-0.0013220925	0.0794598407	-0.0645856947	0.0237891153	-0.0017099042	0.0988022737	-0.0113462575	-0.0066980432	-0.0066186113	0.0533772427	-0.1374407075	0.0327985846	-0.1767379463	-0.0135987431	0.0335496323	0.0627648757	0.0527308528	0.0397986049	0.0256209685	-0.0662504654	0.0441144114	-0.0736225696	0.006671234	-0.046352946	0.0584499852	-0.0539262746	0.1547176646	0.1039972198	0.0188669312	0.1356144189	0.0904705507	0.0463730491	-0.0345669666	-0.069628376	0.0006246944	-0.0255215797	-0.0233771508	-0.0744080741	-0.1287801604	-0.0299849343	0.0405007717	-0.0113105724	-0.0229027799	-0.0516517497	0.046768197	-0.0064735832	-0.0842261395	-0.0503619745	0.003628063	0.0084023375	-0.0260332239	0.0520497159	0.0198396743	0.0283113468	-0.0427404129	-0.0038254549	0.064448249	-0.0122086485	-0.0279207908	0.048619236	0.0072298998	0.0405962664	0.026525924	-0.0757172185	0.0140987963	0.133827035	-0.0494005791	0.0647497889	0.0287328834	-0.0022843619	-0.0779309132	-0.0282900712	-0.0051855054	-0.0129464125	0.0419510299	-0.0422381404	0.0653863565	-0.0034809712	0.0292383644	-0.0138732444	-0.0074532786	0.0714228409	-0.0778871641	0.0467127658	-0.007473826	-0.0009351081	0.0534778986	0.0047705584	0.0447974014	-0.0960038184	0.0250058932	-0.0199971999	0.0200357181	-0.0226465952	0.1643530933	0.0257677096	0.1668422079	0.0380640109	-0.0242779486	-0.0006035662	-0.0974541996	0.0752535499	0.0623687817	0.008995904	-0.0262222758	0.0583103525	0.0166504383	-0.0192782046	-0.0886954365	0.0347299926	-0.0699382488	0.1549310318	-0.0394818472	0.1323406688	0.1146999725	-0.0782183903	-0.0019608687	0.0793878934	-0.0045374377	-0.0046949526	0.0656126847	0.0309704087	0.1243478729	0.0653363912	0.0065579018	0.0357200262	0.0001562037	0.0607374302	0.0044079846	0.0358991163	-0.0393220451	-0.0730123097	0.0047910252	0.0358655282	-0.0358401287	0.0521657749	0.0072540842	-0.0218556223	-0.0267891395	0.0343802686	-0.0689579362	0.0189164526	0.0185287008	-0.0389257828	-0.0303803851	-0.0367752353	-0.0207116264	-0.0926367436	-0.0440486842	-0.0691865594	0.0812226623	0.0645014587	0.0768225263	0.052719502	0.0179866041	-0.0203729465	-0.0546246844	0.0259763	0.0077771	6.048328441000003e-05	0.00067476816169	-0.0830568	0.0112156	0.00012578968336	0.00689843202624	0.419058	-0.03974	0.0015792675999999	0.175609607364	0.00071812	-0.0003627299999999	1.3157305289999994e-07	5.156963344e-07	-0.00184058	0.00021292	3.3877347364000003e-06	4.533492640000005e-08	0.00176594	5.840999999999984e-05	3.411728099999981e-09	3.1185440836e-06	0.0	0.0
5101.805006943692	10.60252566707186	26028414.328875728	112.41355052091755	10365.516171542597	26.8052655931333	107443925.50251108	718.5222635184159	4821.050003496564	7.994759950045591	23242523.136214223	63.91618665885298	4862.106510712781	8955.286294563684	1.0167	28.723545	0.1278105	0.0692346	0.062467329	0.0224872656	-0.0909667214	-0.01952734	0.0401272107	0.0208023932	0.039200453	0.0507943077	-0.0212502799	0.0575233204	0.0379706531	0.0232934729	-0.0312101522	0.0503313387	-0.0417959555	0.0045138132	-0.0542853467	-0.0869505012	0.0144595909	-0.0485394438	0.0035966607	-0.0347966441	0.0199491978	-0.0077064101	0.0063523883	-0.0752629366	-0.0046043991	-0.0659569994	0.039591388	0.0647725494	-0.0026891431	-0.0397970198	-0.0027713063	0.0081073851	-0.033332117	0.0216744368	-0.032750633	0.0328248279	0.0442764829	-0.0630152663	0.0478159559	-0.0215987625	-0.0244081606	-0.0181338446	0.0713884214	0.1675995357	0.036748522	-0.1708532823	0.0490871903	-0.0759007417	-0.0155308006	0.0022929333	-0.0965999446	-0.0099185254	0.0091428746	-0.0424294571	0.0066396121	0.0631570514	0.0955335407	0.00274832	-0.0931908182	0.0811616361	0.0129654698	-0.0526967847	-0.0239262792	0.0109363603	0.0608649987	0.0328965032	0.0575066718	0.0649979071	0.1687441687	-0.0422950985	-0.0530337002	0.0207723556	-0.0426417084	0.0095524336	0.13111913	-0.0574458605	0.194606852	0.006751413	-0.0355574904	0.0786235653	0.1075496857	-0.0979411448	0.0331556864	-0.0148319192	-0.1107496672	-0.0429464156	-0.0385109749	0.0538309082	0.0471538227	0.0369040528	-0.0908750951	-0.0617433284	-0.0117504739	0.0503075063	0.0360508034	-0.0542914769	-0.0335026853	-0.0430109606	0.0343338861	-0.0344542577	0.0294210427	-0.1020677885	0.0010897937	0.0095476824	0.0265132982	-0.0049574885	0.0339920368	-0.0505442749	-0.0648583672	0.0469178284	-0.0525521934	0.032030919	0.0322845898	0.0397789663	-0.0090043153	0.007502769	0.0496127181	-0.0169285732	0.0327530405	-0.0133398892	-0.0495959155	0.0710449247	-0.0139120025	0.0519174344	0.0384009916	0.0055333589	-0.0927665844	0.029070303	0.2121495939	0.0719872552	0.0274720961	0.0437099191	0.0917648781	0.0068882178	0.094990814	0.0234592385	-0.0004326935	-0.0368029603	-0.0576446721	0.0424334211	0.1065189477	-0.0569033996	0.046801143	-0.0706311042	-0.0433674332	0.0102385736	0.0175701754	-0.0187586411	-0.0430577439	-0.0572783061	0.1130810025	-0.0600648989	-0.1158457433	-0.0735853384	0.0547308731	-0.0234852794	0.0157189531	-0.0479067548	-0.1083361161	-0.0164237646	0.1712536235	0.0257185763	0.1177224596	0.1151680474	-0.1039435521	-0.1190341996	-0.0384071051	0.0415066597	0.0788545495	-0.0081339815	-0.00636835	-0.1072409092	-0.0091775315	0.0452614823	0.0943727599	-0.0030327433	-0.0019285791	0.004936729	0.0763888527	0.0511640943	0.0151036605	-0.0241554689	-0.0582988854	0.0222726	-0.0037037	1.3717393690000006e-05	0.00049606871076	-0.0906416	-0.0075848	5.752919104000004e-05	0.00821589965056	0.481661	0.062603	0.003919135609	0.231997318921	0.00113748	0.0004193599999999	1.7586280959999993e-07	1.2938607503999998e-06	-0.00124823	0.00059235	1.5580781329e-06	3.508785225000002e-07	0.00183261	6.667000000000001e-05	4.444888900000001e-09	3.3584594121e-06	0.0	0.0
5105.571650591192	3.766643647500132	26066861.879320472	14.187604367253098	10372.935539623904	7.419368081307766	107597791.70919266	55.047022725928485	4815.619449746019	-5.430553750545187	23190190.684772152	29.490914037560398	4858.522288476807	8992.341352118769	1.013436	28.631342	0.1722616	0.0863309	0.1026253546	0.0518782239	-0.0754023495	-0.068862316	0.1101559318	0.0217204243	0.0509185087	0.0620481493	-0.0668886885	0.0254388054	0.066030057	0.002828925	-0.0237945106	0.0924742628	-0.029985473	-0.0304565193	-0.03580875	0.0201343975	-0.0793783923	0.0079751724	-0.1250597983	0.0393411261	0.1046414661	0.1998151013	-0.0678837383	-0.0824626423	-0.0089764309	-0.0607708513	-0.036225095	0.0181331262	0.0269672627	-0.0551665071	-0.0263035183	0.1147280818	-0.0631998689	0.0740475764	-0.0258963201	0.038590282	0.105878432	0.0236418995	-0.0354341665	-0.0395605847	0.0536931666	-0.0577496905	-0.0027329821	0.1009626024	-0.0435198999	-0.0831219956	-0.046315866	0.048165884	-0.0179655107	0.0306119525	-0.029883473	-0.0148715929	-0.1033526414	-0.0059439128	0.0931893559	-0.0915236528	-0.0845129135	0.0679078186	-0.0692619048	-0.0827064006	-0.0309097932	0.0890656568	0.0180157695	-0.0172305223	0.0153681967	-0.0268486025	-0.0385173548	0.0519934621	0.0390556006	-0.0102674355	0.0697143174	0.131350088	0.0009913669	0.0129681698	-0.0549132863	-0.02585801	0.002524733	-0.0281345227	-0.0349452505	-0.0312150546	-0.0181444818	-0.048492036	-0.0232959007	-0.0031452549	-0.057177616	-0.0364239443	-0.1004524722	0.0923507039	0.0261915135	0.0418206513	-0.041018165	-0.185394304	-0.084874523	-0.0602424917	0.0346828785	-0.0997744203	-0.0448759347	-0.051124048	0.0069486226	0.0393943804	-0.0647725925	-0.0027087043	-0.0540136904	0.1059879027	-0.0340029271	0.2202895953	-0.0338046063	-0.1154384777	-0.0615044892	0.069532155	0.0254103689	0.0066737958	-0.0034178219	0.0201892339	-0.0512226357	-0.0868349949	0.0705845859	-0.0862855	0.0355924515	-0.0580214784	-0.1143411681	-0.0139890214	0.053413148	0.0390344936	-0.0295227982	0.0491848399	0.0081878565	0.001814003	0.109110485	0.0786017247	0.0064051706	-0.0765972441	0.0332063214	0.0245911255	0.0381928836	0.0165934559	0.0767327649	-0.0012604936	0.1212541239	-0.0512110584	-0.086622389	-0.0079940275	0.0713785246	0.0533079493	0.0519539008	-0.1052064066	-0.0688385763	0.0393879097	-0.020874166	0.0147941722	-0.027618448	-0.0524208308	0.0008806465	0.0651816711	0.1039019645	-0.0560132866	0.0939321815	0.000262711	0.0097176429	-0.0134082776	-0.003303331	0.027167027	-0.0287305785	-0.0382623581	0.018441332	-0.0458246857	-0.0144553517	0.0100296647	0.0160612455	0.0666419465	-0.0299500863	-0.1483344622	-0.0565731724	0.0919060944	0.0889098542	0.154080771	-0.0215133952	0.0373571526	0.0759451371	0.0495817833	0.0122028486	-0.027887192	-0.0617815374	0.0336314	0.0113587999999999	0.0001290223374399	0.0011310710659599	-0.0354728	0.0551688	0.00304359649344	0.0012583195398399	0.530515	0.0488539999999999	0.0023867133159999	0.2814461652249999	0.00022442	-0.0009130599999999	8.336785635999999e-07	5.03643364e-08	-0.00113643	0.0001118	1.2914731449e-06	1.2499240000000002e-08	0.00171987	-0.0001127399999999	1.2710307599999965e-08	2.9579528169000003e-06	0.0	0.0
5119.236849115793	13.665198524600784	26206585.917344995	186.7376507167514	10405.726097723084	32.79055809917918	108279135.62083527	1075.220700455645	4822.715501753852	7.096052007832441	23258584.810856905	50.35395409786281	4863.905124716956	8985.054978950891	1.061997	30.003273	0.2781852999999999	0.148049	0.0620522227	0.0645621493	-0.0808558439	-0.0606396112	0.0576542917	0.0723963625	0.0659285538	0.0041639472	-0.0174797893	0.0443722603	-0.0363261998	0.0051122069	-0.0014891308	0.0942109106	-0.0146161913	-0.0453801955	0.0414065114	0.0218635736	-0.1010396393	0.0226128074	-0.0229997862	0.1335306765	0.1106795627	-0.0222239875	-0.0081171431	-0.0809977816	-0.0417262234	-0.0047694607	0.0829722845	-0.0354947058	-0.1037865705	-0.0546795125	0.0094567059	0.0154292044	0.0315249509	-0.0331642754	0.0344299508	0.0955276073	-0.0202295639	-0.0464418373	0.1566283013	0.0807223344	0.0696356284	0.0298316429	-0.0888712785	0.1187480815	-0.0713036966	-0.0074447373	-0.0358938882	-0.0631860042	-0.0167570928	-0.0276252794	0.0246534675	-0.0025796924	0.0061821285	-0.0575884833	-0.1000479111	-0.036776804	-0.0027446218	0.0876847931	0.0985570299	0.0439778447	-0.0225694213	0.0530765971	-0.0456608692	-0.0114473162	-0.0470540434	-0.0031314162	-0.0066361503	0.0329606006	-0.00324266	-0.0326977648	0.0102692316	0.0057486483	-0.0933161203	-0.0371706648	0.0280975546	-0.0684125394	-0.1045222629	0.0724945884	0.0057154684	0.041853817	0.1553983624	0.0191399146	-0.0353930318	0.0321763306	0.0283428557	0.134874156	0.0384892418	-0.0718633966	-0.0218410788	0.0110526905	-0.0020011007	-0.0752286834	0.0003781707	-0.0414415893	0.0119895405	-0.101630335	-0.0260814084	-0.0499639194	-0.0296311192	0.0039613003	-0.1260219977	0.0575816647	-0.1182659208	-0.0189861862	0.0303910144	0.0521973424	0.0768385717	-0.0412227646	-0.080951904	-0.0052758705	-0.0680223918	-0.0942690391	0.0544735848	-0.019361827	-0.0267186812	-0.0354773653	-0.0290573291	0.041251807	0.0531260791	-0.0524317018	0.0231276772	0.0663872469	-0.1708325074	-0.0704162313	-0.0711492186	-0.0394195806	0.0623386868	-0.0089157178	0.1235174186	0.0472035289	-0.0901442395	-3.13391e-05	0.0035237103	-0.0149705512	-0.0383622398	-0.003910864	0.0095447766	-0.0433927167	-0.0644804099	0.0133761689	-0.1164237563	-0.0679020671	-0.0930623252	-0.0542314749	0.019617906	-0.0615239132	0.0436339012	0.0138471612	0.0385354852	0.0163189104	-0.014109708	-0.0371434294	-0.0052209839	0.0150600077	-0.0159975441	0.0080224081	-0.0470114613	-0.0910336599	-0.0418949785	0.0298561342	-0.1325857001	0.0227623649	0.0459108367	0.1348307079	-0.0190917413	-0.0155453681	0.0621745867	-0.0561008933	-0.051424814	-0.0523083403	-0.120452551	0.0823652889	0.0457072517	0.0042370716	0.0451041055	0.0642963532	-0.0713889457	0.0970990164	0.0754914377	0.0479734011	0.0092876003	-0.0315602679	-0.0650611976	0.0224253	-0.0112061	0.00012557667721	0.00050289408009	-0.162236	-0.1267632	0.01606890887424	0.0263205196959999	0.463803	-0.0667119999999999	0.0044504909439999	0.215113222809	0.00094382	0.0007194	5.1753636e-07	8.907961924000002e-07	-0.00186751	-0.00073108	3.4875936001e-06	5.344779664000001e-07	0.00170027	-1.9600000000000043e-05	3.8416000000000165e-10	2.8909180729e-06	0.0	0.0
5121.145949996914	1.9091008811210488	26226135.8411698	3.644666174297164	10417.262490956631	11.536393233547642	108519357.80549195	133.08836883904382	4828.132748138466	5.417246384614373	23310865.83364709	29.34655839161749	4869.043033384469	9013.95435228987	1.009647	28.524279	0.1156137999999999	0.0675574	0.0609600491	0.0863994518	-0.0608135752	-0.0465195018	0.0559265497	0.1124915357	0.0794685486	0.0367054697	0.0450670592	-0.0348816577	0.0235358672	-0.0300054421	0.0048179806	0.0756814131	-0.1796876468	-0.0030674377	-0.059975713	0.0835433258	0.0397432195	-0.0132130692	-0.076545194	-0.0038457347	-0.0306066865	-0.0715542945	0.0698771962	0.0002063565	-0.0749698786	0.0327972654	-0.0094430762	-0.0825377743	-0.1081865475	0.0047155524	-0.0809310006	-0.0346792233	0.0198323744	0.1487344532	0.0560258532	0.0016998772	-0.0393422926	-0.0113711783	-0.088915675	-0.0202104261	-0.1115232198	-0.008212682	-0.078208043	0.01386568	-0.1463284268	-0.0426285434	0.0628352874	0.057692493	-0.0205066406	-0.1164091102	-0.0643687492	0.0631821745	-0.124265387	-0.025734406	-0.0286470596	0.0141564088	0.0079770829	-0.0040805978	0.102903726	-0.0318260531	-0.0345476632	0.0476730405	0.0255049027	-0.0133985091	0.0105074342	0.0035151729	0.0503132521	0.0509029221	-0.0862264153	-0.0481636285	0.0383103166	0.0039280158	0.1325063323	0.0264303755	0.11015957	0.0216876439	0.0863622573	0.0739255382	-0.0083447471	-0.0200656824	-0.0405443283	-0.0109273611	-0.0694242709	0.002967718	0.1785888023	-0.0812704565	-0.0679817534	0.0412979101	0.0323516692	0.0410855955	0.0060487141	0.1179013161	-0.0132618838	-0.0770910886	0.004560634	-0.0817109167	-0.1542774432	-0.0497900362	0.0606254813	0.076381796	0.0610655275	0.039203861	0.0027406953	0.0407517396	-0.0589542346	-0.0582382199	0.0645364065	0.0846609805	-0.0534705656	-0.0229825603	0.003757554	-0.0924519193	0.034438795	-0.0993197958	-0.0437891512	0.0601649117	-0.0238241804	-0.1307029464	-0.0701430385	-0.0529502839	0.0752703774	0.0113415657	0.0789366611	-0.0075038678	0.0531322947	-0.0482586414	0.1279963045	-0.0747993239	-0.0227001636	0.1483767257	0.046465425	0.0049538819	0.0250166861	0.1142962447	0.0020292451	-0.0537192342	0.011357529	-0.1399951393	0.0247887831	0.0191606931	0.0201720523	0.0174294156	-0.0691328545	0.0179160005	0.0551725	-0.042540874	-0.0190675591	0.0203564271	0.0060172442	0.0114692319	0.0615552938	-0.0433625179	0.0483055396	0.0424380271	-0.0856072937	0.1311674191	0.115175597	0.0451431667	-0.0461750009	-9.3359e-05	0.0893462692	0.0366902668	-0.003487052	-0.0195266311	0.0180913459	0.0232388648	0.0467711372	-0.020835562	-0.1544212688	0.0359016265	0.1060609951	-0.0393698368	0.0064499521	-0.006612169	-0.1016953871	-0.1187905067	0.0524081232	-0.0556348748	0.0750278142	0.0463397933	0.0063613645	-0.035166972	-0.0681270903	0.0226848	0.0002595	6.734025000000144e-08	0.00051460015104	-0.105861	0.0563749999999999	0.0031781406249999	0.011206551321	0.493556	0.0297529999999999	0.0008852410089999	0.243597525136	0.000926084	-1.7736000000000075e-05	3.1456569600000267e-10	8.576315750559999e-07	-0.001432	0.00043551	2.050624e-06	1.896689601000001e-07	0.00183155	0.0001312799999999	1.7234438399999972e-08	3.3545754025e-06	0.0	0.0
5115.444041891044	-5.701908105869734	26167767.745718587	32.511756047782974	10419.221160240808	1.9586692841767217	108560169.5860098	3.836385364777352	4825.1248658619	-3.0078822765663062	23281829.971158817	9.047355789681705	4866.274933742011	8984.664592128858	1.042582	29.454754	0.160779	0.0919782	0.0289630047	0.0886542956	-0.0346568964	-0.0398221108	0.0356785658	0.0978018964	0.0868951282	0.0586343814	-0.0250785947	-0.0095703487	-0.0867072715	0.028978406	0.0041727517	0.0846786315	-0.1063350701	0.0340970769	-0.0244510625	0.0384002578	-0.1339726632	-0.0060000597	-0.2322120103	-0.0536548801	0.038841952	0.0179085897	0.0920836689	-0.0687703006	0.0813160827	0.0278618757	-0.0032981458	0.0745503141	-0.0212663189	0.1064925316	0.0087956104	0.0503093409	0.0162166122	0.0357639102	0.1570057755	-0.0810168396	0.1482989811	0.0088792799	-0.035282691	-0.0664291451	-0.0751647673	-0.0234097756	0.0101147578	-0.0241637719	0.0148171149	0.0456831677	-0.0414877754	-0.0674657161	0.0316856976	-0.0203224187	-0.0428781392	-0.0265733873	0.0223898074	0.0423962371	-0.0345828769	0.0377903396	-0.0600314646	-0.0070250987	0.0303976434	0.0635248854	0.004270094	-0.0259775306	-0.0250289823	0.0711423697	0.0672710587	0.0776708251	0.0306391133	0.0368054278	0.074576938	0.0146677289	0.0188421119	-0.1205303874	0.084826273	-0.0033568765	-0.0705411911	0.0576414398	-0.0260340021	0.0648581105	-0.0059030885	-0.0272132764	0.0117203878	-0.017348318	0.0777360995	-0.0011052245	0.0358722303	0.0132960685	-0.0172837843	-0.0484703086	-0.0426766551	0.0184021824	0.1320871844	0.0902059788	0.1053012063	-0.0227561642	0.0046313314	-0.0786359446	-0.1135251753	0.0436191871	0.0336384172	0.0837930368	-0.1011656048	-0.035695751	0.006060815	0.1975390659	-0.08908246	0.0654964684	0.1472706903	-0.0212873034	-0.0215049782	-0.0491810046	0.0275452445	0.1004615413	0.0660084866	-0.0190423036	0.082005713	-0.0204331059	-0.0939764293	-0.02622484	-0.1327955367	-0.081557725	-0.1281754982	-0.0421552634	0.0690710861	0.0297408471	0.0807641671	-0.0288535478	-0.0004234613	-0.0155251691	-0.0246524771	-0.0327901614	-0.0748513092	0.0359956959	-0.0372237518	0.0219768383	0.0209278173	0.0239550354	-0.0814440812	0.0033298571	-0.0026510401	0.0393313086	-0.048692444	0.0535155695	-0.0212014095	-0.0495933538	-0.0081204374	0.0244696351	-0.0046462041	-0.0663003137	-0.0474891109	-0.0843723172	0.0430096554	-0.0362834464	-0.0327620991	-0.0764651967	0.0235198113	0.0857485121	-0.0585231971	0.0926233759	0.094404426	-0.014634641	-0.0213414046	0.0394412578	-0.0215821593	0.035681257	0.0219630933	0.0027352049	-0.0964368938	-0.0190335138	-0.0253194072	0.0046638251	0.011102173	0.0647912338	0.0153441692	-0.0173179414	-0.1065403135	-0.1031079866	-0.1320767353	0.1179976327	0.0745543275	0.044681819	0.0034276029	-0.0386997195	-0.0709691421	0.0219677	-0.0007171	5.142324100000026e-07	0.0004825798432899	-0.161563	-0.055702	0.003102712804	0.026102602969	0.424799	-0.068757	0.004727525049	0.180454190401	0.000743356	-0.0001827279999999	3.338952198399998e-08	5.525781427360001e-07	-0.00194665	-0.00051465	3.7894462225e-06	2.648646225000002e-07	0.00181687	-1.4679999999999988e-05	2.1550239999999966e-10	3.3010165969e-06	0.0	0.0
5110.602227416686	-4.841814474358216	26118255.126876395	23.443167404104727	10427.182179530271	7.961019289463366	108726128.20511366	63.37782812720779	4823.541840721295	-1.5830251406050593	23266555.88918897	2.505968595787668	4863.782091320234	9034.40647030002	1.049756	29.65744	0.124933295	0.0822106999999999	0.0285725458	0.0804527982	-0.0313928366	-0.0519236549	0.0252661061	0.1435814608	0.0914814799	-0.0343306991	0.0648100094	-0.0114848921	-0.0297856698	-0.0773546635	0.0222332264	0.0390991723	-0.1159233463	-0.0527613751	-0.01264149	0.0197445433	0.0261711926	0.036451404	0.1072972002	0.0100713232	0.0520690382	-0.0797328704	0.128614368	0.0197757917	-0.1034872999	0.0470437592	-0.0922621404	0.0276655008	0.0235056966	-0.0817959902	-0.0243688453	0.0766348672	0.0853623665	-0.0105469936	0.0210575304	-0.0137634505	0.0601265671	-0.0050105944	-0.0025699122	0.1298388418	-0.0391370456	0.0266395732	0.0275587774	0.0515998256	0.0332976487	-0.026332329	0.0048564815	-0.0202152976	-0.0241184753	0.1087374285	0.0130328721	0.0038987327	-0.0346462461	0.0630386637	-0.131366512	-0.0194000041	-0.072084048	-0.0522780849	0.0403323777	-0.0175897228	0.0261727634	0.0988515847	-0.0062351037	-0.0226983917	-0.037162469	0.0544155399	-0.0134852218	-0.0725504957	0.0792178207	0.057945745	0.0144083023	-0.0533092882	0.1181400633	0.0259263713	-0.1362063947	0.0856018256	0.0221400869	-0.0118787607	0.0233912708	-0.0253545112	0.0509715202	-0.0452882279	0.0698451043	0.0307493178	0.1609829277	-0.0478809485	0.0511733795	0.0748648518	0.0130246117	-0.1145245383	0.0125172787	0.0059019097	-0.076955954	-0.1480597322	-0.012140657	-0.0477114829	-0.1022942608	-0.059393436	0.0020165498	0.0182429431	0.0101114165	0.0421672693	0.0600215789	-0.0932607285	0.0840501434	-0.028236584	0.0926864156	0.128596318	-0.0271054248	0.0450046436	0.0884539583	-0.0506060666	-0.0239539205	0.0818905966	-0.0757816571	-0.0479739857	-0.1038389579	-0.0357514	0.0131075765	-0.0019464108	-0.0252847614	0.0202842532	0.0110572885	-0.1335802743	0.0402331219	-0.0383721228	-0.0401924528	-0.000640674	0.0603203273	-0.0194197453	0.0346080604	-0.0255072987	0.0213341975	-0.1131160832	0.02500074	-0.0070147826	-0.1205500942	-0.0637422498	0.0148556603	0.0245244327	-0.0950783492	0.0667091657	-0.012630168	0.0188880082	-0.0298920768	-0.0512377552	-0.0125356238	0.048878686	0.0437532704	-0.044639389	-0.0764735245	0.0527523453	-0.0205457092	-0.087786931	0.05595123	0.0255424115	-0.0194854066	0.1299659622	0.1450892524	-0.0068867092	0.0116383358	-0.0011730449	-0.0032577869	0.0179925196	0.0152530138	0.0011040498	-0.0893194737	0.0057061017	-0.1598999271	-0.0231149005	0.0986242033	-0.0132463819	-0.0446443253	-0.0914336879	-0.0056086531	0.1057269805	0.0457449771	0.0892444214	0.0740710399	0.04300035	0.0004897863	-0.0421510808	-0.0735780149	0.0231197	0.001152	1.3271040000000005e-06	0.00053452052809	-0.0805473	0.0810157	0.00656354364649	0.00648786753729	0.429046	0.004247	1.8037009000000005e-05	0.1840804701159999	7.641409999999998e-05	-0.0006669419	4.448114979756101e-07	5.839114678809997e-09	-0.00198316	-3.65099999999998e-05	3.9329235856e-06	1.332980099999985e-09	0.00188379	6.692000000000004e-05	4.478286400000006e-09	3.5486647641e-06	0.0	0.0
5087.828345966321	-22.77388145036548	25885997.27801839	518.6496763153009	10394.516613631804	-32.66556589846732	108045975.6310676	1067.039195467111	4813.801878799806	-9.73996192148843	23172688.528336544	94.86685823204458	4855.619998946244	9002.216358605885	1.150579	32.505852	0.078564545	0.0443322	0.0149894434	0.0660130623	-0.0562461729	0.0286465003	0.0077872101	0.0670428687	0.0665402036	0.0981014406	0.0120593255	0.0187392142	-0.0057122368	0.0449801087	-0.0093878233	0.0160258638	0.026386325	-0.07132468	0.1358890111	-0.0484466961	0.0219705204	0.0387435458	-0.0618191177	-0.0635614896	-0.0157518317	0.0090533609	-0.0339635449	0.0106908592	-0.0196057181	0.022468212	-0.0559403485	0.1175796718	0.0496236696	0.0886967718	-0.0007702916	-0.1024827894	-0.0110002979	0.0547924994	0.1449639387	0.078311705	0.0639522308	0.0475625487	-0.023167454	0.0295020557	-0.1165070039	0.0088692711	0.0347087479	-0.0892327789	-0.0456196863	0.0519154333	-0.0246460026	-0.0753736743	-0.0127841905	0.014167891	0.0880938591	0.0078399378	-0.0001970906	-0.2007125435	-0.0638298313	-0.0496444045	-0.0544159798	0.097225574	-0.0325479263	0.048262094	0.0014624282	-0.0603430095	0.0179293274	0.0278059867	-0.0390318042	0.0011497368	-0.1711711924	0.0512475677	-0.0933045021	0.0105195271	0.0379124065	-0.0259579128	-0.0471696435	-0.0222737659	0.0734930793	0.0322631716	-0.1023564844	-0.0610401555	0.0731774055	-0.0130791352	-0.0250324513	-0.0066867836	-0.0528337695	0.0767594146	0.0921976484	0.0441182207	-0.0267255766	0.0178018696	-0.0493139092	0.0002264839	0.0073175175	0.0154397529	0.0204420959	0.0189023729	0.0095586834	-0.0079678385	-0.0084668408	0.0288006264	-0.1551335073	-0.0946200581	-0.0096840203	0.0230001813	0.0302151715	0.0850251673	-0.03094084	-0.0182797218	-0.0457770733	0.0078175935	-0.0202457878	0.0301740848	0.0645024284	0.1065466395	0.036047871	0.0485957222	0.0572360799	0.0984774473	-0.0269908418	0.021014535	-0.0388597739	-0.1733931403	-0.0140745484	-0.0440718873	0.0230270566	-0.0586268271	0.1076804491	-0.0418720224	0.0020338687	-0.0448398878	-0.1104221342	0.0028159617	-0.0645437826	0.0224431231	-0.00329033	-0.0661673478	-0.0461337072	0.0263265412	0.1379340927	-0.0842995895	-0.124977766	-0.0295912272	-0.1187843555	-0.0591913419	0.0128879619	-0.0410487523	-0.0007424167	0.0949552607	-0.0160727736	-0.0518217381	0.0201813882	0.0141072881	-0.141598386	-0.071843482	0.0416107394	0.0781668798	-0.0323986435	0.0276065432	-0.0219349542	-0.0339081847	-0.0425309563	0.0651573478	-0.0507586103	-0.1072522163	-0.0052560359	-0.032365349	0.0071239134	0.0391774789	0.0155508604	0.0194365197	-0.1223706687	0.0692067427	-0.0367407592	0.0197042808	-0.0277139895	0.0152450044	-0.0013862707	-0.0149093975	-0.0309077629	0.0618535582	0.0735780149	0.0412962704	-0.0024486097	-0.0455137978	-0.0759451371	0.0253706	0.0022509	5.066550810000001e-06	0.00064366734436	-0.120974	-0.0404266999999999	0.0016343180728899	0.0146347086759999	0.435396	0.00635	4.032250000000029e-05	0.189569676816	0.000617023	0.0005406089	2.9225798275921e-07	3.8071738252900004e-07	-0.00197133	1.183e-05	3.886141968899999e-06	1.399489e-10	0.00192209	3.830000000000001e-05	1.4668900000000007e-09	3.6944299681e-06	0.0	0.0
5078.211970168512	-9.61637579780836	25788236.813962765	92.47468348467436	10335.630754357562	-58.88585927424174	106825263.09042189	3467.5444224658017	4811.005652211314	-2.7962265884925728	23145775.38560921	7.818883134192812	4851.703974284671	8938.860111407006	1.122131	31.702145	0.1135495	0.0560958	0.0093837695	0.0542984431	-0.0468508326	0.0083436088	0.0229947344	0.012518402	0.103481871	-0.0511857747	0.0480087067	0.0818632137	-0.080275988	-0.0645759605	-0.0095682686	0.0377201777	0.062460458	-0.0514114881	0.0721958454	-0.0692849485	-0.0280095742	0.0727666716	0.0533775644	0.1078683085	0.0021995984	-0.0698209066	0.0020007696	-0.0977171786	-0.1276469945	-0.0183053685	0.0061814153	0.1234549815	-0.0347421703	0.0982110291	0.0498212852	-0.022686111	-0.0380801611	0.0407898863	-0.0102006906	0.081972922	0.0353812933	-0.0241287718	0.0037029487	0.0062103887	0.0229056303	-0.0379464006	0.0529976792	-0.0320433964	0.0696914324	0.0665197891	0.0105396112	0.0498562046	0.0274067949	-0.0253305411	-0.0746598064	0.0128455447	-0.0598429792	0.0829856672	-0.021855452	0.0539186499	-0.1017329673	-0.0538296216	0.0735705933	0.0159956141	-0.0009200036	-0.0115792149	-0.0168672147	0.0106762701	0.0298056668	-0.039205638	-0.0337166599	-0.0866265677	0.0555877257	-0.0136709167	0.0319974711	0.0595832474	-0.0995664352	-0.0099446369	-0.0057832841	0.0558499658	0.027565196	-0.172638919	0.0548184217	0.042273069	0.0431618321	0.0069489285	0.1725814681	-0.0806306949	0.0147188594	-0.0952315969	0.0868190121	0.0068433346	-0.0501777607	-0.0120736561	0.0140442216	0.1438979417	0.0556315012	-0.0325426143	0.0125414302	-0.0345438895	0.0263657644	-0.0415087263	-0.0711608989	-0.1226095704	-0.110458283	0.0467481647	-0.0351436872	-0.0814756597	0.0063400922	-0.0559033545	0.0187365754	0.0198865456	-0.1496459519	0.0635704938	0.024669353	0.0478981365	0.0572847135	0.0431737538	0.1294880777	0.0031238007	0.0492644417	-0.0158546472	0.0426023007	-0.0591086707	-0.015298104	0.0422356971	-0.0214629039	-0.0301838198	-0.0159644899	0.0299102355	-0.0238484551	-0.0321928136	-0.043632785	-0.0667417716	0.0508837482	0.0289844825	-0.0409170766	0.0718877861	0.0385041685	-0.0292722339	-0.0853082629	-0.0171397496	0.0958316516	0.0347972673	-0.0588790073	0.1168353448	-0.0322031355	-0.0072218604	0.0133092155	0.0255873674	0.0303540428	-0.0174212474	-0.0652267334	0.0343576542	-0.0386580757	0.0720348279	-0.046303767	0.0285744304	0.0938971363	-0.0692042596	-0.0327116955	-0.0414262699	-0.0054496814	0.0740582837	0.026556784	-0.142399363	0.0451431877	0.0331086807	-0.0318321492	-0.0017021113	-0.1514741372	0.00425819	0.0728948433	-0.0708112864	0.140128508	0.0826058138	-0.0539189749	-0.036709579	-0.0568252906	-0.1119162518	0.0251328714	-0.0269411934	0.0730753174	0.0395704763	-0.0053841089	-0.0487807985	-0.078062731	0.0236782	-0.0016924	2.8642177600000005e-06	0.00056065715524	-0.0813442	0.0396297999999999	0.0015705210480399	0.00661687887364	0.395491	-0.039905	0.001592409025	0.156413131081	0.000364967	-0.0002520559999999	6.3532227136e-08	1.33200911089e-07	-0.00227201	-0.00030068	5.162029440100001e-06	9.040846240000013e-08	0.00182838	-9.37100000000001e-05	8.781564100000019e-09	3.3429734244e-06	0.0	0.0
5077.749567307574	-0.4624028609387096	25783540.66829225	0.2138164058043036	10306.880269510446	-28.75048484711624	106231780.89002372	826.5903789442606	4811.259498895952	0.2538466846381197	23148217.96571653	0.064438139301765	4852.752139982944	8923.005167521253	1.074825	30.365667	0.0833178999999999	0.0515874	0.0163748088	0.0825898233	-0.0410741295	0.010996236	0.0095343848	-0.0037002947	0.0940551755	0.0276690048	0.0979505433	0.0139596114	0.0594907791	0.0729036269	-0.0068301384	-0.0025180836	-0.0509013713	-0.0568436219	0.0754793522	0.0185781351	-0.0460966948	0.0522455089	0.0315572326	0.0330701663	0.0600593681	0.1312313389	-0.1149527497	0.0028618288	-0.0500526659	-0.0076222534	0.0984980309	0.0355805514	-0.0028759193	0.082726643	-0.0695802746	0.0443869732	0.1002525966	0.0186275015	-0.0835704716	-0.0367506563	0.0318092999	-0.0207275962	-0.0456782534	0.0265345143	-0.0048636265	-0.0485288945	0.0025119008	-0.0055847085	-0.0081251004	-0.0626157683	-0.1052467506	0.0036209485	0.0357423969	0.1237912961	-0.0123848987	0.0695187591	0.0633324391	0.0562472495	0.0592093625	0.0107571426	0.0409279524	-0.0651989693	-0.1217163606	-0.004501789	0.0252877756	0.0279849313	-0.0150076352	0.0714412164	0.0658056413	0.115088959	0.0184224141	-0.0128463056	0.0166399215	0.0586215745	-0.0062623105	0.0815166681	-0.0627258736	0.0502272751	0.0607020487	-0.0392691913	-0.0319144554	0.0612934488	0.0411074706	-0.0552225874	-0.0490457606	0.0186581796	0.0401626483	-0.0383172197	-0.0159181016	0.0560987743	0.0434498456	0.0941125915	0.0032578853	-0.0370191756	-0.0290991336	-0.0066388784	-0.0298670745	-0.0145411404	0.0060372744	0.0003071726	-0.0825234252	-0.012600343	-0.0838663823	-0.0213629717	-0.0724997746	0.0655869934	-0.0249135896	0.0029186993	0.0407869962	0.1080530131	-0.1349169616	-0.0419601792	-0.0448549051	0.0290813199	-0.0802506443	0.0693397505	0.0275409099	-0.0245819153	0.0149754312	-0.0473362193	-0.0840666622	-0.0644158947	0.0601580825	0.0880199159	-0.0240756843	0.0022498976	0.0457746869	-0.0307054454	0.0021842114	0.0467613291	0.0133010748	-0.0045340069	0.0079180696	0.0026146273	-0.0515328504	-0.1121637623	0.0083691394	-0.0867935658	0.0936835754	-0.0409679812	-0.0324185355	0.0584160778	0.0020633904	-0.041838118	0.1182902915	0.0110563267	0.1122430295	0.0082793722	-0.0272021068	0.006698012	-0.0519371228	-0.0550028649	-0.045998561	-0.126182093	-0.0143562239	0.0166916761	0.0256772606	-0.0615450071	0.024652206	-0.0174075813	0.0281502188	-0.0269385845	-0.1118606137	0.0448625454	-0.0488907072	0.0452307133	0.0279564135	-0.0492939526	0.073823281	0.0357213774	-0.0272835571	-0.0245773067	0.0057226901	-0.0952370876	-0.0167647823	-0.0249705561	-0.0778936814	-0.0432068218	0.0074767896	0.0144633514	0.027620231	-0.0009146063	0.0725630133	0.0378238752	-0.0083132385	-0.0519452125	-0.0799238391	0.0214417	-0.0022364999999999	5.001932249999995e-06	0.00045974649889	-0.0550956	0.0262486	0.00068898900196	0.00303552513936	0.43843	0.042939	0.001843757721	0.1922208648999999	0.000380793	1.582599999999998e-05	2.5046227599999936e-10	1.45003308849e-07	-0.00244708	-0.0001750699999999	5.9882005264e-06	3.0649504899999936e-08	0.00187536	4.698000000000007e-05	2.207120400000006e-09	3.5169751296e-06	0.0	0.0
5090.0939910535	12.34442374592618	25909056.837758947	152.3847976189861	10316.47233137552	9.592061865074356	106429601.36403666	92.00765082341374	4812.903694723344	1.6441958273926502	23164041.97468162	2.703379918815401	4852.974005915738	8911.397686160033	1.03856	29.341129	0.0768825999999999	0.047756	0.0108127936	0.0636674694	-0.0435890822	1.50123e-05	0.0208241329	0.0040471657	0.0758382093	-0.0194818297	0.0397222095	0.0502639865	-0.0876204222	-0.0193805314	-0.0387592513	-0.0090025095	-0.0121519272	0.0082381975	-0.0351325968	-0.0467079411	-0.0362620282	0.1769418685	0.0680815558	0.0516392958	-0.0063628123	-0.0323712731	-0.0180954936	0.00113509	-0.0493371998	-0.0892967538	-0.1295867728	-0.1187934603	-0.0481967797	0.0422405117	-0.1106948737	-0.0469381344	0.0175743306	-0.1195335772	-0.0614430328	-0.0079322507	-0.0769015447	0.110085351	-0.0416842276	0.0627910302	-0.1158513051	-0.0724785205	-0.0054982361	-0.0799821611	-0.09494549	0.0714434183	-0.1051931472	-0.0644969052	0.0276001188	0.0200821865	0.0175997186	0.0171432723	-0.003518119	0.1480301786	0.0014085925	0.0047466175	0.0648590447	0.044970789	-0.0564015947	-0.0188298576	-0.1255909436	0.0327391243	0.0147442832	-0.0332695122	0.0310737969	0.0142632283	-0.0851476557	-0.0529611086	0.0587518574	0.0252112008	-0.0051801936	0.094446243	-0.0337839865	-0.0207768496	-0.0375915482	-0.1641514004	-0.0127664988	-0.0063977263	0.0269518752	0.0590088852	-0.0141669536	-0.0246928674	-0.0069782675	0.1027514818	-0.0330609025	-0.1399038598	0.0277767028	-0.0685238413	-0.0764077802	0.0209526079	0.1003215809	0.0343883089	0.1106328052	-0.0296627589	0.0375275108	0.0097763365	-0.0245777486	-0.0533140214	0.055787093	-0.0798896905	-0.1162493188	0.0550199714	0.0567736527	-0.0617603023	0.0016743031	-0.0363355571	-0.0253589984	-0.0089855293	0.0167190152	0.1414517827	0.1079999321	-0.0582635308	-0.0559446854	-0.1579567619	-0.0503774853	-0.0005167861	-0.0047863563	0.1004720488	0.0437110787	0.0967458798	0.0973675672	-0.0684221169	0.0273667985	-0.0855910265	0.1247378137	0.0558179289	0.0458956859	-0.0619648324	-0.09911595	0.0191185696	-0.1335272775	-0.0242414381	0.0010303861	-0.029364278	-0.0180179397	-0.0105990227	-0.0935343399	0.0426894792	0.085166791	0.0096010218	0.0568092855	-0.0952025303	0.0427880223	-0.0041038463	0.119545831	0.0120515641	-0.0248537809	0.0689112546	-0.0590634406	-0.0151627719	-0.083580882	0.0343285737	-0.0550197487	-0.0182105289	0.0585093394	-0.0652624905	0.0660551276	-0.0890089246	-0.0446690241	-0.1090925037	-0.0826193366	0.022141143	0.0588294428	-0.0055340194	-0.0532734009	0.0007046983	0.0091816148	0.1062303888	0.0105598893	0.0744250103	0.103303671	0.0944763246	-0.0037454285	0.0274747859	-0.0100872835	-0.035145862	-0.1286838851	0.0595993861	0.0720411702	0.0360573853	-0.0112325332	-0.0550003849	-0.0815223465	0.0161459	-0.0052958	2.804549764e-05	0.00026069008681	-0.0913723	-0.0362767	0.00131599896289	0.00834889720729	0.407886	-0.0305439999999999	0.0009329359359999	0.166370988996	0.000446705	6.5912e-05	4.3443917440000014e-09	1.99545357025e-07	-0.00244708	0.0	5.9882005264e-06	0.0	0.00184595	-2.9409999999999896e-05	8.649480999999938e-10	3.4075314025000003e-06	0.0	0.0
5098.556496893572	8.462505840072481	25995278.35201565	71.61400509326084	10363.397537865718	46.925206490197525	107400008.52784124	2201.975004147676	4817.390735776101	4.487041052756467	23207253.501141403	20.133537409121868	4858.414444486649	8972.255392743786	1.067003	30.144707	0.0750161499999999	0.0454633	0.0253905126	0.0463667996	-0.0946399613	0.0048755288	0.0004980841	0.0687447976	0.0656680379	-0.0204473264	0.118702752	0.0298893521	0.0273363248	-0.0151327645	-0.0223025519	0.0514340908	-0.0963183198	-0.0310970788	-0.0017223565	0.0135024499	0.0996599137	-0.0280642265	0.0390993569	-0.0261611546	0.0005942921	-0.021479415	-0.0702764924	0.0457834246	-0.0530404472	0.0335504899	0.1417036434	-0.1062609048	-0.0919393671	0.0511903766	0.0470719463	0.069939049	-0.0973310386	-0.0141695067	-0.0029833224	-0.031600623	0.0021520957	-0.0438032014	0.0200004546	0.0960585736	-0.0644306868	0.027246219	0.0249362397	-0.0452867676	0.0497506029	-0.0693960132	-0.0717709579	-0.1149946842	-0.0395040788	0.1168954094	0.0716496014	-0.0176997436	0.0746573471	-0.0454891487	-0.0086197555	-0.0047303723	-0.0765246824	0.0064592602	-0.0395088012	-0.002720901	0.0570457223	0.0271009183	-0.0830848587	0.1262287012	-0.0014523824	-0.0073937427	-0.0373174988	-0.0397481139	0.0506889117	0.087976062	-0.043498095	-0.0522611256	-0.0442600995	-0.0179780464	-0.0436198471	-0.0578872835	0.0901698093	0.0486626612	0.0168480152	0.0959571924	-0.006814418	0.0177067478	0.1219325685	0.1479224317	-0.0243414793	0.0429729235	0.001390609	0.0282405762	-0.1132862124	-0.059958873	0.0272677804	-0.0480692626	0.0241388481	0.0155670739	0.0245720337	-0.0490943677	-0.0969088338	-0.0525669191	-0.0122909245	-0.0151019494	0.1031352538	0.0266336919	-0.035409049	-0.0129305826	0.0432530692	-0.041963771	-0.0820970286	0.0313905301	-0.0070084428	-0.0627879641	-0.1334018207	-0.0814262735	-0.0080743002	-0.0866858619	0.0619750563	-0.0873396008	0.0453251139	0.0109905634	-0.0734447286	0.0244651808	-0.0316840293	0.0749096312	-0.0310991512	-0.0779220871	0.0758487786	-0.0085820688	-0.0538334976	0.0705016085	-0.0132090094	-0.0408526212	-0.0753351122	-0.035568656	0.070102523	-0.1528137307	-0.0130762422	0.0447394723	0.0027058828	0.0224290698	-0.0730200046	-0.0163003632	-0.0546444337	0.0320090525	0.0510103111	0.0090793113	-0.0408918518	-0.0302031879	-0.0225571535	-0.1471607397	-0.0397296998	0.0142977345	-0.0695716771	0.0318593214	0.0043482912	-0.1077204405	0.0069714251	-0.0054676337	-0.0639825703	-0.0284312214	-0.0013090691	-0.0701796425	0.0425135763	0.0900770204	0.0603797829	0.0385105546	-0.0911739985	0.0607804443	-0.0848839095	0.1304616294	-0.0059401483	-0.0015775907	-0.0462975183	0.1046037131	-0.1128307716	-0.0189771663	0.0130282507	0.0467715994	-0.0457057493	-0.0028527349	0.0715098565	0.0342719357	-0.0141385394	-0.0579398906	-0.0828530009	0.0188825	0.0027365999999999	7.488979559999993e-06	0.00035654880625	-0.051226	0.0401463	0.00161172540369	0.002624103076	0.428677	0.0207909999999999	0.0004322656809999	0.1837639703289999	0.00022936	-0.0002173449999999	4.723884902499999e-08	5.26060096e-08	-0.00244708	0.0	5.9882005264e-06	0.0	0.00183645	-9.49999999999996e-06	9.024999999999924e-11	3.3725486025000004e-06	0.0	0.0
5094.455095461994	-4.101401431578779	25953472.71967867	16.82149370295646	10349.779947122315	-13.617590743402616	107117944.9538552	185.4387776548046	4817.32805955546	-0.0626762206411513	23206649.63338037	0.0039283086338582	4858.430303365403	8958.157345617648	1.07251	30.30028	0.0872111499999999	0.0523889	0.0411045831	0.0002377433	-0.0903191085	0.0129393207	0.026852148	0.0320368486	-8.7062e-05	0.0543349324	0.0038478336	0.089669385	-0.0364721969	0.0859055051	-0.0191958024	0.0302318249	0.0582810283	-0.0307806263	-0.0123272986	0.0143645439	9.80389e-05	-0.0351512656	0.0102343382	-0.0061851792	-0.0631668664	-0.0210759574	0.0326817144	-0.064080182	-0.0115203363	0.1239832359	-0.0296314356	-0.0046090224	0.0821102096	-0.0658263356	0.0751206876	0.0084031468	-0.0435773881	0.0402195748	0.0095763619	-0.0212643645	-0.129957234	0.0020038221	0.028328988	-0.0005134186	-0.0141922792	-0.0380375695	0.0427173572	0.0342886215	0.031607653	-0.1101086759	-0.1223498783	-0.1110816744	0.0563916585	-0.0148594705	0.0616916374	0.0362375339	0.1517066317	0.0197786539	0.0698744185	0.078819214	-0.0179520438	0.0530498648	0.0401836628	6.5425e-06	-0.0118468063	-0.0253251994	0.0255656259	-0.0363116429	0.1591906198	0.0198213696	0.1572732459	0.099809128	-0.0048832577	0.0690813808	-0.1315558627	0.0325894532	-0.0074779473	-0.0742680896	0.0287340812	0.0445795794	0.0652410045	-0.0743780654	0.0284878993	0.0879721237	-0.0042916644	-0.0208417798	-0.0321885233	0.012260494	0.0173910166	-0.0474744288	0.0038739199	0.0442249136	-0.032525395	0.114817841	0.0036687743	0.084984322	0.0620797551	-0.0179927392	0.025200959	-0.0345972035	0.0462974469	-0.0293447406	-0.016611878	0.015364037	0.0066419273	0.0006223742	0.0054801919	-0.0247353533	-0.0242221734	-0.0300120811	0.0051720957	0.0318499012	-0.0719192764	-0.1225529116	0.0580917066	-0.0066940402	-0.0706144741	0.0815483858	-0.0095758362	0.0128701999	0.0518372029	-0.0272351517	-0.034804364	-0.0203331005	0.0786665974	0.0058476395	-0.0243987471	0.0739011065	0.074176358	0.0847714395	-0.0971200695	0.102846707	0.0909431795	0.009129514	-0.1433088094	-0.044914346	-0.0120311597	-0.0546695766	-0.0182233017	-0.0366981078	0.0348446532	0.1364136159	-0.0584162113	0.0439709704	0.0181126732	-0.0082829467	-0.0596466977	0.0289817075	0.017239989	0.0714747526	-0.0249467061	0.0451175954	-0.1159692576	-0.0680095218	0.1690554972	-0.0536343964	0.080167107	-0.1188206629	-0.0728028321	-0.0859420491	0.0100595743	-0.0655033819	0.0522563546	0.0468688628	0.0742427496	-0.0657150055	0.0397556286	1.73257e-05	-0.0771363376	-0.0033222423	0.0371650506	0.0509169191	-0.0243072827	-0.0181611064	0.0653726956	-0.0026230231	-0.0427999893	0.0831120506	-0.0455826196	-0.1258179324	-0.0226013724	0.0170128572	0.0709691421	0.0324684651	-0.0170278193	-0.0607575478	-0.0839114303	0.0152483	-0.0036342	1.3207409640000004e-05	0.00023251065289	-0.0984403	-0.0472142999999999	0.0022291901244899	0.0096904926640899	0.446947	0.01827	0.0003337929	0.1997616208089999	0.000224757	-4.603000000000024e-06	2.1187609000000216e-11	5.051570904899999e-08	-0.00219104	0.0002560399999999	4.8006562816e-06	6.555648159999995e-08	0.00193766	0.0001012099999999	1.024346409999996e-08	3.7545262756e-06	0.0	0.0
5095.945783312954	1.4906878509600574	25968663.42646507	2.2221502689999144	10356.917321039777	7.137373917461446	107265736.39485374	50.94210643765894	4813.151424586848	-4.176634968611324	23166426.636002406	17.44427966102692	4855.224431247304	8966.609500604296	1.045974	29.550604	0.0540972499999999	0.0298236	0.0356172092	-0.0335628706	-0.0834470664	0.00389585	-0.0037116335	0.0455490525	-0.015048158	-0.0606992102	0.1135381929	0.0709869986	-0.0045404081	0.0228120084	-0.0142154656	0.0303754899	0.0238022056	-0.0386090643	0.0037288256	-0.0730321267	0.0999217006	0.0020465511	-0.056292111	0.0161749119	0.0763601111	-0.0145715654	-0.1133318611	-0.0273502253	0.0115781962	0.0945950029	0.0014092646	0.0233404911	-0.0894076035	0.0026856672	0.013191309	0.0485136953	0.0357778079	-0.1046119387	-0.0120445757	-0.0348237014	-0.037396628	0.0286158682	-0.0944682862	0.0076662054	-0.0149044317	0.046572863	0.0007841492	0.021547004	0.0850926172	0.080634399	0.0620230722	-0.0449829	0.0329899929	-0.0814185865	-0.0954363658	-0.0060801422	-0.0478531513	-0.049421924	0.0306222661	0.1036655072	0.0271662237	0.0463892291	0.1000921346	-0.0491002873	-0.0071182519	0.089712908	0.0925040744	0.1096248673	0.012507259	0.0235432293	-0.0661416042	-0.0020636203	-0.0185322644	0.1752494577	0.0687385363	-0.0410688185	-0.053044831	0.031899289	-0.0316849144	-0.0045442636	0.0070730058	-0.0528615312	0.0307705316	-0.0192917746	-0.040825002	-0.0486491592	-0.0126526501	0.0067166262	-0.0840501411	0.0092188361	0.0184886604	-0.0294375526	0.0062570926	-0.0484717642	0.0764799879	-0.0045864106	-0.0183154265	-0.0403359463	0.0136872698	-0.0353758654	0.0103717816	-0.0805046399	-0.0239046247	-0.1143947315	0.0689564942	0.00230026	-0.0937647955	0.0539008851	0.01530825	-0.0027131859	-0.0226119388	-0.0678483677	-0.0163150181	-0.0621833646	0.0319835921	-0.0329499037	0.0639931414	0.0077283583	-0.0002462363	-0.0820151245	-0.056067488	0.0657413826	-0.0143104527	0.073581755	0.0501563597	-0.013196029	0.0937564157	-0.023928786	0.0024474757	-0.03637321	-0.0069184527	-0.0056483786	0.0065684798	-0.0956805494	0.0070377759	0.1280840517	-0.0141405047	0.0952997435	0.0377366739	0.0136337618	0.0461029907	-0.0228672641	0.0092463267	0.0735781955	0.0311528224	0.0204247868	-0.1421818654	0.0316636456	0.0551379742	-0.0043026672	-0.133760834	-0.0715411293	-0.0186654525	-0.0055700106	-0.1177000869	-0.0020032921	0.134521048	-0.0537224803	0.100281438	-0.0070369685	-0.0690995982	0.0237959621	-0.0221190854	-0.0096192732	-0.0126281719	-0.0332418904	0.0144892454	-0.0768917543	0.0197198924	-0.0334259892	0.006748543	0.0432074673	0.0537795187	-0.0092031133	-0.0186061766	0.0158930601	0.0031854776	-0.0458992931	-0.0170449465	0.0441214596	-0.0364637072	0.0450389226	0.070419098	0.0306479218	-0.0198969545	-0.063447431	-0.0846941572	0.0223783	0.00713	5.0836900000000015e-05	0.00050078831089	-0.0768713	0.0215689999999999	0.0004652217609999	0.00590919676369	0.428838	-0.0181089999999999	0.0003279358809999	0.183902030244	0.000263542	3.878500000000003e-05	1.504276225000002e-09	6.945438576400003e-08	-0.0021032	8.784000000000005e-05	4.42345024e-06	7.715865600000011e-09	0.0019185	-1.915999999999984e-05	3.6710559999999367e-10	3.68064225e-06	0.0	0.0
5097.809117346453	1.8633340334990864	25987657.79690062	3.4720137203959736	10376.275668318369	19.35834727859219	107667096.7449358	374.7456093585777	4818.417033960611	5.265609373762345	23217142.71316177	27.726642077053874	4859.926360509626	8949.103047219902	1.035594	29.257332	0.1409246	0.0665901	0.0525281984	-0.0170063962	-0.0903367074	0.0106634181	0.0137126829	0.049963116	-0.0164654391	0.0506999303	0.0149431608	0.039981895	0.0298938459	0.1519554907	0.0035951646	0.0332884654	-0.0183338693	0.0124963403	-0.1058031616	0.0433439244	0.0215925133	0.0377466648	-0.0916957828	-0.0333043633	0.0390355169	-0.0265779681	-0.1428991689	0.0403180595	0.0215219064	0.0120353406	0.0602552695	0.025757949	-0.0022562653	-0.033748734	0.0379805759	-0.0467993158	0.011973545	-0.0062685002	0.0334108376	-0.0536449932	0.0179028217	0.0107409687	0.0711098738	-0.0185674127	0.0173576763	-0.0625881455	-0.1072111879	0.0722705404	0.0548092348	0.1306252733	0.0187166819	-0.0767429672	0.0713487141	-0.0517142881	-0.009298179	-0.0718958083	0.0372116849	0.0468727276	0.02880559	-0.008756775	-0.0130149117	0.1261317916	0.0481742248	-0.0454326274	0.0696756567	-0.0880927614	-0.0139828012	-0.0070802362	-0.0057318984	0.0520059751	-0.0611477096	-0.0593416039	-0.0359184569	0.0153993394	-0.1034432941	0.080424003	0.0994768599	0.0731610999	0.0071692264	0.0041147461	-0.0264519504	-0.0768388472	-0.0605494895	0.0628460227	-0.0098052657	0.0348242843	0.0382623956	0.0304449439	0.0226097399	0.0276825745	0.088036666	0.0233448141	-0.0334946054	-0.0074325669	-0.0223694535	-0.0140162026	0.0193878946	0.0597369894	0.0016153426	-0.0396615637	-0.0141860243	-0.0807759247	0.0849683978	0.0126116697	0.0106885767	0.0314569581	-0.0283905295	0.1329013339	-0.0068031751	-0.0424516723	-0.0659126322	-0.066816405	0.0365753601	-0.0033056151	-0.0581109486	0.0080297444	0.0293926978	0.0571798066	-0.0112355976	0.0377477988	-0.0262782658	0.0199351861	-0.0547517234	0.0179773132	-0.0434726456	-0.0373006753	-0.0710600425	0.0122823213	0.0034849906	0.0364659705	0.1140504248	-0.0221926829	0.0610636635	-0.0969180421	-0.0632194957	0.1212096001	-0.07815343	0.0316214196	-0.0058468371	0.0525584653	0.0239113049	0.0914399577	0.0404446744	0.0036418331	-0.0815328718	-0.0807182353	-0.0920990758	0.0790345089	-0.0440571859	0.0793137121	0.040490045	-0.0301111701	-0.0045046271	-0.0594713633	-0.0470340641	0.0523832544	-0.0435966067	-0.0221720449	-0.0815029372	-0.0872238594	0.0943027885	0.0722639366	-0.0210056655	-0.018835828	-0.0014498605	-0.0578987302	-0.0822700332	0.0306277251	-0.0349267189	0.0571971706	0.0079249946	0.0548227273	-0.020298958	-0.1052810811	0.0094945085	0.0392016276	-0.0187087667	0.0146108389	0.0146225102	0.032043492	0.0226732021	-0.0664531557	0.0698597967	0.0288112631	-0.022742551	-0.0660038832	-0.0851986098	0.014375	-0.0080033	6.405281088999999e-05	0.000206640625	-0.125014	-0.0481426999999999	0.0023177195632899	0.0156285001959999	0.473411	0.044573	0.001986752329	0.224117974921	0.000913064	0.000649522	4.21878828484e-07	8.33685868096e-07	-0.00220542	-0.00010222	4.8638773764000005e-06	1.0448928400000018e-08	0.00197087	5.2369999999999934e-05	2.742616899999993e-09	3.8843285569e-06	0.0	0.0
5103.727627839992	5.918510493539543	26048035.699177235	35.02876646213768	10369.64748099864	-6.628187319729477	107529588.88018145	43.93286714542264	4810.794456491603	-7.62257746900741	23143743.30261034	58.10368727101942	4851.874682341496	8945.129585180897	1.042768	29.460026	0.0834074	0.0583606	0.0299743389	-0.008986359	-0.0823725754	-0.0039620782	0.0138917755	0.0788451835	0.0036312803	-0.0707039331	0.0525733638	0.076146369	-0.0706587584	0.005070806	-0.0486227545	-0.0089592664	-0.0109329718	0.006033919	-0.0385523418	0.0517369477	0.1243305111	0.0221032927	-0.0553880267	-0.0592240772	-0.0452019284	-0.0915017363	-0.0470138482	-0.0957774941	0.0211745164	0.0374358558	0.0340442896	-0.0400216185	0.0063200058	-0.0603424459	0.0157559268	-0.0122685158	-0.0733152258	0.0277240812	0.027654308	0.0690041476	0.0527187688	-0.0194090259	-0.0341285443	-0.0417452981	-0.0317517051	0.1110320941	-0.0339124942	-0.0312606144	0.0237219431	-0.0832692431	-0.1324083906	0.0105127871	-0.0375215966	0.0014569026	-0.0302594795	-0.0713423751	0.041900232	0.0047414069	0.0355234221	0.0352597854	0.089404129	0.139532419	0.1101671872	0.1183649927	-0.0206737531	0.0749870244	-0.0619641651	-0.1536422033	-0.0684979236	0.0108184278	0.0066916022	0.0116190824	0.0183852	0.0395829072	-0.0591988992	0.0655649394	-0.0478270472	0.1066595732	0.0304351432	-0.0951829912	0.0165459206	0.0284887227	0.0737366703	-0.0330513394	0.092917103	0.144937596	0.0476371381	0.0764750459	-0.0544526639	0.0110562533	-0.0248613697	-0.0878229899	0.040725792	-0.0939508517	0.0306796578	0.0455222154	0.0472747096	-0.030609616	0.0441490981	0.0063008702	-0.0159769302	-0.0561085483	0.0387341904	-0.0202398077	0.1124747443	0.0646758927	0.0073423245	0.0709703809	-0.0221545333	-0.1138142534	0.0138995846	-0.0636024199	-0.0622922045	-0.0697566083	-0.0207355771	-0.0142875734	-0.0363951362	-0.0083058601	-0.0405440327	0.0152780233	0.07764748	0.0091589238	0.0064312425	-0.0910949976	-0.040347377	0.0359976922	0.0480568677	0.0359897976	0.0115840541	-0.1035915396	-0.0198976198	0.1115551759	-0.0084165817	-0.0146905822	-0.0584655198	-0.1212189096	0.0588391016	0.0386283744	0.0051064236	0.0618647709	0.0083867488	0.0710099168	-0.0008537684	0.0504600755	-0.0155312551	-0.1051839554	-0.1611278708	-0.1248865485	0.0014151774	-0.0785513356	0.0632594314	0.1302981283	0.0254519924	0.0068417059	-0.029495844	0.0144600921	-0.0013822667	-0.047804324	-0.0060837179	-0.0860952193	0.0377375913	0.0178934058	-0.1294737842	-0.0326680926	-0.0327908882	0.0473398737	0.1038754989	0.1125894777	0.0553829009	0.1044906564	-0.0170360788	0.0444381401	0.0719194288	0.0783900061	-0.043838783	0.0611766623	0.047420448	-0.125469438	-0.0294314376	-0.0376045227	-0.03122227	0.0352486357	0.0692913117	0.0269594548	-0.0255612422	-0.0684215283	-0.0854231306	0.0114766	-0.0028984	8.400722560000003e-06	0.00013171234756	-0.096231	0.0287829999999999	0.0008284610889999	0.009260405361	0.422683	-0.050728	0.002573329984	0.1786609184889999	0.000913674	6.099999999999552e-07	3.720999999999453e-13	8.348001782759999e-07	-0.00222395	-1.853000000000011e-05	4.945953602500001e-06	3.43360900000004e-10	0.00197169	8.199999999999007e-07	6.723999999998372e-13	3.8875614561e-06	0.0	0.0
5104.672139694482	0.9445118544899742	26057677.653773043	0.8921026432720902	10396.709660709046	27.06217971040678	108091571.7690808	732.3615706783525	4819.697958749208	8.903502257604487	23229488.41357128	79.27235245116819	4860.561488516507	8969.577399545837	1.106571	31.262548	0.07114331	0.0404198	0.0267083968	0.0179625587	-0.093684944	0.0540302096	-0.0092733449	0.0684697171	-0.0119125613	0.0633081382	0.0607904474	0.0084968617	0.0211149091	0.0034162469	-0.0537206994	0.0378303405	-0.0898155911	-0.0427848912	-0.0200288126	-0.0834504644	0.0591294146	0.0525196081	-0.0292100687	-0.0445330575	-0.0771928753	0.0103192659	0.0084346529	-0.0204247254	-0.0088278134	0.1435643698	0.0709787865	-0.06907338	0.0323310134	-0.0371683733	0.0212505797	-0.0725094702	0.0935577586	-0.0106865584	-0.0222405175	0.0838169081	0.0433060327	0.009499886	-0.0690581328	0.0598701604	-0.0751479031	0.0316453228	-0.021910531	-0.0874098596	0.0874505724	-0.0797683594	0.0636646325	0.0959715438	-0.0768145551	0.008904841	0.040116554	0.1627071094	-0.0294359209	-0.1075266516	0.0336108276	-0.0225750444	0.0512327233	-0.0569435492	-0.0734151242	0.0256609983	-0.0831904584	0.0396206194	-0.0316422517	0.0219634756	-0.0951066886	-0.0045185305	-0.088663755	0.0367993591	-0.0280793248	-0.1010443615	-0.1317766053	-0.0141639863	-0.0157483936	-0.0802601328	-0.1133309361	0.0339843982	0.0081865647	0.0158715811	0.0106528831	-0.0233823568	-0.0084251508	-0.0576455505	0.0348324769	-0.0125542681	0.0780776957	0.031550931	-0.035581149	0.0104814674	0.0085282681	0.0347590264	-0.0427463883	0.0502800583	0.0173330241	-0.0505925721	0.057506231	-0.0368037833	-0.0930163022	-0.0814182436	-0.0083189149	-0.0897776982	0.044514455	-0.0200567485	0.0713058904	0.0159459837	-0.0558005972	-0.0131750297	-0.0223334495	0.0252180362	-0.0281712203	-0.1585137242	-0.0351375537	-0.034930532	-0.0587707589	0.0110488898	-0.02961128	0.0782760114	-0.0640897797	0.0246656009	0.102552541	-0.0312278377	-0.0044987907	0.0068765411	0.0643427243	-0.0678166198	0.0558186067	-0.0309088222	0.0092629053	0.0975019058	-0.0680269189	-0.0265947065	0.1400452055	-0.0384520047	0.0552948377	-0.0192131617	-0.0145543849	-0.1315481387	0.0981096775	-0.0819181371	-0.0578206401	-0.0679238718	0.0905267486	0.0181087883	0.07203887	-0.0558106612	0.0626151812	-0.0286141044	0.0089691335	-0.0064861187	0.0707861187	0.0116601872	-0.0965595699	-0.0494286518	-0.075969528	0.044535669	-0.1196746988	-0.085707921	-0.0525644269	-0.0382772469	0.117280672	-0.0208751164	0.0136434985	0.0387458941	0.0013340199	-0.0169079775	0.0145357289	-0.0383189384	-0.0780761655	-0.0375676974	-0.071782262	-0.0030698052	-0.0129603812	-0.0075887489	-0.0078544518	0.0078455291	0.0075836127	-0.0852210427	-0.0034066421	0.0264886993	0.0687137175	0.0250934707	-0.0283496934	-0.0706952818	-0.085366982	0.00841559	-0.0030610099999999	9.369782220099996e-06	7.08221550481e-05	-0.0898049999999999	0.006426	4.129347600000126e-05	0.0080649380249999	0.451615	0.028932	0.000837060624	0.203956108225	0.00149667	0.000582996	3.3988433601600014e-07	2.2400210889e-06	-0.00217295	5.100000000000026e-05	4.7217117025e-06	2.601000000000027e-09	0.00199218	2.0490000000000175e-05	4.1984010000000724e-10	3.9687811524000006e-06	0.0	0.0
5106.103297441884	1.4311577474018122	26072290.88414688	2.048212497948229	10376.94549967614	-19.76416103290649	107680997.90324888	390.6220613346592	4816.536827019714	-3.161131729493718	23199027.00603713	9.992753811211944	4858.129089585213	8960.229050929536	1.05711	29.865211	0.10270861	0.0620788	0.0274335939	-0.0032766049	-0.0909411565	0.0600289899	0.018898976	0.0461773956	-0.0199861272	0.0684990327	-0.0156415446	0.0711521491	-0.1150423494	-0.0244367267	-0.0083507659	0.034265729	0.0444916031	-0.0018692594	-0.086387466	-0.0236204234	-0.0083382751	0.0246930885	0.0406204493	0.0796254073	0.0696867285	-0.0214822836	0.1106484151	-0.1443286099	0.0410142266	0.0349161801	0.0216996088	0.0695875721	0.0302163386	-0.030211363	-0.0568988112	-0.0209826926	0.0280579225	-0.0632858886	0.1133492221	0.0728146174	0.0624835338	-0.0199334888	-0.0739810152	-0.1177191639	-0.0160007917	-0.0479000795	-0.0273994316	-0.0424447122	-0.032875988	-0.0962394005	0.0213276289	-0.0945827282	0.0319310691	0.0820996389	-0.0561508316	-0.0844038452	0.0830211042	-0.0557966373	-0.0482627497	-0.057466901	-0.0012329346	-0.0886417817	0.0443076	0.0058899243	0.0319625098	-0.0611293777	-0.0148470114	-0.0345440537	-0.0124520078	0.0203683922	0.049327557	-0.0291767087	0.0612616668	-0.0149175151	-0.1091903123	0.0603786893	0.1066503329	-0.0464304831	-0.0562229889	-0.0088038182	-0.058763144	-0.0305787265	0.0608859169	0.0153873142	-0.0490880269	0.0584737289	-0.0092096038	0.0055882085	0.101431854	-0.0272755447	0.0717100169	-0.0056816011	0.1390475541	0.1440199092	0.0356793375	-0.020121712	0.1086774079	0.0706886256	0.010772583	-0.0414054486	0.0414871637	-0.0843083331	0.0775307804	-0.021688917	-0.0500660769	0.0036614969	-0.0149518119	-0.0685185214	0.0324388754	0.0293806841	0.1376648399	-0.0196306821	-0.0959468794	-0.0153346398	0.0268841058	0.1139216184	0.0393326548	0.0171999217	-0.0642500241	0.0139504481	-0.0545305593	0.1015628422	0.0090092518	-0.1215313715	-0.0384342577	0.0035532563	0.0887974297	0.1052870035	0.0031206045	0.0152380214	0.0248900698	0.0502537815	-0.0261925606	0.0733092319	-0.0305232281	0.0279606294	0.0298068251	-0.0802522896	0.094659294	0.1085322028	-0.0632102538	-0.0022134606	-0.1036482424	-0.0783854386	-0.0115788748	0.0625191915	-0.0383171371	0.009844027	-0.0490138941	0.0277277147	0.0647705945	0.0252483326	0.0318255802	-0.0232649717	0.0581721286	0.0318462182	-0.0610682737	-0.0734281657	-0.0342955972	-0.0721866068	0.0711080416	0.0020710193	0.0999246005	-0.027582615	-0.0417677262	-0.0531149564	0.0087303344	-0.0253736899	0.0039462321	0.1071907601	-0.0113535381	-0.0243358511	-0.0689497291	-0.0422098572	0.0379235268	-0.0788331753	0.1490554234	0.0961123253	-0.0068360605	-0.0461607942	-0.1025714206	-0.0949256044	0.0681270903	0.0232142917	-0.031104606	-0.072820362	-0.0850303483	0.0153692	0.0069536099999999	4.835269203209999e-05	0.0002362123086399	-0.142282	-0.052477	0.002753835529	0.0202441675239999	0.422795	-0.02882	0.0008305924	0.1787556120249999	0.00132223	-0.00017444	3.0429313600000034e-08	1.7482921729e-06	-0.00225354	-8.059000000000018e-05	5.078442531600001e-06	6.4947481000000285e-09	0.00195805	-3.413000000000027e-05	1.1648569000000183e-09	3.833959802499999e-06	0.0	0.0
5099.474888805106	-6.628408636777749	26004644.141553853	43.93580105610986	10371.213580160978	-5.73191951516128	107562071.1253155	32.85490132828673	4818.447161501654	1.910334481939572	23217433.048183344	3.6493778328873314	4858.483597701586	8986.249202577888	1.144316	32.328918	0.0927065999999999	0.0589138	0.0318189404	-0.0700495049	-0.0658122129	0.0205178917	-0.0055994882	0.0784191676	-0.0350830726	-0.0178994531	0.0950695756	0.0213716682	0.047850644	-0.0028640495	0.0423466338	0.0529729505	0.0016971845	-0.1225727083	0.0557875139	-0.1267536202	0.0163197448	0.0934284834	0.0586564548	0.0994956383	0.0133776894	-0.0178530114	0.0342684858	0.0138471748	0.0312982337	0.0122181811	0.0929243994	0.0940588145	-0.0817125301	0.085696096	-0.0784169955	-0.0528383613	-0.1100661794	-0.023092306	0.0544345396	0.0617409606	0.0507299668	-0.0234685684	-0.0081624187	-0.0681617867	0.0615927481	0.002196487	0.092914161	-0.0062908475	0.02729231	0.020526705	-0.0011144706	0.0210290229	-0.0153517328	0.0701687265	-0.0123829594	-0.0394331884	0.1896500624	0.0159050519	-0.0900338971	-0.0622238474	0.105473314	-0.0771705587	0.0507997589	0.0106821964	0.0021315093	0.0814580353	-0.0150585306	0.0109894328	-0.0007301575	0.02696826	-0.0497522853	-0.1210863747	-0.0761064958	-0.0179723706	-0.0018698094	0.0217501322	0.1363192612	-0.0085026419	0.0259990037	-0.0271166125	-0.0302115394	0.0354211873	0.0144801283	0.0130171543	-0.1268528512	0.0585539728	-0.0679411791	-0.0529877649	-0.0547150152	-0.0138631665	-0.0621416723	0.0551412933	-0.1596506509	-0.1388398969	-0.0811626287	-0.0566816554	-0.0457387679	0.0366586753	-0.0396900624	-0.0575240536	-0.013139764	-0.0837124376	-0.1156517764	-0.132725859	-0.0541274589	-0.0006697712	-0.000719017	-0.0912887846	-0.0080019811	-0.0042849374	0.0194457522	0.0176032677	0.0211485597	0.014886869	-0.0365237052	0.1037107916	0.1313699403	-0.0496249715	0.0168255662	-0.0197905619	0.0753346495	0.0998195339	-0.0124639063	-0.0852441496	-0.0376039018	0.0110023974	-0.0071221687	0.0306777576	-0.0871398547	-0.0067827317	-0.0448769437	-0.1004106347	-0.0301472611	-0.060313465	0.0434860217	-0.040263325	0.0111578851	-0.0599939591	0.0086027897	0.039609438	-0.1800643944	0.0398992505	-0.1619224552	-0.0970753616	0.0813431498	-0.0047130451	-0.0376672204	-0.0170721487	-0.0067224138	-0.0521933728	-0.0315372581	0.0008591197	-0.0023675973	-0.0154910178	-0.0710978938	0.09812326	-0.0107036259	0.0057857065	-0.0980296366	0.0940728884	0.1203671462	0.0148743908	-0.0011419731	-0.0478437306	-0.0148133471	0.0115181337	-0.0572919455	-0.10566228	-0.0034315928	0.0755853626	0.0798802791	-0.0543230698	0.0521776593	0.0414733816	0.0103403163	0.060297135	-0.1783520211	-0.0678036625	0.0709930194	0.0561345005	0.0665179588	-0.0250084385	0.0675315071	0.0213229062	-0.0338227206	-0.0747922999	-0.0844143358	0.0273129	0.0119437	0.00014265196969	0.00074599450641	-0.0851561	0.0571258999999999	0.0032633684508099	0.0072515613672099	0.434034	0.0112389999999999	0.0001263151209999	0.1883855131559999	0.00126564	-5.6590000000000026e-05	3.2024281000000024e-09	1.6018446095999998e-06	-0.00212197	0.00013157	4.5027566809e-06	1.7310664900000032e-08	0.00189825	-5.979999999999983e-05	3.5760399999999793e-09	3.6033530625e-06	0.0	0.0
5084.649272469382	-14.82561633572459	25853658.224023413	219.7988997341038	10335.49396413862	-35.71961602235751	106822435.48274589	1275.8909687846597	4810.535105348691	-7.9120561529625775	23141247.999792144	62.60063256763298	4849.889458363149	8948.672463225315	1.135968	32.09309	0.0879553999999999	0.0468888	0.0147755288	-0.0814359739	-0.0085284512	0.0178920387	0.0013789922	0.0079624415	-0.0785557937	-0.0054948184	-0.0116832838	0.0626295185	-0.0545627584	0.0600998322	0.0453580818	0.0439110083	0.1694148062	-0.0294038997	-0.1061494631	-0.0143060133	-0.0149880248	0.0226200072	0.073440197	0.0898667159	-0.1525178968	-0.0473461369	0.0017247071	0.0993857114	-0.0483172974	0.0396882875	0.009929671	0.0411077884	0.0984611946	-0.060552287	0.0091276358	0.0551635653	-0.0848773355	-0.0063820625	0.0389485895	-0.0766772612	-0.0028175165	-0.001639211	-0.0432330077	-0.0606707961	-0.088185393	-0.0620964021	0.0293754407	0.0219315269	0.057191647	0.0633008652	-0.0015552387	0.0744171686	-0.035826405	0.0685449178	0.0578297965	-0.0184486773	-0.0435456616	-0.0504593546	0.0797449319	0.1329876381	-0.0457853835	-0.0694833316	-0.0541652141	0.0062920252	0.0510505995	-0.0249479841	-0.0245271436	0.053974866	0.0882506466	0.0734526087	0.0452673778	0.0681727385	-0.0586286041	-0.0471116794	-0.0376096593	0.0120319522	-0.002151837	-0.0796124509	-0.0722890622	0.0113551414	-0.0146095209	-0.0042767166	-0.0191701353	-0.104723259	0.1207150202	-0.1015088929	-0.0581436606	0.0242105902	-0.0246179638	0.1177451141	0.0565634599	-0.0778539547	-0.0390737997	-0.0344019874	-0.0391346782	0.0352521564	-0.0013396873	-0.0671905145	-0.0381360511	-0.0457499391	0.1652629354	-0.0577074491	0.0361989927	0.0138668304	-0.0540251206	-0.0098147436	0.0270561268	-0.1262257944	-0.0994653016	-0.0915638365	-0.0859141706	0.1071775946	0.0383957538	0.0021059311	0.0066205594	0.0451270321	-0.0473020856	0.1032988329	-0.0407271996	-0.0627376658	0.0434307554	0.0058669639	-0.0907301309	-0.005514871	-0.0442953679	-0.016019136	0.0460202383	0.0562652137	0.0810782421	0.0553670104	0.0009498952	-0.0582238822	-0.011426284	-0.0969788882	0.0732260941	-0.0532720036	0.0034803358	-0.0393613248	-0.0068317425	0.0302205059	0.1184173259	0.0113708232	0.0255776126	0.0895246321	0.0498525088	0.1031128233	0.058497127	0.0147615221	-0.0519175132	0.0200903929	0.0139548183	-0.0555228846	-0.0739451082	-0.1002482889	0.0471933392	-0.0436475265	0.0265716471	0.0298314672	-0.0564393561	-0.0468555865	-0.0113148061	-0.0373898775	0.102636038	0.0121029778	-0.0516345896	-0.0050026605	0.0336594739	0.0741271702	0.1004500042	-0.1618498296	0.035040745	0.0135929709	-0.0203975764	-0.054374383	-0.0830163587	0.0883348363	0.0200007778	-0.0553476843	0.0382005463	-0.0356474992	0.0064151798	0.079400851	0.0669270461	0.0194203086	-0.0365008217	-0.0766069484	-0.0835209683	0.0280854	0.0007724999999999	5.967562499999983e-07	0.00078878969316	-0.122723	-0.0375669	0.00141127197561	0.0150609347289999	0.420483	-0.0135509999999999	0.0001836296009999	0.176805953289	0.00182923	0.00056359	3.1763368810000013e-07	3.3460823929e-06	-0.00200324	0.00011873	4.0129704976e-06	1.4096812900000012e-08	0.00185927	-3.8979999999999874e-05	1.5194403999999903e-09	3.4568849329000003e-06	0.0	0.0
5077.757445671914	-6.891826797467729	25783620.67707656	47.4972766062943	10321.82804693462	-13.665917204001744	106540134.23048614	186.75729302663083	4814.661588448837	4.126483100146288	23180966.21128468	17.02786277579292	4854.054024766949	8915.253320261621	1.070571	30.245508	0.0931548	0.0529361	0.0056066856	-0.0892015604	0.0271927493	0.0253343851	-0.0183804418	0.0075207122	-0.0823305467	-0.1037410413	0.1103364398	0.0073018196	0.026294114	0.0024084117	0.0559327385	0.0196310954	0.1106125213	0.0412492179	0.1117063647	0.0535841836	0.0122838115	0.0335435314	0.0585578867	-0.0478232038	-0.0667548338	-0.0210176108	0.0105683092	-0.0951723468	-0.0540311995	0.0731817506	0.0416720693	0.0021633918	0.0244434088	-0.0447977353	-0.0247644842	0.047668384	0.0256010219	0.0053630591	0.0264506198	-0.0776743044	0.0429446472	-0.0475965967	-0.0067885138	-0.0289874063	-0.0066245716	-0.0920750002	-0.0040428198	0.0895960749	-0.1257811825	-0.0108997354	0.0344612431	0.0861146336	0.0296007038	0.0292360808	-0.0671467375	0.0806371143	-0.0012990198	0.0107966443	-0.0491884947	-0.0995982514	0.0239013925	-0.0240990698	-0.0216237755	0.0422806585	-0.0114790618	0.0386495487	0.2204801505	0.0348458246	0.076985671	0.0034131833	-0.063558469	0.0365893946	0.1065327904	-0.0306086148	0.1073281906	0.0190457225	-0.0561428661	-0.1048162134	0.0142359663	-0.1087914623	-0.1107664911	-0.0144933657	0.036559509	0.0001299011	-0.138801615	0.1228214598	0.041517399	0.0502251564	0.0616463073	0.0512573751	-0.0030747263	-0.0720143151	0.0225452022	0.0617959525	-0.1674807543	-0.0323656562	-0.054406759	0.0690467003	-0.0529834116	-0.020431347	0.1107964654	0.1028329387	-0.0396555988	-0.019608815	-0.0041883738	0.0874084622	0.0655657894	-0.0345180793	0.016481113	-0.0541329511	-0.0035270734	-0.0027944004	-0.1140420679	-0.0741992788	-0.0176529181	-0.0161924562	-0.0204745249	0.0416007098	-0.0454343691	-0.033414854	-0.0621773456	-0.0169713783	-0.0598004264	0.0230284473	-0.0519032598	0.0093786575	0.0221379715	0.0338337502	-0.0089298288	0.043888924	0.0527963475	-0.1146461713	0.0644512836	0.1226954297	0.0650200738	-0.0444462008	-0.0256747515	0.0044288616	0.0665222411	-0.0698911425	-0.0588118204	-0.0278087086	-0.0185315287	-0.090333652	-0.0008948259	-0.0221370319	0.0184449015	-0.0444294987	-0.002909489	0.0514452312	-0.1786360656	0.0611115282	-0.0406314876	0.0010880446	0.0011102231	-0.0847805081	-0.0561627061	0.0563280019	0.159540321	0.0526193143	-0.0179548824	-0.1476493571	-0.0095324914	-0.0631301067	-0.0992646939	-0.0513378153	-0.0327336523	-0.0847413899	0.0378323173	0.1803491748	-0.0226656455	-0.0117873842	-0.0382963125	-0.0075725605	-0.0707403759	0.0317458631	0.0855807254	0.1007715381	0.1576820689	-0.0037587996	0.0827219715	-0.0003767148	0.066313787	0.0175074994	-0.039135741	-0.0782604913	-0.0823531812	0.0278758	-0.0002096	4.393216000000032e-08	0.00077706022564	-0.0745673	0.0481556999999999	0.0023189714424899	0.00556028222929	0.423087	0.0026039999999999	6.780815999999975e-06	0.179002609569	0.00128443	-0.0005448	2.968070400000001e-07	1.6497604249e-06	-0.00225098	-0.00024774	5.0669109604e-06	6.13751076000001e-08	0.00191044	5.116999999999991e-05	2.61836889999999e-09	3.6497809936e-06	0.0	0.0
5079.3112295314895	1.5537838595755602	25799402.56644469	2.414244282277524	10296.779483704557	-25.048563230062427	106023667.73603909	627.4305198904354	4809.292035507763	-5.369552941074289	23129289.882798404	28.83209878699955	4848.111130545699	8893.69636715602	1.099802	31.071325	0.1181316	0.0623873	0.0290480657	-0.0668877995	0.0473893714	0.0266855973	0.0253905701	-0.0532821936	-0.0946944898	0.0162343436	-0.0266577119	0.0038655806	-0.0166240938	0.0779697647	-0.0173808435	0.007225713	0.0657403324	0.0067915605	-0.0010819176	0.085855769	-0.0559726132	0.0392482541	0.0108693983	-0.0735560677	-0.0956541652	0.0615549145	-0.0747504617	-0.0120579684	0.0654739853	-0.0273411413	-0.01055028	0.0774292435	0.0115035467	0.0591850871	-0.0360799565	-0.0084759743	-0.0334397748	0.0451682284	-0.0555301507	-0.0595709702	-0.0796139253	-0.0343185542	0.0005506529	-0.0225182599	0.1042106034	0.0717248992	0.0440207456	-0.1508496572	-0.0382501528	-0.0440372719	0.0564713872	0.0242644636	0.000778936	0.1601996957	-0.0092525218	0.0594754582	-0.0344587811	-0.0884628533	-0.0782048747	-0.0713996856	-0.0858956503	-0.0033085608	-0.0343659639	-0.071209408	0.0090536991	0.1023660611	0.0440949307	0.0058753604	-0.0834992047	0.0352460376	0.1212774455	0.0236470605	-0.0045694647	0.1372897607	-0.1762693613	-0.0354638261	-0.0677868622	-0.0013571915	0.0148510574	0.05773123	0.0818379678	0.125132807	-0.0869228711	0.0429496498	-0.0095182447	0.0747033565	-0.0374080735	0.076758041	-0.0069093413	0.0047008711	0.0400789839	0.0010553035	0.0048905016	0.0238530484	-0.0090419808	-0.008346356	0.0764450637	-0.0043810889	0.021114663	-0.0010230599	0.0785559555	0.049066557	-0.0126002005	0.0824730189	-0.0378717257	0.0335562144	0.0945526479	0.0336036858	-0.029671755	-0.0124944479	-0.1081090162	-0.0749444046	0.0215305352	-0.0102424835	0.0113816682	0.0860935441	0.0279938452	-0.0047556407	0.0344818975	-0.0006626151	0.059247354	-0.0573538032	-0.0272652283	0.0652930067	0.0775418469	0.0074523005	-0.0105522507	0.0243761587	-0.1139776921	-0.0162967222	-0.0645149761	0.0302838617	-0.1439079574	0.0479767931	0.0526845189	-0.0305605706	0.0122266296	-0.1359898997	0.0969783991	-0.0524658287	0.0047479523	-0.0775629147	-0.0547920816	-0.0214687353	-0.1056451921	0.0280590017	0.0660648278	0.0516490175	-0.0008058329	-0.1045752616	-0.0798714118	0.0188379106	0.1130650582	-0.0147880035	0.0503122641	0.0112107416	0.0934499141	-0.1492403041	-0.0645697011	-0.0938831117	-0.0938237195	-0.0361005678	-0.0235364206	0.0143809004	0.1170619826	0.1524699882	-0.0625633657	0.0414648318	-0.0140171559	0.0742369767	0.0691729821	0.041497459	-0.0115867543	-0.0192769479	-0.0008387172	0.0120902111	0.0258855693	0.0156312536	0.0456169196	-0.0111123371	-0.0778127548	0.0325449618	0.0656918102	0.0155854843	-0.0417243613	-0.0797494512	-0.0809148113	0.0290982	0.0012224	1.4942617600000049e-06	0.00084670524324	-0.0799735	-0.0054062	2.922699844e-05	0.00639576070225	0.47713	0.054043	0.002920645849	0.2276530369	0.00187699	0.00059256	3.511273536e-07	3.5230914601e-06	-0.00174223	0.00050875	3.0353653729e-06	2.588265625000001e-07	0.00195833	4.788999999999987e-05	2.293452099999987e-09	3.835056388899999e-06	0.0	0.0
5084.257191504226	4.945961972736768	25849671.189362444	24.462539835758182	10318.374738068023	21.595254363466665	106468857.23520036	466.355011022826	4816.370389795727	7.078354287963521	23197423.73170104	50.10309942593156	4856.792986823146	8920.134708489757	1.023221	28.907776	0.111282	0.0538759	0.0285282563	-0.0689442824	0.0403187891	-0.0008368645	0.0230035224	-0.0112679468	-0.0709458241	-0.0571589108	0.0575438911	0.0151742587	0.0366359838	-0.0347156841	0.0349825148	0.0631572184	0.0688392694	-0.0222820349	-0.0212572939	0.0633967658	0.077454114	-0.0647617628	-0.0170209588	0.0332342119	0.0925896388	0.0034510943	0.0870984796	0.139795036	-0.021812771	-0.0029424649	0.081851081	-0.0323523463	0.0902824143	0.0339367512	-0.0766091247	0.0882762422	-0.0593721328	-0.0941816048	-0.0584713005	0.0871090339	0.0135722602	-0.0956706874	0.0015321286	-0.0019750788	0.0150447627	0.0437598108	-0.0111510833	0.0796546633	-0.0633096192	0.0776107028	-0.0185328998	0.044116852	-0.0314167696	-0.0478163601	-0.0204383789	0.0353427818	-0.0556563254	0.0646896082	0.0011795992	0.0629353994	0.0289625743	-0.0658894222	-0.0640966644	0.0954395535	0.0616366702	0.0051594206	0.059408656	-0.1463006484	-0.061518129	0.0409260855	-0.0309329678	-0.0585551305	-0.0701027288	0.0810017183	0.0022827959	-0.0652013494	-0.0579098796	-0.0243752159	-0.1563634869	0.044007522	-0.0756892088	0.0501920925	-0.0671854107	0.0808133868	-0.0042145525	0.0151325986	-0.0078240374	0.0054217076	0.0116590977	0.0563455863	-0.0365570317	0.0208769256	0.0579580221	0.054306661	0.0304027624	0.0104927239	0.0788918761	0.1962414249	-0.0267960275	-0.0649272261	0.0708581722	-0.0056633481	-0.0173428872	0.0504364278	0.0875176829	0.0320754138	-0.0828339781	0.0068762725	0.0283109281	0.0558686996	0.0347812763	0.1486130424	0.0834740164	0.0339006741	-0.0809056222	0.0888838457	-0.0743903794	-0.0244640471	-0.0423604804	-0.1137943243	0.0234600563	0.0625198289	0.053815186	0.0128169208	-0.0273866553	0.1200570816	0.005383286	-0.0018095558	-0.0503104134	-0.0565946879	0.0405701273	-0.1088925405	0.0284646018	0.0113827744	-0.0032152221	-0.0060838657	0.0247472901	0.0756936388	-0.022730836	-0.0543109607	0.0034580171	0.0025647979	0.0776677356	0.0582050401	0.0489972302	0.0202551446	0.0299173669	-0.069850125	-0.1127004643	0.0835275033	0.0192221922	0.141450305	0.063955171	-0.0181258208	-0.0984700952	0.0789776974	0.0888201152	0.0043996454	0.0099143553	-0.0333682368	-0.1114123263	0.0050019115	0.1068357625	-0.0051897057	-0.0769565732	0.0896774926	-0.0893149292	0.0177281446	-0.0722749323	0.01379669	0.0260170938	-0.0143813822	-0.0116158934	-0.0095200228	-0.0534102066	-0.0468244398	0.0193031537	0.0376983846	-0.035334923	-0.0599753202	-0.0326811365	-0.1193355212	0.0650611976	0.013655274	-0.0442636201	-0.0810706967	-0.0792105847	0.0347958	0.0056976	3.2462645760000007e-05	0.00121074769764	-0.0368971	0.0430764	0.00185557623696	0.00136139598841	0.494062	0.016932	0.000286692624	0.244097259844	0.0013089	-0.00056809	3.2272624810000005e-07	1.71321921e-06	-0.00174955	-7.320000000000113e-06	3.0609252025000005e-06	5.358240000000165e-11	0.00162222	-0.0003361099999999	1.1296993209999997e-07	2.6315977284e-06	0.0	0.0
5084.436040884447	0.1788493802205266	25851489.85384471	0.0319871008052665	10333.424982004097	15.050243936073455	106779671.85870636	226.50984253531587	4808.905312271021	-7.465077524705521	23125570.30238845	55.72738244986351	4849.435356188	8932.621683880157	1.049863	29.660458	0.1319849	0.0864743	0.0326496332	-0.0616672348	0.0493651003	0.0116622011	0.0228830926	-0.013278864	-0.0773635721	-0.0111709848	-0.0335509721	0.0052687684	0.0085954325	0.0798861887	-0.0490351449	0.0138779504	0.0672212035	0.0128138068	-0.037308409	0.0016879352	0.0146531391	0.0467894776	0.0114737722	-0.1188714123	-0.0657614106	-0.0744229771	0.0821662244	0.0570720005	-0.0650258548	-0.0094175794	-0.0108768189	-0.0382594832	0.0277379685	-0.0461499855	0.10643858	0.0140089833	-0.0742172971	0.0382564373	-0.0217445936	0.0323260309	-0.062034359	0.0593738593	0.0162102201	0.1099261622	-0.0633198155	0.159519151	0.0300250565	0.0140583185	-0.0416234508	0.010446458	-0.0439759892	0.0012002078	-0.005007864	-0.0909048664	0.0555943606	0.0619526819	-0.0163602185	0.055591198	0.0361224448	-0.0032133851	-0.0482417737	-0.034214591	0.1547019573	-0.1113946866	-0.0429692478	-0.0374265897	-0.094937295	0.0811955149	0.0108269008	0.0486675973	0.0122339294	0.0550404003	0.0211146854	-0.0742889422	0.0198564396	-0.059265186	0.0966553703	0.0082756958	0.0011896209	0.0608680885	-0.0297309898	-0.0421084104	0.0075632761	-0.0745831039	-0.0347777204	-0.0066819796	-0.0505287426	-0.1859665235	-0.0489711185	0.042008119	0.0203730731	0.1220068467	-0.0289275706	0.0034069733	0.0370331019	-0.0542249921	-0.0417257707	0.0892980138	0.0522919958	-0.0130409362	0.078924476	0.0023636139	0.0253268564	0.0013310977	0.0215624239	-0.0062018907	0.1110741487	0.0313844659	0.0005534132	-0.0840528047	0.0231202946	0.1090550558	0.0248299895	0.0020178689	-0.0165568427	-0.0991479506	-0.0839371878	0.0438036188	0.040549234	-0.0141778285	0.1034326646	-0.0250094032	0.0069211293	-0.024280965	0.0754317786	-0.0151680829	-0.0074055251	-0.083753638	0.0604428018	-0.1383470991	-0.06820651	0.0105266419	0.0177712137	0.0090325413	-0.0647583632	-0.0190510829	-0.0135205751	0.0326528072	-0.1011394419	-0.0830810365	0.0025920116	0.0266380289	0.0497480043	-0.010777657	-0.0084158038	0.0725990537	-0.0835100854	0.0860588124	0.1010463034	-0.0327088606	0.0893833619	-0.1024345166	0.0008106301	-0.0550478665	0.0411983423	-0.0902092235	-0.0307744105	-0.0004290166	-0.0340028772	0.0849526166	0.0114775931	0.0641159939	0.0461330579	0.0011797301	0.0058149563	-0.0770158023	-0.045334187	-0.1045295198	0.0548183091	-0.0505997789	0.0402628402	-0.1498651388	0.0781300512	-0.0820178763	-0.0086332674	-0.0871769369	-0.0919295975	0.0222653206	-0.0421404042	0.0975311454	0.0398630968	-0.0907037765	0.064422032	0.0117178835	-0.0467505134	-0.0822214493	-0.0772461008	0.0357453	0.0009494999999999	9.01550249999998e-07	0.00127772647209	-0.123859	-0.0869619	0.0075623720516099	0.015341051881	0.507026	0.0129639999999999	0.0001680652959999	0.2570753646759999	0.00159125	0.00028235	7.97215225e-08	2.5320765625e-06	-0.00182389	-7.434e-05	3.326574732100001e-06	5.526435599999999e-09	0.00188772	0.0002655	7.049025000000006e-08	3.5634867984000003e-06	0.0	0.0
5080.226929535031	-4.209111349416162	25808705.655572925	17.716618351783943	10321.750278192008	-11.67470381208841	106538528.8053568	136.29870909999164	4808.417924810876	-0.4873874601453281	23120882.93964253	0.2375465363069137	4848.588485507175	8933.54099873707	1.049381	29.646856	0.1050568	0.0543143	0.0237411448	-0.058548713	0.0548883582	-0.0134203649	0.0224332732	-0.013238715	-0.0549007415	-0.0854497415	0.0384568893	-0.0061847488	0.0188048088	-0.0541291752	-0.0396444875	-0.0457837314	-0.0111086122	-0.0488908583	-0.0480053109	0.0103748409	-0.0329485173	-0.0370103176	-0.007802284	-0.0272323069	0.0307306929	0.0274774873	0.0380074311	0.1278668265	0.1767636163	0.0737746442	0.0097279552	0.0175902896	-0.0177054394	-0.0902356139	0.0261639416	0.0291708035	-0.0199326775	0.0099632503	-0.0047909837	0.0970039306	-0.1274500974	0.0270135704	0.021868926	0.0040944836	0.0020712441	0.0238530954	0.056438565	-0.0728050609	0.0395513144	0.0342246177	-0.0470734227	0.134368569	0.0739983161	0.0382519103	0.1001884835	0.0188817471	-0.0730363864	0.0019133961	-0.1048994102	0.0618006521	-0.0067086643	-0.0376365177	-0.0657705715	0.0505597207	-0.0078319108	0.0539420535	-0.0950550596	0.0929907981	-0.0214021962	-0.0159396492	0.06537096	-0.0913459965	0.0074236958	0.0433110338	0.1138552579	0.0042369712	-0.0271279061	-0.0288037858	-0.0231852177	-0.0433685742	0.0226342043	-0.0664600279	0.1235855026	0.0499596451	0.0315301943	0.0766330779	-0.0868409601	-0.0671625708	0.0088536136	0.0074168907	-0.02918584	-0.0638211978	0.0379763212	0.0226639925	-0.0731710034	-0.079379403	-0.0183051517	-0.0844250014	0.0331818564	0.044380623	0.0113142237	-0.0444747282	-0.0008439403	0.0762269071	0.01317062	-0.0473793839	-0.0004388459	0.0110042898	0.0203965564	0.0546838246	0.0288191041	0.0115359694	0.1948193758	-0.1132802812	-0.0037643726	-0.0217417173	0.0517736002	0.0351229163	-0.0637764716	-0.0410722617	0.0480385457	0.0089645468	0.0615016266	-0.0641525226	0.1284853684	0.0119789659	-0.0351043226	0.0222747336	0.0248109793	0.0044560978	-0.0601098118	0.0020623015	-0.0745635041	-0.0657914474	0.0405932621	-0.1147868049	-0.1296952469	-0.0312920413	-0.0308805808	-0.0299696873	-0.0372277919	-0.0732876019	0.016642837	0.0863140119	0.0062167374	0.0096932006	0.0948206769	-0.0744386396	0.0037702849	-0.0787711542	0.0294278575	-0.1030463218	0.0194733686	-0.0026461678	-0.0054915611	0.0976453216	0.0653587057	0.0079824353	0.1071870627	-0.0033218686	-0.0101065262	-0.0094200811	0.0402277035	0.0005726588	-0.0182099617	-0.0950625567	0.1231509006	-0.0344145698	-0.0414148651	0.0488587118	0.1026558169	-0.0953225075	0.0304495151	0.0375464734	-0.0261345175	0.001717238	0.0476637656	0.0336369891	0.0752630341	0.051726619	0.0080984264	-0.004893105	0.0637743975	0.0097743314	-0.0491820991	-0.083199289	-0.0750278142	0.0342995	-0.0014458	2.090337640000012e-06	0.0011764557002499	-0.0736379999999999	0.0502210000000001	0.002522148841	0.0054225550439999	0.503489	-0.003537	1.2510369000000088e-05	0.2535011731209999	0.00105567	-0.0005355799999999	2.868459363999999e-07	1.1144391489000002e-06	-0.00203229	-0.0002083999999999	4.1302026441e-06	4.3430559999999946e-08	0.00163464	-0.00025308	6.404948640000007e-08	2.6720479296e-06	0.0	0.0
5080.820101320205	0.5931717851744907	25814732.90197946	0.3518527667270921	10347.12089043162	25.370612239612456	107062910.72120646	643.6679654127734	4803.554877799727	-4.86304701114841	23074139.464033555	23.649226232639485	4843.733520660975	8938.381603416412	1.083696	30.616293	0.1255223	0.0717664	0.0155100324	-0.0601843762	0.0434390023	0.0236450367	-0.0027533802	-0.0204809423	-0.0794361278	0.0383089246	-0.0206841344	-0.0177528125	0.0009760841	0.1011177027	-0.0554260019	-0.0294434002	0.0922091203	0.0256186411	0.0188253362	-0.0003181994	-0.124180676	-0.0167836486	-0.0334872292	0.0396469403	0.0010631072	-0.0393790749	-0.03165936	-0.0309130053	0.0059220922	0.0079165578	-0.0344995948	-0.0058607224	0.0074407484	-0.1112872355	0.0170589526	0.0195147234	0.048135672	0.17113749	0.023664596	0.0631511498	-0.1005167772	-0.0457429131	-0.0467291497	-0.0532031567	-0.0699489788	0.0966007376	0.0522981196	0.0397444874	0.0375980745	0.0088106372	-0.1020119507	0.0211189637	-0.070326899	0.0033885915	-0.0081485089	-0.0060597158	-0.0101246466	-0.0697613896	-0.0257359345	0.0620947385	0.0165395688	0.1380824885	-0.0274127006	0.0652387626	-0.0616768734	-0.0782580459	0.1054613752	0.0540957435	0.0261721825	-0.0550876918	-0.1285869075	-0.0593929919	0.0424868872	0.0322226069	-0.0373698054	-0.0632115071	0.0257192106	0.2124449729	0.0165024135	0.0062766106	0.03773046	0.1890630096	-0.0825120901	0.0011774855	-0.0538315239	0.0523169567	0.1034941162	0.0065300512	0.0557841152	0.0089298035	-0.0415714538	-0.0483127886	-0.0276741587	-0.0163590767	-0.0420275134	-0.0598058897	-0.0426935741	0.0649392035	0.0500749399	0.038753201	0.0876528316	0.0427260981	-0.0045543882	0.025966333	-0.1123903251	-0.0278195529	-0.0582598092	0.020113722	-0.0137165832	-0.0213861066	0.0191602881	-0.0405362904	-0.0114447388	-0.0216506624	0.0222545253	-0.0606436172	-0.0104721926	0.0559140367	-0.0655900618	0.0319630446	0.0013285321	-0.1602426364	0.0253124091	-0.0907143957	0.0979340387	0.0489060531	0.0245757283	0.0719462754	0.0215259667	-0.0736444767	-0.0553179936	-0.0282531327	0.0117829631	-0.088181273	-0.0240735239	-0.0928844706	0.0704640283	0.0338905932	-0.0082857034	0.033419427	0.0792682937	-0.0279677303	-0.0431068774	0.0677078385	-0.024327207	-0.1048053115	-0.0117937534	-0.0636069411	0.0653016737	0.1421928107	-0.0892313421	-0.0434859877	-0.0578684179	0.0704092764	-0.072466129	0.0290383403	-0.0772459935	-0.0174537496	0.0071420754	0.0210056148	-0.0479771691	0.158465221	-0.1528015642	-0.039996213	0.0516647439	0.1959139526	-0.0775165604	0.0235545649	0.0003781316	0.0959189645	-0.088688749	-0.0495036415	-0.0352015587	0.0023700522	-0.0155963132	0.041599984	0.0291520385	0.020905062	0.0416098972	0.0435807161	0.0498855287	-0.0714028549	0.0631183792	0.0078256397	-0.0515555006	-0.0840021592	-0.0725630133	0.0231057	-0.0111937999999999	0.0001253011584399	0.00053387337249	-0.144584	-0.070946	0.005033334916	0.0209045330559999	0.50284	-0.000649	4.212010000000139e-07	0.2528480655999999	0.00155451	0.00049884	2.488413456e-07	2.4165013401e-06	-0.00222589	-0.0001935999999999	4.9545862921e-06	3.7480959999999984e-08	0.00179687	0.00016223	2.6318572900000063e-08	3.228741796900001e-06	0.0	0.0
5081.140526337561	0.3204250173557739	25817989.048389945	0.102672191747448	10329.028135503557	-18.092754928064096	106688822.22402409	327.3477808869876	4799.37292016323	-4.181957636496918	23033980.42679613	17.48876967345489	4839.371341107032	8923.356603078553	1.068641	30.190966	0.1188205999999999	0.060043	0.0026903547	-0.0580214034	0.0623368533	-0.0136054305	0.0134398574	-0.021824374	-0.0546370975	-0.066103984	0.0041278957	-0.0027889642	-0.0444856798	-0.0371427441	-0.077865458	-0.0334612755	0.0247399268	-0.0047956309	-0.0019434444	-0.0901775365	-0.0433174266	0.0624350105	0.1228448036	-0.0394290525	-0.0030012484	-0.0518220304	0.0093793921	-0.0205583784	-0.0368844388	-0.0465942387	-0.0852610446	-0.0876949596	0.0396432015	-0.0527956981	0.0334746552	0.0028200949	0.0654630902	0.0496976094	-0.0078992811	0.1489481274	-0.100394386	0.0178647466	0.0568716585	-0.0296874426	0.0222432653	-0.0875717576	0.0191363545	0.0935309301	0.0120700769	-0.0201021691	0.0650830511	-0.0098315614	-0.0902416406	0.0145927698	0.0930675744	0.0083033041	-0.020161915	-0.0160915052	-0.0090763003	-0.0183024993	0.0421716011	-0.0760102418	0.0330318286	0.1195132952	0.0854677962	-0.0368454918	-0.0056730839	0.0911039292	0.0094712504	0.0236713958	-0.0475849207	-0.0043345548	-0.0554658673	0.0883670047	-0.0446905925	0.0902165428	-0.0254724404	-0.0117593753	-0.0069684096	0.1021954831	-0.0677855887	-0.0132754115	-0.0005929126	-0.0178826825	-0.0519613884	-0.0343304763	0.0350614137	-0.0315593304	-0.0306157286	-0.0583364769	-0.0795362285	0.0490724715	0.0109068681	-0.0856321237	0.0794482837	0.123147954	0.001514335	0.0131212739	0.0735057635	0.0430380248	0.0413547465	-0.008106819	0.0052204576	-0.0545350642	-0.057418315	-0.0511739392	0.0831204484	-0.0753817711	0.07831062	-0.0519940227	0.0114002881	-0.0107513541	0.0070885194	0.0559631231	0.0547441143	-0.1038876774	-0.0963409348	-0.0055450895	-0.0242681563	0.0212934714	-0.0208410985	-0.0221659987	0.1209311027	-0.0885221188	0.0955378605	0.0100796701	-0.0803747483	0.0722557161	0.0028361733	0.0739509222	0.0173704688	-0.0458951652	0.0880808648	0.0107151619	0.0678645863	0.0271090149	0.0490238237	-0.0655084767	-0.104062652	0.0101971526	0.0028031879	-0.0480745909	0.0002778315	-0.0488533138	0.0457900889	0.0502059059	-0.0331829178	-0.1058603225	-0.0980773095	0.0574978834	-0.0064544354	-0.1044105189	-0.0128898165	-0.022554983	-0.0599748774	-0.0001275494	0.0628936778	-0.0242419151	-0.0163799187	-0.0752045904	0.0326880966	-0.0244803425	0.00948048	0.0975782688	-0.008025663	-0.0014325054	-0.0905732646	-0.0538150087	0.0130023614	0.0025801478	-0.0632234229	-0.0175574798	0.0091288389	0.0707600809	0.0319611823	-0.0483048754	-0.0752459615	-0.0936033186	-0.0766051066	-0.0600275725	0.0166942042	0.0451948394	0.0624540634	0.0058728332	-0.05386791	-0.0846283716	-0.0698597967	0.0303998	0.0072941	5.320389481000002e-05	0.00092414784004	-0.108895	0.0356889999999999	0.0012737047209999	0.011858121025	0.454116	-0.0487239999999999	0.0023740281759999	0.206221341456	0.00124855	-0.00030596	9.361152160000005e-08	1.5588771025e-06	-0.00245041	-0.00022452	6.004509168100001e-06	5.040923040000009e-08	0.00178508	-1.179000000000002e-05	1.390041000000005e-10	3.1865106064000003e-06	0.0	0.0
5087.363850477967	6.223324140406476	25881270.94715001	38.729763356566	10343.99555469522	14.967419191663794	106998244.03555448	224.02363725898564	4806.535316380257	7.162396217026981	23102781.747610666	51.2999195696824	4846.571378968741	8924.027409812938	1.126339	31.821039	0.1166343	0.0736838999999999	0.0310434467	-0.0560719365	0.011892829	0.0121765114	0.0034864663	0.0117144995	-0.0513951768	0.0574398482	-0.0138403642	-0.0514800221	0.055075058	0.0844276322	-0.0816587057	-0.0110741692	0.0373268816	-0.0188664956	-0.0565978464	0.0327461638	0.0416217853	0.0404132139	-0.0299670739	-0.0082145898	0.0119975525	0.0588717949	-0.0579189409	-0.0153381998	0.0217034698	-0.0365271394	-0.0877791492	-0.0430812462	-0.0218382002	-0.0966658051	-0.0012033789	0.0257511229	0.0506894319	0.0288109681	0.0304070618	-0.1510448706	-0.0193779778	0.048165214	0.0426824288	0.0252574524	0.1171921552	0.0082594226	-0.1125209608	-0.0399550207	-0.110356897	0.0607279926	0.0728436485	-0.0331642394	-0.0804283612	0.0525594475	-0.0207713554	0.0710904561	0.1182629423	-0.0549777616	-0.0957270084	0.0835829684	0.044732546	-0.0574154687	-0.0409374208	-0.0857116582	0.1711183577	0.0487478687	0.0886773397	-0.1494603324	0.0465097806	-0.0999860691	-0.1177788354	-0.0052590875	-0.0633535529	-0.1099335244	-0.0245757687	-0.0544536637	-0.1120399873	-0.0339550273	0.0599019714	0.0474299558	0.036423187	-0.1100460565	0.0124383699	0.0423541709	-0.0273905044	-0.0107655454	0.1007374843	-0.0388050449	0.0208890632	0.077646804	0.0532076119	-0.023659051	0.0595554822	-0.0323468047	0.0298196981	0.0151318407	-0.0274757817	0.0906709141	0.0852041899	0.0166292216	0.0606217699	-0.044091289	0.0316630721	0.0265445043	0.0419714586	0.0277359569	0.0404955807	0.0285756949	-0.0281295304	0.0466282278	-0.0194030002	-0.0903980178	0.0337422231	0.0428318581	0.0596179663	-0.0866150865	-0.0051629105	0.0155642055	-0.066475686	0.0011274937	-0.0570577469	-0.0642292556	-0.1000061604	0.0735031759	-0.0038707	-0.088159987	-0.0540020695	-0.0262124307	-0.126891523	0.0123388111	0.0974561613	-0.0034769154	-0.0485178895	0.0590895103	-0.0146365821	0.0488760469	0.0598622612	-0.074387585	-0.0054780861	-0.0826533373	-0.0170947044	0.0382200099	-0.1618694026	0.0855288166	0.0266166346	0.0080161342	-0.0049985264	0.1205087731	-0.1727807358	0.0056096205	-0.0050464805	0.1607491374	-0.0716546637	0.0817152166	-0.0983425078	-0.0157774738	-0.0218318329	0.1594103263	-0.0295182388	-0.0304249791	-0.127788573	-0.056736835	-0.0132893815	0.0476574241	0.0876502251	-0.117898245	0.0020205584	-0.0210359071	-0.0351671938	0.0246424017	-0.0841772151	-0.0104101624	-0.0007846422	-0.1026865038	-0.0553472004	-0.0083836855	0.0661295765	-0.0410143456	-0.0233075563	0.0200793419	0.0381748781	-0.03365809	0.0617815374	0.0039169386	-0.0561165917	-0.0850766092	-0.0669270461	0.030186	-0.0002138	4.571044000000005e-08	0.000911194596	-0.109537	-0.0006419999999999	4.121639999999869e-07	0.0119983543689999	0.526298	0.072182	0.005210241124	0.276989584804	0.00158214	0.0003335899999999	1.1128228809999997e-07	2.5031669796e-06	-0.00211097	0.0003394399999999	4.4561943409000005e-06	1.1521951359999993e-07	0.00158618	-0.0001989	3.9561210000000046e-08	2.5159669924e-06	0.0	0.0
5093.619340158976	6.255489681008839	25944957.982441563	39.13115114920807	10343.076943404318	-0.9186112909028452	106979240.657182	0.8438467037741917	4811.830503746584	5.2951873663269	23153712.796786107	28.03900924450801	4851.781245864619	8905.223652194505	1.091816	30.845716	0.0954764	0.0491119	0.0248132752	-0.0584110603	0.0056665412	-0.0335743024	0.0135304006	0.0319043176	-0.0466183931	-0.0339432665	-0.0409916731	0.020318197	-0.0577476307	-0.0201708189	-0.0256924194	0.0021308897	0.0380550642	-0.0003444015	-0.0145800885	-0.0855895128	0.0088911914	-0.0319128092	0.081892067	0.0915624774	0.1696330558	0.0252643694	0.0313993125	0.0218067984	-0.0830320971	-0.0272190272	0.0121360153	-0.0765077134	-0.0014070053	-0.018683553	0.0704846873	-0.0002622063	0.0398455233	0.0707946573	0.077050406	-0.1461581761	-0.0372987163	0.0332593526	0.0316704667	0.0519609817	0.0194093248	0.1186191698	-0.0844203248	-0.0473956693	0.026643979	0.0671399867	0.1286402776	0.032616695	-0.0401936167	-0.032154339	0.0614381982	-0.1425755081	-0.0148738188	-0.1001839617	-0.0599173978	0.041054545	0.0764141493	0.0543075663	-0.1283886532	0.0508546669	-0.0279009716	0.0101572715	-0.0048708305	0.0210259194	-0.0614883962	0.0569450371	0.0225692885	0.1203907153	0.015908609	-0.0059772469	-0.025898395	0.0292331247	0.0102598993	-0.0506839072	-0.0098894525	-0.0113158443	0.1011403484	0.0219550373	0.1460091142	-0.0616936145	-0.097385029	-0.0509648313	0.063575102	-0.0722606769	-0.0955640584	-0.0643443567	0.0495607484	0.0055875811	0.0913916385	0.0905708481	0.0901376648	-0.0867322617	0.0060620366	-0.0577227552	0.0268883894	-0.0040967069	0.0591395065	-0.0369095494	0.0230523209	-0.0604145165	-0.0014870133	-0.045923994	-0.0853579108	-0.0940584464	0.1139331593	0.1047734768	0.063002152	0.0372189351	0.0011256702	0.0545446149	-0.0302034366	-0.1071974356	-0.0559514644	0.0178224844	0.0310145282	0.0104834785	-0.055584974	-0.0766283566	-0.1353940993	0.039632454	0.0187643867	-0.0867013107	-0.0590977152	-0.0529405921	-0.0742018767	-0.0996966806	0.0616134044	0.0216652406	-0.0585568978	-0.0613884363	0.0849417773	0.0681402567	-0.0046380591	0.0043993399	-0.0738724959	0.1399971909	0.0768547501	-0.0467907962	-0.0941070974	0.077740694	0.0436136197	-0.1073748211	0.0889910703	-0.0523302952	0.0016492841	-0.006967799	-0.0089522504	-0.0111179784	0.0927005642	-0.0756495247	0.0122508609	-0.1016250048	0.0136874076	-0.0199615533	-0.023631367	-0.0382547134	0.0371775982	-0.0208267435	0.0423453536	0.0098464421	0.0497284074	0.0140446183	0.1558997382	-0.1530260054	0.0282990401	-0.0156727489	-0.1018471316	0.0068009878	0.1142187414	-0.0381864908	0.0555292296	-0.0748863791	0.0727245755	0.0670149165	-0.0447806147	0.0632014205	-0.0998205764	0.014227594	0.0611008895	0.0019589843	-0.0582988854	-0.0853459294	-0.0637743975	0.0283456	-0.0018404	3.387072160000009e-06	0.0008034730393599	-0.125786	-0.016249	0.000264030001	0.015822117796	0.483248	-0.04305	0.0018533025	0.233528629504	0.00131067	-0.0002714699999999	7.369596089999989e-08	1.7178558489000005e-06	-0.00225565	-0.0001446799999999	5.087956922500001e-06	2.0932302399999972e-08	0.00185677	0.00027059	7.321894810000002e-08	3.4475948329e-06	0.0	0.0
5093.406022535961	-0.2133176230154276	25942784.910405595	0.0455044082889521	10371.88051704896	28.8035736446418	107575905.4599398	829.6458547023038	4815.399606064094	3.5691023175095324	23188073.36608223	12.738491352851916	4854.846446727719	8955.32729030564	1.069682	30.220369	0.1449666	0.0791221	0.0336870552	-0.0601370826	-0.0004391393	-0.0086511824	0.0005988799	0.0641111033	-0.0441439549	0.054769646	0.002502876	-0.0359352519	0.0845951205	0.024500373	0.001132316	0.03872533	0.0477013116	0.0037620201	-0.1036957312	-0.0883932228	-0.0328378093	-0.0571977469	0.0416735951	0.013725055	-0.0680145769	0.0341999723	-0.0720420248	0.0494115487	0.0339658858	0.0062835766	-0.1071234235	0.0065741629	-0.048699258	-0.0316277021	0.1251477892	-0.0698012437	-0.0824282967	0.0084276011	0.02152444	0.0388820774	-0.0499978115	-0.0737851036	-0.000155149	-0.0564594121	-0.0114827583	0.0175988483	-0.059823222	-0.0341439657	-0.052457167	0.0713680576	-0.0789703221	-0.0025135943	-0.0971263068	-0.027774847	-0.050969404	0.0020646613	-0.074315054	0.0377174992	0.0709184811	-0.0176172502	0.1030612456	0.0499006353	-0.0334307681	0.057935719	-0.0139644559	-0.0246924811	0.0436932519	-0.0181390028	-0.1085078409	0.0379937173	-0.0320946596	0.0340060174	0.0138888059	-0.0584026933	0.094077661	-0.1251089828	0.0446322942	-0.0251974294	-0.0137155198	-0.0060938235	-0.0164257776	-0.0285869546	-0.041524279	-0.0054578601	0.0066867706	-0.036073551	-0.0905724037	0.0658134665	-0.0179624959	-0.0234389532	-0.0439336502	0.0097181237	0.0085019456	0.0776160526	-0.0574113953	-0.0463538511	-0.0563789655	-0.0491229805	0.0042187615	-0.0381614616	0.0726477143	-0.0264418451	0.0469813059	0.0169177289	0.000725959	-0.1401487911	0.0083324804	-0.0535281537	-0.0322759362	-0.0052565836	-0.088255958	-0.0430273701	0.0718281133	-0.0057798163	0.0859169641	-0.0777012083	0.0278859672	0.0492710053	0.0589162105	0.0732593159	0.0795388228	0.0288165409	-0.0373467504	-0.0370857398	0.0229370875	0.0918142834	-0.0152993824	0.0489148445	-0.0067368153	-0.0199506104	0.0766205221	-0.0437901035	-0.0635984544	-0.0398461353	-0.0802685448	-0.0387069688	0.0944540647	0.0646475293	-0.0154286559	-0.0062459526	0.0486063572	0.0049704427	0.0904934943	0.00578486	0.0587498275	-0.0859817075	-0.0219735304	-0.0683080333	-0.0087165426	0.0058855996	-0.0057153656	0.0277172381	0.1213666729	-0.0088577027	-0.0208779773	-0.0507945257	-0.0536772263	0.0549715927	0.0334011748	0.121046141	-0.0541863825	0.0469697779	0.0484257445	-0.0529360508	-0.0008303169	-0.030583273	-0.0378068332	-0.0022895109	0.0068838277	-0.0508127965	0.075304685	0.0385253128	-0.0238095324	0.0719646377	-0.0299892161	-0.0410621601	0.0056322257	0.0874781369	0.0946930206	0.0314425796	-0.0130344322	0.0780249929	0.0604122093	0.0	-0.0604122093	-0.0854357658	-0.0604122093	0.0332405	0.0048949	2.3960046010000007e-05	0.0011049308402499	-0.0683678	0.0574182	0.00329684969124	0.00467415607684	0.53354	0.050292	0.002529285264	0.2846649316	0.0015734	0.0002627299999999	6.902705289999993e-08	2.47558756e-06	-0.00196195	0.0002937	3.8492478025e-06	8.625969000000003e-08	0.00176597	-9.080000000000004e-05	8.244640000000006e-09	3.1186500409e-06	0.0	0.0
5091.088207749297	-2.317814786663803	25919179.139083948	5.37226538527737	10332.660452421374	-39.22006462758509	106763872.02503268	1538.213469391951	4827.195768136337	11.796162072243533	23301818.98391337	139.14943963463685	4866.548594858895	8939.4438076295	1.064717	30.080118	0.0937816	0.0569188	0.0158778312	-0.0747629294	0.0130146596	-0.0332588408	0.0125046041	0.020259118	-0.0459983769	-0.0476696452	-0.0511561379	0.0485393706	-0.0381987357	-0.0224558607	0.1163657282	0.0578744636	0.0307900656	0.0361285358	0.0246742321	-0.0972445687	-0.085602994	-0.0622217789	-0.0206104758	-0.0140749103	0.1429628447	0.0450516985	0.0639547632	-0.0096222898	0.0524925143	0.0008499706	-0.0470227744	0.0020224307	-0.0286579972	0.0052671515	0.0428998464	-0.0136199319	-0.0531369864	-0.0158458562	0.048050068	-0.0712642932	-0.0638996983	-0.0424041135	0.0434741107	0.0506344667	0.0196932835	-0.0768645694	-0.0777120141	-0.0308069876	-0.0289676026	-0.0419452218	-0.0129684917	-0.0094523873	0.0159685723	-0.0256416001	0.0701669588	0.1383741516	-0.0434295617	-0.0197069209	0.0372945294	-0.0391647556	-0.0344613109	-0.0588437596	0.0494894291	-0.1012483828	0.0726009394	0.0322601854	0.0653295446	-0.0059311993	0.0079484617	-0.055710603	-0.0274428301	-0.0473819445	-0.0596738711	-0.0311166282	0.053148731	0.057251034	0.0806860915	0.141852889	0.0167104397	0.0362368776	0.0404094031	0.0267665714	-0.0039048421	0.0228711069	-0.0276766588	0.1735244946	-0.1448506926	0.0313873451	0.0867380286	0.04377915	-0.0052544734	-0.0069010366	0.1327892438	-0.0524152311	0.0350173318	0.0839227216	-0.015227324	0.0002980387	-0.1066834888	-0.0625953511	0.0430940773	0.0539162561	-0.0019561417	-0.0274705525	-0.0631688475	-0.1102280753	-0.0341960048	0.0213600145	0.0779628222	0.1202931109	0.1043604615	-0.0105898762	0.031901159	-0.008619537	0.0309673336	-0.0164849227	0.0139543019	0.0015017608	0.0302401687	0.0160039932	0.0092539972	0.0163302163	-0.1232796136	0.0231856806	0.0445702207	0.0483295489	-0.0535650753	-0.0318010924	0.020288315	0.0746559344	0.0609470815	0.0592009166	-0.0040829958	0.058395138	-0.0303517003	-0.0147363539	-0.0443471195	-0.0404358103	-0.0379355433	-0.1345477229	0.043674487	-0.0536366841	0.0335643521	-0.0619773722	-0.0014033152	0.0833338693	-0.0466270838	0.1079885102	-0.0467741149	-0.016704818	-0.0575261286	0.0129302499	-0.0075278388	0.0578751655	-0.0231697526	0.0436485157	0.0076787645	0.0843219686	-1.54972e-05	0.0140162211	0.0720386377	0.140545649	-0.039963483	0.0421714461	0.0288260653	0.0369455767	-0.0100613074	0.0120520211	0.0232263276	0.1598451072	0.1773255926	0.0099603544	-0.0513898544	-0.014314914	-0.0228364691	-0.0744550681	0.0898868284	-0.0854002836	-0.0638452032	-0.0519364757	0.0471589343	-0.0749183981	0.0597155874	-0.0019589843	-0.0624540634	-0.0853459294	-0.0568515285	0.0286286	-0.0046118999999999	2.1269621609999987e-05	0.00081959673796	-0.100372	-0.0320042	0.0010242688176399	0.010074538384	0.48692	-0.0466199999999999	0.0021734243999999	0.2370910864	0.00144561	-0.00012779	1.6330284100000004e-08	2.0897882721e-06	-0.00201426	-5.230999999999986e-05	4.0572433476e-06	2.736336099999985e-09	0.00179678	3.081000000000004e-05	9.492561000000024e-10	3.2284183684e-06	0.0	0.0
5087.798020103002	-3.2901876462947257	25885688.69336403	10.825334747830428	10373.787326205656	41.126873784282	107615463.4893451	1691.4197472682615	4823.161269426044	-4.034498710293519	23262884.63089145	16.27717984336007	4863.06407588638	8955.947785296046	1.135735	32.086487	0.0840683	0.0512636	0.0070949604	-0.0566820666	0.0385024665	0.0007323698	-0.0201387065	0.0487789884	-0.0472658248	-0.0037157586	0.0808046032	-0.0836298479	0.1354572041	0.0181720999	0.097351128	0.0691716756	0.014505793	0.0163319117	-0.0200428561	0.0174747266	0.0618351845	-0.027805025	-0.0215753576	-0.0016912048	0.0083633267	0.0413637243	0.049927132	0.0694082186	-0.0277374668	0.0087733687	0.0525536429	-0.0398450595	0.1058100399	0.0438252716	-0.0114180911	-0.127325198	-0.0093001224	-0.0256434252	0.0119297274	0.0182788423	-0.0149350231	-0.0739150599	0.0125771799	-0.0461304472	0.0222037779	-0.0050791033	0.0694773076	-0.0718503848	0.0708868421	0.0501774474	-0.0693898542	-0.016721618	-0.0356138714	0.0266243927	-0.0864106903	0.0616304788	-0.0311884609	-0.0174692917	-0.0381981968	0.0313233187	0.0587050331	-0.0727741713	-0.0026640634	-0.0219828424	0.0907195173	0.0047117665	0.0688230646	-0.0832908561	0.0999981028	-0.0015656493	0.0158772241	0.0065304313	0.0229935077	-0.0346382298	-0.0574977142	-0.0801530795	0.0637995158	0.0712294725	0.1003004187	-0.0224113895	-0.1203062584	-0.0245235236	-0.0948616711	-0.1333619043	0.0544015507	-0.0441925786	0.0018266504	0.0476015587	-0.0640899806	-0.0115495568	-0.0884523925	-0.0171576229	-0.0679994739	-0.0043120057	0.0477174804	-0.0951174765	-0.0044203652	-0.1548420673	-0.0861031973	-0.0790652165	0.018871455	0.0217825517	0.0075445493	0.0138561383	0.0748762872	-0.0014280583	-0.0064709339	0.0144387499	-0.0200566846	0.0456366403	-0.0166653718	0.0840528644	0.0316770821	0.0056035272	-0.052225992	0.0653184975	-0.0882343015	-0.0094919166	0.0104325238	0.1115274579	0.0045494445	0.0597285885	0.0020611566	-0.0138264727	-0.002326119	0.0401627117	-0.0213139049	0.0337652295	-0.0456270279	0.0221482053	-0.0449327862	-0.0529408068	-0.0864565075	-0.1047386354	-0.0198469381	-0.0243013617	0.0638346339	0.0148017463	0.0927951305	-0.0580804228	-0.0296155652	-0.0937973081	-0.029226415	0.0022055404	0.0759911241	0.025262745	-0.0282275868	0.0555634657	-0.0995037212	0.0419663766	-0.0378925718	0.1076344738	-0.0927720255	-0.0215736731	0.0526854941	-0.0133497077	-0.0526192883	-0.0479342836	-0.0772543375	0.06033921	-0.0027710529	0.0621423509	-0.0894794329	-0.0242301898	-0.0548952281	-0.05418846	-0.103214249	0.0437040471	0.1030735949	-0.1124623982	-0.0069882081	0.0151170617	0.0288815794	0.1015000615	-0.0590751215	0.0279544645	-0.0350666901	0.0363747183	-0.0273233286	0.0985041096	-0.0499915815	0.012756168	0.0590111152	-0.0039169386	-0.064422032	-0.0850766092	-0.0531040541	0.025419	-0.0032096	1.030153216e-05	0.000646125561	-0.0695678	0.0308042	0.00094889873764	0.00483967879684	0.526614	0.039694	0.001575613636	0.277322304996	0.00140334	-4.226999999999985e-05	1.7867528999999871e-09	1.9693631556000005e-06	-0.00201462	-3.600000000000305e-07	4.058693744399999e-06	1.296000000000219e-13	0.00196136	0.00016458	2.708657640000004e-08	3.8469330496e-06	0.0	0.0
5084.144363425275	-3.653656677727668	25848523.90814899	13.349207118703978	10351.777072707151	-22.01025349850533	107159288.56302544	484.4512590684664	4819.536366741921	-3.624902684123299	23227930.79034791	13.139919469364298	4859.367206185794	8933.120488901175	1.149574	32.477474	0.0868034999999999	0.0441743	0.0083666696	-0.0386181214	0.079066046	-0.0273130374	0.0295408594	-0.0220310378	-0.0548104334	-0.0081976429	-0.1040826742	-0.0210364368	-0.0398962822	0.0011662012	0.0336621248	0.024455416	-0.0399795308	0.1246081349	-0.0145942115	-0.0224054587	-0.0891980095	-0.0632995354	-0.0174613963	-0.0976986675	0.0158124608	-0.0725918324	-0.1040180502	-0.0462990984	0.0325840386	-0.1285961254	-0.0301729622	0.0009053279	-0.0077295322	0.0153296639	-0.0397449254	-0.0943033994	0.0189330178	-0.1017041833	-0.0558757676	-0.0173426845	0.0027134161	-0.0373625219	-0.0321933034	0.0591351215	0.0356451942	-0.0621463352	0.0606627849	0.0060361611	0.0419402906	-0.0008886302	-0.0109300576	-0.0658345578	0.0023208429	-0.1606171226	-0.0651618569	-0.0205586692	0.062805413	0.0470533912	0.0080234231	0.0023608756	-0.0429655915	0.0010128594	0.0395744716	0.0164930676	-0.0539670453	0.1496003822	0.1119678103	0.0690747697	-0.0320794298	0.0592132045	0.0485526322	-0.014920977	-0.0066444811	-0.0580160994	0.0242788039	-0.0643629297	0.1011649571	-0.0150494585	-0.0267774296	0.0541555222	-0.0156358846	-0.029199385	-0.004941495	0.0231754381	0.0864886133	-0.0845750245	0.0004782577	0.0695220587	0.0137387976	-0.0015108315	0.0587817364	0.0234025229	-0.015163274	0.0186248353	0.0941890704	-0.0916176973	-0.0334240353	-0.0197839515	-0.0285840852	-0.0243691622	-0.0164010201	0.1021855199	0.0791917045	0.0370827794	-0.0497047202	-0.1024313101	-0.0126919026	0.0806838105	0.0539736548	-0.0921587891	-0.015248431	-0.1194723041	-0.0074049006	0.0897145209	-0.0262550019	0.0105822113	-0.0085012687	-0.0334666795	-0.0068404108	0.0845597878	-0.0061886841	0.0782231809	0.0154209822	0.0926945733	0.0214982849	0.0522294991	0.0402436902	-0.0591659284	0.0002026281	0.0737016158	-0.0641702167	0.0176157504	0.0318385114	0.0097247363	-0.0502987277	0.0879732128	-0.0109531831	0.1391902087	-0.0336554204	-0.0161712699	-0.0831622812	0.0219518369	-0.0165832237	0.0051568256	-0.0197330695	0.0581334152	-0.0479995072	-0.0132261593	0.0457151565	-0.0554461164	-0.1959269135	0.0161117785	0.0735654846	-0.0491571448	0.0213143294	0.0101862058	-0.0339575795	-0.0117508177	-0.0520341658	0.0853945802	0.0101980503	0.0681286065	0.0953368368	0.0244374791	-0.0277057678	-0.0442391511	0.0165640617	0.0652782831	-0.0450818692	-0.0914781511	-0.0011497293	0.0712075361	-0.04876154	-0.0143779018	0.0187154836	0.0295228354	-0.0096156466	0.0172137191	-0.084731151	0.1117697895	-0.0274591523	-0.0512088579	0.0582988854	-0.0058728332	-0.066313787	-0.0846283716	-0.0491820991	0.0218192	-0.0035998	1.295856004e-05	0.00047607748864	-0.105786	-0.0362182	0.00131175801124	0.011190677796	0.51653	-0.0100839999999999	0.0001016870559999	0.2668032409	0.00188505	0.00048171	2.320445241e-07	3.5534135025000004e-06	-0.00197	4.461999999999999e-05	3.8809e-06	1.990944399999999e-09	0.00174966	-0.0002117	4.481689e-08	3.0613101156e-06	0.0	0.0
5083.321701809728	-0.822661615546167	25840159.524089757	0.6767721336930295	10315.23063718848	-36.54643551867048	106403983.09839186	1335.6419491203392	4817.660083533844	-1.8762832080765293	23209848.680475324	3.5204386769099525	4857.206986220299	8906.364405605233	1.094616	30.924822	0.1244248999999999	0.0620654	0.0253144883	-0.0444511696	0.044352914	-0.0361779849	0.0138630461	-0.0016788435	-0.0543884378	-0.0420217353	0.0191868469	-0.0539437669	0.1061556515	-0.0444851483	-0.0056611743	0.0182608981	0.0119325541	0.0735902709	-0.0093971824	-0.0338252087	0.0497216249	-0.0194306629	0.0043217176	-0.0447058961	-0.1216164606	0.0998446089	-0.0729472802	0.0243000601	0.094211826	-0.1452049282	0.0449905428	-0.0616366723	0.1908170149	-0.0009641997	-0.1540528249	-0.0883720942	0.0546940704	0.0393897259	0.031468089	-0.0361617705	-0.0416791835	0.1563733372	0.1031015809	0.1204877548	0.0697056	0.018985527	0.0322384844	0.0292932033	-0.0303307473	0.0227272948	-0.0170598879	-0.0475139141	0.1084876893	-0.0603479989	-0.0176377186	0.0438018547	-0.0571626851	-0.0599711418	-0.0633658155	-0.0524739635	-0.0605658795	-7.65616e-05	-0.1240660197	0.0036548131	0.0135393229	0.0274349606	0.0549865839	-0.04711535	0.0672017534	-0.0032308648	0.0402641183	-0.038479651	0.0291099113	-0.0272889911	0.005889272	0.0380783652	0.0243880753	0.0174110343	-0.0055360271	0.0514085739	-0.0233803799	0.0654039361	0.0675619552	0.0408978622	-0.1168673265	-0.0262997055	-0.0283400965	0.0182401743	-0.0647326327	-0.0683480416	0.0163760376	-0.061160219	0.0468011242	-0.0439670939	-0.00793187	0.0338911345	-0.1504646174	-0.0777948435	0.0139076199	-0.015012352	0.020881539	0.085982793	0.0343345164	0.0005051612	0.0648990821	-0.0550485256	0.0776973431	-0.0302890831	-0.0868410013	0.0205934916	-0.0965059468	-0.0986475496	0.0767289323	0.0669722628	-0.09596789	0.1278988288	-0.150085708	-0.0587967589	-0.1087102811	0.080724605	-0.0142070025	-0.0297765546	0.0084300983	-0.0016407405	0.0698794506	-0.1903716355	-0.1086288419	-0.1134162526	-0.0352724292	0.0098002295	-0.0561887613	-0.0033560698	0.0500796335	0.0517806878	-0.0790612218	0.0611586687	-0.0861003246	0.0481740936	0.041718021	-0.046175594	0.0227407516	-0.0910451133	-0.0191371465	-0.0263237586	-0.0569713831	-0.0174759254	0.12239431	0.0070189703	-0.0315147985	0.0146770737	-0.0713019404	0.0684448307	-0.0431100084	-0.0274191068	0.0389505389	0.0545873225	-0.0096301472	0.0053361521	0.00844712	-0.0122405006	0.0469175472	0.0186586075	0.0163618193	0.0574850525	-0.0288440884	0.0436251704	0.0168218294	-0.1360699072	-0.0717365591	0.0232981093	-0.0133787921	0.0334679519	0.0509784779	0.0538558313	0.0376983686	-0.0299793963	0.0921666955	-0.0483456961	0.006284971	0.0444019845	0.1018153807	0.1339735475	0.0575789916	-0.0078256397	-0.0681270903	-0.0840021592	-0.0450985495	0.0296373	0.0078180999999999	6.112268760999997e-05	0.0008783695512899	-0.0541702	0.0516158	0.00266419080964	0.00293441056804	0.543426	0.0268959999999999	0.0007233948159999	0.2953118174759999	0.00139911	-0.00048594	2.3613768360000006e-07	1.9575087921000003e-06	-0.0019476	2.239999999999989e-05	3.79314576e-06	5.017599999999953e-10	0.0014961	-0.00025356	6.429267360000006e-08	2.23831521e-06	0.0	0.0
5100.710205038633	17.388503228904483	26017244.595785253	302.3600445416216	10366.595584521669	51.36494733318796	107466304.01302417	2638.3578145411725	4811.716753554737	-5.943329979107148	23152618.11643933	35.32317124055377	4851.801450262704	8922.40768100523	1.0545	29.791456	0.1202195999999999	0.0910718	0.0227701316	-0.0523003803	0.010609093	-0.03177154	0.0027462105	0.0306334401	-0.0819793829	0.0417233847	-0.0742204546	0.0070476635	-0.0297748921	0.0139244356	-0.0166469415	-0.0330609466	0.0149145351	0.0798787079	-0.0634288775	0.0131520936	-0.0350371172	0.0676578441	-0.0274184576	0.0588072263	-0.0427652045	-0.0513078311	0.143305249	0.0327483888	0.0629192056	-0.1598107098	0.1071030469	0.0177918805	0.0405760694	-0.0369090164	0.0757021229	-0.1168475565	-0.023036801	0.0520609455	0.022348058	-0.0864161132	-0.0042400535	-0.0103908333	-0.0062560342	0.0639777181	-0.0098689953	0.0700834332	-0.0356328973	-0.059174672	-0.0358183141	-0.0234100879	-0.0189122311	0.0051313521	-0.0039023533	-0.074740224	-0.0873243943	-0.0052411774	0.0822575562	0.0075046255	0.0650481139	-0.0022241803	0.0242687605	0.0318917269	-0.068107139	0.0067018451	0.0256144521	-0.0372162233	-0.1351479795	0.0544262112	-0.0264332626	-0.0219699715	0.0902382017	-0.0858371073	-0.0637331039	0.0725643301	0.0912919252	0.0290497192	-0.0451099109	-0.0127799022	0.069292785	0.0671205249	-0.012606906	0.0022811185	0.0240614554	-0.0624875874	0.0007934696	-0.0792806647	-0.0673520191	0.0483986492	0.0838126348	0.0673177917	-0.0289872491	-0.0794897227	-0.0394369754	0.0145630553	-0.1018356108	-0.0161987291	-0.0775012824	0.0404802166	0.0153884684	0.0334545165	0.0313404446	0.009674081	0.1148418331	0.012963655	-0.0632253273	0.0284873783	0.0489172299	-0.0391722843	-0.0729474664	-0.0158593189	0.148271101	0.023783837	0.0811559308	0.0615878568	-0.1547070236	0.0288763889	-0.0134600606	0.04324941	0.0508496181	0.1382523386	0.0627591736	-0.0298620884	-0.0663196582	0.0235716418	-0.002573323	-0.0149866998	-0.0076481946	-0.0533262957	-0.0141803251	-0.039343317	-0.0135101685	0.0785551855	-0.0388026213	0.0353973752	-0.0446851213	-0.0011775606	0.0334353215	0.1092336571	0.0199454206	0.0042216556	0.0236978004	0.1067934431	-0.0401276408	0.0024161381	0.0331257352	-0.0583289738	0.0604991457	-0.0197011273	-0.0165522824	-0.0507985309	0.0888413108	-0.1011236398	0.0116322238	0.0293177495	0.0330029905	0.1112894374	0.0982035861	-0.0131729883	0.0372377586	0.0484201459	0.0135727224	-0.0149150156	-0.0324640818	0.1039490976	0.0101006225	-0.0310203868	-0.0055894051	-0.0338224104	0.0560456225	-0.059493481	0.0401766137	-0.0105610048	-0.1233396476	0.047436351	-0.0710476891	0.0668187214	0.0326331937	0.0068806302	0.0560577163	-0.0144813702	0.101193646	-0.0276807775	0.0568515285	-0.0097743314	-0.0698597967	-0.083199289	-0.0408668224	0.027923	-0.0017142999999999	2.9388244899999947e-06	0.000779693929	-0.144351	-0.0901808	0.00813257668864	0.020837211201	0.529502	-0.0139239999999999	0.0001938777759999	0.280372368004	0.00143705	3.793999999999998e-05	1.4394435999999982e-09	2.0651127025e-06	-0.00209851	-0.0001509099999999	4.4037442201000005e-06	2.2773828099999992e-08	0.00159526	9.916000000000005e-05	9.832705600000011e-09	2.5448544676e-06	0.0	0.0
5100.799515590163	0.0893105515297065	26018155.69824484	0.0079763746145403	10368.626175635784	2.030591114114941	107508408.77007954	4.123300272722557	4816.551487834432	4.8347342796951125	23199168.23496008	23.374655555259015	4857.136151437029	8969.869454452775	1.026213	28.992294	0.0816408	0.0611534	0.0077809743	-0.066986535	0.0122988214	-0.0321223554	-0.0052808318	0.0838292473	-0.0573397989	-0.031774557	0.0106196676	-0.009757571	0.0607295656	-0.0622698246	-0.0005883522	0.0197903081	-0.0017300985	0.018368554	-2.80578e-05	0.0917701721	0.1015679901	-0.0392375596	-0.0088570995	-0.0184432852	0.1262686741	0.084880193	0.0593304535	0.0440792051	-0.0863723304	0.0048574028	-0.0434388968	0.0441387667	0.1238059766	-0.0197975521	0.058453042	0.0097459146	0.0488432203	0.0062430067	-0.1486192236	0.0363912306	-0.0374939653	-0.0316447641	-0.0272621911	-0.0825016726	-0.0033548843	0.0456180052	-0.1030201196	-0.0552793799	0.0742652515	0.0790635875	0.0099448164	-0.0646693779	-0.0428668071	-0.0273586622	-0.0658394276	-0.1090954697	-0.0362877225	0.0787555069	0.0545444103	-0.14015788	-0.0301268575	-0.0321299154	0.0316902944	0.0855631425	0.0203258413	0.0084470941	-0.0216308251	-0.0020065815	0.0371556464	0.0631352375	-0.043453762	-0.0477550452	0.0113500989	0.0077082221	0.1051702564	-0.0986451321	-0.0074004196	-0.0535993591	-0.0625642571	0.001995697	0.0606578036	-0.0603220681	0.025051259	-0.0068407729	0.0140841401	0.1690874975	0.0247679958	-0.0261839173	0.0731168342	0.0068391944	-0.002767515	-0.0962667302	-0.0554504225	0.0592403848	0.0032974528	0.0011734035	-0.0141237873	0.073521721	0.0008223971	-0.01639306	0.0018425081	0.0132140655	0.0129257381	0.038962432	0.1229222271	0.0753332337	-0.0464116929	0.037003472	0.0786170145	0.1293669994	0.0135121586	0.0913675743	-0.0034382198	0.0465564325	0.0310156067	0.0281746647	-0.0963933704	0.1212946362	0.027048506	0.013944589	0.0139290016	-0.040537879	0.1055298324	0.0948620963	0.0309919421	0.0422730592	0.0254529088	0.0923468922	-0.0123697454	-0.0511834435	0.0933600321	0.0573989066	-0.0558403971	-0.0924402451	-0.0291285921	0.0967879401	0.0502523316	0.0602366466	-0.0128281128	0.095655995	-0.0494331952	0.0399342057	0.1085590969	-0.1161157593	-0.064507025	0.0311976285	-0.0122560517	-0.0937390511	-0.0368489966	-0.0274570698	0.0114173988	0.0025423944	-0.0192300231	-0.0576843042	-0.0411717521	0.0243489673	0.0118317494	0.0439137124	0.0978457137	0.089322327	-0.0866668048	0.0023021798	0.0831078044	-0.0523713954	0.0602010324	-0.0480478845	0.0176263568	0.0456130453	0.0368199012	0.1348941516	0.0215696464	-0.0494492817	0.0168231132	0.0275350645	0.0036059308	0.0981812226	0.0534158326	0.0563958115	-0.052932649	-0.0084772891	0.0547408684	-0.0879161068	0.0561165917	-0.0117178835	-0.0715098565	-0.0822214493	-0.0365008217	0.0323234	0.0044004	1.936352016000002e-05	0.00104480218756	-0.0830331	0.0613179	0.00375988486041	0.00689449569561	0.523745	-0.005757	3.314304900000014e-05	0.274308825025	0.00131865	-0.0001184	1.4018560000000012e-08	1.7388378225e-06	-0.00209706	1.4500000000000624e-06	4.3976606436e-06	2.102500000000181e-12	0.00167872	8.346000000000004e-05	6.9655716000000075e-09	2.8181008384000003e-06	0.0	0.0
5096.373717890155	-4.425797700007934	25973025.07240152	19.587685281395515	10378.178626733268	9.552451097484663	107706591.60838322	91.24932196983596	4811.161946614583	-5.389541219848979	23147279.276552223	29.047154560451222	4851.104440724985	8957.56340279623	1.086797	30.703918	0.18954	0.0956478	-0.0209041725	-0.0676953991	0.0385665043	0.0399157202	-0.0318137137	0.0232219879	-0.0934119088	0.0436418238	-0.0403799482	-0.024338654	-0.0244756314	-0.0190940088	0.0028676604	-0.0254184475	0.1147798035	0.0506287498	-0.1543811635	0.0107024293	0.0146556665	-0.018921033	-0.0333206949	-0.037004851	0.037402759	0.0719773472	0.0316689622	-0.0883648357	-0.0104376012	-0.0266640485	-0.014652878	0.0059843042	-0.0877312213	0.1134073751	-0.1069456269	-0.0224071632	0.0445850686	-0.0090225012	-0.0853384161	-0.0755916139	0.0485118324	0.0129737025	0.0511962869	-0.1910535759	-0.1112696107	-0.0491446341	-0.0377459356	0.0108623704	0.0615621785	0.0239759878	-0.016831066	0.0957418938	-0.060767523	0.0565905543	0.1097023566	-0.1894879453	-0.0801398255	-0.0226074285	0.0753616354	-0.0199262332	-0.0252299365	-0.0333788645	-0.0825118565	-0.0466830336	0.0149123477	-0.149159737	-0.087898377	-0.0661945707	-0.0450716872	-0.0929833147	0.0606137513	0.0570334276	-0.083403467	-0.0529072696	-0.0731526971	0.0616128761	0.0066735221	-0.0027604715	-0.0399824174	-0.0148995721	-0.0583860943	0.0206423509	0.0338518892	0.0803359746	0.015219929	-0.0208696701	-0.0057788485	-0.0459148882	0.1047643705	0.0147742411	0.0119930293	0.0615366877	0.1308334554	-0.0175952644	-0.0432069999	-0.0052218669	-0.0725319767	-0.0096100663	-0.0041030638	0.0217962295	0.1113697629	-0.0377648458	0.1189368885	0.0219349317	0.0299609207	-0.0408114833	0.0226526697	0.0680274359	-0.0008293767	0.0662770337	-0.0063974118	0.0044542556	-0.1094249341	0.0511503984	0.0413964646	0.107704162	0.0789560002	-0.1458265573	0.0034950516	0.0150310691	-0.0275731488	0.0017721419	0.021322536	0.1197986372	-0.0685745134	-0.0425107826	-0.0253554961	0.1691563379	0.0908881226	-0.0176689036	0.077513383	-0.0294062847	-0.0149605996	-0.0833400895	0.0881376582	-0.0915598559	-0.0051430688	-0.0250196264	-0.0677689073	0.1961959087	0.091597175	-0.0127162808	0.0790158703	-0.00890447	0.0070196359	0.0183575122	0.105208352	0.0581927275	-0.0293988711	0.019844305	0.1505486056	0.0024120146	0.0291121997	0.0796719252	0.1001296551	-0.0258642142	0.0043671654	0.0648693097	-0.0890212886	-0.0915497572	0.0406064122	0.0028470596	0.0294806638	-0.0011269028	-0.0443553956	0.0135048558	0.0056063376	0.0091871347	-0.0661687318	0.0375797645	-0.0178859714	-0.0746127324	-0.1086930142	-0.0170861475	0.0103580855	-0.1141062498	0.0360305617	-0.0426251933	0.0312176155	0.0280413238	0.055687078	0.0354084742	0.0553742778	-0.013655274	-0.0730753174	-0.0810706967	-0.0320148926	0.0228938	-0.0094296	8.891735616000007e-05	0.0005241260784399	-0.143993	-0.0609599	0.00371610940801	0.020733984049	0.501464	-0.0222809999999999	0.0004964429609999	0.251466143296	0.00279416	0.00147551	2.1771297601e-06	7.8073301056e-06	-0.0023928	-0.00029574	5.7254918400000005e-06	8.746214760000003e-08	0.00151258	-0.00016614	2.760249960000005e-08	2.2878982564e-06	0.0	0.0
5085.96886182458	-10.404856065574675	25867079.26344921	108.26102974532614	10357.655666233524	-20.52296049974393	107281030.90025944	421.1919076740497	4812.034628825798	0.8726822112148511	23155677.269018635	0.761574241770842	4850.9163819891	8965.38981893216	1.073165	30.318777	0.158481	0.094451	-0.0542811933	-0.076331235	0.0616739847	0.1329405605	-0.0442054445	-0.0274344437	-0.12855485	0.0201299484	0.0208838388	-0.0259922512	-0.0777628732	-0.0932028706	0.0193018978	-0.0559469276	0.1183144066	-0.091365629	0.0718291344	0.0068299819	-0.0288131023	-0.0541902634	0.0368260344	-0.0448641266	0.033864452	0.0495671785	0.0542538835	0.1209395879	0.120421026	0.0845195823	0.034463336	0.0978280615	-0.1157296773	-0.1789044107	-0.1438394596	0.0104496436	-0.0685047363	-0.0949472439	0.0298311739	-0.0138419451	-0.0996877334	-0.0671213359	0.009370104	0.0900031952	-0.0250888152	-0.1025379618	-0.0891182144	-0.0959476257	0.0481312952	-0.0261080146	0.0538218953	0.0062286843	0.0966631393	0.1128836553	-0.025451935	-0.0078474316	-0.013560712	-0.0914744481	0.0608792728	-0.0191471516	-0.013882621	0.0336252648	0.1464970632	0.0005322231	-0.087951758	0.0592752879	0.0116098713	0.0860154249	-0.037857318	-0.0226194565	0.0244759669	-0.0411410363	0.1587142948	-0.1354646721	0.1679053491	0.036281007	-0.0282204038	-0.0680352071	-0.0445020681	0.0710387354	-0.0549401898	0.0419267874	-0.0574027269	0.0600856245	-0.0397227485	-0.0133097559	-0.0017130289	-0.0643764112	-0.0252136891	-0.0087951849	0.1242719955	0.0381229163	0.0296326952	0.1121182417	0.0909165135	-0.0375728084	-0.0064027259	0.1348473787	-0.0192117437	0.0557884464	0.1114555193	0.0057915761	-0.1261477492	0.0212366684	0.000529375	-0.0114645586	0.0336783484	-0.0125593964	0.0469031784	0.0665630436	0.0048207015	0.0691452033	0.1022825049	-0.0874490335	-0.0245232763	0.0181147516	0.1931623991	0.0346295326	-0.2259212383	-0.0491481467	0.0339473081	0.082322318	-0.0725756723	0.0250992841	0.0973840077	0.0964556751	-0.0273418524	-0.0690643524	0.0559528588	0.1065757209	0.0618711584	0.1030089187	-0.0563307968	0.0041517275	0.04082447	0.0237557525	-0.0762847055	-0.0753683343	0.1294104246	0.0272093543	0.0727657882	0.0090766544	-0.0166510678	-0.0232194969	-0.0394653925	0.0494483128	-0.121229616	-0.0391162135	0.1111490342	-0.104106559	-0.0462782726	-0.0575542664	0.0434263215	0.0287642022	0.0418300145	0.0033189505	-0.1465632547	0.0670522093	0.157654797	0.0808042814	0.0055605889	-0.054181406	0.0832931414	0.0922127292	-0.0778259102	0.0204764622	-0.0468784066	-0.0388335869	-0.0733674968	-0.0262398414	0.015414574	-0.0105570901	0.0460433966	-0.1424041936	0.0728484989	-0.0451026925	0.0525614685	0.085679255	-0.0821620153	0.0377028338	-0.0358618212	-0.0004575598	0.0546246844	-0.0155854843	-0.0745543275	-0.0797494512	-0.0274237741	0.0098064	-0.0130873999999999	0.0001712800387599	9.616548096e-05	-0.0894654	0.0545276	0.00297325916176	0.00800405779716	0.425628	-0.075836	0.005751098896	0.181159194384	0.00280132	7.159999999999979e-06	5.12655999999997e-11	7.8473937424e-06	-0.00258886	-0.00019606	6.7021960996e-06	3.8439523600000026e-08	0.00160996	9.738e-05	9.482864399999998e-09	2.5919712016e-06	0.0	0.0
5082.978830348584	-2.9900314759961475	25836673.78977186	8.9402882274477	10369.7148008188	12.059134585275388	107530985.05032048	145.422726945785	4801.934091778309	-10.100537047488617	23058571.02178277	102.02084864769004	4841.28565816269	8932.248806566196	1.019481	28.802122	0.1280124	0.0781227	-0.0689705887	-0.0584008383	0.0715063983	0.1565718686	-0.0770408421	-0.0522604698	-0.1257377453	0.0508423102	0.0328259301	-0.0375142594	-0.1079183107	-0.0356500487	-0.0177294525	-0.058085646	0.1907366369	0.0608194202	-0.062146593	0.0006236183	0.025828419	0.0452935361	-0.1563832009	-0.0116255323	-0.0764638616	-0.0112603594	0.0203996432	-0.0343118362	-0.0141380726	0.0712453869	-0.0233752543	-0.0264113766	0.0733714852	-0.0102054456	-0.0723019643	-0.0241926016	0.1570873876	0.1208598489	-0.1166450498	-0.0361917856	0.0078626938	-0.042028855	-0.0365990478	0.0208341176	-0.0327820405	-0.0997923229	0.1588724318	0.0306232964	0.0392193476	0.0239882417	0.0911489431	-0.0051094033	0.0224020231	0.058634736	-0.0256277169	-0.1594481702	0.0968514055	0.0124074474	0.0487531076	-0.099138996	-0.0005478453	-0.0233715163	0.0528826298	-0.0889884472	0.0309734435	0.0298605332	-0.0441582871	-0.0452892918	0.0266616531	0.0208745773	-0.0494263142	0.0126504721	-0.1184584669	-0.0270290357	0.0039463676	-0.0357103812	-0.018069194	-0.0945900872	0.0140409072	-0.0392472605	0.0842058084	-0.0466316474	-0.0811203928	0.0389336963	0.1744246882	0.0594278393	-0.1296989725	0.0618111607	-0.022070949	-0.0530553604	-0.0012418779	0.0398760205	0.0293295452	0.0669657942	0.1048234838	-0.010112578	0.0203756084	-0.0027915261	0.0104025452	0.0661372152	0.1716299227	0.0050154869	0.0621154276	-0.051798672	-0.0029099297	0.0292156659	0.0086573006	0.1173226489	-0.1359922006	-0.0207752961	0.0070340446	0.0357482537	-0.052068501	-0.0580484773	0.0419916325	0.0827812853	-0.0707176137	-0.0088083902	-0.0661242968	0.0870961789	-0.0915229	-0.1604800289	0.0908204066	0.0817259719	-0.0130875631	0.0225378402	0.0297747999	-0.0021734797	0.0421098309	0.1044101193	-0.113238798	-0.08248344	0.012603487	-0.0234210434	0.091209008	0.0664756513	-0.0100508113	-0.0347334589	0.0171739519	0.1669846833	-0.0362732115	0.1117049278	-0.0184283401	-0.1166008269	-0.026632505	0.0098663296	-0.0382474845	0.0853355259	-0.0134585088	-0.0570938134	0.0427333667	0.0253532779	-0.0297380156	-0.0163106765	-0.0491221665	-0.0125086115	0.0623324049	0.0752171822	-0.066044233	0.038240213	-0.0229134736	-0.0760653066	0.0421956939	-0.0391680074	0.0671410856	-0.025060825	0.0297771862	0.1903750097	-0.0115361148	-0.0415146535	0.1696350531	0.0592326703	0.0192262793	0.0340403869	0.033926362	-0.049374374	0.0003102834	0.0396492272	-0.0791044246	0.0141038518	-0.0717760054	-0.0405606472	0.05386791	-0.0175074994	-0.0759451371	-0.0782604913	-0.022742551	0.0167422	0.0069357999999999	4.810532163999999e-05	0.0002803012608399	-0.166026	-0.0765606	0.00586152547236	0.027564632676	0.43557	0.009942	9.884336400000012e-05	0.1897212249	0.00305132	0.00025	6.250000000000013e-08	9.3105537424e-06	-0.00218006	0.0004087999999999	4.752661603600001e-06	1.6711743999999998e-07	0.00164264	3.267999999999999e-05	1.0679823999999994e-09	2.6982661696e-06	0.0	0.0
5073.693085534645	-9.285744813938436	25742361.52620207	86.22505674958455	10324.610362249996	-45.104438568803744	106597579.13228	2034.410378606991	4797.015878887684	-4.918212890625	23011361.342300583	24.18881803750992	4836.991166367286	8959.473566293404	1.115092	31.503305	0.192676	0.113479	-0.0426312462	-0.0160883232	0.0888405095	0.0705750931	-0.0094712231	-0.0906864621	-0.058166571	0.0059568387	-0.0403420647	-0.0373715338	-0.0803184278	-0.0905364745	-0.0379883022	-0.0914633298	0.0619675131	-0.0165561309	-0.0432158057	0.1050145005	0.0243832264	-0.1115090008	0.0366547996	0.0578542759	0.0266748876	-0.010651415	-0.0388468364	-0.0041806158	-0.0783243431	-0.0736914843	0.1069083551	0.0588656602	-0.0971705431	0.0935300759	0.0359637849	0.0895426139	-0.007580039	-0.0738034337	-0.046807671	-0.0425026379	0.078678707	0.0618619446	-0.0103960476	-0.0079099768	0.0641876641	-0.0018322708	0.0593322737	-0.006552903	-0.1242407206	-0.0417521935	0.0133067344	-0.0092510119	0.067570759	-0.0832704555	0.0346111856	-0.0152400133	-0.0718400033	-0.053959656	0.0653699892	0.1172968035	-0.0828698324	0.1904470945	-0.0540123844	0.0024128081	0.0071716664	-0.0163330053	-0.0571945945	-0.0728309144	0.0163998607	-0.0010633938	-0.0469189361	0.0475463283	0.0580007261	0.0054958326	-0.0862122185	-0.0182401674	-0.0269478339	0.0085835647	-0.1343812211	0.0226905916	-0.0035851232	-0.0894210911	-0.0437407297	0.009697902	0.015603439	0.0351079218	-0.1687338006	-0.0549184859	-0.0170073687	-0.0245172281	0.0586399328	-0.0151782802	-0.013978516	-0.0524513636	-4.18126e-05	0.0193707232	-0.1022481978	-0.0432510843	0.0270475905	0.0887005589	0.0602486271	-0.0359869684	0.0155460367	0.0872158468	0.0492753721	0.0283742087	-0.1002525385	-0.0300195191	0.0375685514	-0.0176227599	-0.0463739122	0.0314457122	-0.0931716153	0.0657197775	-0.100347951	0.0097512815	0.1171437525	-0.0310995414	0.1090005218	-0.1112988069	0.0056417705	0.0255708413	0.0290041265	0.05937683	-0.0889759008	-0.0663210649	0.0394285354	-0.0090349437	-0.0418562145	0.0219350503	-0.0727046253	-0.0054891281	-0.0120287617	0.1422552077	-0.0544769681	0.0191213385	-0.0730408436	0.0530406992	-0.0174993011	0.0089053535	0.1725645489	0.0169503053	0.0512142704	0.158040977	-0.0960265313	-0.0810655795	0.0126452957	0.0094547627	0.0101449638	0.010486904	0.0485160161	0.0256552517	-0.0435459886	-0.0259802737	-0.0347982074	-0.0384908399	-0.0562557071	-0.0396442395	-0.008847897	-0.0998003435	-0.046428162	0.0343400595	0.0854000299	-0.0339294533	0.0025323717	-0.0052094908	-0.0346173182	-0.0269726525	0.0126806779	-0.0463210998	0.1645793695	-0.0074653116	0.0445133871	0.0083387555	0.0554418885	0.0057144204	-0.0034643488	-0.0529716094	-0.0099604973	0.0534392455	0.0889767733	0.0519557597	0.0531040541	-0.0194203086	-0.0772461008	-0.0766069484	-0.0179866041	0.017269	0.0005268	2.7751824000000093e-07	0.0002982183609999	-0.0739512999999999	0.0920747000000001	0.00847775038009	0.0054687947716899	0.498582	0.063012	0.003970512144	0.248584010724	0.00251488	-0.00053644	2.877678736e-07	6.324621414400001e-06	-0.00235759	-0.0001775299999999	5.5582306081e-06	3.1516900899999993e-08	0.00161536	-2.727999999999997e-05	7.441983999999982e-10	2.6093879296e-06	0.0	0.0
5070.044185893627	-3.6488996410180334	25705348.046913777	13.314468590221534	10306.95350692278	-17.656855327215453	106233290.5938678	311.7645400462167	4803.834509787904	6.818630900219432	23076825.99742919	46.49372735342726	4843.686771560344	8914.546580511387	1.025564	28.973961	0.0903172	0.0581073	-0.0610691105	-0.0177767711	0.0780247305	0.0873376679	-0.0495301164	-0.0893866446	-0.0546878325	0.0218453944	0.0137156787	-0.0611406871	-0.0130564675	-0.060910252	-0.0270354678	-0.0803790547	0.0301061793	-0.0709560073	0.0459819446	-0.0287445467	0.0554747189	-0.0544639527	-0.0025180638	-0.0751955749	-0.0586255068	0.0558054493	0.0360378581	0.0389427235	0.0321296847	0.0042644987	-0.0560482624	-0.0188087193	-0.0935535298	0.0790875623	0.054368239	-0.0267681707	-0.0372741263	-0.0894456006	-0.1351648045	0.0284776461	0.0744806845	-0.0486633016	-0.00727278	0.0326854228	0.026297463	-0.0950137803	-0.0292656447	0.0861532328	-0.1402389888	-0.0243925898	0.0017736569	-0.1080042454	0.0419799845	0.0860715217	-0.1345739425	-0.0088062284	-0.0692513054	0.0355355523	-0.0582801316	0.0746821236	-0.0948710511	-0.0439206141	-0.0234098293	0.0916057656	-0.0608961069	-0.0867371444	-0.1144566262	0.0102117612	-0.0682651756	-0.0766412208	0.0167173345	0.0692577889	-0.0832936473	-0.0404715543	0.06327124	0.022809761	0.0082414077	0.0175434447	0.1604089996	-0.0882391407	0.0870553039	0.1180655664	0.001562727	-0.095255263	-0.0908803106	-0.085591619	-0.0485635604	-0.0874851068	0.004789173	0.082842263	-0.0105017528	-0.0831660557	-0.0423389092	-0.0218004051	0.0255558992	0.0605165397	0.0313809696	0.0042203004	0.0196114255	0.0859343183	0.0351645248	0.0128529091	-0.1046037554	0.0038436033	0.0983165139	-0.054362561	0.0599024421	0.0113515431	-0.023727708	0.0248500781	-0.0212214317	0.0228156422	0.037616321	-0.02169001	0.0478798872	-0.0371148783	0.0581671249	-0.0648966598	0.0951550823	0.0150339974	0.0506680349	0.0714108641	0.0850603099	0.1000448832	-0.079551192	0.0807155319	0.0256326062	-0.0365698853	-0.0059834518	0.0634149132	0.0676585991	-0.0802166644	0.0835434579	0.1245081897	-0.0948900259	0.0483606104	0.0443592171	-0.0360560299	0.1450104406	0.0254503597	-0.0654232984	-0.0326658167	0.0426096025	0.1007428913	-0.0430902002	0.0652336665	0.0806506923	-0.1050848386	0.0467580947	0.033069246	0.1284235115	-0.0670624976	0.040870824	0.091507336	0.0333036833	-0.0569420042	0.0553406738	0.0531509414	-0.0595983944	0.1014154443	0.0957218269	-0.0309086733	-0.1444292517	-0.0172107204	0.0634168417	0.0676919706	0.0703567996	-0.0943468367	0.0667678745	-0.0759435913	0.0277804548	-0.069501456	-0.0113421845	-0.0471411439	-0.0513895499	0.0507480614	0.0429028927	-0.0317440883	-0.0450657275	-0.0904616267	0.0090468377	-0.0047855379	0.0523332172	-0.0213229062	-0.0784556795	-0.0747922999	-0.0131715598	0.0228185	0.0055494999999999	3.0796950249999985e-05	0.0005206839422499	-0.131696	-0.0577447000000001	0.00333445037809	0.017343836416	0.490571	-0.008011	6.417612100000074e-05	0.240659906041	0.00265089	0.0001360099999999	1.8498720099999935e-08	7.0272177921e-06	-0.00224322	0.0001143699999999	5.032035968400001e-06	1.3080496899999982e-08	0.00174522	0.00012986	1.6863619600000022e-08	3.0457928484e-06	0.0	0.0
5072.120235873651	2.0760499800235266	25726403.68715898	4.3099835195556855	10295.403603778032	-11.549903144748896	105995335.36468568	133.40026265308043	4804.411545283289	0.577035495385644	23082370.296451364	0.3329699629349556	4844.653986108797	8937.986523494144	1.050685	29.683676	0.1101318	0.0650773	-0.0332516229	-0.0035889621	0.0898743218	0.0524337952	0.0051139676	-0.1148041231	-0.0393875534	-0.0102111823	-0.089325561	-0.0298237512	-0.0582122677	-0.0661372851	-0.026208724	-0.0673260797	0.0021277011	-0.0079066772	-0.0591259638	0.0841168352	0.114177133	-0.0586906902	-0.0747078286	-0.0975402624	-0.0464637125	-0.0685489391	0.0411296352	-0.0504090033	0.1039160302	-0.0676296644	-0.0975396436	0.0566112762	0.0396324231	0.0009151741	0.0342078199	-0.0120686581	-0.1243593846	-0.0262025974	-0.1022774787	-0.03258035	0.0493657318	0.0212846865	0.0560218365	-0.0656339591	-0.0117068835	-0.0739452053	0.0020152688	0.1071607117	0.0355436733	-0.0338172401	0.0909290279	0.1337174302	0.1131419795	-0.0150469012	0.0495472152	0.0202076521	-0.1010152035	-0.0193013437	-0.0001776061	0.009054689	0.0427347625	0.0096668517	0.0041948616	-0.1319776203	0.1028949096	-0.069340754	-0.053008436	-0.0197157252	0.0056018124	-0.0044688209	0.0115443921	0.0249015273	0.0682669079	0.0518367628	-0.019033684	0.0526913657	0.0152746024	-0.0620964861	0.0071486614	0.020813023	-0.0998090487	0.0195607193	-0.0002333308	-0.0395807744	0.0381437027	0.022554205	0.1359851348	0.0590662138	0.0797455559	-0.0898145857	-0.0363504002	0.0315137774	-0.0785475805	0.0265844893	-0.0866820084	0.0301440205	-0.1673223958	-0.0230634048	0.0210206917	0.0728722405	0.0287274586	-0.0001022457	0.0140126133	0.0899666366	0.164270991	-0.0057563243	0.0557555259	0.083070484	-0.0414358967	-0.0816191906	0.0835611875	-0.0561202424	0.0278643513	0.0332248875	0.0781032538	0.0595765595	0.001590848	0.0211438298	0.0292131024	0.00994671	0.1498745458	0.0289349732	0.0106802726	0.0633488573	-0.0696793404	-0.0140464572	-0.0177741178	0.0712789687	0.0472663858	0.0430290742	0.0089763257	-0.0083424705	0.1022603049	0.0404067875	0.1528103294	-0.0110917075	-0.1505782933	0.013186786	0.0225395054	-0.0315138824	0.0590797346	-0.0633307402	0.0665666203	0.0097175698	0.0228865507	-0.0406463236	-0.0177177174	0.1472049778	-0.0786142406	-0.0101432903	0.0925459685	-0.0310616487	-0.0109538753	0.0061047935	0.0203484856	-0.0199043899	-0.0049834484	-0.0620333225	0.0456370257	-0.023433274	0.0360519161	-0.0594517697	0.0339382891	0.0297403669	-0.0584679225	0.0007063899	-0.0536741446	0.0743466305	0.0300222647	0.0659791261	-0.1474390084	0.0223323934	-0.073842455	0.074281072	0.0653789114	0.016077287	-0.0397427657	0.0705248454	-0.0072413505	0.0408052789	0.1684584495	0.071726488	0.0515555006	-0.0232142917	-0.0795724422	-0.072820362	-0.0083132385	0.0202958	-0.0025226999999999	6.364015289999996e-06	0.0004119194976399	-0.0788568999999999	0.0528391000000001	0.00279197048881	0.0062184106776099	0.526522	0.035951	0.001292474401	0.277225416484	0.00256108	-8.981000000000006e-05	8.065836100000012e-09	6.559130766399999e-06	-0.00236253	-0.0001193099999999	5.581548000899999e-06	1.4234876099999914e-08	0.00191248	0.00016726	2.7975907600000012e-08	3.6575797504e-06	0.0	0.0
5069.652626267267	-2.4676096063840305	25701377.751018595	6.08909716951875	10288.99213795424	-6.411465823792241	105863359.21488416	41.106894009655925	4824.88668734281	20.47514205952029	23279531.54569787	419.231442357537	4864.2726969605255	8898.014866288795	1.07859	30.472042	0.1017902	0.050728	-0.0668780431	-0.0353766741	0.075066725	0.0801923292	-0.0603664899	-0.0958341151	-0.0618774912	-0.0060185787	0.0347447962	-0.0439279693	0.0086537066	-0.0476056995	0.1006481873	0.0149198782	0.0386498166	-0.012243168	0.0481001678	-0.0164525183	-0.0509702808	0.0248843406	0.0527983579	0.0159757304	-0.0665947674	-0.0377166233	0.0261608189	0.0178526293	0.1376793405	-0.006141063	0.0770576637	-0.0138833372	-0.1053217035	0.0540208334	-0.0029928663	0.1096726151	-0.0740005295	-0.0812376007	0.050297083	-0.0817315993	-0.0209173743	-0.0534134526	-0.084143172	0.1002144594	-0.0747217785	0.0023498315	-0.045930822	-0.0010006896	-0.0734417574	0.0441422503	0.0357515785	0.0153670834	0.0276948638	-0.0491716634	0.047141044	0.0715764327	-0.0541593939	0.0031783061	-0.0311927714	-0.0189988094	0.0124695413	-0.0941505767	0.0123067834	-0.1037355873	0.0234376732	-0.10345271	-0.0026943835	0.0318565055	-0.0706519916	-0.0313720607	-0.0362583506	0.060880622	-0.0348692525	0.1124111527	-0.0494031539	-0.0090540431	-0.0167571407	0.1071264369	0.0986459016	0.0412281136	0.0185986107	-0.0301450182	-0.0579832892	0.0256085227	0.0233023397	-0.0275985975	0.0086326205	-0.047309566	-0.0704577833	-0.0769570869	-0.0576181216	0.0710300253	0.0734318768	0.1468938182	-0.0026471409	-0.0774739552	0.0589836831	-0.0131035931	-0.0978279571	-0.0189617052	0.0502648222	0.0381208916	-0.036004135	0.0078023191	-0.0648315793	-0.0023016384	0.0500178457	-0.0833140638	-0.0189720605	-0.0468663222	0.0525609583	-0.0474528838	0.0921835354	-0.0752816617	-0.0698469451	0.0013033724	0.0767587468	-0.0798429589	0.0446474218	-0.1333999926	-0.0034050519	0.0454956104	-0.1307986627	0.0451349219	0.0198075804	0.0728599305	0.0757371556	-0.1019100621	0.0509658772	-0.0121231273	0.0520858082	-0.0289497619	-0.018393163	0.0459692253	0.0019795952	0.0262040855	-0.0385958833	0.0073464899	-0.0467459238	-0.0602792368	0.0048551741	-0.0613352889	0.0190410418	-0.0373944572	0.0465719696	0.0337722039	0.0207630175	0.10070926	-0.0029100532	0.0664663583	0.0739753089	-0.0513653007	0.0562074593	0.0631844392	-0.0295298442	-0.0594577972	0.0828075042	-0.0480083782	-0.0041519711	-0.0664008436	-0.0160488728	0.0582621042	-0.1302664993	0.0258308247	0.0714181535	-0.0317671888	-0.0637521602	0.0366504129	-0.04538994	-0.0345442682	-0.0162716578	-0.0156448539	0.0674195068	0.044487102	0.0253110048	-0.1399636526	0.0128591323	0.1405156428	0.0085143761	0.0034449885	-0.0780201684	-0.0476647392	0.0507710064	-0.0250934707	-0.0805950678	-0.0706952818	-0.0034276029	0.0244974	0.0042016	1.7653442559999998e-05	0.0006001226067599	-0.111762	-0.0329051000000001	0.00108274560601	0.012490744644	0.496462	-0.03006	0.0009036036	0.246474517444	0.00224238	-0.0003186999999999	1.0156968999999992e-07	5.0282680644e-06	-0.00215766	0.0002048699999999	4.6554966756000005e-06	4.197171689999991e-08	0.00174358	-0.0001689	2.852721000000001e-08	3.0400712164e-06	0.0	0.0
5075.631544144407	5.978917877139793	25762035.57191373	35.74745898158181	10296.579254313488	7.587116359249194	106019544.34035891	57.56433464878674	4822.856196375703	-2.0304909671067435	23259941.890919518	4.122893567502079	4862.759175797179	8933.902973631208	1.040408	29.393353	0.1085476999999999	0.0640321	-0.0384953595	-0.0219670858	0.0766331662	0.0098076434	-0.0118605826	-0.0816229861	-0.023191571	-0.046479935	-0.0365946739	-0.0255465279	-0.0236342212	-0.0103084969	0.1105490884	0.0501368822	0.0104890802	-0.0105283188	0.0065025221	-0.1231275384	0.0560980494	-0.0140754217	-0.117413091	0.0197793294	-0.0161430227	-0.023962754	0.1004750347	-0.0388957763	0.0363568765	-0.0694621816	0.0230883167	-0.0494496337	0.0804212909	0.0059198435	0.0031724989	0.0665047823	-0.0286572578	-0.0779023662	0.1372539788	0.028476269	0.0484867839	0.1224804354	-0.0358294916	0.0755007464	-0.0521565926	0.0289767764	-0.0624661173	-0.1114950343	0.0076530645	0.0003845878	-0.0463509033	0.0036808166	0.0201649118	0.0131345212	0.0161520812	-0.0149652958	-0.0122004139	0.0206112917	-0.0486569226	0.0245744723	-0.061553012	-0.0201401407	0.0469981495	-0.027482504	-0.0687843357	-0.0777581333	0.0391630343	-0.0467802507	0.0528514116	-0.1407873279	0.0235382852	0.0101988209	-0.1025389192	0.011001878	0.0495399581	-0.0704574011	0.0662238771	-0.0571905551	0.0220730653	-0.0406880952	-0.0294619088	0.0387294509	0.0843670402	0.0196471809	0.1182427567	0.0466459149	0.0902946668	-0.180406459	-0.092789052	-0.0444757046	-0.0779088497	0.018757237	0.011896058	-0.0897557367	-0.0176430042	-0.0765947212	-0.0679786434	0.1097531928	-0.1083870751	-0.056676765	0.0217461637	0.0163762174	-0.0213990047	-0.0675228198	0.0463180259	-0.0857609859	0.0057469869	0.0112606557	-0.1154504979	0.0228254924	0.1491332918	-0.0118806595	0.0242655904	0.0389544324	-0.0350344839	0.0111250125	-0.0974515836	-0.0155449353	0.0045032011	-0.0883998609	-0.0287344801	0.0922712658	-0.0446114979	-0.1113437392	-0.0187200122	-0.0986081692	0.0359618379	-0.0957232334	0.0503647406	-0.0325968898	0.0384010888	0.0816319353	-0.0946839854	-0.0066147168	-0.0315889242	-0.028562252	-0.0180491488	-0.0005326619	-0.0037854864	0.0214049623	-0.0431067989	-0.0170529953	0.0036777496	0.0302905211	-0.031490135	0.0427331211	-0.0022986289	0.0240906017	0.0750166625	0.0925363941	0.0207383732	0.0345485449	-0.066200799	0.1377151927	0.0640918738	0.0011459692	0.0941645146	0.0504194977	-0.0478173462	0.0845381557	0.0122072609	-0.0008267932	0.0360990954	-0.0442257444	-0.0194187124	-0.0284855524	0.0685502567	0.0771449666	-0.0342942394	0.0176082717	-0.080734248	-0.1896826242	0.144158251	0.0659720839	-0.0020948212	-0.0495587031	-0.0472762547	-0.058112074	0.0196127362	0.0979640077	0.053512636	-0.0564558588	0.049979838	-0.0269594548	-0.0815223465	-0.0684215283	0.0014692946	0.0253981	0.0009007	8.112604900000015e-07	0.00064506348361	-0.094583	0.017179	0.000295118041	0.008945943889	0.547932	0.0514699999999999	0.0026491608999999	0.3002294766239999	0.00168433	-0.00055805	3.1141980250000004e-07	2.8369675489e-06	-0.0020748	8.286000000000014e-05	4.30479504e-06	6.865779600000023e-09	0.00188263	0.0001390499999999	1.933490249999998e-08	3.5442957169e-06	0.0	0.0
5063.048895843814	-12.582648300593064	25634464.12170526	158.32303825641753	10303.235244784955	6.655990471466794	106156656.5093789	44.30220915625675	4818.956863383981	-3.899332991722076	23222345.25115557	15.204797780332235	4858.564915828154	8944.961553572355	0.998624	28.212862	0.0346670999999999	0.0223361	-0.0513342231	0.0088866356	0.0757564889	0.0302318844	-0.0278790852	-0.0904354085	-0.0129881312	-0.0469213938	0.0240519491	-0.0430533906	0.024043328	-0.02909653	0.1184648174	0.0153436013	0.0716358311	-0.0403524916	0.1143889828	0.0476109236	0.014585249	0.0091384256	0.0586587419	-0.0780437547	-0.1187728435	-0.02472997	0.0339298239	-0.0146889958	0.0586532551	-0.004914507	-0.0068552973	-0.0938348653	-0.0539687377	0.0859483357	-0.0058694943	-0.0317658113	-0.0001787373	-0.0011147673	-0.0165110765	-0.0499584498	-0.0031524374	-0.0084695295	0.1103507976	0.0020170428	0.0862607814	0.0656994582	0.0811447179	-0.0089885154	0.127574142	-0.1484163843	0.0342353134	0.0435123917	0.0351610571	-0.0260265971	-0.0456745855	-0.0605637565	0.0303117741	-0.0623873347	0.0055526089	-0.0097758455	0.1159990872	0.0542847488	0.0179130094	0.020411816	-0.0494297395	0.0498764821	0.0237245868	-0.0380317352	0.0724795739	0.0639865696	-0.0136660218	0.0344080921	-0.0476076564	-0.0454136759	0.1292550614	-0.0366175734	0.0526496657	0.0633807712	-0.0051431863	0.0125073698	0.0349914391	-0.0337676317	0.0209982737	-0.0097569767	-0.0896255017	-0.0733216425	-0.0165636111	-0.0613135126	0.0257259798	0.0082545848	0.0441702901	-0.014702242	0.0250908678	-0.0029065579	0.0860134246	0.0731993769	0.0873904841	-0.0249099448	-0.1200894139	-0.0197912158	0.0517970734	0.0763148615	-0.1253944553	0.0103938081	0.0276685769	0.0400488086	0.0898899615	-0.0231875094	-0.0021388316	-0.0809384188	-0.0169553	0.0062717753	0.0077242126	-0.0608576242	0.0113203769	-0.0060800749	0.0035598334	-0.1480794194	0.0539547309	0.0368544954	0.0143815263	0.0078751364	-0.0019528443	0.0446368023	-0.0248658059	-0.0244592559	-0.1052486394	0.0366342961	-0.066849899	-0.015200322	-0.1557530398	0.1369432948	0.0585103314	-0.0054280786	0.083525773	-0.0130170602	-0.0108715523	0.0535986741	0.0576315339	0.0686732655	0.012370825	-0.016921635	-0.0702885887	-0.0289802553	0.0694896755	-0.0853716688	-0.0535901714	-0.0384243237	0.0505094891	-0.0254699769	-0.0378572051	0.0436649769	-0.0434670375	-0.0826583132	-0.0057686203	-0.0287478619	0.0378933546	0.1010444467	0.0363658914	0.0876099123	0.0256388677	0.0915012286	-0.0029680132	-0.0096302204	0.0099024136	-0.0200857629	0.0085740709	-0.1048463785	-0.0168236816	-0.0595693911	0.0049796926	0.0001430972	0.000510454	-0.0545865857	0.0370078872	0.0337549188	0.030689168	-0.0525628921	-0.1171799042	-0.1017079812	-0.0693409161	-0.0568175789	0.0491820991	-0.0288112631	-0.0823531812	-0.0660038832	0.0063613645	0.0292881	0.00389	1.5132100000000009e-05	0.00085779280161	-0.0736199	0.0209631	0.0004394515616099	0.00541988967601	0.549198	0.0012659999999999	1.602755999999973e-06	0.3016184432039999	0.00169896	1.4630000000000068e-05	2.14036900000002e-10	2.8864650816e-06	-0.00198585	8.894999999999997e-05	3.9436002225e-06	7.912102499999995e-09	0.00195001	6.738000000000013e-05	4.540064400000018e-09	3.8025390001e-06	0.0	0.0
5059.629160285339	-3.419735558474713	25599847.23960972	11.694591289896357	10270.235903465831	-32.99934131912414	105477745.51283862	1088.956527496054	4809.492608944272	-9.464254439708384	23131219.155489583	89.57211209953985	4849.130955254568	8889.02102974488	1.002236	28.314903	0.0584359	0.0303371	-0.0489381378	0.0384284666	0.0729394111	0.0324622329	-0.0081416538	-0.1311205983	0.0215746725	-0.0105640718	-0.0671796064	-0.0231533845	-0.0512293527	0.0365924174	0.0737162829	-0.0212717651	-0.0418016725	-0.0594276693	0.0775680661	0.038355913	0.0201379843	0.0169926637	0.0254014659	-0.0117083189	0.0418951139	-0.0970026101	-0.1138024344	0.0563322251	-0.0185139785	0.0033414326	-0.1022224526	-0.0409588552	0.0489418619	0.0597127817	0.064997155	-0.0350781771	0.0500972152	-0.1169932666	0.0419595962	-0.0701219077	0.0527174206	0.0891474207	0.1065479127	-0.0020077785	0.0295049194	0.0189367349	0.0236815254	0.017702615	0.0805185239	-0.0118740171	-0.0842000875	-0.0888711239	-0.0290712877	-0.0712647633	0.0180089294	0.048806343	0.0278371534	-0.0730125753	-0.0545831957	-0.0117801588	-0.030971785	-0.1607797707	0.0483227068	0.0667758332	-0.0657431267	-0.0171604182	0.05966454	-0.0255466653	0.0140117786	-0.0840398847	0.0110774108	-0.001918855	0.0110602213	-0.1119099092	-0.0871874479	0.0170582396	0.0624184147	-0.0446260893	0.0560479004	-0.0186224473	0.0060455997	0.062095711	-0.0048751567	0.0560502212	0.0213672305	0.0295175855	-0.0610276353	-0.0128735789	-0.0971801891	0.0008926073	0.1067005571	-0.0274069386	-0.0841660258	0.0629818321	-0.1166376685	0.1054343787	0.0654977886	0.0183389141	-0.0796887688	0.0172826434	-0.0495947024	0.0062747158	-0.0979393919	0.0084233175	0.0171951859	0.0455260514	-0.0567931646	0.0284018211	0.0720667462	-0.0988388904	-0.0544811309	-0.0297366384	0.069460192	0.0487990469	0.0950247451	-0.047144164	-0.0771676459	0.0112935497	0.0671399713	0.0091239794	-0.0767438821	0.1120190812	-0.0156051485	0.0437361126	-0.0588606596	-0.1189810442	-0.0868091079	-0.0161671433	0.0044410765	-0.0170816229	-0.0530226352	0.0328718956	0.04423129	-0.0715687209	-0.0932151824	0.0039816883	0.0063887828	0.016779166	-0.0357076661	-0.0441695852	-0.0265094554	-0.1048068408	-0.1018576172	-0.0538639108	0.0211903423	0.1422555526	-0.0139528268	-0.0562696868	0.0238632866	0.0605827122	-0.015121963	0.0671163367	-0.008210824	0.0780802336	0.0621503866	-0.0144593877	-0.1079714564	-0.0059308442	-0.1201338052	0.0238623081	0.0477370831	-0.0361405504	0.0153544806	0.0159103122	-0.0047556965	0.0185539696	0.0382228087	0.0463262997	-0.0333480202	0.0068400642	0.0923777038	4.13069e-05	0.0821486871	-0.0879617092	0.016329457	0.0712546153	-0.0076039099	0.0499358059	0.0849505727	-0.1398177077	0.037136838	0.0198123172	0.0483778948	-0.0306479218	-0.083086589	-0.063447431	0.0112325332	0.0269983	-0.0022898	5.243184040000007e-06	0.00072890820289	-0.100606	-0.0269861	0.0007282495932099	0.010121567236	0.557344	0.0081459999999999	6.635731599999978e-05	0.3106323343359999	0.00205827	0.00035931	1.2910367610000005e-07	4.2364753929e-06	-0.00199633	-1.0480000000000211e-05	3.985333468900001e-06	1.0983040000000443e-10	0.00189952	-5.049000000000004e-05	2.549240100000004e-09	3.6081762304e-06	0.0	0.0
5062.561059840408	2.9318995550693217	25629524.48461244	8.596035001015686	10275.825722828047	5.589819362216076	105592594.28593455	31.24608050220574	4808.313605285567	-1.1790036587053692	23119879.726774286	1.3900496272406466	4848.358480072979	8893.51169771653	0.97651	27.588114	0.0880523999999999	0.0391436	-0.0666375086	0.0458405607	0.0598403965	0.0374165501	-0.0312629607	-0.1159509339	0.0318345171	-0.0453720411	0.0092236775	-0.0283140696	-0.0088687808	-0.0093415828	0.0184005859	-0.0565464612	0.0355144892	0.0313994949	0.0763610251	0.0610106537	-0.0327508136	0.0808218588	-0.0327073175	-0.0548162166	0.0274810489	-0.1500745443	0.1465652471	-0.0381943345	-0.0319275127	0.0684515936	0.0153261238	0.0406902369	0.1460579689	-0.0204323792	0.0549565948	0.0644160683	0.0676932934	-0.0429880445	0.0565579803	0.0432138276	0.058489404	-0.0341576951	0.0525512858	0.0277438403	0.1140071241	0.0377794581	0.0321743709	0.0564259085	0.0185358763	0.0262303313	0.0042432647	0.1365919739	0.0708718611	-0.0408768864	-0.0425431732	-0.0515179306	0.0422601123	0.0489947285	0.1149662642	-0.0243732933	0.0119691174	0.0046204072	-0.0557792701	-0.0794644944	-0.039911729	-0.0528998808	0.027714554	-0.0216763321	-0.0129451721	-0.0412437508	-0.0026703437	0.0776897336	0.0319161093	0.0193695553	0.0413799607	0.0263806994	-0.0611882286	-0.0048195559	-0.007117531	0.0760198163	0.0217686299	-0.0198802529	-0.0631563323	0.0565275651	-0.0447220247	-0.0115099893	0.0070871461	0.0683690884	0.0115394499	0.0387367805	-0.0600926347	0.0620262757	-0.0251420527	-0.0763842896	0.0307239988	-0.0403067934	-0.0179766168	0.0309160734	-0.0270465738	0.0589662144	0.0203547537	0.0676294348	-0.0250801779	-0.0103043033	-0.0445556033	0.0888016246	0.0467094666	0.0729648612	0.0437651146	-0.0863785985	0.1670868466	0.0948789625	-0.0262706603	-0.0546231713	0.0154727415	0.0378359662	-0.1035274974	0.1233901678	0.0231384759	-0.0534272149	-0.0799124587	0.0337292398	0.0512356455	-0.0644964061	-0.0575298737	0.0095511872	-0.0502790934	-0.0161701482	-0.1237699593	-0.013586307	-0.0516263228	-0.0063624352	0.0556493177	-0.0111048603	0.0619446902	-0.0370000892	-0.0791225876	0.1104751574	0.0353596778	0.0256144439	0.0351515252	0.1289715738	0.0489757545	-0.036367768	0.0488284576	-0.022405021	0.0621105711	0.0739380916	0.0457587833	0.014598251	0.0138198923	0.0254595352	0.0149608749	0.0426435043	0.0332675673	-0.0801363171	0.0003140692	0.0243535475	0.0773257001	-0.0258589328	-0.0207025441	-0.0181754033	-0.0008017377	0.0534427114	0.0523437733	0.0187849037	-0.0838823246	-0.0194907111	-0.0493515654	0.0141447051	-0.005513431	0.0599364197	-0.0451675794	0.0173382481	-0.0393116771	-0.0157684956	-0.0877363306	-0.0496666097	0.0083531009	0.0507642569	-0.0175531398	-0.0037601128	0.0475673307	-0.0324684651	-0.0837217023	-0.0607575478	0.0160667959	0.0236639	-0.0033343999999999	1.1118223359999984e-05	0.00055998016321	-0.075243	0.0253629999999999	0.0006432817689999	0.005661509049	0.541647	-0.0156969999999999	0.0002463958089999	0.293381472609	0.00147872	-0.00057955	3.358782025000001e-07	2.1866128384e-06	-0.00226411	-0.00026778	5.126194092100001e-06	7.17061284e-08	0.00192535	2.5829999999999907e-05	6.671888999999952e-10	3.7069726225e-06	0.0	0.0
5071.421921691436	8.860861851027948	25719320.30781246	78.51487274300244	10295.253333275225	19.42761044717736	105992241.19631462	377.4320476872748	4794.679982232504	-13.633623053063276	22988956.132021084	185.8756775530184	4835.01515035019	8881.560431825033	1.009452	28.518789	0.102295	0.0458714	-0.0401045377	0.0726222641	0.047707746	0.0074965357	-0.0236399274	-0.0981127622	0.0475493316	0.0392265711	-0.0472181872	-0.0616630999	-0.0096313168	0.0228788745	-0.0971207887	-0.0960931147	0.0083025592	0.0174057169	0.0763632696	0.0127109381	-0.0760851575	-0.0193530565	-0.0778796033	0.0259251125	0.0837484519	0.0363708603	0.0102699914	0.0139236649	-0.0231576824	-0.012400872	0.0278372493	-0.0029100181	-0.0032232104	0.012954705	0.0035402358	0.0246340755	-0.0916732052	-0.0750236142	-0.0432467819	0.003287889	-0.0356443937	0.0686235325	0.1084921848	0.0166066191	0.0369776099	0.0377638994	-0.032529524	0.0582321846	-0.0851775733	0.0449777279	0.012375758	-0.0729066471	-0.0035414502	0.0478617759	-0.0781265057	0.0295915563	0.0362147653	-0.0684391265	0.1590124619	-0.0384718987	-0.0201958058	0.0945417979	-0.046030506	-0.0241492061	-0.010036652	-0.0192110232	0.0004645246	-0.0094391435	0.0104085408	0.0092938239	-0.0218660707	-0.0061745252	-0.0738111171	0.0197139637	0.0305441807	-0.078148053	-0.0066074454	-0.009937018	-0.0963141596	-0.0458244486	0.0395594185	-0.008767513	-0.0613999227	-0.0555484269	-0.0259702416	-0.1199023319	-0.0058972248	0.0550940653	-0.0127831882	-0.0998560177	0.0180005224	-0.0710516884	-0.0073223443	0.04028641	-0.0284476216	0.0877227956	0.0612930409	-0.0453208594	0.0816272351	0.1099251772	-0.0156079219	0.0573159824	-0.0440795967	-0.0048850404	-0.0602683763	0.0044171527	-0.0749351239	0.0759159237	0.0118110757	0.0782203497	0.0282973701	0.0203219373	-0.0090325017	0.0144164639	-0.0190487758	-0.0167561146	0.0122011417	-0.0050461261	0.014032063	-0.0719481655	0.0910029515	0.0687551716	0.0107825942	0.0424542209	0.0047554107	-0.0619985401	-0.1030470101	-0.012249636	-0.0321093677	-0.0262919119	0.029917179	-0.0512299358	0.0362776275	0.0466476583	-0.0731047505	0.0692500297	0.0653440217	-0.0043126534	0.084117781	-0.0242104051	0.1583210293	0.1229874048	0.0074094396	-0.0433312298	-0.0297524047	-0.0449089856	0.0138368119	0.0102471936	0.0255928081	-0.0008856643	-0.0181985133	-0.0070475996	-0.0205303403	-0.0050058301	-0.0234367069	0.0198366419	0.0510407765	0.0473467913	-0.0031035924	0.01339321	-0.0474061951	0.0280034671	0.0470085197	-0.1049997707	0.0124301939	0.0452007673	-0.0235715685	-0.02729682	0.0289769634	-0.1298644381	-0.0144370722	0.0750373053	-0.0086138461	0.0654818186	0.0783955199	0.0630940286	0.0436180267	0.0201893931	0.0301160834	-0.1129087466	-0.0327811676	0.0506618321	0.0467505134	-0.0342719357	-0.0842577698	-0.0579398906	0.020848269	0.0303599	0.0066959999999999	4.483641599999996e-05	0.0009217235280099	-0.103226	-0.0279829999999999	0.0007830482889999	0.0106556070759999	0.576982	0.035335	0.001248562225	0.332908228324	0.00187738	0.00039866	1.5892979560000008e-07	3.5245556644000005e-06	-0.00213457	0.00012954	4.5563890849e-06	1.6780611600000012e-08	0.00180793	-0.00011742	1.3787456400000006e-08	3.2686108849e-06	0.0	0.0
5080.62993469059	9.208012999153652	25812800.533274107	84.78750339258264	10312.331577731426	17.07824445620099	106344182.56907672	291.6664337057599	4795.532602211067	0.8526199785628705	22997132.938869245	0.7269608278445499	4834.793048394369	8903.725459693453	0.97779	27.624283	0.0892959999999999	0.0434027	-0.0526520794	0.071070052	0.0416534671	0.002076575	-0.0307325872	-0.0642988917	0.0471697986	0.0046563023	-0.0103671394	-0.0720303918	-0.0441057002	-0.0462592678	-0.0686501511	-0.1382095385	-0.0390187789	-0.0390156826	0.0371463344	0.0434550788	0.0188998841	0.0056047818	-0.020448463	-0.0152222915	-0.0647011391	-0.0490875778	-0.0390615051	-0.0333605395	0.0030120535	-0.028501245	0.0280726335	0.0538838672	0.0829589007	0.0772802843	0.049094564	-0.0352909276	0.0744458789	0.0223702294	0.0354177133	0.0965309148	-0.0085439753	0.058013386	-0.033894792	-0.0345292492	0.0478304269	0.0021246667	0.0504640539	-0.030301687	-0.1156416516	0.0356627967	-0.0392758106	0.0644219343	0.0162815632	-0.0738253398	0.0041247833	-0.022481919	0.0351726498	0.0396553771	0.0383939853	0.0396599591	0.0005897482	0.0469759486	-0.0232060921	0.0316736218	0.0956870797	0.1095321766	-0.0492193126	0.1045738413	0.0199505872	-0.1579378387	-0.0490167341	0.0212506885	0.0195627546	-0.0339915992	0.0750073059	0.0674303543	-0.0430814623	0.043208619	-0.0149505547	-0.0647827827	-0.0103467028	0.0666821408	0.0510310132	-0.0329241588	0.0405162261	-0.0032765027	-0.0410731797	-0.0032109278	-0.0149904241	-0.0793938313	0.0745089414	0.0089845491	0.0439405741	-0.0983949315	0.0236378782	-0.0348063162	0.0251623505	-0.0293776291	0.0526920412	0.1472472157	-0.0375983666	-0.0095573035	-0.0499879378	0.0259964512	0.0223849025	0.036560802	0.0076191647	0.0189289555	-0.0304527727	-0.0750749487	-0.0160151107	-0.0424201009	-0.0159537851	-0.0001089477	-0.0277337266	0.0550463451	-0.0398789534	0.0471809442	0.0987187088	0.0395827656	-0.0482731004	0.0007313197	0.0859297752	-0.0950802497	0.0446721407	-0.0566397426	0.0253831206	0.0123362498	-0.0497256568	0.0061230673	-0.0232927491	-0.0663462808	-0.0621476296	0.0796136503	-0.0304294859	-0.0434213027	-0.0385437096	0.0878994603	-0.0525605157	-0.0049482593	-0.0124543713	0.070856676	0.0225962433	0.0453064522	0.0040370654	-0.0299558713	0.0207190181	-0.0244909109	-0.0796107852	-0.1172356718	-0.0581279455	-0.0951324382	-0.0930562567	0.1439239826	-0.0505039332	-0.0291909155	-0.0265041066	0.040140729	0.0383468984	-0.008999382	0.0408547424	-0.0026378166	-0.0463729907	0.0224806102	-0.0965239371	0.057615769	0.0999473227	0.009166614	0.0257716629	-0.0259888674	0.0296102651	0.0231375393	0.0258483405	-0.0028169589	0.0967093548	-0.0203729295	0.0292189375	-0.104525001	-0.0045003726	0.0522024102	-0.0232426706	-0.048345177	0.0459275503	-0.0360573853	-0.0846941572	-0.0550003849	0.0255612422	0.0277929	-0.002567	6.589488999999999e-06	0.0007724452904099	-0.0772879999999999	0.0259380000000001	0.000672779844	0.0059734349439999	0.545961	-0.0310209999999999	0.0009623024409999	0.298073413521	0.00135114	-0.00052624	2.769285376000001e-07	1.8255792996e-06	-0.00206709	6.747999999999997e-05	4.272861068100001e-06	4.553550399999996e-09	0.00180625	-1.6799999999999977e-06	2.822399999999992e-12	3.2625390625e-06	0.0	0.0
5096.1911641616025	15.561229471012666	25971164.38167879	242.15186264951316	10349.773777311602	37.44219958017675	107117817.24152689	1401.9183094017878	4812.759312464106	17.226710253039528	23162652.199709974	296.7595461421772	4851.80728283431	8880.223278411584	1.018149	28.764484	0.1201614999999999	0.0615323	-0.0322961582	0.0687536073	0.0470972281	-0.0235255588	-0.0237824439	-0.024971652	0.0320245266	0.0487592407	-0.0741962745	-0.1109402784	-0.0190933933	0.0148460997	-0.0448932093	-0.0886659594	-0.0840678646	0.0108077582	-0.0096226723	0.0254544533	-0.0083916166	0.0803872931	-0.004595319	-0.0336394866	0.1455139362	0.1167525908	0.0678401381	-0.0378090969	0.0873842025	-0.0483888574	-0.0257853465	-0.1341436404	-0.0276455819	0.020357436	-0.0009514537	0.0616245781	0.0522558524	-0.0057781498	0.0687893748	-0.0159777147	0.0028978651	-0.0203513863	-0.0164283177	-0.0269636828	0.0036487098	0.0084483443	0.1091879284	-0.0004058938	-0.0098435711	-0.0267380776	0.0539562186	0.0161825115	-0.0810761628	-0.0782163413	0.0482631035	0.0443757549	-0.014313404	-0.0787031854	0.0547438882	0.028772079	-0.0419280435	0.0313226458	-0.1291764291	-0.0022040674	-0.0307580018	-0.1428057366	0.0886859439	0.1692443288	-0.0171109554	-0.0099485366	0.0604623952	-0.0256705017	0.0003940632	-0.0615167585	-0.0164178734	-0.1187678481	-0.0096710021	-0.0328256776	0.0277258949	-0.0853317384	0.0428295201	-0.0695701997	-0.0461399527	-0.0119452572	0.0428863565	0.0250443774	0.1478759574	-0.0548625958	-0.0846020673	-0.130002793	0.0728239376	0.0571529759	-0.0883365582	-0.0220744696	-0.030352769	-0.0123269176	0.0499262675	0.0284369783	0.0363812285	0.093748175	-0.0684222924	-0.0145173772	0.03898656	0.0053807544	-0.0089633977	0.0439629132	0.0663778189	0.0408242374	0.0861518345	0.1697981391	0.0955042845	-0.0709764808	0.0557238924	0.0147144356	0.0092643476	-0.0472542079	-0.036122887	-0.1198405119	0.0027705817	-0.0254680314	-0.0831660849	-0.0119282396	-0.0334233553	-0.0289455556	-0.0269861183	0.0075200827	0.0183964044	0.0431455264	-0.0091982432	0.0167456049	-0.1035310429	-0.0232856641	-0.0126625978	0.0277095151	0.0432176539	0.0271448867	0.0617800068	0.0438720056	-0.0774711471	-0.0358916538	0.1257798554	-0.0264088809	-0.0299527817	0.0119450309	0.0257131249	-0.0095875205	0.1225211101	0.0185778778	0.0280194838	0.1245220737	-0.0808607692	-0.157791171	0.046826139	0.0200640009	0.1111555551	0.0237377389	-0.0609552536	0.026653915	-0.0252789337	0.0366443163	-0.0863732618	-0.0234016577	-0.0198388515	-0.1160663538	0.0301302861	-0.075053378	0.014606923	0.0829423022	0.0142039783	-0.0169469319	-0.1076180886	0.0299592104	0.1370277232	-0.0482343495	0.1422083097	0.0374444235	-0.0898659169	0.0294912416	0.0407321597	0.0188888786	-0.0029423697	-0.0355055843	0.0450985495	-0.0378238752	-0.0850303483	-0.0519452125	0.0301902304	0.0267919	-0.0010009999999999	1.0020009999999967e-06	0.00071780590561	-0.131243	-0.0539550000000001	0.002911142025	0.0172247250489999	0.567012	0.0210509999999999	0.0004431446009999	0.3215026081439999	0.00206104	0.0007099	5.039580100000001e-07	4.2478858816e-06	-0.00222827	-0.0001611799999999	4.9651871929e-06	2.597899239999997e-08	0.00179424	-1.2010000000000015e-05	1.4424010000000038e-10	3.2192971776e-06	0.0	0.0
5115.028147780121	18.83698361851839	26163512.952582933	354.8319518443301	10394.937444120576	45.163666808974085	108054724.46718004	2039.7567996320277	4818.653047549558	5.893735085452136	23219417.192658644	34.73611325748949	4858.161455525359	8946.755494798217	1.031218	29.133701	0.1060562999999999	0.0514098	-0.0487168745	0.0678514484	0.0464230587	-0.0285507437	-0.0357826825	0.0496860671	0.0318402332	0.0185343261	-0.059351898	-0.1131990638	-0.082140554	-0.1057019922	0.001881835	0.0005973267	-0.1315171571	-0.0085280664	0.0142642723	0.0122947378	0.0846984709	-0.053899931	0.0226657761	0.0254271808	-0.0062505203	0.0431839633	0.0157049505	0.0028853417	0.018860648	0.0368323552	0.0361232023	0.1203714305	-0.0581157247	-0.0138970204	0.0137202704	-0.0013239473	0.021272139	0.005692741	-0.0145359175	0.0232363411	-0.0009375375	0.0061101548	0.0433013505	0.0997209429	0.0402573435	-0.0273132252	0.0242087328	-0.0379069238	-0.0733058552	0.0104474529	-0.0368487937	0.075400837	-0.0140134623	-0.069503102	0.0527397624	0.0034040512	0.0302216664	0.0763864133	0.0369805949	-0.0801402032	-0.0853212205	0.0107718951	0.0838142501	0.0024976832	-0.0261428319	-0.1028234583	0.0516886169	-0.0667309789	-0.0164562062	0.1476633115	0.0084217638	0.0553856739	-0.0532858532	0.0577529957	-0.0401197347	0.0362873145	0.1435464873	-0.0492844265	-0.0029396342	-0.0859330094	0.1244643752	0.15766371	-0.0070889949	-0.0147740898	0.1248489295	-0.0102836011	-0.0706391005	-0.0195686064	-0.0260487056	-0.0266464789	0.0277194604	0.0419671648	-0.0333121345	-0.0088352468	0.0353483022	0.0710136631	-0.1022694323	-0.0213911933	-0.0051288264	0.0058434484	-0.1035043586	-0.0009287566	0.0028389489	0.017520761	0.1018149651	0.0026298068	0.0074792855	-0.0575954749	-0.0018500485	0.0365540985	0.0165230983	-0.0065246885	-0.0039476775	-0.0367103703	-0.0175704097	0.0211330757	0.122974202	0.0812134802	0.0182949269	-0.0059011462	-0.0163575464	-0.0096543051	0.0161594182	0.0060899666	0.0185016397	0.0095704045	-0.0594712696	-0.0937039226	-0.0251721398	0.0232999453	-0.0048448032	-0.0303830264	-0.0483219206	0.0702767579	0.007752252	-0.0542432584	-0.0300741908	0.0511203106	-0.1041071163	-0.0281451348	-0.0294247686	0.0675519848	0.0648682382	-0.0885342765	-0.0782772554	0.04533554	-0.0604445069	0.018472951	0.0291155489	0.1333070128	0.0067750624	0.0379671079	0.0610837351	-0.1205429565	0.0262170676	-0.0357877666	0.0663159571	-0.0524103792	-0.0662656135	0.0433182012	0.1502301431	-0.0059652266	0.0316521032	-0.1005755315	0.0694562773	0.1470274986	0.0966435295	0.1095450908	0.0061301079	-0.0468569077	0.066675563	-0.0300077435	0.0059002038	0.0103693149	0.0412592833	-0.0320411459	-0.0256963565	-0.0236300426	-0.0582106161	0.0317646597	0.0692353146	0.1369722385	0.0442636201	-0.0395704763	-0.0852659454	-0.0487807985	0.0347200244	0.0288753	0.0020833999999999	4.340555559999997e-06	0.00083378295009	-0.0929966	0.0382464	0.00146278711296	0.00864836761156	0.539757	-0.0272549999999999	0.0007428350249999	0.291337619049	0.0013843	-0.00067674	4.5797702760000017e-07	1.91628649e-06	-0.00217338	5.489000000000015e-05	4.7235806244e-06	3.012912100000016e-09	0.00175644	-3.779999999999994e-05	1.4288399999999955e-09	3.0850814736e-06	0.0	0.0
5115.282422814242	0.2542750341208375	26166114.26515234	0.064655792977153	10430.006279897803	35.06883577722692	108785030.9987076	1229.823242770111	4822.358789867019	3.705742317461045	23255144.298207704	13.732526123421556	4862.345454389508	8987.984104600122	1.078295	30.463724	0.0769634999999999	0.0400768	-0.0565747815	0.0759390758	0.0185635119	0.0118680113	-0.0674587012	0.0961173678	0.0311349653	0.1051676371	-0.0221123728	-0.1571973929	0.0189766501	-0.0210511317	0.0871166514	0.0087991752	-0.090264656	-0.0268710231	-0.0062130097	-0.0729694085	-0.0119825841	0.0079511118	0.0668726525	-0.0393811056	-0.1058528422	0.0656567567	-0.0356740511	-0.017695069	0.0991224246	-0.0282824362	-0.1020393886	0.0638506757	-0.0796304221	0.062488036	-0.1153210659	0.0428303506	0.0553804472	0.0110835268	-0.0170873847	0.015325555	0.0625422287	-0.0159048942	-0.0417216305	-0.0259413923	0.0477958599	0.0830369959	-0.0309437053	0.0157089281	0.1238918067	0.0316330075	0.0846544585	-0.0183891405	0.0164115006	-0.0495671984	-0.020326918	0.0256010428	-0.0072403625	0.007520073	-0.0214577396	0.071913491	-0.0215275528	0.110341294	-0.0570648411	-0.0160898065	0.0443074472	-0.0799712738	0.0046202592	0.0951687455	0.0022110387	0.0199662822	-0.0381427195	0.0164113745	0.0281048939	0.1376673888	-0.0587367844	-0.0382642604	-0.0894911391	0.0679550648	0.0108468436	-0.106462494	-0.0156873325	0.0119908875	0.021371799	-0.0493346185	-0.0404273779	0.0277231532	-0.0050254841	0.0902685829	0.0211006335	-0.0159977442	0.0052621582	-0.013727944	-0.0067938028	0.0833461668	-0.0210545806	0.0838179502	0.007952624	0.0853614182	-0.0828044821	-0.0130452905	-0.0939061564	0.0196653051	-0.0253845729	-0.0075575361	-0.0031388721	-0.0847963315	0.1330035658	-0.0581520442	-0.0399971145	-0.0083846703	-0.0658012377	-0.0806654002	0.0261424647	0.0311600247	0.1052164072	0.0853664014	0.1239358596	-0.0818469797	-0.0280379179	-0.0298986473	-0.0553411474	-0.0367263106	0.0364425409	0.0103208678	-0.0341196875	0.0106368797	0.0503728748	0.0103070004	-0.0638938481	-0.0663403846	0.0040706671	0.0654732681	0.0271076826	-0.0864609452	0.0592743248	0.105835565	-0.0142083102	0.0441095535	0.0061584447	-0.0315053631	0.027415098	-0.0019737632	0.0056591572	0.0791675827	-0.0336915088	-0.0810617229	0.0251948341	0.0375904902	-0.0198423109	0.0984761525	-0.0248902997	-0.1234586255	-0.0159737097	-0.0143325333	-0.047227462	-0.0107581665	0.0371441423	-0.1148443187	0.0179962628	-0.0540492589	-0.0730752827	-0.006609181	-0.1082735418	-0.0578264981	-0.0494308454	0.0318100617	0.0448062545	-0.024272466	0.0583757613	0.0391828644	0.0191225588	0.0906620039	-0.032448066	0.0207090572	0.0096183666	0.0194052198	0.0288173656	0.0797080475	-0.0346481717	-0.0851781022	0.0621168299	-0.0708699518	0.0434228718	-0.0412962704	-0.0854006697	-0.0455137978	0.039135741	0.0297499	0.0008745999999999	7.649251599999994e-07	0.00088505655001	-0.128878	-0.0358813999999999	0.0012874748659599	0.016609538884	0.546332	0.0065749999999999	4.323062499999997e-05	0.298478654224	0.00176527	0.00038097	1.451381409e-07	3.1161781729e-06	-0.00189141	0.0002819699999999	3.5774317881e-06	7.950708089999994e-08	0.00176615	9.710000000000014e-06	9.428410000000027e-11	3.1192858225e-06	0.0	0.0
5104.535435529011	-10.746987285230716	26056282.01257135	115.49773570891068	10405.68818656396	-24.318093333842626	108278346.63599676	591.3696633934811	4829.449251704343	7.090461837323346	23323580.074787635	50.27464906653877	4870.442141581958	9017.148628716086	1.0753	30.379105	0.0580028999999999	0.0304102	-0.0727187948	0.0768571749	-0.0306724494	0.0244805559	-0.0532139794	0.0824473533	0.0870890134	0.0566022085	-0.054997034	-0.0151855665	-0.10814717	-0.0887938236	0.1432140528	0.0271702089	-0.0983715028	0.0254912533	0.0334205603	0.0184958269	0.074629347	0.124232566	0.0113225104	0.0936454475	-0.0513048227	-0.0244909582	-0.0051045259	-0.0054380147	0.0520382067	-0.19651929	-0.1059826919	0.0064045722	-0.0186042489	0.0166358449	-0.0409146656	-0.0633928371	-0.0085741333	-0.042502323	-0.1042800202	-0.0185063398	-0.0468603156	-0.0352200233	-0.077586339	-0.0729576356	0.0658112182	0.0178403603	-0.0350191839	0.08874385	0.0187984533	-0.0258578012	-0.0499583795	-0.0506823867	0.0232898312	0.0426884355	0.0551855823	0.0061837523	-0.0022222748	0.0521476928	0.0751696467	-0.014638214	-0.105009896	0.0230051212	0.048241241	0.0221338083	0.0199634214	-0.0691619604	0.0361517299	0.0111341797	0.1101788138	-0.0764551971	-0.0467200146	0.033500545	0.0562349656	0.0456334715	0.0357240102	0.0353549822	-0.0322430067	-0.0528244648	0.0054781753	0.0231027282	0.0218836797	-0.0617551456	0.1000223658	-0.025173032	0.034866033	0.1022666593	0.0304083558	0.0584648283	-0.0807771637	-0.042916252	-0.0425304331	-0.0085458407	-0.0045368297	-0.064398155	0.0333844855	-0.0999010691	0.0601777913	0.0043007245	-0.1394286606	-0.0422661164	-0.0967490616	0.0136091044	0.0307936926	-0.0396796023	-0.001072447	0.1097243116	0.0364037559	-0.0831814648	-0.0808537001	-0.0394859215	0.043133047	-0.0966229374	0.0733518324	0.1861542685	0.0502394414	0.0152298739	0.0065779761	-0.0541557821	0.0043119388	0.0578898905	0.0603575041	0.0249687818	0.0378010865	0.1056642771	0.0536285189	0.0310152163	0.0793318557	0.0711704216	-0.0702121523	0.0019686966	0.0165814052	0.0272229351	0.0910171343	-0.0136221011	-0.0495647099	-0.0173411359	-0.0123973239	-0.0573125295	-0.0143623146	0.0037276894	0.025579134	0.0571075614	0.0905682069	-0.0251971139	-0.0768111471	0.0513005581	-0.0197890501	-0.0052813453	-0.0046214343	0.0862079628	-0.0231571184	-0.0284348211	-0.1232507726	0.0642549391	0.015242602	-0.0386447435	-0.0050783093	-0.0226144833	0.0694851787	0.0063364115	0.0149271682	-0.0509927192	0.0269573802	0.0519816273	0.0207785887	-0.0326513172	0.0712338105	0.0204377176	0.0386586479	0.0758574617	-0.0107346923	0.0622853628	0.1044601026	0.1051365757	-0.0264695784	0.0240564753	-0.0295585349	-0.036904233	0.0129410327	0.0802204272	-0.0664655195	-0.1327255467	0.0425764151	-0.04300035	-0.0854343618	-0.0421510808	0.0434228718	0.0299703	0.0002203999999999	4.857615999999959e-08	0.0008982188820899	-0.114292	0.0145859999999999	0.0002127513959999	0.013062661264	0.527344	-0.018988	0.000360544144	0.278091694336	0.00195605	0.0001907799999999	3.63970084e-08	3.8261316025e-06	-0.00212205	-0.0002306399999999	4.5030962025e-06	5.3194809599999934e-08	0.0018289	6.275000000000009e-05	3.937562500000011e-09	3.34487521e-06	0.0	0.0
5082.95171127851	-21.58372425050129	25836398.09918913	465.8571525216775	10342.701848961113	-62.986337602847925	106971481.53650364	3967.278724619935	4813.844025702531	-15.605226001811388	23173094.30379195	243.52307856761024	4854.142125377392	8994.590317333888	1.079828	30.507021	0.1040429999999999	0.0570611	-0.0673385025	0.0560434931	-0.0768010425	0.065367885	-0.0580917453	0.0183126358	0.0947103654	0.0534156443	0.0347402416	-0.008967193	0.0052451556	-0.0644255334	0.1151419131	0.0209049795	-0.0348464044	-0.0446594265	0.0663293952	0.0084958094	-0.0678838719	-0.084562079	-0.0772260376	-0.0141902209	-0.0037275865	0.0295584857	-0.016839976	-0.0481228347	-0.0248547494	0.0349863038	0.0268804629	-0.1173997894	-0.0375142863	0.0269660332	-0.0625873076	0.02835417	0.0118621539	0.1101953302	0.0351620933	0.137004513	0.0815823257	0.1308528711	-0.0304862606	0.0226084721	0.0701095967	0.097653707	-0.0430075127	0.0409212703	0.0097130356	0.0587705058	0.0232995794	-0.0746693528	0.0290151152	-0.0275854173	0.0064338982	0.0008751731	-0.0565659131	0.0427340852	0.1631898015	0.0978905001	0.040694893	-0.069387805	-0.0514461339	-0.1333769284	-0.0328254722	0.0741124879	-0.0948433287	-0.0241153285	-0.030103129	0.0203211776	0.0801891961	-0.1036679804	0.0385895829	0.0732234006	-0.02728046	-0.0143582249	-0.0450714261	-0.0684882599	0.057620229	0.0402297836	-0.0001958924	0.0135233463	0.0088569164	0.0143881533	0.0071126304	-0.0675256802	0.0509585649	0.0337145497	-0.1289381207	0.0772107539	-0.0395385983	0.0253153833	0.0713290986	0.018470408	-0.074834472	0.1009442369	0.0356512415	-0.0192147948	-0.1089162552	-0.030015014	-0.0550111748	0.0372999121	-0.0976621538	0.045084927	-0.0225642908	-0.0496552527	-0.0445396323	0.062240897	-0.032899228	0.0314994916	-0.012577244	-0.0027217511	-0.0790563208	-0.0542663242	-0.0192481302	-0.0430887454	-0.0175384204	-0.1290552804	-0.038456506	-0.0176250175	0.0072441055	-0.0851865091	0.0862906723	-0.1467993735	-0.036763006	-0.0973308514	0.026153104	-0.0654032495	-0.0694890006	-0.081187361	0.037401651	0.0075387424	0.030122998	-0.03789831	-0.0631133282	0.0960110708	0.0045156265	0.0094375201	-0.0121102327	-0.0156997305	0.0712382375	0.0522005143	0.1198096398	0.0495563079	0.1449007208	0.0565216833	0.0421422043	0.114204514	0.0414973534	-0.1139516492	0.042522085	0.0102762133	0.0243271749	-0.0148831778	-0.0031446984	0.128520564	0.0266036782	-0.1250048997	-0.0076632348	0.023727372	-0.0304293866	-0.0736100054	0.0066562534	0.0682026751	0.0096784183	0.0022539258	0.0189095323	0.0118137375	-0.0357262244	-0.0507348806	-0.0559782549	0.0661311333	0.067814885	-0.0181708402	-0.1104837239	-0.0665185861	-0.0083342985	-0.0146331576	0.0377147773	-0.1304119688	0.0238602259	0.0302714904	0.0417243613	-0.044681819	-0.085366982	-0.0386997195	0.0475673307	0.026615	-0.0033552999999999	1.125803808999999e-05	0.0007083582249999	-0.0615928	0.0526992	0.00277720568064	0.00379367301184	0.545341	0.0179969999999999	0.0003238920089999	0.2973968062809999	0.00167134	-0.00028471	8.105978410000004e-08	2.7933773956e-06	-0.0019353	0.0001867499999999	3.74538609e-06	3.487556249999994e-08	0.00195727	0.00012837	1.647885690000001e-08	3.8309058529e-06	0.0	0.0
5071.91406621165	-11.037645066860025	25724312.29503559	121.8296086219794	10303.398448907848	-39.30340005326434	106160019.59695666	1544.757255746939	4805.596015030894	-8.24801067163753	23093753.059680805	68.02968003944659	4846.777939551149	8929.086273892637	1.048849	29.6318	0.0897106	0.0525974	-0.0681706283	0.0249180936	-0.093872446	0.0618793554	-0.0571102925	-0.0396883243	0.0867357958	0.0117695688	-0.0021066165	0.1147602536	-0.0771582443	0.0030168024	0.0754178659	-0.0404878397	0.0414269091	0.0462476027	0.1202164529	0.0481339594	-0.0263404102	-0.0014717784	-0.0591145651	-0.0585154507	0.1907174824	-0.1021688235	-0.1364954657	0.0668215454	-0.0800967408	-0.0059806689	-0.0347055468	-0.0330801461	-0.0144965042	0.0338531117	0.0231858927	-0.0931673223	-0.0268481168	0.0443356243	-0.009727899	0.0525580468	-0.0724658485	-0.1610325554	-0.0603490682	-0.0597276159	0.0019780736	0.0153923811	0.0416339024	0.0079391596	0.0672159378	0.0262567584	0.0024829899	0.0262840648	-0.0227238254	-0.1103308172	0.0016025514	-0.0121817527	0.0001383997	0.0250978705	0.0043441492	-0.0262955573	-0.0080473718	-0.0923261736	-0.0973651906	-0.0565995147	-0.0891081625	0.037823588	-0.0589442199	-0.0994006444	-0.0072844326	0.0639389141	-0.0107306209	-0.0662623042	-0.0509060232	0.0056817668	-0.0809382654	0.0770189756	0.098066514	0.0133358751	-0.0208986269	-0.1894582858	0.0013340717	-0.0239982433	0.03812251	0.0935942605	-0.016858267	-0.0265167211	-0.0729533856	-0.1330851505	0.036620215	0.020978884	-0.0464050281	0.1070846677	0.021501247	-0.0266977902	-0.0268511834	-0.0101549136	0.026383443	-0.0721984384	-0.0837858369	0.0290226164	-0.0044991889	0.0464672678	-0.0508193726	-0.0612757747	-0.0435697578	0.0781028236	-0.1748614854	0.177349384	0.1531042473	-0.0609673696	-0.0594596568	0.0139064134	0.0083433895	0.0583840745	0.0060782913	-0.0508786633	-0.0288827294	-0.0217327919	0.0268235149	0.0959257909	0.0318953858	-0.0188387392	-0.0209269601	-0.0182794231	0.0743617204	0.1521843344	0.042919581	0.0729856482	-0.0234183803	-0.0070972943	-0.0299058829	-0.0119778781	-0.0009415341	-0.0634997304	0.0302724932	0.0195853303	-0.0045417513	0.0892409987	-0.0558565095	-0.0026655743	-0.0204162657	-0.0238716974	0.0075001136	-0.0530560407	0.0420228847	0.0402699958	0.1069219821	0.0466089536	0.0689363021	-0.0238459041	0.0571867701	0.1117366778	0.0102879774	-0.0784782783	-0.0533686387	0.0769339789	0.0057336026	-0.0181594445	-0.0707404731	-0.0755097816	0.1211722346	0.0065665454	-0.0176948736	-0.1595000032	-0.0429493664	-0.0462367602	0.0703474433	-0.0215614353	-0.0762289726	0.015420834	0.0556582256	-0.115681161	-0.0464499791	-0.0498494073	0.012188335	-0.1165886718	-0.0802450652	-0.024583379	0.0358578915	-0.0223068856	-0.0427619934	0.0809535697	0.0408668224	-0.0463397933	-0.0851986098	-0.035166972	0.0515555006	0.0252081	-0.0014068999999999	1.979367609999997e-06	0.00063544830561	-0.106509	-0.0449162	0.00201746502244	0.011344167081	0.522299	-0.023042	0.000530933764	0.2727962454009999	0.00162593	-4.540999999999985e-05	2.0620680999999867e-09	2.6436483649e-06	-0.00217745	-0.00024215	4.7412885025e-06	5.863662250000001e-08	0.00183792	-0.00011935	1.4244422500000014e-08	3.3779499264e-06	0.0	0.0
5063.380795823977	-8.533270387672928	25637825.08351905	72.81670350913569	10256.827951664596	-46.57049724325225	105202519.63004816	2168.811213483765	4807.760183046677	2.1641680157836163	23114557.97768902	4.6836232005407945	4847.8480946003565	8922.697236708993	1.016964	28.731007	0.1482133	0.0823157	-0.0466310454	-0.0002976367	-0.0833777444	0.0387047634	-0.0472503065	-0.0749750638	0.0500841277	-0.0280724735	0.0362183356	0.0924675309	0.0315410594	-0.0054239253	0.057859806	-0.0318308761	-0.0359415559	-0.1099314324	0.0303114435	-0.0211389339	-0.1056139838	-0.0149514187	-0.0402600164	-0.0390992854	0.0146573548	-0.0157878686	-0.0030688884	0.0563499856	-0.0240815782	-0.0018057659	-0.0831940301	-0.0049853145	-0.0270751062	-0.0560481113	0.0273585782	-0.1385019459	0.0371214986	0.0265666389	-0.0341699803	-0.0056282203	0.0106611382	0.0821384385	-0.0795702346	-0.0204510749	-0.0957873348	-0.013508584	0.0419613653	0.0540399033	-0.043322834	-0.0050182657	-0.0588267384	0.0442735308	-0.0407603624	-0.0047835646	0.0254389034	-0.0297627342	-0.0515264782	0.0830622818	-0.1256492298	-0.0517841327	-0.0179631625	0.0279037387	0.0270101836	-0.0331417594	0.0731022166	-0.0039822177	-0.0271347478	-0.0893012914	-0.1068583936	0.0462960912	0.0122509786	0.0897787355	0.0497690392	-0.0947033062	0.0072256814	0.0341431769	-0.0210433832	0.0327570326	-0.1063483364	-0.0155137514	0.0335581484	-0.145224877	-0.0713177338	-0.0745324404	-0.061598845	-0.0501482531	0.1202141109	0.0810581855	-0.1052122219	-0.0914645957	-0.0782183508	0.0320122563	-0.0564658825	-0.1187895117	-0.041311273	0.0248246799	-0.0950373283	0.1219898023	-0.0634856396	0.0225513905	-0.0492284534	-0.0546699744	-0.1040218549	0.030999823	-0.074097583	-0.0553633717	-0.0073699573	0.0607942596	0.0102827017	-0.0015267445	-0.0109057832	0.0330884867	0.030294784	0.0211411157	0.0544772401	-0.0880767956	0.0199324681	0.0219811738	-0.0224234483	0.1442355211	0.0194411343	-0.0033142822	0.0404570563	0.0130347398	0.0345659662	-0.0784886803	0.0924223563	-0.0113790061	0.0944212708	-0.0147988026	-0.011216455	-0.0632553687	0.0314006322	0.0130839914	0.0061622059	-0.0883458073	0.0132527356	0.002986597	-0.0500318932	0.0155628023	-0.1069251122	-0.0592509612	0.0499742474	0.0142151628	-0.0971629393	-0.0518870616	-0.0112230972	0.0438949443	-0.0695142302	-0.0484004758	0.0882273889	0.0718165128	0.0953200523	-0.0175809171	0.011439052	-0.0908210796	-0.0598553086	0.0797498354	0.0691477658	-0.0825546482	0.0060929052	0.0243188229	0.0206081546	-0.0928416674	0.0253811551	-0.0421278479	-0.076327544	-0.0404006447	0.0624242112	-0.0697427232	-0.138520082	0.1387233862	0.0804758818	0.0846606553	0.0362813445	0.0124868809	-0.112846796	-0.079710637	0.0487756936	0.001877032	0.0903013431	0.0334510599	0.0400039112	-0.0479734011	-0.0849294446	-0.0315602679	0.0553742778	0.0379057	0.0126976	0.00016122904576	0.00143684209249	-0.0391573	0.0673517	0.00453625149289	0.00153329414329	0.567047	0.044748	0.002002383504	0.321542300209	0.00131957	-0.00030636	9.385644960000005e-08	1.7412649848999998e-06	-0.00209205	8.540000000000023e-05	4.376673202499999e-06	7.293160000000041e-09	0.00191448	7.656000000000004e-05	5.861433600000006e-09	3.6652336704e-06	0.0	0.0
5066.328940058629	2.948144234652318	25667688.92887559	8.691554428313703	10238.605346815602	-18.2226048489938	104829039.44784103	332.0633274825722	4806.443036948471	-1.3171460982066492	23101894.66743044	1.734873844021	4848.509266928717	8876.485373899282	1.022023	28.873945	0.0982744499999999	0.0591355	-0.0522079087	0.0292580883	-0.0926229321	0.0576962185	-0.0402425612	-0.100204916	0.0673086405	0.020921359	0.0062289569	0.1325583961	-0.022226737	0.0578690747	0.0005889985	-0.0553002342	-0.017637508	-0.0303782644	-0.0100785269	0.1095048558	-0.0970595443	-0.0240127663	-0.0028067599	0.0526658442	-0.0236239032	-0.100152664	-0.1533719077	-0.0592828034	-0.0132423947	0.0209555556	0.0307434272	-0.0080394839	0.0399743551	0.0811936653	0.0091089372	0.0434089498	0.0430184837	-0.0054811795	0.0358811414	0.0048847447	-0.0358600182	-0.0533273355	0.0354481409	0.0563669526	-0.0075880899	-0.048875665	0.0799498408	-0.0036343267	0.0523660943	0.0345633737	0.1101643875	0.0173547517	-0.000753121	0.0100728502	0.0878560485	0.0889184676	0.0177790004	0.0618280837	0.0552159412	-0.0093981272	-0.0420715292	0.052679575	-0.0425028829	0.018476705	0.0093219901	-0.0060028954	0.051098088	0.0209180857	0.0370341624	-0.0913803589	-0.0616306405	-0.0489844746	-0.0397500281	0.0336654058	-0.0260454253	-0.0592991999	-0.037742812	-0.0612016469	-0.0948717618	-0.0752437487	-0.0261970075	0.0126602011	-0.0566532712	0.0632562415	-0.0076487544	0.0351913246	0.0497130128	-0.0435184449	0.0395608435	-0.005324464	-0.0576209116	0.0307929627	0.0659099916	0.0898100106	-0.0248487775	-0.0177644095	0.036197061	-0.0346631199	-0.0117730865	0.0524098329	-0.0346889641	-0.0417364346	-0.0075847214	0.1004276714	-0.0957944719	0.0563160568	-0.1165010779	0.0216423164	0.0100999618	-0.1209551734	-0.0763475545	-0.0800081201	-0.0557808422	-0.0367665575	-0.0132947353	0.0411361629	-0.0451372295	-0.0079198457	0.060261385	-0.0370114306	-0.0737386912	-0.011768591	-0.0146044475	-0.0170967566	0.0222863883	0.0530463563	-0.053129264	-0.0301174976	0.0193360275	0.0659060399	-0.0703429014	-0.0049209778	-0.005269483	-0.0176836391	0.104042126	0.0738029094	-0.0301816052	-0.0517326347	-0.0629105362	-0.0806296172	0.0420439653	0.0710300314	0.0553304252	0.0017522653	-0.0235198672	-0.031200692	0.0487446354	-0.0133177298	-0.004501546	0.0514642285	-0.0576128963	-0.0088469155	-0.0679838289	0.0936308775	-0.050938122	0.0332857991	0.025762269	0.0292768632	0.0017827014	-0.0290802581	-0.0830946355	-0.0556898865	0.0522116678	-0.1176052144	-0.0191461193	0.0208970956	-0.0553664397	0.0327059195	-0.0519655988	0.0547435932	-0.0386018824	-0.067715089	-0.0264306331	0.0049750102	0.0042666444	-0.0779355211	0.0175581251	0.0745758947	0.0093403364	-0.0370786336	-0.0453420293	0.0432406266	0.039135741	-0.0495817833	-0.0845598046	-0.027887192	0.0590111152	0.0438819	0.0059762	3.571496644000001e-05	0.00192562114761	-0.0787507	-0.0395934	0.00156763732356	0.00620167275049	0.559863	-0.0071839999999999	5.160985599999954e-05	0.313446578769	0.000640773	-0.000678797	4.60765367209e-07	4.10590037529e-07	-0.00217595	-8.390000000000003e-05	4.734758402499999e-06	7.039210000000006e-09	0.00176676	-0.00014772	2.1821198400000018e-08	3.1214408976e-06	0.0	0.0
5079.976365346412	13.647425287783337	25806159.872478142	186.25221698562805	10274.205270821578	35.59992400597548	105559293.9469779	1267.3545892312293	4803.363434108643	-3.0796028398281123	23072300.280131973	9.483953651077377	4843.896356637684	8896.006847574583	1.15686	32.683319	0.0463542499999999	0.022111	-0.0245491042	-0.0615995581	-0.0490182033	-0.0248618208	-0.0413339408	-0.035203752	0.0126861606	-0.068110605	0.0349815052	0.0873802333	0.0247387231	0.0346402644	0.0011252072	-0.0915359006	0.0271974172	-0.0708631516	-0.0376432596	0.0470438717	-0.0484356843	-0.0535580198	0.0245534116	0.037546874	0.0940717399	0.015542123	0.0247348333	0.116287856	-0.0672046286	0.0559522323	0.0456848167	0.0455811618	-0.133697317	-0.0177059224	-0.0976032937	-0.0151366511	-0.0102348035	0.1099776328	-0.0301117708	-0.1063270874	-0.0500618377	0.0040997526	0.0143728075	0.0182011689	0.0013606953	-0.0637753136	-0.0232776909	0.0043225828	0.0376534731	-0.0923679862	-0.027845034	0.0678533459	0.0653381909	0.02739074	-0.0288414509	0.0002573659	0.1378677202	0.0549730331	-0.0362463662	-0.0774194111	0.0849883208	0.0200248937	-0.0324794768	-0.0864049207	-0.0861590419	-0.0053308443	-0.0234062313	0.1244651176	-0.0074461545	-0.0431399903	-0.0187123993	0.0499208459	0.0392944356	-0.0003599041	0.0590810849	0.022914955	-0.046213545	-0.0103023298	0.1092690733	0.0640864833	0.0099537024	0.0024533933	-0.0899441709	-0.1314166395	0.1393915175	0.047085485	-0.0327378098	0.0444704152	-0.0271934299	-0.0129440099	-0.0399209816	-0.0240636094	-0.0040159382	-0.0866211729	0.0314160473	0.06089498	0.0428144211	-0.0282170183	-0.0119347778	0.0834417351	0.0239933346	-0.0906684258	-0.0176094263	0.0517796283	-0.0273399094	0.0089238118	-0.0841561107	0.0067413991	0.0692059565	0.0512850195	-0.0372803621	0.1425915394	0.0018234392	-0.0064305687	-0.0290711064	-0.0144279067	0.1491523001	-0.0293318539	-0.0681063737	0.0086973776	0.0183696854	-0.1132209585	-0.0755795644	0.072520338	0.0406916327	-0.0230747169	-0.0333730375	-0.0104006777	0.0092524175	0.065389867	0.024029034	0.0424591233	0.036670931	0.0081975233	0.0450557864	-0.0868869369	-0.0442546094	-0.0032082963	0.0540330886	0.0051192485	-0.1170388464	0.0633099843	-0.0743657037	-0.0905970781	0.0596413026	-0.098727652	0.034200382	0.0603951504	0.1040429916	-0.0228839695	-0.0303589052	-0.1013818033	0.0079380754	0.0489893991	0.0031934517	-0.0658514039	-0.0274519998	-0.0149299979	0.0409558591	0.0517107604	0.0021381331	-0.0265454314	-0.0569966645	0.1128683036	0.0405935973	-0.0153593511	-0.0326885227	0.150364945	0.1360676356	-0.0569495453	0.0446680715	0.0277362303	0.021479165	0.063120266	-0.0041916891	0.0056291628	-0.005421056	-0.0872841276	-0.0226913537	-0.0318670741	-0.022355177	0.0680975214	0.0382624261	-0.0511640943	-0.0840901273	-0.0241554689	0.0624540634	0.0382925	-0.0055894	3.1241392360000014e-05	0.00146631555625	-0.0731322999999999	0.0056184000000001	3.1566418560001195e-05	0.0053483333032899	0.577542	0.017679	0.000312547041	0.333554761764	0.000805232	0.000164459	2.704676268100001e-08	6.48398573824e-07	-0.00215831	1.7639999999999757e-05	4.6583020561000005e-06	3.1116959999999136e-10	0.00193401	0.0001672499999999	2.7972562499999957e-08	3.7403946801e-06	0.0	0.0
5074.788072568813	-5.1882927775996	25753473.98148669	26.91838194609217	10310.613590011688	36.40831919010998	106308752.60253371	1325.5657062489304	4805.654141231484	2.290707122841013	23094311.725135308	5.2473391226345525	4846.329841029839	8910.36088608129	1.112743	31.436926	0.0496894	0.0201722	-0.0296039382	-0.0124209008	0.0655383842	-0.0646827702	-0.0247814634	-0.0314420802	-0.0034014377	-0.0367401383	-0.0183053899	-0.049605851	0.0254055937	0.0769622718	0.0020257486	-0.0556833021	-0.0297625396	0.0403882974	0.0107122153	0.0415410586	-0.0281498924	-0.0141940189	-0.0084146747	0.0436899419	-0.0280378305	0.0219537946	-0.0173782953	-0.0196642333	-0.1042853187	-0.0412971129	-0.1040915798	-0.0624778647	-0.0502030626	-0.0928752904	0.0122875597	0.0722178974	0.0338081085	0.0441839245	0.0344118791	0.057251779	0.030950004	-0.1359118686	0.0290585917	-0.0447152009	0.0186058072	0.0063904898	-0.1016335566	0.0106403439	-0.0154582941	-0.217471259	0.0288843271	-0.0895953478	-0.0755604202	-0.0429293138	0.0256382182	0.0593925984	0.0264248402	0.0215325282	-0.0004267663	0.0330872485	-0.0512094694	-0.0018915814	0.0641369178	0.0645913295	-0.0896520934	-0.0109756885	-0.0547016216	0.0470758687	-0.0089372525	-0.0330211845	0.0579492184	0.0043275522	-0.0938151859	-0.0217836981	0.0554145771	-0.023971729	-0.0252250319	-0.0367400346	0.1101846945	-0.0995334247	-0.0583117704	0.0222156074	-0.0516794942	0.1543682061	-0.0446842468	-0.0732894118	0.0295704959	0.0054770715	0.0038708428	-0.0439962462	0.0277149349	0.0125852756	-0.0137795654	0.0547604381	0.0182041023	-0.042796773	-0.1664136503	-0.0516322261	-0.0069031144	0.0509090136	-0.0176566524	0.0269538643	0.0386174656	0.0419743272	-0.0249356812	0.0227538592	-0.036200209	-0.0161561553	-0.0368136579	0.0066836606	-0.0279204962	-0.0035604751	-0.060541432	0.0782163212	0.0641002393	-0.1405319165	-0.0025615659	0.0053542254	-0.0491883693	-0.0042176933	-0.0519124002	-0.0590566699	0.0047760583	-0.0575466987	-0.0527022683	0.14349528	-0.0197315718	0.090228063	-0.0196454551	-0.0179810635	0.0376331384	0.171665334	0.0863788847	0.1348236981	-0.0219269493	0.0164716971	0.110685395	-0.0265834571	-0.0418513801	-0.0451686766	-0.0203272879	-0.0194616636	-0.0265539463	0.0284021339	0.0010631061	0.0479579396	-0.015386695	-0.0706509056	0.0871880012	0.0108776598	0.0194247605	-0.0627410898	0.0110307385	0.0386060141	0.0590848246	0.0067965101	0.0633450838	0.0340028136	-0.0847218394	0.1077319622	0.0270755522	-0.0891021654	-0.0983250766	-0.0347310124	-0.0662085179	-0.0117345012	-0.0340177489	-0.0311083781	-0.1797924111	-0.0392377808	-0.00764207	0.0347228345	-0.0159508108	-0.0240615041	0.0472008728	-0.0007486192	0.0033336511	0.0772611941	-0.0520458376	0.1163390188	0.0992049802	0.0721764431	0.0373840812	-0.052719502	-0.0835209683	-0.0203729465	0.0656918102	0.0465241	0.0082315999999999	6.775923855999997e-05	0.0021644918808099	-0.0608825	0.0122497999999999	0.0001500576000399	0.00370667880625	0.58533	0.007788	6.065294400000027e-05	0.3426112089	0.000586352	-0.0002188799999999	4.7908454399999994e-08	3.438086679040001e-07	-0.00209026	6.805000000000005e-05	4.3691868676e-06	4.6308025000000084e-09	0.00179254	-0.0001414699999999	2.0013760899999965e-08	3.2131996516e-06	0.0	0.0
5075.433586143768	0.645513574954748	25760026.087356184	0.4166877754508591	10306.7834110529	-3.830178958787656	106229784.28235526	14.67027085633969	4804.0853013109945	-1.568839920489154	23079235.582272347	2.4612586961204146	4843.979854569381	8932.19426022002	1.048197	29.61338	0.0992724999999999	0.0512357	-0.0174450671	0.0759992322	0.0449475148	-0.0603582811	0.0109777105	-0.0212550023	0.0668684638	-0.029941684	-0.0354581557	-0.050611486	0.0115755381	0.0447520982	-0.0437008287	-0.0491948111	-0.0544000788	-0.0048174772	-0.0313108525	-0.0051126224	0.0929510779	0.0063418732	0.0293770564	0.1612959291	0.0566969938	0.0283044473	0.0468586684	-0.0119105832	-0.0481806787	0.0319387293	-0.0200156581	0.0872229808	0.017073708	-0.0416983726	0.0363901682	0.0921844019	0.0657464307	-0.0570963706	-0.0915739089	-0.0281873351	0.0452602309	0.018684779	-0.0275337835	0.0515303368	0.0569454088	0.0317094864	-0.0926966479	-0.0683436541	0.0735041901	-0.0259346271	0.0698722611	-0.0898489579	-0.1077739283	0.1268065256	0.0439779326	0.0686627296	0.0188573354	-0.0866136885	-0.118649259	0.0722216124	0.0803935387	0.0351169539	0.0258946275	-0.0343857791	-0.0020665936	-0.0591456514	-0.0504988284	-0.0815411017	0.0008705678	0.0659394485	0.0032444045	0.0267587275	0.004153393	-0.0628362314	0.0438193033	0.0071180747	0.0524832167	-0.0487233645	0.1082755015	0.0396755938	0.0173833969	0.0351221238	0.0512753194	-0.0689686507	0.0503797583	0.0333475617	-0.0328974166	0.0118899976	0.0226068883	-0.0812715627	0.0625490434	-0.0750671729	-0.0218496401	-0.1000427092	-0.0105527382	-0.0385996945	0.0412128653	-0.0121324354	0.0364287818	0.0536399878	-0.0544120952	-0.041799038	0.0414044204	-0.0282188738	0.0637693736	0.0438116227	-0.0621414082	-0.1054892444	-0.0166526914	0.0761636681	0.0495045021	0.0245335799	-0.0213375289	0.0402678856	0.0538521947	0.006201993	0.0328073608	0.1150269536	0.0053518455	-0.0992938465	-0.0438719969	-0.0020162876	0.0837722856	0.0852520746	-0.0521324612	-0.0197450259	0.0205335964	-0.0598926784	-0.0714260511	0.0030769327	0.0592602693	0.0972762044	-0.045080927	-0.0702443727	0.0369740117	0.0352092946	0.1135042688	-0.1801176034	0.0059203336	-0.0440242162	0.0153017787	-0.084905576	-0.131503189	0.0781826275	0.0181388677	-0.0706468971	-0.0535556103	0.0343885425	0.0055302084	0.0346321872	0.1068889459	0.0395730254	0.0117022407	-0.061552593	0.0164446295	-0.02545108	-0.027838142	0.0141311457	-0.0231406408	0.1036423423	0.0667298097	-0.0238539272	-0.0070992452	0.0690069683	0.0249070264	-0.0216438338	0.055099998	0.04123228	0.0727435979	-0.0018978716	0.0342353225	-0.015149434	0.0138895883	0.0257786262	0.0797418297	0.0953960238	0.0468342667	-0.0951219027	0.0491609023	0.0190660629	-0.0328800192	-0.0768404756	0.0365008217	-0.0542471886	-0.0828530009	-0.0165475795	0.0687137175	0.0455861	-0.000938	8.798440000000025e-07	0.00207809251321	-0.0347009	0.0261816	0.00068547617856	0.00120415246081	0.623776	0.0384459999999999	0.0014780949159999	0.389096498176	0.000368334	-0.000218018	4.7531848324000025e-08	1.35669935556e-07	-0.00172163	0.00036863	2.9640098569e-06	1.358880769e-07	0.00188003	8.748999999999996e-05	7.654500099999994e-09	3.5345128009e-06	0.0	0.0
5064.80943282761	-10.62415331615739	25652294.59085954	112.87263368521806	10257.782056921737	-49.00135413116368	105222092.72730552	2401.132706687712	4797.541246614831	-6.544054696163585	23016402.012970585	42.82465186638066	4838.06637086952	8890.616701329114	1.029397	29.082247	0.0402972499999999	0.0201299	-0.0323725429	0.1031903121	-0.0201826799	-0.0291238245	-0.0113421585	-0.0459068296	0.1072068868	0.0091456319	-0.0129991414	0.0039461278	0.0229724877	0.0588864086	-0.082634015	-0.09008427	-0.0978390981	0.0324097093	-0.0095150382	3.9489e-06	0.0428335759	0.05927748	-0.0581435614	-0.0173808162	-0.0787378136	0.0402582855	-0.111730856	-0.0130728566	-0.1081331786	-0.1046893667	-0.0700576117	-0.0032877108	-0.0302442169	-0.147730812	-0.0209471508	0.036797159	0.017898073	-0.027619286	0.1021177667	0.0759982223	-0.1075625137	-0.0028614511	0.0699396162	0.0687672516	0.0149155926	-0.0785371479	-0.1392808136	-0.0213455145	-0.0186859589	-0.00070524	0.0142471985	-0.0362660684	0.020531172	0.0255184593	0.0797834569	-0.0132695526	-0.0122730867	-0.118097888	-0.0650527651	0.0435109607	0.0050824833	-0.081891659	-0.0502166274	0.0549541424	0.055275118	0.0611246387	0.0462324575	-0.0372766198	-0.0301375269	-0.0143373588	0.1312495054	-0.0439932632	0.0172410913	0.0213675512	0.1239442065	0.0284423609	0.0169744321	0.0566649042	-0.0477117824	-0.0407850475	0.0500797524	-0.0670284859	-0.1119775346	-0.0833066208	-0.015489	-0.0380312744	-0.0140440476	0.0107705515	0.0452555778	0.0394263589	-0.0410842277	-0.0001872451	0.0154693393	-0.0680655067	0.0837143755	-0.0889244749	0.0704827774	0.0221895759	0.0697296157	0.0973914043	-0.1023327488	0.0096609667	0.0459337474	-0.0086902084	0.0302719368	0.0291460585	0.0316652705	0.0337463536	-0.0984734429	-0.009676275	-0.0995984145	-0.0684798545	-0.0330925952	0.1336894483	0.0184025899	-0.1419669116	-0.0199799311	0.0623968305	-0.0970176043	-0.0426700977	-0.0344714712	0.0398255403	-0.0157832222	-0.0879778658	0.1180106406	0.0381088389	-0.0983825934	-0.0392954811	0.0008737597	0.0605779577	0.1136135533	0.0677514993	0.0161534713	0.0303565211	-0.0373577762	0.0187434688	-0.0545581792	-0.0649226756	-0.0355086663	0.035117364	0.0226863717	-0.0808864052	-0.1031746948	0.0531502094	0.0305209833	0.0614490587	0.0519795215	-0.0596896309	-0.0799075971	-0.06816977	-0.0328845781	0.0535310978	0.0400585942	0.0273466476	0.0805305582	0.0732454362	0.0694237029	0.0534788807	0.1524965718	-0.012483899	0.0246611059	0.0568571988	-0.0101746244	-0.0835307809	0.0339503246	-0.0091231834	-0.0755014899	-0.0096223165	0.0743373683	-0.0714695916	0.0063286373	0.0186185843	-0.0467790727	-0.0147955228	-0.0357082609	-0.0129958196	-0.0043915347	-0.0533373325	-0.0049601917	0.0614113587	-0.1259312487	-0.0313312825	0.0356127639	-0.0557463508	-0.0820870153	-0.0126874127	0.0715098565	0.0492304	0.0036443	1.3280922490000022e-05	0.00242363228416	-0.0513775	-0.0166766	0.00027810898756	0.00263964750625	0.615979	-0.0077969999999999	6.079320899999911e-05	0.379430128441	0.000469621	0.0001012869999999	1.0259056368999996e-08	2.20543883641e-07	-0.00184832	-0.00012669	3.4162868224000004e-06	1.6050356100000014e-08	0.00186442	-1.5609999999999886e-05	2.4367209999999643e-10	3.4760619364000003e-06	0.0	0.0
5076.118427351008	11.308994523397814	25766978.28849247	127.89335713024175	10276.184335844531	18.40227892279472	105599964.50425652	338.6438695523349	4799.662234230186	2.1209876153552614	23036757.562695503	4.498588464490398	4840.521950447724	8883.303015158775	1.03484	29.236048	0.0606057999999999	0.0332583	0.0148826211	0.0765160591	-0.0749051117	-0.0519876634	0.0204495716	-0.0059707879	0.0849875048	-0.0268277577	0.0007516287	0.0431588377	0.0137108848	0.0472255011	-0.0847698782	-0.0583105039	-0.0723388697	0.0042739021	0.0829000974	-0.0406767874	0.0413486055	-0.0421886472	-0.0004474485	-0.0133288186	0.0829066613	-0.0547990818	-0.0648086276	-0.0140437531	-0.0794070269	0.0335641334	0.0028019413	0.0426643483	0.0727491937	-0.057294603	-0.0622972549	0.0645559577	-0.0242250858	0.0541475188	-0.0045674445	-0.0778097667	0.102313785	0.0759501967	-0.0064702616	-0.110495037	0.0797384149	0.0863035463	0.0126105889	-0.0484693973	0.1048382319	-0.0951719208	-0.0214695507	0.0758108388	0.0037465479	0.0002187025	-1.15398e-05	-0.0020713182	-0.0340390279	0.0579991383	-0.0378082972	0.0340155561	-0.1052604846	-0.072565677	0.026166494	0.0907033908	0.0061224492	-0.0553257112	0.0514706836	-0.0025580316	-0.024035951	0.0461848116	0.0411958106	-0.029187818	0.0033873516	0.0433870752	-0.0884864057	0.1211305484	0.0627903316	-0.0507360943	-0.0500048284	0.0714090557	-0.1452072548	-0.1104760838	-0.0786834868	0.0583190249	-0.0297003288	-0.1107459082	-0.0600416043	-0.0755204816	-0.0583330932	0.0753850603	-0.0428469696	-0.1843578404	-0.020194679	0.0838723451	0.0689928379	0.0262900111	0.0091624322	0.0321237796	0.0748431939	0.0633480687	-0.0918210189	0.0136105835	-0.0498976057	-0.0753898487	0.0312329386	-0.0075583405	-0.0878096899	0.0333794492	0.076690923	-0.0402758657	-0.0175570288	0.0063748123	-0.063489338	0.0270643863	0.0050619848	0.0217572882	-0.0295836692	0.0748116506	-0.087843626	-0.0574686655	0.0142456156	-0.0685204835	-0.03715723	0.0102258948	-0.1022120479	-0.1170101786	0.0376964267	0.0875192832	-0.0692046494	-0.0709352467	-0.0572848817	0.1077186773	-0.0145712017	-0.0337143751	0.0677060124	-0.071112153	-0.018497606	0.0246635655	0.0126001191	-0.0206715691	-0.080163753	-0.0365466199	0.0513240424	0.0291215129	-0.0540309642	0.1234061612	0.0062898968	-0.0673531546	-0.0262002856	0.0916281624	-0.0147902709	-0.0018878139	0.0448146102	-0.0478832622	0.0346408925	0.0408807362	-0.006862949	-0.0556518177	-0.0222293328	-0.1246794489	0.1068248083	-0.0231869557	0.0872527537	0.038082499	-0.0579669173	-0.0781219588	-0.1690468716	-0.0519214174	-0.0719563824	-0.1205575883	0.0409298727	-0.0706585452	0.0367032359	0.030294468	-0.113988766	0.0954537073	0.0943456244	0.0566616933	-0.0470443144	-0.0540266515	-0.0342738392	0.0544996723	0.0347200244	-0.0572162003	-0.0812239177	-0.008800564	0.0740710399	0.0442725	-0.0049579	2.4580772410000013e-05	0.00196005425625	-0.0605414	-0.0091639	8.397706321000005e-05	0.00366526111396	0.642737	0.0267579999999999	0.0007159905639999	0.413110851169	0.000286711	-0.00018291	3.34560681e-08	8.2203197521e-08	-0.00168152	0.0001668	2.8275095104e-06	2.7822240000000053e-08	0.00181961	-4.481000000000016e-05	2.007936100000014e-09	3.3109805521e-06	0.0	0.0
5078.51171870652	2.393291355511792	25791281.27703945	5.727843512367471	10271.749935132024	-4.43440071250734	105508846.72988474	19.66390967908561	4812.825493603454	13.163259373267463	23163289.231879327	173.27139732791375	4853.861105120765	8887.736284935208	1.004864	28.389154	0.0971386	0.0397891	0.0177170556	0.0916565426	-0.0585438157	-0.0675778836	0.0339360904	-0.0218148614	0.0648669979	0.008414871	-0.0301600598	0.0471973221	0.0173007641	0.0302070301	-0.059652249	0.0031343303	-0.1228079191	0.1059862955	-0.0286368714	0.0375506752	0.0031053456	-0.0586957085	0.0211601373	0.1650942181	-0.0083503225	-0.0558950057	-0.0033670267	0.0179650369	0.0211660979	0.0641697844	-0.0016999074	-0.0090076726	0.0305110302	0.0981184567	-0.1031334671	0.160377385	-0.0208676033	-0.0295879705	0.0503231592	0.0057356702	-0.0375365021	-0.0045150338	-0.0605597475	0.0476193118	0.0279922099	-0.0488556823	-0.0344380995	-0.0213537125	-0.0513893233	-0.0178126262	-0.066825027	0.0725285888	0.0216040493	-0.0194430962	0.0448197321	-0.0327415569	-0.033571625	0.0889238901	0.0119940888	0.0989476648	0.021107077	-0.0230896353	0.1378620988	0.0738786861	0.0011155383	-0.0050900595	-0.017299432	0.0217664818	0.0540340775	-0.0749613393	0.0142735851	0.0214384766	0.0291015147	-0.0100966036	-0.0820451523	-0.044404585	0.0222342835	0.083910581	0.0054818324	0.017261201	0.0401215319	0.0796503078	-0.0489859481	0.1161067805	-0.0844789055	0.0226335402	0.1572227459	0.0464220424	0.0824667989	0.0601394225	-0.0116685804	0.0184108856	0.0325207907	-0.0192986422	-0.0893763252	-0.0233431063	0.0469880519	-0.0205985767	0.0548529306	0.0042269843	-0.140500159	0.0394086083	0.1062137611	0.0291140486	-0.0087886127	0.0247320311	-0.1532174397	-0.0992500616	-0.0351386094	-0.0356834653	0.0002009728	0.0361446055	0.0203124129	-0.0480771149	0.0430689306	0.0886921359	-0.0267918196	-0.0656190889	-0.0040451629	-0.1763164978	-0.0412436762	-0.013753693	-0.0399270837	-0.0300973929	0.0405226215	0.0221904026	0.0402284246	-0.0498456882	-0.0302534562	0.0563196771	0.0371378003	0.0066179883	-0.0255891433	0.0534214126	-0.0059309265	-0.0939846439	-0.0482290737	0.0292132895	-0.0429102145	0.0177244008	-0.052515575	0.0153708341	0.0761815638	0.0860555915	0.0436743643	0.056811036	-0.1139279379	-0.0652702886	-0.0031750717	0.004180678	0.0224220476	-0.0161938774	-0.0812679807	0.0640516811	0.0456148941	-0.0297065292	-0.0372650773	-0.0342704721	-0.0517115468	-0.020601877	-0.0454886637	0.0583405897	-0.0488522685	-0.0314606147	0.0460636232	0.0792905257	-0.0613461696	0.0027426164	-0.1152495959	0.1183448359	-0.1386250477	0.027245683	-0.0775058051	-0.0777835878	-0.0287119718	-0.0048323826	0.0083134065	-0.0085144409	0.0790727273	-0.0283745337	-0.00226335	-0.0239438437	0.0338227206	-0.0586559641	-0.0802647293	-0.0048952076	0.0763888527	0.0532635	0.0089909999999999	8.083808099999998e-05	0.00283700043225	-0.0361393	0.0244021	0.00059546248441	0.00130604900449	0.635115	-0.007622	5.809488400000027e-05	0.403371063225	-0.000178149	-0.00046486	2.160948196e-07	3.1737066201e-08	-0.00203937	-0.00035785	4.1590299969e-06	1.2805662250000005e-07	0.00151985	-0.0002997599999999	8.985605759999989e-08	2.3099440225000005e-06	0.0	0.0
5102.373738504505	23.86201979798534	26034217.76738044	569.3959888394444	10358.225657184446	86.4757220524225	107292838.76515415	7478.050504487831	4818.321665484642	5.496171881188275	23216223.67207869	30.207905347564655	4859.228248969524	8873.732787177378	1.142912	32.289257	0.140437	0.0861843	-0.0176772407	0.1105043515	-0.0236852861	-0.0652765491	-0.0241536246	0.0836124764	0.1179662953	-0.0092670212	0.0357433161	-0.0368756391	-0.0161938636	0.0087666352	0.0362897817	-0.0115372153	-0.0971460693	0.011526371	-0.0169454375	-0.0158664515	-0.0012041473	-0.0155531663	0.0248952215	-0.1085050866	-0.0057591235	-0.0491852798	-0.0351706636	-0.1041576032	0.0494338471	0.0162062507	0.0347097061	-0.004396519	-0.0763261063	-0.0278113908	0.0253513307	0.0035598548	0.0516585803	0.0135410933	-0.0239453778	-0.0174559828	0.0148222273	-0.0234963102	-0.0324169415	0.0637395245	0.0004717064	-0.0177613509	0.0275916961	-0.0033622675	0.0045027777	0.0816851143	0.0508632801	-0.061060027	0.130727264	0.0029428825	0.0457204352	-0.0688140091	-0.0556347693	0.0780312966	-0.0714910428	-0.0114054496	-0.0440027389	0.0002022476	0.0470479213	0.0616095674	0.0261356349	0.0295337777	-0.009648633	-0.0036035805	-0.0436619	0.0675957389	-0.0113369644	0.1678112045	-0.0196256147	0.0379393981	0.0789972883	-0.0587541933	-0.0126202142	-0.0048261291	0.0139889364	0.0820463776	0.0627858193	0.1084877885	0.1103785717	-0.0001581286	-0.0185366351	-0.1167203598	-0.0077683516	-0.0856650491	0.1056231774	0.1181932058	0.07898206	-0.034140923	-0.0111892274	-0.0303931032	-0.1439654422	-0.074832653	0.073978776	-0.0477955965	-0.0329543666	0.0078501685	-0.0919680139	0.010480675	0.0224747809	0.0162948285	0.0231629166	-0.043768504	0.0809219755	0.0249048597	0.0511765239	-0.0623934575	0.0334728709	-0.0954482188	-0.0562727685	-0.0613622748	-0.0370754719	-0.0309255838	0.0411611892	-0.0127162731	-0.0068422527	0.0107144311	-0.0427873004	-0.0302425965	0.0055420339	0.0315181555	0.0027916602	0.0420578538	0.0332468692	-0.0639859204	0.0122795865	0.0151684598	-0.0166809805	-0.0290766565	-0.0088050373	-0.0331848817	-0.030577281	0.0917900619	-0.141118228	-0.0550067162	-0.0131074177	0.0623503966	-0.068903701	-0.0123491962	0.0748853265	0.0464054387	-0.0649825754	-0.0024285562	-0.0252420044	-0.052637044	-0.0361948226	0.0017856494	0.0217498286	0.007254476	0.0772270456	-0.055138873	-0.0136585707	-0.170825269	0.0992584077	-0.0164798876	0.0116250377	0.0972659281	-0.0392287752	0.0326049535	0.0153889407	0.0980656876	0.0403851915	0.0564788251	0.1113574404	-0.0860441094	-0.0115592245	-0.0544159596	-0.0252767401	-0.1267949598	-0.1089433745	-0.1159194465	-0.0461813532	0.0641959743	0.0161632485	-0.0119102372	0.179323972	0.0004008701	-0.0356732781	-0.0312552419	0.0329209705	-0.0600648854	-0.0792105847	-0.0009795565	0.0784556795	0.058295	0.0050315	2.5315992250000014e-05	0.003398307025	-0.118831	-0.0826917	0.00683791724889	0.014120806561	0.613539	-0.021576	0.000465523776	0.3764301045209999	0.000382457	0.000560606	3.14279087236e-07	1.46273356849e-07	-0.00199305	4.631999999999987e-05	3.9722483025e-06	2.145542399999988e-09	0.00153568	1.582999999999988e-05	2.505888999999962e-10	2.3583130624e-06	0.0	0.0
5102.794568392201	0.4208298876956178	26038512.407212947	0.1770977943779063	10350.809779907917	-7.4158772765295	107139263.09983738	54.995235780546594	4822.21683153121	3.895166046568193	23253775.170302905	15.172318530337682	4862.232171301561	8939.808447038296	1.10115	31.109402	0.13905906	0.0805329	0.0319517121	0.1143029872	-0.0648597509	-0.1040345476	0.0409655726	0.0757610297	0.0878606412	0.0235442869	-0.0718012497	-0.0024133448	-0.0179004554	0.0483556142	0.0043877968	0.0623787773	-0.063244614	-0.0005831572	-0.0277288512	-0.0097814541	0.0112603213	-0.036202811	0.0115294846	0.0470091208	-0.0471236289	-0.0395543016	-0.0011826146	0.0385052284	0.0630894531	0.0640796001	0.0192005583	0.0735175913	-0.0218423787	0.0643335342	-0.1039103512	-0.073377172	-0.1199110618	0.0911498061	0.0859469892	0.0180862214	-0.0600370201	0.0032046217	-0.0297186357	-0.0217415193	-0.1199185283	0.0211866755	0.0482616328	0.0482264818	-0.0156028975	0.0416416217	-0.0240005673	0.0232434942	-0.0382547112	0.0045607413	0.2027916516	0.0818187308	-0.0461957377	-0.0533467709	0.0357994394	-0.0458148702	0.12788957	0.0715665622	0.0033166671	-0.0599460583	-0.0175387004	0.0738262868	-0.1357745894	-0.0475208424	0.0991476492	-0.0017366544	0.0473387376	0.0259355012	-0.0192382769	0.0221255	-0.0055595079	-0.0419897429	0.0547558926	0.0210492824	-0.0169357491	-0.0503417346	-0.0670355259	-0.1349439617	0.0238517917	0.0130312345	0.0218680203	0.0977137847	0.0503923593	0.0315934767	-0.0419334558	0.042117076	0.0289856796	-0.0281426183	-0.0227889103	0.0082854621	-0.0330654912	0.0062195012	0.1074697444	0.0313707639	0.0018925099	-0.0634131408	-0.0731528592	-0.0153239876	0.0188534227	0.0075864246	0.0009822634	-0.0149009651	-0.0366970632	-0.0507664058	-0.0436025557	-0.0523362431	-0.0250755345	0.0370557152	0.0300141777	-0.0571395011	0.012585727	0.1263659109	0.0732054691	-0.046399699	-0.0305653061	0.0374912215	0.0862071926	-0.0209154851	-0.1051471384	-0.1039545383	0.0887514757	0.004933167	0.0261972345	0.0017261317	0.1003864143	-0.0467995012	-0.0065852765	-0.0910241199	0.0076873923	-0.0335006454	0.0224569755	-0.0662606142	-0.0360333267	-0.1005147598	-0.1488624088	-0.0649113901	0.1079130295	-0.0601004928	0.0129686752	-0.0410877361	0.0582863391	-0.1225426713	-0.0328846417	0.0249013438	0.0349791008	-0.1334185532	0.0672369813	0.0313394307	-0.104743839	-0.0323962107	0.021120799	0.0005245604	0.0527487511	-0.0331254892	-0.0223228948	0.0052887319	-0.0076915219	0.0665717523	0.0342708946	-0.0498463824	-0.0560687735	-0.1250796678	0.0034935271	0.0556811715	0.0155621319	0.0722299304	-0.0102972537	0.0466652714	0.060135498	-0.0152135828	-0.0520132315	0.0533088107	-0.0055064451	0.011560161	0.0388077746	-0.0517063689	-0.0343774448	-0.047641546	0.0320148926	-0.0614422231	-0.078062731	0.0029381546	0.0802647293	0.0515254	-0.0067696	4.582748416000001e-05	0.00265486684516	-0.0418546	0.0769764	0.00592536615696	0.0017518075411599	0.633014	0.019475	0.000379275625	0.4007067241959999	6.70358e-05	-0.0003154212	9.949053340944e-08	4.49379848164e-09	-0.00176997	0.00022308	3.1327938009000003e-06	4.9764686400000035e-08	0.00171394	0.0001782599999999	3.1776627599999994e-08	2.9375903236e-06	0.0	0.0
5099.751017807005	-3.043550585195589	26007460.443623584	9.263200164644417	10364.227870110944	13.418090203027532	107417219.34358443	180.04514469658344	4828.1749906552	5.958159123990299	23311273.740388345	35.49966014678885	4869.044783110003	8918.40493231534	1.116231	31.535467	0.0945644099999999	0.0655664	0.0044661814	0.0392806956	-0.1002616793	-0.0536166039	-0.0234474212	0.1204205294	0.0651271493	0.0058454147	0.0489797705	0.0287642228	0.0512433128	0.0243324312	0.0923335877	0.0687809521	-0.005500172	0.0893421237	0.0552112625	0.0207366362	0.1110101026	0.1187813083	0.0962033716	-0.0152141194	-0.0029232593	-0.0801078777	0.026657722	-0.0770262059	0.0535806596	0.0528572981	-0.0073220923	0.0871926488	-0.0759295138	-0.0344901623	-0.0286576976	0.0043331352	0.0153332281	0.0891723634	-0.123862389	-0.0163875252	-0.0807206451	0.1306082553	-0.0892284229	-0.0230691734	0.0630961491	-0.0912091229	0.008063166	-0.0076392289	-0.0195492904	0.0360744905	-0.0282968411	-0.0211259729	-0.0242589414	-0.0064592006	-0.027110827	-0.0126847881	-0.0573224294	0.0432605971	0.028972781	-0.0316662028	0.1181770798	0.0208648134	-0.1003082788	0.0176876543	-0.0757526032	0.0466605282	-0.1454568678	-0.0077163957	-0.016476483	-0.0025705803	0.0534250571	0.0055977275	-0.002339749	-0.015355943	-0.0737907256	-0.106922621	0.00785191	-0.0018770658	0.0254159513	0.101972256	-0.059075496	-0.0280562438	0.0179414571	0.0284711075	0.0076092053	-0.0045822555	-0.0508235234	-0.0458642278	0.0610984794	0.0400938741	-0.1077705209	0.0056496609	-0.0563145958	0.035269373	0.0715415725	-0.0351125684	0.0851657977	-0.1018276089	-0.0845192924	-0.0855572458	-0.0236507284	0.0511250011	0.0463106701	-0.1136065199	0.0534643782	0.1214442376	0.0748833304	-0.0453181147	0.0711547926	-0.0898709974	0.0514412055	-0.040066295	-0.0314058296	-0.0485386792	0.045826625	0.0261681497	0.1033225293	0.0132916548	-0.0285604146	-0.0142556945	0.071889377	-0.1017676196	0.0887362178	0.0614128223	0.0812039891	-0.1078136667	0.0743258043	0.0163965919	-0.0315913892	0.1263554651	0.0199745175	-0.0358037141	-0.008462485	-0.0283712905	-0.0534013957	-0.0043384342	0.0324122111	0.01175319	-0.0057687314	0.0059331797	-0.0171995982	-0.0125533442	0.0564688282	0.00631317	0.0962352026	-0.1061979319	0.0767449928	-0.0563919847	0.0520682238	-0.1343183786	0.08372774	0.0114412689	0.0172424177	-0.025897557	0.0386847222	0.0010364509	-0.0211901772	-0.0537249198	-0.0927792341	0.0172854507	-0.0932616054	0.0551729966	0.0263300195	0.0564378764	0.0259251583	-0.0696916172	-0.0533987016	-0.020661169	-0.0244233282	0.0025908335	0.0191891245	-0.11636162	-0.0560381382	0.0709870475	-0.0553489905	0.0081585061	-0.0591551251	0.036346525	-0.0043784763	-0.0030723265	-0.1580863934	0.0703158669	0.031104606	-0.0627872531	-0.0768225263	0.0068496867	0.0818100583	0.0513089	-0.0002165	4.687225000000061e-08	0.00263260321921	-0.106128	-0.0642734	0.00413106994756	0.011263152384	0.618479	-0.0145349999999999	0.0002112662249999	0.382516273441	0.000238406	0.0001713702	2.936774544804001e-08	5.6837420836e-08	-0.00163279	0.0001371799999999	2.6660031841000004e-06	1.88183524e-08	0.0017117	-2.2399999999999243e-06	5.017599999999661e-12	2.92991689e-06	0.0	0.0
5087.706134800645	-12.044883006360578	25884753.71408812	145.07920663691385	10327.909533856317	-36.318336254627866	106665715.3395202	1319.0215483042168	4811.874712229682	-16.300278425518627	23154138.246195484	265.699076749428	4852.423594705732	8943.814886249787	1.107867	31.299183	0.1035193049999999	0.0723069999999999	0.0422312605	-0.0430120299	-0.0756110135	-0.0837351118	0.0256310003	0.0692932179	-0.0063485453	0.0026607141	-0.027120845	0.0665845107	0.0676171465	0.0451626699	0.0216375412	0.0649727554	0.0287865037	0.125013546	0.0884095641	0.0577989626	0.0212691113	0.0392288011	0.054901601	-0.0525496276	-0.0627268086	0.0133512566	-0.1986007368	0.0379043911	-0.0365581704	0.0394713285	0.0844665906	0.0083021679	-0.0370436589	0.0327475667	0.0028753361	0.0576529317	0.0334649941	-0.0198635927	0.0877430793	0.0265344885	-0.0051942202	0.002515405	-0.0376396432	0.0034845119	-0.0897582487	-0.0017146026	-0.0159389095	-0.0234993798	-0.068415829	0.0049463119	-0.0447303481	0.0935792545	0.0899150997	0.0954006258	-0.0739005534	-0.0087956735	-0.025004881	-0.0584196938	0.035423357	-0.0176515334	0.0006283663	-0.0102547454	0.018583745	0.0999471229	-0.0175697752	-0.0915183611	0.0086474092	-0.0287465001	-0.0851130607	0.063035162	0.0615222587	-0.1137600552	0.0115737337	-0.0756284529	0.0138298466	-0.0172006072	0.0826079427	0.1456744012	0.0108405727	-0.0059954758	0.0071131131	-0.0222372762	-0.0037402251	-0.0313694101	0.048459512	0.0800107875	0.0880201088	-0.0524306351	-0.0057003773	-0.0465935576	-0.1020963884	0.0643547524	0.0014116377	0.0904218026	0.0401779654	0.0821409437	-0.0287278252	0.0304493157	-0.0155377163	-0.0685216377	0.0158675755	0.1131505393	0.0382973099	-0.0481134328	-0.0006436002	0.0997438883	-0.0002192507	0.0146606075	0.0315240527	-0.0714571862	-0.2031125998	-0.0553634685	-0.0122896819	-0.0506113723	-0.0819573813	-0.0316231623	0.0291215415	0.0041849595	0.0220502602	-0.0682769293	-0.0796113312	0.0082208712	-0.0364556736	-0.0599631762	0.0305771589	0.0039286782	0.0385059933	-0.0262120199	0.067621945	-0.0366493282	0.0404136065	-0.0479557246	-0.0542598907	0.0414908292	0.0142824353	-0.0891428369	-0.0501977527	0.006128388	0.1432999663	0.0257246255	0.0477185204	0.0191546167	0.0167819215	-0.0262219632	-0.0088692793	0.0270061885	-0.0262700587	-0.0995428343	-0.011289237	0.0441094062	0.0465137716	0.0043178276	0.1082287137	-0.0368698521	0.0605140495	0.1234107754	-0.0679903671	0.0539019512	0.0220638257	-0.0037985013	0.028592378	0.1465330854	-0.0614225012	-0.0457874669	0.0136362858	-0.0342098201	-0.0033550771	0.0810295191	0.0259797844	0.0551945863	-0.0816667869	-0.0538103081	0.0505637916	0.051681882	0.0189268364	-0.0778991019	-0.0368927483	0.0765204699	-0.1016253888	-0.0729370269	0.0315832054	0.0059782312	0.0301902304	-0.0640992681	-0.0754914377	0.0107468138	0.083086589	0.0488818	-0.0024270999999999	5.890814409999974e-06	0.00238943037124	-0.0352518	0.0708762	0.00502343572644	0.00124268940324	0.635019	0.01654	0.0002735715999999	0.403249130361	9.19159e-05	-0.0001464901	2.1459349398010008e-08	8.44853267281e-09	-0.00172294	-9.015e-05	2.9685222436000004e-06	8.1270225e-09	0.00174858	3.687999999999999e-05	1.3601343999999986e-09	3.0575320164e-06	0.0	0.0
5078.075254818609	-9.630879982035369	25786848.293601085	92.75384922836956	10289.998828586942	-37.910705269374375	105884075.89232063	1437.22157402137	4811.679992753139	-0.1947194765425592	23152264.35266085	0.0379156745450082	4851.549154820077	8887.198424741568	1.040702	29.401655	0.1045620049999999	0.0634205	-0.018351327	-0.0559746971	-0.0588351996	-0.0454921983	-0.0470550561	0.0490033651	0.0076098296	-0.0441277942	0.0605982926	0.0646141235	0.0823144743	0.0569285502	0.0328843986	-0.0042203879	0.0653967847	0.059960489	-0.0331427352	-0.0173440977	0.0101008967	-0.0343765054	0.0409296436	0.0252758863	0.0240236495	0.0239799548	0.0080806604	0.0700104118	0.0849245979	0.0876862037	-0.0325467555	-0.0201544802	-0.0869348272	0.0561490405	-0.0302832068	0.0656103718	0.0584653832	0.0348575599	0.0329732866	0.0472431281	0.0358801149	-0.0165828423	0.0339093519	0.0028932978	-0.0521840964	-0.0271916954	-0.0434452031	-0.0209860569	-0.1396494286	-0.0697394901	0.0069498052	-0.0300817199	0.0151581276	-0.060810965	0.02936015	-0.0345922171	0.0354462712	-0.0327938368	-0.0179865695	0.0050604323	-0.0196224222	0.037885936	0.0255287736	-0.0350179845	-0.0964422335	0.019159385	0.0520355507	0.0141269483	0.0351785056	-0.0629439438	-0.0092008537	-0.0899416066	-0.0020301345	-0.0461571016	-0.0299592836	0.0546404525	-0.0155396344	-0.1477602491	-0.0714821712	0.1201512022	0.0404224053	0.0559831679	-0.0685733482	-0.1041782661	-0.0274691778	-0.0443822295	0.0907388953	-0.0564179124	0.1321144015	0.0597622837	0.043302943	-0.1035665934	-0.0305106306	0.0028523302	0.1092914597	0.026181162	-0.0167329413	0.0560659782	-0.0367662086	0.0002705369	0.0626667528	0.0228149119	0.0571039134	-0.0180439595	0.0138832004	-0.0237003161	-0.0428094746	-0.0310528166	0.034480778	0.0260351922	-0.0230523146	0.0315920133	0.0786805401	-0.0797692332	0.0594716905	0.0158988947	0.0808166969	-0.0842083767	0.0026952369	-0.0446540085	-0.0775502881	-0.0419661881	0.024417059	-0.049401314	-0.0274283131	0.0294873136	-0.020281657	0.0030163441	0.0554620998	-0.016169166	0.0498666119	0.0015460671	-0.0109669897	0.1533173434	-0.0600345176	0.0021375334	-0.0196980288	0.0152931314	-0.0461838666	0.043865035	0.0096742745	-0.0028207885	-0.0561559817	0.0059277842	-0.0209476536	-0.0132441335	-0.0094261689	0.0172495312	0.1116323989	0.0074211486	-0.0502262143	0.0032284687	-0.0285236422	0.0500903025	0.0059719738	0.0741959229	-0.0471739081	0.0369567392	-0.0190178978	-0.0044720668	0.0037066596	-0.1052035984	0.142459493	0.0747965131	0.0804348097	0.0767778032	-0.0741355174	-0.0322924081	0.0993785086	-0.0454845852	-0.0880621642	-0.077277472	-0.0818389477	-0.0876150876	0.0018427879	0.1255256671	0.0699803117	-0.0049386754	-0.1284088996	0.0036213869	0.013799504	-0.0940994889	0.0292718859	-0.0653775782	-0.0740710399	0.0146213402	0.0840901273	0.056707	0.0078251999999999	6.123375503999997e-05	0.003215683849	-0.0528311	-0.0175793	0.00030903178849	0.0027911251272099	0.57664	-0.0583789999999999	0.0034081076409999	0.3325136896	0.000224276	0.0001323601	1.7519196072010006e-08	5.029972417600001e-08	-0.00195948	-0.0002365399999999	3.8395618704e-06	5.595117159999997e-08	0.00179525	4.666999999999996e-05	2.178088899999996e-09	3.2229225625e-06	0.0	0.0
5075.564632291313	-2.5106225272966185	25761356.33656645	6.30322547456926	10281.496641775208	-8.502186811734646	105709173.19483487	72.28718058163454	4809.1155792352365	-2.5644135179027217	23127592.654443063	6.576216690802212	4848.728257852935	8897.618357088188	1.047388	29.590544	0.1114415999999999	0.056127	0.0204127511	-0.0654020809	0.0056507568	-0.084506688	0.0108675455	-0.0088750408	-0.016473942	-0.0156886195	-0.0311604392	0.0473076383	0.0555964927	0.0258398228	0.0092417043	-0.0133542437	0.0316234542	0.0312666504	0.0530203325	-0.0740419406	0.0063661207	-0.0352461783	0.0392192714	0.1163167252	0.0014850303	0.0908461252	0.0145310234	0.104156307	-0.0522438301	0.0294049782	-0.0964897351	-0.0053346608	0.0821692168	0.0246880742	0.0527511534	-0.011485699	-0.0717757213	0.054024613	0.0362115966	-0.0399999174	0.0891649762	-0.0102544624	0.0106128562	-0.0283232957	0.0315595151	-0.0365356071	0.007209531	0.0351899199	-0.0547949763	0.0604326595	0.0441349354	0.0607836501	-0.0395204368	-0.1322063	0.0348669428	-0.0309384192	-0.0237147861	-0.0015849539	0.0147939125	0.0063330842	-0.0454391074	0.0747711068	0.0438370307	0.0046255061	0.0106194088	-0.053670163	-0.0025911159	0.0311835219	0.1007950097	0.1863016189	-0.007231873	-0.0158095492	0.0493049926	-0.0331718049	0.0547404632	-0.0240099514	0.0176169978	-0.0929703159	0.0305248152	0.0330207916	0.0164567196	-0.0057399177	-0.0065081667	-0.0388370317	-0.038307639	-0.0128629441	-0.0093800129	0.0345416534	-0.0394292464	0.0221687387	0.0171711927	0.0058483819	0.0021675926	-0.0216975501	0.0286079244	-0.0623597546	0.0354552905	0.0531885248	-0.0130329878	0.0121271747	0.0362194316	0.046018101	-0.0145360256	-0.0620456914	-0.0106036647	-0.0296844904	-0.0751826806	-0.1047932322	-0.0299368516	0.0928788917	-0.0545546495	0.0722723394	0.0612735286	0.0277210567	0.087199919	-0.0119037575	-0.0559333859	0.0588680339	0.0452580945	0.0328917579	0.0343666617	-0.0345611346	-0.0696021103	-0.0353427615	-0.1131048566	-0.0182895779	0.0021811255	0.0166165034	-0.0307337114	0.0124433574	0.0312932721	-0.0893420249	0.0100936009	0.0379992721	0.0393501887	0.0292545907	-0.0221199926	0.10552226	-0.1072903851	-0.0036697479	0.0371463629	-0.0015741536	0.0228850739	0.0244018368	-0.0617370801	-0.0077030145	-0.0473192495	0.009728076	0.0110583764	0.0371241959	-0.0100402874	-0.0531821385	-0.0401481477	-0.2060472726	0.0325964537	0.0015030686	-0.0458271469	0.0078551458	0.0381435596	0.0982991207	0.0193097873	-0.0644120571	0.0403813971	0.0135717051	0.0402684079	-0.0094192849	-0.023360158	-0.0430474963	0.0176215993	-0.0232087259	0.0009675695	0.0445516292	0.0263034366	0.0182029181	-0.0307226832	0.0016512923	0.0113768204	-0.0093232265	-0.0105215822	0.0569212227	-0.0498750269	-0.0031461996	0.0283496934	-0.0666215113	-0.0725630133	0.0184651177	0.0848173759	0.0493724	-0.0073346	5.379635716000005e-05	0.00243763388176	-0.026118	0.0267131	0.00071358971161	0.0006821499239999	0.618126	0.0414859999999999	0.0017210881959999	0.3820797518759999	-0.000102282	-0.000326558	1.0664012736400001e-07	1.0461607524e-08	-0.00158815	0.00037133	2.5222204225e-06	1.3788596890000002e-07	0.00181552	2.0269999999999967e-05	4.108728999999986e-10	3.2961128704e-06	0.0	0.0
5076.741310108074	1.1766778167611849	25773302.329757843	1.384570684457868	10304.6289076454	23.132265870191983	106185376.92428122	535.101724289249	4815.438912550004	6.3233333147672965	23188451.920500763	39.98454420964597	4855.611584824929	8887.418416122257	1.019225	28.794888	0.1120941999999999	0.0537653	-0.0224239039	-0.0564999563	0.0307059904	-0.0666149343	-0.0433579553	0.0112071638	-0.0130277498	-0.0655189192	0.0254710928	-0.0078035264	0.0721724282	0.072313617	0.0215011436	-0.0128603831	0.0130968718	0.0906706265	-0.0386862916	0.0353940069	0.0274122934	0.0574805965	-0.0592029632	-0.0268399167	-0.1316006961	-0.00199615	0.0122687649	0.0084971568	0.0046111082	0.0605600124	0.0251698432	-0.04059673	-0.1017713296	-0.0036953319	0.0566595982	0.0005499688	0.0696013852	0.0262889076	-0.0019888938	-0.0571377301	-0.0419743534	-0.0700893348	-0.0086662209	-0.0709341332	0.0410986549	-0.0685407045	-0.0557080007	-0.0030027233	0.0108605854	0.0727740611	0.006409935	-0.0074327569	-0.0992494227	0.0059113364	-0.0562548439	-0.0982099908	0.0333894405	-0.0781316454	-0.0843629795	-0.0098086083	-0.0507360481	0.00284735	0.0953905335	-0.0407413295	-0.0357181244	0.1062818116	0.0173286719	-0.0093045564	0.0010244311	-0.0435812679	-0.0365592611	-0.0139719156	0.0121880945	0.0377091661	-0.0479901153	0.0119599985	-0.0074278289	-0.0810667336	0.0467836478	0.0730517323	-0.0176313289	0.0579378728	-0.0640070063	0.0035489485	0.0140658501	0.0178511486	-0.047954763	0.0839597983	-0.0993061462	-0.1374421384	-0.0547533227	-0.0445258859	0.0192313772	-0.0080786443	-0.0992811571	0.0502860526	0.090892123	0.0555968208	-0.0227417959	0.011218251	0.0356374819	0.0313149603	0.1037425747	0.0003467764	0.0220370942	0.0468709433	0.0661263827	0.030645043	-0.1117392952	-0.0469569277	-0.0183325196	0.0085489638	0.0079834804	-0.0945543682	-0.0162315556	-0.088723212	0.0517788129	-0.02002061	0.0431663253	0.0287639474	-0.0728753625	-0.0359405223	-0.0311569668	0.0513302658	0.0126479515	0.0467108208	-0.0116366253	0.077755228	-0.0551420881	0.058596078	0.0798770857	-0.0432196305	-0.0180998449	-0.0568956661	0.0125983043	0.012463574	0.071019488	0.0231516791	-0.0156595605	0.0867043116	-0.046337775	-0.0341016883	-0.1003526612	0.0113055029	-0.0957585458	0.0514308433	-0.0770980009	0.0280722401	0.0478344902	-0.0870969701	-0.0486214073	0.0424090104	-0.0219552245	0.0492562898	-0.0446896558	0.0048977767	0.0013675163	-0.0545573393	-0.0383940009	0.0117292219	0.0064989126	-0.0816452039	0.0128258947	0.0634068325	0.0257583338	0.0419474893	-0.0685626711	0.0484860369	-0.0111903324	3.29857e-05	0.0236857031	0.0665017261	0.0665822094	0.1263798869	0.0632508362	-0.0316432505	0.0324904105	0.0031987541	0.1268906599	-0.0906594022	-0.0189332956	0.0168671633	0.0274237741	-0.0678304133	-0.0709691421	0.0222700628	0.0852659454	0.0536362	0.0042638	1.8179990440000045e-05	0.00287684195044	-0.0405635	-0.0144455	0.00020867247025	0.00164539753225	0.583759	-0.0343669999999999	0.0011810906889999	0.340774570081	0.000427126	0.000529408	2.80272830464e-07	1.82436619876e-07	-0.00204927	-0.00046112	4.1995075329e-06	2.1263165440000018e-07	0.00162569	-0.00018983	3.60354289e-08	2.6428679761e-06	0.0	0.0
5077.894025195156	1.1527150870824698	25785007.731112663	1.328752071987546	10331.998249121913	27.369341476513	106750187.81985828	749.0808528579748	4806.922368850998	-8.516543699005524	23106502.66016009	72.53151657707069	4846.521310995334	8913.107939776548	1.056715	29.854053	0.0996944099999999	0.0553875	0.0127844759	0.0071058635	0.080557022	-0.0941176479	0.0315299625	-0.0122826944	0.0064053074	-0.0433032103	-0.0696077465	-0.0640486305	0.029526125	0.063511189	-0.0411927951	0.001503187	0.0060375101	0.0892996146	-0.0531511896	-0.0584636594	0.0024691899	-0.0520530346	0.0008984384	-0.0604123215	0.008882453	0.0719188085	0.054256735	-0.0284614271	-0.0702685976	-0.0680111896	0.0770450363	0.0682232861	0.1686451063	0.0462475592	-0.0025677569	0.0064328834	0.0349466499	0.1110834276	-0.0602517271	-0.0976182242	0.0062162201	-0.0235793964	-0.0618933295	-0.0356375715	0.0392109398	0.0321856959	0.0084417068	-0.0183622766	-0.0570379176	-0.0173593024	0.0905165105	-0.0318182517	-0.015238055	0.0987482481	0.0097616206	-0.0681601308	-0.0301728986	0.0607941281	-0.0048141366	0.0011315812	0.0726648691	-0.0284391418	0.1298536118	0.0156857693	-0.0887044804	0.0583872669	0.0132408558	-0.0009642055	-0.0685035784	-0.0306903983	-0.1094887941	-0.0558674409	0.0274333197	-0.0560217227	0.012519313	0.0566067784	0.0417470945	0.0764300941	0.0894374763	-0.0299045884	-0.0590781624	0.0194447739	-0.0224296638	0.0095395097	-0.0107904055	-0.0342241933	0.0490669895	0.0220536245	-0.0367599149	-0.046365472	-0.0007952809	0.0546032229	-0.1563028987	0.0267848889	-0.0952488553	0.0628206964	0.0322270809	0.000399437	0.0438075408	0.010798832	0.0163787934	0.0630322941	0.0732379204	-0.0079821191	0.0267242375	-0.094270482	0.0434210077	0.0062426015	0.0027285305	0.0680394223	-0.0032814118	0.041309797	-0.0613102223	0.0569768744	-0.0931323746	0.1227586535	-0.1104568449	0.0807836403	0.0477355766	0.0256276116	-0.002072386	-0.1317929287	-0.0290801343	0.0673828632	0.004991911	-0.03032856	0.0642216742	0.03847781	-0.0723950056	-0.0325348397	0.0039322711	-0.0275710084	-0.0307338295	0.0594329567	0.0570007929	0.0363254566	0.021557418	-0.1200789888	0.0111499762	0.0711716081	-0.0796464405	-0.0120088841	0.0436828818	-0.0117893066	0.0458927547	0.0200748574	-0.1143687917	-0.0397730596	0.0879433139	-0.0458853703	-0.003919736	0.0314043309	0.0330048784	0.0503552107	-0.0936248598	0.0074883515	-0.1125092723	0.0221749678	-0.0187138147	0.0317089841	0.0824485118	0.017915646	-0.1137997278	0.0110478459	-0.0565339944	-0.0154102664	-0.0287602325	0.0125597239	-0.016229784	-0.0011848127	-0.0413176416	0.0288932141	-0.0011189967	-0.0129199238	0.0501818508	0.0515998129	-0.1350584961	0.079322177	0.0783051915	-0.0696142766	0.0296704361	0.0845525563	0.0264942496	-0.0690036485	-0.0692913117	0.0260281736	0.0854343618	0.0491001	-0.0045361	2.0576203210000013e-05	0.00241081982001	-0.0268564	0.0137071	0.00018788459041	0.00072126622096	0.630172	0.0464129999999999	0.0021541665689999	0.3971167495839999	2.56918e-05	-0.0004014342	1.6114941692964e-07	6.6006858724e-10	-0.00186837	0.0001809	3.4908064569000003e-06	3.272481000000004e-08	0.00174412	0.00011843	1.4025664900000025e-08	3.0419545744000003e-06	0.0	0.0
5072.98001204537	-4.914013149786115	25735126.202611845	24.14752523627085	10298.732877622591	-33.26537149932119	106063898.8846245	1106.5849409878506	4798.707979654329	-8.21438919666889	23027598.273998138	67.47618987435057	4838.709542498235	8904.797114185529	0.995658	28.129086	0.020472215	0.00937952	-0.0079091081	0.0592532696	0.0704914819	-0.067575141	0.0120603715	-0.0319619177	0.0586453981	-0.0570399056	0.0033259216	-0.0558078306	0.0542624107	-0.0048695054	-0.0113388209	-0.0436524637	0.0198276259	0.0374981057	0.0464347238	0.114910562	-0.0394372093	0.0178891766	0.0365308035	0.0214869183	-0.1202279983	0.0059556298	0.0333138247	0.0815087175	-0.1449961648	0.0261190292	0.0285292782	0.0941415221	0.0824368819	0.0296245855	0.0494871569	0.0234304677	-0.1234071457	-0.0652196866	0.072733525	-0.063846574	0.0034793867	0.0136784835	-0.015350518	0.0512646236	5.34178e-05	-0.1313769391	-0.06790385	-0.0183217702	0.0466644942	0.0412350049	-0.0048964453	-0.0602343209	-0.0609875545	-0.109552391	0.0014763045	-0.0178362753	-0.0659644489	-0.0668360014	0.0804002136	-0.0745021765	0.0641447234	-0.0598006315	-0.0063764527	0.0147131723	-0.0811013982	-0.0271687084	-0.0872150146	-0.0443686421	-0.0501730047	0.020266515	-0.1754133948	0.0256594196	-0.0050515371	0.0766656671	-0.0544368869	0.1383578737	-0.0417023571	0.0430657705	-0.0029776126	0.0757148623	0.0757811794	0.0698332506	-0.0037845039	0.0233416289	0.0026817755	0.0727116799	0.0427429868	-0.0095260194	-0.02286327	0.0646760062	0.023182656	0.0324766719	-0.1111004673	0.0344690291	0.0273023287	-0.1616803499	0.0043578648	0.015341762	0.0088956238	0.0502160258	0.0085127449	0.082893854	-0.0023286016	0.0729516726	-0.0464208806	0.0950068221	0.0303250639	-0.0461303029	-0.0525917129	-0.0401260833	-0.0808389936	0.14715485	-0.0425190724	0.0244866154	-0.0138279978	0.0380492747	-0.0244623135	0.1263142637	0.0705310024	-0.057216501	0.0528684192	0.0799371636	-0.1161367273	-0.0064606832	-0.0432986292	-0.0220935071	-0.0058979041	-0.0416016606	0.0355469425	0.1300722086	0.0745639373	0.0252317558	0.0076384143	-0.0430276253	-0.0455074007	0.0776003304	0.0527503556	0.0879189968	-0.0627795647	0.0323379433	0.0787539373	-0.0636981122	0.0178528866	-0.1137670041	0.0656708626	0.0190131251	0.0002091245	-0.0486429555	0.0724387728	-0.0062665274	0.0995456497	0.019623189	0.0174633928	-0.0196223193	-0.164501864	-0.0419887182	-0.0099550897	-0.0161180504	0.0015758818	-0.1157672838	0.0728167533	-0.0016051292	-0.0424494765	0.0953206803	0.0831310121	0.1134705438	-0.0031873805	0.0085061666	-0.0070548018	0.0661985174	0.0033046154	-0.0162127652	0.046791928	-0.0342940001	-0.0483684846	0.0673177028	-0.0828903417	0.093520827	0.0027223416	0.1497241949	-0.0450867804	-0.0802597293	0.0255612422	-0.0701406	-0.0675315071	0.0297315467	0.0853220719	0.0532919	0.0041918	1.757118724000002e-05	0.00284002660561	-0.0307172	-0.0038608	1.4905776640000007e-05	0.00094354637584	0.635731	0.005559	3.090248100000102e-05	0.404153904361	-1.91405e-05	-4.48323e-05	2.00993512329e-09	3.6635874025e-10	-0.00183907	2.930000000000012e-05	3.3821784649e-06	8.584900000000067e-10	0.0018072	6.307999999999986e-05	3.9790863999999825e-09	3.26597184e-06	0.0	0.0
5078.349445047617	5.369433002247206	25789633.086015444	28.830810765621443	10279.425026614988	-19.30785100760295	105666578.87779856	372.7931105317942	4808.987078957986	10.279099303656947	23126356.725584865	105.65988249444077	4849.082576354444	8854.847062751278	1.030411	29.110907	0.0298760749999998	0.0129164	0.0051177034	0.0983853854	0.0440249277	-0.0745929647	0.0195469584	-0.0294329057	0.0776388881	-0.0002921909	0.0047864628	-0.0921965801	0.0733811027	0.1169338518	-0.0751418543	-0.036631989	-0.0780291326	0.0015718231	0.0408788301	-0.0918981664	0.0799740258	-0.0043120505	-0.0445596193	-0.0080672865	-0.0240421398	-0.0195263282	-0.0364086118	-0.0617668572	0.0030741517	-0.016675588	-0.0298814185	0.0474530005	0.0344106783	-0.0647677993	-0.0306539788	0.0696120303	0.1444179202	0.0192320786	0.0400293298	-0.1406587913	-0.0973755257	-0.0475280728	-0.0428311042	-0.0731172973	0.0459069778	0.0003310724	0.0551553855	-0.0606334349	0.0237708088	0.065863761	-0.0540163222	0.0192195241	-0.0441443192	0.0179330161	-0.0088407799	-0.0054495603	0.0263119492	0.0471503797	0.00499912	-0.0061963544	-0.0892639939	-0.0004046656	0.0643330991	0.0020990791	-0.1284887912	-0.1087460136	-0.015177637	-0.0656705951	0.0907489372	0.0798310866	-0.037882967	0.0301696767	0.0725431832	0.0726675881	0.16915212	0.034022083	-0.0710113019	-0.000998842	-0.0465791303	0.0181661301	-0.0466405889	0.1392277016	0.1114058085	-0.0260997055	-0.0627015147	0.0557099749	-0.0391216787	0.052456048	-0.0113612224	0.127696703	-0.0724276969	0.0708986303	0.1406590321	-0.0543559613	-0.0052310769	0.0344680965	0.0490995806	-0.0906079128	0.0720510493	0.0487380403	-0.0713252057	0.0221522417	-0.0248712044	-0.0768496311	0.0653348812	-0.0444720214	0.0206320718	0.0030016314	-0.0519464336	-0.0284925096	0.0377407012	-0.0848120398	-0.0252777438	0.0333847162	0.0188827694	0.0074566709	-0.0076373996	0.0849197811	-0.0577775527	-0.0279686464	-0.1621403214	-0.0750341411	-0.0823122651	0.0810419785	0.066351916	-0.0073052708	0.0250994326	0.0918459907	-0.0586577966	0.0403318753	-0.0570462943	-0.0241249001	-0.0789111912	-0.0755695217	-0.021878192	-0.0372736083	0.0213381884	0.011595334	-0.0168701199	0.0064313165	-0.019863054	0.0498489864	0.0199230428	-0.0093451686	-0.0728167981	0.0526135848	-0.0105172683	-0.0138824993	0.133656931	0.1081173641	0.0780704147	0.0384387645	-0.0645830731	-0.0759659403	-0.0009591599	-0.0329999726	0.0325636115	-0.0051388235	0.1631024497	0.0967500368	-0.0044842378	-0.0282755494	-0.007171151	0.0771637354	-0.0980000169	0.1404528309	0.0484744082	-0.0826444256	0.0283991505	0.1026948976	0.0170926742	0.0124746133	-0.0240262459	0.0347145642	-0.135097743	-0.1130552573	-0.006344554	-0.1105145614	-0.014626665	-0.0487956302	-0.0401103215	-0.003371807	0.0246248744	-0.0712406699	-0.0656918102	0.0333723939	0.0849294446	0.0568294	0.0035374999999999	1.2513906249999993e-05	0.00322958070436	-0.0396444	-0.0089272	7.969489984000005e-05	0.00157167845136	0.643318	0.0075869999999998	5.756256899999848e-05	0.4138580491239999	0.000132347	0.0001514875	2.294846265625e-08	1.7515728409e-08	-0.00181206	2.700999999999984e-05	3.2835614436e-06	7.295400999999912e-10	0.00182519	1.7990000000000063e-05	3.236401000000023e-10	3.3313185361e-06	0.0	0.0
5106.028906962908	27.67946191529063	26071531.19874083	766.1526119200245	10334.213040295235	54.78801368024688	106795959.1622081	3001.726443026919	4813.872810005991	4.885731048004345	23173371.43091497	23.87036787343364	4854.469037179217	8896.461739730585	1.079157	30.488054	0.0723274999999999	0.0353202	0.0005484302	0.1111986663	-0.0108273994	-0.0745172266	0.0168622775	0.0475853136	0.0922659479	-0.0110643639	-0.0333286454	-0.0261464849	-0.0576824651	0.0095735293	-0.056439027	-0.0166361667	-0.1272161932	0.0298693621	-0.00415601	-0.0258913383	0.0999527718	0.0529076519	-0.0529565041	-0.0366053884	0.0882536285	0.0596963085	-0.0828108268	0.0542653562	0.0450302367	-0.0004238066	0.0782752943	-0.0336039957	0.079806819	0.0462636384	0.052186367	-0.0554109112	0.0184058208	0.0614240146	0.0666325287	-0.0389188101	0.0634195514	-0.0234220526	-0.0056270818	-0.0445295886	0.0394080724	0.0041913037	-0.0420290318	0.078665865	0.0056094044	0.0616377745	0.0078219395	0.0133121862	-0.0610122834	0.0586623521	0.0449433766	0.136997263	-0.0348040192	0.1150685586	0.0065126804	-0.0810256052	0.0336286984	-0.0736314518	0.0003675577	-0.073180906	-0.0290258161	0.0196529752	-0.0691259109	0.0007890076	0.0473351923	0.0566217184	0.019513548	-0.0072726235	0.0823545195	-0.0594498053	-0.0241531086	0.0755672699	-0.030892915	0.0041545022	-0.0260887001	0.038136233	-0.0323011696	0.0726161754	0.0423044951	-0.0012826821	-0.0756381681	0.0168862715	-0.0865276495	0.0060851342	0.0056454337	-0.0283200317	0.1106644618	-0.0335320573	-0.1205686174	0.1068336954	-0.0373484944	0.0103849728	0.0097697895	0.0975072398	0.0554658411	0.0224356971	-0.1197007338	-0.0164725389	0.0460595641	-0.0641827464	0.0794923921	0.0340223227	-0.0049289781	0.0725967886	0.0246294759	0.0675978671	-0.0327104927	-0.0695089045	0.0895148113	-0.001911666	-0.0860842218	0.0258547211	-0.0678555594	0.0207933752	0.048914094	0.0627047297	-0.0541019109	-0.0197592179	-0.0700124663	-0.0429725369	-0.0623926094	-0.025662872	0.0063107055	0.0224239963	-0.0478589196	-0.0221426884	0.0812082432	-0.0779678974	0.0504496713	-0.0628943159	0.0254993524	-0.017205977	0.0355993834	-0.0916377918	-0.0361149627	-0.1465321197	-0.0625823513	-0.0154291696	0.0929490961	-0.1003935321	0.0364346901	0.010299297	0.0326411102	0.0560561223	0.0375265687	-0.0515252635	0.0582937527	0.0039951292	-0.025995224	-0.0844098625	0.0182990336	-0.0069153945	-0.0864543256	-0.0324890458	0.0045355976	-0.0197609832	0.0217501404	-0.0265868545	0.0206646445	0.0923730435	-0.0647964358	0.0677141924	0.0337026004	-0.092585906	0.0134030538	0.0194500417	0.0981771371	0.0106702992	-7.12713e-05	-0.0682908921	0.0662224447	0.1026397348	-0.0019216287	0.1217588756	0.0156009921	-0.0367642873	0.0433167158	-0.0791331116	0.0236852696	-0.0723032799	-0.0637743975	0.0369430585	0.0842577698	0.0472223	-0.0096071	9.229637041e-05	0.00222994561729	-0.0690202	-0.0293758	0.00086293762564	0.00476378800804	0.628348	-0.0149699999999999	0.0002241008999999	0.394821209104	0.000258139	0.000125792	1.5823627264e-08	6.6635743321e-08	-0.00169439	0.00011767	2.8709574721000003e-06	1.3846228900000014e-08	0.00194922	0.00012403	1.5383440900000003e-08	3.7994586084e-06	0.0	0.0
5110.532994683262	4.504087720353709	26117547.489746265	20.286806192641077	10376.138708071583	41.92566777634784	107664254.48914142	1757.7616184926912	4818.167884275487	4.295074269496581	23214741.761063725	18.44766298049159	4858.929359120138	8951.3722878859	1.074305	30.350986	0.080318635	0.0441881	-6.3921e-06	0.0876589484	-0.1049640369	-0.0322850262	-0.009764001	0.1318836514	0.0745804725	0.0437395342	0.0391726097	-0.0239737705	0.0457119568	0.0168714615	-0.0524178126	0.0280887154	-0.1215366197	0.0530051979	-0.0428900936	-0.0652175977	0.0406473325	0.0828057585	-0.0287156593	0.0438418851	-0.0748161788	0.0806380345	-0.019463371	-0.0484250645	0.0601452157	0.1658785184	-0.070355324	-0.0359359097	-0.0820625549	-0.0170062319	0.0020095167	-0.1396281963	-0.0033846097	0.0588739105	0.0249488502	0.0077516813	-0.0035299061	-0.1061983352	0.0308857363	0.0005549239	0.0248218431	-0.0739252013	0.0665390881	-0.0076686484	0.0424757877	-0.0346716712	0.0186106648	0.0046435612	-0.0056048105	0.066114314	-0.0096715645	-0.0890936552	-0.0530176084	-0.004172369	-0.1451646282	0.0456733659	0.0938041679	0.0081454302	0.0290041671	0.0929459747	0.007653882	-0.0582384793	0.0165720259	0.0158843859	-0.0518644041	-0.1151453534	0.0148808531	-0.0246254862	0.1140575715	0.037746971	0.0295575808	0.0631152332	-0.0557102275	-0.0308437803	-0.0797076446	-0.0349596744	-0.0266853758	-0.0849007039	-0.0753582196	-0.0748686343	0.0394207725	-0.0740122379	-0.1409774885	-0.0272022981	-0.0830122579	-0.044407865	0.0693442668	0.0683283539	-0.0113740434	0.021301697	-0.1248114156	-0.0205476462	-0.0760512054	0.0670821462	0.055149971	-0.0265222093	-0.1255502823	-0.0351150436	0.0870224056	-0.0922380876	0.0091847106	0.0115686235	0.0434610433	-0.0168473535	-0.0881438206	0.0456190403	-0.0426179655	-0.04740896	-0.0072573732	-0.1571161083	0.1197316992	-0.0260007399	0.0541113215	-0.0358725779	-0.0264020359	0.1496122671	0.0061784519	-0.0047734444	-0.0264197054	-0.0260879973	-0.0129062101	0.0852556808	-0.0552356912	0.0101784618	-0.0249911472	0.0693674452	-0.0416355664	-0.0351169497	-0.0033322538	-0.0290188839	0.0560255416	-0.0260953901	0.0099305039	-0.0528861184	0.0351573575	0.1084992663	-0.0914964216	-0.1157041119	-0.0318377892	0.0533312471	0.0226073341	-0.0610617844	-0.0500432979	-0.0906812884	-0.0246413517	0.0584111663	0.0385848395	-0.0229751377	0.0235157624	0.1091876185	0.0141341998	0.0167970245	-0.0533212633	-0.043976782	0.1192913405	-0.0885823147	-0.0004994031	-0.0439011181	0.0498067151	-0.0048787822	-0.0612567796	-0.0351308235	-0.0157777306	-0.0267835474	0.0652548974	-0.154762254	0.1354017617	0.0442174522	0.0478885391	-0.0527057953	0.0546560316	-0.0731262164	-0.0367158554	0.055212696	0.0886207745	0.0450252072	0.1276231084	-0.0523833557	0.022742551	-0.0733278711	-0.0617815374	0.0404360313	0.0833092546	0.0462696	-0.0009527	9.076372900000014e-07	0.00214087588416	-0.0275662	0.041454	0.001718434116	0.0007598953824399	0.611543	-0.016805	0.000282408025	0.3739848408489999	6.98803e-05	-0.0001882587	3.544133812569e-08	4.883256328089999e-09	-0.00163622	5.8169999999999967e-05	2.6772158884000003e-06	3.383748899999996e-09	0.00177351	-0.0001757099999999	3.087400409999997e-08	3.1453377201e-06	0.0	0.0
5119.738490763476	9.205496080214289	26211722.21380508	84.74115808284063	10398.029655116754	21.890947045170837	108119020.70868744	479.2135625344736	4816.045081850542	-2.1228024249448936	23194290.2304168	4.506290135351921	4856.971937919052	8946.660912951094	0.996765	28.160358	0.1357883849999998	0.0694486	0.0111363355	0.0480745634	-0.1031280429	-0.0468808762	-0.006691075	0.127527922	0.0322872036	0.0552598549	-0.0371669121	0.0205817436	-0.0231632431	0.0591189941	-0.0108312057	0.0761655502	-0.0321891148	-0.0288300767	-0.0709168632	0.0120440298	0.0164357588	0.0611280454	0.0503564112	0.0467223826	-0.0628031833	0.0359337652	0.0192864322	-0.011111474	-0.0352357149	0.0738525136	0.0702604555	0.0297182449	-0.0233750479	-0.0304491843	-0.0448403515	-0.0861402762	-0.0572395252	-0.099177131	-0.016081943	0.0448100946	0.0452276517	0.0659068394	0.0855084629	0.0351547552	-0.0402776917	-0.0394990792	-0.0090242015	0.0022689535	-0.0372269287	0.0531826456	0.0922208411	-0.0025069381	-0.0186551979	0.0630432717	0.047788771	0.1303660612	-0.0771081555	0.0043074431	0.0845688842	-0.1105458204	-0.0355595271	0.0237652632	0.0430717357	0.0149396723	0.0715577806	-0.0047525496	-0.070598019	0.0340368365	-0.0494619682	-0.042368034	0.11068294	0.0420708646	-0.0155804397	0.0044352241	-0.0743928209	-0.064680695	-0.0084931982	0.0986057462	-0.0191769244	-0.1011857005	0.0478772643	-0.0824365114	-0.0594201984	-0.0181920785	0.085303332	-0.0109453985	0.0278968209	-0.0754957271	0.0682784301	0.006471067	0.0412279389	0.0153459593	0.0645163726	-0.0575663729	0.0250184523	0.0456326139	0.0715465507	-0.0548549664	0.0177109991	-0.0786320633	-0.0403168292	-0.0881110883	0.0437972742	-0.0120815298	-0.0154397701	0.0475067111	0.0484124186	-0.0656666831	-0.0336294966	0.0087931065	-0.0483626468	0.0496079064	-0.0539960987	-0.057509582	-0.0239427589	0.0378584762	0.0474440609	0.0115324752	-0.0505304465	0.0290525393	0.0531292349	0.1323868947	0.0339649163	0.004361076	-0.0380696756	-0.0412935354	-0.0793532265	-0.060145542	0.0524169466	0.0084236786	0.0390712049	-0.0495126322	-0.0194530456	0.0247176654	0.0516406211	0.0663117866	0.010564028	-0.0837242926	-0.0105079949	-0.1204023409	0.0800903912	0.0073721073	0.1030012884	-0.0834022169	-0.055112471	0.0016533699	-0.0119393111	-0.0281023282	-0.0559484491	-0.0834787145	0.0552120833	-0.0546708822	0.0300609866	0.0555442104	0.0947454558	-0.0197883977	0.0413817625	-0.0187567578	-0.0270088932	-0.0766440744	-0.0675668255	0.0761506139	-0.0654267483	-0.1398448818	0.0326722723	-0.0501508468	0.0016294247	0.0772799722	0.0263313484	-0.0625040987	-0.0168156341	-0.0524898432	-0.0231911616	-0.076950299	0.0319356295	-0.021325521	0.0215422598	-0.0921641497	-0.0296833497	-0.0361288392	-0.0290182112	-0.0536363754	0.0217968427	-0.0743139049	-0.0597155874	0.0438439664	0.0820870153	0.0483336	0.0020639999999999	4.260095999999985e-06	0.0023361368889599	-0.0896514999999999	-0.0620852999999999	0.0038545844760899	0.0080373914522499	0.604681	-0.0068619999999999	4.708704399999896e-05	0.365639111761	0.000674322	0.0006044417	3.6534976869888993e-07	4.54710159684e-07	-0.00207501	-0.0004387899999999	4.3056665001e-06	1.925366640999999e-07	0.00202582	0.0002523099999999	6.366033609999988e-08	4.103946672399999e-06	0.0	0.0
5108.410981133165	-11.327509630311395	26095862.7521619	128.31247442479744	10367.560859825153	-30.46879529160105	107486318.18217848	928.3474865214906	4812.063220508802	-3.981861341740114	23155952.438173547	15.85521974484438	4852.94505779118	8964.416892098065	1.024646	28.948042	0.12977075	0.0659062	0.0292481788	-0.0001020192	-0.1035952771	-0.0509176038	0.020281763	0.1148067087	0.0190094834	0.0272499567	0.0063971164	0.0351712093	0.0345667421	-0.0032127022	0.0276819369	0.0702581251	0.0146426356	-0.0370369506	-0.0031970297	-0.0806438821	-0.0043387228	-0.0237918622	0.0757510393	0.0361494408	-0.0386775588	0.1120273015	0.09992826	-0.0371629273	-0.0760019813	0.0319572745	-0.0008564541	0.0187812511	0.0878159273	-0.0264295493	-0.0656709474	-0.0314268929	-0.025505466	0.026868068	-0.0882630794	0.084251389	0.0279220278	0.0135475062	-0.0274873877	-0.0118703009	-0.0582977928	0.0496611184	0.0953233419	0.0016546944	-0.0359870759	-0.014838373	-0.1118770831	0.0174954376	0.0462837976	0.0581028581	-0.0949711231	0.0754664226	-0.018473071	0.0143923533	0.0461504884	-0.0370798987	0.0245082327	0.1145617024	-0.0271588438	-0.0644347041	0.0388599947	-0.0470401741	-0.0307782877	0.1503923824	-0.0394080174	0.0005437638	-0.0931493883	-0.0771471834	0.0430000326	0.002936938	-0.0696050017	0.0129166381	-0.070969242	0.0114694286	0.0189039786	-0.0322462673	0.0565675482	-0.0443117563	-0.0650507689	0.0357196102	-0.0183226972	-0.0695206486	-0.1297023923	-0.0602782276	0.1269400782	0.0161163063	-0.0774095397	-0.0361810941	-0.0001359966	-0.0191370622	0.0713302487	0.0004176125	7.44707e-05	0.0586304066	-0.0168382188	-0.0765081047	0.0022156671	-0.0212130075	-0.0360659316	-0.0388470535	-0.0101444831	-0.0601250866	0.040388975	-0.1102626308	-0.019319008	0.0998567486	-0.0224762629	0.0848880222	-0.0934564708	0.001024659	0.0165256289	0.0698033747	-0.0527455926	0.0218522307	-0.063082744	0.0362324248	0.0707994535	-0.0166775446	0.109712009	-0.0137130832	-0.0123478944	0.0099944191	0.0480659383	0.0068920278	0.0492751086	-0.0478327716	-0.078288651	-0.0578920893	-0.0116777422	0.0107033779	-0.0625930865	-0.0814798465	0.0288874866	0.0184386718	0.1210892586	-0.0689607537	0.0123483907	0.0323566589	0.0485067923	-0.0386082597	-0.0103453688	-0.0995125326	-0.0013791123	0.0502874553	0.0097445467	-0.0057574418	-0.0301146755	-0.1751134755	-0.0036029004	0.0088322863	-0.0792558747	0.0377789609	-0.0773829036	-0.0025252615	0.0222162139	-0.0855339287	-0.0265721985	-0.0498116061	-0.0690109783	-0.0653918979	0.0937114755	-0.0125970635	-0.0526873194	-0.0421155093	-0.0469307175	-0.0690527119	0.0960654698	-0.0845362415	-0.1170526426	0.0554223242	-0.0074613118	-0.0161058436	0.0207626916	-0.0209141437	-0.0515473491	-0.0013523227	-0.0216962742	-0.0249720802	0.020848269	-0.0752608627	-0.0575789916	0.047159697	0.0805950678	0.0497905	0.0014569	2.122557610000012e-06	0.00247909389025	-0.0308952	0.0587562999999999	0.0034523027896899	0.00095451338304	0.616268	0.011587	0.000134258569	0.379786247824	0.000197271	-0.000477051	2.27577656601e-07	3.8915847441e-08	-0.00159585	0.0004791599999999	2.5467372225e-06	2.2959430559999998e-07	0.00182262	-0.0002031999999999	4.129023999999989e-08	3.3219436644e-06	0.0	0.0
5100.575400049147	-7.835581084017576	26015869.41158652	61.396330924214055	10349.709446587642	-17.851413237511224	107116485.62878546	318.67295457639096	4808.771156533438	-3.292063975363817	23124280.035907943	10.837685217888218	4849.040977793925	8946.70746124057	1.042268	29.445883	0.15091605	0.0791353	0.0114215294	-0.0512450464	-0.0600404588	-0.0430430179	-0.0129370834	0.0690560137	-0.0027420383	0.015229967	0.0168698772	0.0455218883	-0.0062544926	0.0477293113	-0.0028989315	0.009601083	0.0375748932	0.0417017753	0.046462041	-0.0413938112	0.0336391823	-0.0192194554	-0.005352766	-0.0747199849	-0.0144453676	0.0682818513	0.0411715459	-0.1743986793	-0.0813259165	0.0245071342	-0.0097926158	-0.0013041111	-0.0023875486	-0.0349075135	-0.0748505745	-0.024035394	-0.0348747218	-0.0310951435	0.0478761276	0.0308815409	0.0014948069	0.0253152833	-0.0003710842	-0.0546751892	-0.0970935319	0.0162987602	0.0227238121	-0.0110987823	0.0944118418	-0.020076201	0.1316128503	0.1315463728	0.0344717458	0.0068105154	-0.0720671622	0.0894284732	0.0228690473	0.0167568452	0.0310671797	0.0174262745	-0.0768385747	0.0369842679	0.0255678676	0.0807672409	0.1211509639	0.1332984071	-0.0963681833	-0.0043255708	-0.0831217153	0.0482618192	-0.0935996939	-0.0027611707	-0.0729417154	-0.0152720766	-0.0591485654	-0.027884891	-0.0395096114	0.0796980437	-0.0025410175	0.0781043326	-0.004069628	0.0409418039	0.084733314	0.0350518165	-0.0219884747	-0.0843316616	0.0213740596	0.0542025764	-0.0839699715	0.0108805974	0.0222880053	-0.127651043	0.0190153613	-0.0476666888	0.0131979167	-0.0026870996	-0.0825991379	0.0593138348	0.0072233003	-0.0093352035	0.0345434248	0.0492587351	-0.0038261853	-0.0604114269	0.0287308096	-0.0141110833	0.0619149043	0.0155029389	0.0011302577	0.0495550704	0.0144290802	-0.0208033969	-0.2027411361	-0.0102308306	0.0179064475	0.0153842319	-0.0083447008	-0.0182850132	-0.0728520507	0.0251032869	0.0018888857	0.0534947635	-0.029641414	-0.0496795919	0.0109908641	3.12519e-05	0.02385882	0.0513492098	0.0978804477	-0.039126983	-0.0264935479	0.0339627138	-0.0118595257	-0.0160569491	0.1878447592	0.0354633526	-0.0292753163	0.058571041	0.0748983277	-0.1106215425	0.0026498289	0.0695925238	0.0164592612	0.0413808967	-0.064447177	0.0346395631	-0.0148313489	-0.0673153708	-0.1190816557	-0.1101214613	0.0014771639	-0.0308214014	0.0415718117	-0.0325318694	-0.1508531141	0.0043856968	0.0282644311	0.0082199798	-0.1199593839	-0.0115674541	-0.03369114	0.0495923176	-0.0443915938	0.0739616626	-0.0139172393	0.0584830766	0.0426873279	-0.0734938182	-0.0815403338	-0.0554151869	-0.0488969593	0.0579583505	0.0582481383	0.0577027282	-0.0570710606	0.0684307406	0.0926251353	-0.0626496009	-0.0220240739	0.0456817042	0.0952261937	-0.0834208185	0.0198969545	-0.0761682466	-0.0553742778	0.05037625	0.0788383141	0.0361137	-0.0136768	0.00018705485824	0.00130419932769	-0.10199	-0.0710948	0.00505447058704	0.0104019601	0.584464	-0.031804	0.001011494416	0.3415981672959999	0.00041348	0.0002162089999999	4.6746331680999994e-08	1.7096571039999998e-07	-0.00189569	-0.00029984	3.5936405761e-06	8.99040256e-08	0.00199338	0.0001707599999999	2.9158977599999943e-08	3.9735638244e-06	0.0	0.0
5081.089683361604	-19.485716687542663	25817472.370363727	379.6931548271786	10306.33755597366	-43.37189061398203	106220593.8176731	1881.1208954312224	4809.328782849137	0.557626315698144	23129643.34154116	0.3109471079590862	4848.572776267938	8923.784049200793	1.061338	29.984636	0.1068309299999999	0.07351	0.0165936855	-0.0787866041	0.0101773975	-0.0827223828	0.001341536	0.0046685229	-0.0150907747	-0.0410632316	-0.0022158488	0.0249809993	0.030981645	0.052035238	0.00236966	0.0154188553	0.0322209961	0.1514261211	-0.0494422375	-0.0211707359	0.006211321	-0.0631995648	0.0328625549	0.0347242068	0.0286140359	0.0824765535	0.0890526483	-0.0792081774	-0.0859876043	0.0889175531	-0.0238064781	-0.0861333984	0.0026678368	-0.0700325274	-0.0123329139	-0.0789474431	-0.0696735495	-0.0639338829	-0.0460657097	0.103415703	0.0025338964	0.0253412727	-0.0090813216	-0.0337827892	-0.0586182093	0.1021985275	-0.0454181635	0.0091866449	-0.0065370361	0.1138344082	0.000650101	-0.0468854959	0.0985331782	-0.0090047729	0.0059665011	-0.0017589951	0.0584925032	-0.0577882891	-0.0048543509	-0.0457890571	-0.0534686672	-0.0176020527	-0.0257326771	0.1441822096	0.1765337286	-0.0043455018	0.015617062	-0.0427234941	-0.0049046978	-0.0219132293	-0.0265857382	-0.0890456928	0.0568796011	0.0133032709	-0.0394558541	-0.0377855208	0.0064486763	-0.0557997775	-0.0455283407	0.0269195616	-0.0448853304	-0.0236224985	-0.0577302181	-0.0017641504	-0.0215553308	0.012575281	0.0532957888	-0.0606690694	0.0575925345	-0.0336325125	0.0021090505	0.0791222802	-0.0572011305	-0.0500037371	-0.0327241928	0.0443887133	0.0182528629	-0.063141147	0.0007388961	-0.0159842139	0.0398796695	0.0753439028	0.1372271903	-0.0220672155	0.0285017522	-0.0360956691	-0.0248018025	-0.0578520487	0.0155115713	0.1059537952	0.0170650172	0.0773770274	-0.1260292627	-0.0701662002	0.0454254509	-0.0668068772	-0.0557143247	-0.0272602008	-0.0741456936	0.0505986875	0.0976977761	0.0944356305	0.0700734528	-0.0227456917	0.0185816081	0.0111611406	0.0282697179	0.0058227582	0.0252135826	-0.1222024596	0.0476387375	-0.0414290573	-0.0291363147	-0.0503730895	-0.0624393485	0.0723155241	-0.0914173992	-0.0025216124	0.0239870342	-0.0057160322	0.0432132354	0.0457609896	-0.0555311737	-0.0307801661	-0.0711950395	0.0165946887	0.011360677	-0.0899548052	-0.2163648642	0.0327750859	-0.0027587968	0.0313446392	-0.0168967522	0.0281290322	-0.0290961204	0.0695739256	-0.0576472883	-0.0496111686	0.0086832914	0.0052181743	-0.0399408061	-0.0306277289	0.0566960344	-0.0240901912	-0.002927808	-0.025257833	-0.0854002062	0.0057062693	0.0075785774	0.0209031231	-0.0589804026	-0.0498027905	-0.0320579503	-0.0302832379	0.0812784638	-0.0104692678	-0.0960871158	-0.0172351746	0.0204097129	-0.024776826	0.008979118	0.0758953869	0.0189430245	-0.0770355794	-0.0531040541	0.053486861	0.0768225263	0.0315869	-0.0045267999999999	2.0491918239999977e-05	0.00099773225161	-0.0283057	0.0736843	0.0054293760664899	0.00080121265249	0.584811	0.0003469999999999	1.2040899999999042e-07	0.342003905721	-8.97766e-05	-0.0005032566	2.5326720544356e-07	8.059837907560001e-09	-0.00188766	8.030000000000016e-06	3.5632602756e-06	6.448090000000027e-11	0.00204755	5.4170000000000086e-05	2.934388900000009e-09	4.1924610025e-06	0.0	0.0
5083.785712525176	2.6960291635714384	25844877.17087511	7.26857325082771	10313.730298429657	7.392742455996995	106373032.66874588	54.65264102070048	4810.988959366831	1.6601765176947083	23145614.767149545	2.756186069904928	4851.201052561608	8882.999694009648	1.034882	29.237232	0.1136807199999999	0.063915	-0.0159765884	-0.0688981721	0.0142082637	-0.0569503096	-0.0569958198	0.0175321687	-0.015005742	-0.0719965671	0.0746767292	-0.0052374248	0.0378701011	0.0889274408	0.0131878014	0.0071766439	0.0943396604	0.0218927928	0.0319845032	0.0797515795	0.1215748702	0.1069584779	0.0421922103	0.0159509173	0.0682335422	0.0237871643	-0.0637242568	0.0309758807	-0.084736309	-0.0270497477	-0.0166400482	0.0130898832	-0.0152314564	0.0069932851	0.0613188855	0.027248367	-0.004470313	-0.0084146832	0.0386227413	0.049661339	0.0636500374	-0.0785358516	-0.0389281648	0.0884605328	0.0027621038	0.0596047592	0.0211113749	0.0677121385	-0.0382049778	0.0420420395	0.0581636567	0.0089045938	0.0124058445	0.0468568728	-0.0723501227	0.0813637271	0.0501394038	0.0474266348	-0.0906261506	-0.0131746887	0.0552336664	0.0083919405	-0.0301411403	0.0417039997	0.155174555	0.0263946814	-0.0162895116	0.0608723951	0.041662813	-0.1370494482	0.0603880528	0.0171897758	-0.0715866049	-0.0353342138	-0.022981467	0.0801163356	0.0039604462	-0.0017374925	0.0452547182	-0.1158527787	0.0895136233	-0.0129958712	0.0703578668	0.0056347817	-0.0027215484	-0.1443296307	-0.0600061096	0.026394367	0.0151104197	0.0524968003	-0.0065977154	-0.0515900378	0.0372268578	0.0840249494	0.0325270082	-0.007366391	-0.0849319604	0.0480787535	-0.012915574	-0.0085212213	0.0949109523	-0.0084572307	0.018363752	-0.0561199837	0.0605168628	0.1686331748	-0.0084107086	-0.0001482075	0.0603000216	0.0192996042	-0.0619078129	-0.0065193847	0.0037582144	0.08082581	0.0044823066	-0.0518523053	-0.0099797147	0.0399035914	0.0541063177	-0.0246306053	-0.0238797188	0.0071496204	-0.0078873625	-0.0526702145	-0.0363469536	0.090810713	0.0369401049	-0.100312269	-0.0412110304	-0.0711924552	-0.0046855506	-0.0752501657	0.0433099864	0.0118371211	0.0415674265	0.0355216364	0.0240278913	-0.02788887	0.0574186618	-0.082403795	-0.1006127158	0.0202260651	-0.0388617089	-0.0036391534	0.0139212351	-0.068981984	0.0101910522	-0.0213606601	-0.1488733967	-0.0263943313	-0.0184639804	-0.0664482025	-0.071217633	0.1054381909	0.0496613274	0.002989592	0.0623403652	0.0511977161	-0.0521055694	-0.0666921082	0.077980035	-0.0358506812	-0.0415128635	-0.045939714	0.0234781564	-0.0302210138	0.1471851581	-0.0679687922	-0.0310891087	-0.1027101949	0.0279641789	0.0300717594	-0.0738574755	-0.0261959945	-0.0676217377	-0.0320809232	0.0828432271	0.0634118405	-0.0309702209	0.0195413235	0.0388516931	0.0261440674	0.0179866041	-0.0778624053	-0.0507710064	0.0564849883	0.0745543275	0.0383097	0.0067228	4.519603984000001e-05	0.00146763311409	-0.0815464999999999	-0.0532407999999998	0.0028345827846399	0.0066498316622499	0.551714	-0.0330969999999999	0.0010954114089999	0.304388337796	5.94258e-05	0.0001492024	2.226135616576e-08	3.5314257056400003e-09	-0.00169131	0.00019635	2.8605295161e-06	3.855332250000003e-08	0.0019807	-6.684999999999981e-05	4.4689224999999755e-09	3.923172490000001e-06	0.0	0.0
5080.333142601371	-3.452569923804731	25809784.83981392	11.920239078761004	10297.797434104594	-15.932864325062836	106044631.99385116	253.85616560086007	4800.145145160012	-10.843814206818934	23041393.41460324	117.58830655200812	4838.814210209673	8887.361922232769	1.072015	30.286297	0.1708143599999999	0.0879367999999999	0.0062627529	-0.0657419775	0.0330804518	-0.0525177198	0.007063432	-0.0086712334	-0.0274265145	-0.0257657341	-0.0299980083	0.0126736189	8.16221e-05	0.0035244818	-0.027734415	-0.0138938739	0.0187340247	0.0183777183	-0.0253355748	0.0586056626	-0.0812898748	-0.0249959358	-0.0344225627	0.0230106837	-0.0214309017	0.0473001127	0.0079720875	0.0617038049	-0.0197126027	-0.0668289887	-0.1042605078	0.0222723949	-0.0114584923	-0.0529364413	0.0858184381	-0.0257632878	0.0042957055	0.1129865203	0.0154333523	0.06168849	-0.0013391466	0.0771503945	0.0457834641	-0.0054553097	-0.0633130799	-0.013425466	-0.0414070035	-0.0261845232	0.0460646245	-0.0168811584	-0.0101830595	-0.045669068	0.1341228379	0.1230482204	-0.0655208565	-0.0214555967	0.0158270887	-0.0114842353	0.0435173203	0.1005871106	0.0224321119	0.0093711554	-0.0486701689	-0.0388198341	0.0223357901	0.0066536522	0.0954977551	0.0601403819	-0.0269024679	0.0098602359	0.0983758718	0.0313352674	0.0280555685	-0.0386025853	-0.0204077927	0.0185231024	0.0879179486	0.1446263434	0.0353734432	-0.0006745151	0.0444209422	-0.0305819549	-0.0590551448	0.0692779908	-0.0217320357	0.0570313876	0.0588706323	0.0463700303	0.0280730365	0.0391140965	0.0143220384	0.0261319783	-0.030520916	0.0373839367	0.0832331027	-0.0041651033	0.0366981936	-0.0121606661	0.0294813825	0.0154193619	0.0363545372	0.0257621187	0.025476353	0.0926889109	-0.0475661808	-0.0087564632	-0.0063360915	0.0101498527	-0.0428914066	0.0472725329	-0.0215686631	0.0177222772	0.0460551303	0.0663303301	0.05778048	-0.0887860935	0.0150692497	0.0541862034	0.0314549173	0.0619728394	0.0508800286	-0.096355393	0.0449310215	-0.0869494934	0.0187988021	-0.0533487817	-0.0341170124	-0.0016336191	0.0882279184	-0.0101712602	0.0246625958	0.0528411527	-0.0016075044	-0.0251461644	-0.0404522716	0.0207763956	-0.0702342985	-0.0666964226	0.1724889384	0.0359146569	0.0051680699	0.0409525453	-0.0009552217	0.0847164866	0.0671766093	0.0122334959	0.0122498087	0.0467672425	-0.0188275664	-0.0085586818	-0.1071015228	-0.0302280174	0.0479074635	-0.0038150068	0.102589376	-0.0096264402	-0.039506172	0.0094979114	0.0149000843	-0.045578416	0.0451176317	0.1438406559	-0.0620335039	-0.0320104957	0.0500799723	-0.0085349716	-0.0443008587	0.0583859332	-0.0438430494	0.0767464411	-0.0217467463	0.061807079	-0.0175858414	-0.0655527704	-0.0173077696	0.0301852546	-0.0181872891	0.0231235044	-0.0678917027	-0.0220921457	-0.0889173638	0.0386718695	0.0170278193	-0.0786482892	-0.0483778948	0.0593643268	0.0720411702	0.0538091	0.0154993999999999	0.0002402314003599	0.0028954192428099	-0.0126622	0.0688842999999999	0.0047450467864899	0.00016033130884	0.581085	0.0293709999999999	0.0008626556409999	0.3376597772249999	0.000457869	0.0003984432	1.5875698362624e-07	2.0964402116100002e-07	-0.00225718	-0.00056587	5.094861552400001e-06	3.2020885690000026e-07	0.00180382	-0.00017688	3.128653440000005e-08	3.2537665924000003e-06	0.0	0.0
5093.294312479495	12.961169878123656	25941646.95353597	167.99192460957997	10317.981178908904	20.183744804309757	106460735.60831836	407.383554325501	4811.793780231355	11.648635071343053	23153359.38347316	135.69069902532334	4852.268212369873	8881.27608834115	1.144548	32.335472	0.12078985	0.0739559	-0.0252477595	-0.0520650356	-0.0668416231	0.0426462323	-0.0513601907	0.0191675694	-0.0258652646	0.0065663188	0.0214369142	0.0660020434	0.0164363586	-0.0385039046	-0.0115573352	-0.0251737242	-0.0211967353	-0.0669130546	-0.0620727874	0.0395086832	-0.0594998221	0.0835166182	0.0022798736	0.0180258271	-0.0110216183	0.0247448796	0.0343763824	-0.0147818197	0.0514848417	0.0175446039	0.0557588014	-0.0248993318	-0.0107560007	0.1364117742	0.1991519271	0.0096040217	0.103140518	0.0591624402	-0.0381264439	0.0963196277	-0.0591293493	-0.0694172206	-0.0206832188	-0.0534781039	-0.0044778397	-0.0444753848	-0.1566489276	0.0829410034	0.0670114124	0.0398547011	-0.0749261676	-0.0763009673	0.0139680697	0.045603944	-0.0607617618	0.0493295222	0.1015404249	-0.0780677366	-0.0956141083	-0.0183834223	0.0132135248	-0.0358299085	-0.0990142645	-0.1449238341	-0.0031502801	0.0951277521	0.0342752314	-0.1499635768	0.0223010382	0.1105515596	0.0034339859	0.0268994148	-0.011260729	0.0758571549	-0.0092309359	0.0650108919	-0.0627435717	-0.0092295899	-0.0113747325	0.0245347675	-0.0272287564	-0.0011992448	0.0035755685	0.0204546634	0.0392610543	-0.0497833699	0.1113456628	-0.155034712	-0.0171153709	0.0907412485	-0.0092464024	0.0158410137	-0.0846559978	0.0607452219	0.0560626484	0.0255709424	0.0397179016	-0.0823256215	0.0072452377	0.0197375321	-0.0017397817	-0.1039351274	0.0132092302	0.0452334164	-0.0678103501	0.0379218617	0.0431918989	-0.0022233693	-0.0074018458	0.0300790822	0.0295325552	-0.0289814637	0.0405036625	-0.0755790045	-0.0373572368	-0.0272540931	-0.0164371362	-0.0128175029	0.2322384037	0.0236472765	-0.0532853854	-0.0531843429	0.1153797452	-0.0366439377	0.0481559744	0.0694767239	0.0120127855	0.0831615438	-0.0067009992	0.0243694866	0.1550896859	0.0172263359	0.0953884227	-0.1075808734	-0.0913755235	0.0028465364	0.0223443607	-0.0292110506	0.0849379995	-0.0317969593	-0.0225436802	-0.0111160036	-0.1558191861	-0.0284367291	-0.0021637007	-0.0238774493	0.0693828728	0.1422820343	0.0015146845	-0.0252823415	-0.0127765449	0.1765919156	0.0021589811	-0.1087717262	-0.0584062266	-8.9765e-05	0.100908577	-0.0234863816	0.0469249607	-0.0739889489	0.0029296336	-0.0366534109	-0.0113464104	0.0429616133	-0.0106194652	0.0074330479	-0.0088970744	0.0174780452	-0.0257776148	-0.0585936199	-0.1027809507	-0.1316816894	0.0532755197	-0.0829678455	-0.05442606	0.0553175455	-0.0835920792	0.0440834626	-0.0835072115	-0.0416143827	-0.0426934486	0.0216160276	0.0160667959	-0.0793928181	-0.0459275503	0.0621188212	0.0692913117	0.0477962	-0.0060129	3.615496641000002e-05	0.00228447673444	-0.073756	-0.0610938	0.00373245239844	0.005439947536	0.541333	-0.039752	0.001580221504	0.2930414168889999	0.000483262	2.5392999999999965e-05	6.448044489999983e-10	2.33542160644e-07	-0.00207222	0.00018496	4.2940957284e-06	3.4210201600000025e-08	0.00187209	6.827000000000005e-05	4.660792900000007e-09	3.5047209681e-06	0.0	0.0
5103.563590318508	10.26927783901374	26046361.320424743	105.4580673348587	10357.054935989923	39.07375708101972	107268586.94711325	1526.7584924265389	4821.712529210235	9.918748978879194	23248911.71434296	98.38158130601704	4862.574608088437	8964.876825133386	1.049767	29.657749	0.13527945	0.0756045	0.0314561627	-0.0236869594	-0.0678086652	-0.0213622297	0.0128276887	0.0742653514	-0.0171232308	0.0139426739	0.0113643091	0.043738491	0.0227835382	-0.0168855191	0.0155273963	0.0715603834	-0.0994693216	-0.1016549974	-0.0732182997	0.0817578868	0.0222022404	-0.0351468906	0.0155654521	0.0497740497	7.66851e-05	0.0590072889	-0.0045524828	0.0636359737	-0.0705002828	0.107245078	-0.0449103894	0.0835672875	0.044320426	-0.0555586571	0.0530228845	0.0164323849	-0.1014561449	-0.0627964277	0.0180689436	-0.017346989	-0.018590936	0.0713830334	-0.0052077651	-0.0167517406	0.0364094834	-0.0300309484	0.0614056417	0.0019383883	-0.0293280034	-0.0330725837	-0.0072148346	-0.0186553637	0.0103726808	-0.0407365245	-0.0876810009	-0.0233184795	0.0189319148	-0.0159698009	-0.0370120815	-0.0412028457	-0.0372161485	-0.0760075562	-0.0426897223	-0.0334963118	-0.0499077935	-0.0106015839	0.0196383212	-0.0642847903	0.017187573	-0.0482629064	-0.0457509057	0.1017798847	0.0461449585	0.0671073073	-0.0238241336	-0.0992389259	-0.0467476422	0.1201035806	-0.1160154996	-0.1464156884	-0.0891317601	-0.0303949621	0.0692561722	-0.0552842065	-0.0530375207	-0.0625364277	0.1300035675	0.1150022776	0.0660426394	-0.0426019118	-0.0305105551	0.0502218155	-0.0201820321	0.0497348743	0.1232758659	0.0387962992	-0.0822128225	0.01778357	-0.0110674932	-0.0764729322	-0.0887542254	-0.1095457297	-0.0166687576	0.1000231704	0.0503848372	0.0262798552	-0.029236848	-0.0258586889	-0.0037581671	0.0522228243	-0.0666547827	0.0837802139	0.0007192411	-0.0388766634	0.0818165948	-0.0148819732	0.0120254051	0.1416398057	0.0005465251	-0.0524459837	0.081433009	0.0730821615	-0.0383103611	-0.0061301448	-0.0077899484	-0.070412434	0.0065752556	0.0127493884	-0.0142325068	0.0503265453	-0.0557585952	-0.0275233831	-0.0019120473	0.0440108052	-0.0293380022	0.0215448378	0.0250269171	0.067558918	0.0508417361	0.0237745908	-0.0347412238	-0.0199845372	-0.0394954292	-0.0539175521	-0.0141991247	0.0426626412	0.0602141036	0.0328862088	0.0317978418	0.045447701	0.0254680436	0.0801815606	-0.0222480703	0.042709594	-0.0333443618	-0.0973846327	0.0221975958	-0.0573184065	0.0259869301	-0.0394175385	-0.1207466459	0.0867744393	-0.0372667167	-0.1255683214	-0.1530102639	0.0244728391	0.0555297	-0.0594182901	0.0349298119	0.0050557718	-0.1352459527	0.1165367511	-0.087449979	0.045393986	0.0089583522	0.0132317415	-0.0336766598	0.0694116036	-0.159730201	0.0277297665	0.0503507207	-0.0941830685	0.0151036605	-0.0800956004	-0.0434228718	0.0647426787	0.066313787	0.0539661	0.0061699	3.806766601000007e-05	0.00291233994921	-0.0262218	0.0475342	0.0022595001696399	0.00068758279524	0.597555	0.0562219999999999	0.0031609132839999	0.3570719780249999	0.000177665	-0.000305597	9.3389526409e-08	3.1564852225e-08	-0.00195979	0.00011243	3.8407768441e-06	1.2640504900000038e-08	0.00196113	8.904000000000008e-05	7.928121600000016e-09	3.8460308769e-06	0.0	0.0
5098.655777450937	-4.90781286757101	25996290.736933824	24.086627143095583	10346.95468170456	-10.100254285363915	107059471.1852479	102.01513662901218	4817.452726608296	-4.259802601938645	23207850.773105703	18.14591820748325	4858.069424312118	8947.480716975853	1.014321	28.656336	0.1002609999999999	0.0619504	-0.0018017971	-0.0583052722	-0.058616976	0.0074401264	-0.0283062335	0.0437401137	-0.0337644706	-0.0047782671	0.0160564861	0.0586559222	0.0017641717	0.0003868001	0.07358957	0.0483030211	-0.0377977361	0.0122226843	-0.0731605508	-0.1515035632	-0.0480142522	0.0793105204	-0.0307045362	-0.0129121059	0.0378082502	0.0190599633	-0.0469814612	0.014165275	0.0608454251	0.0166866498	-0.0630068051	0.0546501612	0.0150317359	-0.0483965323	0.1096605426	-0.0214755679	0.0215876558	-0.0937847114	-0.0813219229	-0.0338094994	-0.0103054465	0.1000108543	0.0592925098	-0.1030451796	-0.0192874187	0.0149046216	0.0572056623	-0.0028415186	-0.1852652303	-0.0600180413	0.0473807236	-0.0038943311	0.0013158018	0.0318469846	0.0277842616	-0.0742383941	0.0297814018	-0.016865654	-0.0186076133	0.0656291676	0.0703582588	0.0440387277	0.0165154707	0.0106127726	-0.0301999792	-0.0548750644	0.1444378388	0.0392701608	0.0193707189	0.0303206272	0.143243839	0.0422278571	-0.058669524	0.0098758029	-0.0863164789	0.010107709	-0.1149436167	0.0211694601	-0.1084696185	0.0174119555	0.0229303975	0.0711409056	0.0446211293	0.0037475717	-0.0860238667	0.085109239	-0.0122111963	0.0363752314	0.0100664024	0.0305026101	-0.1121519083	0.0143942687	0.0076922671	-0.0692086869	0.0570020051	-0.0069095542	-0.039306647	-0.0600964174	-0.0687025543	-0.0617395726	-0.0080535526	-0.0644634612	0.0631352254	-0.0907571871	-0.0608692197	-0.1065190135	0.0354434758	0.0413875552	-0.001158256	0.0272442308	0.0100882585	-0.0829101227	0.0877901945	-0.0043901078	0.0647186207	-0.055810036	0.0127861049	0.1084914876	0.0347172729	0.0022400846	0.018213138	0.0832651354	0.0612305629	0.0925479375	-0.0019310294	-0.1078742598	-0.0266318045	0.0950565209	0.0212086714	-0.0476550077	-0.0305014877	-0.0893940186	-0.0361718172	0.1735796581	-0.004994868	-0.0169477704	0.006056018	-0.061806701	-0.0132877572	0.0702572202	-0.0040134685	0.016557445	-0.0401826754	0.0684047008	0.0563240382	-0.0401905934	-0.0600454876	0.0007329889	0.0213409587	0.0724113464	-0.0970810316	-0.0076624866	0.053692527	-0.0431507055	0.1551856973	0.0003480085	0.0521873742	0.0310796882	-0.0305904267	-0.1238600488	-0.100548166	-0.0193009796	0.0235745955	0.0062494225	-0.0073196431	0.1234441931	0.0057102602	-0.0783358695	0.0206895572	0.116957391	0.0091473614	0.0182008873	-0.0131430674	0.0754912062	-0.0435103769	-0.0196551961	-0.0503350522	-0.0660292692	-0.0584150632	0.0294861147	-0.0029442884	0.0574618142	0.0141385394	-0.0807562666	-0.0408668224	0.0672303814	0.0631183792	0.0511594	-0.0028067	7.877564890000012e-06	0.00261728420836	-0.0792635	-0.0530417	0.0028134219388899	0.00628270243225	0.565354	-0.0322009999999999	0.0010369044009999	0.319625145316	0.000295437	0.000117772	1.3870243984000002e-08	8.728302096900002e-08	-0.00190504	5.474999999999989e-05	3.6291774016e-06	2.997562499999988e-09	0.00203284	7.171e-05	5.1423241000000006e-09	4.1324384656000006e-06	0.0	0.0
5086.842948975644	-11.812828475293829	25875971.18754322	139.5429165867127	10335.347677470952	-11.607004233606858	106819411.6142042	134.72254727896754	4817.21826496777	-0.2344616405262058	23205591.81233909	0.0549722608782397	4857.3595255584905	8966.945330064651	1.072338	30.295427	0.12151275	0.068429	0.0265530334	-0.0683150715	0.0338517452	-0.051369158	0.0217152002	0.0075686394	-0.028898684	-0.0241651905	0.0063081824	0.0014268397	0.0672179326	0.0518493768	0.0256074772	0.0386702592	0.0201968417	-0.0078316541	-0.031660062	0.0180956382	-0.0195530806	0.0241388664	-0.0008303853	0.0953215124	0.0394280585	0.087669623	-0.1063051172	-0.0660868261	0.0251485724	0.0352656171	-0.0938209716	0.0639842932	0.0973396672	0.0382892667	-0.0252146518	-0.0056725193	-0.0389321206	-0.0910912052	0.0816586677	0.0635317568	-0.0215578477	0.1762525698	0.032687953	-0.0351321958	-0.0593382704	-0.0395965902	-0.0024355848	-0.0796217565	-0.026218068	-0.0708560622	-0.0341836846	0.1057248567	-0.038564541	-0.0442106763	-0.0733033479	-0.1068655468	-0.0505211228	0.0478091533	0.0875894776	0.0803491448	-0.0386527373	-0.0621838461	-0.0032220262	-0.0150990961	-0.0417093062	0.0936603522	0.0274117786	0.0822614088	-0.0039493518	-0.0097702828	0.0673011979	-0.032395535	0.0153667437	-0.088743817	-0.0162325168	-0.0038269307	-0.0285055595	-0.04955779	0.0708677046	0.0123747281	0.0118889057	-0.0362934805	0.10556808	0.0629892535	0.0642001083	0.0272352011	0.0461589958	-0.0082502118	-0.1004532823	0.1048937521	0.0466917907	0.0325636578	0.0298255072	0.002060289	-0.0605329287	-0.0080230115	0.0316657591	-0.1414807045	-0.0208525393	-0.0426992132	0.0169533765	-0.0311031125	0.0197965331	0.0117921102	-0.035103114	0.0282244784	-0.0615475374	-0.0180555372	-0.007325287	0.0846791575	-0.0704688288	-0.1048783999	-0.0193932843	0.0112367233	0.1282224816	0.0874952907	-0.0417940341	0.0478426379	0.0016599912	-0.0483175254	0.0163538456	0.1158426969	0.0146099634	-0.0841514982	0.0376794226	-0.151401282	-0.0336087304	0.0022153332	0.0781989162	0.0181033638	0.0162988548	0.0260758983	-0.0811785812	0.0624902688	0.0440904832	-0.0811168295	0.0496688847	0.1300936205	0.0279564991	0.0824444924	-0.0090310049	0.0205773399	0.0887133053	0.068385861	0.058248833	0.1085746474	0.0198949368	0.0149675021	0.0356201097	-0.0795458226	-0.0920120023	-0.0296146718	0.0201320508	0.0029186169	0.0593179688	0.0295428751	-0.0572982758	0.0034922926	-0.0515077083	0.0268547535	-0.0218216115	-0.0577028188	-0.0032504012	0.0686531894	-0.0105074442	-0.080847651	0.1133398393	0.0449716627	-0.0545641764	0.0224045373	-0.0266756003	0.010318261	0.0898079734	-0.0798853103	-0.0957966204	-0.0055117786	-0.0314072461	-0.0294734954	0.03975727	-0.0106800651	-0.0097116751	0.012430437	0.0131715598	-0.0813744693	-0.0382624261	0.0695766975	0.0597155874	0.048097	-0.0030624	9.37829376e-06	0.002313321409	-0.0414811	0.0377824	0.00142750974976	0.00172068165721	0.616114	0.05076	0.0025765776	0.3795964609960001	-0.000197632	-0.000493069	2.4311703876100005e-07	3.9058407424e-08	-0.0018404	6.463999999999992e-05	3.3870721600000004e-06	4.17832959999999e-09	0.00199239	-4.045000000000004e-05	1.6362025000000027e-09	3.9696179121000005e-06	0.0	0.0
5078.460562425176	-8.382386550467345	25790761.68410784	70.26440428145584	10331.232624688228	-4.115052782724888	106734367.5454224	16.933659404611845	4814.334752071946	-2.8835128958235146	23177819.10500765	8.314646620380511	4854.705646969593	8936.143301007625	1.153153	32.578583	0.1967183	0.101398	-0.0356999408	-0.062840388	0.0608964165	0.0366181544	-0.0214227261	-0.073990329	-0.0601578893	-0.011403709	-0.0394976938	-0.0105975613	-0.0111119247	-0.0378632826	0.0369626838	0.0428353148	0.0742802998	0.0585937171	-0.0721179186	-0.0102370546	-0.114530964	0.0119529514	-0.1052446269	-0.0050964677	0.0043012335	-0.1130658293	-0.0147693945	0.0150268047	-0.0519017776	0.0170445384	-0.0918117335	-0.075461161	-0.0018688068	0.1327118345	-0.0576623885	0.0435706433	-0.1224049064	-0.086721906	-0.0157205069	0.0696114656	0.0565524114	-0.0167713815	0.0496012733	0.0486509556	-0.0083757299	0.0850821153	0.0966543214	0.0141506628	0.0224351648	-0.0047507358	-0.0112354368	-0.0123187007	-0.0558933682	0.0223766043	-0.0087922147	0.0112783499	0.0156021602	0.0200772656	-0.1368096771	0.0309585806	0.1138562922	-0.0083800933	0.074592873	0.011827203	0.0445125279	0.0215933573	0.0865810915	-0.0599093659	0.0337051585	-0.0660739573	0.045321584	0.120602046	0.1295242746	0.085239948	0.0785602188	0.0478917356	-0.0735522452	0.2042683605	-0.0357007119	0.0065711975	-0.0496471087	0.1272033762	0.0635383155	0.0552630638	-0.0054467634	0.0104314659	-0.1986211706	-0.0700312263	0.0353170323	-0.0005185059	0.0600064941	0.0376824973	0.0198392494	-0.0025988251	-0.039589959	0.0104020693	0.0403370908	0.0296113341	-0.0347262697	-0.0466345011	0.0530497123	0.0163441378	0.0657788763	0.0133552951	-0.1098242187	-0.0515205279	-0.0630231212	0.1199550668	-0.0397682567	-0.089049981	-0.002079343	0.0664093058	-0.0125224004	0.0324234545	0.1089526068	0.016998697	-0.0686180736	-0.1348860531	0.035997439	-0.0965933052	0.0788627835	0.0880624022	0.0189757594	-0.0243746995	-0.0436707847	0.0454211445	-0.0382904652	-0.0711331718	-0.0034155032	-0.0844704852	-0.090460102	-0.0454240333	0.0011871033	-0.0229634052	0.0288906372	-0.0191098113	0.0534747083	-0.0294806101	-0.0054553974	-0.0200999084	-0.100359053	-0.0680784447	-0.0531274355	0.0360103469	0.0272445851	-0.0549637769	-0.1134304698	-0.0014599496	-0.052334269	0.030100914	-0.0244037772	0.0941162273	-0.0265082816	0.0528824389	0.0473566056	-0.1119971341	0.020545654	-0.0671542318	0.1680964839	-0.0642627976	-0.0308824716	0.1336792257	-0.093011327	0.1016370072	-0.1197760275	0.1144092107	0.0776474953	-0.0557760555	-0.0380817188	0.0149356015	0.1844919893	-0.0798056038	-0.0497049121	-0.0584530007	0.0545476196	-0.0555595994	0.0086866224	-0.0208359236	0.0453859528	-0.0415082445	-0.0195012127	0.0257183604	0.0122028486	-0.0819498834	-0.0356127639	0.0717766928	0.0561165917	0.0443006	-0.0037963999999999	1.4412652959999989e-05	0.00196254316036	-0.0797009	-0.0382198	0.00146075311204	0.00635223346081	0.55197	-0.064144	0.004114452736	0.3046708808999999	0.00100256	0.001200192	1.4404608368640003e-06	1.0051265536e-06	-0.00235323	-0.0005128299999999	5.5376914329e-06	2.629946088999999e-07	0.00189425	-9.814000000000005e-05	9.631459600000006e-09	3.588183062500001e-06	0.0	0.0
5080.060693264378	1.6001308392014837	25807016.64724975	2.560418702563644	10357.105175661643	25.87255097341585	107269627.6197172	669.3888938720017	4800.12334949798	-14.211402573966552	23041184.170395706	201.96396311934316	4840.622005065382	8940.67451429931	1.144411	32.331608	0.1735155999999999	0.0965342	-0.0611957267	-0.0250854918	0.11345239	0.1158652712	-0.024623467	-0.1026526885	-0.0673808484	0.0019246772	-0.0460007098	-0.0672176906	-0.0231601338	-0.1902926415	0.0196863763	-0.0620010332	0.0269106049	-0.0878742184	0.0227327581	-0.0059899847	-0.0537707008	-0.1307542763	0.2026404841	-0.1096021426	0.1043711853	-0.1123574546	-0.0499507524	0.0114138281	0.0913157798	-0.0831816228	0.0543537041	-0.0955902699	-0.0624799225	-0.0774905588	-0.1034015182	-0.0543309671	-0.1004551448	-0.0280947497	-0.0389747145	0.0601054306	0.054199164	0.0594046552	-0.0140894474	0.0565045364	0.0456333939	-0.1187761174	0.0098197368	0.0727232927	0.0446173057	-0.0794747829	0.0015171647	0.0141556948	-0.1548612593	0.0853451873	-0.0471091907	-0.0872380744	-0.0306383159	-0.0079314528	0.113507091	-0.0455839708	-0.0031636478	-0.059928376	-0.1064122056	0.07531205	0.0604182832	-0.0942366046	0.1070993583	0.0271151595	0.1250829594	-0.004000316	-0.0806533645	-0.0149271257	-0.0445859664	0.007800002	0.0207565244	-0.0472589837	0.0787641064	0.032842787	0.0455532341	0.0956357836	-0.0284636724	-0.0309615517	-0.0059943296	-0.0428547435	-0.0030947708	0.0431365458	0.0058561385	0.0662877198	0.0442864813	-0.019609484	-0.0255916538	-0.0319249369	0.0640738554	0.0680764736	0.1471908363	-0.0628068264	0.0543963341	-0.1372568447	-0.0278505786	0.0664863401	0.0347252031	-0.0037608155	-0.1081069655	0.075881944	0.0186208168	-0.1216413312	-0.0001200985	-0.048024439	0.2522694444	-0.1097806647	0.0040644288	-0.0527292633	0.040633212	0.0366789932	-0.0800440024	-0.0221977438	0.0491121358	-0.1238712162	-0.1401779716	0.0218727648	0.1142314204	0.0643415066	0.0432439521	-0.0194226535	-0.0661733558	-0.0340193136	-0.010190461	-0.0517622975	-0.0160752637	0.1329935515	0.0215884209	0.0091211637	0.080585706	0.0014581862	0.0760008499	-0.0352757317	0.1788056234	-0.0121905891	0.0197471879	0.1068859152	0.0585789926	0.024290881	0.0608627745	-0.0876142151	0.0502835104	0.0524132883	0.0802540875	-0.0454399718	-0.086375501	0.1443324626	-0.0854200192	-0.0140629057	-0.1073913548	-0.0245286702	-0.0149378454	-5.58054e-05	-0.0067026472	0.0435146542	-0.0162556787	0.0525542716	0.0001867361	0.0874873402	0.011470798	0.0481312064	0.0382247612	-0.0585582017	-0.0656055997	0.0203250522	0.0356264725	0.0592498596	-0.0249555224	0.030824749	-0.0407642089	0.0718543996	-0.0004029225	-0.0272555911	0.0859373367	0.0364101131	-0.0922693747	0.054930411	-0.1604991271	0.0816498241	0.0112325332	-0.0824822064	-0.0329209705	0.0738257406	0.0523332172	0.0375312	-0.0067694	4.582477636000002e-05	0.00140859097344	-0.0697812	0.0099197	9.840044809000007e-05	0.00486941587344	0.534142	-0.0178279999999999	0.0003178375839999	0.285307676164	0.00227575	0.00127319	1.6210127761e-06	5.1790380625e-06	-0.00355089	-0.00119766	1.2608819792100002e-05	1.4343894756000005e-06	0.00220337	0.0003091199999999	9.555517439999997e-08	4.8548393569e-06	0.0	0.0
5073.198435501418	-6.862257762959416	25737342.36597404	47.09058160529677	10324.333988169734	-32.771187491909586	106591872.29927675	1073.9507296298914	4806.286774261823	6.163424763843068	23100392.55644412	37.98780481955398	4846.401592795492	8898.642019033745	1.110987	31.387329	0.0987167	0.0476937	-0.0675290065	0.026182645	0.0962266735	0.07188298	-0.0278357644	-0.1126986823	-0.0024580823	0.0046606192	-0.0760243351	-0.048522791	-0.0631014115	-0.0534064221	-0.0074731351	-0.0690695002	0.0338136847	0.0704196098	0.0164442375	-0.0448600724	0.0018545896	-0.0118474231	0.0944180773	-0.0393049092	-0.0716833574	-0.0382114308	0.0910344121	-0.0168134998	0.1012151165	-0.0593782232	0.0621055192	0.0443339186	-0.0408848465	-0.0540009881	0.0459228442	-0.0749077227	-0.0130779904	0.0294715094	0.0195913964	-0.0048164832	0.1640855379	-0.0789313849	-0.0393296802	0.0233476847	-0.0015913884	0.0828374692	-0.0403366496	-0.0313516876	0.02773273	0.0350214891	-0.0836834985	-0.159955941	0.0208130895	-0.0223744197	0.0687270635	-0.0326392315	-0.0155169293	0.026457876	-0.0192623979	0.007447302	-0.1310417812	0.0164068214	-0.0639688776	0.0005831475	0.0924322845	0.0362774015	0.1314405455	-0.0015605853	-0.0384524193	0.0327420416	-0.0069676236	0.0339158813	-0.0433783221	-0.0760527958	0.0355456987	0.023134957	-0.1949042043	-0.0094147693	-0.0429861409	-0.1024225402	-0.0848279909	-0.0598342049	-0.003972401	0.0869546903	-0.0713800696	0.0485622895	-0.0339911892	0.0424848936	-0.0499130345	0.0081693965	-0.0144006818	-0.0152517132	0.0501080249	-0.0894204198	-0.0224753537	0.0089241616	0.0370978986	-0.0355246879	0.0026819166	0.0758688685	0.0389004319	0.0767150744	0.0268840079	-0.0296410508	0.0054666658	-0.0469718537	0.0980876992	-0.0822010245	0.0222917562	-0.0602849514	0.0725263891	-0.0146906348	0.0273693036	-0.0194849131	-0.0800186209	0.0347345086	0.0816599757	0.0191254019	0.0041764463	0.111149592	0.0327156692	-0.0016126585	-0.0053550098	-0.0295964593	-0.1463010363	0.0685117077	0.0580099483	-0.0347735198	-0.011316601	-0.0804293883	-0.0107305078	0.0892582745	0.0008938524	-0.0518284782	-0.169746741	0.0522798511	-0.0199545567	-0.0404911278	-0.0551687941	0.0402434406	0.00572912	-0.0096764569	0.0263220523	0.0412954295	-0.0997155935	0.0314070745	0.0805972489	0.0362363006	-0.0942963228	0.0366041137	-0.1141648676	0.0358724109	0.0398656795	-0.0035416471	-0.0115848041	-0.0375994347	0.0111711825	0.1273950337	0.0432947491	-0.0627744836	-0.0851349486	-0.1310657755	-0.0731255095	-0.0545784384	-0.1294340021	-0.0166746834	-0.0263168732	-0.0553142047	-0.0581459119	0.0385655649	0.0543965563	0.06445368	0.0545635217	0.0100334269	-0.0174780403	0.0106477017	-0.0083031007	-0.1148805636	0.0185840159	-0.0390128495	0.0109853694	-0.1006630045	0.0102607412	-0.0829711584	-0.0301902304	0.0757195317	0.0483778948	0.0491456	0.0116143999999999	0.0001348942873599	0.00241528999936	-0.099234	-0.0294528	0.00086746742784	0.009847386756	0.525334	-0.008808	7.758086400000067e-05	0.275975811556	0.0019403	-0.0003354499999999	1.1252670249999997e-07	3.76476409e-06	-0.00299852	0.0005523699999999	8.9911221904e-06	3.051126169e-07	0.00211436	-8.901000000000004e-05	7.922780100000009e-09	4.4705182096e-06	0.0	0.0
5076.740034120719	3.541598619301112	25773289.37404404	12.542920780235544	10310.328717957766	-14.005270211968307	106302878.27234462	196.14759371024684	4805.955557123337	-0.3312171384859539	23097208.817044683	0.1097047928268235	4845.820650375921	8892.211950480076	1.046473	29.564672	0.1463026	0.0728525	-0.0480761752	0.0457260977	0.0989538498	0.0689903538	-0.0001817411	-0.0929359821	-0.0112591015	-0.0141299536	-0.034464914	-0.0644373675	-0.025049941	-0.1365840345	-0.0466623446	-0.1102132331	-0.0810068917	-0.1100563224	-0.0212965679	0.0302648592	-0.0278301252	-0.0648989139	0.0195253645	-0.2000469685	0.0212680684	-0.0157557089	0.0737884402	-0.035028752	-0.033518849	-0.0563443846	0.083197687	0.0301509026	0.0135623764	-0.0202865179	0.1248156993	0.0035502888	-0.0191593965	0.0268441048	-0.0802613705	-0.0560282059	0.0021481882	-0.1017983994	0.0558115677	0.0722113517	0.0861798613	-0.0727622918	0.0145068545	-0.070186698	0.0737742564	0.0606996209	-0.1039369551	0.023010126	-0.0489849437	-0.099541792	-0.0182290991	0.0247879229	-0.0717748043	-0.0904554984	0.0532593584	-0.0309045153	0.0785081422	-0.0677249167	0.0615457831	-0.0300421329	0.046141355	0.0565119273	-0.0751124069	0.1279331481	0.0597486664	-0.0149022477	0.028054523	-0.0109150697	0.0615123743	0.0051888723	0.0529540819	0.0098707318	-0.0243201653	0.025379759	-0.033957275	0.0353150637	-0.0819830984	-0.0148065358	0.0530679004	0.0855767889	0.0748971611	-0.0213861336	0.051122437	-0.0156769192	0.0047295125	0.0116801993	-0.0643023433	0.0599378623	0.0475361455	-0.0832188793	-0.0549816706	0.055365217	-0.0058423936	0.0116303835	0.0374494811	0.1162441761	-0.0585864474	-0.0417622579	-0.0815330876	0.1133187924	0.0582339196	-0.0820489771	0.1312718171	0.0794210135	0.0998236081	-0.0094041016	0.0605490216	0.0232839076	-0.0457018967	0.0024855334	-0.1123429614	-0.0327399585	-0.0207287577	0.0797278698	0.0888986858	0.0234927013	0.0374340022	-0.0412201367	-0.0043180625	0.0799260869	-0.0437644266	0.0981874611	-0.0702075418	-0.0319668133	-0.0481753027	0.1079532476	-0.0264354631	0.0329796886	-0.0367814931	-0.0913229607	-0.0553228026	-0.0380823181	-0.004229071	0.1031898164	-0.0473085473	-0.0390031144	0.0463437777	-0.087597709	-0.0078618613	-0.0698053369	0.0717564729	0.0530605583	-0.0711456292	0.0010245059	-0.0184255852	-0.1367535104	-0.0023151703	-0.1117621912	-0.0735089567	-0.012377892	0.0211260116	-0.005851575	-0.0138723484	-0.0105886325	0.0900525049	-0.0239337236	-0.0321953274	0.0320903096	0.0215853442	0.0527777522	-0.076481583	-0.04587858	0.0126547083	0.0453686524	-0.0836186026	0.01131152	-0.0629792981	-0.0595953246	-0.0272979014	0.0296504549	-0.0339018016	-0.0660818755	-0.0590325102	-0.0828221768	0.0556513531	-0.0298472079	0.0372517231	0.0185040273	0.0092876003	-0.0834164822	-0.0274237741	0.0774540834	0.0442636201	0.0461737	-0.0029718999999999	8.832189609999998e-06	0.0021320105716899	-0.0439383	0.0552957	0.00305761443849	0.00193057420689	0.542667	0.017333	0.000300432889	0.294487472889	0.00115772	-0.00078258	6.124314563999999e-07	1.3403155984000002e-06	-0.00239001	0.00060851	5.7121478001e-06	3.702844201000001e-07	0.00209141	-2.294999999999988e-05	5.267024999999944e-10	4.3739957881e-06	0.0	0.0
5079.475037153461	2.735003032741588	25801066.653065152	7.480241589105684	10326.873656809756	16.544938851990082	106644319.5237113	273.7350016160909	4799.074491203512	-6.881065919825232	23031115.972120244	47.34906819298027	4839.822221973759	8898.687431455755	1.057082	29.864412	0.0787954999999999	0.0421559	-0.0666314029	0.0725668804	0.0609664159	0.0995900416	-0.0374435188	-0.058674711	0.0309244717	0.0663713586	-0.0219101287	-0.0790097541	-0.0336285307	-0.0461427752	-0.0764336255	-0.125783869	0.0121366254	0.0446822096	0.012390261	0.0430685467	-0.1017554309	-0.0326836498	-0.0821692771	-0.0875507063	-0.0190249486	-0.0194938413	0.0373875961	-0.1450126479	0.0270478842	-0.0001859846	0.0365329648	-0.0253748026	-0.060222548	-0.1006574059	-0.0937624079	-0.1108534706	-0.0371533862	-0.0479002611	-0.0282352341	0.022709519	0.0404195011	-0.0319256379	0.0246056268	0.0350234444	-0.0135517096	0.0590350585	0.0061976076	-0.0059736662	0.0304627065	-0.0078905433	-0.0752474602	0.0871238297	-0.1301003509	-0.1155680458	0.0377386589	-0.0286091678	0.112688965	0.0117003996	-0.000729078	-0.0862689901	0.0135624631	0.0720880251	-0.0572209114	0.0546157286	0.0150441143	0.0730377348	0.0252545422	0.0282647923	0.0415530955	0.0539150736	-0.0576217936	-0.1023804509	-0.0905959351	-0.0078472531	-0.043939974	0.0133346161	0.0493908994	-0.0550168879	0.0355616524	-0.017997863	-0.0449275037	0.0235649512	-0.0289942128	-0.0233811006	0.0003985479	-0.0625341783	0.078562586	-0.0482087276	-0.0480963838	0.003854699	0.0885186195	-0.0024286599	0.0824495078	0.0224028505	-0.0348195623	0.1437793443	-0.0404758067	0.0116011057	0.0651629436	0.1360611535	-0.0019733266	0.072034502	0.0112665594	0.0696351552	-0.0631596055	-0.0316594603	0.0378891669	0.1022389628	-0.01515952	-0.0181912278	0.0788652949	-0.0550552169	-0.1246790084	-0.0406922739	-0.0312661423	0.0040355563	0.0428996465	-0.0524133312	-0.1370963691	0.0905087525	0.0563224216	0.0811918117	0.019044148	0.0225771398	-0.0258867597	0.042416349	-0.0254541241	-0.0329171378	0.0033474666	-0.0559592984	-0.0273724147	0.0381496431	0.0022221442	-0.0345560955	0.0180760171	-0.0931662252	0.062446938	0.1119145526	-0.1521399743	0.004308172	-0.0202339253	0.0717107084	-0.0603461897	-0.0777186092	-0.03896983	-0.0765377878	0.0242166084	-0.0478868712	-0.0212975842	-0.007042875	-0.0935846828	-0.0016094571	-0.0355195039	-0.0682712964	-0.084020781	0.0987203833	0.0124853	0.0162283391	-0.1013408387	0.0232656518	0.0416214053	-0.0306796291	0.0116014873	-0.0031631938	-0.0239370223	-0.0208711183	-0.0159496297	0.0089803924	0.025214492	-0.0485402337	-0.08054613	-0.0175590511	0.0388550427	-0.1113324468	0.0152140076	-0.044670287	0.0720018882	-0.0005447822	0.0272296189	-0.0924853885	0.0676128869	0.0870644382	0.0083132385	-0.0838179437	-0.0246248744	0.079025748	0.0400039112	0.0573864	0.0112126999999999	0.00012572464129	0.0032931989049599	-0.0829335999999999	-0.0389952999999999	0.0015206334220899	0.0068779820089599	0.547211	0.0045439999999999	2.0647935999999933e-05	0.299439878521	0.0013844	0.0002266799999999	5.1383822399999975e-08	1.91656336e-06	-0.00259535	-0.00020534	6.7358416225000005e-06	4.216451560000001e-08	0.00204256	-4.885000000000002e-05	2.386322500000002e-09	4.1720513536e-06	0.0	0.0
5081.360409533729	1.885372380267654	25820223.611576784	3.5546290122761195	10308.644040640063	-18.229616169692235	106268141.9566239	332.3189056943046	4807.421848388982	8.347357185470173	23111304.82836773	69.67837198182053	4847.35691521428	8895.710712632117	1.03063	29.117105	0.10298105	0.0531676	-0.0411582335	0.0699963038	0.0636131981	0.0633556144	0.0014711182	-0.0694396238	0.0330798638	0.0048239358	-0.0265922172	-0.0346966581	-0.0347885848	-0.1303269245	-0.0192947633	-0.0528273418	-0.0621106525	-0.1247471502	0.1006767972	0.0124883618	-0.0407971121	-0.0278206447	0.0127412204	0.0700436797	0.0171072679	-0.0057092709	0.0964432636	0.024938834	0.1383097667	-0.0775759122	0.0263838552	-0.1135432238	0.0093055258	-0.0713504366	0.0564459435	0.0152475519	-0.0371127078	-0.0470601417	0.0284496025	0.1183820042	-0.0116568128	-0.0216341891	-0.0353294314	0.0197191688	-0.0130596171	-0.0773936235	0.021893256	-0.0179109578	0.0203203968	-0.0270627851	0.022144022	-0.0052937836	0.0564216729	0.04712167	-0.0523209791	-0.0853971225	0.0688293939	0.0333210658	-0.1110782786	-0.0591998526	0.0538827238	0.1179209422	-0.0343715845	0.0039661204	0.0070316202	-0.0216431332	-0.0464381596	-0.0301409702	0.1009748158	0.08025562	0.0235068421	-0.0188773615	-0.0199787375	0.0712018264	-0.0881391832	-0.1249877249	-0.0027774587	-0.1287705713	-0.0269861419	0.0736075598	-0.0394982318	0.0361737985	0.0512454954	0.0884728832	-0.0306281049	0.0460207415	0.006669479	-0.0415771198	0.1297768099	-0.0228742967	-0.068951376	-0.0191282383	0.0186673362	0.0375166321	-0.0493217914	-0.0009257965	0.0033579159	0.1199434397	0.0084109711	0.0642923572	-0.0534885689	-0.0007475318	-0.1462936248	0.0646581892	-0.0263457383	-0.0020762505	-0.0159050195	-0.0859887681	-0.0083576891	0.0436497269	0.1399581104	-0.0445518135	0.1276015497	-0.00712273	-0.0570618099	-0.0746464146	-0.0337938936	-0.0452710209	-0.0210712231	-0.0035616624	0.0398575075	0.0698400461	0.0604668959	-0.0982941852	-0.0059212587	0.0550595851	0.0236303334	0.0068411954	0.027857716	0.0882233961	-0.0167627248	0.0189002419	-0.0104833473	0.0088080963	0.0224217333	0.0186800903	-0.0111153244	-0.0086618068	0.0668005394	0.0918746149	-0.0872140124	0.03883329	-0.0536515968	-0.017775655	-0.055692016	-0.1668703016	0.0011877946	0.0017760509	-0.0102788357	0.0372105194	0.034345395	0.0076126391	-0.0675392429	-0.1089765817	0.0108285027	0.0308371058	0.0667941318	-0.0884237284	-0.0762137804	0.0353820856	-0.1112997385	-0.0644784363	0.1155324246	0.0080794782	0.0243774289	-0.0002981898	-0.0304490388	-0.0235903146	-0.0878645343	0.0951371289	-0.021304956	-0.1045114177	-0.0766580154	0.0613226677	0.0149260824	-0.0055817615	0.0340646804	0.0383093687	0.0002349748	-0.0308766292	0.0547611713	-0.1540095834	0.0073377838	-0.0841753318	-0.0217968427	0.0804312202	0.0356127639	0.0594386	0.0020522	4.211524840000017e-06	0.00353294716996	-0.0376897	0.0452438999999999	0.0020470104872099	0.00142051348609	0.551346	0.004135	1.7098224999999997e-05	0.303982411716	0.000866881	-0.000517519	2.678259153610001e-07	7.51482668161e-07	-0.00215731	0.00043804	4.6539864361e-06	1.918790416000002e-07	0.00196712	-7.543999999999997e-05	5.691193599999995e-09	3.869561094400001e-06	0.0	0.0
5085.736437327214	4.376027793485264	25864715.109957702	19.149619249355503	10334.277807652525	25.63376701246125	106797297.80573948	657.0900112491465	4820.409959761664	12.988111372682395	23236352.18016945	168.69103702920182	4860.679756423012	8878.508261837565	1.100878	31.101727	0.0722691499999999	0.0484393	-0.054535	0.0971161158	0.0345158586	0.0951258248	-0.0393545569	-0.0419498331	0.0570216824	0.0926854888	0.0258561443	-0.0847881781	0.0014454809	-0.0070720382	0.0672710334	-0.0013187613	-0.0480043985	-0.0232381346	0.1310976835	-0.0609179469	-0.0840422482	-0.0225900152	-0.1056904189	0.0210385013	0.0673186171	-0.014508203	-0.0627102008	0.0390690937	-0.02118814	-0.0481752852	0.0937143732	-0.0382298736	0.1276481301	0.0371553495	0.0144094312	0.0821440458	-0.128796282	0.0338966201	0.0084005161	-0.0339342178	-0.0900843448	-0.0284026559	-0.0787758063	0.012947881	0.0124619657	-0.0572289462	0.0452117215	0.0625857591	0.0769371137	-0.0754461654	-0.011681777	0.0565774175	-0.0704929636	0.0552323054	-0.0794934281	0.0008964317	-0.0516332691	-0.0168570947	-0.0849305562	-0.0621808284	0.1311361973	0.0205438088	0.0049790454	-0.0388550519	0.0182991707	-0.0516080102	0.0329762995	-0.0768089456	-0.0555120084	-0.0654683778	0.0465937325	0.0241933156	-0.0305851478	-0.0438297072	-0.0616637246	-0.1370093178	0.0195319217	-0.0625460093	-0.0556626384	-0.0485457221	-0.0030534148	0.0317484525	0.0129755398	-0.0794955347	-0.0233861822	0.0104167429	-0.1289387523	0.0820630222	0.0432460222	-0.027299711	0.0990250217	0.0843076744	0.0484140299	-0.1325931126	0.1375656669	0.0143138077	0.0004272149	0.0732085269	-0.0599191933	0.0013873169	-0.0722191303	0.0733715001	-0.1202720718	-0.0372529007	-0.0817397829	-0.0377336236	-0.0847931753	0.0789710636	-0.0213961511	0.0314335721	0.0024192456	-0.01844534	0.031981234	0.0323918993	-0.1132167061	0.0211723415	-0.1276172147	0.0278385003	0.0293523714	-0.1004531444	0.0897453426	-0.0404056559	-0.0834921292	-0.0130881791	0.0468312075	0.0237228672	0.0456607339	-0.0007465628	-0.0085991442	0.101572446	-0.0219229848	-0.0224963914	0.0471958743	-0.049925713	0.0983304861	-0.0796094867	0.1091814004	0.0045276352	0.0850094166	0.0105864447	-0.0193629247	-0.1025692834	-0.0131891424	-0.0548787477	0.0352753668	-0.1156056477	-0.0477674069	0.0477166334	-0.0371282198	0.0499990469	0.0442524664	0.0665672941	0.0725968751	0.0697842104	0.0445038839	-0.013093121	-0.0137370186	-0.0151845754	-0.1072173187	0.0546959059	-0.1028757457	-0.0096637331	0.096988416	-0.064061761	-0.0449477622	0.023719562	0.0468799999	-0.0277065123	0.0859074986	0.0083233573	0.1165468533	0.102035296	-0.0756188642	-0.0440487668	0.0758454809	-0.0604554346	0.0107629866	-0.1396125323	-0.1009091463	0.0599515581	-0.0288123864	-0.0473664713	0.0063613645	-0.0844884586	-0.0189430245	0.0816675444	0.031104606	0.0565518	-0.0028868	8.33361424000001e-06	0.00319810608324	-0.0855316	-0.0478419	0.00228884739561	0.00731565459856	0.547892	-0.0034539999999999	1.1930115999999703e-05	0.300185643664	0.00096513	9.8249e-05	9.652866001000004e-09	9.314759169e-07	-0.00215979	-2.480000000000017e-06	4.6646928441e-06	6.150400000000084e-12	0.00222812	0.0002609999999999	6.812099999999999e-08	4.9645187344e-06	0.0	0.0
5094.886879267764	9.15044194055008	25957872.312534817	83.73058770737794	10315.326350565478	-18.951457087046947	106405957.7186705	359.157725722182	4819.09402183465	-1.3159379270136924	23223667.191282462	1.731692627753094	4860.395941414827	8914.217461078459	1.15003	32.490368	0.0900157499999999	0.0470323	-0.0046436545	0.0491982573	-0.0366172156	0.0509242586	0.0138610763	-0.0491875517	0.0482589167	0.0488693906	-0.0464889798	0.0372264669	-0.0614588125	-0.0867812697	0.0987393012	0.0186305243	0.008540373	-0.0100086971	-0.0462675524	-0.0474572259	-0.0992975911	0.0217740826	0.0076171552	0.0303642394	-0.081767736	-0.0845774405	-0.0656026729	0.039717484	-0.0174552623	-0.1052884786	-0.0682285825	0.0301272927	0.0687748911	0.0386468878	-0.0110487962	0.0057034167	0.0354263767	-0.0906353502	-0.0533095818	-0.0055606428	-0.0231542348	0.0205558778	-0.0310160214	0.0484073199	-0.0134312873	0.0959675068	-0.035673008	-0.0243329356	0.0416263672	-0.0530181704	0.0195374011	-0.1046253308	0.0904564704	0.0457381377	-0.0001172074	0.0717263756	0.0445069469	-0.0905605471	-0.0203326967	-0.1282920836	0.013962558	0.1626839948	0.0210705519	-0.079142288	-0.0211587429	-0.0329218574	0.0122368204	-0.0673347343	0.0024131548	0.0679531525	0.0471712932	0.0160009597	-0.0850013869	-0.0931492069	0.0903715056	-0.009772015	0.0297826797	-0.1384608284	0.0033806149	-0.008422257	0.1075134719	-0.0908962834	0.0614275679	-0.083488442	0.1181170534	0.0683384921	0.0265001572	0.0730382181	-0.0571380854	-0.0056977406	-0.0279841761	-0.0522524543	0.0156274848	0.0234935107	-0.1275406054	-0.0556909435	0.0044626942	-0.0362042209	-0.091640658	-0.0326553319	-0.0125195227	-0.0282100144	0.0170159366	0.0082228337	-0.1209381047	-0.052711348	-0.0055486152	-0.0261559745	-0.0605957042	-0.107959903	-0.0545117544	-0.0113824338	0.0352101564	0.1130852343	0.0293220808	0.0394675258	-0.0600104777	0.0112665983	0.0256311457	-0.0177111183	-0.0114567475	0.0429055629	0.0474628283	0.0690749621	0.0563030981	-0.0065874552	0.044250399	-0.0538358731	0.0211410723	-0.0633306878	-0.0310574568	0.1296731635	0.012571684	0.0022750381	-0.0518557379	0.0659971236	-0.03162579	-0.0830823976	0.0815917849	-0.05744302	0.0737535552	0.0098636151	-0.06050248	-0.0816444908	-0.1102969699	-0.1520599098	-0.0577332635	0.0684612716	0.0396001591	-0.016865601	0.0151165802	0.0411834567	0.054287004	-0.0599938444	0.0619455239	0.007846438	0.0447645242	0.1460622743	0.0140756731	0.0708332347	0.0279337064	-0.061996731	0.1061070178	-0.0191020747	0.0925987125	-0.0995931011	0.1128522645	0.112800063	0.0941703383	0.0193084883	-0.0281740241	0.0542788427	0.0473277109	0.0770486412	-0.0412611368	-0.0031250547	0.0368918146	0.042792308	0.1475467828	0.027212689	-0.0029549983	0.1246344651	0.0053841089	-0.0847571594	-0.0160667959	0.0827321204	0.0264942496	0.0569004	0.0003485999999999	1.2152195999999826e-07	0.0032376555201599	-0.0436898	0.0418418	0.00175073622724	0.00190879862404	0.551787	0.0038949999999999	1.517102499999986e-05	0.304468893369	0.000513833	-0.000451297	2.0366898220900002e-07	2.64024351889e-07	-0.00206797	9.181999999999984e-05	4.276499920900001e-06	8.43091239999997e-09	0.00189263	-0.00033549	1.1255354010000009e-07	3.5820483169e-06	0.0	0.0
5104.008300957502	9.121421689737872	26050900.736243084	83.2003336420205	10359.27195947244	43.94560890696266	107314515.53031196	1931.216542203716	4832.799084797558	13.705062962907505	23355946.99402012	187.82875081725905	4872.83631473862	8954.527267842035	1.307564	36.940968	0.1338973	0.0804649	-0.0252868395	-0.076087805	-0.0845063634	0.0998653594	-0.0574844297	0.0213381096	-0.0995547489	0.0459208863	0.0451006566	0.0654104384	0.0125731441	0.0433401669	0.0980242973	0.0233649231	-0.0325275113	-0.2123124773	0.0070785456	-0.1679394167	-0.0616728198	0.0188827121	-0.1829825129	-0.1856904232	0.0109185535	-0.0861234943	-0.0182945656	-0.0465086982	-0.0157224457	0.0341095995	0.059013356	-0.0509674048	0.0096987896	0.0628046831	0.1368983418	0.0743876254	0.0111296454	-0.051515617	-0.0057691988	-0.0907434759	-0.0836810844	-0.0123868694	-0.0092711344	0.0009507866	-0.125044445	0.0068933854	-0.0475690987	-0.0474556569	-0.0218410695	0.0392997458	0.0205986971	0.0261797767	-0.09640609	0.129189725	-0.104174692	0.0665877351	-0.0064923583	0.0849869851	-0.0272299392	-0.0254776207	0.0086236652	0.125966137	-0.008127687	0.1603519834	0.0272948356	-0.0216873517	-0.155736172	0.0246856555	0.0946467119	-0.0579616519	0.0108932322	-0.1130813165	-0.0290625529	-0.0950979342	-0.0160893033	0.0987222897	-0.0307688935	-0.0467072342	0.0200130959	0.1323188263	-0.0350236013	-0.0163495655	-0.01721979	0.0050639534	0.0241859972	0.0596965209	0.0464315702	0.0191489753	0.0005264348	0.0213707723	0.0604381206	-0.0059717191	0.0446012371	0.0450621867	-0.0166049914	-0.0858015514	-0.0493615842	-0.0854466363	-0.0950858114	-0.0387120841	-0.0246322274	-0.150476339	-0.1690068992	-0.0627700926	-0.0332286401	-0.1522728522	0.0810217148	0.207659105	-0.0334251743	-0.0501585502	0.0841035588	-0.0328678973	-0.0201571035	-0.0714840646	-0.065723378	-0.0850576398	-0.0868548534	0.0262046321	0.1286243166	-0.0780811689	-0.0612271467	0.0183506366	-0.0766952702	0.0817200987	0.0573446329	0.0197664166	0.0061388166	0.0064527606	0.1203905175	-0.0166091224	0.0612033607	-0.0225367456	-0.0719540798	-0.0299596034	0.0434369778	-0.0252457982	0.1224781315	-0.0479318807	0.0837681796	-0.0701023908	-0.0490626529	0.0619975855	0.0499146751	0.0331385163	-0.0920190373	-0.1105139071	0.0031282668	-0.1745838071	-0.0317670767	-0.052985966	0.0992307653	-0.074116761	-0.1246921482	0.004764148	0.0180360836	0.1137287332	-0.0688397861	0.0758292873	-0.0422771307	-0.0315328738	0.0291848584	-0.0367402816	0.049580031	0.1539270745	0.0169907528	-0.0275836078	-0.0519779237	0.0311293002	0.020849961	0.048991671	-0.0265755171	0.0028088147	0.0129548964	-0.0462601113	-0.0168266318	-0.0070716723	0.0514744228	0.0341718758	0.0402761475	0.083112414	-0.0177443066	0.0637187974	0.0044061455	-0.0849812929	-0.0131715598	0.0836227095	0.0217968427	0.0624719	0.0055715	3.104161225e-05	0.00390273828961	-0.0107413	0.0329485	0.00108560365225	0.00011537552569	0.480847	-0.07094	0.0050324836	0.231213837409	0.000474737	-3.909600000000002e-05	1.5284972160000015e-09	2.2537521916900003e-07	-0.00250343	-0.0004354599999999	6.2671617649e-06	1.8962541159999998e-07	0.00187844	-1.4189999999999862e-05	2.0135609999999606e-10	3.5285368336000003e-06	0.0	0.0
5104.751544840442	0.743243882940078	26058488.33455088	0.5524114695278445	10348.603294793897	-10.668664678543792	107093590.15301909	113.82040602320792	4818.748333562312	-14.050751235246024	23220335.50220956	197.4236102747677	4859.088455027888	8912.729550449356	1.180667	33.355904	0.1200643499999999	0.0748300999999999	0.0141700079	-0.0509797982	-0.0290301465	0.0332919701	-0.006724455	0.0376857762	-0.0762661647	0.0023389919	0.0048451926	0.0423399868	-0.036374006	-0.0996107998	0.0122160736	-0.0105981621	-0.0108016724	-0.0590857702	-0.1045999842	-0.0186041889	0.008128508	-0.0944281028	0.0624988743	0.0303513584	0.0400582085	0.0018199242	0.1118114704	-0.0447024539	0.0585375886	0.0322540354	0.0209078998	0.0935223328	0.01565543	0.0528723203	-0.0139868297	-0.0615064497	0.0437072033	-0.017583997	-0.0480261726	-0.0017181669	-0.061169018	0.0081479228	0.0026393359	0.0894964234	-0.0299072834	0.0139251442	-0.0548975754	0.0035792777	-0.0084559092	0.0383506921	0.0330459801	0.028452547	0.043919321	-0.0323771361	0.0960077115	0.002822456	0.0734220936	0.0050163341	-0.0710211446	0.0510054356	-0.0509899513	-0.0385047703	0.0220020937	-0.1239781288	-0.0784420876	0.0771765064	0.1101736358	-0.0299290182	0.0766219415	0.0290361886	0.0634794348	-0.0204101655	-0.1451080578	-0.0891964078	-0.0877500094	0.0185590965	-0.0069430979	0.0774314034	-0.042492184	-0.0270882066	0.0611990303	-0.006124028	0.01121493	-0.0544723575	-0.0794530863	-0.0354149581	-0.0636317923	0.0639096534	0.0153863652	-0.0323753193	0.0135774191	-0.0210038592	-0.0415056208	-0.0540903047	-0.0418593377	-0.0855992269	-0.0392770684	-0.0429046264	-0.0137134995	0.0022686004	0.0182976847	-0.0899801847	0.0240126178	0.0708789885	0.0442932705	-0.088521763	-0.0158367083	-0.0872980293	0.0459522939	0.0399872759	0.0981444366	0.0289138797	-0.0122725821	-0.0481668722	0.0063427555	0.1051474404	0.0319761125	0.0203480275	0.0372824871	0.0377175854	-0.0062104062	0.014599727	0.0383950384	0.0517798781	0.1043892964	0.0002389557	-0.0022453271	-0.082067015	0.0182732764	-0.0334669784	0.0475342296	0.0005343702	0.0117954028	0.0073617483	0.0232561419	0.0076525866	-0.1045776857	-0.0287950261	-0.079378959	-0.0180280805	-0.0610485952	0.002893891	-0.0844928656	0.0514491869	-0.00240288	0.0662237164	0.0092395874	0.1156101162	0.0995421061	-0.0182158539	-0.109563581	0.0885207848	-0.0320494181	-0.0520824281	0.0674670851	0.0404269477	0.0388387296	0.1204540364	-0.1193551562	-0.0856458682	-0.0056376839	0.0436163346	-0.0271934028	-0.0510753577	0.0381753768	0.0332188914	0.0081559905	-0.0908937086	0.0528342807	-0.0208857342	0.0502038244	0.0455927413	-0.0473871477	0.0418501166	0.0202082384	0.0532896319	-0.0119116321	-0.0286809657	0.0734871508	0.0756642547	-0.0039305973	0.0211092222	0.0034276029	-0.0851607413	-0.0102607412	0.0843374387	0.0170278193	0.0588554	-0.0036164999999999	1.3079072249999962e-05	0.00346395810916	-0.0247415	-0.0140001999999999	0.0001960056000399	0.0006121418222499	0.525812	0.0449649999999999	0.0020218512249999	0.2764782593439999	-0.000459446	-0.000934183	8.72697877489e-07	2.1109062691600002e-07	-0.00230648	0.00019695	5.3198499904e-06	3.87893025e-08	0.00189696	1.851999999999995e-05	3.429903999999982e-10	3.5984572416e-06	0.0	0.0
5111.978653771543	7.227108931100702	26132325.756615914	52.23110350199553	10402.702365340643	54.09907054674659	108216216.5018638	2926.709434021864	4817.790085322352	-0.9582482399600848	23211101.306230355	0.9182396893866004	4858.075125011028	8965.940423100756	1.092341	30.860542	0.1055051	0.0534541	0.0382643736	-0.0577053374	-0.0312159347	0.0189131428	0.0140385233	0.0842442676	-0.0810499964	0.0679056532	0.0101629505	-0.0118174474	0.0799172869	-0.0094491085	-0.009291787	0.0105163975	-0.0667284811	-0.0585883913	-0.045500185	-0.0023247316	-0.0605600867	0.062313494	0.0324062343	0.0477680073	0.0071938463	-0.0081014155	0.021314823	-0.0092149563	-0.0167269783	-0.0322085843	0.0280303707	-0.0598854217	0.1184457444	-0.0668997068	-0.0078966963	0.0236433531	0.0294990965	-0.0240304351	-0.0509004785	0.140078142	0.0211559068	-0.0177068593	0.0451901413	-0.027619693	0.0275346523	0.0725397715	0.0338752187	-0.0873217487	-0.0538670972	0.0762425235	-0.0020065184	0.0223142801	-0.0552462032	-0.0031180765	0.0385065525	0.0045035718	0.0716621036	-0.0315452929	-0.0028361118	0.2161716732	-0.1036436612	0.033005612	0.0367686563	-0.1402515607	-0.0594727151	0.1126118591	-0.0459846397	-0.0132918358	-0.1925336582	0.0793012651	-0.0323714422	-0.0686318729	0.0118266688	-1.64671e-05	-0.0609529679	-0.0581265832	0.1438740139	0.002308624	0.0957827553	0.0433954606	0.0190942667	0.0127836993	-0.0403100989	-0.0093932303	-0.0834329015	0.1053500799	-0.0273555667	0.0813404171	-0.0327553834	0.0190610373	0.0023368344	0.0296910869	0.0311637838	0.0886416533	-0.0631137925	-0.0841605628	-0.0131095261	-0.0183651224	0.0147840886	-0.0167884946	-0.0478590771	-0.0764305054	0.0048259653	0.0363434027	-0.0710357101	0.0061745383	0.0312778966	-0.0482516127	-0.0030486502	0.0158111558	0.0251538367	-0.0059419142	0.0169681845	0.0267097268	-0.0403004216	-0.0140363526	-0.1263608288	0.0361440462	-0.0647051223	-0.0180467321	0.006395467	0.0190471458	0.1488675012	-0.05222558	-0.0173747556	0.041899679	-0.0428418747	0.0171739971	-0.0512223094	-0.0656475506	-0.0203684651	-0.0489053393	-0.1205766758	-0.0039269999	-0.0117869515	-0.0129674663	0.0149723095	-0.004409718	-0.0523391262	-0.0394104918	0.0378250609	0.0670032507	-0.0718834457	0.2217934202	-0.0323596963	0.0911530499	-0.0237021098	0.1335464902	0.0925606395	-0.092041943	-0.0065737952	0.0063610574	0.164939473	-0.0248749973	-0.1125167669	0.0586756266	-0.0508495713	-0.0918424194	-0.0998568308	0.0814200861	0.0631201841	0.0496416677	-0.0101729414	-0.0188082235	0.070686339	-0.0230872711	-0.0685020777	-0.0062323969	0.008650732	0.1042287777	0.0401094559	0.0716639802	0.0290212378	0.0015527007	-0.0291234106	-0.043705636	0.0412703031	0.0878027384	0.0376416544	0.0209570026	-0.0171859743	-0.0015372601	0.0024486097	-0.0852954103	-0.0073377838	0.084874805	0.0122028486	0.0762637	0.0174083	0.00030304890889	0.00581615193769	-0.0196001	0.0051414	2.643399396000001e-05	0.0003841639200099	0.567662	0.04185	0.0017514225	0.322240146244	0.000195292	0.000654738	4.28681848644e-07	3.8138965264000007e-08	-0.00217549	0.00013099	4.7327567401e-06	1.7158380100000027e-08	0.00186058	-3.6380000000000136e-05	1.3235044000000101e-09	3.4617579364e-06	0.0	0.0
5111.44683417399	-0.531819597552385	26126888.73858731	0.2828320843407806	10389.225412260044	-13.476953080598832	107936004.6667499	181.6282643366624	4813.762548333037	-4.027536989315195	23172309.87173377	16.221054200302103	4853.430417471279	8950.42203580879	1.063457	30.044516	0.1382512	0.0825901	0.0233574035	-0.0740496749	0.0245792302	0.0040271702	0.0094494255	0.0775250704	-0.0842642911	0.0033759324	-0.035606709	0.0032954536	-0.0428132063	-0.0558314264	0.0148501084	-0.0166785035	0.0621738776	-0.0670064434	-0.1860792702	0.0848181763	0.0089500556	0.0371986879	-0.0243447118	0.0397351867	0.0140913124	-0.0345451944	0.1178598509	0.06332291	0.0654527521	-0.1094298921	-0.0158924727	-0.1108503089	-0.0072658614	-0.1047284626	-0.0394327824	0.026014338	-0.0364327904	-0.0125800473	0.1348081784	0.0426129973	0.0722359301	-0.0750977177	-0.0096679954	-0.0047916419	-0.0189017931	-0.0610156213	0.1283020943	-0.0226704098	-0.0029500101	-0.0655331674	-0.1361811167	-0.0119221326	0.0051430862	-0.0352638297	-0.0063218561	0.0820334286	0.0148482529	0.0341231495	-0.036298105	0.0384563412	0.0068468225	-0.0758616905	0.0704097754	-0.0163823	0.0690934814	-0.0126717482	0.0230078245	-0.0393761071	0.0066296585	0.1403827574	-0.0395316381	-0.0774969963	-0.0276086166	-0.0043709225	0.0689609749	0.015539929	-0.1841373903	-0.0361011655	0.0562732855	-0.0030739117	0.0231465082	-0.0006929013	0.0963092362	-0.0226662941	0.0118428434	-0.0036056239	-0.0554526886	0.0013477341	0.0449969287	-0.0820627892	0.0536341839	0.0318316349	-0.0505065117	0.045552989	-0.0718669289	0.0394591468	-0.0060116199	-0.0907012696	-0.0106917595	0.0071509887	0.0859437096	-0.1452579831	0.0901728014	0.1208869101	-0.0045584349	0.0336847638	0.031088024	-0.0154862749	-0.0452368952	0.0068825312	0.1054342479	0.044372861	0.1023386814	0.0936583755	-0.0286432858	-0.0252605199	-0.0324421293	-0.0822127693	-0.1141245096	0.0112387277	-0.0100770799	0.0335854416	-0.0535351242	-0.1350372494	-0.0893085597	0.0864314023	0.0218275676	0.0171629981	0.0520530758	0.0686050891	-0.1400020207	0.018516184	0.0002144473	0.0177746763	-0.0927172585	-0.0918726792	0.0007766584	0.0236665429	-0.0012102646	-0.0752070765	-0.0571719105	-0.0241203158	-0.0017400341	0.0016415007	0.027933656	0.0674612417	-0.0717111689	0.0405870915	-0.0666231122	0.0460875534	0.0338226047	0.0283410887	0.0211756447	-0.1147145378	-0.0595379809	0.0618952248	0.0277778192	0.0716547682	0.0741817032	0.0197713746	-0.0833605486	-0.1283849791	-0.0866337048	0.0741801236	-0.0020311803	-0.0263323916	0.0975508116	-0.0203464624	0.0388131814	0.0101551427	0.0421102317	-0.0149385453	-0.0453609755	0.0091132532	0.1036977715	0.0221583549	-0.0396378688	0.0353902153	0.0656912401	-0.0368240038	0.016345371	0.0550276492	0.0014692946	-0.0853852289	-0.0044061455	0.0852336782	0.0073377838	0.0636663	-0.0125974	0.00015869448676	0.0040533977556899	-0.0949535	-0.0753534	0.00567813489156	0.0090161671622499	0.535502	-0.0321599999999999	0.0010342655999999	0.286762392004	0.00028883	9.3538e-05	8.749357444e-09	8.34227689e-08	-0.00215558	1.9910000000000157e-05	4.6465251364e-06	3.9640810000000604e-10	0.00210994	0.0002493599999999	6.218040959999995e-08	4.451846803599999e-06	0.0	0.0
5097.883145767518	-13.563688406472464	25988412.567900524	183.9736431878756	10364.74797088913	-24.47744137091468	107428000.50005034	599.1451360665653	4801.071384676509	-12.691163656527351	23050286.44075961	161.06563495676068	4841.854080487375	8950.969790639765	0.983161	27.776011	0.10942154	0.0746912	0.0249111855	-0.0737427235	0.0016138135	0.0241567496	0.0068150366	0.0516917378	-0.0793727689	0.0226995817	0.0297020195	-0.0030772816	0.062054391	-0.0482013409	-0.0457068228	-0.0221541426	0.0597144092	-0.1198419367	-0.0707992019	0.0806637402	-0.0414597491	-0.0652915413	-0.0038901807	-0.0121522922	0.0049945395	0.0375566404	0.0193939983	-0.0287855311	-0.1161867681	-0.0286549307	0.0716489101	-0.0382702657	-0.0196286235	0.0543621906	0.0941054152	-0.0633270536	0.0254723335	0.0462501598	-0.0684415407	0.0813235432	0.0646349069	0.0339322052	-0.0229352227	-0.089735066	-0.0975645018	0.0787365118	0.0358841283	-0.0408884314	-0.0475476587	-0.1369646364	-0.0087205984	-0.0420596482	-0.0385746298	0.0185195697	-0.0009354496	-0.0507382145	-0.0486779456	0.0263365045	-0.0491266649	0.0438476301	-0.0033883902	-0.0323134069	-0.0583672485	0.0325032441	0.0368412002	-0.0255025059	0.1749425842	-0.006096945	-0.0257029877	-0.0545797822	-0.0702492802	0.0123317847	0.0316182177	0.1214635459	0.0651365929	0.0365064437	0.1138220748	-0.0346221672	0.057109159	0.095480683	0.0308271919	-0.0449598055	0.0468996626	0.0440102339	-0.0046595837	0.0706471055	-0.0568124304	-0.02458105	-0.0383144388	0.0555588224	0.0644272572	-0.1119443731	-0.0064254749	0.1218280207	-0.0128333753	-0.0599769891	0.0011009809	-0.0229835418	0.0449387647	0.0180940251	0.0648088525	-0.1079297097	-0.0422681183	0.1209614412	-0.0056508614	-0.0087704463	-0.018309952	0.0180865437	0.0085987689	0.0324609071	-0.0309316816	0.0626149707	-0.1107926035	0.0205122148	-0.0756125935	-0.047750438	-0.0099937741	-0.0280481763	0.1014444153	0.0738728402	0.0306064945	-0.0198446428	0.1089589843	-0.0265834815	-0.0468580251	-0.027470079	0.0495719527	0.0779899998	0.0681543613	-0.1113296298	-0.0332867604	0.0309461014	-0.0403333176	0.0884672045	0.0005516607	-0.0361939919	0.0776618693	-0.0353558497	0.0057024892	0.0746367309	-0.0308938146	-0.0724717597	0.025315323	0.0386404584	0.0284466484	0.0057142651	0.0282965807	-0.0016905104	-0.0529166221	0.1535268714	-0.1214683424	0.0415751769	0.0264291866	0.0697423975	-0.0607514403	-0.0297138071	0.036432397	-0.075739562	0.0684590965	0.04771337	0.0973916718	0.0434949855	0.0539690104	0.0866408264	0.0731326053	-0.074456059	0.007900143	-0.0176966399	-0.0241206018	0.0609624213	0.0900377865	-0.0373436394	0.0632810821	-0.0332278806	-0.0592207915	0.0781521872	0.0908429728	0.117324532	0.0424072097	0.040181035	-0.0297286695	0.0058073977	0.0004897863	-0.0854301501	-0.0014692946	0.0854133037	0.0024486097	0.0624949	-0.0011713999999999	1.3721779599999907e-06	0.00390561252601	-0.0194098	0.0755436999999999	0.0057068506096899	0.00037674033604	0.533812	-0.00169	2.8561000000002715e-06	0.2849552513439999	1.68912e-05	-0.0002719388	7.395071094544e-08	2.8531263743999997e-10	-0.00201362	0.00014196	4.054665504399999e-06	2.01526416e-08	0.00190351	-0.0002064299999999	4.2613344899999945e-08	3.6233503201e-06	0.0	0.0
5095.395623570333	-2.4875221971851715	25963056.560699698	6.187766681488943	10346.950761083752	-17.79720980537786	107059390.05229165	316.7406768566379	4806.381021671271	5.309636994761604	23101298.52548177	28.19224501614104	4846.199246472367	8929.315997809212	0.991877	28.022247	0.11843624	0.0697038	0.034421343	-0.0691273771	0.0067399305	0.0060781318	0.0261247354	0.031880899	-0.0596195153	0.0019199808	-0.0175150959	0.0493442369	-0.0224250425	-0.0595178794	-0.0162607844	-0.0283512154	0.0096713565	-0.0394280741	-0.0946535296	0.0491264315	-0.0028646016	0.002793864	0.0310666947	-0.021756612	0.0437365158	0.0095791309	-0.0866309954	-0.0249096737	0.0081604209	-0.019649386	-0.0649862393	-0.0753800939	0.0412788287	0.0251345923	0.0027922915	0.1667317394	-0.0844281785	0.0356253562	0.0266586775	-0.0315696923	-0.0087431932	0.0690008966	0.0039488241	-0.0146816119	-0.0632787503	0.0080105129	-0.1223405937	0.0968901738	0.1171049425	0.1123512772	0.0721115411	-0.0480700264	-0.0173784172	0.0173951252	-0.0405863016	0.0800400304	0.105725521	-0.0579870925	-0.0860013541	-0.0212533191	-0.0206963163	0.0108879636	0.0113003674	-0.067451719	0.0375586569	-0.0207318836	0.0062854357	0.0134103561	-0.1652794344	0.0879344055	-0.0210271976	-0.0277601844	-0.0547649186	0.0618178897	0.0192162085	-0.0249567397	0.0601758216	0.011628375	-0.0153033656	-0.0282085413	-0.0844599314	0.0926430389	0.0177311015	-0.0079796414	0.116536052	-0.0385857057	-0.0832037921	0.0550485208	0.0060872068	0.0112229198	0.0297533766	-0.0214116293	0.0021941885	-0.0319910139	0.1048838177	0.0429080802	-0.0121003588	-0.0045737018	0.013517372	0.0283193478	0.0380688388	-0.0682670847	0.0391272684	0.0779920638	0.0178078676	-0.0056898311	0.0159917844	0.0059860237	0.0531882545	0.0060912084	-0.034813226	-0.0757158994	0.0133440197	0.0346194349	0.0588433082	-0.0352446079	-0.0884048334	-0.0380851064	0.0033253696	-0.1686086758	0.0373916943	-0.0563186031	-0.0694551678	-0.0220826293	-0.0163516736	-0.057872423	0.0022240062	0.0109871143	0.0631877864	-0.0317879121	0.1319368677	-0.0174191742	0.0804606607	-0.1427799842	0.0373734589	0.1125695384	0.0200343326	-0.0162984431	0.0289043039	-0.0790410052	-0.009205945	0.0195375862	-0.1270530002	-0.0204496788	-0.0654669606	-0.0153638122	-0.0246200293	0.0776402153	-0.0279848401	0.0420348798	0.0091690938	-0.0366609635	0.1632678266	-0.0248433942	-0.094806384	0.0368744954	0.0585767957	-0.0462527521	-0.0286107207	0.0444881908	0.0320078421	0.0373409533	0.0113950052	-0.0109255579	-0.1124558361	0.050983772	0.0267367344	0.0822604238	0.0011479073	-0.0605411667	0.0729802481	-0.0026350942	-0.0489803712	0.0382082848	-0.0126002327	0.0279734218	0.0253547405	-0.0700939725	-0.0834984699	0.0144550512	-0.0364304726	0.0616534085	-0.0004897863	-0.0854301501	0.0014692946	0.0854133037	-0.0024486097	0.0673148	0.0048198999999999	2.3231436009999957e-05	0.0045312822990399	-0.0867648	-0.067355	0.004536696025	0.00752813051904	0.555303	0.021491	0.000461863081	0.308361421809	0.000322088	0.0003051968	9.314508673024e-08	1.03740679744e-07	-0.00218583	-0.00017221	4.7778527889e-06	2.9656284100000116e-08	0.00192151	1.8000000000000004e-05	3.2400000000000007e-10	3.6922006801e-06	0.0	0.0
5091.152878572485	-4.242744997847694	25919837.6329969	18.00088511676163	10331.56543893882	-15.385322144931706	106741244.41907509	236.708137503326	4813.531353195055	7.150331523784189	23170084.08819182	51.12724090002192	4852.93456893404	8954.062173378921	1.011248	28.569513	0.1466041	0.0785618	0.0510600057	-0.054431984	0.0064440377	-0.0035018941	0.0493455224	0.0163912968	-0.038875929	-0.0159703213	0.0400318704	0.0303797478	0.0158884748	-0.0690601263	-0.0326997879	-0.0073338446	0.0669161254	-0.0143397922	-0.0209591299	-0.012298597	0.0522966229	0.0391105342	0.1267471055	-0.011487781	0.1169646629	0.0974342092	0.0536375173	0.0575874491	0.0169755254	-0.0274776708	0.0099153214	-0.0505522991	0.0334048374	-0.0004110723	-0.1098663043	0.0837992204	0.1147667279	0.0265620666	-0.1380576269	-0.0540837797	0.0590468673	-0.079238105	0.1369509775	0.0540949141	-0.0565479372	0.0136458589	0.0345359482	-0.1171376656	-0.0230353647	0.0249721107	0.0256058569	-0.0573521784	-0.0077462709	-0.0357156588	-0.0637723845	-0.0284715603	-0.0728500768	-0.0689812223	-0.0483657519	0.0036222414	0.0051145836	0.0527424205	-0.0149208506	-0.0282436461	0.0078938972	0.130473037	0.0296040961	0.0179935679	0.0326645803	-0.0982209161	0.050238533	0.0432577418	0.0905133602	0.0924181291	0.0917105473	0.002920708	0.1523275089	0.0942960528	0.046027642	0.0603523398	0.0006546335	-0.06475704	0.0046808424	-0.0116335068	0.1012332698	0.0512718142	-0.0318186712	-0.0427554507	0.0026466875	0.0039481693	-0.0054891865	0.074656143	0.0616348259	-0.0880710162	-0.0712555156	0.1095447826	0.0055608858	0.0359289292	0.0356444269	0.0106861939	0.0547644195	-0.033238354	-0.000493347	-0.0427032432	0.0363562458	0.0314473494	0.0445960183	-0.0629236716	0.1318774514	0.1266568893	-0.014007192	0.0527012511	0.0572020568	0.0370003036	-0.0201362436	0.0672820038	-0.048365628	-0.0651258261	-0.0815412194	-0.0414811535	-0.0833418061	-0.1101943238	0.0785450791	0.1458071096	-0.0758739998	0.0724937763	-0.1211986675	-0.0389630906	0.0442348804	-0.0334715264	-0.0422283375	0.0131489764	-0.1032485125	0.0360001854	-0.022834449	0.0690622399	0.0084655541	0.0363134654	0.0342786058	0.032076869	0.0156572326	-0.0990273919	-0.0307718244	0.044112347	-0.037105733	-0.0418814429	-0.005735547	0.010775658	0.005151334	-0.1130477867	-0.0915559964	0.0358552283	-0.0599595309	0.0879225167	0.0241236948	-0.0392861517	0.0350666685	-0.0928774894	0.1139866509	0.0433092407	0.0743973805	0.167728099	0.0063638839	0.0344209157	0.0199974719	-0.1041646033	-0.0013973036	0.0930556935	0.0300481894	0.029731426	0.0265608779	-0.0315142553	-0.0011323892	-0.0298721993	0.0152607226	-0.0986068154	-0.0302597217	-0.1135221948	0.0334092067	-0.0796563108	0.0578950524	0.0399669264	-0.0014692946	-0.0853852289	0.0044061455	0.0852336782	-0.0073377838	0.0756977	0.0083829	7.027301241000022e-05	0.00573014178529	-0.0225193	0.0642455	0.00412748427025	0.0005071188724899	0.562846	0.0075429999999999	5.689684899999949e-05	0.3167956197159999	-0.0007435859999999	-0.0010656739999999	1.135661074275787e-06	5.529201393958512e-07	-0.00193022	0.00025561	3.7257492484e-06	6.533647210000005e-08	0.00191414	-7.370000000000033e-06	5.4316900000000485e-11	3.6639319396e-06	0.0	0.0
5091.566888222031	0.4140096495457328	25924053.37723897	0.1714039899169805	10323.034251104342	-8.53118783447826	106565036.14947338	72.78116586714987	4807.821741449818	-5.709611745237453	23115149.89755756	32.59966628135347	4848.2277047840535	8922.605935456406	1.029633	29.088921	0.1091764499999999	0.0506871	0.0450082858	-0.0346718223	-0.0422334348	0.0230854666	0.0397706047	0.0064111131	-0.0272515048	-0.0207771172	0.0228686612	0.0623127517	-0.0334545459	-0.0143116927	-0.0562122205	0.0023374953	0.0318030526	0.0318833044	0.0286566063	0.0263984646	0.0004025118	-0.0111188014	0.015077865	0.0233531448	-0.0048723574	-0.0129519159	-0.0280000142	0.0382022846	0.0092318988	0.06537972	0.1462908204	-0.1020261143	-0.1600986061	-0.0072011679	0.0682210417	0.0482723024	0.0187756881	-0.0025922085	-0.0110708195	-0.0599028414	0.0003808952	0.0878685722	-0.086206577	0.0055145744	-0.0420244187	0.0525739224	0.0337725848	0.0217753117	0.0159055609	0.0369369489	0.0737330765	0.044106654	0.074156751	-0.0585628139	0.0476446577	-0.088270863	0.0235761819	-0.0220774677	-0.0231275519	0.0142394706	-0.0445872695	-0.0090612544	-0.024859066	0.0747211127	-0.124979725	0.0493881431	0.0283803917	-0.0993592065	-0.03301581	-0.0804675152	0.021361807	-0.0017658327	-0.0784514559	0.0094313055	0.0591424407	0.0394162041	0.0905839786	0.0365317987	0.0583067191	0.0550991134	0.0294539971	-0.1395477506	0.039697496	-0.0184324232	-0.0440171493	0.1104386987	-0.0185528089	-0.0290803435	0.0195105806	-0.0459255901	-0.1298400396	-0.0160042504	-0.0824634474	0.0509548536	0.0236903898	0.0782031334	-0.0294212135	0.0814808205	0.0542050897	-0.004565603	0.0374080382	-0.0057059127	0.0227528772	-0.0233089666	0.0003119754	0.0464572797	-0.0554192383	-0.0182475116	0.0176205671	-0.0147742978	-0.027497154	0.0209306349	0.008693071	-0.1327695497	-0.1307796376	-0.1515710039	0.0814925103	-0.0820709713	0.0348007714	-0.0537317457	-0.0096849662	-0.0167813367	-0.0137782561	0.0409923906	0.0030807907	-0.0837992097	0.0912917293	-0.0173408618	0.0302555978	-0.0445910117	-0.0403547335	-0.0113459946	0.0017408085	-0.0199214178	0.0568290691	0.040445903	-0.1040632359	0.0372660362	-0.0502439403	0.0836297931	0.0122456226	0.0238701562	-0.0356562616	0.0414516841	-0.025795035	0.0137501873	0.0536070547	-0.0885501319	0.0857246222	-0.0073845522	-0.0017704417	0.1252634412	0.0361935442	0.0809813541	0.0109285117	0.0188757098	0.0609013897	0.0522744672	-0.0108197556	0.0142683755	0.0904748788	0.06966806	-0.0008978135	0.0329433151	0.0641569914	-0.1430814633	-0.021531753	-0.0256273008	0.0294774326	0.1021931218	0.0359951805	-0.0146236811	0.025197112	0.1082308456	0.0135923824	0.0254813828	-0.0575915452	0.0605120251	-0.0846224054	-0.0651182423	0.0569486931	0.0108460732	-0.0024486097	-0.0852954103	0.0073377838	0.084874805	-0.0122028486	0.0660265	-0.0096712	9.35321094400001e-05	0.00435949870225	-0.0629067	-0.0403874	0.0016311420787599	0.0039572529048899	0.553119	-0.0097269999999999	9.461452899999864e-05	0.305940628161	-0.000206729	0.0005368569999999	2.882154384488926e-07	4.2736879441e-08	-0.00233954	-0.00040932	5.473447411600001e-06	1.675428624000001e-07	0.00195578	4.163999999999991e-05	1.733889599999992e-09	3.825075408399999e-06	0.0	0.0
5092.014001808688	0.4471135866569966	25928606.594615728	0.1999105593732836	10338.135879590223	15.10162848588152	106877053.46487072	228.05918292558815	4810.088324910636	2.266583460818765	23136949.69344161	5.137400584857171	4851.213632083448	8964.279888017018	1.047901	29.605036	0.1345742799999999	0.0694819	0.0593927578	-0.0067115883	-0.0615669692	0.050836218	0.0595220274	0.0097973516	-0.0251421182	0.0857186045	-0.0150740236	0.0721299862	-0.0035861429	0.0039488638	-0.0231736736	0.0181291918	0.0137391508	0.0227880572	0.0159071776	-0.0440344509	-0.0477044319	0.0723722919	0.1149107821	0.0183005749	-0.0502729633	0.0881743284	-0.0078309998	0.0544958319	-0.0576031493	-0.0577778515	0.1636479549	-0.1026813802	0.0219395011	-0.0957292953	-0.0479415133	-0.0298264591	0.0114538377	0.0267732961	-0.0738999409	-0.0134927476	-0.073330875	0.0183300129	-0.0513699428	0.0633199551	-0.0982246823	0.0727187258	0.1001202346	0.0701533448	-0.035632179	0.0326411833	-0.0536376563	-0.0963324223	0.0718003811	-0.1505364249	0.0532670365	-0.0352584963	0.0310353728	-0.0594074602	0.1617830763	0.0353045392	-0.0021978718	-0.1065747488	-0.0093166714	0.0639875013	-0.0899396802	-0.0238476559	-0.0264704259	0.0453556642	0.001929275	-0.0340496091	0.062831843	0.0493695418	0.0302687201	0.0665934102	0.000818586	0.133617611	-0.0156373165	0.0144626243	0.0524250116	-0.1086568126	0.0140589609	-0.0012902246	0.0236058603	-0.1123941448	-0.0130932221	0.0810827606	-0.0474214313	0.0296475546	0.1313069413	0.0087000775	0.0009582561	-0.0627626011	-0.0032826106	-0.0219412138	0.0439265103	-0.0690564928	0.0055823557	0.0658669256	0.025333477	-0.0190253441	0.0007268839	-0.0019241386	0.0107486932	-0.058679828	-0.0863320123	0.0225896907	0.052389861	-0.1040467642	0.0174184842	0.050850566	-0.1010934727	0.0413310376	0.0027145391	0.0005572227	-0.193025773	-0.0484723858	-0.073850654	-0.0270593646	-0.0943827135	0.0370469166	0.0443289848	-0.0385985996	0.0379860187	0.0651868369	0.068643628	0.001811044	0.0558057492	-0.0365841066	0.0802696658	-0.048464799	-0.1149042146	-0.0442314868	0.0632307237	0.0049367352	-0.1425318084	0.0640268891	-0.0539733621	0.0899464499	-0.0859427878	0.0535318716	0.1202811744	0.0579423519	-0.0197622649	-0.0271712624	0.1223589525	0.0918103995	0.0547349199	-0.0835236989	0.071041618	-0.0036855546	0.0223993696	-0.0339270182	-0.0110855448	0.047132658	0.072992464	-0.0411754683	0.0352353107	-0.0617339145	0.0516837405	-0.0529649446	0.1008384919	-0.0673158326	-0.0907664727	-0.0359531998	-0.0187735125	0.008358313	0.0314152734	0.0085831427	0.1336686027	0.073690699	0.0638991261	-0.0120253326	-0.1000983971	0.0191006631	-0.0022166592	0.0632012717	0.0559587757	-0.0180481106	-0.0432407041	0.0507723566	-0.0140148094	-0.1199715013	-0.0034276029	-0.0851607413	0.0102607412	0.0843374387	-0.0170278193	0.0692664	0.0032399	1.0496952010000024e-05	0.00479783416896	-0.0081859199999999	0.05472078	0.0029943637638084	6.700928624639836e-05	0.588606	0.0354869999999999	0.0012593271689999	0.346457023236	-0.000546001	-0.0003392719999999	1.1510548998399997e-07	2.98117092001e-07	-0.00188237	0.00045717	3.5433168169e-06	2.090044089000002e-07	0.00198187	2.6090000000000314e-05	6.806881000000163e-10	3.9278086969000006e-06	0.0	0.0
5096.018405788826	4.004403980138704	25969403.59213849	16.035251236150696	10352.98690543322	14.851025842996023	107184337.86407173	220.55296858933573	4823.9644817163735	13.876156805737082	23270633.32086112	192.5477276974036	4864.319743961732	8947.47215119956	1.080393	30.522993	0.14037083	0.0719608	0.0440615978	-0.0564513713	-0.0464176468	0.0100001908	0.027244212	0.0529678834	-0.0208092324	-0.0540843846	0.0061168783	0.0859364555	-0.0389591573	-0.032087054	0.043314336	0.1024561342	0.1196823189	-0.0880311816	-0.0545415383	-0.1101053229	-0.0103372239	-0.0409058407	-0.0276032328	0.0402853848	-0.0312665517	-0.0368621746	0.0591056363	0.0178883743	0.1171409848	-0.0201024285	0.0101664004	-0.0527904254	0.0234837605	0.0193000858	-0.0787945234	0.1629330868	0.0892381746	-0.0116319323	0.0360789662	-0.0745966476	0.0299090793	0.028995595	0.0471799623	-0.0254774342	-0.0045948336	-0.0192886551	0.1039139149	0.0444948505	-0.0378072548	-0.0856474194	0.0300980949	-0.0275392909	-0.1064642842	-0.0550163629	0.0480036727	0.0650855865	-0.0309545309	0.100373531	0.0631449073	-0.0205563151	-0.1209268908	-0.0644505031	0.0047519535	0.0454529263	-0.0571061763	0.0711269517	0.0167892826	-0.1343317706	-0.0508137348	-0.0531942995	-0.0340400631	0.0457842372	0.1046020159	0.003502029	-0.0790101267	0.0165304213	0.0036313547	-0.0026132768	0.0805587069	-0.0038986615	0.0696870843	-0.0411041464	-0.1347311088	0.0024408799	0.0344400156	0.0173720945	0.0254404004	0.0102252604	-0.0338858569	-0.019069846	-0.0066681242	0.0006343241	-0.1047704603	-0.0991750633	0.0327761169	0.0032433864	0.0899123993	0.0297317758	-0.035880263	-0.1068726001	0.1145336236	-0.0767532032	-0.0405056944	-0.027511779	-0.0223889367	-0.1061456707	-0.0151514456	-0.0412886897	-0.0671072716	-0.0148437837	0.0792447063	-0.0042118599	0.0766848261	-0.013067629	-0.006494022	0.0681891858	-0.015367676	-0.086082611	-0.0513445485	-0.1247619559	-0.1287325988	-0.0460812657	-0.0207615764	0.0165422793	-0.0543328128	-0.0481794294	-0.0192323054	0.0549826177	0.0410462061	0.0323203782	-0.1265183856	0.0247227912	0.0637454345	0.0941889855	0.0159313397	0.01178604	0.0763232152	-0.002932708	-0.1026965679	-0.0769512622	-0.0019932713	0.0233103529	0.0942343382	-0.0022788604	-0.0557192913	0.1024376216	0.0538858727	-0.044444119	0.0282659201	-0.0280465285	0.017572854	0.1688572115	0.0119195624	0.0711133073	-0.024142376	-0.0703285041	-0.0908761103	-0.0883640002	-0.0050625059	-0.0134946418	0.022658023	-0.0372066602	-0.0641477895	-0.0293092965	0.1072950512	-0.0105695311	-0.0804183171	0.0759202111	0.0128930812	-0.0362279253	0.0114364334	0.0342700951	0.0414011056	-0.0278177244	0.023837537	0.0805385293	-0.0892559364	-0.068325311	0.0146117896	-0.0097493668	-0.0669679945	-0.035243634	-0.0044061455	-0.0849812929	0.0131715598	0.0836227095	-0.0217968427	0.0667052	-0.0025611999999999	6.559745439999998e-06	0.00444958370704	-0.0394393	-0.03125338	0.0009767737614244	0.0015554583844899	0.531469	-0.0571369999999999	0.0032646367689999	0.2824592979609999	-0.000339736	0.0002062649999999	4.2545250224999984e-08	1.1542054969600001e-07	-0.00242314	-0.0005407699999999	5.871607459599999e-06	2.924321928999999e-07	0.00174052	-0.00024135	5.82498225000001e-08	3.0294098704e-06	0.0	0.0
5080.896815737282	-15.121590051544445	25815512.45216925	228.66248568696795	10309.417986319351	-43.568919113868105	106284099.21664494	1898.2507127507813	4824.405004697154	0.44052298078077	23274883.649346948	0.1940604965959746	4865.466703905515	8921.038437405961	1.017926	28.758186	0.15786136	0.075437	0.0713709504	-0.0329177499	-0.0345717928	0.0313521623	0.052993106	0.0008601638	-0.0246307509	0.0042209633	0.0537936578	0.0675902274	0.0957714595	0.0094030233	0.026219458	0.1120100512	0.0028541607	-0.1185277345	0.0121264681	0.0299947387	-0.0390278327	0.0063816749	0.0543971486	-0.0522715724	-0.0086663031	-0.0347456852	0.0812188781	0.0266443408	-0.0764513222	-0.0074324455	-0.030191018	0.1297229889	-0.083850036	0.0252339543	-0.0838212689	-0.0675612416	0.0798895818	-0.0333792267	0.0290668056	-0.1013509526	-0.024176341	-0.0204339293	0.0126099568	-0.0390227502	0.0687767412	0.1437159869	0.0554483669	-0.007137326	0.0606545355	0.0009629779	0.0827909375	-0.0195983673	0.0282189151	0.0453084826	0.0947089344	-0.0643311333	0.0353663912	-0.0232402319	-0.0313893308	-0.0161161973	-0.0368727637	-0.0194738084	0.0101974544	0.065604508	0.02873907	0.0437613279	-0.0705641711	-0.0108929291	-0.0517537684	0.063547059	-0.0021099763	-0.0031512943	0.0984078088	-0.0148238939	0.0455152627	0.0617801895	-0.0774216842	0.0372130214	0.0138805886	-0.0455123419	0.0398998416	-0.0336775934	-0.039814417	-0.0118481046	0.0358692019	-0.0190627957	0.0925721707	0.0026544313	-0.0065344275	0.0495077265	-0.0304463578	-0.0714354954	0.1357300148	0.0107491853	0.0164321523	0.0066064197	-0.0405994971	-0.0192201363	-0.0189259775	-0.114212293	-0.0094319531	-0.0572443467	-0.0970813203	0.0456421377	-0.0350430381	0.0055389392	0.0520904948	-0.0049164064	0.0434049808	-0.0423570394	0.0046373268	0.1145080555	-0.0454618051	0.0597680947	0.0392897947	0.0529201757	0.1271794788	0.0106752292	-0.0101642323	0.0547197491	-0.0799172977	0.0257479755	-0.059882655	0.0767589924	0.0596278475	-0.0251247744	-0.0062261741	0.0302812234	-0.1021205445	-0.1163680647	-0.106857804	0.044767214	0.0086762876	-0.0404174144	0.0540369645	0.0477310227	-0.0590914666	-0.0917431584	-0.0490190858	0.060763422	-0.0258324291	0.0083410333	-0.0432421889	0.0137700661	-0.0433623387	0.0301043356	0.0243405049	-0.0716597288	-0.0398268113	-0.092505677	0.0413563303	-0.0068194734	0.0439038568	-0.0413313173	-0.0170145021	-0.001762409	-0.0408495735	0.0054281481	0.1171166792	-0.0324298986	0.0152631806	-0.0373702208	-0.0836707703	-0.0239191384	0.027198107	0.0172066685	-0.0031521081	0.0436566042	-0.0108847405	-0.0416049028	-0.0944045727	0.0172760891	0.0254306546	0.0127237497	-0.0813130037	-0.0432118937	0.1185987063	-0.0281682902	-0.0426011375	0.0112252365	0.0442139411	-0.023804598	-0.0053841089	-0.0847571594	0.0160667959	0.0827321204	-0.0264942496	0.0760196999999999	0.0093144999999998	8.675991024999799e-05	0.0057789947880899	-0.00469149	0.03474781	0.001207410299796	2.2010078420100005e-05	0.585881	0.054412	0.002960665744	0.343256546161	-0.000950307	-0.000610571	3.72796946041e-07	9.03083394249e-07	-0.00206595	0.0003571899999999	4.2681494025e-06	1.2758469609999989e-07	0.0019605	0.00021998	4.8391200400000024e-08	3.84356025e-06	0.0	0.0
5087.995887797759	7.0990720604768285	25887702.154246904	50.39682411984273	10298.563634425049	-10.854351894302454	106060412.93230207	117.81695504534729	4818.117946687609	-6.287058009545035	23214260.548193224	39.52709841538438	4857.984661260243	8905.23078617943	0.981967	27.742268	0.07690856	0.0394626	0.0651729727	-0.0386754923	-0.0370856487	0.0111969152	0.0566319842	-0.0082012212	-0.0266652555	-0.0400260666	0.0195504412	0.0982186112	-0.0341518339	1.33003e-05	0.0033250676	0.1040596676	0.0289802199	0.0037461067	0.0466119792	0.0113936412	0.0145066743	-0.0464271194	0.0147981537	0.0306194846	0.0587017479	0.0763299003	0.0478508713	0.0456141634	-0.0517300858	0.0003581071	0.0617316055	-0.0220879565	-0.004454111	-0.1323564827	0.06376029	-0.0291288608	0.03785038	-0.0112808116	0.0622537777	-0.0699142472	-0.0468099249	0.0301120043	0.0975286643	-0.060800199	-0.0146466599	-0.0592101077	0.0358504115	0.053337455	0.0303972676	-0.0394080285	-0.0892954229	-0.0751072357	-0.0007067679	-0.0207528229	0.0366077715	0.0192787005	-0.0409607282	0.0942670419	0.0317915075	0.0895770123	0.0477139316	-0.0242190381	-0.0502324513	0.0332004299	-0.0496019657	0.0895428162	-0.0132502836	0.0965366934	0.0042223755	-0.0379010252	-0.0615144763	0.0402711713	-0.0458459751	-0.0413902602	-0.0597081067	-0.0863017485	-0.043481291	-0.0624261485	-0.0527518992	-0.0449920231	-0.0803916558	0.0492034758	0.0416613411	-0.0194699848	-0.0933858782	-0.0141489525	0.0234880515	0.0345331063	-0.0351893641	-0.1030737113	0.054542471	-0.0039752435	-0.0924426681	-0.0354734748	-0.0055549635	-0.0574460158	0.00492463	-0.0493748276	0.0079411035	-0.1033915589	0.033901724	0.0229730084	-0.0195960233	0.0033877461	0.0214071737	0.0207138261	-0.0489482454	-0.0349178132	0.0303722823	0.1045960882	0.0120280361	0.0522768547	-2.31255e-05	-0.0002014006	-0.0822734726	-0.0938855304	0.0051835629	0.0818293615	-0.0481252293	0.0539863045	-0.0500572783	0.0248606141	-0.0589734289	0.0053534736	-0.0009116077	-0.044832984	-0.0901462912	0.0879721224	0.0609149817	0.062514837	-0.0572971106	0.0210773302	0.0813058419	-0.0221043535	-0.1027579044	-0.0220680947	0.0107397511	-0.0175708887	-0.0306715892	-0.0199106993	-0.0389705473	-0.0145012384	0.0770221795	0.0709968129	0.1053376966	0.0014169053	0.0416285873	-0.0370000135	0.033787453	-0.0417376128	-0.0657216138	-0.0488135912	-0.0348797494	0.0286055188	-0.0671208869	-0.051682885	-0.0294438943	-0.0001721323	-0.1199142598	0.0133273966	-0.0933894366	-0.0580724146	0.0376829038	-0.0362641114	-0.1146148456	0.0326807789	0.0097273636	-0.073989235	0.0068688455	0.0192948387	-0.0425061052	0.0615993221	0.0353274386	0.0312808236	0.1060017856	0.0695927212	-0.0341347823	0.0056018892	0.0316904269	0.0510135509	-0.0305524332	0.021469741	-0.0063613645	-0.0844884586	0.0189430245	0.0816675444	-0.031104606	0.0765099	0.0004902000000001	2.402960400001051e-07	0.00585376479801	-0.0326182	-0.02792671	0.0007799011314241	0.00106394697124	0.562148	-0.023733	0.000563255289	0.316010373904	-0.000682724	0.0002675829999999	7.160066188899997e-08	4.66112060176e-07	-0.00225715	-0.0001911999999999	5.0947261225e-06	3.655743999999996e-08	0.00199689	3.638999999999986e-05	1.3242320999999896e-09	3.9875696721e-06	0.0	0.0
5087.848281361555	-0.1476064362041143	25886200.134153724	0.0217876600088792	10326.28889025985	27.72525583480092	106632242.245104	768.6898111051624	4820.537667587531	2.41972089992214	23237583.40463024	5.855049233520012	4860.606246814225	8947.862260210373	0.984198	27.805296	0.09277569	0.0532178	0.0743789398	-0.0353814546	-0.0343415912	0.0276397601	0.0528694912	0.0237159227	-0.0372660247	0.0124682079	0.0663066693	0.0451025685	0.0841093053	-0.0024854844	0.0074173693	0.0999772416	0.0204254772	0.0013476789	-0.0620240552	-0.0341354453	-0.0043581454	-0.007510095	0.0027851191	-0.0298179104	0.088869018	0.0021265631	-0.036306774	0.0445262411	0.0262646815	0.0516034337	0.0201844975	0.0350626481	-0.0309391238	0.1460632014	0.015592837	-0.0020657033	-0.0156689309	-0.0569144238	0.0326113301	0.0406368087	-0.0254636459	0.008270234	0.1055754964	-0.0158774421	0.0214459121	0.0862534275	-0.0667644396	-0.0361743559	-0.017341422	0.0294288912	0.0057130389	-0.0094179731	0.1018419679	0.1401050925	-0.0113122077	-0.0405238093	-0.0721918963	-0.0125254613	0.1212055138	0.0252185894	0.0235164536	-0.0313398256	0.0429471557	-0.0344461228	-0.0273123848	-0.0827717969	0.0243640695	-0.0391708856	0.0286645159	-0.0121394206	-0.1121051827	-0.0761684342	0.1305085131	-0.0968587337	-0.0177015442	-0.0111050726	0.0290966625	-0.0455138084	-0.0310056282	0.0247509515	-0.0164809592	0.0911992631	-0.0252418328	-0.0750460595	-0.0469165473	-0.1097014197	0.0070899858	0.0848713362	0.0150692465	-0.0339821768	-0.1634701742	-0.0792906625	0.0755379923	-0.0723869839	-0.1206031892	0.0431766145	0.0183082545	0.0138500064	0.0001719761	-0.0973251143	0.0119079948	-0.026947945	0.0232598137	-0.0204165071	0.0086690097	-0.0486387177	-0.0295452699	0.056636265	0.0699622579	0.0199529849	-0.0394716697	0.0232388793	0.0422357596	-0.0279055448	0.0195018981	0.0669063697	0.0377986929	-0.0522872162	0.1018500737	-0.0520742749	-0.0102136218	0.0753919779	0.0003479645	-0.0240244932	0.0366092179	-0.0144298465	-0.10785183	-0.0075031597	-0.045764804	-0.0987893794	0.059385747	-0.0095020525	-0.0546027481	-0.0185843772	-0.0172767551	-0.00272312	-0.0652913641	-0.1030713299	0.1268432583	0.0540393009	0.0819626382	0.0196165323	0.086129046	-0.0144904484	0.0597602022	0.0468282487	-0.0476312073	0.0332212215	0.0325309691	0.0480848405	0.0329995542	0.0220884525	-0.0460780153	0.0089191382	-0.0305041298	0.0218048434	-0.2066096301	0.0058762423	0.0232580054	0.0564896139	0.0124008825	-0.0347578008	0.0405954972	-0.0172880871	0.0120739749	0.1028420695	-0.053418453	-0.0484495982	0.0339692547	-0.0608051343	-0.0723140904	0.0157371372	-0.0763548233	0.16694196	-0.0566678357	-0.0311366565	0.0515734908	-0.0560976891	0.1212083009	-0.0892303578	0.0361541579	-0.0091418558	-0.0073377838	-0.0841753318	0.0217968427	0.0804312202	-0.0356127639	0.0757832999999999	-0.0007266000000001	5.279475600001525e-07	0.0057431085588899	-0.00104431	0.03157389	0.0009969105297321	1.0905833761e-06	0.602665	0.040517	0.001641627289	0.363205102225	-0.000777868	-9.514400000000002e-05	9.052380736000005e-09	6.05078625424e-07	-0.00196332	0.0002938299999999	3.854625422400001e-06	8.633606889999983e-08	0.0019867	-1.0189999999999764e-05	1.0383609999999522e-10	3.94697689e-06	0.0	0.0
5083.149276259941	-4.699005101613693	25838406.56474196	22.080648944991516	10299.496911167957	-26.791979091893158	106079636.62315828	717.81014366044	4813.128442104325	-7.409225483206683	23166205.4001936	54.8966222609993	4854.487396891174	8909.81297638601	0.98933	27.950293	0.11971979	0.0802743999999999	0.0642063431	-0.0434538575	-0.0336634733	0.0246146134	0.0555271793	-0.0212710322	-0.0258406917	-0.0418379393	0.0227408223	0.1056544788	-0.0419855178	0.0100990765	-0.0378739338	0.0476856781	0.1101263617	0.0277472904	0.0086879851	-0.0148138759	-0.0016900586	0.0136404748	0.0026289433	-0.0516050444	-0.0544624056	-0.1026057142	0.0080337756	-0.0470124373	0.0184884287	-0.0220308249	0.1331222861	0.0020668609	0.0248509284	0.1543851967	-0.0284978209	-0.0665888961	0.0112267099	-0.0543986064	-0.0647717606	-0.0486290765	0.0997424414	-0.0205860112	-0.0362812791	-0.0360263236	0.0475521383	0.0026669681	-0.1225874045	-0.0371401392	-0.0674378976	-0.032451247	-0.0038204356	0.0039904455	0.0587250631	-0.0471615729	-0.0017084075	0.1159028356	0.0542468787	-0.0201151534	0.015549657	0.1177211169	0.1817835848	-0.0768006566	-0.0119482087	0.0073656182	-0.0651686102	-0.0331275044	-0.0076152851	-0.0138077524	-0.1211905714	-0.0076818642	0.0302679472	0.024997525	0.0151945896	-0.0397827467	0.0377309833	-0.0764920945	-0.0457103519	-0.0925186047	-0.100537611	-0.019526568	0.0244311803	-0.0903589244	0.0009137932	0.0573288416	0.0063309896	0.0243052433	0.0488543001	0.0508970359	-0.0119826734	0.0608004298	0.0622763574	0.0412892252	0.0712907773	-0.0843059249	0.0321897998	-0.0430455551	-0.1215911913	0.0831380044	0.0447059597	-0.0432818284	0.0962454881	0.0236399653	-0.0050731867	-0.0385123923	-0.0253407949	-0.0009859616	0.0121861292	0.0302740528	-0.0040492092	-0.1277906992	0.0129585985	0.0065056133	-0.0486875443	-0.0255076591	-0.1123969504	0.135888856	-0.0167858164	-0.084864037	0.0881147324	0.0435009954	-0.010781794	0.0574317575	0.0188671295	0.087433357	-0.0855524642	-0.006268648	0.0505211127	0.0139446967	-0.0615422184	-0.022767278	0.1131673917	0.0518586448	-0.0194300981	0.0748214874	-0.0408148482	-0.010983309	-0.052372243	0.0134043931	0.0116759576	-0.1085250298	-0.0042805483	0.004548341	-0.0724214033	0.053473738	0.2173479197	-0.0172099869	-0.0268015452	-0.0313155125	0.0442827125	0.0082410038	0.0642682836	0.0087740543	0.1248419941	0.0381541096	-0.0065964664	-0.0122624089	-0.0029414051	0.0436710145	0.0548861793	-0.0142895803	-0.1007291354	-0.0438395689	0.1229753703	-0.0571665637	-0.0068836945	-0.0591759096	0.0227461054	0.0201259625	-0.0470560028	0.0254732596	-0.0289779857	0.0850613126	0.0114649219	-0.0654340656	-0.0381493212	-0.0457918144	0.0245797829	-0.0828048671	-0.0186561845	0.1160097979	0.0606033436	0.0367698839	-0.0083132385	-0.0838179437	0.0246248744	0.079025748	-0.0400039112	0.0760611999999999	0.0002778999999999	7.722840999999866e-08	0.0057853061454399	-0.0705592	-0.06951489	0.0048323199317121	0.00497860070464	0.563423	-0.039242	0.0015399345639999	0.317445476929	-0.000807588	-2.9720000000000007e-05	8.832784000000003e-10	6.521983777440001e-07	-0.0020953	-0.0001319799999999	4.39028209e-06	1.7418720399999962e-08	0.0019347	-5.200000000000018e-05	2.7040000000000184e-09	3.74306409e-06	0.0	0.0
5081.018215139917	-2.131061120024242	25816746.102583624	4.541421497278977	10292.517407652884	-6.979503515072793	105935914.58683763	48.71346931691347	4808.184903104949	-4.94353899937596	23118642.062446345	24.43857783835107	4849.283397794218	8937.121401251694	0.977264	27.609398	0.1385117	0.0763912	0.0873306995	-0.0259544399	-0.0320721563	0.0343102777	0.0881000828	-0.0439795017	-0.0178823182	-0.0024422178	0.0709158785	0.0508046708	0.069531069	0.0195177272	-0.0381545175	0.0592103312	0.0559215685	0.0056014832	0.0024037093	0.037972286	-0.0066149652	0.0722372754	-0.0059871556	0.045512715	-0.0129097489	0.0030202791	-0.0111508644	-0.0890802492	0.0030175812	-0.0276680335	-0.0316227592	0.0039404268	-0.0391477822	-0.0446425471	0.0262171502	-0.1270722949	-0.0783620083	-0.0290782755	0.0139957228	0.0161304835	0.0391034045	0.0806313444	-0.0461753271	-0.0837276415	0.0341437172	-0.0202978149	-0.0424373528	0.0065102299	0.0173748406	-0.0393702586	-0.033575867	0.0149278467	0.0985346444	-0.0153596514	0.017372612	0.0507968967	-0.0295352369	-0.0087040966	0.0444627473	0.0476370565	-0.0162039596	-0.1161960987	0.1131486715	0.0541644805	-0.0692863929	0.0101962413	0.0180912175	-0.0776099869	-0.0046049681	-0.0143196425	-0.0724138941	-0.0588390243	-0.009524564	0.0651787303	0.0426467476	-0.0975926721	0.0828922185	-0.0447853901	0.0914484395	-0.0930010911	0.0522391673	-0.042556709	-0.1525707908	0.0294871406	-0.0066017804	0.0729619269	-0.0202485006	-0.0023736008	-0.0126306675	0.0968235767	-0.0242954722	0.1107302573	0.1125582178	0.0098570543	0.0403543767	0.0339156428	-0.1108250129	0.0148590589	0.0430186435	-0.0548629851	0.0486867421	-0.0045859261	0.0069434028	-0.0107356053	-0.0344399461	0.0704456745	0.0003351891	-0.0060970438	-0.0284111457	-0.0043943773	0.0103869363	-0.061174064	-0.0519952534	0.0157874719	0.0403941613	-0.0309645873	0.0274901962	-0.0079595658	-0.0093068507	0.0941205167	0.1121465274	0.0913958019	0.0039433897	-0.0344697289	-0.0227827954	-0.0819169616	0.0502066511	0.0534944365	-0.0309852939	0.0080826421	0.0328594989	0.0434533679	0.0161237279	0.003787389	-0.0224939068	-0.0316196908	-0.1050473126	0.0015034433	0.0236280511	-0.0238922369	0.0039156021	-0.0289114524	0.0248095027	-0.0009409618	0.0694227728	0.1357023241	-0.0726766749	-0.0632652836	0.0545025221	0.0373063846	0.0306685891	0.0746817102	-0.0126935783	0.057027052	-0.0720957497	0.0362382466	0.0365852031	-0.0308423368	0.006682917	0.1519943299	0.0036843991	-0.0306222751	-0.0487547858	-0.1464727735	0.094500516	-0.0412501077	-0.105600734	0.0737725526	-0.0071456217	0.0509363184	0.0558371136	0.0267148961	-0.0010326242	-0.0805107896	-0.0779179635	-0.1517410187	-0.0073023139	-0.0125278699	-0.0668707204	0.0221394782	0.0502523204	0.0657922195	-0.0092876003	-0.0834164822	0.0274237741	0.0774540834	-0.0442636201	0.0771397	0.0010785000000001	1.163162250000231e-06	0.00595053331609	-0.0234372	0.047122	0.002220482884	0.0005493023438399	0.620452	0.0570289999999999	0.0032523068409999	0.384960684304	-0.000918262	-0.0001106739999999	1.2248734275999989e-08	8.43205100644e-07	-0.00168877	0.00040653	2.8519441129e-06	1.652666409e-07	0.00178626	-0.0001484399999999	2.2034433599999973e-08	3.1907247876e-06	0.0	0.0
5081.739027812105	0.7208126721880035	25824071.546788715	0.5195709083868102	10285.284268125502	-7.233139527381354	105787072.47614996	52.31830742256656	4813.178695620692	4.993792515743735	23166689.15597691	24.93796369029814	4853.661666889262	8900.364896992347	0.990008	27.96946	0.1396656499999999	0.0716002	0.0855604055	-0.0332311	-0.0304232535	0.00634633	0.0925443465	-0.0555858607	-0.0207874506	-0.0274891108	-0.0155722387	0.101517671	-0.0712917247	0.034585966	-0.0474444645	0.0845203121	0.0659917814	0.1288076512	0.0143359561	-0.0037753123	-0.0491972365	0.094103957	-0.0048432426	0.0510046541	0.0756084652	-0.0663273969	-0.073277422	-0.0533667812	0.0242347483	-0.0443840259	-0.0279426103	0.0804181154	-0.0639414978	0.0270999076	-0.0790798859	0.0270933618	0.0033660433	0.0320685948	-0.0130321014	0.024771025	-0.0798683483	0.0502314761	0.0345891447	-0.0980571317	-0.0579347606	0.1062202073	-0.0407800855	-0.0252143316	0.1698351366	-0.0354879151	-0.0312003766	-0.0420625453	0.0686750285	-0.0852746334	0.0380480715	-0.019064183	0.0499813759	-0.0160198824	-0.016244307	-0.0330454117	-0.1365825439	-0.0617091322	-0.0020206904	-0.0211097146	0.0423978313	0.0335044638	-0.1134735837	0.0782830151	0.1674698942	-0.1261227295	-0.0354141156	-0.0201529027	-0.0266180553	-0.1084483021	-0.0106823711	-0.0908779713	-0.0691798976	-0.0058468056	-0.0112783616	-0.0049092137	0.0794369108	0.0846889506	-0.0016037489	-0.1097635568	-0.0219479227	0.0494955524	0.0090827173	-0.0412520934	0.056471353	0.0415002133	-0.0367748419	0.0389836638	-0.0718116633	0.0659943814	-0.0113993497	0.0275609552	-0.101319311	0.1086169628	0.052769468	-0.0808345773	0.0520212673	0.0534920079	0.0943529745	-0.0852891458	-0.1107118626	0.0690718206	-0.0729371032	0.0316425688	0.0478196632	-0.047776933	0.0068412246	-0.0770741552	-0.0210195294	0.0638710246	0.0402909526	0.056932478	0.0746775266	-0.032688471	-0.0247366949	-0.0481423396	0.02994556	-0.0294743362	0.023929572	0.0007979502	0.101842054	-0.036450132	-0.0260342865	0.0949946694	0.0584843586	-0.1073440969	-0.0202767064	0.132183914	0.0168355265	-0.1193221569	-0.0345376507	0.0311846865	-0.0866439738	0.0470397251	-0.0307408678	0.0180548815	-0.0387021858	-0.0210452074	-0.0532186187	-0.0377206714	-0.0684260113	0.099983199	0.0724911423	0.0274945914	-0.0208473116	-0.0668555663	0.0170341919	-0.1022272014	-0.1932702944	0.0749053472	0.0192456538	-0.0006889015	-0.0507660443	0.0622100857	-0.0872157662	0.0869755243	-0.1016635914	-0.0144703281	0.0012554715	0.0046959011	0.063903636	0.1008277571	0.0476105716	-0.0334573724	0.1072538828	0.0049344819	0.0149888641	-0.0561720532	-0.0186167138	-0.0081593641	-0.0260008609	0.0169752408	-0.0523203004	0.0942695625	-0.0710478513	0.0043015892	0.1265090499	-0.0548704695	-0.0102607412	-0.0829711584	0.0301902304	0.0757195317	-0.0483778948	0.0725024999999999	-0.0046372000000001	2.1503623840000976e-05	0.0052566125062499	-0.0815252	-0.058088	0.003374215744	0.00664635823504	0.581976	-0.0384759999999999	0.0014804025759999	0.338696064576	-0.000686323	0.000231939	5.379569972100002e-08	4.71039260329e-07	-0.00202392	-0.0003351499999999	4.096252166399999e-06	1.1232552249999985e-07	0.00198846	0.0002022	4.0884840000000014e-08	3.9539731716e-06	0.0	0.0
5087.359565132966	5.620537320861331	25881227.34494988	31.59043977519507	10308.280027958106	22.995759832603653	106260637.13479996	528.8049702787876	4805.833872670608	-7.344822950084563	23096039.211708173	53.946424168088896	4847.291644509195	8909.719319076637	1.001819	28.303135	0.07567215	0.0440967	0.0909751723	-0.0342919499	-0.0230200701	0.0089761857	0.0783806389	-0.005237815	-0.0262545982	-0.0212293159	0.0733979135	0.0298123816	0.0452948826	-0.0085271813	-0.0960831355	0.0802106461	0.0942288331	0.0127694406	0.0085559853	-0.0947577507	0.0458322301	0.0221920375	-0.0960065479	0.0179541701	0.0448988959	-0.0570352356	-0.0053952592	0.0741632943	-0.0465191802	-0.0322879856	0.0742842149	-0.0406338704	-0.0363939729	0.061913331	-0.0279578509	-0.0252011036	0.0424931104	0.0392586576	0.1399515179	-0.0021496886	-0.0544698401	-0.0438633187	0.0757555705	-0.006424622	0.0516836432	-0.0323361191	-0.0282923995	0.0062942992	-0.0231233286	0.0070483148	-0.0858771505	0.1252890269	0.0553793815	0.0443809561	-0.0797452551	-0.0146018274	0.0569768222	0.0100641655	0.0532894048	-0.0620831741	-0.0520173227	-0.064802859	-0.0077999037	-0.0757249858	-0.0437909846	-0.0338177783	0.0098273707	-0.0680673624	-0.0600422788	0.0022063886	0.0186478855	0.0688245588	-0.052653069	0.0395819742	0.0359654904	0.0358361886	0.0035711605	-0.0082711401	-0.0302654323	0.0533155707	0.0501032887	-0.0721118564	0.0068969055	-0.1325080287	-0.0473500917	-0.0409246835	0.1516049027	0.0029555486	0.0626456151	-0.0304705313	0.059123959	0.005811634	-0.0752628592	0.0531363357	-0.0947203826	-0.0846157108	0.0097461515	-0.0842811222	0.1026043501	-0.0722608433	0.0754073315	-0.0179717461	-0.0041756218	-0.1260676724	0.0075299316	-0.0147265002	-0.0783546127	0.0765574089	-0.0418623951	-0.0239570521	0.0101589635	0.0623919911	0.027904903	0.050022219	-0.0802038162	0.0016009725	0.0059938572	-0.0643621767	0.0209410748	0.0193365528	-0.0883967943	-0.004600616	-0.0848245079	-0.0780332459	0.044592851	0.0113334586	-0.1088957754	0.0139977495	-0.058021148	0.0302960866	0.040431625	-0.0289414569	-0.0009832779	-0.0129746926	-0.0014607688	-0.1239820992	-0.0387231997	0.0573178309	0.0967124216	0.0117843223	-0.0092547118	0.0925335263	0.0027328863	-0.0831220323	-0.0083023897	0.0627983302	0.0468499677	0.0641634809	0.0490292938	0.0100150621	0.0540989146	0.0566355796	0.073830577	0.0176521479	0.0128830397	-0.0506556578	0.0862340578	0.039585138	0.0353573316	-0.0258953571	0.0261313211	0.0163416214	0.0280338141	0.0133364434	0.0677219585	-0.0362677011	-0.0172078522	-0.0491898809	0.1260630261	-0.0208697559	-0.1580496175	0.0225283189	-0.0314265751	-0.0364058982	0.0561637061	0.0826555111	-0.0349486609	0.098171406	0.0930567483	0.047868714	-0.0007989453	-0.0236724029	-0.0112325332	-0.0824822064	0.0329209705	0.0738257406	-0.0523332172	0.0717244	-0.0007780999999999	6.054396099998547e-07	0.0051443895553599	-0.0421563	0.0393689	0.00154991028721	0.00177715362969	0.600292	0.018316	0.0003354758559999	0.360350485264	-0.000946996	-0.000260673	6.7950412929e-08	8.968014240159999e-07	-0.00194337	8.054999999999976e-05	3.7766869569e-06	6.488302499999961e-09	0.0019855	-2.960000000000202e-06	8.761600000001196e-12	3.942210249999999e-06	0.0	0.0
5089.998606142077	2.6390410091107697	25908085.81052829	6.9645374477683895	10321.304492316169	13.024464358062689	106529326.42310593	169.6366718144453	4803.703956903764	-2.129915766843624	23075571.70557288	4.536541173849062	4843.806267062275	8917.430373606638	1.002867	28.332752	0.08391765	0.043806	0.0905258695	-0.0458517578	-0.0054203288	-0.0187012467	0.0943845453	-0.0157549692	-0.0375126624	-0.0016905963	-0.043483251	0.0582414071	-0.0628357584	0.0326617503	-0.0872223304	0.0373158471	0.0773886258	-0.004145072	-0.0008247244	-0.0719684419	0.0187759704	0.0780219975	-0.0195389119	0.0694382706	-0.0412086946	-0.0499336749	-0.034068164	0.0299769365	-0.0806117972	-0.0090049071	0.001453036	0.0248826731	-0.0357073008	0.0056920858	-0.0818535121	-0.0387292714	0.0586502952	0.0948428554	0.1211869003	-0.0588964592	0.1193582209	-0.034701367	-0.0202786564	0.0521559908	-0.0356618674	-0.0014775357	-0.0751117756	-0.0541920888	-0.0647715913	-0.0241296512	0.0195593899	0.0440018	0.096784123	-0.001737957	0.0703148691	0.0557143756	0.0383316558	-0.0154475255	-0.059355457	-0.0802370439	0.0015219499	-0.0066885794	-0.1030062269	0.1258321779	0.0614966741	-0.1227092622	-0.0283973996	0.0591499835	0.0595064284	0.055421983	0.0030943537	0.0048596366	0.0285982877	0.0426990141	-0.0022563738	-0.0363242437	0.0009478446	0.0658960818	-0.0029687958	0.0401042929	-0.0229543385	0.0576451838	-0.0536638706	0.0481402878	0.05121661	-0.0486960248	-0.026745773	-0.0077885776	-0.0422476529	0.1000444213	-0.010425036	0.0602506441	0.0277303157	-0.0717775395	0.0813267135	-0.0170686688	-0.1567746188	-0.1027755206	0.0919690518	-0.0301695218	0.0748604125	-0.0454306623	0.0063048173	-0.1109958192	-0.0548614459	0.0296382408	-0.0194804023	-0.0214309811	-0.0709910928	-0.0624582255	-0.0352476494	0.0386345915	-0.0254593284	0.0586157035	-0.0014314679	0.0139521057	0.0375252092	-0.0045572817	-0.0422943235	0.0578743276	-0.1004948773	-0.0744061168	-0.1039372288	-0.0573292556	-0.078259083	-0.0032915063	0.0149070679	-0.0874624098	0.0020528051	-0.0421067053	0.081521443	0.0167915025	-0.049289376	0.0738956999	0.009517058	-0.0259886062	-0.1171385874	-0.0340697997	-0.0104680641	-0.0287196774	-0.0198438217	-0.027575557	-0.0579930661	-0.0794733094	-0.0005536075	-0.0547373722	0.1136377181	-0.1005349298	-0.0883866943	0.1107202726	0.0288236269	-0.0937943181	-0.0351183059	-0.0651191034	0.034545991	0.0023664182	0.0018650915	-0.0416532871	0.0121070827	0.0204761875	-0.0283844384	0.0621678286	-0.0344708292	0.0232148146	-0.0064572769	0.0696550972	-0.0532685277	0.0275734422	-0.0602585966	-0.056753454	0.0196173262	-0.0047571	0.0007234543	-0.0196876473	-0.0904856464	-0.0611153631	-0.0364833896	-0.0897903279	-0.1011018243	0.1288965866	0.0726692473	0.0621591645	-0.0122028486	-0.0819498834	0.0356127639	0.0717766928	-0.0561165917	0.0758071	0.0040827	1.666843929000007e-05	0.00574671641041	-0.0737672999999999	-0.0316109999999998	0.0009992553209999	0.0054416145492899	0.576336	-0.023956	0.000573889936	0.3321631848959999	-0.000549577	0.000397419	1.57941861561e-07	3.02034878929e-07	-0.00201003	-6.665999999999985e-05	4.0402206009e-06	4.443555599999981e-09	0.00200678	2.1280000000000257e-05	4.5283840000001087e-10	4.027165968400001e-06	0.0	0.0
5093.4582757960425	3.459669653965648	25943317.207275197	11.969314114570786	10321.142240261524	-0.1622520546443411	106525977.14371067	0.0263257292363102	4810.34392854137	6.639971637605413	23139408.710854817	44.08922334820431	4851.595940832811	8932.146588980917	0.994982	28.109989	0.12392625	0.0679925	0.1071509772	-0.0240503842	-0.0289399838	-0.0009939004	0.0941729699	0.007260662	-0.0130898545	-0.0082311596	0.0421898008	0.0195337017	0.0413659224	-0.0123628168	-0.1614013659	0.0775154448	0.0139621595	0.0022004091	-0.0229790294	-0.0109905857	0.0841644517	-0.0776425882	-0.0215862181	-0.0165934435	-0.0173283658	-0.0229839227	-0.0719490504	-0.0355700304	0.1204035784	0.0153129354	-0.0580630305	0.0628741903	-0.0337024528	-0.01236337	0.0342525997	-0.0344795826	0.0880054391	-0.0204955983	0.0149931726	0.008017571	-0.1331281443	-0.0844690593	-0.0162450088	0.0706267666	0.021752858	0.0054740553	0.1510295392	0.0488869365	-0.1086388551	-0.0038856638	-0.0110586413	-0.0774391235	-0.0442392331	-0.0413235955	-0.0672066271	-0.0115978256	-0.0402472984	-0.0967733415	-0.0111806309	-0.0358664752	0.0296708667	-0.0693038152	-0.0542972738	-0.1015335136	0.0362312058	0.0066069015	-0.087272265	0.0694119518	-0.0041205974	0.0003580947	-0.0835298796	-0.0073589562	-0.0239862375	0.0211895069	-0.0695066277	-0.0483155264	0.0176135711	-0.1101521221	-0.0450667833	-0.0444679212	-0.0274512056	-0.0174664717	-0.1113413158	-0.015746911	-0.0526406315	0.1131887241	0.0272131974	-0.0585246272	0.0096470692	0.0756472781	-0.1081268639	-0.0905760238	0.1332056228	0.0258545317	-0.0194247721	0.0337043206	-0.0793372577	0.0583911041	0.1661222191	-0.0616627441	0.0276967067	-0.0062893357	0.0059331506	0.0070387806	0.1112179481	-0.0436181018	-0.0414066797	0.0116325805	-0.006035084	-0.0430102728	0.0051439838	-0.1212093927	0.0440237811	-0.0466145724	0.0546805275	0.0192032956	0.0589942037	0.0395554803	0.020173081	0.0505362126	-0.0701344043	0.0033771834	0.0055133595	0.0208728422	0.1363990265	0.0858193407	-0.0022611121	-0.0331715964	-0.020456707	0.0371384158	-0.1427478412	-0.0971996372	0.031354149	0.0773825436	-0.0839793192	0.0397893741	0.0746975591	0.0391082381	0.0120231024	0.0313745588	0.048389069	-0.0721208611	-0.0528060418	-0.0551818981	0.0297404251	0.0126991411	0.0567872259	0.0741730058	-0.0102470677	-0.0670244647	0.059678053	-0.0854367154	-0.0213500072	0.0002378114	-0.0993417375	-0.01670484	0.0128508526	-0.0103808912	-0.027422628	-0.0203660196	-0.0479063281	-0.0721194062	0.0800944578	-0.1136984535	0.035543411	-0.0144710941	-0.1263899649	0.0226343697	0.0433221703	0.0958365419	-0.0068365562	-0.0868525605	0.0308304835	0.0153091994	-0.1079671796	-0.0694264232	0.1307188921	0.0135670864	-0.0080162551	-0.0416514622	0.0823661238	-0.0214319161	-0.0131715598	-0.0813744693	0.0382624261	0.0695766975	-0.0597155874	0.0755196	-0.0002874999999999	8.265624999999775e-08	0.00570320998416	-0.0199617	0.0538055999999999	0.0028950425913599	0.0003984694668899	0.612797	0.036461	0.001329404521	0.375520163209	-0.00101659	-0.0004670129999999	2.1810114216899997e-07	1.0334552280999998e-06	-0.00190471	0.0001053199999999	3.6279201841e-06	1.1092302399999977e-08	0.00210189	9.51099999999998e-05	9.045912099999964e-09	4.4179415721e-06	0.0	0.0
5101.882569675439	8.424293879396828	26029205.754758064	70.96872736644285	10349.90561847279	28.76337821126617	107120546.31129465	827.3319261243415	4807.651706787419	-2.6922217539504345	23113514.933775984	7.248057972443954	4848.616051801923	8940.140670563325	0.990362	27.979456	0.0999993	0.0606138	0.11256273	-0.0168529891	-0.0409403066	-0.0122249595	0.1109388866	0.0138191614	-0.0382386325	0.0250131393	-0.0614077063	0.0544602081	-0.0595621194	0.0532355236	-0.0672315772	0.0556161549	0.0296427805	0.0198500058	0.0118270468	0.0185386797	0.0117663734	0.0413489292	-0.0189555656	0.0728951407	0.0300713978	-0.1274501667	-0.0242497454	0.1383230226	0.03563632	0.0046215084	-0.051002643	0.0486507201	0.0105078155	-0.0224148919	-0.0313967941	-0.0625677732	-0.0063408825	0.0902392139	0.0264505632	-0.056749805	0.0254777139	0.0250656059	0.0169427283	0.0644660796	0.0620633135	-0.0486030991	-0.0090790109	0.0688855868	-0.0060569163	-0.0953054653	0.0654090009	-0.0646986837	0.075850068	-0.0481983096	-0.0831550786	0.0665976359	-0.0364535184	0.0387588915	0.0850538093	0.0422525532	-0.0236382045	0.0866136266	0.0388393349	0.048557378	0.1058768428	0.1499011131	-0.0572322639	0.0637161517	-0.0829780787	-0.0212584354	-0.0369167576	-0.0378507377	-0.1556489456	0.0158297909	-0.0930501286	0.0527954539	0.0261733297	0.0285738623	0.0195416635	0.0930253543	-0.1218136384	0.0974332532	0.0377359052	0.1127108457	0.1180148253	-0.0542511417	0.0211831312	-0.010200271	-0.0825410016	-0.0677706925	-0.0513399216	-0.0358429207	-0.0015339624	0.0028738517	-0.0680139504	-0.0037979512	0.0371828933	0.0694981082	0.0702728095	-0.0498276085	0.0250579283	-0.0156610781	0.0186140196	-0.0391534135	-0.0350090997	0.0628692988	-0.0880925853	0.0121599429	0.0051932044	-0.1035071442	0.0186807358	0.044934968	0.1299764338	0.0333042275	0.0386575177	0.0317098968	0.0418727021	0.0400527345	-0.0351801702	0.0784806063	0.0079767698	-0.0830034397	-0.0578433976	-0.0103138549	-0.022586267	-0.0420798937	-0.0203690656	-0.0659505677	-0.0284484632	0.062479196	-0.0107774601	0.0485466513	0.1050445868	0.0880206487	-0.0045464972	0.0879560885	-0.0074241226	0.0348020709	0.0799358863	-0.0702189816	0.025649314	0.0270612845	0.0811417268	0.045774418	-0.011372174	-0.0164771007	-0.0738631264	-0.0341384655	-0.0855304785	-0.1008168703	-0.0719280373	-0.075351996	0.0321353508	0.0322945081	-0.1095292752	0.0547791735	0.065260871	-0.0326796838	-0.2090401788	-0.019341284	0.0705689689	0.0270690425	-0.0122705887	0.128933451	-0.1045362341	0.0548840885	0.0018237206	0.0701104886	-0.1156325969	-0.0610069551	-0.0251182043	-0.0554635892	0.0658409327	0.085240304	0.0080172514	0.0181168007	-0.0196147584	0.0065990354	0.0792965652	-0.0329388265	0.0159696486	-0.0648171964	-0.0141385394	-0.0807562666	0.0408668224	0.0672303814	-0.0631183792	0.0718305	-0.0036891	1.3609458810000004e-05	0.00515962073025	-0.0774436	-0.0574819	0.00330416882761	0.00599751118096	0.605677	-0.00712	5.069440000000022e-05	0.366844628329	-0.0007473039999999	0.000269286	7.251494979605383e-08	5.584632684158505e-07	-0.00154312	0.0003615899999999	2.3812193344e-06	1.3074732809999997e-07	0.0020986	-3.289999999999977e-06	1.082409999999985e-11	4.40412196e-06	0.0	0.0
5106.7468501359535	4.864280460514237	26078863.39137348	23.6612243985406	10361.025404565407	11.119786092616778	107350847.43404976	123.6496427455535	4820.015122330234	12.363415542814437	23232545.779492136	152.85404388430558	4860.900511776339	8968.42336036592	1.007066	28.451359	0.1220448	0.0617026	0.0934031128	-0.0250930714	-0.0417313768	-0.0109608526	0.0722221092	0.0606174343	-0.0323947398	-0.017424311	0.0617873079	0.0008284096	-0.0002002609	-0.017509888	-0.0453937988	0.1059250418	0.004715389	-0.0409440081	-0.0533326591	0.0055834943	0.0866740546	-0.0018649228	-0.0285322588	-0.0811040606	0.0400408616	0.0607578552	-0.0433485632	0.0388511565	0.0045075092	-0.0143647069	0.0848538573	0.0735344964	-0.0096054607	0.0357110064	-0.0009233422	-0.0851326261	-0.0106552315	-0.0659285216	0.0839313952	0.0434035852	-0.0991370078	-0.0372844605	0.0634597902	0.01963904	0.0487458989	-0.0286755187	0.1021501237	-0.0097024647	-0.0471772977	-0.098487167	0.0283715891	0.039762676	0.1057296661	0.0059134716	0.0570817004	-0.0007225737	0.0188095566	0.1342762061	0.0112789061	0.1118652116	0.0016756834	8.33282e-05	-0.0079200263	0.0474057418	0.0872284516	-0.0296295411	0.0164424875	0.0603539975	-0.0623704297	0.0109713146	-0.0773906329	0.0384276654	-0.026427528	0.0955314297	0.129047894	-0.0546241462	0.0346466021	-0.0383907152	-0.0009055014	-0.0083082083	0.0286031183	-0.0261331181	0.0095527675	0.0384177392	0.0361017865	-0.0619686748	-0.0671135773	0.0197898593	-0.1200691448	-0.0496219649	-0.0138222561	-0.071266369	-0.0183560454	0.1173447307	0.0527491478	0.0544952613	0.0359881763	0.0135289148	0.0539500939	-0.1002970855	0.0080692998	-0.0647858423	0.0009760114	-0.0089087581	0.093716204	0.0037823632	0.0209966082	0.0778330736	0.0264973529	0.0429932564	-0.0605615525	0.0005965207	0.0188134408	0.0066294365	-0.0820511761	0.0675437386	0.047165137	0.0208778374	0.0328078155	0.047378862	-0.0186049203	0.1085758024	-0.0445221092	-0.0519092796	0.1057744251	0.0399282932	-0.0776192481	0.0057499779	-0.0288852412	0.0423438269	-0.1066538814	0.0046407134	0.0058156231	0.1114399022	0.0342228678	-0.0239751692	-0.0924126206	-0.0321231347	-0.0061284454	0.0011471954	-0.0662691046	0.0667015062	0.08452152	0.0870329323	0.0610255976	0.0022639852	-0.005202532	-0.0124253784	-0.080687446	0.0990985832	-0.0240387112	-0.0914910057	0.0377282281	0.0190581922	-0.1059050744	-0.0410348416	0.0865873581	-0.0233238928	0.056802362	0.0950857507	0.0244820231	0.0163010265	0.032690684	-0.0070369354	-0.0016490202	-0.0234191477	0.047557492	0.0015482477	-0.0660605897	-0.1061673291	0.065791306	0.0540545524	0.0981816616	0.0641473718	0.0080501057	0.0298363974	0.0346272046	0.0946553956	-0.0363871544	-0.0727269192	-0.0509603649	0.065807512	-0.0151036605	-0.0800956004	0.0434228718	0.0647426787	-0.066313787	0.0751837	0.0033532	1.1243950240000004e-05	0.00565258874569	-0.0231178	0.0543258	0.00295129254564	0.00053443267684	0.574754	-0.030923	0.000956231929	0.3303421605159999	-0.00118898	-0.0004416760000001	1.950776889760884e-07	1.4136734404000002e-06	-0.00172468	-0.0001815599999999	2.9745211024e-06	3.2964033599999954e-08	0.00205298	-4.562000000000012e-05	2.081184400000011e-09	4.214726880399999e-06	0.0	0.0
5100.989165817675	-5.757684318278734	26020090.469789296	33.150928708952854	10346.146782369908	-14.878622195499702	107042753.2423432	221.37339843641635	4818.072279704085	-1.9428426261483764	23213820.492452923	3.77463746997912	4859.508313493717	8967.601819393043	0.986219	27.862419	0.0520350999999999	0.030525	0.083673962	-0.031364308	-0.0531396229	0.0088649398	0.0661483989	0.0363476218	-0.032115401	0.0452594808	-0.0042868091	0.0526895156	-0.0275706024	0.0524110238	-0.00773688	0.1085599552	0.0084481733	-0.0972776262	-0.0027114954	0.0255484188	-0.0422305549	0.0072214712	-0.0218519615	0.0532072428	-0.0169081465	-0.1166229428	-0.0891045362	-0.0730635395	-0.0603194766	0.0932646184	-0.0788069145	-0.0285141915	-0.0117955444	-0.0676110375	0.0492776791	0.0252792938	0.0907500742	0.0018798986	0.0343076891	-0.0459753296	-0.0276953982	-0.0254398525	-0.1067253982	-0.0263674112	0.175815285	-0.0121764291	-0.0186926934	0.0196881611	-0.0836703076	0.0671438152	0.004743604	0.0412671159	-0.1344562122	-0.0553498883	-0.0082124122	-0.0430279305	0.0466140869	-0.0765890884	0.1496439526	-0.0490006287	-0.0103971813	0.0107493289	-0.140885598	0.0029498546	0.0105081229	0.0299679401	-0.071240304	0.0321008701	0.0247126321	0.0136845104	0.0084752702	0.0049289533	0.1243520625	-0.1687705413	0.0410999302	0.0347316187	-0.0400702414	0.0436666322	0.0200883672	-0.0061671565	0.0185894005	0.0254069472	0.0409022692	0.0365537932	0.0091464	-0.0670025129	-0.1372533349	-0.0478300222	0.1388004834	-0.0523487289	0.1155822537	0.1514047627	-0.0344605921	-0.0397547199	-0.0720345965	-0.0050724344	0.0498377617	0.0581633157	0.0197336535	-0.1096864843	0.0255435568	-0.0746621138	-0.0573028501	0.0382022686	-0.0509563392	0.0186152244	-0.054461412	0.0052072379	-0.018729633	-0.1107522445	0.0068402901	-0.054855051	-0.0671126982	-0.0443431147	0.0990835325	-0.1101666512	-0.0214052691	0.0740252853	-0.019684265	-0.0077785679	-0.101403312	-0.0251103625	-0.0247841087	0.0143834023	0.0107050188	-0.0072997009	0.0755710261	0.0137153779	-0.1944476891	0.0716336443	0.041390849	-0.0674407925	-0.0198693648	0.0004974793	-0.0152350464	-0.0141532632	0.0963994448	0.0686678053	-0.080057705	0.0196105061	0.1465992443	0.0972148338	-0.0263677456	-0.0509585161	0.0136577048	-0.0065231571	0.1181629655	-0.0048962636	-0.0278099716	-0.1054335034	0.0107065399	-0.0250647887	-0.0094606096	-0.055063803	0.0449778386	-0.0264062982	-0.1796079728	0.0476766236	0.0359449774	0.030964885	-0.0024507605	0.0150728757	-0.0262911007	0.066727031	-0.030669019	0.00456688	0.1033341234	-0.0357901412	-0.0240514256	-0.0431679858	0.1038113397	-0.022673237	-0.1420660884	-0.1178193959	0.1448463892	-0.0833206628	-0.0816355547	-0.0104271286	0.0856921467	-0.0075316077	0.0092046995	-0.0350795069	-0.0160667959	-0.0793928181	0.0459275503	0.0621188212	-0.0692913117	0.0718193	-0.0033644	1.1319187360000024e-05	0.00515801185249	-0.0529538	-0.029836	0.000890186896	0.00280410493444	0.572393	-0.0023609999999999	5.574320999999748e-06	0.327633746449	-0.000967606	0.000221374	4.900644787600005e-08	9.36261371236e-07	-0.00178617	-6.148999999999998e-05	3.1904032689e-06	3.781020099999998e-09	0.00200637	-4.660999999999988e-05	2.172492099999989e-09	4.0255205769e-06	0.0	0.0
5098.959269566433	-2.029896251241553	25999385.632697456	4.120478790804509	10339.15925366182	-6.987528708088576	106898214.07258084	48.825557446362	4819.944398442451	1.872118738365316	23231864.00407676	3.5048285705385425	4861.117984556344	8963.676425678188	0.977609	27.619156	0.09980584	0.0616592	0.0839743217	-0.0320378055	-0.0450041594	0.0131505851	0.0669421795	0.0444843771	-0.0211543817	-0.0329760885	0.0934780471	0.0289132993	0.028248965	0.000907528	-0.002052338	0.0944183586	-0.0198833346	0.0557959358	-0.0118101067	0.0033316031	0.0734539544	-0.0243125572	-0.0086696956	-0.050480538	-0.0588342394	-0.1170428656	0.0602101455	0.0576377587	0.0463487881	0.0125474331	-0.1207025367	0.0432082505	-0.0632605832	0.1043662081	0.0366694074	-0.0267922456	0.0638332022	0.0327310669	-0.0313345582	0.0722781133	0.1057405963	-0.0415948665	-0.0969136635	0.0644478282	0.0352356399	-0.086136264	-0.0179593227	0.0661744746	-0.0804725073	0.0119655833	-0.0211515487	-0.0577976264	0.004009071	0.017468037	-0.0501123815	-0.0461589464	-0.015185081	0.0111614629	-0.0111487398	0.0130521164	-0.0747629216	0.0128374568	0.0434442005	-0.009142728	0.0074127396	0.0028094545	0.0246924676	-0.0022596197	0.1393551306	0.0341293895	-0.0071818938	-0.1220701542	0.0461560843	-0.0593911636	0.0364979776	0.107851794	0.003436412	0.010348232	-0.089702532	-0.0546274427	0.0761575244	-0.0291892829	0.0396660055	-0.0095507709	0.0243509323	-0.0851965988	0.0494803005	-0.0198984837	-0.0159333788	0.0072270446	0.025364779	-0.0175171267	-0.0404095668	0.0452939777	0.1864484948	-0.0347732838	-0.0467721304	-0.0383229392	0.0088635741	-0.0956994371	-0.0085911556	0.0347098553	0.0370839213	-0.016437984	0.0853729027	-0.0166480589	0.0244977477	0.0240154828	-0.0091495279	-0.1322167108	0.0500888547	0.055593909	0.0635584841	-0.0014263258	0.1141830131	0.0161226866	0.075703964	-0.0375179251	0.1035326419	0.0613781096	-0.0433231	-0.0424049887	0.0852114902	-0.0307938103	-0.0599869219	0.057694157	0.1029000709	-0.080280441	-0.0206553178	0.0598849104	0.0496767019	-0.0554208515	0.0629441764	0.071666346	-0.064797261	0.029481013	0.009452794	0.0048622127	0.0318452813	0.0462589636	-0.0352180557	0.0010949033	0.0240040857	0.0103326697	-0.0793006316	0.0596866183	-0.0303301533	0.0090794949	0.0160966044	0.0061434871	-0.0355227726	0.0015805351	-0.1273479272	-0.0698436104	0.0113010995	0.112285954	-0.0647944877	0.0784300919	0.0945980318	-0.0624341566	0.0687571842	-0.0053228597	0.0403976004	-0.0419974948	0.0158369685	0.0201952546	0.0794816588	-0.023335742	-0.0137556936	-0.0734605768	-0.0519540366	0.011978172	-0.0010493503	-0.0262706973	-0.002908696	0.0400082626	-0.0061243547	0.0232537957	-0.1753781213	0.0913357458	-0.0394981706	0.0313010858	-0.0170278193	-0.0786482892	0.0483778948	0.0593643268	-0.0720411702	0.0754987	0.0036793999999999	1.3537984359999996e-05	0.00570005370169	0.0075289399999999	0.0604827399999999	0.0036581618379075	5.668493752359849e-05	0.58186	0.009467	8.962408900000006e-05	0.3385610596	-0.00139537	-0.0004277639999999	1.82982039696e-07	1.9470574369e-06	-0.0018504	-6.423000000000019e-05	3.42398016e-06	4.1254929000000245e-09	0.00197483	-3.154000000000004e-05	9.947716000000022e-10	3.8999535289e-06	0.0	0.0
5096.888666457646	-2.070603108787509	25978274.0782644	4.287397234120497	10340.412829945037	1.253576283217626	106924137.49369192	1.5714534978457178	4816.229496828957	-3.7149016134935664	23196066.566125307	13.800493997937105	4856.567603059814	8961.19990965634	1.003799	28.359076	0.07311294	0.0487654	0.0792241585	-0.0496765611	-0.0238778969	0.0057840383	0.0689297994	0.0240585772	-0.0502342672	0.0160424363	-0.0034279228	0.0669866125	-0.0495868467	0.048441762	0.0331270584	0.0798562697	0.0830915035	0.0779975003	0.0623582177	-0.0080115083	0.0609588422	0.0793187328	-0.0770756713	-0.0697714602	-0.0202557899	0.0333493618	-0.0109597446	0.1357428127	-0.0824591916	0.0166929191	0.0250853593	-0.0858975909	-0.0575267354	-0.0181401009	0.0267691134	0.0179089627	-0.0175832956	0.1033693048	-0.0682704601	-0.0417845385	0.0123966276	-0.0168256583	0.0266761153	0.0161181866	-0.1076096882	-0.0194942281	-0.0795881234	0.0108949295	0.0527759539	-0.0283641519	-0.0548721655	-0.0009262842	-0.0954639076	-0.060038207	0.0309886317	0.0590670657	0.1058715558	0.020546141	0.0101644155	-0.0097200099	0.0288728443	0.1455312431	-0.0295706053	-0.0740434366	-0.0394792259	-0.0441639566	0.065244274	-0.0173060768	0.0090217746	0.0164399184	-0.0795448333	0.0316292276	0.0461517761	0.0240045469	0.027456906	-0.0236107651	0.0831552392	0.0013143493	-0.0755695324	-0.0130068685	-0.0594787377	0.0216964126	0.0092700571	0.1068799344	0.040661108	0.0124299297	0.1051782457	-0.0385579167	0.0559584167	-0.1286648679	0.0060414697	-0.1191262794	0.1212483377	-0.0750952149	0.0031802148	-0.0996663423	-0.0619037378	-0.0343634797	-0.0250437128	-0.0791061177	0.0627584766	0.0703140684	0.0096563653	-0.1084431241	0.02678061	0.0743814106	0.0305409253	0.107063542	-0.0404475663	0.0133529061	-0.0827017324	0.1067963223	0.0479302384	0.0036483987	-0.0488408092	-0.0962414765	-0.0061555413	-0.0353986459	0.0005074832	0.0185401887	0.0224702364	-0.1102510232	-0.0206437087	0.0508054045	-0.0466157169	0.0335729044	-0.0256453684	0.0082450624	0.1133412934	-0.0003804216	0.0730015856	0.0619311421	0.0312251353	-0.0425308323	-0.0075900811	-0.0424089237	0.0825626019	0.0318278974	-0.0884753159	-0.0619227702	0.0185943383	0.0747444707	-0.0525384692	-0.0091069076	-0.0167528562	-0.1350081944	-0.0169468851	0.0788284495	0.062598397	0.0914306459	-0.0559983325	0.0184138783	-0.0190715427	-0.005160959	-0.051418443	-0.0404988768	-0.0239600097	-0.0229668585	0.0354550463	0.0285907994	0.0326193425	0.0533874577	0.0582016244	-0.0564710553	-0.0590954854	0.0254163235	-0.022664468	0.052509685	-0.1171774369	0.0346426048	-0.1097887631	-0.053998194	0.0210563532	0.0671008251	0.0959881225	0.0126367504	0.1466454368	-0.0734986495	0.0201915439	0.1126175654	0.0385618407	-0.1196118098	-0.0179866041	-0.0778624053	0.0507710064	0.0564849883	-0.0745543275	0.0752199	-0.0002787999999999	7.77294399999976e-08	0.00565803335601	-0.0412802	-0.0488091399999999	0.0023823321475395	0.00170405491204	0.576092	-0.0057679999999999	3.326982399999995e-05	0.3318819924640001	-0.001246	0.00014937	2.2311396900000003e-08	1.5525159999999998e-06	-0.0017381	0.0001123	3.02099161e-06	1.2611290000000016e-08	0.0020783	0.00010347	1.0706040900000008e-08	4.31933089e-06	0.0	0.0
5088.98817339462	-7.900493063025351	25897800.62895032	62.4177906389117	10327.1991064792	-13.213723465836663	106651041.3848648	174.60248783160253	4817.65625293959	1.4267561106325957	23209811.77148793	2.035632999227452	4858.118476972975	8946.137840111842	1.031445	29.140125	0.0342967	0.0180784	0.0783962128	-0.0609095273	0.0398920258	-0.031769144	0.0598543006	0.0065451781	-0.0335820593	-0.0503641424	0.057730312	-0.008494627	0.014241301	-0.0037086004	-0.0258361786	0.1013717304	0.0603296064	-0.0120377549	0.0236374142	0.007540089	0.0818321723	-0.0023234393	-0.0286047801	0.0785029276	-0.0027744825	0.058921691	-0.0495758786	-0.0324647105	0.0339605378	-0.0300597601	-0.0664797468	-0.0757663087	0.0013517852	0.052071483	0.0153135487	-0.0170987349	0.0266787912	-0.0145983929	-0.0073909946	-0.0025022738	-0.0644206009	-0.1210522996	0.0314323177	0.0190300155	0.0558891221	-0.0348688357	0.1005372375	-0.1168069123	-0.0110685208	-0.0616647288	-0.1675962259	0.117563081	-0.0471645456	-0.0541672353	0.0047040917	-0.0423623287	-0.078225334	0.0623671697	-0.0609117401	-0.0487753238	-0.0322910484	-0.0685593846	0.1232979888	-0.136040368	0.0088733303	-0.0718310423	-0.0287863868	0.0414706931	-0.0045260776	0.056084999	0.0711758668	0.0945636951	-0.0442165738	-0.0382035257	0.009294508	-0.0393755099	-0.0245750255	0.011483381	-0.0002139683	0.1218941185	-0.0091237788	-0.0135942062	-0.0620395927	0.06845553	-0.0668625828	-0.0442531283	0.0578407343	0.0470563255	0.0037949471	-0.1113277155	0.0818234428	-0.0703880877	0.0004914924	-0.0128895582	0.0511893903	0.0220902196	-0.0113466776	-0.0085705028	0.0379788547	-0.0978039224	0.0707109348	-0.0008441406	-0.0197461794	-0.0210429343	0.0555264718	0.0448776813	-0.0517629572	-0.0379168659	-0.058017455	0.0537992132	-0.0167546223	-0.0832081968	0.0184918483	0.0212413776	0.051577959	-0.0090658753	-0.053511226	-0.0670889816	0.0402827496	0.0347918713	-0.0358252009	-0.00265835	-0.0154240898	0.0312885374	0.0383056808	0.1136161817	-0.0527700715	0.0072513139	-0.0437985156	0.0659582668	-0.0999951219	0.0110923562	-0.1063111305	0.0170386613	-0.0211798084	-0.1885144852	0.0121785189	0.0905857921	-0.0410144197	0.0177842286	-0.0885209834	-0.0866757398	0.0762328804	-0.0548531151	-0.0372079294	0.0774583663	-0.0794457319	0.1384881401	0.0267522913	0.0128830667	0.0625677171	-0.0574961565	0.0427638713	-0.0613075278	0.0906746603	-0.0878265626	0.0407548545	0.040808835	-0.0295170343	0.0024115395	-0.0509725871	0.0314437401	0.0240779675	0.0786004849	0.0282108804	-0.0053748793	-0.093253436	-0.0354717028	-0.0889403903	-0.0228180569	-0.0524216161	0.0700893958	0.010499627	0.00155772	0.1159703088	0.0698021453	0.0711055142	-0.0148435405	-0.0129675606	0.0124629301	-0.0129692864	0.0383510064	-0.0189430245	-0.0770355794	0.0531040541	0.053486861	-0.0768225263	0.0753376	0.0001176999999999	1.3853289999999614e-08	0.00567575397376	-0.0257262	0.015554	0.000241926916	0.00066183736644	0.58325	0.0071579999999999	5.1236963999999965e-05	0.3401805625	-0.00137981	-0.00013381	1.7905116100000013e-08	1.9038756361e-06	-0.00179838	-6.028000000000001e-05	3.2341706244e-06	3.6336784000000014e-09	0.00204305	-3.5250000000000125e-05	1.2425625000000088e-09	4.174053302499999e-06	0.0	0.0
5079.964994584472	-9.023178810148238	25806044.346203618	81.41775583990817	10346.455250746849	19.25614426764878	107049136.25570704	370.7990920565029	4805.7144305056345	-11.941822433955169	23094891.18757009	142.6071230441149	4846.061965310589	8963.507782614028	1.056349	29.843695	0.0335432	0.0158732	0.0699746779	-0.0133436318	0.0976803873	-0.0366940042	0.0821918392	-0.0354036925	-0.0276186758	-0.0344720667	-0.0276213822	-0.04308396	-0.0228546007	0.0664827613	-0.0781545422	0.0643469734	0.1021831632	0.0320027015	0.0370970858	0.0473350834	0.0426740321	-0.1153805159	0.0537740804	-0.0609087929	0.0253092516	0.07783032	-0.0179049525	-0.0053460648	0.0034159861	-0.0806783765	-0.0867943313	-0.0073348335	0.0258639049	-0.0561260517	0.0548038541	0.0601903933	0.1205789719	0.1066280355	0.0809114716	0.0503829541	0.0513528286	-0.0216013224	-0.1394527845	-0.0338125892	-0.0419100112	0.0228008827	-0.0436139018	0.0064341183	0.1050385296	-0.0209809327	0.0331383171	0.1267734931	0.0406549182	0.1189406417	0.0265919637	0.0667810777	0.0736627579	0.0303292707	-0.0301322406	0.0716681357	0.0567229215	0.0342964682	0.1046273164	0.07114285	-0.0241508242	-0.0764377431	0.0233043336	0.0531674532	0.0265722612	0.0266069204	0.0924285944	0.0223234351	-0.0574807412	-0.0230983557	-0.1061074554	-0.0624296565	-0.052690771	0.0576089944	0.004568248	-0.0343405623	-0.0191106604	-0.0047558741	-0.012163039	0.0117123854	0.0189286941	0.0052556741	-0.0641805223	-0.0574222794	-0.0249210121	-0.0383648311	0.0626677217	0.1142504242	-0.0362263955	-0.0168011027	0.0754753288	-0.0108335539	0.0985825618	-0.0733813236	0.0870322897	-0.0507632167	0.1038642915	0.1037450213	-0.0272628751	0.0661537137	0.0906355955	-0.0327757015	0.0020726773	-0.0204364192	0.0585293849	0.0565751661	-0.0401922711	-0.0426715942	-0.0001425931	0.0842151265	0.0334717207	-0.0441597514	-0.0128224016	0.0271991948	-0.0056703927	0.0244626431	-0.1098744114	-0.1166160252	0.0212482321	-0.125881308	-0.0156869716	0.0168103923	0.1484887765	0.0427473988	0.025200663	-0.0306002394	0.0224478705	0.0800139779	0.013812734	-0.0768940841	0.1370533176	-0.0779551564	-0.0546916774	-0.0818802918	0.046886504	-0.0545664046	-0.0352009914	0.0745422594	-0.0302197037	0.0450295466	0.0338192488	-0.0184657752	-0.1063555899	-0.0654803429	0.025758788	0.0803142488	0.0181003711	-0.0550348266	-0.0021669022	-0.0345009024	0.1003267411	-0.0001797727	0.027967779	0.0086783434	-0.088300816	-0.0757716481	-0.0983785736	0.0130482654	-0.0577717381	-0.0379512185	-0.0340190037	-0.0217404695	0.0049736781	0.0051732628	-0.0018849812	-0.0200496093	0.0603652881	-0.0215125889	0.0281014941	-0.0662690021	0.0863125323	-0.0485308841	-0.0814454392	-0.0246337894	-0.0345328686	0.0096672675	-0.1220926563	0.0428683923	-0.0198969545	-0.0761682466	0.0553742778	0.05037625	-0.0788383141	0.0747841999999999	-0.0005534000000001	3.06251560000118e-07	0.0055926765696399	-0.0322195	-0.0064932999999999	4.216294488999997e-05	0.00103809618025	0.592493	0.009243	8.543304900000003e-05	0.351047955049	-0.0013206	5.921000000000008e-05	3.505824100000009e-09	1.7439843599999998e-06	-0.00157509	0.00022329	2.4809085081e-06	4.985842410000005e-08	0.00210562	6.257000000000007e-05	3.915004900000009e-09	4.433635584399999e-06	0.0	0.0
5080.499877539412	0.5348829549402581	25811479.005677983	0.2860997754856221	10322.743230348528	-23.71202039832133	106559027.79970635	562.2599113704068	4803.475568918825	-2.238861586809435	23073377.54120003	5.01250120489086	4844.173120515409	8946.79059379956	1.020875	28.841503	0.07362657	0.0351986	0.0513919191	0.0234325357	0.1141310526	-0.0103320058	0.0472429459	-0.0385407467	0.0002423149	-0.0932910552	0.0793225071	-0.0867257912	0.0289355849	-0.0018106778	-0.0371510255	0.0099633558	0.0958347512	0.0891767072	0.0491619175	0.0593076357	0.0470650844	-0.0721532665	0.077052361	0.0650356404	-0.0044908876	-0.0371231995	0.0363334174	-0.05959234	0.0403514939	-0.0708404067	0.0587073357	-0.0023384538	-0.0170413783	0.0573854814	0.0202716284	0.0145777024	-0.0308509561	-0.0427225904	0.043871142	-0.0644451844	0.0258137454	0.0190266185	-0.0396414164	0.0031798444	0.0922158407	-0.0240984898	-0.0797541834	0.0131885362	0.0225261266	0.0994299648	-0.0881521969	0.0377778026	-0.0054878188	0.0248853615	-0.1181957242	-0.1069582967	0.1205473431	-0.0241432144	0.0618966554	-0.0031949461	-0.0132792648	-0.0084499755	-0.0219129405	-0.0111368827	-0.0941083092	-0.0392932824	0.0646700102	0.0471936582	-0.0800320715	-0.0144192837	0.0041170666	0.0179716665	-0.0300912	0.1401214416	-0.0499431476	0.0622041303	0.0270053403	-0.0515819714	-0.0810206127	-0.0496090339	-0.0175737175	0.0796945559	0.0754150803	-0.0463390451	0.1085788112	-0.058815966	-0.0517343443	-0.0241230642	0.0145251323	-0.0091701836	-0.0933037767	0.0236340752	-0.0357304545	-0.0272037082	-0.0474944441	0.0572875477	0.0388659396	-0.0291044269	0.0376768672	0.0022716079	0.0917063099	0.1253966639	0.022670228	0.028799036	0.051655772	0.034688183	-0.0469124331	-0.1068241693	0.0262019863	-0.031756674	0.0653127584	-0.0340624861	-0.0298367368	0.0232878705	-0.0559410207	0.0437327702	0.0231326771	-0.0456520249	0.0597352054	-0.0326095798	0.0082844756	0.0430098783	-0.0598318456	0.0156043463	-0.0441063956	-0.0462465662	0.019556022	-0.0145158532	-0.1003326983	0.0428936706	0.0798536276	-0.0137897867	0.0010949247	-0.093706121	-0.051814833	-0.0414892586	0.0165259209	0.0879245387	0.0692844366	0.1004044273	0.0021015565	0.14575801	-0.0564481239	-0.0307843325	-0.0026142724	0.0306693733	0.0061713772	-0.0049107587	0.0899612212	0.056996566	-0.044978465	-0.0191310096	0.0767655038	0.0399199763	-0.0278430994	0.0006083579	0.0781355744	-0.0789194987	0.016617817	-0.0961076445	0.0420864258	-0.0167433323	0.0661276749	-0.0332201985	-0.0463822655	0.0563497738	0.08132593	0.0529271068	0.0583134188	-0.0384357634	0.0030329128	-0.0925366346	-0.0683978956	0.0824966877	-0.0189029711	-0.0303662127	-0.0742967013	-0.0296849759	0.074592838	-0.0628784698	-0.0371718538	0.121706309	-0.020848269	-0.0752608627	0.0575789916	0.047159697	-0.0805950678	0.0757969	0.0010127000000001	1.0255612900002077e-06	0.00574517004961	-0.00915963	0.0230598699999999	0.0005317576044168	8.38988217369e-05	0.585117	-0.007376	5.4405376000000725e-05	0.342361903689	-0.00171304	-0.00039244	1.5400915360000014e-07	2.9345060416000003e-06	-0.00198677	-0.00041168	3.9472550329e-06	1.6948042240000017e-07	0.00214506	3.943999999999996e-05	1.555513599999997e-09	4.601282403599999e-06	0.0	0.0
5084.748563604548	4.248686065135189	25854667.95507851	18.051333280073937	10334.72414224901	11.98091190048217	106806523.09638453	143.54224996711528	4803.227556390605	-0.2480125282199878	23070994.95847006	0.0615102141540702	4842.653803998883	8920.282013510905	1.023099	28.904325	0.0680586699999999	0.0337913	0.0790714546	0.048853897	0.1152347941	-0.0383581898	0.0939052833	-0.0490012638	-0.0126279144	-0.0430194328	-0.0223381429	-0.0975547942	-0.0177236861	0.0909963285	-0.1045641868	-0.0134370762	-0.0193279749	-0.0328283424	0.095126842	0.0750234633	0.0337344934	-0.0651299314	-0.0477486431	-0.032200008	-0.0518679714	0.0261664966	-0.0281959458	0.0470046346	-0.0148724863	0.0216500404	0.0076072762	0.0490905939	-0.0744452952	-0.040148274	0.0753264515	-0.0062788125	-0.1265353417	-0.0323327036	-0.0274316317	-0.0725171536	-0.0456118519	0.0216395192	-0.0585460688	-0.0515075444	-0.1309496085	0.0500784476	0.0587527318	0.0119094827	-0.0365186153	0.0177397374	0.0480926131	0.0168719214	0.0364770005	0.0646758045	-0.0398140923	0.0249426427	0.0309083534	-0.0710709767	0.03440883	0.0096538078	-0.011104532	-0.0285587287	0.0337353475	0.0141492635	0.1102659287	0.0747354557	0.0129588851	-0.0128154174	0.0869950654	-0.0018522638	0.0266346766	0.0249806895	0.0779355923	-0.1173433955	-0.0557244736	0.0730804659	0.1281121628	-0.06447485	-0.0029141518	0.0593838446	-0.0347270816	0.0374050837	0.1560386694	0.0296280626	-0.0796740671	0.086699382	9.07438e-05	0.0613042255	-0.0985470877	-0.0512647657	-0.0519112345	0.0694435066	-0.0526445656	0.0839142975	-0.0542646683	-0.0026845271	0.0305954858	-0.0349281141	0.1047300388	0.0266374175	-0.0080890436	0.0592105159	-0.0890771354	0.0590567044	0.0674076601	0.0299828468	-0.0067435677	0.0271954685	-0.0440972426	-0.0045251671	-0.0408801406	0.0072450965	0.0088220153	-0.0269932115	-0.0186562698	-0.0902965123	0.0851779344	0.0585808752	0.0347799858	-0.0184856012	0.1126300587	0.0297468969	-0.0867909486	0.0522697406	0.0359447041	-0.0136880345	0.0923279731	0.0340445255	0.1105918123	-0.0663401391	-0.0383451148	-0.0826249668	-0.0293800345	0.0156311895	0.045932698	0.0068096335	-0.0039087792	-0.0439515938	0.0858095294	-0.0291074773	0.0496255798	0.0195574155	-0.0533329882	-0.0035984498	0.0007114246	0.0468621402	-0.0425638175	0.0127491185	-0.112327289	-0.0684226035	-0.0504763599	0.0321186085	-0.0788580131	-0.0364752386	0.0664262198	-0.0350564243	-0.1180014681	-0.0335269173	-0.075641366	0.0225132768	0.1229319798	-0.0086667307	0.1043804018	0.0758372406	-0.0457723011	-0.003442002	0.0799041991	-0.0791905229	-0.0255263703	0.1273464338	-0.0023985297	0.0425568399	0.0908010762	0.0634781932	-0.0094658865	-0.0193860251	-0.0796884777	0.1011642893	0.034306174	-0.0456249675	-0.0087077941	-0.0605852342	-0.0217968427	-0.0743139049	0.0597155874	0.0438439664	-0.0820870153	0.0747111	-0.0010857999999999	1.1789616399999954e-06	0.00558174846321	-0.014009	-0.00484937	2.3516389396900005e-05	0.000196252081	0.60722	0.0221029999999999	0.0004885426089999	0.3687161283999999	-0.00138355	0.00032949	1.085636601e-07	1.9142106025e-06	-0.0015508	0.00043597	2.40498064e-06	1.900698409000001e-07	0.00211011	-3.494999999999974e-05	1.2215024999999815e-09	4.4525642121e-06	0.0	0.0
5103.426323493172	18.67775988862468	26044960.23932304	348.85871445711695	10383.313436186512	48.58929393750259	107813197.91409136	2360.919485345026	4812.399816940946	9.17226055034098	23159191.99809325	84.13036360334141	4852.160011971161	8953.776555556975	0.992043	28.026957	0.0589194999999999	0.0259425	0.0594320415	0.0504457522	0.1133806289	-0.0362155055	0.0560477768	0.0374917551	-0.0242971034	-0.0803456792	0.050006014	-0.1486354769	-0.0189207288	0.017127316	-0.0865370031	-0.0054501684	-0.0457766071	0.0491528486	0.0819245256	-0.0744452376	0.021198604	-0.0456304918	-0.072084809	0.0547675418	-0.0279517815	0.0409399672	0.0901687217	0.0811375335	0.116857273	0.017093185	-0.0579341848	0.0106619467	-0.0396427834	0.022589138	0.0226243172	0.0209652775	0.1091836925	0.0086210064	0.0085628028	-0.0356649442	-0.0153813983	0.0385342563	0.052221382	0.0054442931	0.002896236	-0.0189882714	-0.0296662362	0.0764680858	-0.0520690026	0.0106621715	-0.0266221562	-0.0917226482	-0.040183289	0.0289393411	0.0210821511	-0.0760745033	0.0095930835	0.0275978565	0.069514595	-0.1153220859	0.0670554195	0.0669319417	0.0301833468	-0.0444346034	0.1254269054	0.0163777698	0.048854579	0.0288640992	-0.1382688179	-0.0352776874	-0.062467057	0.0131064471	0.030157681	0.020646465	-0.0128645113	0.016070429	0.0605830156	0.0641721461	-0.0261179462	-0.1292132821	-0.139117629	0.0126950512	-0.0478936823	0.0444201373	0.0950943176	0.0219026517	-0.0196218816	-0.0544954561	-0.0111999052	-0.0064690404	-0.0045617571	0.0022076157	0.0026635649	0.0867043626	-0.0655253384	0.1007979587	0.0267633518	-0.0852584622	0.0848524741	0.022946437	-0.0375881919	0.1024899981	-0.0211211731	-0.0468583111	0.0361902524	-0.0547977919	-0.0132535358	-0.0257988581	-0.0908338314	0.0680302785	0.0919913992	0.0102991591	0.1304637514	-0.0394253969	0.0499073922	-0.0094798893	0.0690716629	-0.0062254283	0.0326240464	0.010038056	-0.1027360924	-0.0385388123	0.0131108651	0.0310567762	0.0132905459	-0.0501958755	-0.0473969147	-0.0023632255	0.0102768833	0.0079766247	0.0337982638	-0.0322449267	0.0700215157	0.0247643688	-0.0727357404	0.0238087229	0.064690763	-0.0443309707	-0.0271587278	0.0741285517	0.0255803857	0.05220262	0.0564586305	-0.0963527547	-0.0186673657	-0.0906303516	-0.076042163	0.0615465564	-0.1134414422	-0.0353303547	-0.0500704062	-0.020768114	0.0990845491	0.0796616904	-0.0637516766	-0.0364079713	-0.0526887918	-0.0367124689	0.0094693597	-0.0290707493	0.0579947966	0.0470426119	-0.045331162	-0.1014166238	-0.1499546122	-0.003442508	-0.0339388218	0.1081924325	-0.0307468167	-0.0185904005	0.0431266368	-0.0748684837	0.0189866389	0.0037037259	0.0047231164	-0.0044844796	-0.0055047129	0.0719825653	0.0125594969	-0.1115084093	0.0231657345	0.0811361526	-0.022742551	-0.0733278711	0.0617815374	0.0404360313	-0.0833092546	0.0641503	-0.0105608	0.00011153049664	0.0041152609900899	-0.0161022	-0.0020932	4.38148624e-06	0.00025928084484	0.585562	-0.0216579999999999	0.0004690689639999	0.342882855844	-0.00155151	-0.0001679599999999	2.82105616e-08	2.4071832801e-06	-0.00171381	-0.00016301	2.9371447161e-06	2.657226010000004e-08	0.00227129	0.0001611799999999	2.597899239999997e-08	5.1587582641e-06	0.0	0.0
5107.867131569676	4.440808076503345	26090306.633769825	19.720776372337337	10417.98703926476	34.67360307824856	108534453.95028852	1202.258750427928	4816.328370997208	3.928554056262328	23197018.977272622	15.433536972975192	4857.518642296306	8987.119395086862	1.009655	28.524529	0.0945732	0.0489692	0.0354517251	0.0464386824	0.0919288114	-0.02027125	0.0336990719	0.054356856	-0.0279762245	0.0169972649	-0.0405554136	-0.1553285225	-0.0379327499	0.0561414281	-0.0716098386	0.0083713756	-0.0386175743	0.010440687	-0.0584635444	0.0246017362	-0.0925303169	0.0681777389	-0.0976572733	-0.0118539389	-0.0176613553	-0.0098918332	-0.0185356545	-0.0070532877	-0.0214381113	0.13122039	0.0424313338	-0.0070063833	0.0064778231	-0.0329143729	-0.0714274827	0.0059176714	-0.0834234931	-0.0157652765	-0.1017000201	0.0015097503	0.0474414992	-0.0521436404	0.1019736159	0.0740555961	-0.0196488342	-0.0412008971	-0.0173437662	0.0002866125	0.0039540212	0.0574883537	-0.0118387441	0.1337240357	-0.0796037924	0.0661096532	0.0227075363	0.0583939419	-0.0662408434	0.0005005551	0.0294994177	0.1252845575	-0.1289778352	-0.0015994636	-0.008378513	-0.0700887281	-0.0121084285	-0.0302167927	0.0061676634	0.0965390095	0.0441572445	-0.0293042558	0.067710666	-0.0482816948	0.057091616	0.098272962	-0.0182684167	-0.028784325	0.0662998837	-0.0053916266	0.0345293278	-0.0719738846	-0.0080732617	-0.0426405861	0.1188022208	0.0573905651	0.0063018945	-0.0611574197	0.0719917931	-0.0558179549	-0.0457060763	0.0951835342	0.0626123269	-0.0167183311	-0.0190965204	-0.0163139899	0.0846432641	-0.1035174536	0.0955704967	0.1681041332	0.0749467172	-7.74821e-05	-0.0380914961	-0.0273143109	0.0511808214	0.0299262813	-0.0879470015	0.0141665181	0.0215293092	0.1072679762	-0.0549455452	-0.001910848	-0.0132127236	0.0283460267	-0.0295337816	-0.1024655607	0.0083219494	0.0225042479	-0.0089567738	0.0171950043	-0.0828118078	-0.0436692593	0.0693723664	0.0142038478	0.0210848547	0.0738392675	-0.073882636	0.0676896452	-0.11573584	-0.0815032327	0.0098058678	0.0187083126	0.0686103367	-0.0794433146	-0.0294176266	-0.0424534664	0.1033793272	-0.0971635168	0.0411726656	-0.0158311007	-0.0098047026	-0.0708130848	0.0547893021	-0.0059428246	0.0592043944	0.1040024014	-0.0366192593	0.100176813	0.044888415	0.0757348472	0.051397584	0.0440768714	-0.0388179333	-0.1027218874	-0.058919875	0.0171702956	0.0481304718	0.0572220766	0.032154716	-0.1306170398	0.0211959061	0.0016878637	0.0297391153	0.0132296908	-0.0066332504	-0.0527826068	-0.032010693	-0.0885613721	0.1110293391	-0.0371064247	-0.0769718781	-0.0169912143	-0.0687920015	-0.0301466443	0.0383086637	-0.0902109529	-0.0680668776	0.0492925315	0.0022062698	-0.0073417219	-0.0358892653	0.0554099189	-0.1093376014	-0.0720365097	-0.0236852696	-0.0723032799	0.0637743975	0.0369430585	-0.0842577698	0.0596313	-0.0045189999999999	2.042136099999996e-05	0.0035558919396899	-0.0545844	-0.0384821999999999	0.0014808797168399	0.0029794567233599	0.561979	-0.023583	0.000556157889	0.315820396441	-0.0012591	0.00029241	8.550360810000006e-08	1.58533281e-06	-0.00172713	-1.3319999999999823e-05	2.9829780369e-06	1.774223999999953e-10	0.00201724	-0.00025405	6.454140250000001e-08	4.0692572176e-06	0.0	0.0
5105.66507435835	-2.202057211326064	26067815.85152265	4.849055961953122	10407.143474470126	-10.843564794635313	108308635.29820612	117.58289745545436	4818.9995869103495	2.671215913141168	23222757.01864212	7.135394454618605	4858.956658146762	8998.345423133238	1.018502	28.774471	0.0603729	0.0266841	0.0135387307	0.0622932848	0.0820192845	-0.0137663183	0.0064856718	0.071135831	0.0052700825	-0.0361545774	0.0481445261	-0.1394928079	-0.037176085	-0.0163427047	0.059609517	0.0117036287	-0.0461036841	0.0185522183	0.0104477863	-0.049068858	0.0402549501	-0.0211890296	0.0237672713	-0.1433195297	-0.0927561555	-0.0822364595	0.1189743692	0.0042930264	0.016820419	-0.0491738914	0.0138442429	0.1054814731	0.0606629615	-0.1154942258	0.0228929351	0.0843295286	-0.0219374957	-0.0445452889	-0.0407461138	-0.049853256	-0.0618631042	0.0245930631	0.0618554367	0.0791832993	-0.0277650724	0.0163037464	-0.0704455236	0.0913904586	0.0698771652	0.0280746682	-0.064277648	-0.0343818323	-0.0527322469	-0.0250199683	0.0404152261	-0.082301695	-0.0825752271	0.00707951	0.0340182995	-0.0431962754	0.0030478148	-0.1061254708	0.0136383943	0.0437564817	-0.0004931941	0.0501011915	0.0474946619	-0.0076759257	-0.0785713942	0.0694286662	-0.0541028095	0.0114108839	0.0135724648	0.0140816332	-0.0074812283	0.0560969567	-0.083970438	0.0153235712	0.038811824	0.0007321046	0.0673394772	-0.038232311	0.0677788897	-0.0974531706	-0.0182178275	-0.0100437591	0.0498048454	-0.0881887685	0.0156381274	-0.0363053631	0.0950848605	-0.0767283721	-0.096744797	0.0586760804	-0.007579134	-0.0345938259	-0.03634961	-0.026351942	-0.0523496385	-0.0128403828	-0.0308557215	0.0696150312	-0.0074938435	0.0083004996	0.0760633837	-0.0824462948	0.1661069783	-0.0135482959	-0.0089387493	-0.0900711137	0.1100358712	0.0442108887	0.0203903938	0.0201819438	-0.0422742087	0.0093584351	-0.0170438317	0.141646913	-0.0453717837	-0.0896550312	0.0380168183	0.0051421265	-0.0116395417	0.0760245668	0.0607435341	-0.005971867	-0.0559326438	-0.0435162689	0.0527189825	-0.0245123978	0.0280115214	0.051821071	0.1220309183	-0.0738941863	-0.0460848521	-0.0074728045	0.0233605695	0.0160657123	-0.068434453	0.0745452882	0.0042422618	-0.04532975	0.0732966817	-0.0479816885	0.0174147597	0.0933963536	-0.0102665006	-0.0498154346	-0.0232359088	-0.0300557228	-0.0292151811	0.0522392347	0.0859947893	-0.0515659556	-0.0688661148	-0.029220468	-0.0102692445	0.019000468	0.0535893736	-0.084679631	-0.0053278938	-0.0352877547	-0.0674572231	0.0348420913	0.060283772	-0.0474978306	0.0770482597	-0.0483751355	0.0910440053	-0.0210370609	-0.0519498885	-0.0620415238	0.0354824473	-0.0389878612	0.0739257959	0.1121265593	0.0284577901	0.0810411467	0.0112094186	0.045421469	0.0139810295	0.0682599547	-0.0246248744	-0.0712406699	0.0656918102	0.0333723939	-0.0849294446	0.0678349	0.0082036	6.729905296000008e-05	0.00460157365801	-0.0397386	0.0148458	0.0002203977776399	0.0015791563299599	0.554198	-0.007781	6.054396100000059e-05	0.3071354232039999	-0.00132114	-6.203999999999997e-05	3.848961599999996e-09	1.7454108996e-06	-0.00140227	0.0003248599999999	1.9663611529e-06	1.0553401959999997e-07	0.00222119	0.00020395	4.1595602500000025e-08	4.9336850161e-06	0.0	0.0
5101.197705809628	-4.467368548721424	26022218.03375741	19.95738175010537	10410.76541235328	3.621937883153805	108384036.47105137	13.118434029424668	4824.420891320599	5.421304410249832	23275036.936610647	29.390541508594275	4864.797574032505	9005.734778896738	1.02965	29.089413	0.0569874	0.034187	0.0318070797	0.0770704138	0.0747894758	-0.0003154419	0.0305302511	0.0291770949	-0.0004002045	0.0503301849	-0.0323877955	-0.1303859998	-0.0105188352	0.0864723058	0.0300272841	0.0577946143	-0.0593624692	-0.0404761323	0.074918977	0.0202704179	0.056322368	-0.0469522565	-0.0214516811	-0.0668567208	-0.0709892169	0.0667932124	0.0354900177	-0.1372331608	0.0593367093	0.0456386394	-0.035515708	-0.0255963433	0.0391645303	-0.0596592838	0.088835124	0.090199513	0.0697578176	-0.0445733808	0.0757679811	-0.0648208547	0.0870053282	-0.0024695202	0.0758655052	0.026552061	-0.0069799888	0.0034883958	-0.0110185931	0.0651711457	-0.0229533223	0.0049446195	-0.0152043226	-0.0838826555	-0.0590427344	0.0076043878	0.044051011	-0.0763320816	0.0065077461	-0.0606252525	0.0851296375	-0.0314218279	0.0640274093	-0.0044393025	-0.0318306366	-0.0286545288	-0.1116352238	-0.1159276048	0.0366228505	-0.0632527218	0.0964260605	-0.1253540896	-0.0030038055	-0.0583652744	-0.0914926259	0.1338124488	-0.0621946714	-0.0210850342	-0.0001159487	0.0548433369	0.0208399863	0.0453797736	0.0724775356	0.0316083872	0.0287039435	-0.00369083	-0.0046760166	-0.0193370365	0.0036939694	0.0954959867	-0.0343091245	0.1273763867	0.0552757888	-0.0217214863	0.0289614638	-0.0123691865	0.0025089374	-0.0145247698	-0.0844157213	-0.0153448048	-0.0194336926	-0.0511360503	-0.0485095811	0.0708741064	-0.0852208433	0.0500424453	0.098347318	-0.0155737436	0.1066739156	-0.0108073233	-0.043550367	0.0426750944	0.0738160791	-0.1041189437	-0.0591685251	-0.0869122592	0.0441914439	-0.03664859	-0.0404030251	0.0627426193	0.0103848179	-0.0469374258	-0.1140507437	0.0187533047	-0.0453477114	-0.0021089413	-0.1195567295	-0.0216640298	-0.0612277722	-0.0020035048	0.0152933853	-0.0175090202	-0.0110510474	0.0077292664	0.069423226	0.0108581047	-0.0605113375	0.0319060932	0.0613766036	-0.0331290049	-0.0543933518	0.1038979271	0.1046018468	0.0255772262	-0.0054176739	-0.0713196888	0.0614044678	-0.0255131507	0.0015219988	0.0132262098	0.0997482984	0.1210451644	0.0284763802	0.0588061472	-0.0945762737	0.0944664318	0.0195281107	0.0878114873	0.098134588	-0.036823712	-0.0514618161	-0.051107981	-0.040476679	0.0679201223	-0.0149791993	0.0476981031	0.0795387653	0.0386031	0.0374001445	-0.0049383498	0.0062727941	0.0292084497	0.0107871587	0.0856217775	-0.0325551886	-0.0480765003	-0.1251578505	0.0083550781	0.0414874381	-0.0063642026	0.0142989359	0.0719236816	0.0527021648	0.0349805011	-0.0255612422	-0.0701406	0.0675315071	0.0297315467	-0.0853220719	0.0746092	0.0067742999999999	4.589114048999996e-05	0.00556653272464	-0.0432777	-0.0035391	1.2525228810000025e-05	0.00187295931729	0.586705	0.032507	0.001056705049	0.344222757025	-0.00118353	0.00013761	1.8936512100000008e-08	1.4007432608999998e-06	-0.00152522	-0.00012295	2.3262960484000004e-06	1.5116702500000035e-08	0.00224397	2.2780000000000022e-05	5.18928400000001e-10	5.0354013609e-06	0.0	0.0
5097.869848270384	-3.327857539244178	25988276.989904307	11.074635801504316	10382.085510652592	-28.67990170068697	107787699.5505025	822.5367615610674	4818.834901681569	-5.585989639030231	23221169.809664417	31.20328024735309	4859.740962661494	8978.810435772568	1.007158	28.453979	0.0704492	0.0456186	-0.0055836843	0.0812551977	0.0585348117	0.0057046993	-0.0046367551	0.0207938146	0.0536444191	-0.0326399084	0.0411014849	-0.0926416287	-0.0706491219	0.0191253368	0.0482270753	0.0233651368	0.0362356717	0.074294404	0.1644429809	0.0029191551	-0.01965172	-0.0176035275	0.1087412921	-0.0028922625	0.0149187481	0.0094564465	0.0580393979	-0.0948567826	-0.045215691	0.1383471926	-0.0656049137	0.0547585518	-0.071095602	-0.0506831886	-0.033958289	0.0952881218	-0.0739617441	0.03595041	-0.0923611819	0.0460869254	0.0766995	-0.0011821736	0.0479059411	-0.0699288463	0.0577623171	-0.1018664503	0.0916350682	0.0231641335	0.0365681634	0.0571404252	0.0377568146	-0.0760305776	0.0007294439	0.0367345679	0.0353886075	0.0898296404	-0.014702152	0.0391154432	-0.0091424167	0.0376358159	0.0893469767	-0.0413232115	0.0275244088	-0.0964867389	-0.0019504949	-0.151639845	0.0254881785	-0.0306164811	-0.0095019754	0.0888408203	0.0328144923	-0.0236711911	-0.1346472946	-0.0507953997	0.0606239086	-0.0174756417	0.0303281163	0.0420836546	0.0355721731	-0.004591986	-0.0135793617	-0.0277221023	0.0743617787	-0.0318548432	-0.0496344924	0.0039198001	-0.0297396374	-0.0236463519	-0.0183380738	0.0405103502	0.0273783148	-0.0290324756	0.0427825579	0.053646779	-0.1252017917	-0.0157361004	-0.0108474186	-0.0239579573	-0.0447985942	-0.0184389299	0.0110105852	0.1609583313	-0.0606830414	-0.0587861523	-0.0260728549	0.0391550327	0.0221962989	-0.0730640314	0.0846830754	0.0074043401	0.0208501372	0.0403033763	-0.1321739946	-0.0829839345	0.1188232481	-0.0112270774	0.0939750137	0.023333844	-0.0630256512	-0.0885858593	0.0781200528	-0.0447405971	0.0618569027	0.0058642961	-0.1102210807	0.0278191453	-0.0321670833	0.0748780094	-0.0099499419	0.0871996814	-0.0385044168	-0.0778093714	0.0145002134	-0.0427372546	-0.0052613872	0.0818542734	-0.0007070701	-0.0881841242	-0.013898438	-0.0845811274	-0.034841613	-0.028184257	0.0366856926	-0.0059583735	0.1007660917	6.38075e-05	-0.059584246	0.1035726605	0.0147942015	0.1252320792	0.0636486693	-0.0135299742	0.0614698736	-0.0784606961	0.0397878321	0.0457883152	0.068402181	0.1255370752	-0.029069336	0.0396517604	0.0160110386	0.0601185315	-0.0193497239	0.0101390323	-0.0124990209	-0.0627985378	0.0461523617	-0.0512263819	0.0295933975	0.0278073336	0.0161599461	-0.0177373868	0.0073538117	-0.0192823506	-0.0338316824	-0.019881459	0.0603518175	0.0337382789	0.0820452513	-0.0462602873	0.0419197541	0.0224550801	-0.0264942496	-0.0690036485	0.0692913117	0.0260281736	-0.0854343618	0.0696619	-0.0049473	2.4475777290000016e-05	0.00485278031161	-0.0348798	0.0083979	7.052472441e-05	0.00121660044804	0.544242	-0.042463	0.001803106369	0.296199354564	-0.00117638	7.149999999999821e-06	5.112249999999744e-11	1.3838699044000002e-06	-0.00133513	0.00019009	1.7825721168999998e-06	3.613420810000007e-08	0.00233955	9.558000000000006e-05	9.135536400000013e-09	5.4734942025e-06	0.0	0.0
5091.855145808287	-6.014702462097375	25926988.82589433	36.17664570756023	10353.621791114716	-28.463719537876383	107197484.1934455	810.183329930886	4808.562646205887	-10.27225547568196	23122274.722486563	105.519232557678	4849.0364297941005	8990.741694033068	0.986691	27.875734	0.0769027999999999	0.0418928	0.0113287523	0.0853153666	0.0402961783	0.0151374147	0.0202926193	-0.0088320213	0.0354303926	0.0482868444	0.0084113449	-0.0966526962	-0.0060479761	0.0848568722	-0.0424005694	-0.0155328216	0.026439159	0.0161865932	0.0680612701	0.0788042175	-0.0570077893	-0.0635287873	-0.0384559983	-0.025232174	-0.0708975829	0.00179466	-0.0622708197	0.0050727989	0.0167994556	0.0572293157	0.0837410011	0.0049777194	-0.0820239159	-0.0481014401	-0.1627352003	0.0070239707	0.014020443	-0.0326967947	0.0878954764	0.0100934521	-0.1174096185	0.0476442777	-0.1133882721	-0.0965578128	0.0638488856	0.0152878453	-0.0009917192	-0.050211842	0.011824196	0.0163822892	-0.0231745782	-0.0250739331	0.0045595288	0.0384546593	0.0110475225	-0.0175185747	-0.1985097488	0.0066278088	-0.0820734164	0.068042198	-0.0365127463	0.1194922954	0.0077118891	-0.1147642092	0.0682666077	-0.0045232994	0.078766924	-0.0725752374	0.0028176958	0.0224215446	0.048550035	0.0286135306	0.0449606738	0.0035845719	0.0689756782	0.0027929653	-0.0809253878	-0.1047590145	0.1073988029	-0.0269945756	0.0914287915	-0.0223529718	-0.0040338516	0.0535521612	0.0438727899	-0.0311537036	0.0254949763	0.0684574043	0.0751777522	-0.0588367451	0.0627877622	-0.0525702035	-0.0286818896	-0.0550019854	-0.0623147794	-0.0068791201	0.0236165191	-0.0595697861	0.0389722228	0.024577582	0.0165156133	0.0852011276	-0.0438630119	0.0703122612	-0.0222616662	0.0168441821	-0.023937879	0.0397433178	-0.0446072383	-0.039710918	-0.0694105052	-0.0040836757	-0.0379561635	-0.078914909	-0.0626807656	0.0057526649	0.1035495382	-0.0612181501	-0.1409556784	-0.0456537722	-0.0396813832	0.0365361437	-0.050141082	-0.0448757593	0.1372239525	-0.0572517529	0.0917144061	0.0650788301	-0.0859040936	0.0228806358	0.0061308645	0.000151729	-0.0681125055	-0.032175624	-0.0166395687	-0.0067786006	0.0171080679	-0.0220023763	0.0357033927	0.0248373386	0.029540627	-0.1518588442	0.1223372224	0.1320293401	-0.0874115009	-0.0768755636	-0.0307414223	0.1319295739	-0.0359087184	0.0172654718	-0.0366699848	0.0546564511	0.0111416557	-0.0035268213	0.0481937983	-0.0146733476	0.0330426128	0.0125038293	0.0887177089	0.051383085	-0.0014805202	-0.1403358567	-0.0388648695	0.0108023743	0.0879852083	-0.0236700892	0.0583783817	0.0560372477	-0.0565634198	-0.0348830682	-0.0127995473	0.0652246421	-0.0501472185	-0.0029316647	0.0656854038	0.0915472791	0.0376014723	-0.0397316134	0.0691300769	-0.0060848187	0.0033498003	-0.0328274686	-0.0274237741	-0.0678304133	0.0709691421	0.0222700628	-0.0852659454	0.0740013999999999	0.0043394999999998	1.8831260249999123e-05	0.0054762072019599	-0.020487	0.0143928	0.00020715269184	0.0004197171689999	0.580185	0.0359429999999999	0.0012918992489999	0.3366146342249999	-0.00112862	4.775999999999999e-05	2.281017599999999e-09	1.2737831044000002e-06	-0.00127428	6.084999999999988e-05	1.6237895184e-06	3.7027224999999845e-09	0.00200361	-0.00033594	1.1285568360000021e-07	4.014453032099999e-06	0.0	0.0
5087.514375119499	-4.340770688787416	25882802.517047547	18.842290172635973	10332.844760270413	-20.777030844303223	106767680.83984771	431.6850107051277	4802.859274125673	-5.70337208021374	23067457.20705499	32.5284530853616	4843.020672921404	8956.857483932756	1.004105	28.36771	0.0808536999999999	0.0475478	-0.026394903	0.091268525	0.0168435513	0.0378147496	-0.0141191622	-0.0193197887	0.106024888	-0.0032682591	0.0494781925	-0.0419014572	-0.0701389515	-0.0143166629	-0.057805247	-0.057509885	0.0096394828	0.0034458688	0.1002837645	-0.037986973	0.0125456391	0.0800965457	0.046157317	0.024136393	-0.0669375048	0.031595098	0.01526321	-0.0964965782	0.060250911	-0.0147418747	-0.0407774035	0.0895825135	0.0423641627	0.0117294841	-0.0194307601	0.1481966208	-0.0552454439	0.0868098888	-0.0040701643	0.0489007379	-0.0608865393	0.0020906702	0.0160421619	-0.0125181064	0.0303203495	0.0709025434	0.0342827849	-0.0966408649	0.0526986398	0.0920861474	0.096282806	-0.0764978144	0.0231636234	-0.0658038638	0.0497535138	0.082727879	-0.0110769619	0.0572790051	-0.0253503356	-0.1284682083	0.0173333161	-0.0710974101	-0.1256360521	-0.0543408743	0.0808829042	0.0040711468	-0.0628986274	-0.1127081335	0.0217317255	-0.0008003081	0.0180958269	0.0158954695	0.0665210184	-0.0345612482	0.0579013311	-0.0157074552	0.0961591468	-0.0022313172	0.0141748163	-0.0680497787	0.0323982872	-0.0301722306	-0.0297691254	0.0795293683	-0.1036526148	-0.0127832485	0.0588102776	0.0095050552	0.0072271111	0.0194251343	-0.0138306978	0.0717732401	-0.0264775664	-0.0182236597	0.0485479937	-0.0766654021	-0.0146441586	-0.0080840185	0.0526771255	0.0696327651	-0.004621114	0.0646372702	-0.059744136	-0.0711896046	-0.0307450308	0.0413678251	0.0777331737	-0.0809029137	-0.0407338448	0.0067952181	0.0214077559	-0.0850035879	-0.0204315751	-0.0042519539	0.0593998163	0.0715161152	-0.0011164661	0.0355001277	0.0146891613	-0.1376932194	0.0647239044	-0.0994436251	0.0114418512	-0.060986062	0.0619111791	0.0185149015	-0.0175900021	0.0320790734	-0.0268526118	-0.0380360694	-0.0537215293	0.0310429205	-0.0840922107	-0.0539698317	-0.0085128634	0.1569883934	-0.0440616742	-0.0202365251	-0.0673282446	-0.1000816246	-0.0504723092	-0.0340406611	0.0134478244	-0.0974145814	0.023556817	-0.0389018197	0.1427004294	0.0633346869	-0.0993390979	-0.0617462007	0.0769457385	0.0965891767	-0.0228857087	-0.0135473873	0.0305667137	-0.025276043	-0.0377728838	0.003625693	0.0505249716	0.0740698471	0.0640234281	0.0309154307	0.0044107059	-0.1032182153	0.0381730136	-0.0246213432	-0.0334605381	-0.0655207643	-0.0843111359	0.0459908887	-0.0515383736	0.0339397559	-0.0192555974	-0.0420135913	-0.0091361851	-0.0278013486	-0.0657495793	0.0106925873	-0.0112527857	0.0676022643	-0.0504498629	0.0175156305	-0.0283496934	-0.0666215113	0.0725630133	0.0184651177	-0.0848173759	0.0752792999999999	0.0012778999999999	1.6330284099999962e-06	0.0056669730084899	-0.0204042	8.279999999999746e-05	6.8558399999995796e-09	0.00041633137764	0.539641	-0.0405439999999999	0.0016438159359999	0.291212408881	-0.00130897	-0.0001803499999999	3.252612249999997e-08	1.7134024609e-06	-0.00178891	-0.0005146299999999	3.2001989880999995e-06	2.648440368999999e-07	0.00208761	8.400000000000031e-05	7.056000000000052e-09	4.358115512100001e-06	0.0	0.0
5087.377957565375	-0.1364175541239092	25881414.48312205	0.0186097490731497	10312.161672834543	-20.68308743586931	106340678.36667772	427.7901058798149	4805.87111417241	3.0118400467363244	23096397.16603676	9.071180467124664	4846.589978532779	8958.33260266195	0.962074	27.180281	0.0826929399999999	0.0449657	-0.0034549745	0.0907982399	0.0255153398	0.0332702915	0.0115894205	-0.055689105	0.0709006562	0.0502454374	0.037456277	-0.0594179101	0.0063650617	0.0431636332	-0.0461044155	-0.0211285428	-0.0407811264	0.0136398424	0.1091923622	0.0920298552	0.0506013124	-0.0223984376	-0.117574868	-0.0168680035	0.0058071129	-0.0230896576	0.014479154	-0.1043228363	-0.0546436959	-0.101239105	-0.0035791265	-0.0197183544	0.0402394774	-0.0424124494	0.0062564312	-0.0641495076	-0.0850920144	-0.017395902	-0.0938916286	-0.0433968234	-0.0936501431	0.123903329	-0.0134334122	-0.0512419964	0.0019775015	0.0570494162	0.0205337956	-0.024476874	-0.0255567457	-0.016171023	0.0791903335	-0.0443521912	-0.1120772979	-0.0055016263	-0.0271063418	-0.0131773994	-0.0603202685	-0.0153986352	-0.0274587675	0.036308437	0.042130902	0.0130239026	0.0334312289	-0.0324184972	-0.0259015415	-0.0030142388	-0.0410943886	0.0589253761	0.0349027662	0.1356266442	0.0167436826	-0.1376713646	-0.0340886028	-0.0075894132	0.0859177854	-0.0390542313	-0.0553650589	0.0154650739	-0.0404690518	0.1117356314	0.1084977652	-0.008762487	-0.1343884092	-0.0133909372	0.0233016624	0.0757588177	-0.0684117306	0.0033903971	-0.018620551	-0.013328725	-0.0001828612	0.1366876798	0.0068759075	0.0310225745	0.0159600258	-0.0059873234	0.0764425576	0.0666334654	0.0438028627	0.0285593671	-0.0455408406	0.081978215	-0.0555116439	0.0309231231	0.0616056117	0.0821195814	-0.0241568026	0.0748617633	-0.0548713763	-0.0066026291	0.0832520125	-0.0498423424	-0.0990933667	0.0750529123	-0.02867834	-0.0447448842	-0.0569741143	0.0117027098	-0.0128435697	0.0348038185	0.1403336692	0.0204819876	0.0022487304	0.0864706449	0.0880715154	-0.1201926916	0.0169846406	0.0473639315	-0.0014974954	-0.0330632589	-0.0215135755	-0.004083224	-0.0391598969	0.0326341122	0.0360047176	0.0666151759	0.1161451076	-0.0053007533	-0.0292639976	0.0049637957	0.0017371434	-0.0565553939	0.013594926	0.0435275502	0.0037366218	-0.0081248453	-0.0538882927	0.0088093127	0.0422116873	-0.0331016338	0.0223763743	-0.0720912617	0.0065874608	-0.1360741853	-0.0220948743	0.1331353142	0.0140172137	0.0656651147	0.0727276717	0.044024369	-0.091488136	0.0340918625	0.0396843326	0.0581124707	0.1077233206	0.03747755	-0.075090037	0.0736571155	0.0414919004	0.0043685679	0.107950812	0.0409452078	0.0287361905	-0.059604632	0.0492763446	-0.090245183	-0.0941092324	0.0340381882	-0.0011435096	-0.0445087211	-0.0564171303	-0.0941126913	-0.0292718859	-0.0653775782	0.0740710399	0.0146213402	-0.0840901273	0.0785504999999999	0.0032712	1.0700749440000012e-05	0.0061701810502499	-0.00335296	0.01705124	0.0002907447855376	1.12423407616e-05	0.578669	0.0390279999999999	0.0015231847839999	0.334857811561	-0.00145673	-0.00014776	2.1833017600000013e-08	2.1220622929e-06	-0.00159659	0.0001923199999999	2.5490996281e-06	3.698698239999998e-08	0.00221438	0.00012677	1.6070632900000006e-08	4.903478784400001e-06	0.0	0.0
5089.927214711385	2.54925714600995	25907359.0510596	6.498711996482794	10317.98390870989	5.8222358753464505	106460791.94039622	33.89843058817125	4808.623981819104	2.75286764669454	23122864.59852582	7.578280280217534	4849.908316005578	8942.616768835722	0.948577	26.798967	0.09094634	0.0532536	-0.0367178341	0.0857897286	0.0169276181	0.0408101165	-0.0188157353	-0.0379049534	0.0686665183	0.0150000777	0.0463991937	-0.040004359	-0.05796885	-0.0008578999	-0.0395053016	-0.0845964689	-0.0704191155	0.0419269827	0.0002141302	-0.0089908535	0.0130519058	0.0334976165	-0.0796672026	0.1600152106	-0.0272194615	-0.0140171072	0.032307138	0.0130406988	0.0295979752	-0.0040689349	0.0044506558	0.0324162177	0.0636839139	0.0133025701	-0.0305215318	-0.0635085821	-0.0335280125	0.0233193478	-0.0443244209	-0.0372987428	-0.0163310376	0.007726711	-0.0069510061	0.0526641034	0.0314536232	0.0817345598	0.0564928467	-0.0651874835	0.0210014656	0.1280820708	-0.0279226766	-0.0427297073	0.0403002121	0.12732234	-0.0405137994	-0.0120572653	-0.1697407668	0.0940234553	0.0020670624	0.0629701725	0.0643131504	0.0221860469	-0.0737706924	0.0559383834	-0.0040485094	0.0499793842	-0.005653768	-0.0246223264	0.1204387055	0.1204658483	-0.045500507	0.08439358	-0.1339065622	0.0153405535	-0.0488948161	0.043654932	0.0304097766	-0.0028926377	0.0043633761	0.0044591961	-0.032325596	0.0702385641	0.0346526574	0.0280363588	-0.0141031283	-0.0381164364	0.0439714568	-0.0570967416	0.0161041837	-0.0273109517	0.0441620248	-0.060003516	0.079045248	-0.050471965	0.0398720474	0.0590754152	-0.1157225182	0.0784709546	0.0317888126	0.0851858245	-0.069069563	0.0022162996	0.0481151154	-0.0242901719	-0.0232767846	0.0383052454	-0.0769058512	-0.03903255	-0.1233530227	0.0138945763	0.0681581645	-0.0064444437	0.0412744267	0.0062379942	0.007474435	0.0654721358	-0.025105381	0.0339410858	-0.0045795538	0.040322424	0.0592601454	-0.0229972671	-0.002721065	0.0511582357	0.015009343	-0.0256550545	-0.015278379	-0.0793386573	-0.0655102816	-0.0436986916	-0.0382623592	-0.076029856	-0.0980037303	-0.1040890832	-0.040845987	0.0247212409	0.0136310691	-0.0661493818	0.1042398315	0.0217405591	-0.0162710993	-0.058808672	0.163818396	0.0836387127	0.0668932586	-0.0617137026	0.0558025752	-0.0634552507	-0.0065729384	0.0055462264	-0.034242733	0.0368884209	-0.0986651432	-0.1530219895	-0.0504376812	-0.0643699102	0.1114570344	0.0423210684	-0.0993191877	-0.0346187963	0.056641957	-0.0109137462	-0.0007390281	0.010443471	-0.0308700835	0.0430775963	0.0021900986	-0.0166094162	-0.0444173463	0.0079147783	-0.0595436257	-0.0531806153	-0.004817755	-0.003197962	0.0355851622	-0.0110792705	0.1058488293	-0.0815041957	-0.0699282485	0.0255306102	0.1101740355	0.0254471752	-0.0301902304	-0.0640992681	0.0754914377	0.0107468138	-0.083086589	0.0747665	-0.0037839999999998	1.4318655999999231e-05	0.00559002952225	-0.0384908	-0.03513784	0.0012346677998655	0.00148154168464	0.541689	-0.03698	0.0013675204	0.293426972721	-0.00151771	-6.0979999999999975e-05	3.7185603999999973e-09	2.3034436441e-06	-0.0015871	9.49000000000002e-06	2.51888641e-06	9.006010000000037e-11	0.00198396	-0.00023042	5.309337640000014e-08	3.936097281599999e-06	0.0	0.0
5092.717450180929	2.790235469543404	25935771.027377337	7.785413975498101	10318.11405471838	0.1301460084905557	106463477.64617698	0.0169379835260237	4813.152996184103	4.529014364999057	23166441.76467601	20.51197111836781	4854.084827533181	8971.720503429859	0.974388	27.528147	0.0825913499999999	0.0500379	-0.0105881768	0.0781312053	-0.01179674	0.0288355686	-0.000551489	-0.0158641101	0.0786466435	0.0213857623	0.0273556331	-1.94854e-05	-0.0107515127	0.02382399	-0.0062272891	0.0049479563	-0.0343947382	-0.0754791715	0.1221665516	0.1260704795	0.0298080199	-0.1163157538	-0.0075018536	0.0757764356	0.0528441839	0.0307649718	0.0118042405	-0.0582122259	0.0152331439	-0.0869609342	-0.035373174	0.0475739408	0.0622232282	0.0475221675	-0.0349557615	-0.0706922516	0.0522999614	0.0142647007	-0.0712432985	-0.0760643	-0.0400681265	-0.0671580554	0.0434184362	0.0071547185	-0.1028536462	-0.0213539741	-0.059176812	0.0365650832	-0.042424056	0.0775526727	0.115169515	-0.0156367501	-0.030914375	0.0270837648	0.1052937148	0.0672777616	-0.0110484213	0.0118605827	0.0050820112	-0.056706509	-0.0079956505	0.0336508686	0.0729622265	0.0557662004	-0.0049024301	-0.0411606717	0.0546353707	-0.0444831429	0.0397176292	-0.0719872708	0.0610249579	0.0007384719	0.0298524508	0.0087758149	-0.0136128627	-0.0050630256	-0.0771117745	-0.0813563306	0.0139527471	0.0045402782	0.0122386247	0.0021142896	0.0418340094	-0.0520975229	0.0607178699	-0.0107354141	0.000180735	-0.1177310917	-0.0149945071	-0.0100750458	-0.0180725828	0.0496116874	-0.0596119217	-0.0071806509	0.0310249718	0.1174961445	0.0280497734	0.0166229234	0.0044781254	0.0005952978	-0.0443325505	0.0448881675	-0.1310092711	0.1085503853	0.0477973176	0.0755148438	-0.1036818999	-0.05291839	0.0077807712	0.0547830817	0.0550423022	-0.0498530997	-0.0425149754	0.0758835867	0.0081710223	0.087339204	-0.0138008325	0.0089512331	0.019686154	0.0885074687	-0.0281021348	-0.0416309733	-0.0227932696	0.1134858798	0.0482785811	0.0388493179	-0.0285045083	0.0075538487	0.0791302877	-0.0288071749	0.083707047	-0.053417819	0.0083931146	0.0330011423	0.0742226929	0.0829270641	-0.026123286	-0.0929103545	-0.0798145692	-0.0607047486	0.0450744048	0.0065048104	0.0240691809	-0.0381969136	-0.0633292351	-0.0214046888	-0.0563121351	-0.054761791	-0.0001640174	0.0426807918	0.0039115127	0.0600378951	-0.0451360132	0.066934277	0.0834087932	0.0005379648	-0.0053710328	-0.0080912207	0.0405478347	-0.0376909049	-0.0499558378	-0.0906352875	0.0228880195	0.0233160905	0.0167369111	-0.0311934069	0.0494355577	0.0224570529	0.0481145565	-0.0398007959	-0.0091768985	-0.1024024556	0.0316872044	-0.0076293541	0.0411883198	-0.0054432281	-0.0752256313	-0.0334210166	-0.0783896597	-0.0987316808	0.0010123809	0.0762647816	-0.031104606	-0.0627872531	0.0768225263	0.0068496867	-0.0818100583	0.0748570999999999	9.05999999998991e-05	8.208359999981716e-09	0.0056035854204099	-0.00651005	0.03198075	0.0010227683705625	4.23807510025e-05	0.57827	0.0365809999999999	0.0013381695609999	0.3343961928999999	-0.00156004	-4.232999999999993e-05	1.7918288999999939e-09	2.4337248016e-06	-0.00163587	-4.877000000000006e-05	2.6760706569e-06	2.378512900000006e-09	0.00217164	0.0001876799999999	3.5223782399999995e-08	4.7160202896e-06	0.0	0.0
5086.3138385026205	-6.4036116783081525	25870588.463743266	41.00624252656456	10305.597877869412	-12.516176848968826	106205347.62034652	156.6546829146632	4821.778301746673	8.625305562569338	23249545.991195027	74.39589604768956	4862.263182368452	8958.734379084131	0.953686	26.943296	0.0595641699999999	0.0309013	-0.0312734457	0.081039413	-0.001229277	0.0370344084	-0.0177043176	-0.0369458451	0.0688424629	0.0036714546	0.043563003	-0.0005739804	-0.0136521433	0.0133596268	0.0455885489	0.0327495807	-0.0863846535	-0.015192026	0.0221973048	0.0094020495	0.1406290648	-0.0768438901	-0.0344382366	0.0691347428	-0.0003671645	0.0189023154	0.0827863325	0.0705775922	-0.0436355162	-0.0666680402	-0.0883146484	-0.1243948466	-0.0436249134	0.0257917209	-0.0633224037	-0.0507008923	-0.0042212516	-0.0298909378	0.0061198963	-0.0062624759	-0.0216820564	-0.0678717211	-0.1220870719	0.0382578369	0.066428965	0.0625751476	-0.0771839035	0.0307155021	-0.099647818	0.0079061859	0.1010818458	0.0575833152	0.0673236931	-0.022497878	-0.0232639498	0.0465991992	-0.0016292026	0.0315147648	0.0532595824	-0.0550004086	-0.044146347	-0.0130654072	-0.0476913954	0.0028456961	0.0520992676	-0.0252637206	-0.0118037027	0.0048755266	0.0287606276	-0.0397080508	0.0912337257	0.0277585738	-0.1052461921	-0.0458928394	0.0768662942	-0.0235156573	0.0041353147	0.1157286136	-0.0436428724	-0.0547385568	-0.023845465	0.0079848625	-0.092800843	-0.051998293	-0.0563951127	0.0521014146	0.0057930266	0.011319372	-0.1012904646	0.0082794777	0.05464839	-0.0379050821	-0.0203025908	0.0536162627	-0.0285948044	-0.0026946632	0.1224278231	0.0163258114	-0.0448898809	-0.0365420766	-0.0880134355	0.0078338262	-0.0163449441	0.0072125683	0.1419015952	0.012247468	-0.0687593619	-0.061713537	-0.0677195375	0.0413482251	0.0461606786	0.0817365411	0.0422571969	0.0879931411	0.0460624215	-0.0714599557	-0.0387846863	-0.1283484925	-0.0204750779	0.0514382656	-0.010772028	0.0179781881	-0.0453585269	0.0265620465	0.0538013025	0.063438825	0.1145515528	-0.0545321189	-0.1097829188	-0.0455976745	0.0687921818	-0.0074362397	0.0122238393	0.0992582103	0.0482024046	0.0498104276	-0.0489983614	0.028832977	0.0227778073	-0.0583030208	0.0182331374	0.0608908021	0.0475205175	-0.0509694574	-0.0172616193	0.0032504643	0.0764508344	0.0017128273	-0.0494548455	-0.0267965577	0.0258329465	-0.0210361373	-0.0201921769	0.029497941	0.1000983043	0.0080950338	0.0717124362	0.1146579825	-0.0042663273	0.0065834547	-0.0100244117	0.0990377247	-0.0545749812	-0.0658767339	-0.0647850406	0.0362526216	-0.0614206451	-0.0099615952	0.0708595117	-0.0009541239	0.0322076001	0.0497223802	0.1146285652	-0.0554676292	0.0014956593	0.0510123668	0.0230800431	0.0570525105	0.0733106628	-0.0803366753	-0.1149434706	0.0427061139	-0.0320148926	-0.0614422231	0.078062731	0.0029381546	-0.0802647293	0.0709989	-0.0038581999999998	1.488570723999919e-05	0.00504084380121	-0.00799152	-0.00148147	2.194753360900001e-06	6.38643919104e-05	0.550002	-0.0282679999999999	0.0007990798239999	0.3025022000039999	-0.00183755	-0.00027751	7.701180010000008e-08	3.3765900025e-06	-0.00176989	-0.00013402	3.1325106121000003e-06	1.7961360400000027e-08	0.00227924	0.0001076	1.1577760000000049e-08	5.1949349776e-06	0.0	0.0
5093.122812292222	6.808973789601623	25939899.981091432	46.362124067481886	10313.317572663913	7.719694794501265	106364519.35461828	59.59368772024993	4823.923522253001	2.14522050632786	23270238.148545794	4.601971020769559	4865.080719721661	8941.864108396423	0.94017	26.561432	0.0567041799999999	0.0273743	-0.0350016571	0.0810042998	-0.0016642176	0.032537363	-0.0273913691	-0.028019524	0.0684978846	0.0019184005	0.0443441506	-0.0198088258	-0.0195382637	0.0453871586	0.0634264937	0.0264946178	-0.0286667538	0.0478873321	0.1394565611	0.0471510774	-0.0604207231	-0.0381727912	0.021397061	0.0563243732	0.0646809887	-0.0276614304	0.035809669	-0.0078844504	-0.0207700736	0.0095438903	0.0299468487	0.0822745268	0.0742470756	0.0110288889	0.0638401182	-0.0382680279	0.0182483791	-0.1013674916	0.0232065124	-0.0049326375	-0.0009825201	-0.0513238274	-0.0125661206	0.0671642828	-0.0152477917	-0.0382687698	-0.0580444519	-0.0274604428	-0.0088832291	-0.0380575373	-0.0260634703	0.0504073585	-0.0894161985	-0.0613461848	0.0635032688	0.0117104651	0.0497256866	-0.0403709993	-0.0803818496	0.0730755335	-0.0505154953	0.0476092336	-0.1226809227	0.0750667056	0.0839530487	-0.0609422138	0.034031642	0.020367056	-0.0169672353	-0.0039054698	-0.0630651532	0.0181361488	0.1288060233	0.017896954	-0.0555479964	-0.0549705783	0.0203612005	-0.0181318378	0.0062823952	0.0117554509	0.069872973	-0.0530624161	-0.0146503296	-0.0657534551	0.0066454497	0.0277412981	-0.155359058	-0.0250646147	0.0283535168	-0.0256648145	0.0260590258	-0.0224376503	-0.0199675518	-0.0560068986	-0.1293598567	0.0501150759	-0.01250646	-0.0021244865	-0.06520194	-0.0294445722	-0.0530561232	0.1154019917	-0.0551584698	0.0101065474	-0.0560413188	0.0544812835	-0.0913330179	-0.0242771775	0.0589370544	0.0188474051	0.0462419502	0.0281152214	-0.0190474947	-0.0059529787	-0.0233886802	0.0359751741	-0.0115592992	0.1124564553	0.0581230847	0.0245960162	-0.0333857157	0.1007202851	0.0025015481	0.0090539071	0.0052538586	0.0457699745	0.0079812575	-0.0527195031	0.0092772808	0.0421897992	0.040194243	0.0562943408	-0.0092077683	0.029062084	0.0240674287	-0.0697525719	0.0268744262	0.0368391942	-0.0898464893	-0.0173163623	0.0355779503	-0.0182747301	-0.1066251401	0.1045236443	-0.0555882694	-0.0409482407	0.0987248	-0.0350836639	-0.1025171842	0.0963537846	-0.0172147695	-0.0187495696	-0.0058871282	0.0034119543	-0.0373408502	-0.0523468363	-0.1151320452	-0.0867925627	0.0454126752	-0.0175577035	-0.0339835215	0.0092497028	0.0245329438	-0.0392552279	0.0930277132	-0.0514630087	-0.0001017294	-0.0155023045	0.0750336109	-0.0197849693	0.1420050372	-0.0238608612	-0.0271649822	0.0208948516	0.053423579	0.0141586117	0.0040541196	-0.0614804132	0.0754823399	-0.0464087375	0.0990333898	0.0006902437	-0.0329209705	-0.0600648854	0.0792105847	-0.0009795565	-0.0784556795	0.0748536999999999	0.0038547999999998	1.4859483039999184e-05	0.0056030764036899	-0.0323944	-0.0244028799999999	0.0005955005522943	0.0010493971513599	0.561858	0.0118559999999999	0.0001405647359999	0.3156844121639999	-0.00163003	0.00020752	4.306455040000005e-08	2.6569978009e-06	-0.00164726	0.00012263	2.7134655076e-06	1.503811690000002e-08	0.00227758	-1.6600000000001162e-06	2.755600000000386e-12	5.1873706564e-06	0.0	0.0
5091.366707911387	-1.7561043808354952	25922014.95442843	3.0839025963896183	10338.76734611031	25.449773446396648	106890110.2369968	647.6909684729159	4822.913305478404	-1.0102167745963015	23260492.752160627	1.0205379316757548	4863.0336039506055	8981.223367530632	0.964568	27.250721	0.0999493999999999	0.0574083	-0.0641687231	0.07029854	-0.0061285636	0.0265949468	-0.0468846546	-0.0271504054	0.069595198	-0.0326661635	0.0435121824	-0.0232337963	-0.061963824	0.0043721586	0.0907453785	-0.0077351128	-0.0457232668	0.0794116087	0.1109405477	-0.0828821921	-0.0260223867	0.0881473653	-0.1888459676	-0.0640035654	0.0152456304	0.0693442592	0.0536294068	0.0221394343	0.1269487213	-0.0165711311	0.024929378	-0.0954663653	0.0969085188	-0.0240107428	-0.0501352746	0.0580773226	-0.0795753392	0.01547547	-0.1364538578	0.0269521917	0.0781410093	-0.0631983153	-0.0583192502	0.0157539936	0.0266678929	-0.0196551128	-0.0749136505	0.0709200742	0.0739697121	-0.0245812318	0.0746518816	0.021573297	0.100172236	-0.0297523887	0.1323672695	-0.0332930465	-0.0088864645	-0.0090534341	-0.0590614663	-0.0216970895	-0.0538069007	0.0343184759	0.0346249194	0.1339927176	-0.0637928059	-0.0576290957	-0.0586173785	0.0321438387	-0.0438855112	-0.0269879012	-0.0038055425	-0.0157191407	0.1019662704	0.0176634364	-0.0502355137	0.0128922137	-0.1051352973	-0.0517434388	0.0437334068	-0.0426380011	-0.05650766	-0.0994534181	-0.0211279036	-0.0447711833	0.0130069689	0.1193548101	-0.0357161962	0.0165801977	0.0849705268	0.0131083351	-0.0109577445	-0.0120605218	0.0232323204	-0.080552219	0.0314691642	0.0193432745	0.1237751292	-0.1236165991	-0.088076318	-0.0008904794	-0.0730143598	0.1145003609	-0.0248134883	-0.109755897	-0.0445487098	-0.0006204537	0.0368699957	0.1494037679	-0.1008148968	0.1030585612	0.0724978094	-0.0354111678	0.1097234798	-0.0488809579	-0.0437211476	0.0319259001	-0.1200743921	-0.0636138037	-0.0707318389	-0.0443778871	0.1048968693	-0.03226365	0.07413359	0.0398607761	-0.0742744202	0.0794280197	0.0835116077	0.0016664235	-0.0100335169	0.0121101371	0.0479794063	0.077278316	0.1004622792	-0.0050956643	0.0736344978	0.0327459088	-0.160896404	-0.0503605383	-0.0756658614	0.0219364848	-0.0056677786	-0.0297376097	-0.01383485	0.0135384014	-0.0875620202	-0.0104738881	0.0018696155	-0.1340565963	0.0354435177	0.0191101615	0.064799494	-0.0422092676	0.0278934226	0.0299077028	0.023329993	-0.0050966397	-0.0903233214	-0.0690428544	0.0350430352	-0.0525084235	-0.0536567454	-0.1160251311	-0.0523443158	-0.0100037324	-0.0226002016	-0.0917013107	-0.0440139183	0.0356005338	0.0754407745	0.0848167627	0.048584952	-0.0010466938	-0.0417416285	0.0320556127	0.0060408269	0.0135939366	0.0029217669	-0.0802895233	0.009590509	-0.0215795871	-0.1139685224	0.040813997	-0.0338227206	-0.0586559641	0.0802647293	-0.0048952076	-0.0763888527	0.0787172	0.0038635000000001	1.4926632250000796e-05	0.00619639757584	-0.0141435	0.0182508999999999	0.0003330953508099	0.00020003859225	0.52158	-0.0402779999999999	0.0016223172839999	0.2720456964	-0.00109952	0.0005305099999999	2.814408600999999e-07	1.2089442304000002e-06	-0.00175131	-0.00010405	3.0670867161e-06	1.0826402500000013e-08	0.002161	-0.0001165799999999	1.3590896399999956e-08	4.669921000000001e-06	0.0	0.0
5092.358427295471	0.9917193840847176	25932114.352047205	0.9835073367693716	10334.982174833143	-3.785171277166228	106811856.5541188	14.327521597484212	4810.837685627327	-12.075619851077136	23144159.237452097	145.82059478772817	4851.644415918827	8968.669851917162	0.974172	27.522068	0.0786321999999999	0.0438585	-0.0700544602	0.06391955	-0.0004501242	0.0483054284	-0.0605136652	-0.0438706696	0.0603348787	0.0247614736	0.0343335543	-0.0268500963	-0.0240661144	0.0602300897	0.05806197	-0.0519499726	-0.0448886335	0.0409550909	0.0512645483	-0.0930345269	-0.0946655384	-0.0503098761	0.0192358608	0.0486416071	-0.0805451388	0.0271123304	-0.0828631964	0.0315761905	-0.0141655856	0.0151270568	-0.003943546	0.1410523738	-0.0171499017	0.0079116296	0.131290241	0.0306455893	-0.0052488674	0.0763037402	-0.1396694893	0.1133957459	0.0419370288	0.0251076601	-0.050876287	0.0740519788	0.0404782646	0.0248453792	-0.0120837073	-0.024520372	0.0306263038	0.0466329741	-0.0901039201	0.0482845185	0.0786642609	-0.0197150455	-0.0304033134	0.0116669361	-0.1021059122	-0.1510428746	-0.0137222584	0.0251399376	-0.0094578751	-0.0189358799	0.0624347368	0.0707551504	-0.0492446894	-0.1109433493	-0.0208721991	0.0527356049	-0.0478272992	-0.029154135	-0.0371323243	0.0377759093	-0.1146451944	0.0555583037	0.0672049125	0.0125942122	0.0014741342	-0.0307986153	-0.0402277996	0.0387847236	-0.0250352159	0.0414669585	-0.0900455998	-0.0109359107	0.0393598433	-0.08005828	-0.0032750144	-0.0492310988	-0.1009438884	-0.0566559813	0.0365662565	0.053278124	0.0192842273	-0.031672751	0.0292126466	0.0322390331	0.0409277542	-0.0801072592	-0.0632072181	0.0487156981	-0.0598907343	0.0754550851	-0.0243458286	-0.032995642	-0.0682311809	-0.1061865794	-0.0245141441	-0.0444530945	-0.044099007	-0.0099319726	-0.0930328773	-0.0258344874	0.004701763	-0.0235550261	0.0107362768	-0.019401438	0.0798000961	0.1364612044	0.1125206559	-0.0285837144	0.0946416174	-0.0916983012	0.1699707056	-0.0069226844	-0.0158346858	0.012795824	0.0348786372	-0.0886317017	-0.0372473535	-0.0093317242	0.0179807863	-0.0022099551	-0.0330127993	-0.0640027025	-0.0401991674	-0.0554727448	-0.0767714891	0.0627231046	0.0565650961	0.0117581944	0.1009036257	-0.1088481872	-0.013963352	-0.0109214632	-0.008612669	0.0464106765	-0.057458374	-0.0844620039	0.0515739616	0.0964928459	0.0602625065	-0.0946848395	0.0344971963	0.0487807725	-0.0345386026	-0.0211595113	0.1190550139	0.055622681	-0.0028576164	0.0073981475	0.0234100618	-0.001150247	0.0317814322	0.0239451527	-0.0263633314	0.0432403031	-0.0603115989	0.0317631162	-0.0049943963	-0.1183484658	-0.0128297455	-0.0088728483	0.0827283419	-0.0225787561	0.0651850824	-0.0518176072	-0.0396237924	-0.0338256676	0.0274576803	-0.0104316102	-0.0662789067	0.0668228807	-0.0347200244	-0.0572162003	0.0812239177	-0.008800564	-0.0740710399	0.0748824	-0.0038347999999999	1.4705691039999997e-05	0.00560737382976	-0.0492054	-0.0350619	0.00122933683161	0.00242117138916	0.542201	0.020621	0.000425225641	0.293981924401	-0.00125094	-0.0001514199999999	2.2928016399999997e-08	1.5648508836000003e-06	-0.0016701	8.120999999999996e-05	2.78923401e-06	6.5950640999999945e-09	0.00231066	0.0001496599999999	2.2398115599999944e-08	5.3391496356e-06	0.0	0.0
5089.527698053772	-2.830729241699373	25903292.189256527	8.013028039811909	10336.36278031501	1.3806054818669509	106840395.52628145	1.906071496561076	4812.7369426538735	1.8992570265463653	23162436.879185352	3.6071772528857418	4853.1779978140685	8991.041422208567	0.968332	27.357061	0.0669176999999999	0.0320209	-0.0580804728	0.0615463108	0.0279896881	0.0170409822	-0.042318421	-0.0687133717	0.0577120345	0.0200412494	0.0078851431	-0.0421474883	-0.0462561766	0.0268663639	-0.0081658464	-0.0277619997	-0.0753607583	0.0221298164	0.0538648684	0.0064750017	-0.0325183113	0.0038091985	0.0606236453	0.0121170839	0.0037254454	-0.075699037	-0.0165619608	0.1465136315	0.0248277758	0.0190505193	-0.0779643786	0.030835957	0.0684516457	0.0623911365	-0.0048250923	-0.1062173414	0.049435636	-0.0529695198	-0.0263356107	0.0364433373	-0.0090268581	-5.95803e-05	0.0190183637	-0.0366153813	0.0694904279	-0.0044294575	0.0767216551	0.0051227465	0.0244877939	-0.0504472926	0.0586111826	0.1412536577	-0.0234260337	0.0052308052	0.0122809782	-0.0853620626	-0.038645245	0.0044051166	-0.0628183754	0.0776566295	0.0480387726	0.069606094	-0.0819074192	-0.0260762162	-0.1846999393	0.0241173941	0.0051083368	-0.010917031	-0.0015243793	0.0190051584	-0.0195187284	0.0340244307	0.024785551	-0.0154045742	-0.0011721246	-0.0076604928	-0.042168802	0.0147680763	0.0899981631	-0.0015824793	-0.0138489515	0.0813320041	-0.0473810422	0.0222525284	0.1210267385	-0.0654719974	0.0744117281	0.0116409553	0.1064656696	0.0966449533	-0.0031962395	0.002843406	0.0144824815	0.0374795081	0.077250337	0.0268004335	-0.1008598853	0.1002308175	0.0052322494	0.0328904105	-0.0810096266	0.0540816612	-0.0232649169	0.0063927073	-0.0307356896	0.003945271	-0.0307400205	-0.0208875123	0.0496953991	-0.0774733277	-0.0438002268	0.0664170462	0.1366481328	0.0222568701	0.0713462558	0.0466980586	-0.0170276269	0.0260137533	0.0298380996	0.0897163703	-0.0329876538	0.0659863096	0.0699541278	0.0124230801	0.0180481626	-0.0187235746	-0.0279287522	0.023897208	-0.0762033668	0.0205170648	-0.0549949019	-0.0315848385	-0.0102569503	0.0157406069	0.1565968403	-0.0665284476	-0.0063150445	0.0348407421	-0.0015262872	0.0685804238	-0.009425611	-0.0445724663	0.001980626	0.1060476648	0.0321262561	-0.0870381533	0.0628848841	-0.0005522594	0.1666697668	0.0054493521	-0.0255665882	0.0356655349	0.0314308914	-0.0316901132	-0.0136080784	-0.0288775052	-0.0255242923	-0.0157088762	-0.0223515015	0.0380615122	-0.0236338214	-0.0213301261	-0.0652080264	0.0700671728	-0.0092400153	0.052456896	0.0226745094	0.1269000883	-0.0404916405	-0.0530471084	-0.0640663886	-0.0185980891	-0.1194724849	-0.0587877492	-0.0773191933	-0.0192942151	0.0414178497	0.0369261333	-0.1192449583	0.0570597222	0.0996197502	-0.0502923604	-0.0356127639	-0.0557463508	0.0820870153	-0.0126874127	-0.0715098565	0.0757377999999999	0.0008553999999998	7.317091599998206e-07	0.0057362143488399	-0.0406841	0.0085213	7.261255369000005e-05	0.00165519599281	0.548307	0.0061059999999999	3.728323599999932e-05	0.300640566249	-0.00162772	-0.0003767799999999	1.4196316839999997e-07	2.6494723984e-06	-0.00200439	-0.0003342899999999	4.0175792721e-06	1.1174980409999992e-07	0.00199303	-0.00031763	1.008888169000001e-07	3.972168580899999e-06	0.0	0.0
5091.384149875081	1.8564518213088377	25922192.5615992	3.4464133648409008	10353.721145666126	17.358365351115935	107199541.56221388	301.31284766282226	4806.643797126258	-6.093145527615889	23103824.59245233	37.1264224207055	4846.131905626324	8980.769005343729	0.959669	27.11231	0.0901381	0.0431671	-0.0876107795	0.0477196884	0.0217942188	0.0212577013	-0.0771160527	-0.0413004097	0.0545500173	0.0230428151	0.0012970669	-0.0504526986	-0.0536629335	0.0684226503	0.0335948658	-0.0829637261	-0.0165720674	0.0390732671	0.134024068	0.0271602351	-0.0085784462	0.0852670683	0.0733427032	-0.1037630214	-0.0155111879	0.0284304779	-0.0249076195	0.13626673	-0.0047024863	0.0702012826	0.0210636231	-0.0566962544	-0.0366267605	0.0310544283	-0.0498674762	0.0267856013	0.0220557701	-0.0191926168	0.0309052458	0.0542442918	0.1003522767	0.1546538905	0.0657086961	-0.010217749	-0.0609591824	-0.0085981678	-0.0588617006	0.0189446488	-0.0067695947	-0.0327169981	0.0766945785	0.0055346294	-0.0466592437	-0.056045705	-0.1135244399	-0.1440028629	-0.0020772391	-0.0481297347	-0.0734036919	-0.0478160236	-0.0441667871	0.0248328578	-0.0043761745	0.0161748556	0.0301571984	0.0361973197	-0.0510988098	-0.0592196779	0.1010524815	0.0217898056	0.0939711217	0.0427249292	-0.0389195259	-0.026361117	-0.0272012332	-0.0775912779	-0.0137982245	0.0729580028	0.0268746226	-0.0321689507	-0.0435081766	-0.0045028853	-0.0600126606	0.0060078604	-0.02674875	0.0185430414	0.0532453585	0.0511007771	-0.0448395946	-0.0434025122	0.0620374071	-0.02859371	0.0579306607	-0.0410415564	-0.0137727092	-0.0239774821	-0.0052476541	-0.02715254	-0.0423316737	0.082248869	-0.0369741056	0.0928429314	-0.0618939498	-0.0622902492	-0.0144951778	0.0807478197	0.0794702914	0.0333470258	0.0796544522	-0.0133470741	-0.119750249	0.0828749563	0.0831409768	-0.0570966237	-0.0113488497	-0.0421331115	0.0252679851	-0.0698712391	-0.0273476513	-0.0397615877	-0.0335385481	0.0303821838	0.0590610588	-0.056368211	-0.0737307344	-0.1377639488	-0.0420249653	-0.0221173703	0.0695059907	-0.0463150344	0.0683366557	0.0100735364	0.0261850936	0.0518762777	0.0549333123	0.0637857406	0.0624907417	0.106382017	0.0351007725	0.1186892324	-0.0472897431	-0.0381507556	-0.0615809856	0.0102795096	-0.0897319721	-0.0088798787	0.0137673133	-0.0075025477	-0.0440056311	-0.0826309829	0.0295864389	0.0533490279	-0.0649834828	-0.0583536251	0.1126237512	-0.0130874865	0.03858326	0.0148705166	-0.0626738876	0.0277385223	-0.0670118961	0.0491428846	-0.0654128496	-0.0380772359	-0.0305341531	0.0025977145	-0.0545254445	0.019136956	-0.0045929515	0.0239573614	-0.0436472104	0.0754672178	0.0363115371	-0.0120154347	0.0302912219	-0.0117048427	0.0690969445	-0.0319475209	0.0568837229	0.0394364738	-0.0132344038	0.0504647935	-0.0365008217	-0.0542471886	0.0828530009	-0.0165475795	-0.0687137175	0.0686049	-0.0071328999999999	5.087826240999858e-05	0.0047066323040099	-0.0619183	-0.0212342	0.00045089124964	0.00383387587489	0.5363	-0.0120069999999999	0.0001441680489999	0.28761769	-0.00095341	0.00067431	4.546939761e-07	9.089906281e-07	-0.00193253	7.185999999999998e-05	3.7346722009e-06	5.163859599999997e-09	0.00224214	0.00024911	6.205579210000015e-08	5.027191779600001e-06	0.0	0.0
5086.833970864673	-4.550179010408101	25875879.847142853	20.704129026758444	10346.642268917056	-7.078876749070332	107053006.24094108	50.11049602852855	4804.012879423618	-2.6309177026396355	23078539.745668	6.921727958062617	4844.8020335045485	9015.616920085213	0.970563	27.420101	0.0911699999999999	0.0441522	-0.0895802769	0.0385171541	0.0318876605	0.0374306419	-0.0689443476	-0.0557845034	0.0336091655	-0.0124719686	0.0053489396	-0.0252700392	-0.0630017375	-0.036162902	-0.0004316245	-0.1076733619	0.0299116838	0.0886604447	0.0418890749	-0.0686435617	-0.0287115216	-0.0704293197	0.039021744	-0.0204975247	0.0141667474	0.010522091	0.0208879959	-0.0456982737	0.017988931	0.0327751605	-0.0454993252	-0.0184729679	0.1061037329	0.0058623435	-0.0177548874	0.0455589839	-0.1358487281	-0.0189315356	0.1231069967	-0.0171885964	-0.0580349871	0.0852149497	0.0255922457	-0.0453417927	-0.0241798791	0.000697635	0.0202639428	0.0060760922	0.0438424643	-0.1197785504	0.0436211692	-0.0307204063	0.0279060681	0.0002363083	0.0329576208	-0.0509726348	-0.0420194131	0.0647271601	-0.057896919	-0.0382850166	0.0514051406	0.0450488555	-0.0059720713	-0.0412734986	-0.0691724548	0.124239039	-0.0997946607	0.0241631967	-0.0232217083	-0.1160058286	0.0162927249	0.0209789717	-0.1108221154	0.0380023899	0.0695038497	0.0618869583	0.0090596792	-0.0148601768	0.0576757745	-0.0019881123	0.0687405132	0.0364740355	0.0083289899	0.0525095772	0.0226877388	-0.0898210307	0.0557756841	-0.0274860802	0.0479952476	-0.0690749971	0.0181104748	0.1003893464	-0.0237094087	0.0009341701	-0.0082243934	-0.0060865865	-0.0285031028	-0.06185839	-0.014235013	0.1125900847	0.0062368303	0.1033634029	0.0197563493	-0.0370991922	-0.0080324601	-0.0779329847	-0.0312689181	-0.032447499	0.0416399323	0.0222859461	0.0118410923	0.0043617414	-0.0231183291	-0.0378864007	0.0563490924	0.0432786062	-0.0987479465	0.0027850856	-0.0201330977	-0.0712768787	0.0764340932	0.0604211116	-0.1170958542	-0.0936608925	0.0418587365	-0.0822541334	-0.0214404435	0.068051572	0.0560870721	0.0083884707	-0.0551324748	0.0992735019	0.0497924621	0.044835136	0.0371886516	0.0173970127	-0.0034230164	-0.0295447623	-0.0111396902	0.0579230461	-0.0745337696	-0.0471444621	0.0475134162	0.0079188108	0.0102130694	-0.0911727969	0.0215907784	0.0015572716	0.0816844086	-0.1355153081	0.0086673395	-0.0195356935	-0.0047072766	0.110459681	-0.0357667204	-0.0026345255	0.1320275514	0.0304547982	-0.0358997599	0.0378911986	0.0766867668	-0.0128278905	-0.023259518	0.0531728305	0.0421950081	0.0121182452	0.0631514773	0.0124709826	-0.0648527648	-0.0511139456	-0.0564607044	-0.0068510168	-0.0587047616	-0.0476811249	0.0954448091	-0.0400428328	-0.0803419395	0.0180704801	-0.0014826091	0.0209457018	0.0251721484	-0.0076076197	-0.0373840812	-0.052719502	0.0835209683	-0.0203729465	-0.0656918102	0.0759335	0.0073286	5.3708377960000064e-05	0.00576589642225	-0.0252629	0.0366554	0.00134361834916	0.00063821411641	0.531429	-0.0048709999999999	2.37266409999996e-05	0.282416782041	-0.00148398	-0.00053057	2.815045249e-07	2.2021966404e-06	-0.00208885	-0.00015632	4.363294322500001e-06	2.4435942400000052e-08	0.00240155	0.00015941	2.541154810000001e-08	5.7674424025000005e-06	0.0	0.0
5079.8327423624105	-7.001228502262165	25804700.69037721	49.017200540888126	10339.382679592683	-7.259589324372428	106902834.19506118	52.70163715854212	4793.913185883535	-10.099693540082626	22981603.633788027	102.00380960358672	4833.829107535828	8967.43822228611	1.051831	29.716045	0.1931668	0.0940292	-0.1479418209	0.0204897528	0.0255607278	0.1122475952	-0.117861485	-0.0727941432	0.0310531863	0.0435731997	0.0285496793	-0.0550396526	-0.0403554668	-0.0467683233	-0.0396200776	-0.1614612377	0.0294146124	-0.1380466649	-0.1027581626	-0.0465922613	0.0695260521	-0.127731772	-0.0268913205	-0.0288284976	-0.0198455867	0.0557187915	0.0322790251	-0.0593979796	-0.0793429791	-0.0627160887	-0.1289126348	-0.0790744058	-0.1482554663	0.1068618574	-0.063210315	-0.0055587237	-0.0018219276	-0.0320178065	-0.0763561236	0.1053874218	-0.0538385577	-0.0693079416	0.0220837508	-0.1037268742	0.02601457	0.0292480532	-0.0346843967	-0.1119015958	0.0402022818	0.1336630278	0.0064732599	-0.0188915163	0.0305987066	-0.0588259448	-0.0608669985	0.074903509	-0.0007388486	0.013178638	0.0357812574	-0.0754954966	0.0357040879	-0.0859278226	-0.0160059959	0.0779820449	-0.0778864692	-0.1064537836	-0.06677703	0.0025649351	-0.0413434577	0.0199451381	0.0280206323	0.0151678789	0.0200557334	-0.0282028725	-0.0125792303	-0.0128714664	0.0038189414	0.0415952248	-0.0405035724	-0.0007700522	-0.0119885867	0.0820338714	0.0004147728	0.0273466241	-0.0258708354	0.0404897282	0.0344195196	0.1714944937	-0.0404012174	-0.0866312352	0.0482093811	0.0401581069	0.0007623419	0.0163670944	-0.0422020915	-0.110871324	0.0488941743	0.1344421621	0.024703235	0.1651123179	0.0302569712	-0.1171858171	-0.0599601351	0.0483968785	0.121489957	-0.1252170967	0.0126883186	0.0046786305	-0.0480577962	0.0410925226	-0.0185621747	0.0365993732	-0.1122800982	0.1002769102	0.1149189254	-0.0364756104	0.0525762503	-0.1894158743	0.0329903794	-0.0009996703	0.0127621241	0.0233366956	0.0753352897	0.0290475049	0.0452028464	0.1052250434	-0.0324373649	0.090801984	-0.0333645855	-0.0232452536	0.0538314835	-0.0135106192	-0.137429361	-0.0928680588	-0.0474495816	0.093530576	-0.0296104298	0.0808470727	0.0247826293	-0.082649939	-0.0032988605	0.0084934082	0.0254897913	-0.1019792292	0.0451984548	0.0206651288	0.0423032749	-0.0925968622	0.0390883347	0.0451493896	0.1102121064	-0.0252352449	0.059832447	-0.0088229417	0.0419474185	-0.0067212557	-0.037618174	-0.0114070915	-0.0151321177	0.0089698608	-0.02643841	0.0381727281	0.0073599762	0.012953574	-0.0543264533	0.0926705592	0.0144072051	0.0353249248	-0.0208288328	0.0746469406	-0.0205785474	0.1563364005	-0.0004715698	0.0164494307	0.053959037	-0.0074865369	0.0055892728	0.0418727657	0.0739563897	0.0464995958	-0.0334534123	-0.1377678386	-0.0382624261	-0.0511640943	0.0840901273	-0.0241554689	-0.0624540634	0.0660985	-0.0098349999999999	9.672722499999992e-05	0.00436901170225	-0.0584597	-0.0331968	0.00110202753024	0.00341753652409	0.495247	-0.036182	0.001309137124	0.245269591009	-0.00013621	0.0013477699999999	1.8164839729e-06	1.85531641e-08	-0.00292951	-0.00084066	8.582028840100001e-06	7.067092356e-07	0.00231092	-9.062999999999996e-05	8.213796899999993e-09	5.3403512464e-06	0.0	0.0
5074.276566206834	-5.556176155576395	25748282.67035582	30.87109347179569	10296.454408632038	-42.92827096064502	106016973.38903816	1842.8364476705588	4800.770459077205	6.857273193669244	23047397.000748355	47.02219565261478	4840.6895568158425	8930.096367228203	1.016473	28.717136	0.06103023	0.0300896	-0.1347444339	0.022368356	0.0275488572	0.0852330678	-0.1010017907	-0.1287843626	0.0397490319	0.065018128	-0.0182188991	0.0083995421	-0.0821138752	-0.0330256429	-0.0136286661	-0.174507998	-0.044291137	-0.1509279857	-0.0293324315	0.1159451196	0.0115886081	0.1311090378	-0.033444586	0.0117375702	-0.039777429	-0.0190931862	-0.0855347982	0.0340656165	0.0407770897	0.0110193199	-0.0569686083	0.1941494113	0.0949997352	0.0396134779	-0.0593518781	0.0216054176	0.0184346602	-0.1156385138	-0.0075555102	0.0747692581	-0.0138445486	0.0049680337	0.1146285263	-0.012593561	-0.0304432249	0.017340316	-0.030205372	0.0014187026	-0.054752612	-0.0415298525	-0.0632556952	0.0029441237	-0.0609580032	-0.0519994573	-0.0164443228	-0.0075489057	0.1548581989	-0.0340261114	-0.0127770239	-0.0754066815	0.0199917074	0.0387469202	0.0197633041	-0.0198408307	0.0042252863	-0.0754862633	0.0329338117	0.0293096437	-0.000544044	-0.0329467088	0.0440492392	-0.0273492371	-0.0031643337	0.0527530248	0.0472941188	-0.0050432263	0.0846330426	0.0043065076	-0.0126333869	0.0438363437	0.0033964294	-0.0677890242	0.0277262269	0.0528888978	-0.0077841665	0.0279769744	-0.091758321	0.0423601047	-0.0332528933	-0.0244869716	-0.0618078805	-0.0035824781	-0.0221213292	0.0225595161	0.0294940113	0.0351535823	0.0411231681	-0.0069054153	-0.0036770126	0.1753119136	-0.035767599	-0.1331503055	-0.0642265437	0.0750901485	-0.0301734247	0.1327154285	0.0500923192	0.0487807794	-0.0495626907	-0.0547921643	-0.0618413931	-0.0524431204	0.0611451116	0.0597278021	0.0877497617	0.1627790747	0.0342128917	0.1238438999	-0.0052883688	-0.0687214213	-0.0308690714	0.111254898	0.0689508428	-0.000147332	0.0317285008	0.0025890078	-0.100809827	0.0142223972	0.0313649595	-0.0517472343	0.0314080308	-0.0053780936	0.0048553401	0.0623286475	-0.0393551891	-0.0498899269	0.062830301	0.0515199409	-0.0366924383	-0.0091703399	-0.026332064	0.0677507454	-0.1200510005	-0.094303087	-0.0276642614	-0.0445022491	-0.0404973494	0.033334823	0.0006850442	0.0645867307	-0.0230820773	-0.0394130741	0.0132592589	0.0321782236	0.0541811406	0.0397325728	0.0217378799	-0.0320623536	0.0240401187	0.0226684237	0.0532700206	0.063512967	0.0576141131	0.0184683287	0.004995527	-0.059406846	-0.0022612216	-0.0127906363	-0.058200442	0.020055307	0.0957402904	0.057693421	0.0272104963	0.0881951391	-0.0027446337	0.0008468123	-0.0267216485	0.0204273146	-0.0561566186	-0.0477254315	-0.0019049627	-0.0814886376	-0.039135741	-0.0495817833	0.0845598046	-0.027887192	-0.0590111152	0.0648566	-0.0012419	1.5423156100000105e-06	0.00420637856356	-0.0366256	0.0218341	0.00047672792281	0.00134143457536	0.503274	0.008027	6.44327290000001e-05	0.253284719076	3.82846e-05	0.0001744946	3.0448365429160006e-08	1.46571059716e-09	-0.00270702	0.00022249	7.3279572804e-06	4.9501800100000046e-08	0.00210936	-0.00020156	4.0626433600000154e-08	4.449399609599999e-06	0.0	0.0
5088.835569506875	14.559003300040786	25896247.45347836	211.96457709059848	10333.870156693629	37.41574806159042	106788872.4154032	1399.9382030084073	4812.391531785934	11.621072708729116	23159112.255204964	135.04933090156868	4852.00197288293	8942.073131551253	1.118778	31.607433	0.0713284799999999	0.0428276	-0.1278504739	-0.0208473379	0.0702180141	0.0052262973	-0.1218828654	-0.0820961603	-0.0276989686	-0.0497308671	-0.0171068279	-0.0487908101	-0.0367590696	-0.03105248	0.0688224172	-0.13069312	0.0266667483	-0.0137260803	-0.0531773933	0.0099111311	-0.0635672453	-0.0220372901	-0.0646638023	0.0075141853	0.0497765881	0.0442061577	0.0618104168	-0.0558445943	0.0392128526	-0.010392274	-0.0357742766	0.008269653	-0.114950035	0.0468987777	-0.0120005572	0.0102207279	-0.1218865995	0.113642691	0.0671276515	0.0386893303	0.0455621389	0.0580574846	0.0386930045	0.0637400235	0.0705175038	-0.0382137947	0.0672103463	-0.0175427165	-0.0654608327	0.0231832289	0.0027962539	-0.0462656783	-0.0760574633	-0.0921358175	0.0586747039	-0.0292779675	0.0446080118	0.0264305766	-0.071945638	0.0186163221	0.1535669605	-0.0250416475	0.0074278853	-0.0530253727	-0.0004718833	0.0660242331	-0.0824620318	-0.0514043026	-0.0125866971	-0.0056960893	-0.0013741772	-0.0630326613	0.0375797822	-0.0013278973	0.0086348866	0.0567411236	-0.0294227493	0.0520942803	-0.1220625054	0.0212409988	0.0216588873	0.0258573256	-0.0650051181	-0.0831332042	0.0059980285	-0.0670191884	0.0171201074	0.0328128926	-0.0790293027	0.1544384355	0.0496082214	-0.0680372106	-0.049107067	-0.0216651568	0.1058923834	0.0173561074	0.0803137529	0.0435850198	-0.0850495416	0.1234236099	0.0334021152	-0.0266917103	0.0180052402	0.0494116169	-0.0334686935	-0.0444546779	-0.0112959195	0.0543904182	-0.0066363358	0.0759937506	0.0712501567	-0.0144995053	-0.0307703624	-0.0008546893	0.0526038949	0.001435828	0.0948376277	-0.0913147388	0.0328470815	-0.0167986919	0.1102192378	-0.0589779149	-0.0451431636	-0.1182334907	-0.0428638787	-0.0372710528	-0.0584259654	-0.0684048333	-0.0375091758	0.0448615438	-0.0460993404	-0.0517849749	-0.0122505962	0.0403984474	-0.0505739275	0.0298997194	0.0302783064	0.0182671924	-0.1492958787	0.0162862822	-0.0988233289	-0.0295249731	-0.0606655874	0.0065357677	0.1033024882	-0.0632022108	-0.0384481867	0.026619891	0.0075208068	-0.0980458835	0.0702049082	0.0360007764	-0.0037346136	-0.0072195882	-0.0542638105	0.0719955963	-0.0180495172	0.006034991	0.0557362438	-0.0727183979	-0.0029136819	0.0492386465	0.0474707877	0.014365731	-0.0205801935	0.1001349264	-0.0194324534	-0.0253964076	0.0686237944	-0.1141042204	-0.0027837137	0.0570348898	0.0452105555	-0.0948715657	-0.1308127928	0.0955519643	0.0101789575	-0.0366819123	-0.0852147348	-0.0133417086	-0.0654676133	-0.0472428915	-0.0400039112	-0.0479734011	0.0849294446	-0.0315602679	-0.0553742778	0.0692015	0.0043448999999999	1.887815600999999e-05	0.00478884760225	-0.0541301	-0.0175045	0.0003064075202499	0.00293006772601	0.497605	-0.0056689999999999	3.213756099999977e-05	0.247610736025	-0.000625097	-0.0006633816	4.4007514721856e-07	3.9074625940900003e-07	-0.00266817	3.885e-05	7.1191311489000005e-06	1.5093224999999995e-09	0.00193539	-0.0001739699999999	3.0265560899999955e-08	3.7457344521e-06	0.0	0.0
5095.584261953678	6.748692446803034	25964978.970670007	45.54484974153632	10355.031218014534	21.16106132090499	107226671.52605556	447.7905162271013	4815.815211848463	3.4236800625294563	23192076.154671054	11.721585170561704	4855.434367525682	8989.687447000271	1.089045	30.76741	0.13460305	0.0638688	-0.0968029121	-0.0858978133	0.0328699939	-0.0018258167	-0.1068216318	-0.0275310587	-0.0696210375	-0.0085233221	-0.0293545459	-0.0252107736	0.0543606377	-0.0543665957	0.0785298316	-0.1138870632	-0.0271622841	0.0141572469	-0.2048779377	-0.020692868	-0.0358146262	-0.0923739186	-0.024456102	-0.0103834816	-0.0791931127	-0.0562741046	-0.0797049993	0.0501567229	0.0049446651	0.0033484068	0.042547971	-0.0928744323	0.100630401	-0.0379848107	-0.0189192804	0.1738301851	0.0455685336	-0.0869713864	0.0904856676	-0.0324551973	-0.0402815242	-0.0272060283	-0.0423696825	-0.0475791309	0.0657829134	0.0016172139	0.0457966729	-0.0218664117	0.0933325818	0.0128482561	0.0500190395	-0.0621224479	0.0763671155	-0.0138016709	-0.052000731	-0.0492477214	-0.0305412282	-0.036047472	0.083601875	-0.1096158235	-0.1006115882	-0.0123999417	0.069964775	0.0828990288	0.0356864627	0.0774156953	-0.0631864	0.0472486637	-0.0572251862	-0.0036890043	0.0774653563	-0.0428937734	0.0260748658	-0.0473448166	0.0036143981	-0.0640015111	0.0815850312	0.024493228	0.0033421337	-0.1365209923	-0.0785573298	-0.0203856155	0.0787438145	-0.1350483926	-0.0646988563	-0.1265440661	-0.0578404577	0.0183428147	0.0931100281	0.0118030326	-0.0648647577	-0.0049862294	-0.0398061504	-0.0097457838	0.0248501364	-0.0159093794	-0.0240593793	0.0735016419	-0.0890409497	0.0992536991	0.0030766466	-0.0808594047	0.1286983829	0.1080355856	0.0167454776	-0.1412933802	-0.0301722933	0.0029377905	-0.0608423263	-0.083202748	-0.0618302859	-0.0037663095	0.048733266	-0.0238657033	-0.0527753837	-0.0198890635	-0.1336112211	0.0020732858	-0.0578390792	-0.1654459522	-0.1050685132	0.0292131489	-0.0498220283	-0.0188701175	0.0107156952	0.0040328525	0.0441311696	0.0614291961	-0.0509276889	0.0405489294	-0.0842347439	0.0554121979	-0.0041177985	-0.0583362797	-0.0114297241	0.1095935548	-0.0453034528	0.0270882566	0.0720149143	0.0541015123	0.0481094242	0.0099413063	0.0407954698	-0.0915688259	-0.0897007375	0.0827367763	-0.0306183833	-0.080822921	-0.0406017244	-0.1133484193	-0.0108153244	-0.0428793188	0.051041705	0.0113446298	0.0537771752	0.0360988009	-0.0407475413	-0.0468809022	-0.0553149491	0.085565842	0.0320121987	0.035588078	-0.0298099027	-0.1228033908	-0.1064729227	-0.0566105868	0.054577128	-0.1383919316	0.095780379	-0.0967960144	-0.0109536243	-0.0192349041	-0.1301895469	0.0590622037	-0.0255993651	0.0067884701	-0.0145534954	0.0028533971	-0.0325542692	0.0130623214	0.0152341989	-0.0589792777	-0.0408668224	-0.0463397933	0.0851986098	-0.035166972	-0.0515555006	0.0713414	0.0021399	4.579172010000001e-06	0.00508959535396	-0.0072655999999999	0.0468645000000001	0.00219628136025	5.278894335999855e-05	0.527946	0.030341	0.000920576281	0.278726978916	-0.0009454	-0.0003203029999999	1.0259401180899999e-07	8.9378116e-07	-0.00215211	0.00051606	4.6315774521000005e-06	2.663179236e-07	0.00220418	0.00026879	7.224806410000004e-08	4.8584094724e-06	0.0	0.0
5095.544155765142	-0.0401061885359013	25964570.24335229	0.0016085063588772	10362.772407069626	7.741189055092036	107387051.9607236	59.92600798667673	4817.101262043033	1.2860501945697251	23204464.56877658	1.653925102952828	4856.796088358688	8968.53491775623	1.05713	29.865772	0.17365395	0.0868113999999999	-0.1266341356	-0.1340182325	0.0020627489	0.0044356732	-0.1504029545	-0.0158443874	-0.0891189569	-0.0132567548	-0.0351257738	0.0512219361	0.0389632248	0.0216532821	0.1510950325	-0.0506969269	-0.0011693213	0.0410286585	-0.0950728799	-0.0246740091	-0.0590842544	0.027809111	0.0294498695	0.062341531	0.0353762788	-0.0369224076	-0.0218645828	0.0533744772	0.0708469609	0.0915666042	0.0309166926	-0.072792577	0.0562037715	-0.1434556117	0.0437999934	-0.0697013297	-0.0672195184	-0.0222605172	-0.017911502	0.0139341577	0.0629621036	-0.050706581	0.0069840171	-0.0538606575	-0.0768364883	-0.0243647589	-0.0843265544	-0.1344661572	-0.0228245645	0.0341453861	0.0077522715	0.1466180935	0.047942056	-0.0719153534	-0.0888651352	-0.0651583674	0.0550634172	-0.0710777476	-0.0410100264	-0.0125265065	0.0439711721	0.0259465637	0.0326616399	-0.0224603437	0.0760624903	0.0447045916	-0.1098962719	-0.0645229313	0.0447756279	-0.0119233727	-0.0602955941	0.0637458378	-0.0070920918	0.0230805511	-0.0338068451	0.1832090096	-0.0708056671	-0.0243078389	0.0366747764	-0.0508645524	0.1346864261	0.0938766585	-0.0437011102	-0.0138540999	-0.0866043635	-0.0102727343	0.0778332327	0.0844949441	-0.0730381893	-0.0429838972	-0.0339184881	-0.049317405	-0.0180055758	0.0094977404	0.0274085959	0.0498026989	0.0045095769	-0.0270349502	-0.1588755356	0.0345324029	0.0229915292	-0.0543451993	0.0994677716	0.0017977254	-0.0623167193	-0.0252387439	-0.0434403096	-0.0282675037	0.0344714861	-0.0072334375	0.0099855432	-0.0117433281	0.1004654498	-0.1092587562	-0.0178697508	-0.0537277901	-0.0629575842	0.0694409055	-0.0954321576	0.0683967607	0.0706778093	0.0518325224	0.0011774648	-0.0066250296	-0.0902005069	0.0492889997	-0.005451033	0.0289099139	0.0420045991	-0.010736482	0.101659093	0.0062796824	-0.1528262298	0.0056815213	0.0630620585	-0.0481895297	-0.0623140696	0.1429986679	0.0514312063	0.0484401356	-0.0078622883	0.0139476904	-0.1029794398	-0.0096486537	-0.0065001522	-0.0509165357	-0.0374336666	0.0261126481	-0.0620098444	-0.0974224743	0.0948374031	0.0201392171	-0.0814102033	-0.0052895375	-0.0478761709	-0.0550129121	0.0269551168	0.0185043117	-0.0018478099	-0.0776947776	0.1157704434	-0.118986776	-0.0882755167	0.0073179076	0.0961523005	0.1662246819	0.0140289092	-0.038102472	0.0103214339	0.0136013849	-0.0640179404	0.1158867166	0.0528337341	0.0205752996	-0.0031633695	0.0443790914	0.0025902714	0.0119950229	-0.0126014576	-0.0417160538	-0.0185525423	0.0517667172	-0.0417243613	-0.044681819	0.085366982	-0.0386997195	-0.0475673307	0.0687162	-0.0026251999999999	6.891675039999969e-06	0.00472191614244	-0.0804238	-0.0731582000000001	0.00535212222724	0.00646798760644	0.501537	-0.026409	0.000697435281	0.251539362369	-0.000196399	0.000749001	5.61002498001e-07	3.8572567201e-08	-0.00270645	-0.00055434	7.3248716025e-06	3.072928355999999e-07	0.00207829	-0.00012589	1.5848292100000006e-08	4.3192893241e-06	0.0	0.0
5085.203974729905	-10.340181035237038	25859299.464608826	106.9193438414757	10318.924326717712	-43.84808035191418	106480199.26052658	1922.6541505479224	4817.217261948967	0.1159999059336769	23205582.148819096	0.0134559781766218	4857.52646184177	8962.684152766064	1.066345	30.12612	0.2092655499999999	0.102503	-0.0850864639	-0.1068157364	-0.0109620155	-0.019128045	-0.0976294032	-0.0415041329	-0.0515723079	-0.0199270817	-0.0275058308	0.0644417641	0.1119848534	-0.0374997054	0.1194639323	-0.0683528224	0.0120344146	-0.0212646665	-0.0335442482	-0.012093901	0.0309974286	0.0477496694	-0.0424375683	0.0107047219	0.0460585067	-0.0111086947	-0.0394598684	-0.0477563	-0.0847182232	0.0360462526	-0.0482429525	-0.0429725189	0.0320797036	-0.0373258792	-0.0947755863	-0.0542397515	-0.0171412345	-0.0491198609	-0.0864855251	-0.0235897555	-0.0834374253	-0.0429964799	0.0539647682	0.0723926763	-0.0729491862	-0.0227083128	0.0523780823	0.141231488	0.0226834593	0.1354166311	0.056218522	0.0785644599	-0.0196052908	0.0492080345	0.1192106372	-0.0330763075	0.0412871231	-0.0276342953	-0.0249407097	0.0800614264	-0.0718367049	-0.0043654068	-0.0226302393	0.0230431341	0.0574390701	0.0053811431	0.0440430634	0.0034702796	-0.0740199068	-0.139405983	-0.0892403094	0.0213913394	0.0347641749	0.0240184349	0.0180443654	0.0279597966	0.0232513395	-0.0023693865	-0.0920199797	0.0810811789	0.0710742911	0.0594669852	-0.0650417822	-0.0002458535	-0.1157889735	-0.0071321689	0.0556068474	-0.0545768135	-0.0695178503	0.0130767975	-0.0748742452	0.0134760801	-0.0589339803	0.0438856386	-0.0039068474	-0.048885805	0.0671654585	-0.1074640601	-0.128159214	0.052394252	0.0132604339	-0.055663462	0.0077569149	-0.0322340316	0.0100431393	0.022327595	-0.0270705125	0.0480313576	-0.0038405684	0.0049521889	-0.0131635844	-0.001800023	-0.0646890898	0.0271000388	0.0576177437	-0.0067928374	-0.0828731389	-0.0103325503	-0.100587224	0.0171042634	0.024646454	0.0382780954	0.0113369543	0.1053499134	0.0755849442	0.0556359261	-0.0638585301	-0.0643846827	0.0408440368	-0.0041854089	0.0028954677	-0.1761236774	0.0824896269	-0.0867523389	0.1089547769	-0.0085151492	-0.0552852911	-0.0595318109	-0.0862582047	0.0332856875	0.0400093279	0.0394456189	-0.0489859689	0.0960159868	-0.0346204291	0.0440369562	0.0400213665	-0.0071361989	-0.0547288012	0.035039313	-0.0350781523	-0.0038564327	0.0090201097	0.1576696133	-0.0778047088	-0.0410136865	-0.0219834064	0.0062659355	0.0400722904	-0.0299664599	0.0278149365	0.0337659362	0.061843106	0.0036156855	0.0828177728	0.1187731794	-0.091519067	-0.1063527386	-0.0201305447	-0.0120941029	-0.0499161693	-0.0342025482	0.0923958972	0.0073174746	-0.0318953322	0.0227479094	-0.0754437229	0.0589666678	0.0110235498	-0.0105388968	-0.0736159279	-0.0352462875	-0.0425764151	-0.04300035	0.0854343618	-0.0421510808	-0.0434228718	0.0760751999999999	0.0073589999999998	5.415488099999843e-05	0.0057874360550399	-0.0066888	0.073735	0.005436850225	4.474004544e-05	0.559429	0.0578919999999999	0.0033514836639999	0.3129608060409999	-0.00092597	-0.000729571	5.322738440410001e-07	8.574204409e-07	-0.00213278	0.00057367	4.5487505284e-06	3.290972689000001e-07	0.00218064	0.00010235	1.0475522500000035e-08	4.755190809600001e-06	0.0	0.0
5085.964170187166	0.7601954572610339	25867031.54042763	0.5778971332403124	10327.63955491852	8.71522820080827	106660138.7763176	75.95520259216374	4815.228676374119	-1.9885855748480024	23186427.205775645	3.954472588493561	4856.056127071979	8935.06738270598	1.060233	29.953421	0.1583177999999999	0.0984758	-0.119151262	-0.1165202701	-0.0720757205	0.0219539807	-0.1388787007	-0.0512921255	-0.0547061509	0.0421480578	-0.047728532	0.0995084813	0.0506289021	0.0612898476	0.1086856029	-0.0848075238	0.0519469668	-0.0399897858	-0.0448862518	0.076334954	-0.0558683463	0.1166855431	-0.0333184586	-0.0016750584	0.0351829804	0.0012897731	-0.0585901692	0.0772818585	0.0459004933	0.0063218713	-0.0004211081	0.005154312	-0.0347378723	-0.0582159225	-0.0660294196	0.044836019	0.0266486794	0.0868232688	0.0199013097	-0.0211736374	0.0586557554	0.0152062902	-0.0569789154	-0.0723219881	-0.0472308986	-0.0045900654	0.016835468	0.0186237456	-0.0389569522	0.0595761661	0.0249010918	-0.0942138351	0.0047647299	-0.0210395656	-0.0592197312	-0.0216098881	-0.0054600261	0.0470806535	-0.039884187	0.0629315419	0.0201679976	-0.1084390133	-0.0750347021	0.0733755303	0.0004909102	-0.0700889307	-0.0110520471	0.0551177044	-0.0173160106	0.0717656378	-0.0109809977	0.1051132681	-0.0141676496	-0.066030239	0.0050013536	-0.008263708	0.154846798	-0.0199253923	-0.0513166322	0.0100968724	-0.0287889414	-0.0212733266	-0.008740661	0.1004360286	0.0181834332	0.0117784645	0.0024079088	-0.0023827858	-0.0183068532	0.0251546926	-0.1191898821	0.0020807865	0.0573029242	-0.2038056208	-0.0750157378	0.0924646859	0.1069449391	-0.0294637361	-0.1213624854	0.0685119411	0.0649176151	-0.0800355732	0.0169897457	0.0347396518	-0.084760545	0.0910967121	0.0071520949	0.0749696567	0.0072022236	-0.0028844495	-0.038339902	-0.0251514958	0.0940524623	0.0098757573	-0.0016733555	-0.0069179353	0.0478844814	-0.0022721994	-0.0890283507	-0.0206773667	-0.0258386067	-0.0911177721	-0.0174744065	-0.0221708598	-0.0506839718	-0.0277327512	0.069642834	0.0495653692	0.0219898914	-0.0302019676	0.021868952	-0.0854491989	-0.0037672383	-0.0048990797	-0.059146041	0.0904661986	0.0231227752	0.0159009494	0.0176965847	0.0325789262	-0.0878078365	-0.0291735669	-0.0107323377	0.0491181543	0.0844689818	0.0479857364	0.0834108433	-0.0670405712	-0.0305261242	0.0612380682	0.0279533987	-0.0532365292	0.0325875761	-0.0586051019	0.0167645599	-0.1092595153	-0.0246017213	0.0228821495	-0.0332754011	0.038553846	0.0773000357	0.067206757	0.0976689633	-0.0635283254	-0.0157794333	-0.0234110868	-0.0486159898	0.0548963927	-0.0809310899	0.0335621397	-0.0103037872	-0.0280425012	0.0098631383	0.0666409335	-0.0657942041	-0.0278697228	-0.0560921332	-0.214299436	0.0865321352	-0.127728332	0.0112466967	-0.1075039869	-0.0434228718	-0.0412962704	0.0854006697	-0.0455137978	-0.039135741	0.0765145	0.0004393000000001	1.929844900000885e-07	0.00585446871025	-0.0972663	-0.0905775	0.00820428350625	0.00946073311569	0.519689	-0.03974	0.0015792675999999	0.2700766567209999	-0.00070834	0.00021763	4.7362816900000015e-08	5.017455556e-07	-0.00233639	-0.0002036099999999	5.458718232099999e-06	4.1457032099999964e-08	0.00231062	0.00012998	1.6894800400000006e-08	5.338964784400001e-06	0.0	0.0
5092.799001004649	6.834830817482725	25936601.66463395	46.71491230361158	10319.227598457608	-8.411956460911824	106486458.22876915	70.76101150027618	4813.253643543548	-1.975032830570853	23167410.63708524	3.900754681832718	4854.26269806942	8931.904617981278	1.066744	30.137371	0.11433925	0.0696385	-0.1014610519	-0.0652685713	-0.0818308976	-0.0315250054	-0.1140247717	-0.0310158124	0.0058462465	-0.0094524421	-0.0249487077	0.0984710323	0.0338881155	-0.0409644634	0.0109511682	-0.0662061568	-0.0423036367	-0.0399564282	-0.0990738251	-0.0204639104	0.0865245244	0.0801746879	-0.0287826164	0.097424437	0.0018368397	0.0604454661	-0.0388892539	-0.1338072263	-0.0198741622	0.0153351178	0.0653387624	-0.0153897329	0.0397675022	-0.0797884881	0.0185519925	-0.0207519539	-0.0435194333	0.0042891422	0.0462606296	-0.0155844391	0.0834986848	-0.046700127	0.0529555428	-0.0124460747	0.0552301914	0.0687423079	-0.0866025475	0.0816991929	0.0137418182	-0.1086415415	-0.0329980707	-0.051506147	0.0912618999	0.011344799	-0.0247606781	-0.0942810416	-0.0963884436	-0.0956279196	0.0028938169	0.0714072271	0.0494541659	0.0170021692	0.0824415094	-0.0489586948	-0.0003612781	0.0087591858	0.0530745997	0.0782416557	-0.01868116	0.0674127284	0.0744550782	-0.0146705836	0.0101446648	0.0657428741	0.0815239759	0.1178387193	0.0265087614	-0.0246233216	0.0344543552	0.0859234856	-0.0292674201	-0.0821514562	-0.0724404827	0.0791056234	-0.1114558859	0.003546529	-0.0531243129	0.0097606317	0.0724252017	0.0412934375	-0.0208375713	0.0735349813	-0.0788581865	-0.007967327	0.046206535	0.0082916816	0.1402951369	-0.0199661867	-0.0204528298	0.0526528647	-0.030275802	-0.1543985462	0.0724176795	-0.0528323881	0.0394499716	0.0558900737	-0.0084967242	-0.0362690985	-0.0627923413	0.0637996384	0.0161305807	-0.1010181931	-0.0913507289	-0.0321208035	-0.0398503972	-0.0082859648	-0.0505178658	0.0525175458	-0.0409074009	0.0129869793	0.0367720209	0.0231423782	-0.0363747684	-0.0334623669	-0.090723994	0.0137628278	-0.0413342891	0.0075475613	-0.0846220183	-0.0800767683	0.0314573054	0.0792625799	0.1166902466	0.0356586635	-0.050160331	-0.0161458589	-0.044382696	-0.0041685996	0.0899873027	0.1202280374	0.0605560822	-0.1066838126	-0.0012735528	0.0518506071	0.0438355097	0.006852837	-0.1021178427	0.0397304385	0.0274841711	-0.0182216138	-0.0568323156	-0.0679688196	0.0423132447	-0.0439336687	0.0486847061	0.025011932	0.0560359919	-0.0149266421	0.1007109026	-0.0126453014	0.0995562023	-0.0308907716	0.0049174657	0.0686733334	0.0129177487	-0.0599028464	-0.1487590562	-0.0510597489	-0.0590535898	0.0381723387	0.0604464428	0.0297408041	-0.0676533232	-0.0416059989	0.0029810909	0.0382791097	-0.1086842626	-0.0192222501	-0.0409714744	-0.0858624637	-0.1269810616	-0.0603616822	-0.0442636201	-0.0395704763	0.0852659454	-0.0487807985	-0.0347200244	0.0763864999999999	-0.0001280000000001	1.6384000000025665e-08	0.0058348973822499	-0.0297681	0.0674982	0.00455600700324	0.0008861397776099	0.537882	0.018193	0.000330985249	0.289317045924	-0.000985661	-0.000277321	7.690693704100006e-08	9.715276069210002e-07	-0.0022619	7.448999999999997e-05	5.116191609999999e-06	5.548760099999996e-09	0.00209203	-0.00021859	4.7781588100000126e-08	4.3765895209e-06	0.0	0.0
5100.16043409412	7.361433089471575	26011636.453499127	54.19069713076701	10371.733261498022	52.50566304041422	107572850.8476644	2756.84465131352	4803.544991342136	-9.708652201411496	23074044.483848125	94.25792756797227	4844.166773012322	8957.791309911225	1.06913	30.204796	0.0713131499999999	0.0449696	-0.139210397	-0.0563461049	-0.1323073714	0.0271618941	-0.1711371145	0.0144711377	0.0002333248	0.1051330256	-0.0057617004	0.1060454615	0.0708530646	0.0326120737	0.0012380862	-0.1611314181	-0.0295188412	-0.0297148835	-0.061436673	-0.016760255	-0.0533731678	0.0820112395	0.0942879944	-0.0292989242	0.0269708454	0.0508910142	-0.0928826466	-0.049861526	0.007945412	0.0924295985	0.0549417678	-0.0471519256	0.0842040053	0.0153749797	-0.0665273014	-0.024888134	0.0199827367	0.1191364626	-0.0258500532	0.0470740765	-0.0399155748	-0.0698385874	-0.1082016072	-0.0419571244	-0.021825988	-0.1468537939	0.0410521896	0.0044681534	0.0651959194	-0.1139557704	0.0152360467	-0.0121537398	0.0956268664	-0.026375925	-0.0386175704	-0.0251309128	-0.0008885285	-0.0582692089	0.0363452327	-0.0394686305	-0.0016320913	-0.0823704608	0.0181986989	-0.0709871283	-0.0027535849	-0.1052950186	-0.0512265055	-0.0745443357	-0.0354238221	-0.0535583486	-0.0001419449	-0.0316027692	0.0399184589	-0.0479221718	0.0377852429	-0.0861849809	-0.0704545848	0.1094800836	-0.0850303822	0.0032318718	0.0106905611	0.0667490563	0.0849162209	-0.0103405974	-0.0458611172	0.0472299924	-0.0262324668	-0.0787311475	-0.1074097709	0.0569740231	0.0289330663	-0.1561412141	-0.0348193937	-0.0386313766	0.0389392808	-0.0126063564	-0.0903388036	-0.0089440976	-0.0188579907	0.1479506551	-0.0484071305	-0.1171478251	0.0328343245	-0.0408376547	-0.08535288	0.0231200309	0.0295865771	-0.008744061	0.0908294232	0.0179746105	-0.1210322504	-0.0412552414	-0.0486783582	-0.0951112954	-0.0216225135	0.0789832571	-0.0821183979	-0.0373699051	-0.0561178795	0.0506682435	0.0064622805	-0.1019794253	0.0379491635	-0.0479270155	0.0314805984	0.0596594394	0.0950645562	0.0738774891	0.0430834936	0.1476318874	-0.0240083859	0.0415317024	0.037177232	0.0204881173	0.0270072039	0.0119529382	-0.0515477408	0.0242002132	0.0805973325	0.0543785726	0.0187053386	-0.0422386753	-0.0296169706	-0.0888658895	0.0462332481	0.0612468962	-0.0032861987	0.0712430345	0.0111288321	0.0388776838	0.1210409973	0.0222805955	0.0274321803	0.052765942	0.0257438223	0.0302695242	-0.0555231986	0.0366664682	0.0381824563	0.006956091	-0.0979976785	0.0965517994	-0.0195533488	-0.0044171255	-0.0304987589	0.083912325	0.0726150386	-0.1080228295	-0.0008677487	0.0109917064	0.0353062306	-0.0747787483	0.1413397947	0.0248212426	-0.0624557616	0.1001688522	0.0792951227	-0.0323898138	-0.013034316	0.0687304625	0.0444605989	0.1266240043	-0.0450985495	-0.0378238752	0.0850303483	-0.0519452125	-0.0301902304	0.0689686	-0.0074178999999998	5.502524040999843e-05	0.00475666778596	-0.0684179	-0.0386498	0.00149380704004	0.00468100904041	0.517908	-0.0199739999999999	0.0003989606759999	0.268228696464	-0.001081	-9.533899999999984e-05	9.089524920999971e-09	1.168561e-06	-0.00225909	2.809999999999792e-06	5.103487628100001e-06	7.89609999999883e-12	0.00208475	-7.280000000000134e-06	5.299840000000194e-11	4.346182562499999e-06	0.0	0.0
5102.34736839395	2.1869342998297725	26033948.66775667	4.782681631771937	10367.156285011852	-4.576976486170679	107477929.43786074	20.948713754959297	4802.207085400329	-1.3379059418075483	23061192.89106912	1.7899923091239434	4843.798686296757	8965.800285447756	1.098908	31.046078	0.0656841	0.0460585	-0.143312679	0.0073680603	-0.1004229019	-0.0198261657	-0.1397774534	0.0124393517	0.0572127726	0.0601290685	-0.0440104973	0.0757777909	-0.0038297073	-0.0747068051	0.0176091588	-0.160204163	-0.0771443574	-0.0758495731	-0.0393086696	0.0945219368	0.0147968165	0.0383202453	0.0656827871	-0.0301060761	0.0238090585	0.0118179616	-0.0959943403	0.0202864948	-0.0357730262	0.0161854323	0.0550580613	-0.0089220294	-0.0843050557	0.0516637693	0.0092880193	-0.0075719045	0.0421532218	0.0395752531	0.0039029107	0.0332537665	0.0575755601	-0.0117629676	0.0782686548	0.1018650658	-0.0504308607	0.0619496462	0.0382601453	0.0088979816	-0.0122809361	-0.0940499762	-0.0637621523	0.0587962691	0.0038296061	-0.0631007105	-0.1643650583	0.0241980105	-0.0384594371	0.0358072534	-0.0976870284	0.0286501373	-0.0848357662	-0.0279991007	0.0712351415	-0.0307495084	-0.0288132336	-0.0744619941	0.031464868	-0.1135203182	-0.0196153061	0.0844050444	-0.0912954453	-0.0109291492	-0.0089846897	-0.1069349897	-0.1098516913	-0.0447329437	-0.1095079172	0.0056331656	-0.0379908623	-0.0450080071	0.0216889492	-0.0638915223	0.0939321076	0.0977053348	0.0218462275	0.0143370887	-0.0410219717	-0.0369299771	0.1124830039	-0.0752650824	-0.109832893	0.0803451365	-0.0209251306	-0.0365299805	-0.0647852668	-0.1514982509	-0.0221357246	-0.0044556065	-0.0297322349	0.1418283617	-0.0775459328	-0.1369150792	0.0009075937	0.0447205331	0.0052571345	0.0928626902	0.0043618074	0.0055822438	0.0772731737	-0.021180773	-0.1077702414	-0.0133865162	-0.0243397777	-0.0225654366	-0.0589433393	-0.0290893984	0.0522494286	-0.0492315941	0.0419077845	0.0203333257	-0.0346325467	-0.0522471774	0.0251913659	-0.0174437443	-0.0234372497	0.0297298758	-0.060533179	-0.1044980532	0.0544846748	-0.0861178527	-0.0620673002	0.0278567784	0.0342199534	0.0636964912	-0.005233269	-0.0639294559	0.0303216947	0.1369062264	0.1047513843	-0.0496016967	-0.0934664721	-0.0549544934	0.007142234	0.0412722368	-0.0861594302	0.0735855594	-0.0557636155	0.0462793337	0.027033468	0.088562486	0.0718279702	0.095237387	0.0427003597	-0.0867151609	-0.0430800919	-0.0183709377	-0.092888646	0.0934167414	-0.05148021	-0.0836777288	-0.1129083165	-0.0480868152	-0.0222020832	-0.0549242367	0.0348814343	-0.0453035897	0.0713052139	-0.0159209369	-0.0865114945	0.0585568296	0.012416963	-0.088562503	-0.0975521683	0.1140326469	0.0452097354	-0.0703221601	-0.0870900414	0.0219451615	0.0937637906	0.1201381746	-0.0133641107	-0.0263078942	-0.0459275503	-0.0360573853	0.0846941572	-0.0550003849	-0.0255612422	0.0633162	-0.0056524	3.194962576000002e-05	0.00400894118244	-0.0262052	0.0422127	0.00178191204129	0.00068671250704	0.517412	-0.000496	2.460160000000516e-07	0.267715177744	-0.00093352	0.0001474799999999	2.1750350399999992e-08	8.714595904e-07	-0.00224396	1.5129999999999918e-05	5.035356481600001e-06	2.2891689999999748e-10	0.0022686	0.00018385	3.3800822500000064e-08	5.14654596e-06	0.0	0.0
5112.797458993528	10.450090599578289	26140697.85669068	109.20439353939452	10416.974838909233	49.81855389738121	108513364.79446805	2481.888312426276	4809.09992917137	6.892843771041044	23127442.128756072	47.51129525197931	4850.92734825297	8983.751135131219	1.120208	31.647837	0.0830212499999999	0.0491232	-0.1920457576	0.028060372	-0.084658443	0.0165627557	-0.2089114408	0.0730212881	0.0824365554	0.1069435777	0.0169784686	-0.02636917	0.0228804314	-0.02529929	0.0618284685	-0.1571352746	-0.008789051	-0.0786671946	-0.0752241435	-0.0419180081	-0.0823970151	0.048653928	0.0721861671	0.0898066781	0.0271496104	0.1381485947	0.0310401429	-0.0513761876	0.026110234	-0.0552094036	0.0087953908	0.1211409809	-0.0354028708	0.0417592399	-0.0272883553	-0.0597716999	0.0567627448	0.073711015	0.1203653696	0.0401395311	-0.0629361333	0.0356501404	-0.0875543902	-0.0847660004	-0.0623790532	0.0265024319	0.0134065945	0.1056914818	-0.10235524	0.0741248736	0.037337578	0.0339547563	-0.0014028424	0.0083189788	0.0215351719	-0.0115271223	0.0481904294	0.097893314	0.1335961806	-0.0853300949	-0.0062350718	-0.0270663613	0.0951472401	0.101379491	-0.0166491584	0.0834996671	0.0559175743	-0.1025034826	0.0294305262	0.0553157715	-0.0932297439	0.0090364815	0.0467123379	0.018558123	0.0217522771	-0.0703354554	-0.0490814925	0.0329673465	0.0393653392	0.1050260775	0.0245350744	-0.0139312614	-0.0223075029	0.0349461984	0.0474560078	-0.0850487982	-0.0437815703	-0.0153067311	0.0180103815	0.0765124907	0.0363197301	-0.0412772197	-0.0098275536	0.0564892527	-0.0518600953	-0.0566146547	-0.0338352868	-0.0170547118	-0.0775991251	0.1444495089	-0.00825524	-0.120574293	0.0172725054	0.0064847314	-0.1197461455	-0.0188883134	0.0428691338	-0.1045363077	-0.0035188192	0.1341888853	-0.0017733217	-0.0487848906	-0.0363351706	0.0619117825	-0.0019206157	0.0947097298	0.1158422372	0.0132000406	0.0283018937	0.0674005005	-0.052626035	-0.032182031	-0.0385899397	-0.1128640036	0.1033143709	-0.0501262726	0.0860342196	0.0688898998	0.0211511789	-0.0605046547	0.0342400606	-0.1343484818	0.0413661032	0.0357034645	0.014444561	0.0162898501	-0.0067251456	0.0006500366	-0.0427046917	0.0082426459	0.0178920285	0.1547849558	0.0974171438	-0.0903748902	0.0007008992	0.0408853669	-0.0665155923	-0.0996303097	-0.007931928	-0.0090876494	-0.0275520536	0.1389625958	-0.0156199945	-0.0454599254	-0.0787055657	-0.0406086866	-0.0199981176	-0.0170281226	0.0286397274	0.0567353706	-0.0837088647	0.0152954459	-0.0319415518	0.0875593395	0.0517859891	-0.0144991519	-0.0213167468	0.0034067476	-0.0594189198	-0.0906200702	0.0395118433	-0.0143403675	-0.0386797792	-0.0480111855	-0.0491746015	0.0309705319	0.0392287637	0.0557914979	0.0158858951	0.0437456551	0.0392102644	0.0012414307	-0.0467505134	-0.0342719357	0.0842577698	-0.0579398906	-0.020848269	0.0682312	0.004915	2.4157225000000025e-05	0.00465549665344	-0.0734709	-0.0472657	0.00223404639649	0.00539797314681	0.506951	-0.0104609999999999	0.0001094325209999	0.256999316401	-0.0007515189999999	0.000182001	3.3124364001036394e-08	5.647808073608497e-07	-0.00204734	0.00019662	4.1916010756e-06	3.865942440000009e-08	0.00223963	-2.8970000000000124e-05	8.392609000000072e-10	5.0159425369e-06	0.0	0.0
5105.070203708635	-7.727255284893545	26061741.784793723	59.710474237915214	10372.876452193974	-44.09838671525904	107596565.89248024	1944.6677108885349	4822.585329933311	13.485400761941492	23257329.264487986	181.85603371017217	4863.205080728758	9017.418657412198	1.125963	31.810411	0.1372013499999999	0.0680722	-0.1569687085	0.0111184963	-0.102638669	-0.0235980652	-0.1512248869	0.0407254191	0.0717051225	0.0396661141	-0.0500801132	0.077049513	-0.0374089556	-0.1020498456	0.1563813985	-0.0361795429	-0.1029840575	-0.0176662295	-0.023029693	-0.0378248055	0.1035194975	-0.0716834941	0.1150627042	0.0533285705	0.0629972951	0.0275993238	-0.0936911315	0.0018588879	0.0899629565	0.0867560895	0.045432478	-0.0676749499	0.0503325794	0.0508874715	0.0282240892	-0.0278870658	-0.0358351537	0.1346646348	0.0426429982	-0.1050694786	-0.0101227151	0.0085631845	-0.0660960792	-0.0132992601	0.0197203956	0.1199140648	-0.0579037405	0.024346646	-0.0516293686	-0.0828083742	-0.0821783102	-0.0048367529	-0.0582779298	0.0723400086	0.0932638755	0.0335670467	-0.0099564404	0.007458094	0.1002009685	-0.0719931072	-0.0530570772	0.0498154642	0.0532362801	-0.0194135	0.0163363432	0.0313993231	-0.0136109848	-0.0284637302	-0.0896643243	-0.0353960715	0.0063190279	-0.1333427634	0.0567226551	0.0093410129	0.0009754252	0.0662527151	-0.0503358424	-0.0776064516	-0.0917439435	0.0144120678	0.0294383229	0.0439536257	-0.0275834895	0.0334143587	-0.009758119	-0.0534876088	-0.0171473543	-0.0252261041	-0.0016181887	-0.0982134098	0.0154299608	0.0087815366	0.1439989775	0.0009020798	0.0140894172	-0.0143252936	0.0473485098	0.0734004725	-0.1621979352	0.0187251862	-0.0965241904	-0.0685625346	0.0132555449	-0.0333749807	0.1008566587	-0.0230938606	-0.0833395138	-0.1121423354	0.0978786572	0.021828168	-0.0542589606	-0.0740445136	0.0511964679	-0.1186068744	-0.0257500813	0.0422744432	-0.0617702729	-0.0346083747	0.0305571338	0.0478487623	0.0217039082	-0.1149210871	-0.1290206673	-0.0037793757	0.0035218875	-0.0500290502	0.0568445446	0.0083041722	-0.042521394	-0.0922500446	0.0239674922	0.0546045222	0.0224264723	0.0295127283	-0.0485537898	-0.1174073316	0.0642869296	-0.1007386177	-0.052359964	-0.0235472907	0.0849051752	0.0517714334	0.0752126524	-0.0728295505	-0.0658001549	0.0104601688	-0.0404141153	0.0134074408	0.001263775	-0.0432510327	-0.0007277736	0.0041164842	0.0599863145	0.0610596164	-0.0414109345	0.1317561617	-0.0415662096	-0.022467383	0.0508751436	-0.0367357216	0.0173965882	-0.0827202389	0.073095254	0.0064147612	0.0033745921	0.0875236554	-0.0033221146	-0.0324040038	-0.0478312894	-0.0576794886	-0.0100297987	0.0055569161	0.0151364507	0.001855758	0.0908991351	-0.1044041981	0.0841048329	-0.0384654095	0.0004826598	-0.024423942	-0.0383422594	-0.0868184714	-0.0475673307	-0.0324684651	0.0837217023	-0.0607575478	-0.0160667959	0.0768331	0.0086018999999999	7.399268360999993e-05	0.00590332525561	-0.0173285	0.0561424	0.00315196907776	0.00030027691225	0.520242	0.0132909999999999	0.0001766506809999	0.270651738564	-0.00147733	-0.0007258110000001	5.268016077211452e-07	2.1825039289e-06	-0.00243339	-0.00038605	5.921386892100001e-06	1.4903460250000018e-07	0.00216817	-7.145999999999975e-05	5.106531599999965e-09	4.7009611489e-06	0.0	0.0
5088.55669075056	-16.513512958074898	25893409.19498229	272.6961102165076	10355.676827954569	-17.19962423940524	107240042.5650352	295.82707397673624	4820.230034464364	-2.355295468947588	23234617.58515232	5.547416746045039	4860.716661020085	8987.281410237336	1.202279	33.966488	0.0747699	0.0346266	-0.1567007368	-0.0866474275	-0.1376777576	0.0173884416	-0.1880622518	0.0194749046	0.0003178075	0.0720551831	0.0131721504	0.1166344271	0.1235348904	0.0039741277	0.2130414947	-0.0328447691	-0.0508689802	0.0263672245	-0.0709867121	0.0095445917	0.0356470035	-0.0784122687	0.0069145209	0.0663857302	0.0390435677	-0.0692065315	-0.1051438768	-0.1094900326	-0.0354469489	0.034199523	0.0511331428	0.1164360618	0.0393043152	-0.0743774371	0.1309844361	0.0253832833	0.0675574629	0.1211850986	-0.0248607675	0.0237939708	0.0668416353	0.0606746395	0.0004165214	-0.0039833344	0.0543470232	0.0152484867	-0.0307689078	-0.0253750429	-0.099737401	-0.0166637329	-0.0181705584	0.0711343996	0.0082330552	-0.0447153151	0.1160748353	0.0157344884	0.0328258233	0.0089355568	-0.0280124897	0.0099993101	0.0789455105	-0.0586326769	-0.0644148288	-0.0192869899	0.0856234589	-0.0092057422	-0.0296827726	0.0205803249	-0.0479597946	-0.0769262321	0.1416707981	0.0515808279	-0.0120369085	0.0002610974	0.0559348181	-0.1369325369	-0.0650651059	-0.0383296307	0.0780652377	0.0076566291	-0.1352908135	-0.1139843756	-0.0381735634	0.0190643365	0.0534165931	0.035745981	0.0345240362	-0.0042491991	0.0439839043	-0.0836301767	0.0660041975	-0.0983877634	-0.0418688464	0.08216382	0.0925588793	0.0106110038	-0.0208295663	0.0710323969	-0.2180165501	0.0061517363	-0.0319771513	-0.049236424	0.0697119834	0.0241855983	0.0582476534	-0.0292552601	-0.1072759781	-0.0101971011	0.0369526386	-0.0555767552	-0.0036588014	-0.0999020614	-0.0988953665	-0.0297907218	-0.0285333448	-0.0159427796	0.0201228267	0.1924230618	0.050118178	0.0052891829	-0.0083109458	-0.1149125182	0.0762805801	-0.046917529	-0.0551538608	-0.0640048657	-0.0055972197	-0.0115511279	-0.0557191529	-0.0110711685	0.036581031	0.0013920306	-0.0372249069	0.0691910904	-0.0080527647	-0.0845931504	-0.0614169055	-0.0190701316	-0.1142350526	-0.0277881969	-0.0053823796	0.0024643761	-0.0352857931	0.0106984546	0.094203603	-0.0419815817	0.0709506154	0.0352476903	-0.1037634641	-0.0435612288	0.0511055162	-0.0250503674	0.0555861146	0.0865379139	0.118375834	-0.0295678529	0.0622076478	-0.013806959	0.0090592525	0.0678594045	-0.1285449519	-0.0378672704	-0.018647986	0.0203637631	-0.0898769524	-0.1677136809	-0.0643326735	0.0686290268	-0.0183842883	-0.0055738521	-0.0037780863	0.0021688761	0.0133879899	0.0150344277	0.0920616368	0.1025911531	0.0897758018	0.0703271365	-0.1071630677	0.0193991064	0.0061825068	-0.0118184275	-0.0483778948	-0.0306479218	0.083086589	-0.063447431	-0.0112325332	0.0794625	0.0026294	6.913744360000021e-06	0.00631428890625	-0.032891	-0.0155624999999999	0.0002421914062499	0.0010818178809999	0.548188	0.027946	0.000780978916	0.300510083344	-0.0013033	0.0001740299999999	3.0286440899999974e-08	1.69859089e-06	-0.00211579	0.0003175999999999	4.476567324100001e-06	1.0086975999999995e-07	0.00224918	8.100999999999985e-05	6.5626200999999755e-09	5.0588106724e-06	0.0	0.0
5081.845190923484	-6.711499827076295	25825150.544512138	45.04422992884514	10300.907889739918	-54.76893821465092	106108703.35290608	2999.636593160249	4813.652404398368	-6.577630065995436	23171249.470370192	43.265217285087125	4852.445080918679	8945.47368420314	1.243571	35.133049	0.04758155	0.0246838	-0.1290268049	-0.1396504757	-0.0244400116	-0.0888145835	-0.1238663922	-0.0491649722	-0.0438797747	-0.0456146859	-0.1081409166	0.1153888244	0.0528203675	-0.005940767	0.1883372082	-0.091762194	0.0830968091	0.0145008299	-0.0575566064	0.0502518015	-0.0061330171	-0.0526976554	-0.0248577542	0.0048647661	0.0593274203	-0.0507433312	-0.0450512088	0.0226752054	0.0270261717	-0.1012861587	-0.0033890952	-0.0627466554	0.0734572334	0.0085971017	0.0379548909	-0.1178806391	0.1251127479	-0.0239210819	0.0222804865	-0.0119652994	0.047756758	0.1150262788	-0.0888086162	0.0177355885	0.0082421625	-0.1346784774	0.0322299538	0.0445691473	0.0489430175	-0.0774191708	0.1371991512	0.0003602957	-0.0597747862	0.1128953341	0.0491451337	0.1785145049	0.0531768099	-0.0248591764	-0.015605219	0.0476513444	0.0074076851	0.0556660458	0.0634304384	0.0338823157	-0.095241047	0.0714629451	-0.0105424964	0.1220385267	-0.0757377285	0.0135917522	-0.0943597299	0.0610412192	0.0420448349	0.0718622259	-0.0113460837	0.0532235234	0.0131457553	0.0599976489	-0.0374114508	0.0267884828	0.0342575136	0.0209460317	-0.0161268171	-0.0456873657	-0.0454398763	0.0551734157	0.0573622376	0.0019842554	-0.0096913402	0.0473885105	-0.0935328093	-0.0228033871	-0.052601568	0.0635937171	-0.0590637444	0.0796834359	-0.0980685586	-0.005470527	-0.198232059	0.0699084982	0.0920324373	-0.0196631318	0.0478733899	0.0659803824	0.0082961748	-0.0034300574	-0.0810142745	0.0354477872	0.0310495382	-0.0270915156	0.0119303251	-0.0427569927	0.0451350661	0.0811562735	-0.0436735622	-0.0072297359	-0.0734904047	-0.0235485255	0.0158960472	0.1353111222	-0.0974155522	0.0368855923	0.056521635	-0.0222168353	-0.0159126012	-0.1282196611	0.091542523	-0.0306354294	0.0421978738	0.1389898149	-0.0157204208	0.0307237186	0.0621846907	0.0242764263	0.1403453964	0.0344385853	0.0356173288	-0.1568128376	0.0016291545	-0.1476061922	0.0089882845	0.0090563157	-0.0560207716	0.0403031426	-0.0061403301	0.0010625958	-0.0616941343	-0.0749841705	0.1184138641	-0.0404323671	-0.0595010389	-0.0989462228	0.0485433848	0.0174535349	-0.119715572	-0.0761385791	-0.0029823036	-0.0500601796	0.0449490429	-0.045450024	0.0260870808	0.0577064783	-0.0182211611	0.0075301377	0.0408438258	0.0657511239	-0.0366105068	-0.0125220254	0.0630080952	0.0608460219	-0.0483464535	-0.0067356364	0.0184862888	0.0345383671	-0.0720349836	0.0311940472	-0.0432344234	0.0678546144	-0.0037507214	-0.0617084303	0.1151123961	0.038739736	-0.0491820991	-0.0288112631	0.0823531812	-0.0660038832	-0.0063613645	0.0756753	-0.0037872	1.4342883840000034e-05	0.00572675103009	-0.0233482	0.0095427999999999	9.106503183999994e-05	0.00054513844324	0.554196	0.006008	3.609606400000016e-05	0.307133206416	-0.000946569	0.000356731	1.272570063610001e-07	8.95992871761e-07	-0.00195724	0.00015855	3.8307884176e-06	2.5138102500000117e-08	0.00219959	-4.958999999999997e-05	2.459168099999996e-09	4.8381961681e-06	0.0	0.0
5076.57796102743	-5.267229896053323	25771643.794389423	27.743710777877894	10314.548306181992	13.640416442074638	106389906.7605618	186.0609607132201	4816.799043179162	3.146638780794092	23201553.02237169	9.90133561679733	4856.419618613747	8915.981753395672	1.077932	30.453457	0.1044622699999999	0.0481639	-0.1452142518	-0.113845634	0.0110385771	-0.0607271618	-0.1531228046	-0.0497714465	-0.0543673445	-0.0011887221	-0.0268661093	0.0230511121	0.1836405741	0.0315887301	0.1700840098	-0.0534066257	0.0370928719	0.1054296625	-0.0767386809	0.0733571586	0.0394091728	-0.0342826378	0.0229729385	-0.1091459983	0.0215758421	-0.0390002929	0.0263215318	0.1010221611	-0.0867690534	0.0704176001	-0.0246848717	0.0040581754	-0.0480528557	0.0452704772	0.0706549713	-0.0207170641	-0.0328787486	-0.0331520762	0.0670882314	-0.0816701485	-0.0473213825	-0.0452387833	-0.0260684932	0.0189823329	0.0732186171	0.0660489839	0.050484049	0.0320406171	0.0426192243	0.0067564049	-0.1263187575	0.0007822075	0.0208208398	0.1525340737	0.1579927584	0.0308904615	0.0948728921	0.0752149248	-0.0349877997	-0.0325021463	0.0221537783	-0.0522176572	-0.0807376321	0.0302934649	0.0852322623	0.070840553	0.0243015807	0.0032065438	-0.0124210257	-0.0115708388	0.1062227411	0.0067811205	0.0626200866	0.0558635227	-0.0067300935	0.0231463595	-0.0405132076	0.0086985928	0.1819478259	-0.0074250302	-0.0261915253	-0.0008175389	-0.0568577279	-0.0504603194	-0.0071177088	0.0193331239	0.0303982267	0.0508828459	-0.0096189439	-0.034886033	-0.0533802434	0.1434369123	0.1168508416	0.0206301139	0.0523592662	0.0200189491	-0.12403364	-0.0045933936	-0.173559762	0.0385831089	0.0444861893	0.0471051923	0.1085821999	0.0525242199	0.0738637285	0.0081739417	0.0064532644	0.0697770139	0.0733167837	-0.0459570452	-0.0604160485	0.14337449	0.0178880086	-0.0178909345	0.027520366	-0.0432902924	0.0035766304	0.0093377561	0.0784527176	0.0082826111	-0.01652236	0.0446853767	-0.1170088319	0.0168394565	0.0384067399	0.0369775016	0.0150313156	-0.0180686453	-0.0666311477	-0.0170260315	-0.0783218205	0.0029665131	0.0386642187	-0.1037269766	-0.0662670833	-0.1443349381	-0.0404630549	-0.1934499993	-0.0489615163	-0.0336454702	-0.0786121465	0.0647368598	-0.0145093457	-0.017636522	0.0414601788	-0.0123622431	0.0916238983	-0.0066418899	-0.1147732316	-0.048263873	-0.0602857697	0.0240135176	0.0307892723	0.0190091653	0.0727642185	0.010498898	0.0299347271	-0.0947377802	0.0212053616	0.0330138433	0.0119148639	-0.0649948001	-0.1389514536	0.0568674785	0.0182501231	-0.0315485093	-0.0500283716	0.03112635	0.0366585058	0.0209354513	-0.0404340328	0.0750099509	-0.0141282816	0.0076215495	0.002342463	-0.1910975094	-0.003323012	0.0095448804	-0.0969888578	0.0532685066	0.0734001089	-0.0080616041	-0.049979838	-0.0269594548	0.0815223465	-0.0684215283	-0.0014692946	0.0864197	0.0107444	0.00011544213136	0.00746836454809	-0.00881938	0.01452882	0.0002110866105924	7.77814635844e-05	0.579154	0.0249579999999999	0.0006229017639999	0.3354193557159999	-0.00138362	-0.0004370509999999	1.91013576601e-07	1.9144043044e-06	-0.00243339	-0.00047615	5.921386892100001e-06	2.2671882250000026e-07	0.00202817	-0.0001714199999999	2.9384816399999943e-08	4.1134735489e-06	0.0	0.0
5091.457613129716	14.879652102285943	25922940.626296543	221.40404668506253	10328.505873890785	13.95756770879234	106678033.58699644	194.81369634552263	4809.628795628614	-7.170247550548083	23132529.151739955	51.41244993614079	4849.000904729405	8903.380072695198	1.115287	31.508789	0.0888312199999999	0.0477327	-0.1446093435	-0.049807876	0.04871729	-0.1097793541	-0.1340062724	-0.0492227264	-0.0240172122	-0.045428899	-0.1150915743	0.0006828527	0.0611496125	-0.0111528544	0.1000614409	-0.1157606424	0.0154502092	0.072816832	0.0343292268	-0.0168050589	0.0881051234	-0.0810942736	0.0349105026	0.1079700902	-0.1184006712	0.098368517	0.0439090303	-0.0285388377	-0.0134529962	0.0998433056	0.0245216776	-0.0981909534	-0.1054968282	0.0266345948	0.0578812143	0.0171609959	0.0439676686	-0.1256871495	-0.1530935291	-0.1165360334	-0.057865303	0.1340985434	-0.0051471788	0.0303832499	0.0179519126	-0.0687624823	-0.0106926642	-0.0505396043	-0.000314178	-0.0594877844	0.0074830523	0.0246137368	-0.0164733447	-0.0212292945	-0.0058056685	0.0090832855	0.0776480724	0.0182488391	-0.1113347354	0.0040125812	-0.0684918932	0.0559454629	0.059151304	-0.0263322465	-0.0189342462	0.0065426832	0.0051493689	0.1308615633	0.0992589453	0.070787201	-0.0776277967	-0.1015133273	0.0303182722	-0.0656142528	-0.1025196466	0.0183491175	-0.0025078755	0.1174085214	-0.0043928009	-0.0085106919	-0.0865303309	-0.0428815716	-0.0013631204	-0.0013575448	0.066012151	-0.0581782196	0.0146466263	-0.0482644564	0.0175014551	0.1190161369	-0.0277760914	0.0569597745	0.0159233151	0.0637617495	-0.0754425859	-0.0701253663	-0.0185826098	0.0835593089	-0.1136174283	0.1046023172	0.0174419285	0.0519116891	0.0446596899	-0.0348863531	0.0844200111	0.0109713656	-0.0435016467	-0.1510160463	-0.1001927295	0.0644876901	-0.0349185782	0.0331716033	-0.0595407847	-0.132815302	0.0038818289	-0.1015852135	0.0359827591	-0.0776212245	0.0532162797	-0.0295986256	-0.0171466641	0.0620684346	0.0499297517	0.208158411	0.0216827585	-0.1134466677	0.0161061269	-0.0125884301	0.0427924683	0.0978816162	-0.0149450366	0.0692002039	-0.022539302	0.0447661413	0.0198322177	-0.0216420423	0.0042194185	0.0087846287	-0.0299063664	-0.0373102923	-0.0925504576	0.0246281489	-0.0700200254	0.0286180618	-0.1172504217	0.0001729721	-0.0551506963	0.0274217124	0.0452350579	0.0173667301	-0.055458333	-0.1049261704	-0.0814767869	-0.1047853359	-0.0464851243	0.0636457699	-0.1100805199	0.00961278	-0.0471406086	-0.0891403184	-0.0422716559	0.0660161033	-0.0576916635	0.0108751133	-0.0714847826	-0.0553321287	-0.0188793688	0.0454300835	-0.0074668384	-0.0386240901	-0.0202088457	-0.0733559041	-0.0535549563	-0.0641067769	-0.1237102384	-0.073628945	-0.0200697908	0.0839396719	0.0524668419	0.0226980714	0.0276293671	-0.0442398584	-0.0507710064	-0.0250934707	0.0805950678	-0.0706952818	0.0034276029	0.0798141	-0.0066056	4.363395136000004e-05	0.00637029055881	-0.0515089	-0.04268952	0.0018223951178304	0.00265316677921	0.578931	-0.0002229999999999	4.9728999999988064e-08	0.335161102761	-0.000819838	0.0005637819999999	3.178501435239999e-07	6.721343462440001e-07	-0.00235544	7.795000000000024e-05	5.5480975936e-06	6.076202500000037e-09	0.0021727	0.0001445299999999	2.0888920899999976e-08	4.72062529e-06	0.0	0.0
5104.633864688688	13.176251558971671	26057286.89252657	173.6136051453034	10371.163176611311	42.65730272052679	107561025.63589844	1819.6454753906617	4817.1860834274	7.557287798786092	23205281.76236661	57.11259887368114	4857.969978054913	8950.301190322394	1.135344	32.075451	0.13890542	0.0670177	-0.1568228121	0.0288894227	0.0184547892	-0.0898546376	-0.1491697899	0.0283340229	0.0301276544	-0.0036558718	-0.094190089	-0.052918111	0.1267504991	-0.0568202222	0.0932843134	-0.1279570623	-0.0879223782	0.0274892832	-0.0090603246	0.0084782989	-0.0286755445	-0.0304936603	0.004748345	0.0049790477	0.0048916587	0.0146389632	0.0514347198	0.0043905627	-0.0516952141	0.0990100484	-0.0518355306	0.0557499906	0.0382299604	0.0623885648	-0.0652959757	0.062638752	0.0186128733	0.0960618875	0.0167900862	0.0300292132	0.0278627424	-0.0638105918	0.138558674	-0.0149641664	-0.0469257389	0.0188061397	-0.0175485249	-0.0865829988	-0.0199588142	0.004228685	-0.0644990883	-0.1266432965	0.0306900105	0.0120313309	-0.0730079256	-0.0018854365	-0.1193879967	0.0813673789	0.0850093096	0.075014198	0.0272698671	0.0503130537	0.0325676659	0.0555851124	0.0541938519	0.0924768255	0.0559892535	0.0094649966	0.0841143442	-0.0232250318	-0.0543956464	0.0079786354	-0.1058276609	-0.0504675725	-0.0333447993	-0.0443594342	0.0402400396	-0.1253769064	-0.0409286977	-0.0636399712	0.1270437513	-0.0065381335	-0.0017087561	-0.1440635031	0.0339711171	0.0124433587	0.043542859	-0.0394952445	0.0054955004	-0.0333045956	-0.03613455	0.0632372817	0.1204123842	0.0945465117	0.0057395299	0.0241849001	-0.0866701503	-0.0698655029	-0.1040000898	0.1173602541	-0.0957633017	0.0161536154	0.0212878146	0.0269590704	-0.009376865	-0.0167896228	-0.0174517198	0.0046968324	0.0053857143	0.020220412	-0.0083125515	0.0884785546	-0.04684536	-0.0398235663	0.0831244749	0.089027239	-0.0049105956	0.0157970889	-0.0040725385	-0.031278332	-0.0422319754	-0.102203224	-0.0016107832	-0.0369556693	-0.0383642462	0.0668323141	-0.1320856373	0.0255715255	0.0456933945	-0.0545342501	0.0158883709	0.0176892853	-0.0604827859	0.0151843934	-0.1294469016	0.0464770623	0.0360987727	0.0016142625	0.0796935834	0.0054633302	-0.0140208497	-0.0291568496	0.1392922342	0.0811012649	0.0604234362	-0.0021360127	-0.0643247358	-0.0489628026	-0.0409090378	-0.0361846655	-0.1194623139	0.0098631907	-0.0997714374	0.0043547801	-0.03520975	-0.0191575409	0.0302392291	0.0801633263	-0.0951232911	0.0452161017	0.0129118452	-0.0733535759	0.0865347959	-0.1203679782	0.1167474019	0.0111923587	0.0586937815	0.0063394198	0.1323199257	-0.0269603164	-0.0608838002	-0.0255361612	0.0122062426	0.0286761524	0.0202810788	-0.1403160734	0.0302540924	0.0745765288	-0.0277916963	0.035327496	0.0457431791	0.0793248745	-0.0515555006	-0.0232142917	0.0795724422	-0.072820362	0.0083132385	0.0985396	0.0187255	0.00035064435025	0.00971005276816	-0.00160608	0.04990282	0.0024902914439524	2.5794929664e-06	0.597262	0.0183309999999999	0.0003360255609999	0.3567218966439999	-0.00165444	-0.000834602	6.965604984040001e-07	2.7371717136000005e-06	-0.00243339	-7.795000000000024e-05	5.921386892100001e-06	6.076202500000037e-09	0.00204633	-0.00012637	1.5969376900000058e-08	4.1874664689e-06	0.0	0.0
5118.796198123063	14.162333434374888	26202074.517919123	200.5716883064128	10383.480621138548	12.317444527236148	107816669.80955976	151.71943968153974	4818.901995331314	1.7159119039133657	23221816.440608118	2.9443536619915918	4859.861354468907	8931.225829708514	1.202077	33.96077	0.19129832	0.0847612999999999	-0.1113911609	0.0328065436	-0.0410695721	-0.1216131016	-0.0975322039	0.0682955272	0.0619508208	0.0201377562	-0.1729246145	-0.0108495387	0.0610870604	-0.0762674102	0.0209610063	-0.0724568251	-0.0899171765	0.1505756208	-0.0025756647	-0.0129126786	0.0334031909	0.0176580197	0.019747124	0.0487873664	-0.063546501	-0.0016761582	0.0707957525	-0.0476069645	0.0161061938	0.0086742349	-0.0223812423	-0.0119251117	-0.0185573019	0.0853106909	0.0084527088	-0.178015836	-0.0784225992	0.052888865	0.1123492599	0.0188663803	-0.0673075517	0.0110972681	0.0767526516	0.0543764579	-0.0308765514	-0.0602243583	0.0847602737	0.0258326078	0.0817078095	0.0703897629	-0.0063605811	-0.10257059	-0.0987425198	0.1378360135	-0.1416143613	0.1054854411	0.0589568505	-0.0108549937	-0.0001546667	0.012327602	-0.0281011099	0.0297365456	-0.0512146464	0.0185900372	-0.1451907584	-0.0874457884	0.0065352756	0.0101916511	-0.0609079182	0.0313496695	0.1305736383	0.1332290842	0.0776595658	-0.0401223976	0.0362271549	-0.0270941825	0.032994273	-0.0786394182	-0.029157283	-0.0096015809	-0.0484438106	-0.0741811515	0.016939176	0.0833301771	-0.0236157967	0.0226973409	0.0434120906	-0.0594354843	0.0322217436	0.1153859428	-0.0858951575	-0.1348528828	-0.0714970843	0.0054470038	-0.0527128573	-0.0178806861	0.000569217	0.0287800533	-0.0251493893	0.0679798452	-0.0913437483	0.0842185612	0.1221325528	-0.0439362219	0.0116159877	0.0194758878	0.0123407228	-0.0585478209	-0.0514039606	-0.0164612243	0.0282120017	0.0060181387	-0.0373705922	-0.0125237085	0.0319314552	0.0495299271	0.018565213	-0.0623398746	0.0656916556	0.1676270477	0.058021966	0.0361539747	-0.0783317528	-0.0987223352	0.0450603137	-0.0076939294	-0.1002026543	-0.0365207172	0.0563434561	0.0819665544	-0.0507502652	-0.0763769376	0.0279511049	-0.1305573369	-0.0341460593	0.0554485139	0.1784060893	-0.061092754	0.1386085105	-0.0970405343	-0.010444653	0.0519907477	-0.065068492	0.0394230532	-0.0123618705	-0.0131453976	0.0751644279	-0.0510596832	0.130801536	0.0300576304	0.0256516904	-0.0034533773	0.1028591619	-0.0201783103	0.1632648026	-0.1203141601	-0.0141075478	-0.0107324914	0.0630414682	0.0138597602	0.0040782252	-0.0333861116	0.0793764641	-0.0544046023	-0.0175689651	-0.0788771957	-0.0418572199	-0.0230465045	-0.0864490128	0.0376538592	-0.032816396	-0.0918539507	0.0050583414	0.0335638	-0.1292554264	0.1185059508	0.0169941776	0.0174576543	0.0232752299	-0.0122139692	0.0380382537	-0.0218243879	-0.0523332172	-0.0213229062	0.0784556795	-0.0747922999	0.0131715598	0.110399	0.0118593999999999	0.0001406453683599	0.012187939201	-0.0681557	-0.06654962	0.0044288519221444	0.0046451994424899	0.647375	0.050113	0.002511312769	0.419094390625	-0.000906314	0.000748126	5.596925118760002e-07	8.21405066596e-07	-0.00210066	0.00033273	4.4127724356e-06	1.1070925290000017e-07	0.002221	0.00017467	3.0509608900000016e-08	4.932840999999999e-06	0.0	0.0
5110.724378042812	-8.0718200802512	26119503.668321084	65.15427940794649	10352.80036703368	-30.680254104867345	107180475.43965273	941.2779919392297	4821.630973864267	2.7289785329530787	23248125.24812728	7.4473238333187375	4862.32346488541	8981.768091740652	1.509928	42.658092	0.2752343	0.134472	0.0273991547	0.014020013	-0.1443929264	-0.0981668089	0.0190686545	0.1099445195	-0.0278468821	0.0383271666	-0.132707721	0.0479306525	0.171664771	0.0551466519	-0.0937202151	0.0717553887	-0.0436941845	0.1221398331	-0.1434659323	0.0452040539	-0.0499496283	0.0844293107	0.0005834919	-0.0675829423	0.0609200943	0.0395255816	-0.0482426254	0.0674176386	0.0129126309	0.1221995815	-0.0604062115	-0.0310830808	-0.0595487599	0.0318049422	0.0365106363	-0.0644694708	-0.0962151646	0.0145737598	0.004535529	0.0444028291	-0.0985852953	0.0828839695	0.0147296533	0.1104747273	0.1984118701	0.071893822	-0.0092655997	0.1564729562	0.0002871605	-0.0296377779	0.0098509032	0.0246821511	-0.0459537242	-0.0330967032	-0.1024550873	0.0144595322	0.0245771482	0.0774255242	0.0276137087	-0.0233291778	-0.0525263465	0.1071802461	-0.0651340201	0.0938983885	-0.0142445681	0.0185191019	0.0168995728	0.0382733992	0.0447453216	0.0478634176	-0.0134341293	0.0488379055	0.0260242522	-0.0594827619	-0.0394305723	0.0605924782	0.00545578	-0.0240800718	0.0271034861	0.1096865476	-0.0398068143	-0.0711757754	0.0141817121	-0.0485709009	0.0006005182	0.1882414439	-0.0078653929	-0.0805072389	0.031753061	0.0310518463	0.0576227169	-0.0046868882	-0.0040928097	-0.0795816993	0.0111320274	-0.0213671477	0.0460421139	0.0065448125	0.0929942715	-0.0654528654	-0.0530107312	-0.032069228	0.1807175717	-0.0076482872	-0.0301513116	0.0168881853	0.0271945133	0.1159012731	0.0893967447	0.0334503843	-0.0928965874	0.0438379601	0.0610084619	-0.1106779546	0.1001803935	-0.0540068477	0.0215844328	-0.0408202816	0.0446044674	0.0145521718	0.1263541877	0.0196584066	-0.0018954395	-0.0353973197	0.1053118142	-0.0696093601	-0.0445380566	-0.1022844655	-0.1856423323	0.0063872816	-0.0278393943	0.0066952638	0.1619443473	0.0127432564	0.0058866801	0.0100996294	0.070818693	0.0882949694	0.0298442108	-0.0430108496	0.0022825109	0.0988198305	0.0520740904	0.019466948	-0.0874090111	-0.0706954589	0.0494931949	-0.0860675076	-0.0021326109	0.0199251179	-0.0530138374	-0.0083810361	-0.0304588179	-0.0705884563	0.009548911	-0.0599062324	-0.0655861229	0.0056701653	-0.0247407811	-0.0309850241	0.0116284344	-0.0071202687	0.0351198396	0.1048258813	0.0100204821	-0.0891341787	-0.0526013247	0.0321590159	0.1031631954	0.1394849787	0.0377175187	-0.0739912871	0.0548389601	-0.0698866036	0.0244498632	0.0393958603	-0.0050374796	-0.1057735839	-0.0154806656	0.0012882306	-0.0278066358	-0.0690784359	-0.0531040541	-0.0194203086	0.0772461008	-0.0766069484	0.0179866041	0.118033	0.007634	5.827795600000003e-05	0.013931789089	-0.0220692	0.0460865	0.00212396548225	0.00048704958864	0.7367329999999999	0.0893579999999998	0.0079848521639999	0.5427755132889998	-0.00224462	-0.001338306	1.791062949636e-06	5.038318944400001e-06	-0.00261856	-0.0005179	6.856856473599999e-06	2.6822041e-07	0.00143409	-0.0007869099999999	6.192273480999997e-07	2.0566141281e-06	1.0	0.0
5123.263262977993	12.53888493518116	26247826.46177991	157.223635417713	10397.27796542786	44.47759839417995	108103389.0903717	1978.2567589139587	4814.056613549836	-7.574360314431033	23175141.078462917	57.37093417282777	4855.127666401594	8941.553956321286	1.334698	37.707535	0.2423546000000001	0.129059	0.0851612361	0.0541363978	-0.0666559459	-0.1248294257	0.0632307741	0.1402659571	0.0254699932	-0.0202094643	-0.1237840139	0.0008615613	-0.0506386402	-0.0051728507	-0.1240905102	0.0520983523	-0.0365890495	0.0111861386	-0.0237646957	-0.0789156257	-0.0470646234	0.178927875	0.061435573	-0.0752151844	0.0928309281	-0.0521482382	0.0673639593	0.0413269315	-0.0814542177	0.0399568672	0.0491719517	-0.0350104139	0.0718855584	0.1250895844	0.035125179	0.0335365453	0.0769678938	0.0055394302	-0.0577631119	0.0443736811	0.0526351469	-0.001621149	-0.0369186688	0.02546432	-0.0003581255	-0.0249402156	-0.0298527622	-0.031370519	0.0013775268	-0.0889213716	0.0543968542	-0.0028727164	0.0509500516	-0.0042747655	0.0123223423	-0.0129735558	-0.0112295053	0.0544176867	0.0458018744	-0.0785613818	-0.0191258743	0.0461510064	-0.0147073715	-0.0038427674	0.0343312873	-0.0527588993	0.0006037465	-0.0100132589	0.0058145026	-0.1329125055	-0.0408119561	0.0119243153	-0.1630093144	-0.0203341553	0.042146111	-0.0230109233	-0.0579365048	-0.0176796781	0.0499561088	0.0028101884	-0.0194098919	-0.0182607686	-0.0498060263	-0.0259062669	-0.0715145069	-0.0240538371	-0.037848867	0.1459715936	0.0654216547	0.0514970626	0.0294387306	0.0517407978	-0.07059294	0.0460400073	0.005325689	0.0498060657	0.1221194651	0.0202050309	0.1260971681	-0.0423613576	-0.0609618111	-0.0628348299	0.0395478606	-0.1342664183	-0.1116629674	0.0349610085	0.0922377954	0.0461084986	0.1252891723	-0.0123210508	0.0232566929	0.1199645401	0.0075801977	-0.0069475516	-0.024994286	0.0374337486	-0.1018737975	-0.0216587545	0.1038561855	-0.0274513969	-0.0673136694	-0.0206808689	0.0918937952	0.0099117523	-0.0377754883	0.0082878879	0.0366057332	-0.0257093957	-0.0011213823	0.0189505146	0.0289210897	0.0626195412	-0.0103854588	0.0619579891	0.0390611749	0.0250584804	-0.0284462275	-0.0157417501	0.0110280895	0.0273671327	0.0024721053	0.0239424748	0.0627795289	-0.070414864	-0.017956637	-0.0525619083	0.0234492478	0.0166381542	-0.0261885456	0.0519188869	0.0114447338	-0.0259065152	-0.0311089871	0.1297197821	-0.0098342259	-0.010089085	0.0702095241	0.107671952	-0.0954589385	0.0695737137	-0.0238773669	-0.0366789636	-0.0388474888	0.0339447159	-0.0025979657	0.0008809258	-0.0501206967	-0.0425299094	0.04094982	-0.0028736988	0.0608072887	0.1301887597	-0.1137288874	-0.0280725239	-0.0237671381	0.0658352514	-0.0682406828	0.056178791	-0.0141414108	-0.0930863953	-0.0670136305	-0.0613309729	-0.05386791	-0.0175074994	0.0759451371	-0.0782604913	0.022742551	0.0717837	-0.0462492999999999	0.0021389977504899	0.00515289958569	-0.09122	-0.0691508	0.00478183314064	0.0083210884	0.769908	0.0331750000000001	0.001100580625	0.592758328464	-0.00370203	-0.0014574099999999	2.124043908099999e-06	1.37050261209e-05	-0.00298443	-0.00036587	8.906822424900001e-06	1.3386085690000026e-07	0.0014864	5.230999999999986e-05	2.736336099999985e-09	2.20938496e-06	0.0	0.0
5149.615276783068	26.35201380507533	26518537.498877555	694.4286315828808	10476.52200467343	79.2440392455701	109757513.3144066	6279.6177559534535	4829.315373990019	15.258760440183323	23322286.98145636	232.8297701709036	4870.320827431481	9027.393495509565	1.214978	34.325233	0.1768920999999999	0.0939843	0.098112796	0.1164422827	-0.0607453882	-0.1054676129	0.0879653718	0.2495086836	0.0538456905	0.0554953717	-0.0716007567	-0.1116976859	-0.0095667158	-0.1093927919	-0.099214752	0.088370685	-0.1279705723	0.0016971023	-0.145757502	0.0092352076	0.0403254752	0.1023546416	0.0698601662	-0.1012441907	0.0409773332	0.0776624809	0.0819652012	-0.0416503399	-0.0541058276	-0.0246235566	-0.0010450798	0.0548888745	-0.1051947606	0.0681007039	0.0052576703	0.0340392923	-0.1206875712	-0.0326427947	0.013808423	-0.0733399735	0.048542771	-0.0208146091	-0.0078711454	0.001515186	0.0187397739	-0.0692269701	-0.0700994859	-0.0707582976	0.0314782904	0.0174632159	-0.0677738136	0.1180340696	0.0268587937	0.0097259183	0.0751264795	-0.0144165974	0.0243999455	0.0105141064	0.1043501381	-0.0300306714	0.0178346444	0.1760661674	-0.0717870621	-0.0236798152	-0.0691823234	-0.0472801712	0.0533140512	-0.0111670347	-0.0590841417	0.0230659627	0.0357017152	0.0253459025	-0.0008619916	-0.0066703807	-0.0021645373	-0.10375748	0.0077662463	0.0044438662	0.0463357263	0.0318207324	-0.0343611248	0.010911464	0.0644864682	-0.0383303259	-0.0007114642	-0.0038153923	-0.0655468707	-0.0230681283	-0.0536792948	-0.0064040477	-0.0440874793	-0.0024930806	-0.0198326034	0.0453443828	0.0156213548	-0.0269802161	-0.0599539011	-0.0045642743	0.1108224051	-0.0812879271	-0.1326169202	-0.0837564081	0.1132421916	0.0050777052	0.0309121962	0.0123255901	0.181151977	0.0206948972	0.0726366466	0.0686352229	0.000575157	0.0489672473	-0.0665022452	0.0622378544	0.0216466943	0.0374856736	0.0916847359	-0.044143408	0.0652286386	-0.0591510555	0.0620929304	0.0466985982	-0.0988896796	0.0261944643	-0.0844131354	0.0307231266	0.0002057052	-0.0049310243	-0.0077883213	0.0718690457	0.0688460869	0.0469649481	-0.0616457089	-0.0517518887	0.0226060529	-0.1206771396	-0.0694306695	0.0110628264	-0.0420952594	0.0094356371	0.0953228299	0.1059189106	0.0449472938	0.0081987004	-0.0112285346	-0.1415985542	0.0217979043	0.0152066175	0.073417919	0.0366953609	-0.0535798963	0.0097676948	0.0845182582	-0.0109201063	0.0517296717	-0.0125397625	-0.0055881905	-0.0179093224	-0.0363139093	0.0665193559	-0.0529514912	0.0348977964	-0.0132567635	0.0127682594	0.0026761082	-0.0199254059	0.0180391134	-0.0472311778	0.0253421688	-0.0192063222	0.0341284329	-0.0473889949	0.0479425856	0.085324299	-0.0464380548	-0.0274846276	0.001764404	0.0434273517	0.0006490734	0.0392694186	0.0113530664	0.0101231894	-0.0546246844	-0.0155854843	0.0745543275	-0.0797494512	0.0274237741	0.0831823	0.0113985999999999	0.0001299280819599	0.00691929503329	-0.034371	0.056849	0.0032318088009999	0.001181365641	0.839827	0.0699189999999999	0.0048886665609999	0.7053093899289999	-0.00348739	0.0002146399999999	4.6070329599999954e-08	1.21618890121e-05	-0.00245722	0.00052721	6.0379301284e-06	2.7795038410000017e-07	0.00151906	3.266000000000011e-05	1.0666756000000072e-09	2.3075432836e-06	0.0	0.0
5142.433688975606	-7.181587807462165	26444624.24551126	51.57520343628923	10465.662981753678	-10.859022919752531	109530101.64764927	117.91837877171083	4833.902587581195	4.587213591175896	23366614.226224173	21.04252853106886	4874.519090449047	9053.408134044392	1.199118	33.877186	0.0943689	0.0566139	0.1242957749	0.0192704048	-0.0973282056	-0.127953955	0.1239150965	0.2501015264	-0.0252634651	0.0417349255	-0.2197171009	0.0146986036	-0.0475662387	-0.0846879007	-0.0366494471	0.1566776034	-0.1043473779	0.0275413056	-0.1142429897	-0.0020748249	-0.0557921284	0.1539451697	0.1144316038	-0.0384836276	0.0770489407	0.0621166243	0.0121290003	-0.0269216176	-0.0907290938	-0.0204575459	0.0050694641	-0.0136902798	0.1128582539	-0.0751301134	0.0517799727	-0.0294668236	-0.0279437669	-0.0367537488	-0.0232377596	-0.0495103545	-0.0373994055	-0.0736181347	-0.1240077208	0.0357400001	-0.0426968343	-0.1043347048	0.0441487307	-0.0801895382	0.027784298	0.0529208716	0.0650236787	-0.0233363559	-0.0078001837	-0.0530108574	0.006952585	0.0020126895	0.0149529607	-0.0171550111	0.0051359712	-0.0180694339	-0.0231098359	0.0186308381	0.0264808862	-0.0881052134	-0.0208395607	0.0056179969	0.0743710781	-0.0077866875	0.0321655756	-0.0873491694	-0.0237547737	-0.1250844199	-0.0049675082	0.02831895	-0.0071154767	0.0283820012	0.0458638738	-0.0093904903	0.0227472331	-0.0418621376	-0.0623157081	0.0127185274	0.0401586968	0.0535111913	0.0540809862	-0.0387483467	-0.0521019876	0.1284362978	-0.0525162292	0.0710866006	0.033953027	0.0019677145	0.1194408525	0.0035152947	-0.0164022834	0.0974980256	-0.0616466152	0.0179912354	0.0505182319	-0.1529853464	-0.0763729112	-0.0792222335	0.1251685394	-0.0114753072	-0.0857897174	0.0356344783	0.1358940766	-0.0304611446	0.1223498922	0.0731752557	-0.0117554729	0.0072685525	-0.0258179396	0.042324318	-0.0138725691	-0.030924695	-0.1234964255	0.1101213662	-0.0109907786	0.0326379827	0.0235454617	0.0283206346	-0.04689217	0.055208043	0.0124543928	0.0641400796	0.0952062738	-0.0228651589	0.0244008447	0.1151460333	-0.0084828994	-0.028592719	-0.0981654683	-0.020260094	0.0450245774	0.0878042296	-0.0023794779	0.0262883078	-0.0356447893	0.0220643674	0.0168624456	-0.014707236	-0.0217496973	-0.0489915815	-0.0143603589	0.0028112786	-0.0310513591	0.0929161011	0.0468014953	0.0622126288	-0.0689962144	0.0236750395	-0.0620992264	0.0916506466	-0.0426360107	0.1199567075	-0.0055823384	-0.0335890282	-0.0188121535	0.0136901418	0.0503927647	-0.0136489065	0.0018866426	-1.55092e-05	-0.0862677533	-0.0189256043	0.0429754076	0.033340959	-0.0550494297	-0.0144276424	0.0463825591	0.1033245209	-0.0330837722	-0.0201173463	-0.0918798139	-0.0658787155	0.0731645168	-0.0573123396	-0.0131947544	-0.0552674371	0.0712630937	0.0492617619	-0.0553742778	-0.013655274	0.0730753174	-0.0810706967	0.0320148926	0.0767165	-0.0064657999999999	4.180656963999992e-05	0.00588542137225	-0.0888300999999999	-0.0544590999999999	0.0029657935728099	0.0078907866660099	0.8266409999999998	-0.0131860000000001	0.000173870596	0.6833353428809997	-0.00333557	0.00015182	2.30493124e-08	1.11260272249e-05	-0.00269375	-0.00023653	7.2562890625e-06	5.5946440899999993e-08	0.00153587	1.6809999999999915e-05	2.825760999999972e-10	2.3588966569e-06	0.0	0.0
5126.3119220812205	-16.121766894385473	26279073.922472056	259.91136779690345	10433.534091383148	-32.12889037052992	108858633.63605437	1032.26559644153	4833.066742136753	-0.8358454444414747	23358534.13394837	0.6986376069935664	4874.012686275927	9036.86174916532	1.10197	31.132578	0.0854144999999999	0.0418239	0.1041977093	-0.0498538603	-0.0616930203	-0.1118884865	0.0807097262	0.225400814	-0.0285316697	-0.0254313974	-0.05097987	0.0006703776	0.0497815861	-0.1585357786	0.1042340398	0.1505774417	0.0100830712	-0.0404275907	-0.0592791358	0.0441588243	0.0188461787	0.1194603142	-0.0270197141	0.021335873	-0.0395064852	0.0196351233	0.050457753	-0.0778288353	-0.0202834338	-0.1475256913	0.0379225573	0.0029924072	-0.105089627	-0.0803218168	-0.0120652081	-0.0037937765	0.0945928753	-0.0606978099	-0.0296534803	0.0217002442	-0.0277665787	-0.0099523711	0.0557683294	-0.0592736539	0.0611890319	-0.0669048832	0.0855957765	-0.0875717138	0.0160932747	-0.003904616	0.077916354	-0.0336265654	-0.0623141214	-0.0539370016	-0.0335601106	0.082635061	-0.0943925382	-0.1385514864	0.1065898134	-0.0615101465	0.1048830794	0.0634483557	-0.0232801014	0.0848644347	-0.0047082293	0.0135619149	0.0024225261	-0.0780396457	0.0163786484	0.0120370447	0.0188528717	0.0763293298	0.0126885131	-0.025523727	-0.0618011828	0.0407419761	0.0207711065	-0.0129989546	-0.0055134617	0.0164734824	-0.0261116315	-0.0155664379	0.0513764802	0.0132007186	-0.0234395876	-0.0177548794	0.0778015528	-0.0991905427	0.0014999021	-0.0227680118	-0.0690276277	0.0150991224	-0.0118356244	0.013093139	0.0469687791	0.0581711034	0.0173320166	0.0134484772	-0.0871701174	-0.1647786924	0.0311840729	-0.0803827314	0.0426568718	0.0085667798	-0.0169679204	0.081888809	0.112050841	0.0016824896	-0.0694632508	0.0123733726	0.0679099638	-0.0559073905	-0.0591169025	0.1176631826	-0.0614771915	-0.0635428558	0.1009693838	-0.0209320776	-0.0359609498	0.0179693806	-0.0551196265	0.0398627488	0.0794880935	0.0397021615	-0.0041551699	0.0016534295	-0.0696530703	0.0805164014	-0.0484091165	0.0994926908	-0.082879411	0.0192839518	-0.0834166245	0.0214415863	0.0343809942	0.094912136	0.0733021818	0.0456001292	0.0078471642	-0.0551253263	0.1753633739	-0.0774995478	0.0020860606	-0.0716551663	0.0615570819	-0.0824971357	-0.0304466232	-0.0982743014	-0.018060475	-0.0301965627	0.0023002286	0.0779875714	-0.0157915487	-0.0218465158	0.036586739	-0.0590379324	-0.0063250358	-0.0011435559	-0.0295740124	-0.056544431	0.045752362	-0.0127531936	0.0142269312	-0.0053365517	-0.0022846089	-0.0185009248	0.0014279812	-0.0314440788	-0.0329037118	0.0096323219	-0.1118971536	-0.0721584465	0.0335269398	0.0403855543	0.0216431353	-0.0259434933	-0.0301989348	-0.0116904852	-0.1014298489	-0.0601715398	0.0110836231	0.0165771997	-0.0561165917	-0.0117178835	0.0715098565	-0.0822214493	0.0365008217	0.0861071999999999	0.0093906999999998	8.818524648999795e-05	0.0074144498918399	-0.0516963	0.0371337999999999	0.0013789191024399	0.00267250743369	0.8286759999999999	0.002035	4.141225000000037e-06	0.6867039129759998	-0.00374234	-0.0004067699999999	1.654618328999999e-07	1.40051086756e-05	-0.00243339	0.0002603599999999	5.921386892100001e-06	6.778732959999993e-08	0.0014659	-6.996999999999993e-05	4.895800899999991e-09	2.14886281e-06	0.0	0.0
5099.027350544583	-27.28457153663749	26000079.92160171	744.4478439378885	10385.535168609256	-47.998922773891536	107859340.7384197	2303.896587454004	4834.095560322848	1.0288181860942132	23368479.886333067	1.058466860038187	4872.477916913768	9042.161635089327	1.146968	32.403851	0.0480764	0.0241169	0.1013476732	-0.0641854621	0.0337749381	-0.1422163254	0.1039919441	0.1132574896	-0.0337224742	-0.0391260384	-0.1291278384	0.0018844751	0.0347672017	-0.0071722155	0.1023345463	0.1630214422	-0.0088566515	0.0230033093	-0.0982651558	0.077666542	-0.1359575921	-0.0178041105	0.0474612705	0.0006724633	-0.0198352198	0.0198342281	0.0811668913	0.0491583076	0.0248154651	-0.1002377542	0.0265855551	0.064733113	-0.026671025	-0.0416671514	0.0559088061	0.0971410505	-0.035816794	0.0440886203	-0.0225827543	0.0913385316	-0.0153691324	-0.0358634948	0.0680472992	-0.0218689709	0.0776629207	-0.0688244342	0.0178646741	-0.0389936032	-0.0043614729	0.0138073389	0.0244225247	-0.0016402202	0.0390253764	0.0032436326	0.034207339	0.0965747801	-0.0499783429	-0.0558409297	-0.0795337024	-0.0032040079	-0.1133463551	-0.009806025	-0.0686212152	-0.018222097	-0.117383204	-0.0530673601	-0.0292685254	-0.0484467753	0.0164421499	-0.0472989653	-0.0864757098	-0.0747131622	-0.0402876952	-0.0288368876	0.0242530011	0.0706866869	-0.0686981265	0.0933657406	-0.0131090748	-0.04414408	0.0178002396	0.0376339619	0.0418824099	0.0939897796	0.0565747503	0.0368103976	-0.0522392585	-0.018734794	-0.076209147	-0.0528661215	0.0052728232	-0.0015260569	-0.1380015597	0.0093777231	0.0056411795	0.0702699469	-0.0401040341	0.0457202879	-0.0834807578	-0.1716473937	0.0170806225	0.0203401358	0.0788213066	0.1549745689	-0.0835245848	-0.0407150922	0.0713797961	-0.0338005033	0.015416592	0.0293521458	0.0314353287	0.0376454382	0.049294591	0.0627120609	-0.0461717861	-0.0195090476	0.0716888489	0.0438395413	0.0320583375	-0.0803867056	0.0648877984	-0.0477805828	0.0753512923	-0.0709881268	-0.0101077045	0.0502390635	-0.0756779845	0.0468903624	-0.0437609482	0.0854713774	-0.0197830894	0.0098874317	-0.0278063426	0.0190207213	0.0008006163	0.0264857551	-0.0623334087	-0.0319936323	0.0062055142	-0.0863915571	0.0265333427	-0.0858853761	-0.0239397523	0.0057213116	-0.0993603272	0.0288990878	0.1061673587	0.0025649333	0.1099941254	0.059570909	0.0636280304	0.0329859589	-0.0414693034	0.0383627126	-0.0676867722	0.0692512811	-0.0268045632	0.083756261	0.012142998	-0.0588075187	0.0171833353	0.0207663065	-0.0834161275	0.0218758573	-0.0410225876	0.0527512434	0.08251358	0.0419302888	-0.0733755129	0.0117659827	0.0885433196	-0.0132020648	0.0788944807	0.0288596281	0.0430358361	0.077739241	-0.1036908359	0.0368047218	-0.0050976336	-0.0336792515	0.0602101964	0.0116861899	-0.0568515285	-0.0097743314	0.0698597967	-0.083199289	0.0408668224	0.0807376999999999	-0.0053694999999999	2.883153024999999e-05	0.0065185762012899	-0.0740882	-0.0223919	0.00050139718561	0.00548906137924	0.837381	0.0087050000000001	7.577702500000322e-05	0.7012069391610001	-0.00358168	0.0001606599999999	2.5811635599999993e-08	1.2828431622399998e-05	-0.00243339	0.0	5.921386892100001e-06	0.0	0.00153744	7.153999999999993e-05	5.11797159999999e-09	2.3637217536e-06	0.0	0.0
5071.826765358026	-27.200585186556964	25723426.73780206	739.8718344911422	10313.606830243543	-71.92833836571299	106370485.84884629	5173.685860052499	4816.261293592562	-17.83426673028589	23196372.848157898	318.0610698069822	4855.435695442382	8975.027889096315	1.098633	31.038294	0.0703149	0.0322745	0.074166338	-0.0131250517	0.0801244786	-0.1105677618	0.1031350864	-0.011607237	0.0145694711	-0.1283592605	-0.0689748025	-0.0080973021	0.0555105587	-0.057570269	0.0791782631	0.1505535786	-0.079148828	-0.0258974576	0.0051180092	-0.0169662841	-0.0228433279	-0.1170858611	-0.0174341261	-0.1056345334	-0.0490074626	-0.0235874225	0.0389048729	-0.0414280649	-0.0606660894	-0.0461712789	0.0441619833	0.0312933574	-0.0901108158	-0.0465997989	0.0008026868	0.0087679994	0.0572657899	0.0043319386	0.04347117	0.1303605868	0.0003573908	0.0046572043	-0.0690407338	-0.066598495	-0.0098772454	-0.0108798177	0.064957141	-0.0435498255	-0.0584376885	0.0172761097	-0.0179334568	-0.0282075505	-0.0383451469	0.0227021905	-0.1028417688	-0.0126511685	0.0421975578	-0.061074005	-0.0124855831	-0.0711404407	-0.076572344	-0.0412644688	-0.0065996654	0.0372110284	0.034301742	0.054785498	-0.0023397117	0.0209769552	-0.005983075	-0.0713453138	0.0674526477	-0.0315032046	-0.1049196314	0.013906866	-0.0724740655	0.0374722124	0.0162444425	-0.1075292904	2.05315e-05	0.0620448094	-0.1067068268	0.0562144489	-0.0936471589	-0.1197418438	-0.0244928955	-0.0297430803	-0.0545803246	0.0309943183	-0.0866081908	-0.0535269765	-0.0168551619	0.0140553707	-0.0221236439	-0.1326098342	0.0362412591	-0.1508110999	0.0191417346	0.0790106343	-0.0573585692	-0.1570301561	-0.0467340459	0.0396535761	-0.0358766629	0.0783992525	0.0509598287	-0.1181387777	0.062578431	0.0299080963	-0.0064429365	-0.0413000331	0.0287136655	0.0166140958	-0.0926273626	0.0333020926	-0.067488146	-0.0749503533	0.0924109749	0.009702777	-0.0162849918	0.0051169952	-0.0508090573	0.0108244803	0.0744362151	-0.1063185306	0.0314992526	0.0232782378	0.064704456	0.0451777213	0.0052926751	0.0045682952	-0.0264895919	-0.0686081908	-0.0744391133	0.0265497431	-0.036642494	0.0104945033	0.0751153267	0.0269918667	0.0622257507	0.0116800454	-0.0266910318	-0.0006355609	-0.0612178937	-0.0686944619	-0.0647186237	0.0685194526	0.0322474638	-0.031529664	-0.0445835937	-0.0519962154	-0.0461248098	-0.0143745016	0.0035595676	0.0680445929	0.0423413146	0.0593514961	0.0639119859	-0.0223049682	-0.1371971555	0.00532524	0.041283757	-0.0817647325	0.0625072185	0.0603856938	-0.0554903031	0.043879015	-0.1208663947	-0.0188683916	0.1111113547	-0.0651775754	0.0206353883	0.0337487819	0.0455529411	0.0598459181	0.0256930736	-0.02612741	-0.0268044409	-0.0765336473	0.0452531577	0.1397997925	-0.0591041732	-0.0618326848	-0.0575789916	-0.0078256397	0.0681270903	-0.0840021592	0.0450985495	0.085617	0.0048793000000001	2.380756849000098e-05	0.007330270689	-0.0466021	0.0274861	0.00075548569321	0.00217175572441	0.827878	-0.009503	9.030700900000076e-05	0.685381982884	-0.00395579	-0.00037411	1.3995829209999998e-07	1.56482745241e-05	-0.00256862	-0.00013523	6.597808704400001e-06	1.828715290000002e-08	0.00147785	-5.958999999999999e-05	3.5509680999999984e-09	2.1840406225e-06	0.0	0.0
5056.882520978282	-14.944244379744305	25572060.830975663	223.33044008151924	10266.616332940986	-46.99049730255683	105403410.92781062	2208.106836741601	4810.285946999515	-5.975346593047107	23138850.891901016	35.70476690703966	4850.000945164239	8931.318534299673	1.009625	28.523661	0.066503	0.0343429	0.056007296	0.0308097825	0.0884890823	-0.0959570512	0.0972489406	-0.0657032455	0.0531148512	-0.1154392354	-0.0519718489	-0.0407037205	0.0896036737	0.0310966829	0.0621631879	0.0657775672	0.0293049246	0.0026775018	0.0331099187	-0.0213033838	0.0205070759	-0.0767445933	-0.0423984873	-0.0759689077	-0.0797629519	0.0854324649	0.0177204548	0.0952503972	-0.1813014833	0.0109850163	-0.1128355918	-0.0156236193	0.0392185153	-0.0595273044	-0.0731633423	0.0436453204	0.0779455378	-0.0313078319	0.0126447875	0.0522156128	0.1064676059	0.056447338	0.0313127714	-0.078728598	-0.0313282255	-0.0458439722	0.0172046367	-0.0143404633	-0.034888856	0.0649252319	-0.0956239903	0.0173553296	-0.0226186024	-0.0238335908	-0.02779521	-0.0039097979	-0.0297792301	-0.0100393319	-0.0226734997	-0.0830187366	0.1377616794	0.049196271	0.0443244768	-0.1363551213	-0.0758084021	0.0627060933	0.0475855248	0.090474979	-0.0722799486	-0.0373962702	-0.001766729	-0.1066386434	-0.0288237422	-0.0496688394	-0.0499038682	0.0638499666	-0.0475245508	-0.0119188135	-0.0313011712	-0.0928083352	0.0474820661	-0.005581139	0.0942122505	0.0780616096	-0.0292239191	0.0094072397	-0.0130952592	-0.0788830783	0.0344906865	0.0958931527	0.0622374592	-0.0778141133	0.0066344869	0.0092016701	-0.0512984858	0.0207064621	0.0332218182	-0.0246146269	-0.0569378513	-0.063605553	0.0153582791	0.0824879065	-0.0544626272	0.0127867961	0.0626400094	-0.06806569	0.0408081262	0.0458923146	-0.0672315631	0.0379356894	-0.114302239	0.1504571514	-0.0533380964	0.0965263965	0.0899887946	-0.0554572158	-0.0337687427	0.036739058	-0.0956208567	-0.0222642198	-0.0960019139	0.0171507242	0.0678938669	-0.030790869	-0.0974505188	-0.0562022633	-0.0053547855	0.0493811324	0.0441533222	-0.0008028704	0.0269604793	-0.0778170884	-0.0343592082	-0.0119176443	-0.0613067925	-0.040714131	0.0199886309	0.0623602057	-0.0062794147	0.0016746823	-0.0363413795	-0.050122114	0.0185861267	-0.0965442998	0.0433765385	-0.100947112	-0.0736858046	0.0893012733	0.1115360015	-0.0826172512	-0.0756782318	-0.0486802827	0.0600879982	0.048565401	-0.0362271325	0.0920584683	-0.0309522505	0.0663282267	-0.0009503887	-0.1216554024	-0.0003941932	-0.0584557336	-0.0046148157	-0.0574463909	-0.0050366736	-0.0203608797	0.1045069722	-0.0493609825	-0.0672954836	0.0426820957	0.0322224668	-0.0896189432	-0.0135333141	-0.1033164623	-0.0486703251	0.0742171851	0.0539216021	-0.0199600175	0.0306478355	-0.048314707	0.0050949722	-0.0003631009	-0.0582988854	-0.0058728332	0.066313787	-0.0846283716	0.0491820991	0.0857909	0.0001739	3.02412100000016e-08	0.00736007852281	-0.041866	0.0047361	2.243064321e-05	0.001752761956	0.850824	0.022946	0.000526518916	0.723901478976	-0.00346103	0.0004947599999999	2.447874575999999e-07	1.19787286609e-05	-0.00247522	9.34e-05	6.126714048400001e-06	8.72356e-09	0.00129307	-0.00018478	3.4143648400000025e-08	1.6720300248999995e-06	0.0	0.0
5057.733120428126	0.8505994498445943	25580664.31747563	0.7235194240759266	10238.504662411797	-28.111670529189723	104826977.7222281	790.266019941714	4802.0031244739685	-8.28282252554618	23059234.00745776	68.60514898969521	4841.822977369971	8882.31210339179	0.993407	28.065475	0.0607718999999999	0.0394021	0.0528641378	0.0646133747	0.0557835202	-0.0612983091	0.1051550447	-0.0961555961	0.0843011734	-0.0887082285	-0.098871801	0.0012119095	0.0036977304	0.0476505988	-0.0390183186	0.0198169364	0.0325505674	0.0985459643	0.0188332199	0.0156499714	-0.0208754535	-0.0443389842	0.0038168483	-0.0384641906	0.0171600932	-0.0946365163	-0.0852662243	-0.0063492447	-0.0868302485	-0.0524067764	0.0264144573	0.0999497625	0.0084637146	-0.0253899716	0.0262500798	-0.0060982908	0.0751429243	-0.0954070017	0.0102531124	-0.0157859814	0.088281498	0.0147054024	-0.0148429921	-0.0430859335	-0.0609559721	-0.0689665659	-0.017163209	-0.0119591013	-0.0070646998	0.0483261138	-0.0230134282	-0.0578861404	0.061855334	-0.0001448183	0.0085408863	0.1029129894	-0.0105944504	0.0121111217	0.0303779224	0.0606521789	0.0125301145	0.0423488021	-0.0427767419	-0.0663254244	-0.0281789504	0.0262869028	-0.0959056508	-0.013145142	0.076742809	0.0820919631	0.0618428622	-0.0009211482	0.0729583713	-0.0093041359	-0.0035318441	0.0062333337	0.1043248964	-0.0251135532	0.1008441289	-0.0068287601	-0.0281682548	0.0700616283	-0.0459429242	-0.0190960171	0.0152130891	0.0560490851	-0.0537427189	0.0381168463	-0.0315161402	-0.0329802326	0.0438892006	0.0418816321	0.0072249732	-0.0168712501	-0.0148008578	-0.0268595124	0.0711987326	0.0030082196	0.044769417	-0.0116604121	0.0320566014	0.1001767604	0.0429882654	0.0094727732	-0.0162819407	-0.016125651	-0.046575659	0.048303276	0.0445461759	-0.1079792156	-0.0438733229	-0.0146464508	-0.0644519845	0.1017005673	-0.0441257289	0.0089820746	0.0381937254	0.105237401	0.0060872267	0.0016756559	-0.0938445204	0.0776027645	0.0274636163	0.0214140836	-0.075514127	-0.0133336809	0.0447640898	0.0106657418	0.0788102798	0.0325709521	0.0371779141	-0.0253789293	-0.0179155484	-0.0223602173	-0.0717679323	0.0293422729	-0.0568787196	-0.0342689055	0.0317599412	-0.0982038392	0.0285146823	-0.0023169789	0.0133840643	0.060944627	0.0393493078	-0.0365897128	0.0263770531	0.0597526273	0.0413953497	-0.0602707737	0.0404601088	-0.0010725869	-0.0579475155	-0.1020434118	0.0586357091	0.0113113823	-0.0420337922	-0.1022282205	-0.0335183514	0.1124623571	0.0858382548	0.001010911	-0.0179477635	0.0172986719	-0.0114824578	0.0237383509	-0.021439272	0.0517850895	0.0380913688	0.0310166335	0.0641082099	0.0352657612	0.0230140959	-0.0326624327	0.0304421531	-0.0372324194	-9.95648e-05	-0.0073903409	0.056248665	0.0007035652	-0.0653651376	-0.0158536556	-0.0590111152	-0.0039169386	0.064422032	-0.0850766092	0.0531040541	0.085997	0.0002061	4.24772100000003e-08	0.007395484009	-0.0644753	-0.0226093	0.00051118044649	0.00415706431009	0.853807	0.0029829999999999	8.898288999999748e-06	0.7289863932489999	-0.00398207	-0.00052104	2.714826816e-07	1.5856881484899998e-05	-0.00256078	-8.555999999999972e-05	6.557594208399999e-06	7.32051359999995e-09	0.00138594	9.28700000000001e-05	8.62483690000002e-09	1.9208296836e-06	0.0	0.0
5057.487371149093	-0.2457492790335891	25578178.50933256	0.0603927081455288	10220.87040213791	-17.634260273885957	104466191.77729878	310.9671354071524	4792.153847736702	-9.849276737266337	22964738.50037768	97.0082522472558	4831.624179509832	8863.021650195278	1.019848	28.812469	0.0568150999999999	0.0278241	0.0185931655	0.0769072599	0.0202327806	-0.061543124	0.0426117574	-0.0543393356	0.1087763787	-0.0950552975	0.0392941921	-0.0123373741	0.0534255159	0.0652993707	-0.061542686	-0.0213662838	0.0518374195	0.1046876997	0.0778291464	-0.0700984104	0.0324482436	-0.0916535355	0.0617107827	-0.0975608642	0.0062166065	-0.0375394739	0.0442737067	0.0750442994	-0.1267490195	-0.1098696106	-0.0018479504	0.0932341426	-0.0172878244	-0.1301778273	-0.0281919763	-0.0599598252	0.0630083235	-0.0310545326	0.1206834012	0.0350881533	0.0494600948	-0.0978031729	0.0142048285	-0.0387892504	-0.003520281	-0.0402318474	-0.0169584765	-0.0510354592	-0.0036268621	-0.0335954327	0.0428569527	0.0346422827	-0.0096155167	-0.0104629579	0.0311836414	-0.0144561114	-0.0157048042	0.0765433706	-0.0436677536	0.1201158634	-0.0190333687	0.0966392487	0.0108317365	-0.0271749069	0.032628551	0.0273729807	-0.1167272549	-0.0384027572	0.0778759213	-0.0503560083	0.012256783	0.0221558891	0.0471611429	0.0434197286	-0.0023697936	-0.0932631842	0.0044702363	0.024844282	-0.1246436987	0.0088208667	-0.060968209	0.0651920503	0.011141587	0.0596161075	-0.0482027461	0.0818217524	-0.0760770947	-0.0220447338	0.0287326981	-0.0065045511	-0.1012035981	-0.0155890842	-0.0522679746	-0.0124519508	0.0093085151	-0.0986446186	0.0956059336	-0.0898593938	0.0565630791	0.0325157752	0.0281011279	0.140260778	-0.0025690933	-0.0694457837	0.0513194172	-0.0750790618	0.0097575647	-0.0016417747	0.0692331918	-0.0481646566	-0.0314170986	0.1113724317	-0.0377381389	0.1545090246	-0.0606936042	-0.0326444402	0.0699694586	0.1014419854	-0.0868126715	0.0924835933	-0.0918285443	0.0515188991	-0.0318900964	-0.0936135926	-0.0262918442	0.0881224714	0.0014126189	0.0430984439	0.0025280929	0.0207650967	-0.0078844029	0.0669976638	-0.0211659065	0.0459806385	0.0449216716	-0.0011485794	-0.0291452821	-4.34925e-05	-0.0289370113	-0.0034606614	-0.0412969008	0.0158712324	0.0305616798	0.1648304337	-0.0418664911	-0.055070278	-0.0057750555	0.0271496159	-0.0049408501	-0.0766148738	0.0902449882	0.0063140752	-0.1221903017	0.0164295629	0.0127937692	-0.0188585847	-0.0085641091	-0.0491543747	0.0266240819	-0.0042270357	-0.0817874222	0.0712999174	0.0662062983	-0.0486390467	-0.0574509271	0.0692062173	-0.0488562081	-0.048360758	-0.0412659783	0.0781279347	0.0751695085	-0.0921873377	-0.0080038341	0.0957395104	-0.0017275643	0.049986762	-0.0557353802	-0.0013436876	0.0352200762	0.0080000561	-0.1555028855	0.0305034957	-0.0597155874	-0.0019589843	0.0624540634	-0.0853459294	0.0568515285	0.0838673	-0.0021296999999999	4.535622089999993e-06	0.00703372400929	-0.0555774	0.0088979	7.917262441e-05	0.00308884739076	0.831979	-0.0218279999999999	0.0004764615839999	0.692189056441	-0.00407012	-8.805000000000011e-05	7.752802500000018e-09	1.65658768144e-05	-0.00235816	0.0002026199999999	5.560918585600001e-06	4.1054864399999883e-08	0.00119742	-0.0001885199999999	3.5539790399999985e-08	1.4338146564e-06	0.0	0.0
5064.492201040006	7.004829890913243	25649081.254395045	49.067641800631634	10209.76042907425	-11.109973063661528	104239208.0190904	123.4315014752847	4793.264182899388	1.1103351626861695	22975381.52706614	1.2328441734973226	4832.693554656868	8857.079413254847	1.100514	31.091427	0.1537459999999999	0.0816227	0.0841773855	0.0570481707	0.0766073887	-0.0343815406	0.1254970913	-0.1126890636	0.0180136975	-0.0501194816	-0.0578743105	-0.0225168753	0.0108974335	0.0836224589	-0.1699023691	0.0005509299	0.0016497758	-0.0073521672	0.007331395	-0.0239803803	0.0024557979	-0.0721776559	0.0449342575	-0.0951803323	0.0863905675	-0.0315166109	-0.0850088103	0.003239469	-0.0938902401	-0.0314901712	-0.0801326299	-0.075263036	0.0813904381	0.0916148247	-0.0372213144	0.0036403811	-0.0270971113	-0.0333270562	0.0084693019	-0.0536035195	0.0456934755	0.0373213212	-0.0143315577	0.0615364607	-0.0163747822	-0.0058412389	0.0129348241	-0.0701906052	-0.0444467905	-0.0322542803	0.0160894097	-0.0264073581	0.0372573174	0.0907945716	0.073316151	-0.0288698702	-0.0678321253	-0.0093522875	0.0092472252	0.0085487788	0.0176014249	-0.0649629158	-0.0159033938	0.0170824353	0.0165025656	-0.0480658673	0.05303154	-0.0157963761	0.005289372	0.0414601394	0.025358098	0.0800749384	0.0495756501	-0.0103394568	-0.0364956433	0.1068458052	-0.0038030007	-0.0749882992	0.0258323395	0.0381268581	0.0142390436	-0.0042751155	-0.0060762931	-0.0383459848	0.0616358905	-0.0418083839	0.0563551621	-0.0300533406	0.0173565168	-0.0472134681	0.005316221	-0.053361321	-0.0095535701	-0.0341472113	-0.0432887843	-0.0212890608	0.0575441766	0.0823129553	0.1631041034	0.0240097907	-0.0078676414	0.0238317997	-0.0375128239	0.0026131172	0.0348889033	-0.0728629311	-0.0351807538	0.0514535651	0.1275005442	-0.0325111034	-0.0741774701	0.0142833388	-0.0350029937	0.0831903023	0.061175366	0.0053163806	-0.13064811	-0.0601182818	0.0264438616	-0.0221526632	-0.0154683426	0.0210102685	-0.0556597689	0.0280149989	-0.0325697709	-0.0467964235	0.0210093197	-0.0775514614	0.0155043747	0.0017120006	-0.0029229806	0.006504919	-0.0678036186	0.0596318092	0.0076889791	-0.0081981309	-0.0285115881	-0.1152039172	0.0118804764	0.0462658434	0.0185378149	-0.0533570697	0.0442700785	-0.0072189747	0.0432170656	0.0361536998	0.0157134607	-0.0089690626	-0.0305581612	0.0547580809	-0.010550634	0.0233869997	0.0144375637	-0.0410588852	0.0533919338	-0.0772335916	-0.0205010736	-0.0238449906	0.0279741727	-0.0640223472	0.0795391355	-0.0782904715	0.0301188227	0.0557182064	0.0375702807	-0.000513311	0.0072979786	0.061087654	0.028805069	-0.0617059572	-0.067332892	-0.040097091	0.0094876352	0.0190857078	0.0299234765	0.0492695388	0.0246640725	-0.0212270487	0.0598555395	-0.0254396491	-0.0074364158	-0.1191518763	-0.0604122093	-0.0	0.0604122093	-0.0854357658	0.0604122093	0.0916203	0.0077529999999999	6.010900899999994e-05	0.00839427937209	-0.0118324	0.043745	0.0019136250249999	0.00014000568976	0.8874959999999998	0.0555169999999998	0.0030821372889999	0.7876491500159997	-0.00479811	-0.00072799	5.299694401000006e-07	2.3021859572100003e-05	-0.00254117	-0.0001830099999999	6.4575449689000005e-06	3.349266009999998e-08	0.0011738	-2.362000000000002e-05	5.57904400000001e-10	1.37780644e-06	0.0	0.0
5083.209482645498	18.71728160549173	25839018.64445711	350.3366306992792	10260.334101742634	50.57367266838446	105274455.87938282	2557.6963671688973	4798.303752555896	5.03956965650741	23023718.90179199	25.39726232279022	4836.742624471896	8894.426812070427	1.044271	29.502481	0.1000186999999999	0.0533473	0.0755287778	0.0059547914	0.1029899864	-0.0847840622	0.0925947493	-0.0333422648	-2.90619e-05	-0.1671423427	-0.0078752802	-0.0517544902	0.0076185447	0.0224114201	-0.1345243397	-0.0589051496	0.0192894591	0.143924494	0.0316821679	-0.0566244231	0.0596717119	0.0699981205	0.0554672312	-0.0118748877	-0.0083491695	-0.0032449743	0.0133996407	-0.1080722438	0.0119881085	0.0113280624	0.0208036329	-0.0639575499	-0.0185632844	0.0288323779	0.0560073585	0.1216757215	-0.026460684	-0.0702260554	0.0416606417	0.0603298378	0.0186251726	-0.0249254643	-0.0505331771	0.0746398071	0.0033930863	0.017785727	-0.0184132418	-0.0114020339	0.0262207653	0.0031712959	0.0126309551	0.0509452592	-0.0859616231	-0.0016580919	0.0390281826	-0.0257136365	-0.0430785363	-0.0445714885	-0.0309572411	-0.0509925303	-0.0031479315	-0.0378250429	-0.0088180606	-0.0325437068	0.0063951016	0.108087997	0.0172598655	-0.0375535073	0.069643068	0.0840379827	-0.0437304633	0.0949395586	0.0581881628	-0.0415823613	0.0531214091	-0.0299383193	0.0412555206	0.0245196905	0.1107947688	0.0170510902	0.0214397297	-0.1083841768	-0.0312097885	0.0362819049	0.0573858327	-0.077497684	-0.0863556394	0.0817397374	-0.028026667	-0.0181177847	-0.175171634	-0.1322355442	-0.0188793644	-0.0034158509	0.0417798751	0.0362116145	-0.0055250682	0.0363489241	0.1276358123	0.0694959379	0.0320255004	0.0810570316	0.1030507194	-0.1148647574	0.0299960286	0.0253831857	0.0527606738	-0.0502986662	0.033852918	-0.0018742971	0.0433706092	-0.0706363106	-0.0461535185	-0.0465925596	-0.0059280065	-0.0676291442	-0.0483363332	-0.0398459928	0.0596463253	-0.1328797021	-0.0147167613	0.0566353966	0.0168407223	-0.0597673645	-0.0099665824	0.0537038241	0.0421852143	-0.0696399276	-0.0161248561	-0.0082004892	0.0074747251	0.0227522825	-0.0068617234	-0.0196507005	0.0626914061	-0.0330792778	0.0453864601	0.0018073578	-0.0579994512	0.0181992144	0.0062254266	-0.0719949587	-0.0234984589	-0.0304476891	-0.0148939244	0.0278670096	0.0236144853	0.0206342595	-0.0064062995	-0.0956059368	-0.0520551292	0.0799490509	-0.0479307292	-0.1002957165	-0.0167665084	-0.1136955324	-0.0291752634	0.0178462119	0.0447581141	0.0558094513	0.0335873624	0.023845418	-0.0558262296	0.0016376359	0.0641988119	-0.1091161518	-0.029296213	0.037621147	-0.0735862654	-0.1000167114	0.0586807836	0.0545405159	-0.0148171958	0.1952370742	-0.0839446462	0.0351720493	0.0490532234	-0.0119970995	-0.0462666775	-0.0419959218	0.0038790929	0.0210435142	-0.0611008895	0.0019589843	0.0582988854	-0.0853459294	0.0637743975	0.0962826	0.0046622999999999	2.1737041289999945e-05	0.00927033906276	-0.0599188	-0.0480864	0.00231230186496	0.00359026259344	0.867378	-0.0201179999999998	0.0004047339239999	0.752344594884	-0.00458551	0.0002126	4.519876000000012e-08	2.10269019601e-05	-0.00243339	0.00010778	5.921386892100001e-06	1.1616528400000006e-08	0.00139646	0.0002226599999999	4.957747559999999e-08	1.9501005316e-06	0.0	0.0
5086.470678602617	3.2611959571195257	25872183.96428417	10.63539907073274	10293.329695239489	32.99559349685478	105952636.21489906	1088.7091902096854	4806.1945777573965	7.890825201500775	23099506.3192646	62.265122360639744	4845.297271843388	8945.706900978841	1.043843	29.490383	0.215256	0.135764	0.1051686076	0.0228838201	0.1015474023	0.0367670283	0.1220221739	-0.0565102255	-0.0579595819	0.0247261796	-0.0199655052	-0.068744758	-0.0402714791	0.0050364097	-0.1248915068	0.0383183413	0.0170464419	-0.0149681564	0.029255404	-0.0638345251	-0.0278009599	0.0285269361	0.0151565776	-0.0718276345	-0.0140608361	0.0216536452	-0.0986252453	-0.0848264345	0.056542856	-0.0679657126	-0.0224946171	0.0437619034	0.0685666141	0.0545907764	-0.075699773	0.0433947525	-0.013735153	-0.0139079763	-0.0385226342	0.0089284351	0.0045906375	-0.0237151269	0.0458345394	0.127440288	-0.0434328928	0.044224352	-0.0470908343	0.0531102239	-0.0851769965	0.0224204735	0.0132378852	0.1018496585	-0.0963278498	-0.0186130471	0.088871047	0.0135962371	0.0586491002	0.0267728166	-0.0008789435	0.0331639852	0.109685856	-0.0811415209	0.1099346284	0.0532167871	-0.0515535306	0.0202551023	-0.0747052471	0.0046409574	0.0533171847	0.079639592	-0.0590151272	-0.0348146077	0.0274450635	0.059741454	0.0129850295	-0.0575269489	-0.060758927	-0.0048004911	0.0171846316	-0.0444734213	-0.0633374101	-0.0137828916	-0.0734837748	-0.1594304392	0.0314308075	-0.0032518207	0.021895548	0.04442576	0.0358290174	-0.0731399526	-0.0361083973	0.0231954117	-0.0357519888	0.0720300464	-0.0271056504	0.0611267986	-0.0503740974	-0.0475435042	0.1311261155	-0.0182637855	0.0269202737	0.0396745237	-0.0493097123	-0.0253560504	-0.0211206356	-0.0590713512	0.07445449	0.0201103365	0.0164826798	-0.0094059579	-0.0373086426	-0.1450236881	-0.0077496958	0.0470721851	0.0149206979	0.0938752523	-0.0546657975	-0.006609666	-0.0063529295	-0.0674367821	0.0077530326	-0.0052036824	0.0101169134	0.0370088633	0.0318368964	0.0362868083	-0.0505748784	-0.1243383804	0.0127063202	-0.0776896595	0.0659940319	-0.0619991311	0.0308735128	0.0583354694	0.070745063	-0.0721494534	0.0170947194	-0.0057932629	-0.1323963453	-0.0255378415	-0.0376699449	0.0308980748	-0.0424381672	-0.0145849178	0.1030311254	0.0362338603	-0.0840570297	-0.0768527132	0.0486154516	-0.0276664738	0.0760547187	-0.0069342417	-0.0574836983	-0.0765803768	-0.0703618141	0.0105994594	-0.0014467398	-0.0439442152	0.0393775038	0.0369248445	-0.0718524517	-0.04447006	-0.0514227497	-0.0326906286	-0.044493448	-0.0075150547	-0.0666424525	0.0495793123	0.1409984279	-0.0491787645	-0.0212434957	0.0334554536	-0.0404609372	0.0719151685	0.0553586113	0.0095903623	-0.0204621253	0.078256446	-0.0636103954	-0.0303425107	0.0807827065	-0.0071244819	-0.0617815374	0.0039169386	0.0561165917	-0.0850766092	0.0669270461	0.104708	0.0084254	7.098736515999999e-05	0.010963765264	-0.0836298999999999	-0.0237110999999998	0.0005622162632099	0.0069939601740099	0.935373	0.067995	0.004623320025	0.874922649129	-0.0064922	-0.00190669	3.6354667561e-06	4.214866084e-05	-0.00262639	-0.000193	6.897924432100001e-06	3.724900000000001e-08	0.00119366	-0.0002027999999999	4.1127839999999985e-08	1.4248241956e-06	0.0	0.0
5087.531773362154	1.0610947595368998	25882979.544969466	1.1259220887166712	10292.888484782674	-0.4412104568145878	105943553.36017177	0.1946666672025372	4808.50519286181	2.310615104413955	23121722.189779	5.338942160745913	4848.527476694832	8955.8742340529	1.0871	30.712471	0.2286402	0.144756	0.0701151354	0.0273631163	0.0913910596	-0.0878238112	0.0924916988	-0.0029813779	0.0239232291	-0.1899783147	-0.0224943567	-0.0598361092	-0.0307576925	0.0552274351	-0.057509291	0.0195168945	0.0187630293	0.0301532066	-0.0971860368	-0.0057059693	-0.0155775111	-0.0433025491	-0.0444706755	0.0033377982	-0.1146545554	0.0041371407	-0.003549317	-0.0960509985	-0.0112977347	-0.0009077599	0.1184207001	-0.0211470415	-0.0394220524	0.0279952558	-0.0213108426	-0.0015473439	-0.0321513077	-0.0185255692	-0.0250744535	0.0299856537	-0.0307564803	0.0091582268	0.0106533315	0.1327242478	-0.0593750913	-0.026385774	-0.0209021735	-0.0688916834	-0.0163524207	-0.106399383	-0.0331156734	-0.0364232189	-0.041163558	0.0118845308	0.0345211399	-0.0239895909	-0.0231574501	0.0642643427	-0.0710833622	0.0219082075	-0.0063314654	-0.0619194436	-0.0750271866	0.0196094873	0.0874803592	-0.0381785304	-0.013530731	-0.059609458	0.0780862504	-0.062383879	-0.0240498068	-0.0380295359	0.0019938432	0.0566394137	-0.0237495171	-0.005853545	0.0890399618	0.0095704311	-0.0224095748	-0.0244902588	-0.0340113095	0.0141190954	0.1077428514	-0.0279225958	-0.1304888672	-0.0667588954	-0.0268360526	-0.0082829999	-0.0709672286	0.0006986703	0.0225889466	0.0367341905	0.0044406189	-0.0266141205	-0.0417020553	0.0503124889	0.0587825331	-0.0076350906	0.0656193261	-0.0162335492	0.0294018376	-0.008720811	0.0764806373	0.0479970659	0.0107518862	-0.061471214	0.03126772	-0.0042710077	-0.1041148842	-0.0279593926	-0.0079776395	-0.025001335	-0.1071603318	-0.0565668647	-0.0952803744	0.0182278801	0.0102232478	-0.0568455802	0.0132470991	-0.030725584	0.0406549063	0.0241813564	0.023361247	0.0084868263	0.0377264456	0.0210713087	-0.0339785527	-0.1158321148	0.065139047	0.0317680287	0.0044689237	0.0787632902	-0.0338026173	0.0585563559	-0.020015254	-0.0438269987	0.0582268867	-0.042386458	-0.0294963208	0.0441081751	-0.0687399013	-0.0604403513	0.0086631269	0.0136401156	0.0297296509	0.0045953698	0.0779568237	0.0156186757	-0.097658604	0.0921999149	0.034781045	0.0394463422	-0.1037238896	0.0309828032	-0.0257176027	0.036354472	0.0140389831	-0.0746578858	-0.0421155586	0.0243499427	0.0555837895	0.0524951602	0.0317427584	-0.0192721076	-0.0476434748	-0.0065715771	0.0516342489	-0.1756909886	0.0124664925	-0.0083959129	-0.0063684591	0.0163799525	0.0278751192	-0.019206962	-0.0037279884	-0.0196906693	-0.0340372549	-0.0303261936	0.0449238352	-0.0710382734	-0.0206822398	0.01309839	-0.0624540634	0.0058728332	0.05386791	-0.0846283716	0.0698597967	0.105686	0.000978	9.56484000000013e-07	0.011169530596	-0.0581467	0.0254831999999998	0.0006493934822399	0.00338103872089	0.86019	-0.075183	0.005652483489	0.7399268361	-0.00448713	0.00200507	4.020305704900001e-06	2.01343356369e-05	-0.00300585	-0.0003794599999999	9.0351342225e-06	1.439898915999999e-07	0.00134905	0.00015539	2.414605210000001e-08	1.8199359025000003e-06	0.0	0.0
5073.513335566003	-14.018437796151376	25740537.566166066	196.51659824456544	10291.430088052271	-1.4583967304024554	105913533.25726758	2.126921023248572	4802.408797386179	-6.0963954756316525	23063130.25721217	37.16603779530208	4842.081793695352	8951.81854891683	1.21178	34.234886	0.3058282	0.21424	0.0862852071	0.0147291824	0.0931567513	0.1049219805	0.0835646086	-0.0752156368	-0.0697840758	0.0682403489	0.0954487774	-0.082371737	-0.011585285	0.020948342	-0.0921783922	-0.006447502	0.0081016745	-0.0280003845	0.08751216	-0.0347586256	-0.0290717194	-0.0202243599	-0.0894055215	-0.0083830781	0.0045812561	0.0278301439	0.0115264992	-0.0010080325	0.0288292188	0.0124673919	-0.070758458	-0.0080015949	-0.0416783038	-0.0568745594	0.0069628633	-0.0836941947	0.0104439935	0.0169764171	-0.0147568409	-0.0074957263	0.0280046675	0.0008593361	-0.0153218163	0.0948301412	-0.0689537158	-0.075550397	0.0012431093	0.0045799418	0.0064763669	0.061082413	0.0342213971	0.0323946674	0.0663551047	0.0266659907	0.0490929485	-0.0684795778	0.0812760354	-0.0840264966	0.0301516924	0.0125307244	-0.0267280581	0.0196141209	0.0249262673	-0.0560127671	0.0533783077	-0.006541082	0.0296451932	-0.0843376992	0.0073094628	-0.0440517122	0.0328260803	-0.0123097009	0.015673782	0.0059229229	-0.0776397849	0.056323147	-0.0354736906	0.015538927	0.0343633362	-0.0413449138	-0.0669540242	0.0452186465	0.0411494637	0.0809870952	-0.0505782131	-0.0481703789	-0.0366318927	-0.0322223914	0.1230576567	-0.1336867051	0.0319403089	0.0196391244	-0.0768398228	0.0159746991	0.0411317265	0.0050821504	-0.0905527514	-0.0163711022	0.0925699382	0.019788743	0.0083950746	0.0498650477	-0.087342751	-0.0162222038	-0.0088597171	-0.0293176713	-0.0095681088	0.0556899341	-0.0503098973	0.0464884932	0.0375418386	-0.0242803652	0.0190759487	-0.0135829153	0.0543782946	-0.0606799694	0.0326490989	0.0106006274	-0.0373769332	0.0916734819	0.0079678241	-0.0058367853	0.0052138631	0.0110045474	-0.0089526663	0.012237247	0.0103586076	-0.1016518885	0.0728907018	0.0509306492	0.0287792136	-0.0430349102	-0.0069177464	-0.0204501736	0.0411908253	0.0110556464	-0.088729307	-0.0304380692	-0.0021921389	0.0715109833	0.0630170299	0.0623296094	-0.084186383	0.0034316548	-0.0167917181	0.0138381183	-0.0264020374	0.0780854295	-0.0422501983	-0.001018728	-0.0017030947	0.0682343586	-0.0151725962	0.0394065911	0.0500567462	0.021895581	-0.0123257007	-0.0287501603	-0.0358174421	-0.0577774749	0.0404442563	-0.0534671627	-0.0715327957	0.0023891122	-0.0493689214	0.0283166024	0.0056469349	-0.0675141609	-0.0874974752	0.0127730688	0.0067552403	-0.0525588142	-0.1051467901	0.0418152333	0.1518004578	0.0278807073	-0.0189633128	0.0385928862	-0.0576577215	0.0615796476	0.0642392306	0.0216943426	-0.0631183792	0.0078256397	0.0515555006	-0.0840021592	0.0725630133	0.101252	-0.004434	1.9660356000000063e-05	0.0102519675039999	-0.0967144	-0.0385677	0.00148746748329	0.00935367516736	0.934142	0.073952	0.005468898304	0.8726212761640001	-0.0079165499999999	-0.0034294199999999	1.1760921536399322e-05	6.267176390249842e-05	-0.00291415	9.170000000000011e-05	8.4922702225e-06	8.40889000000002e-09	0.00109268	-0.00025637	6.572557690000006e-08	1.1939495824e-06	0.0	0.0
5083.942241975308	10.428906409305457	25846468.719740923	108.7620888940524	10269.430989154444	-21.99909889782793	105461212.8410056	483.96035231641423	4797.445795211502	-4.963002174677058	23015486.15799252	24.631390585849207	4836.847722109767	8925.577563051482	1.184435	33.462341	0.2003540999999999	0.125597	0.0873899845	-0.0441081322	0.079668894	-0.0455961918	0.0862624632	-0.0367230272	-0.0408176458	-0.1136704914	-0.0013126952	0.0195155619	-0.0964683592	0.0145949624	-0.0923084301	-0.0114611736	0.056364771	0.0002975732	-0.0350441598	-0.0356674514	-0.0322073204	-0.0428106051	0.0212922127	0.0442702179	0.0193455076	-0.0381512074	-0.0031015662	0.0880336822	0.0102729306	-0.1518580476	-0.0316432777	-0.0356496188	-0.0596844459	-0.0085447783	0.0136548424	0.0512432037	-0.0192753258	-0.0626872805	-0.030574447	0.0647581992	0.0069014067	-0.060652862	-0.1192165559	0.0487776602	-0.0025483769	0.0519858555	-0.0867222686	-0.0177601534	0.0240694663	-0.009314046	0.052137906	0.0085174983	-0.0932622257	-0.0401986285	-0.0306897607	0.0624924124	-0.0371822299	0.0292970852	0.0022690299	0.0162653313	0.0021121666	-0.0346519199	-0.0030701793	-0.0206991117	-0.0255478795	0.0562278932	0.0345742848	-0.0087788071	-0.0270075621	0.0253194884	-0.026752995	0.1047784905	-0.0324064585	-0.0337426704	-0.0818098185	0.0271422855	-0.0132834319	-0.045720005	0.0191293636	-0.0173620786	-0.0702308463	-0.0011596916	-0.0047426327	0.0385058707	-0.0142805436	0.0393816451	0.0611658132	-0.0043001275	0.0157053936	0.0684992756	0.0614511882	-0.0072167282	0.1273668295	0.1174089315	-0.0045851722	-0.0157970298	0.0306545775	-0.0633368088	0.0956851413	0.0175229036	0.0767864008	-0.0099002237	0.0243353008	0.0214207398	-0.0271343781	-0.0618632417	-0.0361883207	-0.0472245669	-0.0012443256	-0.0175279691	0.0174688911	0.0005463334	0.0904069055	0.1382845887	-0.0330963079	-0.0722407508	0.0264534244	-0.047241087	0.0119228492	-0.0471224775	0.0156317662	0.0249244393	0.0345703566	0.0013119578	0.0163322	0.1011104206	0.1112168754	-0.0584021476	-0.0219527062	-0.0359290413	0.0653208797	0.0706773565	-0.016496912	-0.0044641773	0.0517759202	0.0367862976	0.0895470001	0.0407455603	-0.0232492949	-0.0738152819	0.0062343768	-0.0212413339	0.0337270942	0.0183244173	0.0122515012	0.0280816706	-0.0011368341	0.0158046608	0.0171794736	-0.0139126829	-0.0278273306	0.0488469335	0.0401344511	-0.0245451756	-0.0337001931	-0.104144947	0.0033259121	0.0025438076	-0.0802499251	-0.0520421112	-0.0077841208	-0.0550693399	0.0162739359	0.0195614744	-0.058005949	-0.0299961533	-0.0100118586	0.0317210193	-0.0152290552	0.0654042476	-0.0439728966	0.0012914896	-0.0061732261	-0.1077756217	-0.0445965733	-0.0615079087	0.1127756066	0.0826141511	0.0104056853	-0.0355329879	-0.0552750829	0.0471832861	-0.0637743975	0.0097743314	0.0491820991	-0.083199289	0.0750278142	0.104737	0.003485	1.2145225000000014e-05	0.010969839169	-0.119543	-0.0228285999999999	0.0005211449779599	0.0142905288489999	0.867863	-0.0662789999999999	0.0043929058409999	0.7531861867690001	-0.00605136	0.0018651899999999	3.4789337360996283e-06	3.661895784960001e-05	-0.00265391	0.0002602399999999	7.043238288100001e-06	6.772485759999984e-08	0.00112248	2.9799999999999965e-05	8.880399999999978e-10	1.2599613504e-06	0.0	0.0
5089.1224019643205	5.180159989012282	25899166.822175093	26.83405751176372	10297.250176853351	27.819187698907623	106033361.20470636	773.9072042270534	4807.184001269902	9.738206058400465	23109018.022065308	94.83265723586752	4847.369431633273	8939.57477765077	1.328898	37.543694	0.3106147999999998	0.187307	0.1170802664	-0.0573152055	-0.0300312534	0.1563968395	0.0789185728	-0.0136871176	-0.1164475085	0.1235328933	0.1554442989	0.0286247759	-0.0146943156	-0.0384713442	-0.1230123372	0.0595018571	0.0593045801	-0.075093716	0.0235899589	-0.0853903823	-0.0204717464	0.0855205256	-0.0160554215	-0.0295214436	0.0182685154	-0.0880588428	0.0200261681	0.0286045689	0.0603390159	-0.0048421405	-0.0543919257	-0.0910346787	0.0011515983	0.0034894011	0.1339556587	0.0609506639	-0.0304204516	-0.0089340163	0.0728612804	-0.0355135661	-0.0604482291	0.0425458752	-0.0069902099	-0.0668929385	0.0120348595	-0.0559835465	0.0853674832	-0.0223421046	-0.031234988	0.018274498	0.1164125841	0.0515195497	0.0269086325	0.0182253286	-0.056153281	-0.0459258279	-0.0454860567	-0.1253903066	-0.0124167508	0.0529255959	-0.1052174964	-0.0431627799	0.0373981619	-0.0359125524	0.0269744489	0.0661814611	0.039673264	0.0031796898	-0.0508340608	0.0750698805	0.0679459445	-0.0231785398	0.0978459294	0.0318717765	0.017792421	0.0097850711	-0.0285273896	-0.0120360609	-0.0874613007	-0.101258708	-0.0118041747	-0.0036300087	0.0150503228	-0.0542668451	0.0716591191	0.0225027225	-0.0368717709	-0.0569564704	-0.0063642542	-0.0044107623	-0.0270911651	0.0198399413	-0.0730051029	-0.0456244909	-0.0211883669	0.0449927497	-0.0225455265	0.0161413229	0.1247725053	-0.0454690515	0.0602062151	-0.0582381075	-0.0696682526	-0.0835524001	-0.0393478076	-0.0259616088	0.041101897	0.0352264817	0.0205697689	-0.0555117558	0.0759260871	-0.0207253989	0.1058298252	-0.0262504903	0.0437151606	-0.1160271051	-0.0563392724	-0.0116837936	0.0829235021	-0.0477281293	0.0040937801	0.0133181465	-0.0574997297	-0.0472855751	0.0139124144	-0.0557402587	-0.0021213833	0.0780578819	-0.0023554306	0.0744313918	-0.0655811843	-0.0569019558	-0.0526837467	0.0401014967	0.0993315551	0.0491172419	-0.024285732	0.0195324988	0.0668080033	0.0512595375	0.0798747572	-0.0400013086	-0.0488384209	0.0650933792	-0.0711809858	0.1111782454	-0.0120282081	0.0366585251	-0.0190900939	-0.0645624081	-0.0303295538	0.018342321	0.0649816163	-0.0419283118	0.0208437857	0.0265580473	0.0008258896	-0.0585285196	0.1123535715	-0.0342489753	-0.0223490579	-0.0432988397	0.0133836522	-0.1006133359	-0.0761576372	0.0136355205	0.0446225783	0.04045347	0.061327678	-0.0290126491	0.0309905161	-0.0567980127	0.0257621668	0.0119208896	0.0127353607	0.0162496875	-0.074547225	-0.0444959386	-0.0119740804	-0.0219543907	0.0511099059	0.0082138561	-0.064422032	0.0117178835	0.0467505134	-0.0822214493	0.0772461008	0.113836	0.009099	8.279180100000017e-05	0.012958634896	-0.0915201	0.0280229	0.00078528292441	0.0083759287040099	0.954247	0.0863839999999999	0.0074621954559999	0.910587337009	-0.0089792099999999	-0.0029278499999999	8.572305622499417e-06	8.062621222409822e-05	-0.00250835	0.00014556	6.291819722499999e-06	2.1187713600000088e-08	0.000453712	-0.0006687679999999	4.472506378239999e-07	2.05854578944e-07	0.0	0.0
5096.891196736143	7.768794771822286	25978299.87136639	60.354172206693285	10316.218078885113	18.967902031761696	106424355.45111606	359.7813074865095	4806.003677426183	-1.1803238437196342	23097671.34743399	1.3931643760530914	4848.2162943496605	8970.568520263992	1.317574	37.223763	0.28989255	0.171089	0.0719308219	0.0382530225	-0.0851633584	0.0294291141	0.0736718101	0.0297399864	0.0326204086	0.0125144094	-0.0219531846	0.0942919846	-0.1649082124	-0.016015932	-0.1025157179	-0.0015169438	-0.0006223258	-0.1048867683	-0.0369994534	-0.007615638	-0.0281837089	0.006925235	0.0250104343	0.0152594016	0.0072332141	-0.0101536526	0.1466951258	0.0407127216	0.0423630723	-0.0752660339	0.0210440265	-0.0493585204	0.0693112445	0.0358801123	-0.0206989748	-0.1038800582	0.0577084868	-0.0045343298	-0.0370199948	-0.10736889	-0.0198311218	0.0828199302	-0.0857805304	-0.0810797315	-0.0347338974	0.0337177949	0.0131153218	0.0549895407	0.117330277	-0.0719111973	0.0328542221	0.0086517624	-0.0762573243	-0.0317663308	-0.0609898234	0.0001626791	0.0293858374	0.014177998	0.0326391804	0.0601345282	0.0452791441	-0.0138679158	0.0301390194	-0.0611626467	0.0615032902	-0.0549694822	0.0411506247	0.0070304607	0.0295888766	-0.0426784944	0.0632778395	-0.0547538826	0.0061698231	0.1126219549	0.0459105348	-0.0384459019	0.0163644388	0.0755384354	-0.0820362219	-0.0388112019	-0.0060864476	0.0095445197	-0.0456158422	-0.0247587905	-0.0350828513	-0.0006004745	0.0196352621	-0.1215977496	0.0324872016	-0.0027293236	0.0373665893	0.0008209301	0.0272978972	0.0559680996	-0.1428637922	-0.016020655	0.034069775	-0.0812514512	0.1007484434	0.005916963	-0.0066565958	-0.0996916861	-0.0390182296	0.0351233904	-0.0407121838	-0.01510311	0.025409195	-0.0535238777	-0.0033260075	0.0202552956	0.1040134577	0.0738124955	0.0594749431	0.0401455893	-0.0443728473	0.0595528084	-0.0548431707	-0.0607924046	0.0094646603	0.1179694937	-0.0176034	0.0043826261	-0.0127489554	0.0892733909	0.0243582371	-0.123465982	0.1020023174	0.087971547	0.0262518542	-0.0176536771	-0.0411862961	0.0761823227	0.0775684817	-0.0534403335	0.0820732467	0.0135039123	0.0938809606	0.0531890666	0.0073120522	0.0011974853	-0.0120403084	0.0224687178	-0.0095547433	0.0237033333	0.0659205425	0.0132069307	-0.0584958956	0.0707539835	-0.0344171996	0.0445224396	-0.0061841871	-0.0209567853	-0.0384461107	0.0460895999	0.0402063324	0.070767157	0.0734447736	-0.0362881681	0.1019260322	-0.0229581085	-0.0342877563	0.0962058901	0.0009925352	-0.0789573916	-0.0097631664	0.0225540767	-0.0404220269	-0.032352028	0.0340080524	-0.0077372716	-0.0184963151	-0.1104254207	0.0034951152	-0.0668889349	0.0443972118	-0.019293551	0.0211784569	0.0643988936	0.1353524163	-0.0444034519	-0.0053420298	0.0603028918	-0.0650611976	0.013655274	0.0442636201	-0.0810706967	0.0792105847	0.124911	0.0110749999999999	0.0001226556249999	0.0156027579209999	-0.122051	-0.0305309	0.00093213585481	0.014896446601	0.8449839999999998	-0.1092630000000001	0.011938403169	0.7139979602559997	-0.00680215	0.0021770599999999	4.739590243599569e-06	4.62692446225e-05	-0.00200083	0.00050752	4.0033206889e-06	2.575765504e-07	0.000549605	9.5893e-05	9.195467449e-09	3.02065656025e-07	0.0	0.0
5087.367590310965	-9.523606425177604	25881308.998946395	90.69907934168414	10321.898250951335	5.68017206622244	106541583.50299224	32.2643547018937	4804.014326320402	-1.98935110578077	23078553.647491664	3.957517822071172	4845.447586959399	8967.191829074854	1.23353	34.849384	0.22603685	0.134211	0.0599755262	0.0731693924	-0.0123911066	0.1481965371	0.050603642	0.0303060848	0.0165243547	0.1177948431	0.1773027131	-0.0503481028	-0.0572161317	-0.0905067418	-0.0828906568	-0.0013528439	-0.0425986476	-0.0370557224	0.0769069751	0.0074793322	0.0441982666	0.0319179541	-0.0003378814	0.0305153339	0.0067928759	-0.0766366496	0.0657004718	0.058818493	-0.0083321886	-0.0882456968	0.0338233624	-0.0308049511	-0.0282014511	0.0378504153	-0.0085353156	-0.0410088736	-0.0719948388	0.1007323155	-0.0503334292	0.0113136398	0.1090405944	-0.0252123807	-0.0369491295	-0.1607023127	0.0406901141	-0.0372304542	-0.0034901651	-0.0749093504	0.0077347104	0.0770332478	-0.0588853215	-0.041732347	0.0359277758	-0.0531831364	-0.0027337248	0.0122015543	-0.0046911744	-0.0162028449	-0.0666903342	0.0037950978	-0.0902690884	0.0196115776	-0.0408763128	-0.0904965033	0.0224815482	0.0908004934	-0.0225059293	0.0307270759	-0.0733034321	-0.0809925423	-0.0092982817	-0.0632261934	0.1610957379	0.0012219717	-0.0032719597	-0.0856961662	0.0048501555	0.0092610268	0.0983446985	0.0825025398	0.1367524956	0.0611721881	0.0551478787	-0.0500145233	-0.0203389459	0.0295154813	0.0767146013	0.0698854184	0.0550022766	-0.0218853498	-0.0459462537	-0.0471153529	0.0227782293	0.0835041668	0.086435426	0.0933543394	-0.0578425668	-0.0551735958	0.0849455995	0.0063905298	-0.0603462292	-0.0010609296	-0.0657323798	-0.0386572508	0.0078632454	0.0628054946	-0.0135092142	-0.0199348646	-0.0115554941	-0.0558662904	0.0585162119	0.0597624214	0.0392437122	0.0786612606	-0.0611268098	0.0030623279	0.0202392602	-0.0672821965	0.0227777412	0.0603235142	0.0896098246	-0.0672078259	0.01701443	-0.0249180594	-0.1216801995	0.0132295344	0.0529874792	0.1190428674	-0.0347361326	0.0233243766	0.0389262878	-0.0326299891	-0.0869466699	-0.0519369445	-0.0820278318	0.0130268707	-0.0618649538	0.0310072703	-0.0078274054	-0.0346089977	-0.0411192315	-0.0581733451	-0.0243463772	0.0445871985	-0.0846216913	0.0135139252	0.0547469962	0.0938570798	-0.0062631591	-0.104745671	-0.049968479	-0.0176027193	0.0416786844	0.095998474	-0.0265998853	0.035821268	-0.1173705249	-0.1146995303	0.0397838875	0.0933095799	-0.0445765427	0.0267461919	-0.0339243524	0.0669961215	0.1584696868	0.030914416	0.078224185	-0.0120644043	0.0247755981	0.0530719332	-0.0864254255	0.0379883113	-0.0411872641	0.0633922912	0.0056331107	0.0117978387	0.0700067326	0.0594025914	-0.1162229635	-0.0323012056	0.0143163165	0.1361679694	-0.0656918102	0.0155854843	0.0417243613	-0.0797494512	0.0809148113	0.129542	0.0046309999999999	2.1446160999999964e-05	0.0167811297639999	-0.0846563	0.0373947	0.00139836358809	0.00716668912969	0.918018	0.0730340000000001	0.005333965156	0.842757048324	-0.0087452	-0.00194305	3.7754433025e-06	7.647852303999999e-05	-0.00218143	-0.0001805999999999	4.7586368449e-06	3.261635999999998e-08	0.000453712	-9.5893e-05	9.195467449e-09	2.05854578944e-07	0.0	0.0
5078.792314449049	-8.575275861916452	25794131.373306725	73.53535610796696	10308.51257335092	-13.385677600415876	106265431.474934	179.17636482227527	4800.569539697452	-3.4447866229502324	23045467.905471	11.866554877656869	4840.276314652849	8927.552286185666	1.210007	34.184811	0.1490953999999999	0.0903094	0.0600467541	0.0295028078	0.0788471777	0.035778035	0.0817420548	-0.0483276549	-0.045633159	0.0553302172	-0.0280611116	-0.0568219714	-0.1191958171	0.0315052228	-0.0796446478	-0.0059768295	-0.0152028889	-0.0918782655	0.0570645999	-0.0442541582	-0.0547077883	-0.0209661118	0.034676833	0.0321970569	-0.0232857537	-0.0145814457	0.0248956587	0.0262327622	-0.0070655453	-0.0517219668	-0.0248335253	0.0101719326	-0.0343181867	0.0056855801	0.007155194	0.0049385708	0.0434373588	0.0015786692	0.0417224461	-0.0798207921	-0.0405340195	0.0524973883	-0.0534652052	-0.0816935436	0.0023759522	-0.0372517179	-0.0218034732	0.0714221098	0.0034465477	-0.010161168	-0.1283278338	-0.024083978	0.0588804252	0.0182567372	0.0415428236	-0.0272980866	-0.0037033546	-0.058492804	-0.0042190223	-0.0438375972	-0.0451350836	-0.0780947943	0.0447863935	0.0053068383	0.0923962986	0.0555652011	-0.0023593591	0.0534245386	-0.0947820587	-0.0565959168	-0.080337847	0.0578324129	-0.0374772776	0.026842817	0.0381530892	-0.1541519152	-0.0208880445	0.0157138768	-3.09937e-05	0.0055153943	-0.0026826114	0.0229460721	0.0018310933	0.0203820523	0.0743755523	-0.0188842805	0.0080111195	-0.0899495988	-0.0559128349	0.0889815746	0.005771023	0.0253911983	0.0156464916	0.0827496269	-0.0493992138	0.0131993919	0.035677989	-0.0346713932	0.0843046755	0.018135523	-0.0063849726	-0.0103187761	-0.1049248774	0.0131578318	-0.0582617905	-0.0464839859	0.0140689518	-0.0680851029	-0.0140082313	-0.014207605	0.0277175097	0.0091225749	0.0190637874	0.0558558367	0.0029177975	-0.0292345908	0.038521612	-0.0012123893	0.0148317504	0.0053685858	-0.0519879089	-0.0130034443	-0.0578525431	0.0272041907	0.0311151381	-0.0750978305	0.0550471432	0.0718954532	0.0093430986	0.0334349	0.0232199801	-0.0169226789	0.0637340335	-0.0316836132	-0.1000984641	-0.0807691769	-0.0530378335	-0.0163295525	0.0110645778	0.0468626839	0.0266797807	-0.0340614756	-0.0104193718	-0.055677926	-0.0273806983	0.0833092185	-0.0250637032	0.0102025934	-0.0941221927	-0.0207951534	-0.0247825542	-0.0481442555	0.0658283979	0.0930663702	-0.1032307552	-0.0726420122	0.0558933011	-0.0117303469	-0.0350343678	0.0802368566	-0.1158079591	0.046050858	-0.0004975128	-0.0001071461	-0.0178418791	-0.0061247377	0.0371006858	0.0403746715	-0.0424945167	-0.0680890463	0.0122967659	-0.0721721306	0.0703858345	-0.0671394864	-0.0671047164	-0.0251731216	-0.0063047716	0.0621524105	-0.0180988093	-0.0411765516	0.0118574099	-0.0315775084	-0.066313787	0.0175074994	0.039135741	-0.0782604913	0.0823531812	0.128146	-0.0013959999999999	1.9488159999999457e-06	0.016421397316	-0.100219	-0.0155626999999999	0.0002421976312899	0.010043847961	0.877031	-0.0409869999999999	0.0016799341689999	0.769183374961	-0.00737859	0.0013666099999999	1.8676228921e-06	5.44435903881e-05	-0.00172653	0.0004548999999999	2.9809058409e-06	2.0693400999999987e-07	0.000455196	1.4840000000000014e-06	2.202256000000004e-12	2.07203398416e-07	0.0	0.0
5081.066578539193	2.274264090144243	25817237.575547986	5.17227715171962	10253.51500760801	-54.9975657429095	105134570.01124267	3024.7322376456527	4803.807838120842	3.238298423390006	23076569.745591234	10.4865766789302	4842.813886424679	8911.484269952962	1.225211	34.614342	0.2460336999999999	0.144872	0.1037003523	-0.0643540607	0.0506931088	0.1418493017	0.0978147589	-0.0647263446	-0.1075780637	0.046957391	0.1432426626	-0.0146981337	-0.0294419308	-0.1340704095	-0.059457979	0.0554805585	0.0842306084	-0.1018060616	0.0524090093	0.0367230039	0.1297743153	-0.0331583969	0.0434659386	-0.0274613314	0.081301556	0.0731142419	-0.0510152421	-0.0431119754	0.0814985856	0.0577185744	-0.0121910788	-0.0875496073	0.0348922002	0.047315344	-0.0158150193	0.0826749104	-0.0495927902	0.0224376069	-0.0886819131	0.0170390632	-0.1062810537	0.0508416034	-0.0032222111	0.0666017602	-0.0066539594	-0.0487855701	-0.0109122989	-0.0878357349	0.0262806531	0.0136114498	-0.094495914	-0.0063752828	0.0397167945	0.0116146095	-0.066907988	0.096725187	0.0521968909	0.0469783571	0.0570478058	0.0757189581	0.008267512	0.0732074831	0.0125853582	0.0175864055	0.0301213975	-0.0152045288	-0.0393535505	-0.0340322177	0.0002637987	-0.0001207617	0.014674011	-0.001329909	-0.0110854588	-0.0721826034	0.0128059721	0.1143392173	-0.0504506373	0.00302494	0.0362465961	0.0432905368	-0.0370122588	0.0200509357	0.01733281	-0.0343630927	0.0308189736	0.0660146833	0.0072860761	0.0178873784	-0.0199007961	0.0573183748	-0.0922638971	-0.0065618917	0.0180931055	-0.0289758744	-0.0126117973	-0.0005464407	-0.1241776729	-0.1463668615	0.0698767902	-0.0510299116	0.0816137738	-0.0338913769	-0.1134336728	-0.0045255185	0.1367238416	0.0561669182	-0.0188539702	-0.0153567409	0.0774725471	0.0821349492	-0.0304517235	-0.074278649	0.0144871609	-0.0699890601	0.0287019735	0.0300132042	-0.0787247776	-0.085889761	-0.0051390681	-0.0890973418	0.055476596	-0.0492580409	0.0364912436	0.0351508315	0.0757609383	0.0002821902	-0.0105533417	-0.0369669613	0.059259343	0.0936881401	0.0052811713	0.0458364604	-0.0661948239	-0.0468968749	-0.0816163944	-0.043451725	0.0033431885	0.0185956664	0.0692512475	-0.1204508448	-0.0010684338	0.1009094569	0.0127685029	0.0736709959	0.0189948193	-0.0342420492	-0.0422178097	-0.0077398823	-0.0207759547	-0.0091555468	0.0301261257	-0.002830179	-0.0071447584	-0.0133017791	0.0280017637	0.0078129062	-0.0356197515	0.0612792263	-0.0122872083	-0.0170900627	0.0699858704	-0.046470493	-0.038750487	0.0956824095	-0.0205448822	0.027983577	-0.0045269064	0.0115629129	0.0446525172	0.0425392565	-0.0092707001	-0.0132649565	0.0175172239	0.0701926219	-0.0916048011	-0.0346650985	-0.0233951051	-0.011898549	-0.0001396003	0.0758069031	0.0838760981	0.1182030652	-0.0669270461	0.0194203086	0.0365008217	-0.0766069484	0.0835209683	0.13063	0.0024839999999999	6.170255999999932e-06	0.0170641969	-0.0659372	0.0342818	0.00117524181124	0.00434771434384	0.968872	0.0918409999999999	0.0084347692809999	0.938712952384	-0.00925284	-0.00187425	3.5128130625000004e-06	8.56150480656e-05	-0.00189256	-0.0001660299999999	3.5817833536e-06	2.7565960899999986e-08	0.000146938	-0.000308258	9.5022994564e-08	2.1590775844e-08	0.0	0.0
5080.537578032091	-0.529000507101955	25811862.081796184	0.2798415365141256	10264.561888089938	11.046880481928383	105361230.75442848	122.03356838201027	4808.036051896437	4.228213775595577	23117210.67633588	17.877791732136206	4848.693585901967	8918.602696222011	1.139711	32.19883	0.09235795	0.0498513	0.1008885157	-0.0629597877	-0.0667743333	0.1702499674	0.0847036768	-0.0542083914	-0.1245241806	0.167672614	0.0705867617	0.0891509241	-0.0385959413	0.0003345872	-0.0233345397	0.052797892	0.0201759139	-0.1080761889	-0.0277881526	0.0512293528	0.0013359813	-0.0185143058	0.0435648423	-0.0195660344	0.0131025934	-0.040122486	0.0116030306	0.0490225759	0.0382484384	-0.0940641512	-0.061930062	0.0490193392	-0.073294386	-0.019763945	0.0555392742	-0.0046331771	-0.0428451242	0.0034699584	-0.0298605078	-0.0884687914	0.034484394	0.0872483745	-0.0117060453	-0.0623410119	-0.0703037894	-0.0102286701	-0.0829487705	-0.0409115234	-0.0424864965	0.0180925174	-0.0157748499	-0.0299878902	-0.0314218989	0.0339371142	0.0721419922	-0.0519758613	-0.0323457372	0.0226762747	-0.0220187624	0.0361684141	-0.0386503354	0.0096553135	-0.0373959322	0.051888099	-0.0891260156	0.0201434278	0.0039787875	0.006944313	0.0507038938	-0.0273285082	-0.0068650864	-0.0285569423	-0.0984934392	0.0042902403	-0.0113978281	0.0591037615	0.007329016	0.0386614199	0.0165035765	0.0177373377	-0.0770315576	0.0268558195	-0.0705846847	0.016940587	-0.0648023428	-0.0203328187	0.0372054135	-0.0479002781	0.105862268	0.011166325	0.0337458292	0.0165986703	-0.0160242913	-0.0880552083	0.0564761996	-0.0157000978	0.03257254	0.0910024902	0.0268835225	-0.0507576218	0.0367569714	-0.0709903701	-0.0597756484	0.0807774214	0.0194034045	0.0003185346	0.0212976415	-0.0166203961	0.0410544951	-0.0408207647	0.0258130694	-0.0098223714	0.0691242322	0.0877060601	0.0295142988	-0.0379734492	0.0877497747	0.0170923608	0.0382225659	0.0092364105	0.0558461515	-0.0055497655	-0.0448557257	0.0626517292	-0.0435675724	-0.084229318	0.0292066032	0.0452890428	0.0756186922	-0.0178758506	0.0817587102	0.0273686344	-0.0415991454	0.0141407068	-0.0415785186	-0.0104119654	0.0020063805	-0.0555270973	-0.0613459024	0.0572522564	-0.0038692319	-0.0069377796	0.0292159823	0.0648721598	-0.0257960624	0.0058946641	0.0627523359	-0.0659327111	0.0718288179	0.001616307	-0.0191237712	0.0139666846	-0.0540129708	0.0140845807	-0.0062787863	0.0367024266	0.0490251413	0.0614620986	-0.0480707813	-0.0327785652	0.0288198053	0.0093875536	-0.041423311	0.023298984	-0.0427345021	0.0121846435	-0.1141509093	-0.0125641848	-0.0113786683	0.0343908973	-0.043539834	-0.0502346341	-0.0958895625	-0.0738837905	0.0466015245	0.0148400826	-0.0094198327	-0.069340909	-0.0270562826	0.0182365151	-0.0401738025	-0.0303486939	-0.0675315071	0.0213229062	0.0338227206	-0.0747922999	0.0844143358	0.12441	-0.0062199999999999	3.868839999999987e-05	0.0154778481	-0.110492	-0.0445548	0.00198513020304	0.012208482064	0.948789	-0.0200829999999999	0.0004033268889999	0.900200566521	-0.00909988	0.00015296	2.3396761600000183e-08	8.28078160144e-05	-0.00176155	0.0001310099999999	3.1030584025e-06	1.7163620099999994e-08	0.000292971	0.000146033	2.1325637089e-08	8.5832006841e-08	0.0	0.0
5087.897946014665	7.3603679825737345	25886705.509060245	54.17501683889655	10291.38683723214	26.82494914220115	105912643.03355494	719.5778964816782	4814.693811452888	6.65775955645131	23181276.498042744	44.32576231151875	4856.46483149702	8921.81879416026	1.17532	33.204826	0.1614600499999999	0.0995753	0.0556439638	0.0113321907	-0.0775503135	0.1097310204	0.0542199303	0.0241427007	-0.0001422774	0.0185522934	0.0994273811	0.1007318055	-0.0689258731	-0.0845725848	0.0337851998	0.0621292413	0.0611025027	-0.0508334902	0.0120171698	-0.0198322508	0.0537463277	0.0304272802	0.000988329	0.0236015878	0.0587435736	-0.1103527896	-0.023464782	-0.0573351561	0.0832967582	0.0460106562	0.0219972454	-0.0484688998	0.0605095757	-0.0574882186	-0.0211699381	0.0268661738	-0.0187392554	-0.0565426022	-0.0664524131	0.0300098135	0.0198108204	-0.0293862947	0.0973480492	-0.09494083	-0.156154254	0.0178309918	-0.0891882961	0.0582159013	0.0492179137	-0.0026178779	0.0023273015	-0.0199284734	-0.0141995316	-0.038821307	0.0850832067	0.013252931	-0.1030071669	0.1068311884	-0.0120842909	-0.0228047781	-0.0870795286	0.0183775649	-0.0223092142	0.00247619	-0.0649815272	0.0436468211	0.0620506053	0.0148000479	-0.0151491792	0.1280060163	0.0461342991	-0.0369044576	-0.0208056405	-0.0416560165	0.0899237153	-0.0175617026	-0.0594494375	0.0654515751	0.0007039071	-0.0449405049	0.0323771143	-0.0372548602	0.0041802516	0.0639496724	0.0393479346	-0.0415280654	-0.0316550111	0.0166138513	-0.0164218751	0.0068820642	-0.0942743144	-0.0262033788	0.0485223495	-0.0366731041	-0.0275369404	0.0073148579	-0.0338399741	0.0771476603	-0.026517392	-0.0747494307	0.036434328	-0.071353142	-0.0354517444	-0.0618478666	0.0068796472	0.048575883	-0.0626509298	-0.0043981237	0.0401310841	-0.0694265517	0.0746254987	-0.0598327538	0.0145710869	-0.060420539	-0.0071755136	0.0378740088	-0.0797693713	-0.0036960436	-0.0851921864	-0.0330295067	0.0223491754	0.0508319081	0.0481813701	0.0396473434	-0.0336275173	0.0549837279	-0.0548547461	0.1030761	0.1619233348	-0.0875070772	0.0758438906	0.0462503703	0.0667616772	-0.0303996365	0.0027020832	0.0141400785	-0.0296189614	-0.0135036685	-0.0801423567	-0.0248491609	-0.0180204404	-0.0425803251	0.1367809298	0.0362876114	-0.0773651383	0.0143793536	0.0498566003	-0.0091476638	0.0552824858	-0.0148610131	-0.0666555459	0.0310290392	0.0681831794	-0.1083165716	0.028190145	0.0356004576	0.0117785846	0.0827787961	0.0727351075	0.0262392372	-0.0507660324	0.0230551911	-0.0636405738	-0.0285597022	-0.0052148518	-0.0228509055	0.0294431666	0.0322015122	-0.0588637012	-0.0314295241	0.0310815947	0.0069792556	-0.0193879902	0.0498234056	-0.050021497	-0.0370114471	0.0040726883	-0.0499754139	0.0250490818	-0.0287929786	0.0451178485	-0.0407944425	-0.0681270903	0.0232142917	0.031104606	-0.072820362	0.0850303483	0.125678	0.001268	1.6078240000000132e-06	0.015794959684	-0.0735428999999999	0.0369491000000001	0.00136523599081	0.0054085581404099	0.880996	-0.0677929999999999	0.0045958908489999	0.776153952016	-0.0081878	0.0009120799999999	8.318899263999984e-07	6.704006884000001e-05	-0.00170814	5.3410000000000046e-05	2.9177422596e-06	2.852628100000005e-09	0.000149462	-0.000143509	2.0594833081e-08	2.2338889444e-08	0.0	0.0
5074.266471325598	-13.631474689066636	25748180.222019136	185.81710219866437	10286.212759910455	-5.174077321684308	105806172.94214466	26.771076130767863	4818.492243197481	3.7984317445925626	23217867.49775429	14.428083718328498	4859.785722643997	8926.568310971956	1.066574	30.132563	0.0707639715	0.034675	0.0353031721	0.0532224057	-0.0487939592	0.1380413463	0.0368934919	-0.0146051371	0.0068231093	0.1126917024	0.1211872783	0.000248	0.0125933565	0.0262002591	0.017446882	0.0771466942	0.0197045941	-0.0476060922	0.0347613981	0.046268151	-0.0196688578	0.0110124713	-0.0065744841	-0.121810495	-0.0575151937	0.074778419	-0.0135256009	-0.0183473871	-0.0263345396	0.0452537898	-0.021623942	0.0286400095	-0.0269844053	0.0754606101	-0.0511037311	-0.0131466226	-0.0898153015	-0.0579054695	0.0575772065	-0.0096522338	-0.0065892972	-0.0102912317	0.0309224147	0.0439504697	0.0108408795	0.0866790282	0.0002679734	-0.0586369169	0.1009147192	-0.0282677854	0.068841402	0.0481293806	0.0666460772	-0.0526179435	-0.0440827271	-0.0113461004	0.1355328201	0.0786306251	-0.0671513085	0.0445192731	-0.0183264817	-0.0127761992	0.1002877054	-0.0425555737	0.0036220122	0.0028632079	0.0465560023	0.031100845	0.0328520363	0.0104882279	-0.1054207571	0.1153990678	-0.0641298536	0.0086462808	-0.0243290138	0.0399219057	-0.0447661478	-0.051798809	-0.0222167722	-0.0118380755	-0.0077688038	-0.0818884007	-0.0989927064	-0.067721748	-0.0524328055	0.0547546303	-0.0034172406	-0.0165602313	-0.0039315091	0.0114908028	0.0492278878	0.0570860502	0.0601968615	0.0479486185	-0.0037269016	-0.073380504	0.0312046208	-0.0220083787	-0.0075517927	-0.0725885576	-0.0117944465	0.0260268791	-0.0836382388	0.0361909386	-0.006098737	0.0166872727	0.0823388388	0.0653431332	-0.0060649756	0.0153831779	-0.0978335131	0.030978256	-0.0555707146	-0.0336811549	0.0410270897	0.0661696918	0.0162725961	-0.0584225338	0.0192430608	-0.0191796651	0.0422535844	0.0779168556	-0.0847675043	-0.0153952722	0.0263653331	0.02180471	-0.0225565665	-0.0348611949	-0.0065043096	-0.0788059005	-0.0560692888	0.1065394047	-0.0153855691	-0.0294835659	0.0735080192	0.0498036328	-0.0712146606	0.0582369304	0.0103566321	-0.0174729812	-0.1449876058	0.0914561553	-0.0680045146	0.0277431584	-0.0128129383	0.0373483225	-0.0850916132	0.0509867315	0.0229053704	0.0454575868	-0.0220421685	-0.0223028653	-0.0315291828	-0.0144999318	-0.0741476088	-0.1292919093	0.0481799434	0.0666141158	-0.0194148537	-0.0596944914	-0.0153969969	-0.0689995599	0.0147828139	-0.021354177	0.0170057892	-0.0338434796	-0.0961870717	-0.0122397546	0.0910020078	0.0229891261	0.0198934969	0.0372290404	0.0267222683	-0.0824146934	0.0121111687	-0.0739593145	0.0197195311	0.0595087999	0.0288734689	0.0418399128	-0.0645905539	-0.0046533576	-0.0687137175	0.0250934707	0.0283496934	-0.0706952818	0.085366982	0.145004	0.0193259999999999	0.0003734942759999	0.021026160016	-0.0629817	0.0105611999999998	0.0001115389454399	0.00396669453489	0.904096	0.0231	0.00053361	0.817389577216	-0.0081700699999999	1.7730000000101137e-05	3.1435290000358634e-10	6.675004380489836e-05	-0.00189256	-0.00018442	3.5817833536e-06	3.4010736400000015e-08	-3.92343e-06	-0.00015338543	2.3527090136284903e-08	1.53933029649e-11	0.0	0.0
5077.65435850459	3.3878871789920595	25782573.784440663	11.477779537578774	10278.62827011072	-7.58448979973582	105650199.11511928	57.5244855222967	4805.796475370574	-12.695767826907286	23095679.76268423	161.18252071473415	4846.266349916925	8893.787667313323	1.118271	31.59309	0.1453303714999999	0.0688663	0.0149161199	0.0491799198	0.0461934798	0.0571827675	0.0408282782	-0.0431691131	0.0282539607	-0.0317348514	0.0468980774	0.0001847768	-0.1074276625	-0.0095559237	-0.0463086601	-0.0076734897	0.062845517	-0.0020009581	0.0838898452	-0.0478262217	-0.0997464053	0.0629771446	-0.0101804615	0.0372468283	-0.0583297502	-0.0246475917	-0.0538892975	0.0573702745	0.0825353148	-0.007305277	0.0488560979	0.0579315909	0.0553729324	-0.0387246347	0.0015929913	0.0372623214	-0.0153450513	-0.0869659254	-0.017107777	0.0524008899	0.0214041735	-0.0379051956	0.0397244105	-0.0667220857	-0.0773370935	0.0185426614	-0.0678481054	-0.0737143979	-0.0658722342	-0.0229240178	0.0636823845	-0.077176235	-0.0724997787	0.039956769	-0.1011312909	-0.0525149807	-0.0454449065	0.0912004598	0.0333146695	0.0062851914	0.1257741701	-0.0193899626	-0.0092734546	0.0020569079	0.0791184455	0.0136326393	0.0138155325	0.0189711561	-0.0196687175	-0.0067861971	0.0988895181	-0.0473929444	0.0252096938	0.0022606995	-0.0597604437	-0.0480665125	-0.0441158346	-0.0554518791	0.0852580514	-0.0520236473	0.0030113586	0.0865785479	-0.0600661517	-0.0930924868	0.0041721442	0.041404224	0.0583497867	-0.0777157108	-0.0259692022	-0.0107554956	0.1049801534	0.0379341015	-0.1217220577	0.0447702913	0.0367319592	-0.052992005	-0.0730900895	-0.018072023	0.0481085263	0.0173229596	0.0448973849	0.0632252121	-0.0602433788	-0.0315699116	-0.1322310897	-0.0019664975	0.0009666427	-0.0139351512	-0.0552512828	-0.0384638013	-0.0225305929	-0.0536466041	0.1027642451	-0.0112675793	-0.0460574685	0.0477057907	0.0022458643	0.076200851	-0.0277495366	-0.0591937576	0.0007882007	0.0806632651	0.041769313	0.0041942318	-0.0285762755	0.0499875058	-0.0309224353	0.0556776013	0.0493770073	-0.0584292446	0.0784040734	0.013218645	-0.0780747533	0.0617663763	-0.0028159019	0.0681421784	0.1395080778	-0.0174641842	0.0598300127	0.0529747154	-0.0634269993	0.0007006349	0.0752553947	0.0121195119	0.1143758628	-0.0554259209	-0.0265118628	0.0065773926	-0.0845594951	-0.0469724875	-0.0110973124	-0.005179038	0.0294112667	0.0126333256	0.0846012123	0.0488343977	-0.019652942	-0.0734489225	-0.0417959453	0.0442171949	-0.0487325178	-0.0889053861	-0.0613292631	-0.0237272264	0.0169676794	0.0385524831	-0.0076239722	0.0227217043	0.1105100005	-0.004542051	-0.0226425137	-0.0655113836	0.0657590573	-0.1145625542	0.0554439663	0.0572468402	-0.0467268036	0.0862432194	-0.0201737636	0.098056753	0.0242011836	0.0013154085	-0.0692913117	0.0269594548	0.0255612422	-0.0684215283	0.0854231306	0.132472	-0.0125319999999999	0.0001570510239999	0.017548830784	-0.0998065	-0.0368248	0.00135606589504	0.00996133744225	0.856346	-0.0477499999999999	0.0022800624999999	0.7333284717160001	-0.0076961599999999	0.0004739099999999	2.245906880999993e-07	5.923087874559846e-05	-0.00179479	9.776999999999984e-05	3.2212711441e-06	9.558972899999971e-09	0.000388868	0.00039279143	1.542851074814449e-07	1.51218321424e-07	0.0	0.0
5077.816456024815	0.162097520224961	25784219.96107641	0.0262756060630816	10292.405816660355	13.7775465496361	105933617.49482392	189.8207889273896	4805.478090158132	-0.3183852124420809	23092619.67498985	0.101369143501789	4845.211033379568	8940.192859524339	1.048799	29.630388	0.0949172499999999	0.057446	0.025984222	-0.0066230662	0.0673578496	0.0376099238	0.0272069754	-0.018985733	-0.0500478994	-0.0228992719	0.106657572	-0.0547021226	0.0552239744	0.0349085877	-0.0436124824	-0.0017250114	0.0316023136	-0.0433759264	0.0196197223	-0.0360106191	-0.0473704831	-0.0406289086	-0.0160658371	0.0557866291	-0.0304944262	0.024495936	0.0024147627	-0.114797212	-0.0206477383	-0.0491170518	-0.0380694886	-0.0062097966	-0.0729338836	-0.1262732996	0.0233585846	-0.0062389455	-0.0059447796	-0.0071758672	0.0407018819	-0.0495103976	0.0137385302	0.0134881172	0.0360192801	0.1117682101	0.033161501	0.0353618122	-0.0414001722	0.1002009764	0.0365893569	0.009728291	-0.0757354581	0.0149516823	0.115614277	-0.0302730829	-0.0611365389	-0.0104770533	0.0434704789	0.0088369627	0.0307421502	0.0853606906	0.0381856383	-0.0518678349	0.0037360343	-0.0256248579	0.0509185006	-0.0452311401	-0.0691207714	-0.0193350077	0.0518922483	-0.0182845732	-0.0265111884	-0.0141676415	-0.0280637274	0.0363939656	-0.0671083292	-0.0506135801	0.0328667454	0.0466979306	-0.1230601251	-0.0683372597	0.1509034722	0.0618243233	0.0308794689	-0.0703907317	0.0786259668	0.1051456943	0.0229132729	0.0208889452	-0.0405990011	-0.0247779791	-0.0835812743	-0.0095684763	0.0168481444	-0.0069554546	-0.0468754626	-0.0055183967	0.060353703	0.0313796813	0.0453238841	0.0079652732	0.0482691446	0.0005408848	-0.042652174	0.0219621985	-0.033960716	-0.0507102248	-0.0025611976	-0.054989917	-0.0577434027	0.0320170678	0.055696486	-0.0846250817	-0.0860328497	0.0246474613	0.0159341281	-0.1102543657	0.0384889314	0.0357137	-0.0570129984	0.0142451226	0.0085975393	0.0001404437	-0.0512297311	0.0070836639	-0.0059590098	-0.0068632401	-0.0365477563	-0.1055087775	-0.0296579611	-0.0242112641	-0.0048375633	0.032794597	0.1209263266	-0.0365180815	-0.0619605484	-0.0274358809	-0.0953835726	0.0684606257	0.0679360184	0.0068069315	-0.0111765616	0.0606145136	-0.0173139758	0.0424884498	0.0762992001	0.0314751307	-0.0262025488	0.0338522359	-0.0454553142	0.0193477206	0.079742268	-0.017469133	-0.0762712707	0.0048843391	-0.0275251529	0.0225327141	0.0221461935	-0.020259018	-0.0293306543	-0.0462280336	-0.0422783449	0.082533977	0.0521351208	-0.1183729535	0.0843796226	0.1142475631	0.1088583741	0.0838116704	0.085586481	0.0603489669	0.0016134155	-0.0071883527	0.0542218259	0.083397771	-0.022278502	-0.0212863625	-0.0232529461	0.0083567984	0.056433658	-0.0200031546	-0.0117593593	-0.0380985196	-0.0698597967	0.0288112631	0.022742551	-0.0660038832	0.0851986098	0.140294	0.0078219999999999	6.118368399999994e-05	0.019682406436	-0.0469347	0.0528718	0.00279542723524	0.00220286606409	0.871484	0.0151379999999999	0.0002291590439999	0.759484362256	-0.00752734	0.0001688199999998	2.850019239996605e-08	5.666084747560001e-05	-0.0017465	4.8290000000000095e-05	3.05026225e-06	2.331924100000009e-09	0.000224269	-0.000164599	2.7092830801e-08	5.0296584361e-08	0.0	0.0
5085.035106891532	7.218650866717326	25857582.03831938	52.1089203355588	10278.493094455602	-13.912722204753663	105647420.29277147	193.56383914664565	4803.626214514516	-1.85187564361604	23074824.80877105	3.429443399418323	4843.199945658034	8924.44350678974	1.08742	30.721525	0.1810687500000001	0.0903654	0.0353092424	-0.0886468189	0.0215003157	-0.0424844577	0.0180358475	-0.0011342977	-0.0391286687	-0.0858626223	0.0103808085	0.0408175993	-0.0446032314	0.0257763404	-0.0520995213	-0.0290808715	0.0501489767	0.0731337217	0.0655071947	0.1048880811	0.0087201951	0.0247062789	-0.0328408711	0.0139943673	0.0162897389	0.0471200517	0.0212008397	-0.0805842616	0.0378884823	0.0242399779	0.0337133861	0.0599930615	0.0103033559	-0.0591815359	0.0523186532	0.0324166412	0.0179102284	-0.0507726998	-0.0043066726	-0.0481498097	-0.0068034355	-0.0801353337	0.0819854732	-0.0408157807	0.0286870612	0.0284232098	-0.0016375427	0.0298938068	-0.0392557724	-0.037174672	-0.0613843129	-0.0568837609	0.0283845866	0.1078975049	-0.0486444644	0.0729913204	0.0130530196	0.0539244085	-0.0028800403	-0.0103485771	-0.0035727276	-0.0974002722	0.0194446185	0.0702956187	-0.1135787542	0.0072315511	-0.0486246647	0.007673309	-0.0344547782	-0.0193450318	0.0053424323	-0.0004400623	-0.0063746836	0.0011094934	0.0466445691	0.1019477693	0.0433839713	0.0191802564	-0.0842450796	0.0567706079	0.0012577813	-0.0054416432	0.0213651386	0.016796649	0.0200219759	-0.0306674889	-0.0020896124	0.0834771141	0.0193907646	-0.1274040338	-0.0361619222	-0.0381292779	0.1347435153	0.0348532753	0.0969989348	-0.0128102034	-0.0414563058	0.071163082	0.0488509085	0.0308644786	0.0658256997	0.0710098143	0.0308739918	0.0301422535	0.0010762291	0.1167981862	-0.0153908168	0.0142358959	-0.0001826098	0.0565377031	0.0590086541	-0.0686279025	-0.0365817791	-0.0576822844	-0.0240861375	0.0007270312	0.018172802	0.089750176	0.0045972002	-0.0191694144	-0.024303673	0.0277211445	-0.022495981	0.0550707419	-0.0159932722	0.0588217688	-0.0612415383	0.0671854302	-0.0187403839	-0.0370858773	-0.0323922092	0.0140652623	0.0525352143	0.0372246255	-0.0848108505	-0.0302750272	0.0170059612	-0.0780741571	0.094149058	-0.0608844819	-0.0828345215	0.0191528903	0.0226576074	-0.0293564493	0.0248519104	0.0841480887	0.0227546125	-0.1095370256	0.0917426088	-0.0282105159	0.0443280887	0.0013725749	0.0274989934	0.0237333175	-0.0160601802	0.0145471575	0.0165656992	0.0413586948	0.056461592	-0.0700078026	0.077905476	0.0504541208	0.0760991338	0.0462642112	-0.0202122275	0.0224286182	0.0002580957	0.0151916863	-0.0379170986	-0.0018108854	-0.0330453099	0.0708249844	-0.0343693607	0.1162395198	0.0622707908	-0.0901863636	0.1285513251	-0.0055591148	-0.0691403793	0.0389092902	-0.0188146085	-0.0114584233	-0.070419098	0.0306479218	0.0198969545	-0.063447431	0.0846941572	0.130218	-0.010076	0.000101525776	0.016956727524	-0.111241	-0.0643063	0.00413530021969	0.012374560081	0.8394359999999998	-0.0320480000000001	0.001027074304	0.7046527980959998	-0.00633992	0.00118742	1.4099662564000016e-06	4.01945856064e-05	-0.00189256	-0.0001460599999999	3.5817833536e-06	2.133352359999998e-08	0.000383558	0.0001592889999999	2.5372985521e-08	1.4711673936399998e-07	0.0	0.0
5090.385760703274	5.350653811741722	25912027.19277065	28.629496213106226	10291.507052565414	13.013958109811938	105915117.41300364	169.36310568393992	4817.501745806599	13.875531292082997	23208323.070849624	192.53036863757444	4858.1394174688285	8960.204568629822	1.18394	33.448376	0.21522685	0.133208	0.0525884207	-0.0363178416	-0.0811714908	0.1164548894	0.031528512	0.0023626091	-0.0420714431	0.048812609	0.1457911125	0.0644537014	-0.014113855	-0.0526381428	-0.0088601296	0.0950486771	0.01874867	-0.1189134902	0.0089358428	0.0917750739	0.0784457479	-0.0029942382	0.0169657468	-0.0148726865	0.0353091912	-0.0634062694	-0.018501237	0.0047750213	-0.0724242576	0.0778188923	0.0141994834	-0.071109218	0.1262977477	-0.0132300937	-0.0356569315	-0.0093534502	-0.0520560352	0.0207038807	0.0413129128	0.075837533	-0.0457264136	-0.0174030568	0.0069990124	-0.0273179941	0.0115977128	-0.0350791975	-0.0517582051	-0.0110277292	0.1219694723	0.0315537845	-0.0751675034	-0.0467513691	0.0882535549	0.0174733952	0.0663393202	-0.1103278549	0.0620684437	-0.0975134179	-0.0050669549	0.0514747906	0.0416150742	0.0008178851	-0.0198149819	-0.00507872	0.0185481097	-0.0281152751	0.0605272846	-0.043221165	0.1091713674	-0.0233126156	0.0260539329	-0.0369682217	-0.086310904	-0.086174796	0.0390418846	-0.0405468365	-0.0961409035	0.0361879437	-0.0510283389	0.0238190266	0.099938953	0.0756310772	-0.0598378227	-0.042629704	0.1163093174	-0.0127219645	-0.0280000446	-0.1053266841	0.0212336942	-0.0268058725	-0.0084166285	-0.092836329	0.0024932696	0.0066444695	-0.0200738302	0.0450652858	0.0534530402	0.0759067603	0.0170009967	-0.0959908644	0.0014360764	-0.0800059346	-0.0933704833	0.0407582831	0.072818389	0.0906403053	-0.0442933708	0.0173165888	0.0513886776	-0.0489521481	-0.0271521454	0.0696234859	-0.0342517289	-0.0350214236	0.0098916747	0.0273899806	-0.1519222449	0.0053634119	-0.0564538255	-0.011151094	0.0361906844	0.0202906469	0.0025317116	-0.0887826579	0.0336397298	0.0228466687	-0.0221078854	0.0367957025	-0.0061308553	0.041842877	0.0438655224	0.0493145772	0.0111378965	-0.1279623956	-0.0602004422	-0.0079839273	-0.0873274529	-0.029616332	0.0045421492	0.1218374294	0.0373102866	6.98579e-05	-0.092362435	0.0178574345	0.0435473197	-0.0117451129	-0.0141950368	0.0230356702	-0.0266390139	0.0437152531	-0.0384124483	0.0372591419	-0.0857287318	-0.0038475222	0.0644275074	0.056101948	0.0183457778	0.1467274492	-0.0024311682	-0.0075526333	-0.0817432292	0.0159226398	-0.0017878356	0.0220322352	0.0659344797	0.1060287728	0.0452717447	0.1003125464	0.0303310782	-0.1062580538	0.0441875445	-0.1069118333	0.0330396462	0.0189351631	0.0455855167	0.0545910206	0.0551536625	-0.0012790414	-0.0158739295	-0.0778027988	0.025247391	-0.090380817	-0.0709691421	0.0324684651	0.0170278193	-0.0607575478	0.0839114303	0.128419	-0.0017989999999999	3.236400999999982e-06	0.016491439561	-0.0660774	0.0451636	0.00203975076496	0.0043662227907599	0.900323	0.0608870000000001	0.003707226769	0.810581504329	-0.00842665	-0.00208673	4.354442092900005e-06	7.100843022250001e-05	-0.00194384	-5.128000000000012e-05	3.7785139456e-06	2.6296384000000123e-09	0.000393093	9.535000000000025e-06	9.091622500000043e-11	1.54522106649e-07	0.0	0.0
5083.633406360651	-6.752354342623221	25843328.610266	45.59428916834267	10298.118984095558	6.61193153014392	106051254.61058933	43.71763855931132	4806.3485022328505	-11.153243573748114	23100985.92491597	124.3948422153536	4847.776754075341	8961.024662774746	1.201924	33.956436	0.2322841	0.147486	-0.001756981	0.0469831626	-0.0709096222	0.0052045272	0.0087541712	0.0163646593	0.0772294851	-0.0137701304	0.0016990693	0.0625466528	-0.0892755146	0.0783191425	-0.0252712671	-0.0094329338	0.0059778428	0.0018621649	0.0105375279	-0.0534844553	-0.096650116	0.061257829	-0.0994691123	0.0492879125	0.0263153783	-0.0603247913	0.021369929	-0.026463926	-0.0452587484	0.0619939516	0.0531533914	-0.085718428	-0.0322367761	-0.0481198716	-0.0541059247	-0.1053267426	0.0318644459	-0.0326739209	-0.0681381519	-0.0297354736	-0.073902088	0.0293948531	-0.0253536844	-0.0929551742	0.0724857418	0.0450522917	0.0708210551	0.0125723687	-0.0652686894	-0.0224922307	-0.0288054028	0.0047494099	0.0566643067	-0.0334464653	0.0327398942	0.0599163991	0.0526429445	-0.088682923	0.0415434272	0.0194255803	-0.0638706323	-0.0167072587	0.0038829589	0.0665555518	-0.0079891726	-0.11231308	-0.0139085313	-0.072978354	0.0731584734	-0.005712917	-0.0315728772	0.0679348051	-0.0121169317	0.0294175076	0.0407722436	0.0135895482	0.0280171578	0.0016458159	0.0540342344	0.0604157683	0.0425330063	0.0823920499	-0.0301900589	0.0426223752	0.1091511539	-0.1071169721	0.0617953905	0.0292861223	0.02377905	0.0311114318	0.1245347244	-0.0127895865	0.0137578919	-0.0686076887	-0.0315662944	-0.1042482582	-0.0253746066	0.0365716892	0.0233321584	0.0052388594	-0.0175664759	-0.040008401	0.0059263232	-0.0714324291	-0.1375287762	0.00574966	-0.0644798363	0.0649300213	-0.0521525784	-0.0206639614	0.0501326097	0.0434681585	-0.0537612987	-0.0557701108	-0.0304700591	-0.0555031184	-0.014127116	-0.0560527269	-0.0842183453	0.0782832077	0.0156623834	0.041177997	0.0330292764	0.0826112438	0.0667725358	-0.0568054422	0.0274428334	0.0873319487	-0.0830068513	-0.0104017048	-0.0674492859	-0.044460478	-0.0131446938	0.043333584	-0.0468630019	-0.0301752878	-0.0539005383	-0.001780009	-0.0056828764	-0.0521715156	0.097798514	0.028925648	-0.062172401	-0.0181500378	-0.0182947387	0.0477690117	0.0052940376	-0.0415994319	-0.0085600843	0.1253895846	0.0734288118	0.026270774	-0.0613357488	-0.0075740926	0.0226422052	-0.0528916219	0.0354299415	-0.0083875232	-0.0099196711	0.0673852443	0.0470554564	0.0209612623	-0.0131958585	0.0854528068	0.0396764008	0.066401928	0.0350589423	0.0901024164	-0.0538929653	-0.0898685563	-0.0581108958	0.0265712114	-0.0489755719	-0.0964281964	0.0079589376	0.0337398406	0.0384673579	-0.0354837273	0.0898887261	0.1276344994	-0.0070787007	0.000194303	-0.0715098565	0.0342719357	0.0141385394	-0.0579398906	0.0828530009	0.12269	-0.005729	3.282144100000014e-05	0.0150528360999999	-0.1013	-0.0352226	0.00124063155076	0.01026169	0.8277139999999998	-0.0726090000000001	0.005272066881	0.6851104657959998	-0.00614573	0.00228092	5.202596046400002e-06	3.77699972329e-05	-0.00189256	5.128000000000012e-05	3.5817833536e-06	2.6296384000000123e-09	0.000350823	-4.2270000000000014e-05	1.786752900000001e-09	1.23076777329e-07	0.0	0.0
5083.36469920091	-0.2687071597410977	25840596.665081955	0.0722035376961278	10301.79125916958	3.672275074022764	106126903.14750277	13.485604219288897	4813.393830390031	7.045328157180848	23168760.166436817	49.63664884236528	4853.530501649251	8949.887243062845	1.071361	30.267826	0.1424534500000001	0.0893737	-0.0263013963	0.0523548448	0.0023522119	-0.0233953669	-0.0143256969	0.0365862812	0.0715380875	-0.084999491	0.0670176524	-0.022609351	0.0268554398	0.0107456844	0.0037411483	0.0234161164	-0.0375870134	0.050487444	-0.0209150818	-0.0358313068	0.0749186532	-0.0567333187	-0.0721606675	0.0543144527	-0.0733414169	0.0023074814	0.015186721	0.0605009385	0.0378314577	0.0093278067	-0.0064373657	0.070841102	-0.0216077679	-0.0101458021	0.0247401804	0.0625850211	0.0568237727	-0.0676100062	-0.0847882565	0.0741196372	0.1414083025	-0.0247359446	-0.0256605304	0.0350785367	0.0227820813	0.0839916035	0.066690333	0.0302169787	0.0652041594	0.0307188652	-0.0895315809	0.1432655255	-0.0254301342	-0.0640020463	-0.0093927855	0.0268639687	0.1355813095	-0.0803112296	0.0432477694	-0.1245668197	-0.0238683939	0.035233444	0.0005150259	0.0440580811	0.0942980171	-0.0288339044	0.0699695288	0.0100954671	-0.0335486895	-0.048546509	0.0954332709	0.0267958581	0.0399207497	0.0193976986	0.0524353681	0.0863776833	0.1260631919	-0.0407679859	-0.0455421459	0.0489205288	0.1447088056	0.0451112542	-0.01100822	0.0132438011	-0.08228318	0.076374238	0.0886345389	-0.0301830068	-0.0255716715	0.0570244269	0.0938696471	0.084969735	0.050526159	0.0012063654	-0.0254263034	0.0266696381	-0.012700713	-0.1039630465	-0.0002853016	-0.0216396413	-0.0423195847	0.0382030525	0.0402475937	-0.015729361	0.0806049577	-0.0394979791	-0.0370575736	-0.0101161272	-0.12069957	-0.0086433698	-0.0017169173	0.022197041	0.0541012289	-0.0001719564	0.0102483418	0.027000021	0.0673740943	0.0482648748	0.0105302401	-0.0512158346	-0.0355045246	0.0267648116	0.1398292482	0.0163007339	-0.1128534275	0.0520675244	0.0523837189	-0.0568755174	-0.0243358109	-0.0724748233	-0.0797713187	-0.0037096608	0.014512794	-0.079021303	0.0390213899	-0.1150680964	-0.0311070984	0.1082904771	-0.0418308025	-0.0558839325	0.0477045984	0.0986986368	-0.0946011463	-0.1278201843	-0.0693748151	-0.0119438524	-0.0248734684	-0.0204651862	-0.1038061713	0.0111544919	-0.0607382878	-0.011223178	0.0536602444	0.0535043254	0.1011173966	-0.0056062826	0.0138651232	-0.0108659857	0.0677763606	0.0129862887	0.1193325749	0.0479883038	0.1094927638	0.0065889591	0.1204460247	0.067095539	0.0178494337	-0.0261978921	0.0158659948	0.1131193109	-0.0617797344	0.032953369	0.0473504702	-0.1686059485	0.0067611016	-0.0619329418	-0.0178920901	-0.0038793796	0.0420379973	-0.0107791088	-0.0133960216	0.1008073052	-0.0720411702	0.0360573853	0.0112325332	-0.0550003849	0.0815223465	0.11057	-0.0121199999999999	0.0001468943999999	0.0122257249	-0.0217437	0.0795563	0.0063292048696899	0.00047278848969	0.828318	0.0006040000000001	3.6481600000019323e-07	0.686110709124	-0.00589215	0.00025358	6.430281640000032e-08	3.4717431622499995e-05	-0.00212924	-0.00023668	4.5336629776e-06	5.6017422400000086e-08	0.000864026	0.000513203	2.633773192090001e-07	7.46540928676e-07	0.0	0.0
5074.605321909567	-8.759377291343299	25751619.173152894	76.72669053210066	10294.997049617088	-6.794209552492248	105986964.25162455	46.16128344317691	4807.686904346384	-5.7069260436474	23113853.37022372	32.569004867660965	4847.556039616335	8946.706300793121	1.000893	28.27697	0.0865319	0.0424207	-0.0269909304	0.041791467	0.0208729866	-0.0122832862	-0.0165216658	-0.0151812693	0.0388717258	0.0022529536	-0.0019795414	-0.0407892307	0.0047122257	0.1371906521	-0.0319790568	0.0151247305	0.0176227127	0.1200121573	0.0611849943	-0.0071151986	-0.0465226833	0.0208388805	-0.0662336118	0.1295838841	-0.0566339037	0.0608301127	-0.024097067	0.0362351234	0.0909652992	-0.0424925219	-0.002724099	0.0025791598	-0.0671414029	0.0339314054	0.0400198375	0.0103536064	0.0463455702	-0.0002939574	0.0117988032	-0.0208586074	-0.0882657098	-0.0316771917	0.0573561647	0.0183960796	0.0227564105	0.0030210406	0.0417949924	0.0509090523	-0.0344535612	-0.0443045758	0.0167138543	0.0268786366	-0.0105335036	0.0253489168	0.0053102275	-0.0021437803	-0.1066008109	-0.0188797142	-0.0120307723	0.0263179311	0.0458725346	-0.0712143688	-0.0306696816	-0.044251461	0.0041606781	0.0873653855	0.028012038	-0.1163403233	0.0287802229	0.0267106091	-0.0200432362	-0.0420253715	0.0284475219	0.0300815736	-0.0843608563	-0.0421490737	-0.0509563811	-0.0004812565	-0.0210023119	0.1386480731	-0.0271111295	-0.0394602728	0.1079731421	-0.0378731212	-0.0728505683	0.014115804	0.0023914115	-0.0369997713	-0.0135622402	0.0742558628	-0.0060167237	0.1246114984	0.0175842752	-0.0412298524	0.0669200309	0.0313481583	-0.01940345	0.0416858169	0.0308932319	-0.0041368903	0.0038075351	0.1212017593	0.0511353851	-0.0316352367	-0.0698490916	0.0302351432	-0.0628553362	-0.0373905806	-0.1230885687	0.0550734135	-0.0038122137	-0.0639220196	0.0857445311	-0.0110525729	-0.0060025721	-0.0234307011	0.0675757358	-0.0334303899	0.0604121626	-0.0040951081	-0.0292139585	-0.0195762492	-0.00617173	0.024002583	0.0739022247	0.0149862124	-0.0705543463	0.0049265579	-0.0254311125	0.0088365127	-0.0528722279	-0.0222589549	0.0437632639	0.0498993592	0.0332375041	-0.0296232744	0.0069239676	-0.0187454122	0.021821123	0.0205042244	0.0418932264	-0.0893714292	0.0437533632	0.0169325751	0.0515866869	0.0247856909	0.0103708143	0.0382574249	-0.019139281	-0.0298012159	0.0058067991	0.1490092203	-0.0205969663	-0.0423841305	-0.0656688193	0.0393474415	-0.0041295568	-0.055333538	-0.0154094192	-0.0543334772	-0.1111102916	0.0162091432	0.0548403758	0.1085656591	0.0185134292	-0.0543287968	0.0077904455	-0.1046656908	0.0483614421	0.062282169	-0.0291938519	-0.0314015614	-0.0039930271	-0.0437299617	-0.0527109182	-0.08186291	-0.0817821122	-0.0638292731	-0.0559581672	-0.0062855629	-0.0115082615	0.0081303907	-0.0725630133	0.0378238752	0.0083132385	-0.0519452125	0.0799238391	0.107032	-0.0035379999999999	1.2517443999999997e-05	0.011455849024	-0.0511234	-0.0293796999999999	0.0008631667720899	0.00261360202756	0.82116	-0.0071579999999999	5.1236963999999965e-05	0.6743037456	-0.00611289	-0.00022074	4.8726147600000235e-08	3.73674241521e-05	-0.00258274	-0.0004534999999999	6.6705459076000006e-06	2.056622499999999e-07	0.00111891	0.000254884	6.496585345600001e-08	1.2519595881000005e-06	0.0	0.0
5074.671248456507	0.065926546940318	25752288.279911123	0.0043463095914739	10286.28330939286	-8.713740224227877	105807624.32109414	75.92926869532688	4808.901175650051	1.214271303667374	23125530.517168447	1.474454798910064	4848.632114999118	8932.627502441406	1.027794	29.036987	0.13439323	0.072045	-0.0325354999	0.0074671686	0.0529029563	-0.0595258429	-0.0285881833	-0.0100266355	0.0216789816	-0.1400248169	0.0099912806	-0.0188637181	0.0275074036	0.0526142944	0.0234560873	-0.0195093207	0.0583215198	0.0253408794	0.0263424678	-0.0955728586	0.071259197	-0.0430955499	-0.0157962401	0.0504173662	-0.0591430602	0.023658229	-0.0137724669	0.0963381776	0.0053312119	0.0053508162	0.0730257643	0.0242950265	-0.0226500543	-0.0110042074	-0.026798636	-0.0362106808	-0.0193251102	0.0993388247	0.0961610433	0.0236330633	0.0617471988	0.0618494094	0.0654457738	-0.0028109144	0.0021373599	0.0055710723	-0.0031077997	0.0647817971	0.0170892225	-0.0297287519	0.0070237251	-0.0021446567	-0.0480313612	0.0570852959	0.0691879408	-0.0200050429	0.0210787472	-0.0352156786	0.0466598125	-0.1040305832	0.005179969	-0.0510921226	0.0294460095	-0.0167599401	0.024453162	-0.1140096396	-0.0036077783	0.010166607	0.0042723877	0.1289261337	-0.0483325202	-0.0666741893	0.0413567632	-0.0435786186	-0.0131979005	-0.0731062793	0.0036097515	0.1470762185	0.0760747407	0.0866137244	0.1412426818	-0.0117267502	0.0812058136	0.1012262822	0.0269285926	0.0281812029	0.0382842344	0.065843479	-0.014385403	-0.0416939181	0.0178986235	0.0342694215	-0.0556859166	-0.0352432902	-0.0051432478	-0.0171481452	0.0051115958	0.0791247296	-0.0232883075	0.0175931195	0.0477061666	0.0337120638	-0.0107269695	-0.0923805871	0.0565178257	-0.0489912745	-0.0294029737	-0.0498514603	-0.0852215355	0.0017602175	-0.0477645197	0.0507914304	0.0452058244	-0.0068685241	-0.0727125401	0.0206435541	0.0631890948	-0.0029057679	-0.0327607922	0.0314705069	0.0089588787	-0.0465943592	-0.0388247114	-0.1152158021	-0.0448378677	-0.081825372	-0.0661311482	-0.016500188	0.0056677327	-0.0344956423	0.0156423059	-0.018353598	0.0619279493	-0.0108418529	0.0296463041	-0.0233058583	0.0218266048	-0.0808768709	-0.0376494179	0.0367542014	0.0418529693	0.0018537597	0.0020352006	-0.1362020197	-0.0047098436	0.0441440497	-0.034739003	0.030278533	-0.0257102882	0.0780086407	0.0403842133	-0.0373988034	0.0400856435	-0.124412598	-0.0129710528	0.0426105058	-0.0966346963	0.0095071465	0.0048079226	0.042324119	-0.0621003548	0.1417238749	-0.0874710559	0.0680494992	0.1474145063	-0.0096440986	0.0915323767	0.0319918363	-0.0900237402	0.0652035979	-0.0134250988	0.0611864006	-0.0001669197	0.013817988	0.0297354645	0.0371845554	-0.0680284509	-0.0229264534	0.0250681071	0.0167517939	0.0025100428	-0.0138725503	-0.0730753174	0.0395704763	0.0053841089	-0.0487807985	0.078062731	0.1026	-0.004432	1.9642624000000047e-05	0.01052676	-0.00240267	0.04872073	0.0023737095317329	5.7728231289e-06	0.7865579999999999	-0.0346020000000001	0.001197298404	0.6186734873639997	-0.00591602	0.00019687	3.875779690000001e-08	3.49992926404e-05	-0.00198276	0.00059998	3.931337217600001e-06	3.599760004e-07	0.00125483	0.0001359199999999	1.847424639999997e-08	1.5745983288999998e-06	0.0	0.0
5078.545656244711	3.8744077882038255	25791625.98256202	15.01103570929446	10282.758016618018	-3.5252927748424554	105735112.4283221	12.42768914835642	4808.095579816965	-0.8055958330860449	23117783.10465544	0.6489846462855987	4846.613359209585	8907.106568134725	1.056979	29.861492	0.0706931299999999	0.0344831	-0.0181933911	-0.0379732346	0.0557509251	-0.0703197201	-0.0306479133	-0.020271089	-0.0329882275	-0.0454220014	-0.0079344624	-0.0572348636	0.0832749735	0.1232991583	0.0226461032	5.39572e-05	-0.0060336554	0.0276313556	-0.0733311444	0.0394965825	0.025280228	-0.0680983409	0.022119997	0.0459181747	-0.1639000484	0.0405559997	-0.009603874	-0.0152066788	0.0024815015	0.0109289564	0.0484303441	0.0242524774	0.0507155772	0.0650094919	0.0089317621	0.0619411675	0.0525371801	-0.004338589	0.0641804874	-0.0342325955	-0.0030658537	0.0308068213	0.0505612521	0.0608998585	-0.0743048137	0.0965167835	0.106837354	0.0752951002	-0.0274283004	0.0918246412	0.0601464871	0.0096163923	-0.0139793972	0.0570505755	-0.0624503073	-0.0861767206	0.0225382411	0.01609116	0.0308169619	0.0784979335	0.0599500625	-0.0429389151	-0.0462858552	0.0390013831	-0.0386407686	0.0367193031	-0.0461327533	-0.0432825579	0.0320181004	-0.0152395151	-0.0814914728	-0.0500966189	0.0524424411	-0.0255362963	-0.0128919738	-0.0168830543	-0.0412536255	-0.0488772012	0.003355723	-0.0521533923	-0.0686113818	0.0038278228	-0.0680411817	-0.01328852	-0.0190284772	0.0678622998	-0.1358022066	-0.042461548	0.0794177266	-0.0992851383	0.1074976083	-0.0063609305	0.0621396541	-0.0315127124	0.0836809653	-0.041215782	0.0551983939	-0.0356994894	-0.0190624766	-0.0017644129	0.0294877201	0.0135710545	0.063711514	0.0897987173	0.0566327695	-0.0314593675	0.0349464156	-0.0989898628	-0.1124919536	-0.0211131526	-0.0522687807	-0.010216358	-0.0251137664	-0.0473603543	-0.0356644467	0.0492020556	-0.0254878543	0.0190659224	0.0609436492	-0.0592910046	-0.0751023165	-0.0224235104	-0.0282859525	-0.0126697399	0.0138288196	-0.0514990813	-0.0408857181	-0.0697292289	0.0386460544	-0.1049826303	-0.0910255161	-0.1325130296	0.0285284707	-0.022755349	0.0422443319	0.0518404555	0.0360636101	0.0064405755	0.0549087434	0.0827212711	0.0009180779	0.0615356779	-0.0086229194	0.0548985673	0.0760847466	0.0046373654	0.0419220057	-0.0476264182	0.0158966833	-0.0316820733	0.0429650348	0.052587172	-0.0662776543	-0.0022979777	-0.0802571961	0.025726836	-0.0901181391	-0.0085526591	0.0104593095	-0.0043541365	-0.0312145325	-0.0719384967	0.0008890644	-0.0256703133	-0.0644021908	-0.014345595	-0.0472277042	0.0108781424	0.028865531	0.019547161	0.141216452	-0.0222771328	-0.0267518211	-0.0253642525	0.1597817742	-0.0206967178	0.0925818978	-0.0434726139	-0.0495277404	0.0322285127	-0.0954321444	0.0082519114	-0.0735780149	0.0412962704	0.0024486097	-0.0455137978	0.0759451371	0.103368	0.000768	5.898240000000074e-07	0.010684943424	-0.0235833	-0.02118063	0.0004486190871969	0.00055617203889	0.8117419999999999	0.0251839999999999	0.0006342338559999	0.6589250745639997	-0.00576096	0.00015506	2.404360360000008e-08	3.31886601216e-05	-0.00211751	-0.0001347499999999	4.4838486001e-06	1.815756249999997e-08	0.00107343	-0.0001813999999999	3.2905959999999984e-08	1.1522519649e-06	0.0	0.0
5093.090893191202	14.54523694649106	25939574.846307155	211.5639178295685	10306.234122482443	23.47610586442533	106218461.78742144	551.1275465577056	4812.7472183749705	4.651638558005288	23162535.78797601	21.63774127432152	4851.974135031514	8918.74784434014	1.097677	31.011284	0.0507504	0.0294367	0.0144536084	-0.0786719798	0.0170536357	-0.0797485972	-0.0097566837	0.0464061238	-0.0257780128	-0.0956678681	-0.0262613882	0.0059740794	-0.0053703962	-0.0078753248	-0.0336102763	0.0463014649	0.0420383002	0.0885983457	-0.0544392185	-0.0355012995	-0.0350444136	0.001212068	-0.0084360073	-0.0069854811	-0.0217483552	0.0378353261	-0.044957313	0.0411221635	-0.0187131031	0.0806507316	-0.0379544707	-0.0393011259	0.0185251756	0.0022385964	0.0062523805	-0.1234897052	0.0822174002	0.0012757513	0.0661370786	0.0336277994	0.0117863199	0.0041695749	0.0100150477	-0.0045052783	0.0365935517	0.035126429	-0.0987231058	0.0885508814	0.0537561477	0.0007965005	-0.036066037	0.0084993673	-0.0763564722	0.0145568777	-0.0556694463	0.0608537731	-0.0772925327	0.1162711288	-0.0522143216	-0.0587505058	0.0334570307	0.0025725179	0.0334743561	-0.0400038946	-0.01354087	-0.0161709093	0.0443050395	-0.0058517734	0.0319479672	-0.0077212331	-0.0448562471	-0.0693137346	-0.0818972117	0.1112496047	0.0881837328	-0.0694750551	-0.0259571798	-0.0970833973	-0.020673177	0.0367550788	0.0454005177	-0.059267475	0.0619088637	-0.0420900337	-0.0357172978	0.0055913656	-0.0300991096	-0.001693703	-0.1176637558	0.0147935114	-0.0324250505	0.0004826332	0.0112603338	-0.0246606204	0.0761839833	-0.0053932911	0.0399952899	-0.0442670119	0.0342692806	-0.0399027416	0.0594016649	0.0187255948	0.096384834	-0.0239142958	-0.0293863111	-0.038199696	-0.0161173096	0.0174122279	-0.0093385918	0.0171893123	-0.0727233235	0.0183549958	0.0220639112	-0.0640689483	0.0448222988	-0.0259530801	-0.0337471598	0.0067371033	-0.0061260798	0.1254501841	-0.0843244933	0.0352158558	-0.0011480241	-0.0414028671	0.02167813	-0.0234743615	-0.0254171914	-0.0167535543	-0.0544761846	-0.0542737655	0.0958852027	0.012852338	0.0880359036	-0.0575783804	0.0133237943	-0.0213611312	0.0842094997	0.0239979458	0.0112132912	-0.0563992968	-0.0990233826	-0.0560800434	0.1131736705	-0.0586682454	-0.0141132271	-0.0315204579	-0.0375607372	0.0272516833	0.0295761872	0.0614806116	-0.0197597138	0.0047031719	-0.0310640608	0.0200978897	-0.0795291776	0.0737942301	0.1218068915	0.0187669342	0.0522885061	0.0580559782	-0.0607933705	-0.0376045947	0.0797676795	0.0087389708	0.0505459952	-0.0528452713	0.0266979457	-0.0546614019	0.0326871158	6.74222e-05	0.0222491165	0.0396142457	0.0964228694	0.0579566111	-0.0400594047	-0.0135383667	-0.0188591906	-0.0459056638	-0.0537675664	-0.0065457746	-0.0824078124	0.0597092619	-0.0740710399	0.04300035	-0.0004897863	-0.0421510808	0.0735780149	0.10479	0.0014219999999999	2.0220839999999797e-06	0.0109809440999999	-0.0147994	0.0087839	7.715689921000002e-05	0.00021902224036	0.8064329999999998	-0.005309	2.818548100000009e-05	0.6503341834889997	-0.00632487	-0.0005639099999999	3.179944881e-07	4.00039805169e-05	-0.00209297	2.453999999999998e-05	4.3805234209e-06	6.02211599999999e-10	0.00118969	0.0001162599999999	1.3516387599999996e-08	1.4153622961e-06	0.0	0.0
5096.972838123091	3.8819449318889374	25979132.112564556	15.069496454218214	10355.529286735698	49.29516425325528	107236986.80844076	2430.0132187554173	4814.685997405735	1.9387790307646355	23181201.253614858	3.75886413013266	4854.811154622805	8967.87480117457	1.119597	31.630568	0.1729669499999999	0.107969	0.0185893869	-0.0894255208	-0.0287929142	0.0341193684	-0.0300456884	0.0636068583	-0.095995123	0.1206053067	0.0412586902	-0.0194024294	0.0720897812	0.0510564774	0.009695135	0.0383073963	0.0334778523	-0.0644035639	0.0092513496	-0.0532902145	0.0770540519	0.0239027011	-0.079498645	-0.043936488	-0.0029553059	0.0701313117	-0.0929118647	-0.0021401045	0.0065356456	-0.0172366419	-0.0339652221	-0.0255103354	0.019778754	-0.0332027442	0.0110783553	-0.0013042838	-0.0977108997	0.0412798561	0.0637241158	-0.0696525643	-0.0156692906	-0.0512633326	-0.0451100857	0.0069475153	0.0136393932	0.1068416015	-0.0905533174	0.0563857593	-0.07348635	-0.0016058686	-0.0452928655	-0.0486941265	0.015648049	0.0326363529	0.010282834	-0.0300019499	-0.0252488563	0.0497361601	-0.0137674501	0.044012108	0.0715247553	-0.0648782506	-0.0024069923	-0.0053873982	0.0560344813	-0.0580217887	0.0264008316	0.043417549	-0.0150375822	0.025596406	-0.0777762757	0.0092734835	-0.0106522463	0.0159586674	0.0629817631	0.0386827057	0.039596909	0.0186906971	0.1059536665	-0.0309027199	-0.006899973	-0.0075645605	-0.03880933	0.0608826762	0.1126829902	0.039442894	0.0502407471	0.0130331663	0.1276657071	0.0059483932	0.0483750298	-0.0368683615	-0.0679121358	-0.0646771361	-0.0367073817	0.0443350474	-0.0504520266	0.0381815229	-0.0080541814	-0.0365891224	0.0432998404	-0.0424731014	-0.0584378322	-0.0545675072	0.0729276651	-0.0137795688	0.0182222242	0.0671447021	-0.0561904608	0.0476394073	-0.0565927647	-0.0796042536	0.0288702253	0.0149855599	0.0154304122	-0.0404657326	-0.0483831193	0.0200007651	-0.0154813114	-0.0058369305	0.058407587	-0.0189151761	-0.1489392677	-0.0079553803	0.0184923565	0.0269536872	0.037887099	-0.0111123317	-0.0628503231	-0.1082815358	0.0760116234	-0.0084727639	0.0440702105	0.0294144112	-0.0735432985	-0.022996354	0.0118968756	-0.0446816335	0.0036291858	0.0405832659	-0.0357621551	-0.0143537533	0.0346243558	0.0110358338	0.0851255043	-0.0009669077	-0.0067483687	0.0188850021	-0.0552843639	0.0712077073	0.0116724218	-0.0486274837	0.0021571745	-0.0018257665	-0.0655332864	-0.034069065	0.0011048899	0.0190770479	0.0446795828	0.0421866522	0.0707185294	-0.0067043616	-0.0750794449	0.0027757606	0.0024364219	-0.0534918406	-0.0082256666	0.1517239805	-0.0367822049	0.0417411928	-0.0043458597	-0.0275639321	-0.0948931003	-0.0389380047	0.0366536826	0.1009637481	-0.0026182182	-0.0438905074	0.0009079198	0.0110474044	0.0972369052	-0.0121287025	-0.0745543275	0.044681819	-0.0034276029	-0.0386997195	0.0709691421	0.102735	-0.0020549999999999	4.2230249999999484e-06	0.010554480225	-0.0492882	-0.0344888	0.00118947732544	0.0024293266592399	0.8476869999999999	0.041254	0.001701892516	0.7185732499689997	-0.0078353699999999	-0.0015104999999999	2.2816102499997e-06	6.139302303689844e-05	-0.00209297	0.0	4.3805234209e-06	0.0	0.0007968069999999	-0.0003928830000001	1.5435705168907857e-07	6.349013952488406e-07	0.0	0.0
5095.113467265019	-1.8593708580719976	25960181.24430536	3.457259987847397	10322.622887699734	-32.90639903596457	106556543.2816624	1082.83109751413	4823.999764987573	9.313767581837965	23270973.73260016	86.74626656849581	4864.32696050742	8958.44964447222	1.274836	36.016327	0.27562745	0.189829	0.0058392666	-0.0838868198	-0.0660162184	-0.120628427	-0.0173605042	0.0982855224	0.0154549488	-0.1590067603	-0.0557126165	0.0849362782	-0.0161979688	0.0562196326	0.0746080957	0.0467241925	0.0192005567	0.0467087163	-0.0031384035	-0.0848827421	0.0010480681	-0.021731171	-0.0617705794	-0.0042542566	0.1210377825	0.0013765039	0.0439562789	-0.0348522364	-0.0572081886	0.0320231664	0.1433650714	0.0498761437	-0.0221346124	-0.0193408705	0.0349491974	0.0654130121	-0.0648358621	-0.0464675886	0.0319332791	-0.018691022	-0.0839953456	-0.0095211037	0.0317007175	-0.0180707218	0.0199290876	0.0184159144	0.0960456353	-0.0153161028	-0.0917205905	-0.0599931729	0.0407670418	-0.0024477944	0.0443315977	-0.0677285955	-0.0769864306	-0.1178158599	-0.0527019193	-0.0294556151	-0.0989911545	-0.0751473177	0.0678014467	0.0242288686	-0.055914331	-0.0657333004	0.0289138833	-0.0398366755	-0.0184683176	0.0382911198	-0.0465647368	0.0507273705	-0.0285070637	0.0372429791	0.032381616	0.0180159051	-0.0275733337	0.0580892705	0.0052638355	0.0212716613	-0.0453533659	0.0072626298	-0.0277653355	-0.0185352173	-0.0384057769	0.0228527283	0.157942826	0.0007841996	0.0494913429	0.0517669849	0.0527547875	0.0263218756	-0.0117761121	-0.0329862975	0.0172677315	0.0479273985	-0.0397881391	0.0537805668	0.0202603431	-0.1026436295	-0.0747286533	-0.0545227348	0.032445168	-0.0062331646	0.0382908273	-0.0900190623	0.0050708049	-0.0487606881	-0.0572225857	0.0623844181	0.0485506142	0.0676822092	0.0854277169	0.037353078	-0.0661556202	-0.0448858108	-0.1168176171	-0.0204794714	0.0304762963	0.0671832597	0.0251545572	-0.1014456384	0.0356706899	0.0429929434	-0.0625163494	0.0061894585	0.0609925988	0.0050427533	-0.0404328011	0.0296205168	-0.0325912511	-0.0048506418	-0.087004923	-0.0544684194	-0.0315836817	0.1165877768	0.0047721665	0.0328790659	-0.0037865043	0.0826139407	0.0436859378	0.1160652243	-0.0440767159	-0.09515598	-0.020997023	-0.0494881782	-0.0091487533	-0.1060596849	0.0238089192	0.065976845	-0.0273858219	0.0059858551	0.0289237412	-0.0483324998	0.0605925092	-0.0438341446	-0.0309254786	-0.0391604062	-0.0153381215	-0.0232632892	0.029609194	-0.0728744038	0.0198182793	0.0210049342	0.0258628434	0.0147163708	-0.0322408673	0.0055526437	-0.0046408362	0.1626291274	-0.0144984958	-0.0242704633	-0.0366180215	0.0116844427	-0.0558150926	0.0144428483	-0.0362238491	0.0169012122	0.0259057529	0.0330400898	0.005205247	-0.0406010631	0.0292195253	0.0275302411	-0.0750278142	0.0463397933	-0.0063613645	-0.035166972	0.0681270903	0.104503	0.0017679999999999	3.125823999999971e-06	0.010920877009	-0.0115809	0.0377073	0.00142184047329	0.00013411724481	0.771003	-0.0766839999999998	0.0058804358559999	0.594445626009	-0.00494471	0.0028906599999999	8.355915235599428e-06	2.44501569841e-05	-0.00206706	2.591000000000008e-05	4.2727370436e-06	6.713281000000043e-10	0.0010696	0.0002727930000001	7.441602084905455e-08	1.14404416e-06	0.0	0.0
5088.329511080643	-6.783956184375711	25891097.213334177	46.02206151152946	10300.615136878225	-22.007750821509035	106102672.19808482	484.3410962216316	4820.274195295172	-3.725569692401223	23235043.31782852	13.87986953293854	4861.546308299679	8970.776543986938	1.151704	32.537651	0.1633703	0.106895	-0.000727291	-0.0683773428	-0.0828278901	0.011153047	-0.0408002679	0.0518773419	-0.0050992446	-0.0229341618	0.1114037853	0.0385955126	0.0989657238	0.0406034073	0.0728284749	0.0522833979	0.0059170844	0.0141913094	-0.0473744006	-0.097613387	0.0750963774	-0.076071303	-0.1480101262	0.0483560959	-0.0393270908	-0.0768331321	-0.0549562186	0.0471149356	-0.042187163	-0.0295144183	-0.0606176138	0.0306169105	-0.0682226572	-0.0534838311	-0.0540131674	0.0084326692	-0.0217737928	-0.0058195815	-0.0532794047	-0.052533637	-0.043326772	-0.0458360631	0.0069460016	0.035716761	-0.0082539439	0.0210809235	-0.0101699518	-0.0266230776	0.0870770006	-0.085137855	0.0088266842	0.0166996853	-0.0155227725	0.092811204	-0.0829110657	-0.0896765505	-0.0339320541	0.0106430202	-0.0266769526	0.0116438512	-0.0427887972	-0.0278580223	-0.1490863269	-0.0041443686	-0.0746938131	0.002876035	-0.0349919897	0.0243441958	0.0184250334	-0.0039762638	-0.0755901181	-0.1246010638	-0.0507314057	0.025788104	0.0671841001	-0.1232419372	0.0156264652	0.0548014577	-0.0042177354	-0.0314300145	0.0155490266	-0.1316518762	0.0877564252	0.075549286	0.0021829615	-0.0189691343	-0.0104508514	0.0678778628	0.0145950396	0.1560478126	0.1354207362	0.0235042814	-0.0143433463	0.0249493257	-0.0689230847	0.1538024588	0.0040658285	-0.0169141297	-0.0696154488	-0.0625837669	0.0009222265	-0.0289518498	0.0208750971	-0.0675510053	0.0817577209	-0.092900611	-0.1090267488	0.07120687	-0.1277932745	-0.072544697	-0.0022174265	0.016494823	0.0037311172	0.0670994886	0.0429901048	-0.0303491894	0.0556426856	0.0155040444	-0.0627204474	-0.0159579017	0.033316141	-0.026022952	-0.0288046894	0.0946805882	0.0288927714	0.0481078818	-0.0278776414	-0.0261538699	0.0039350652	0.0037783179	-0.0223326671	0.087860183	0.0017749631	-0.0371227268	0.053498222	-0.0240570338	0.0663013667	-0.0042169294	0.109300583	0.114994326	-0.0244044219	-0.0186446629	0.0193162532	0.0079792636	-0.0102471062	0.0068307409	0.1571516768	-0.0121306418	0.0609145673	0.0309249279	0.0083735205	-0.0279814688	-0.026570803	-0.0077995587	-0.1162347763	0.1175970091	0.0239263349	0.033766028	0.0146252949	0.0539224041	-0.0934915706	0.0938368201	0.0096075612	-0.0360335345	-0.0128821647	-0.1413065264	0.0875457885	-0.0153871766	-0.0621284258	0.0219096161	0.0409657476	0.0894567368	-0.0534430098	-0.1370823802	-0.0930458502	0.0528757462	-0.008209163	-0.0035712159	0.0138090715	-0.1013156004	0.0760170659	0.0707096569	-0.0754914377	0.0479734011	-0.0092876003	-0.0315602679	0.0650611976	0.102306	-0.002197	4.82680900000002e-06	0.0104665176359999	-0.0172202	-0.0056393	3.180170449000002e-05	0.00029653528804	0.8147609999999998	0.0437579999999998	0.0019147625639999	0.6638354871209997	-0.0066214	-0.00167669	2.811289356100002e-06	4.3842937960000005e-05	-0.00239789	-0.00033083	5.749876452100001e-06	1.0944848890000019e-07	0.0012976	0.000228	5.1984000000000064e-08	1.6837657600000002e-06	0.0	0.0
5082.213426991902	-6.116084088740536	25828893.317496777	37.40648458054515	10285.915254932685	-14.699881945540255	105800052.63165691	216.08652921282035	4811.2242963861	-9.049898909072	23147879.23013592	81.90067026442256	4851.996125454585	8953.559479120682	1.137501	32.136398	0.0785721	0.0540316	0.0146407286	-0.0308849389	-0.0961227163	-7.14714e-05	0.0033436503	-0.0110263876	0.0077970884	-0.0331540503	-0.0513124069	0.1330354145	-0.1020830881	0.0626156736	0.0211844013	0.0127187971	0.0154857662	-0.0365930651	0.0320695814	-0.0834353804	-0.0469878394	-0.0295650989	-0.0101047741	0.0518283658	0.0225336286	-0.0922067968	-0.0690690948	0.0338821084	0.0048464633	0.0489106619	-0.0087545039	0.0528473292	0.007272663	-0.0279823313	0.0247095549	-0.0598004465	-0.0028102796	0.0651381128	-0.0465263928	-0.0236769254	-0.0493820314	-0.0664434549	0.0317251973	-0.0653632977	0.0664682461	0.0807624198	0.0067675664	-0.0677529711	-0.0589666916	-0.0233054136	0.1229948982	-0.0294774325	0.0254740385	-0.0792453591	-0.0114370591	0.1420530917	0.0312432149	0.016412923	0.012773281	-0.0423285834	-0.0178213527	-0.0155765372	0.0816835625	0.0112681305	-0.0293726836	-0.0479624608	0.0523927445	0.0515458653	0.0516599171	0.0483681998	0.0384454418	0.0569619277	-0.0483908138	0.1189987716	-0.0359491087	0.0179854068	0.06611756	0.0940738353	-0.0635772288	0.0199704198	-0.0656176365	-0.0102780418	0.0708303248	-0.0103068015	-0.037886754	-0.068955665	-0.0284930923	-0.0007261808	0.0144123025	-0.0809529489	0.0410562489	-0.0648280962	0.0432506229	-0.0328369196	-0.0054865379	0.0163163778	0.0006404842	0.0202684182	-0.0252878263	-0.0128901839	0.0055517984	-0.0388409302	-0.0541482618	-0.06343737	-0.0624722235	-0.0596202449	-0.1072016132	-0.0019194282	0.014872162	-0.0791965549	-0.0066886486	-0.0082630414	0.0313679585	-0.0393403766	0.0168613585	-0.0034211375	0.0215927501	0.0719628218	0.0018843157	0.0640278482	0.0368244946	-0.0616715318	-0.022150768	0.044719516	0.0484802554	0.0337911996	-0.0334677341	0.0713848241	-0.0884994378	-0.0707898309	-0.0203079346	0.0228521671	-0.0679539382	0.0949388012	0.0336416688	0.1127531404	-0.0186291985	0.0059410156	-0.020025026	-0.1428223661	-0.0125206706	0.0035445179	-0.0051468944	-0.0787142999	-0.005144009	0.0314836362	-0.0709234254	-0.0079887796	0.0451184841	0.0853831406	-0.0341286381	-0.0379634107	-0.0213051722	-0.0503440321	0.0364944569	-0.0302797759	0.1059477524	-0.0713875692	-0.0165360719	-0.0618667236	0.0311892755	0.1162062772	0.0039010939	0.0032865859	-0.0755407544	-0.0106192656	0.0067699857	-0.0702141668	0.0079303806	-0.0211583637	-0.0161789874	0.0014541398	-0.0278619335	0.0395120905	0.0755349859	0.0178794164	0.0694609379	-0.050001734	0.0389846581	-0.0254967667	-0.0134841891	0.0354384131	-0.0759451371	0.0495817833	-0.0122028486	-0.027887192	0.0617815374	0.105146	0.00284	8.065600000000052e-06	0.011055681316	-0.0699413	-0.0527210999999999	0.0027795143852099	0.00489178544569	0.8066999999999999	-0.0080609999999999	6.497972099999975e-05	0.6507648899999998	-0.00661444	6.960000000000299e-06	4.844160000000416e-11	4.37508165136e-05	-0.0022984	9.949000000000026e-05	5.282642559999999e-06	9.89826010000005e-09	0.00149015	0.0001925499999999	3.707550249999996e-08	2.2205470225e-06	0.0	0.0
5081.641712602535	-0.5717143893671164	25823082.495262027	0.3268573430094147	10284.935291562117	-0.9799633705679298	105779893.95161992	0.9603282076548576	4812.823272202254	1.5989758161540522	23163267.849451613	2.5567236606455173	4855.163871659837	8940.78930178829	1.211158	34.217335	0.2512733	0.1415	0.0113626667	0.04077775	-0.0541207001	0.1298446727	0.0049622903	-0.0157334851	0.0331521838	0.0660942484	0.1314603128	0.0287929663	0.0223601724	-0.0535119113	0.0087990708	0.0136295953	-0.0244568015	-0.0364356205	0.061114877	0.0095048182	0.0953799221	0.0023193528	-0.0411449396	0.1017562696	0.0334796347	0.00632323	0.0167022438	-0.005543558	-0.0231266001	-0.0610069533	0.0427163388	-0.0143112861	0.0253459732	-0.0034137446	0.0287184906	0.0384889382	-0.0464849372	0.0206747654	0.0524045619	-0.0050531175	0.0970534431	-0.0201166523	0.0452736752	0.0225517821	0.065350618	-0.0344570147	0.1644287922	0.0316007599	0.0397307038	0.0094060384	-0.0787485116	-0.0311268051	-0.0366023685	0.0170792786	0.0335760432	0.0310974432	0.0218155198	-0.0301468627	0.0129424647	0.0593596554	-0.0591755116	0.1709194963	0.0374457995	0.0084334948	-0.017704504	0.0107848571	-0.0135012975	-0.0411687771	-0.0649249785	-0.034086203	0.0683065717	-0.0248727147	-0.0918881517	-0.0600512964	0.0379624483	-0.0175700833	-0.0811401492	0.0490897626	-0.0370019168	0.0760321895	-0.0871762463	0.0029674362	-0.1194239233	-0.0952310733	-0.1201103259	0.0573481213	0.0130874031	0.0422413877	0.023116933	0.0122159497	-0.0183018904	0.0115159967	0.0559718634	0.0249437012	-0.080250766	0.0158241361	-0.0113438861	-0.0693378308	-0.0066521173	-0.0177488175	-0.0532635637	-0.0139489476	-0.0654124033	-0.0445571378	0.0567506125	0.0686446398	-0.0900338119	-0.0215636267	-0.0450890056	0.0301059633	0.0320861317	-0.0033648962	-0.010934432	0.0682269045	-0.0516916131	0.0236262462	-0.0234115913	0.0006570187	0.0152649775	-0.0159407621	0.0223169897	-0.010502431	-0.0177399811	-0.0669992157	-0.1342533845	0.0173172529	-0.0374258107	-0.0121539916	-0.0265468102	0.0687011046	-0.1714514697	-0.0314459214	0.040779187	-0.0552163739	-0.0590275173	-0.0430430076	0.0220235019	-0.0244180279	-0.0289562088	-0.0315017633	0.0626534985	0.0443058084	-0.0149986369	0.1087775003	-0.0960646694	-0.0563128097	-0.0581211813	-0.011297049	0.0334133555	-0.0322185037	0.0022814889	0.011128753	0.0581564397	0.046637363	0.0481285259	0.0532961659	0.0406917993	0.1154725484	-0.0305677543	0.0071543711	-0.066099005	0.0212776711	-0.028308415	0.0339914837	-0.0394385065	0.0419915618	-0.178496476	-0.082560085	0.1043210984	0.0389684546	-0.0220289707	0.0420218566	-0.0097906544	0.0009865246	-0.0067427308	-0.0534344654	0.029379195	0.0214408014	0.0725929801	-0.0242533588	0.0188420807	0.0740081475	-0.0763888527	0.0511640943	-0.0151036605	-0.0241554689	0.0582988854	0.104996	-0.0001499999999999	2.2499999999999212e-08	0.011024160016	-0.0277835	0.0421577999999999	0.0017772801008399	0.00077192287225	0.8961489999999999	0.089449	0.008001123601	0.8030830302009998	-0.0083722399999999	-0.0017577999999999	3.0898608399996507e-06	7.009440261759834e-05	-0.00275562	-0.0004572199999999	7.593441584399999e-06	2.0905012839999998e-07	0.00131484	-0.0001753099999999	3.0733596099999975e-08	1.7288042256e-06	0.0	0.0
5081.094047155137	-0.5476654473986855	25817516.71603537	0.2999374422744023	10288.891964583952	3.9566730218357407	105861297.85888022	15.655261401722772	4814.009440413597	1.1861682113431016	23174686.892391235	1.406995025600893	4854.6596851229215	8924.638561775117	1.071488	30.271399	0.1448834999999999	0.0650101	0.0115675681	0.0637646053	-0.0014074928	0.068856206	0.0196693172	-0.0508551279	0.0255125242	0.0799977583	-0.0254083177	0.0038243907	-0.0905758561	0.0393879645	-0.0443476518	0.0108409993	-0.0175813542	-0.018538509	0.067174104	0.1365119045	-0.081103336	0.0270189565	0.0179272255	0.0236545202	0.018264488	0.0239131572	0.043682858	0.0462301298	0.033513375	0.0172506637	-0.0300063759	-0.0204209467	0.014224584	0.0209861581	-0.0532809046	-0.0718191082	-0.0454135554	0.0169441072	-0.0787317013	-0.0748852419	0.0073339766	-0.0281253586	-0.0535200095	-0.0337885176	0.0169201753	0.1585349259	0.0385602136	0.0468646807	-0.0532078492	0.0218081557	-0.1004811206	-0.0101640743	0.0424996936	0.0011968821	0.0080262632	0.0500549436	0.0022142342	-0.0876788139	-0.055228366	-0.0170113959	-0.0308317022	-0.0824250252	0.1069907522	0.0985934665	-0.023258662	-0.0219976382	-0.0853424719	0.017634584	-0.0973115258	-0.0722130644	-0.0430249111	0.0227655929	0.0097568819	-0.027923355	-0.0738424138	-0.0476112904	0.0156940676	-0.085897527	-0.0815090208	0.014448389	0.1117263175	-0.1122842625	0.0501070252	0.0225151793	0.0691296198	-0.0166248436	-0.018415326	0.0643155826	0.0453057943	-0.019709798	0.0904280455	-0.0074260699	-0.0176326053	0.0130526885	-0.0059912819	0.0121917636	-0.0111582288	-0.0304264157	0.0466105478	-0.0031438007	-0.0336814156	0.0479868662	-0.0562517442	0.0962247246	-0.0823866582	0.103999947	-0.0081700662	-0.0086539863	0.0222670424	0.0293822931	0.0028075078	0.0446891499	0.0447220253	-0.0175232012	0.0316962546	0.0374376595	-0.0084955293	-0.0490109258	-0.0291662859	0.0647480326	0.0789365728	-0.0233470715	-0.0228625327	0.0944579272	0.0054038417	-0.0053618875	0.0771379792	0.0144557127	-0.0567900585	-0.1409157587	-0.0549712232	-0.0588416725	0.0178875719	-0.0087023692	-0.0938998603	-0.06803816	-0.0437318916	-0.0084352459	0.0168310028	-0.0455181157	0.0175061452	-0.054783739	-0.0681970211	-0.0380405624	-0.0489338918	0.0863720039	-0.0613795355	-0.1100524538	0.0060906823	-0.0037178661	0.1092063773	-0.0394467501	0.058154235	0.0848963615	-0.0528736244	-0.0387052424	-0.0411570899	-0.0195461144	-0.0514895679	-0.0550895915	-0.0486382826	-0.0200253672	0.1368610501	-0.03327184	0.0773364925	-0.0803107485	0.0954252673	0.0337687671	-0.0216274352	-0.0310210275	0.0304279764	0.0812163048	-0.0406353643	-0.0327378342	0.0472428548	0.052925674	0.0109743262	0.0064741002	-0.0078141941	0.0196069864	0.0251041744	-0.0214574176	-0.0768225263	0.052719502	-0.0179866041	-0.0203729465	0.0546246844	0.0899583999999999	-0.0150376000000001	0.00022612941376	0.0080925137305599	-0.0707164	-0.0429328999999999	0.0018432339024099	0.0050008092289599	0.862152	-0.0339969999999998	0.0011557960089999	0.743306071104	-0.00786216	0.0005100799999999	2.601816063998987e-07	6.18135598656e-05	-0.00243544	0.0003201799999999	5.931367993600001e-06	1.0251523239999987e-07	0.0015429	0.0002280599999999	5.201136359999999e-08	2.38054041e-06	0.0	0.0
5093.059881772795	11.965834617658402	25939258.95932352	143.1811980971522	10327.346716253322	38.454751669369216	106654090.19770826	1478.7679259528545	4809.49742414622	-4.512016267377476	23131265.47286912	20.35829079707897	4850.234051980817	8957.384857618856	1.089855	30.790302	0.1573882	0.0951701	-0.0286380937	0.0495159765	0.0140640981	0.0027584593	-0.043570977	0.0311504629	0.0589532177	-0.0491410625	0.0826585778	-0.0651275392	0.0077723386	0.0239379584	-0.028696838	-0.0474736244	-0.0346938869	0.0479042883	0.03283477	-0.0136324444	0.0131777748	0.0163719195	-0.0447278771	-0.0237595345	0.0001861145	-0.0404743737	0.0914156466	0.044552551	0.0866650625	-0.0070134543	0.1452419503	0.0815797326	0.0230779306	-0.0164599574	-0.0525070666	0.0491858911	0.1117672847	0.0841859844	0.0621455729	0.0569282976	0.0202201683	0.0271742227	0.0232707131	-0.0144376238	-0.0413215756	-0.074481544	0.022341595	0.0340426167	-0.047967339	0.1202270786	0.0511737496	-0.0072949379	0.0921323791	-0.0229596611	-0.0623860982	0.0318168295	0.0011247111	0.0011744033	-0.0680446325	0.069945889	0.0054721952	-0.0529373087	-0.0851671874	0.0822000274	-0.0233749666	-0.0108147191	0.0705465088	0.1146521801	-0.0471781927	0.0220201347	0.0372036085	-0.0339624072	-0.0639192813	-0.065094394	-0.0166423842	0.1416471392	0.0238169834	0.0029057557	-0.0519746328	0.0021069765	-0.0191026554	-0.092554243	0.0325748472	0.0422996026	0.0687950324	0.0912851406	0.0003665436	0.1280466935	-0.0612485544	-0.0264101385	0.1308416429	0.0801978128	0.088263674	-0.0018863546	-0.0319382549	-0.0566497493	-0.0234825117	0.0388159259	0.0233678245	0.0533034593	-0.0363830842	0.0481647502	0.0194726555	-0.0294129365	-0.0013270113	0.0114004573	0.0321148121	0.0238056217	-0.0239727434	-0.0178646205	0.1028576304	0.0293766333	0.0610750121	-0.0340129303	-0.1396813435	0.0981161127	0.0647814243	0.0393898182	-0.0432696541	-0.0193911098	-0.1072427868	-0.0819755769	0.0431893365	-0.0934144359	0.0047717619	-0.0314264727	-0.0159265262	0.0121067713	0.04828212	0.0244395883	0.0328333453	-0.1248342566	0.00101864	0.0062956609	-0.0112963976	0.0899607996	-0.0893527154	0.0397715881	0.051346255	-0.0349713361	-0.0605044283	-0.017794642	-0.0319071696	0.0596892959	0.0351954694	0.0270367842	0.069700073	-0.0815254003	-0.0060586293	0.0482821093	-0.072852848	-0.0718103005	0.0685165494	-0.0209193065	0.0125185604	0.0498327709	-0.0049595437	0.0831415929	-0.0093935776	-0.1327187613	0.0716320269	0.0065147136	0.0619105269	0.0400213223	-0.0701233884	-0.0825856064	0.0511728432	0.0972997429	0.0071725845	0.0799788555	0.0383889141	0.1460139831	0.0413098253	-0.0838989525	0.0234843045	-0.0678919475	0.0177894054	-0.0051633364	0.0771052654	0.0592845348	0.0067059875	-0.0806970216	-0.0772461008	0.0542471886	-0.020848269	-0.0165475795	0.0507710064	0.0988938	0.0089354000000001	7.984137316000192e-05	0.00977998367844	-0.0382411	0.0324753	0.00105464511009	0.00146238172921	0.811095	-0.051057	0.002606817249	0.657875099025	-0.00670869	0.00115347	1.3304930409000004e-06	4.50065215161e-05	-0.00256348	-0.0001280399999999	6.571429710399999e-06	1.6394241599999962e-08	0.001526	-1.690000000000003e-05	2.8561000000000104e-10	2.328676e-06	0.0	0.0
5090.402790420291	-2.657091352503812	25912200.568718687	7.060134455550538	10328.65081810215	1.3041018488293048	106681027.72228225	1.7006816321200109	4819.256001867722	9.75857772150266	23225228.411538064	95.22983914660809	4859.719186971896	8969.060778604075	0.995682	28.129763	0.0646126	0.0333915	-0.0051662831	0.0467392848	0.0409783876	0.0043126807	-0.0059665618	-0.0138531998	0.0076636027	0.0524778282	-0.0136179815	-0.0726973851	-0.0376431341	0.1137747321	-0.001019994	0.0129050505	-0.0225055869	-0.0013066455	0.0780346633	0.133286538	-0.0747874255	0.0243445063	0.0636140306	-0.0685821072	-0.0194039254	0.0364090007	-0.0171941233	0.0555429735	0.0943217002	0.0521636544	0.0179133257	-0.0511148937	0.0129725987	0.0211349066	-0.0199327642	-0.0503284605	-0.0219602698	-0.0617175761	0.0447161331	-0.0163378504	-0.0564983579	0.0375882533	-0.1152145761	-0.0443394901	0.0787399926	0.0077478697	-0.0295434254	-0.0421295023	-0.0069240544	-0.0418856918	-0.0156442497	-0.0116984119	-0.075339819	-0.0354172436	0.0267081877	0.0109457843	-0.0464934938	0.0238910764	0.0523023725	-0.075912521	-0.0492945826	0.0582268131	0.0337056581	0.0572088344	0.0611677828	0.0234522094	0.0061961653	-0.049746813	0.0293155489	-0.0332360148	0.0991316318	-0.0339477207	-0.0414061447	0.0984139857	-0.0016772087	0.0015226047	0.0218171421	-0.0303364004	-0.0488674923	-0.0230325813	0.1082461553	-0.0263364165	-0.0178008008	0.1447259	-0.0178103891	-0.1165883829	-0.0149321969	0.0063063423	0.0278765022	0.0448362876	0.026501488	-0.0015512468	-0.0368675937	-0.0961054159	-0.1037056358	0.0163949768	-0.0693612191	0.0156809771	-0.0005284789	-0.0033942301	-0.0205343555	0.0769140142	-0.04926179	0.1015310198	-0.0533288625	0.0858226355	0.051929749	0.0055444073	0.0639873393	0.0006156681	-0.0542253621	-0.0101333989	0.0862945638	-0.0946437988	-0.0098785321	0.0143443154	-0.0027716333	-0.0522199214	-0.0117648586	0.0330131505	-1.7373e-06	0.0798762261	-0.0483575352	-0.0060102117	0.0555907044	-0.0491182632	0.1006602957	0.0450063389	-0.0759695792	0.0373790852	0.0133333305	0.0626093789	-0.0328050644	0.0207823238	-0.0136226322	-0.0084807326	0.076385717	0.0228910627	-0.0636159861	-0.0168519881	0.0376982961	0.0068909824	0.0802445641	-0.0459276734	-0.0755743423	-0.0119927666	-0.0309151685	-0.0490618752	-0.0586634286	-0.0146713133	-0.0201643141	0.0289112855	-0.0237704619	0.026450966	0.0605445041	0.0665568548	0.1172995042	-0.0426638731	0.0098686871	-0.0142343331	0.0224820078	-0.0052897732	0.0501874319	-0.0625445624	0.0857651275	0.0243332978	0.0179992104	-0.0396219128	-0.1537300529	-0.0713582038	0.0147094472	0.0327251592	-0.0651699394	-0.0502690298	-0.0161628827	0.0415761141	-0.0513541609	-0.0687913767	0.0836411515	0.005878607	0.1195425437	-0.0024119902	-0.0776595205	0.0557463508	-0.0236852696	-0.0126874127	0.0467505134	0.104257	0.0053631999999999	2.8763914239999985e-05	0.010869522049	-0.058449	-0.0202079	0.00040835922241	0.003416285601	0.828188	0.017093	0.000292170649	0.685895363344	-0.00690688	-0.00019819	3.92792761e-08	4.77049913344e-05	-0.00255189	1.1590000000000125e-05	6.512142572099999e-06	1.3432810000000287e-10	0.00129681	-0.00022919	5.25280561e-08	1.6817161761e-06	0.0	0.0
5084.85045382903	-5.552336591261337	25855704.13780529	30.828441622659565	10319.488268709523	-9.162549392627623	106491838.12803347	83.95231137234086	4806.792894331977	-12.46310753574562	23105257.92900038	155.3290494475593	4846.241738275124	8951.120725293355	0.971519	27.447119	0.0900786	0.0497654	-0.0208132345	0.0250495587	0.0483107821	-0.0183511549	-0.0160603115	-0.0086828459	0.0144883429	-0.057583158	0.0231617027	-0.0509581187	-0.0369455772	0.0505110744	0.0029783488	-0.0429719531	0.052727022	-0.0667524632	0.0595253133	-0.0567656913	-0.0488335178	0.0084443292	-0.0689971399	0.0644166431	-0.0301415403	-0.0163888509	0.0636209225	-0.0563385129	-0.0046306991	0.0614495968	0.115238307	-0.0058060993	0.0056787199	0.0409320875	0.0114391922	0.0292454029	0.1423611192	0.0208098193	-0.0263500309	-0.1120443428	-0.0068714205	0.0060813286	-0.0072786367	0.0668960951	0.0548698557	0.1085232136	0.0120329403	0.0542972193	0.0519285155	-0.0336956845	-0.0441965885	-0.0037327957	-0.0357730635	-0.0278062181	0.0282272197	-0.0046440871	-0.0376212768	0.025167584	-0.035395663	0.0325899823	-0.0129088275	0.0103017551	-0.0276108993	-0.0056712781	-0.0066273707	0.0163398964	0.0289368635	0.0051194181	-0.034507094	0.0538165422	-0.0360579709	-0.0526078418	0.0287691614	-0.0372339777	0.0324474259	-0.098572118	0.0978935304	-0.0400970135	0.0401626257	-0.1546710511	0.0099095016	0.0894547169	0.0843870716	0.0351222539	-0.0364589498	0.0302993121	-0.0257305244	0.005355227	-0.0208648417	-0.1167572699	-0.0209840763	0.0021577505	-0.0560858411	0.0644222909	0.1301210215	-0.0327348109	-0.0691247929	-0.0358287517	-0.0082552177	0.0441872073	0.0523809451	-0.0133064237	-0.0796017917	-0.0326218632	-0.0669912957	-0.0143565919	-0.0249232224	-0.0161674004	-0.086369437	0.0158964625	0.0886451362	0.0113304392	-0.0511172275	-0.0880113999	-0.0798723221	0.010586169	-0.0079223021	0.004948165	0.0401351243	-0.02015368	-0.1285511873	-0.0600840769	0.0029569889	0.0956698464	0.0162815144	-0.0520210169	0.0019508125	-0.0596014784	-0.0803125591	-0.0671111453	-0.0505706593	0.0296841742	0.0704692083	-0.0560870529	-0.0076638309	-0.051150482	0.0276554171	-0.0051586261	-0.0412886166	-0.0032294157	-0.0194831442	-0.0585611004	0.004656996	0.0383218726	0.0086236853	-0.0137605435	0.0278055014	0.020136626	0.005672311	0.0254453901	-0.0423996408	0.002363321	0.032610068	-0.0395162514	-0.0330827622	0.0220325464	-0.0690716437	-0.038602832	-0.0446414886	0.1591535278	0.0441945468	-0.0213245695	-0.0216853945	-0.1440962421	-0.0445079587	0.0294061013	0.1062892703	-0.049378343	-0.0482285488	0.0448978161	0.0338207747	-0.0122777204	0.0357157098	0.0787837302	0.0880458611	0.0251946657	-0.0176525105	0.0791127272	-0.1094072977	0.0755962072	-0.0251427705	0.0212622762	-0.078062731	0.0572162003	-0.0264942496	-0.008800564	0.0425764151	0.0974116	-0.0068454	4.685950116000002e-05	0.00948901981456	-0.0434908	0.0149581999999999	0.0002237477472399	0.00189144968464	0.781522	-0.0466659999999999	0.0021777155559999	0.610776636484	-0.00708047	-0.00017359	3.0133488100000133e-08	5.01330554209e-05	-0.00248843	6.345999999999999e-05	6.192283864899999e-06	4.027171599999999e-09	0.00149194	0.0001951299999999	3.807571689999998e-08	2.2258849636e-06	0.0	0.0
5085.633261574091	0.7828077450612909	25863665.67122873	0.612787965727943	10304.760615903804	-14.727652805719115	106188091.35108216	216.90375716580616	4810.260286241732	3.4673919097549515	23138604.021394387	12.02280665583409	4850.117581586467	8951.581384185109	1.038311	29.334097	0.2515970499999999	0.142427	0.0294884534	0.010771846	0.0753616091	0.0806023689	0.0281290424	-0.0492750218	-0.0526155692	0.066808131	0.0534861593	-0.0649464761	0.0007046474	-0.0061330009	-0.0284506614	-0.0014177047	0.0291003485	-0.0985679787	0.0438980297	0.0282179642	-0.0162116353	-0.0068118233	0.0654120008	0.0486572164	-0.089121222	-0.0270163157	-0.0545016293	0.0124385038	0.0211340037	0.0857227502	-0.0807426002	0.0230086808	-0.0492604683	-0.0276919623	0.0091325984	0.0189254057	0.0657100717	0.0228291339	-0.0336785866	0.0391553247	-0.0469968263	-0.0126541467	0.0130334418	0.0852410795	-0.0875519202	-0.0425776369	-0.1047662239	0.0892117964	0.0829011292	-0.0146809616	0.0625985705	0.0567474072	0.0440171289	0.0086315792	0.0136251437	-0.0521211167	0.0449952383	0.0673318189	0.0820115671	0.0029826517	-0.0177475703	-0.0621950145	-0.0509177987	-0.0322731716	-0.0353977666	0.0180877703	-0.0027796485	-0.0172841823	-0.1739632974	-0.0087142634	0.0067618926	0.023475245	0.0192774219	0.0447565575	-0.0288474856	-0.0462151431	0.0786818834	-0.1400969213	-0.0028641392	-0.0234261693	-0.0732712871	-0.011170396	-0.0530040497	0.0005679483	0.0265852365	0.011857374	-0.0152664638	0.1447485833	0.0204892752	0.0249931275	0.0510897801	-0.011938209	-0.052629198	-0.0909260125	-0.094047725	-0.0122684282	-0.0331210422	-0.0451122446	0.0295566609	0.0057094402	0.0291452558	-0.0268552353	-0.0960633263	0.0415164128	-0.0156050652	0.0272029637	0.0010357221	-0.0864371387	-0.0258024185	-0.0597631992	-0.0585624392	-0.016398102	0.0169190409	-0.0671249625	0.0973143459	-0.0397329796	0.0460348859	0.0307695583	-0.0171339851	-0.0081742935	-0.0464431978	-0.0402318446	0.0545841718	0.0141624881	0.0585488194	0.04658186	-0.0307726126	-0.0655602947	0.0888933775	0.015126087	0.0994083065	0.0470607667	0.1028529433	-0.0454838561	0.093958181	0.0118933199	-0.0430953767	0.0092009566	0.0055734673	0.0561601027	0.004438014	0.0977605417	0.0377731604	-0.0108204812	0.0582659644	0.0382268781	0.0729584175	0.0322373836	0.0188767573	-0.0037344562	0.0134534364	0.0245153183	0.1551458333	0.0624404342	-0.0425280099	-0.0254541497	-0.0008229926	-0.1098384784	-0.0511344004	0.0692606019	0.0252500959	-0.0721076368	0.093838423	-0.0507523629	-0.0519827177	-0.0287933484	-0.062295018	0.0574703502	0.016444558	0.0022275089	0.0248365398	0.0993450675	-0.0556244249	-0.0010434991	-0.0240772177	0.0797985274	-0.0190855782	-0.0652386598	0.1010520619	0.0327787109	0.0498771916	0.003450307	-0.0784556795	0.0586559641	-0.0292718859	-0.0048952076	0.0382624261	0.116001	0.0185894	0.00034556579236	0.013456232001	-0.0287685	0.0147223	0.00021674611729	0.0008276265922499	0.886333	0.1048109999999999	0.0109853457209999	0.7855861868890001	-0.00852624	-0.0014457699999999	2.090250892899997e-06	7.269676853759998e-05	-0.00272656	-0.00023813	7.434129433599999e-06	5.670589690000001e-08	0.000906353	-0.0005855869999999	3.42912134569e-07	8.214757606090001e-07	0.0	0.0
5089.869706867862	4.236445293770885	25906773.632891137	17.947468727113478	10324.830345022425	20.06972911862067	106602121.65349588	402.7940268948105	4813.221920888535	2.961634646803759	23167105.259721924	8.771279781148428	4852.772546861522	8953.006167778987	0.981282	27.722925	0.1572727500000001	0.0905067	0.0020489701	-0.0334764284	0.0684633618	0.0407662171	-0.0138363774	-0.0317117803	-0.0608542859	0.0254469578	0.0468856975	-0.0320578315	-0.0335021424	-0.0141248997	-0.0099440775	-0.0106117985	0.0344203832	-0.0389743673	0.0036378016	0.0775491553	-0.0433904632	-0.010102073	-0.0054925445	-0.0577773578	6.57942e-05	-0.0465461355	0.1001667748	-0.0744913367	-0.0549111084	0.0905907266	0.0761411625	0.0100810106	-0.0894535904	0.004820989	-0.0115702856	-0.0309763808	0.0794375307	-0.0420534345	-0.0377898697	0.0357032796	-0.0312458895	-0.0528977616	0.0386928768	0.0177403565	-0.0888176985	0.0636669189	-0.0306069094	0.1147624558	-0.0420148706	-0.0340196296	-0.0449977403	-0.0624536087	0.0167834071	-0.0157606422	-0.0055490374	0.0377633554	-0.0872885798	0.0542797655	0.0157629199	-0.0771379765	0.073720146	-0.0721409068	-0.0275382233	-0.0703481017	-0.0009036932	0.0338662407	0.1370653962	0.0930103744	-0.0001457956	0.0401576377	0.0921233903	0.0537804783	0.0121272778	-0.0561860973	-0.0227730212	0.0110797338	-0.016902219	0.0769720571	-0.0533749508	0.0084259668	-0.0215538655	0.0425885177	-0.0533094748	-0.030049367	-0.0030849323	0.0124486499	0.0459991111	0.0314614426	-0.0013984202	-0.0312003103	-0.0377294772	-0.002266524	-0.0445541929	-0.1036669278	-0.0103552175	0.1188079912	-0.0199558393	0.0381625307	0.0130357694	0.0111691767	0.0603172793	-0.0143464839	-0.0253088177	0.0793060518	-0.021147136	0.0305313656	0.0338797073	0.0260001037	0.0293500221	-0.0279763704	0.0841857071	0.0680443217	-0.1113661187	-0.0968798508	-0.0445150013	-0.0321131398	0.0519892303	-0.0181144265	0.0034550915	0.019276689	-0.0622923406	0.032388312	0.0499745913	0.0495350436	0.0686368798	0.0706075521	-0.020647082	-0.0189050664	0.0549289652	-0.1161734126	0.0315686396	-0.0456361081	0.1108193024	0.0346559509	-0.0667513237	-0.0037178954	0.0172197285	-0.0147176775	0.0121158994	-0.0258313265	-0.0487076425	-0.0914639154	0.0772238826	-0.0904899478	0.099534056	0.0029160575	0.0146843483	0.0654091566	-0.0018836902	-0.0159762667	-0.1443564639	-0.01337264	0.0496828998	-0.0301301242	0.1062840059	-0.0483383459	-0.0234816237	0.0243291388	0.0026824812	-0.0401180817	-0.0344865892	0.0486597365	-0.019070425	-0.0142026832	-0.0429033153	0.0765423437	-0.058562358	0.0266508552	0.0388610749	0.0061190104	-0.0454088493	0.0346501313	0.0047667632	0.0247028319	0.0210228731	0.0305084753	-0.0563824468	-0.1006827459	-0.0168664207	-0.0698314816	0.0853531755	-0.0210686639	-0.0788383141	0.0600648854	-0.0320148926	-0.0009795565	0.0338227206	0.106643	-0.009358	8.75721640000001e-05	0.011372729449	-0.0757849	-0.0470164	0.0022105418689599	0.00574335106801	0.8115099999999998	-0.0748230000000002	0.005598481329	0.6585484800999998	-0.0085872199999999	-6.097999999990153e-05	3.7185603999879907e-09	7.37403473283983e-05	-0.00266551	6.104999999999999e-05	7.104943560099999e-06	3.727102499999999e-09	0.00130583	0.0003994769999999	1.5958187352899997e-07	1.7051919889e-06	0.0	0.0
5091.108110822395	1.2384039545331689	25919381.796081576	1.533644354603391	10305.566577902317	-19.26376712010824	106204702.49157728	371.0927236577634	4814.029321010575	0.8074001220393257	23174878.303549536	0.6518949570691179	4852.349679216985	8948.88981071001	0.977537	27.617119	0.1710839	0.0865174999999999	0.0367388047	-0.0489863106	0.0604061321	0.0756676596	0.0218166014	-0.0290859594	-0.0753580124	0.0527630249	0.0668410071	-0.0308936927	0.0262104541	-0.0749258359	-0.0035659442	0.0463542232	0.0779422521	0.0098577548	0.0142793596	0.1278740539	0.0605929367	-0.0964946927	-0.0097282494	-0.031438074	0.1117638646	0.0463285566	0.0177696572	-0.040927902	0.0329798154	-0.026703998	-0.0503942428	0.0347626065	0.0065215205	-0.0585058809	-0.0185938615	0.0620836158	0.0366924898	0.0356243452	-0.0709893156	-0.0655069729	-0.0246932276	0.1456286406	-0.0842445259	0.0588430385	-0.0534530527	-0.0161499167	0.1778277164	0.0336408892	-0.0311758892	0.1229694471	-0.098979226	-0.0141736196	-0.0305915813	-0.01764409	-0.0168071983	0.0358694235	-0.0090721184	-0.0598402813	-0.0805818764	-0.0006207509	-0.0064415725	-0.0082838383	0.06361112	0.0276557711	0.0722299861	-0.0644772632	-0.0050823811	0.0561089856	-0.0560615074	0.0714980022	0.0388998854	0.0080620302	-0.0167108222	-0.0903619993	-0.048738386	-0.016692534	-0.0573926902	0.0336557595	0.0478861968	0.0188674672	0.0130157284	-0.0155040573	0.037421525	0.0499405874	-0.0250538738	-0.1008764871	-0.0098618166	0.1982323992	0.0212789554	0.1037493509	0.0114888929	-0.0675973465	-0.0278450634	0.021281487	0.0420348296	-0.055889929	0.0373084478	0.0121763356	0.0122685957	-0.0443136844	0.0973151096	0.058159746	-0.014486043	0.1066161482	0.1133320795	0.0384509312	-0.0328003372	0.0314293925	0.0812939903	0.0811053606	0.0585583774	-0.043423214	-0.0192011689	0.0356329303	0.0338335446	8.76682e-05	0.0165630241	0.0270631083	-0.0529714289	-0.0471174568	0.0072920122	-0.0909855278	0.0320825578	0.0633717024	0.0397244512	-0.1243128812	0.0996174212	-0.079131044	0.083728891	0.039957501	-0.1320923696	-0.1606270048	-0.0164179429	-0.0657611241	-0.0824962356	-0.0305906905	0.0100406602	0.0242489761	-0.0215533107	-0.0489181991	-0.0091710526	-0.0523543673	-0.0483801488	0.0096490497	-0.0527093315	0.0198295637	-0.0690419211	-0.009992086	-0.0724830622	0.0206112041	0.030005025	-0.0723750797	0.0764346243	-0.0578171262	0.0485749485	-0.0084811657	-0.0443416118	0.0502621006	-0.0477965418	-0.031655506	-0.0499352879	-0.0085518037	-0.0560791967	0.0355148544	0.0089080042	-0.0171231577	0.0304235656	-0.0255780227	-0.065972812	-0.0390829944	-0.0080206296	0.1418751852	-0.1089461854	0.0135631144	-0.1274440986	0.0984088533	0.03964317	0.0037139364	-0.0054975778	0.0158780091	-0.0749360991	-0.0406257216	-0.0792105847	0.0614422231	-0.0347200244	0.0029381546	0.0292718859	0.103398	-0.0032449999999999	1.0530024999999986e-05	0.010691146404	-0.019059	0.0567259	0.00321782773081	0.0003632454809999	0.870365	0.0588550000000002	0.003463911025	0.757535233225	-0.00903268	-0.00044546	1.9843461160008804e-07	8.15893079824e-05	-0.00232689	0.00033862	5.414417072099999e-06	1.146635044e-07	0.00104475	-0.0002610799999999	6.816276639999995e-08	1.0915025625000002e-06	0.0	0.0
5087.846192665463	-3.261918156932552	25886178.880220443	10.640110062526256	10297.947837902078	-7.618740000238176	106047729.67215209	58.04519919122921	4817.56138574095	3.5320647303751684	23208897.70538226	12.475481259560212	4857.318004038582	8937.65077743831	1.044792	29.517204	0.1506188	0.0749617	0.0188523088	-0.0875794232	-0.0081693595	0.0608613155	-0.0202267303	-0.0039748514	-0.095859008	0.0843395219	0.0609541926	0.0349195994	0.0263653053	0.0394478362	0.0296303201	0.0527891002	0.0598302783	-0.0798043425	0.0116608113	0.0589787124	-0.0622376406	0.021286002	0.015365393	0.0407724012	0.0144599386	0.0347097847	0.0582960462	-0.012629645	0.0523618793	0.0345591441	-0.0939402661	-0.0383152919	0.0303254562	0.0657305621	0.1308594785	0.0796288929	0.0046090746	0.0252720702	0.0597931308	-0.0927834064	0.0054668872	-0.0138892006	0.0095011654	-0.0510608184	0.0235242166	0.0532792406	0.0653279156	-0.0534080973	0.0148944179	0.0858043767	0.0742600637	0.0569722635	-0.0393470147	-0.0992042629	-0.0122141757	-0.0487489229	0.0289463775	0.1126559807	-0.0002965016	-0.0160131106	0.0612521413	0.0268524882	-0.0265677135	-0.0201294591	0.1197148335	-0.055649592	-0.0764514028	0.1257115765	-0.0248994165	-0.036871252	-0.0110975749	0.1369618708	-0.0392275157	-0.0283738589	0.0034540891	0.0665324997	0.0990033783	-0.0130286168	0.0384070796	-0.0656418532	0.0600816895	-0.0389675748	0.0182444439	0.0900343676	-0.0700912829	-0.0011135421	0.0126388717	-0.0005330636	-0.0717917373	0.0170026561	-0.0937245166	-0.1381617662	-0.0246561535	-0.0338903443	0.0552513185	-0.0293638364	0.0548993371	-0.0145253878	-0.0238303471	-0.0538709344	0.0741831946	-0.0273624675	-0.0615012184	0.076666478	-0.0521539546	0.0327614464	0.0095565609	-0.033521737	0.0108184946	0.0610780599	0.0604084661	-0.0142942675	0.0548580107	-0.0489397176	0.1040156895	-0.0336569188	-0.0555768345	0.0104882383	0.1328587759	-0.0423424128	-0.0383151874	-0.0425479777	-0.0882150021	0.0048459396	-0.0448988545	-0.0194805238	-0.0090152434	0.0604051593	-0.0368604743	-0.0313245863	-0.0681224995	-0.0238708145	-0.0690081696	-0.0401529611	0.0619499823	0.0583529878	0.0075832421	0.0990328966	-0.0820280895	0.0134124599	-0.0725131371	0.0666609564	0.0387027289	0.0077837894	0.0401572375	-0.0815228269	0.0273393564	0.0338150232	-0.0951359869	-0.0349754046	0.0463020682	-0.1507996884	-0.0024185748	0.0305144718	0.0256423913	-0.1423472607	0.0137992885	0.0407997529	-0.0276081379	-0.027213811	0.1295012876	0.0071517839	-0.013437821	-0.0800570535	0.0530765701	-0.0466325618	0.0040875772	-0.051806778	-0.0869984416	0.0361940346	-0.0053782027	0.001638064	0.0661180918	0.0620969356	-0.0728443228	0.078464081	0.0394896007	-0.0439020021	0.0007383652	-0.0138027171	-0.0822977727	0.0088724295	-0.0795724422	0.0627872531	-0.0373840812	0.0068496867	0.0246248744	0.0976866	-0.0057114	3.2620089960000064e-05	0.00954267181956	-0.0607209	-0.0416619	0.00173571391161	0.00368702769681	0.8130739999999999	-0.0572910000000002	0.003282258681	0.6610893294759997	-0.0087230199999999	0.00030966	9.588931560006113e-08	7.609107792039827e-05	-0.00261225	-0.00028536	6.8238500625e-06	8.143032960000007e-08	0.00136882	0.0003240699999999	1.0502136489999992e-07	1.8736681924e-06	0.0	0.0
5096.08814836031	8.241955694847093	25970114.41585841	67.92983367582242	10308.027986467592	10.08014856551381	106255440.96979912	101.6093951028301	4821.450736506357	3.889350765407471	23246387.20455769	15.12704937637568	4861.355876467907	8952.433342952452	1.031414	29.139231	0.1206921999999999	0.0889294999999999	0.0185195499	-0.0855771069	-0.0036933049	-0.0249974493	-0.0014893947	0.03263597	-0.041607852	-0.0565978426	0.0197913044	0.0665401906	-0.0085616863	0.0185366836	0.0422969359	0.0543882697	0.021226859	-0.0134785516	-0.001972465	0.052388784	0.0140755391	0.0002461568	0.1444818008	0.0031919338	-0.0973392169	0.0065480039	-0.0464144012	-0.0486120614	0.0797397569	-0.0016697244	-0.0175822643	-0.1122878812	-0.0213955002	-0.0263548404	0.035235253	0.027454962	-0.0009169216	0.0017641797	0.0483975256	-0.0864706967	0.0408379112	-0.0897599522	0.1180186236	-0.1403747016	-0.0027991992	-0.0041000855	0.0646154898	-0.0673765511	-0.0495032294	0.0539157186	0.0313005194	0.0461737085	0.083275839	-0.0782886735	0.0415497473	0.0289988756	0.0711248439	0.0460298729	-0.0655353484	0.0133469447	0.0716117567	0.0472692845	-0.0594172541	-0.0076061103	-0.0107077809	-0.0418063263	-0.0320025604	0.0151829038	0.0079169504	0.0218841221	-0.0937655393	-0.1236267279	0.0484410526	-0.0062690066	0.1005807714	0.0641698702	0.0541190893	-0.070119837	-0.0037452289	0.0007891426	0.0331217726	0.0708531877	-0.0593277906	-0.0180542697	0.007312696	-0.0407614716	0.0075908597	-0.0903232659	-0.0145950632	0.0292716622	0.0062501591	0.0357752005	0.0397284791	-0.0094099135	0.0460092838	-0.0884840497	0.0816555512	-0.0300067438	-0.0395913808	-0.0573718928	0.0436912825	0.0031853643	0.0028388028	0.0592580888	0.0160933606	0.0332551927	0.0569999777	-0.136063223	0.0253909478	-0.0543078205	-0.0471907821	-0.0958883249	0.0234430864	-0.061779798	0.0112645479	-0.0590220808	-0.0325512889	-0.0604067471	-0.0051988499	0.0112263241	-0.0392856375	0.0032432863	-0.0883860882	0.0205706589	-0.1009967057	0.0430772248	-0.0926097576	0.1596458988	0.0008364412	-0.0165250325	-0.0586430478	-0.0384022139	-0.0747313265	0.0360301774	0.0019442365	0.0234187794	-0.1232784379	0.0411155561	-0.0478808856	-0.0408935919	-0.0614283468	0.0311498391	-0.0468289937	0.0165769525	0.0371655331	-0.1146690606	0.0466530873	0.00603566	0.0165945574	0.0292445209	0.0369746372	-0.0387692536	-0.0274686565	-0.016395194	-0.0861314168	0.0904157541	-0.0628649579	0.0354917815	0.0980605306	0.0625517721	0.0962638617	-0.0436600372	0.0331204987	-0.0070116014	0.037237952	0.0491689591	-0.0317498003	0.0056448107	0.0053487945	-0.0513259984	-0.0127225958	-0.0949634419	0.0154081545	-0.0596119986	-0.0026131022	-0.0422847921	-0.008274411	-0.0094161826	0.0174865651	0.0442547389	-0.1365615738	-0.0033097029	-0.0799238391	0.0640992681	-0.0400039112	0.0107468138	0.0198969545	0.100236	0.0025494	6.499440360000037e-06	0.010047255696	-0.0490621	0.0116588	0.00013592761744	0.0024070896564099	0.792053	-0.0210209999999998	0.0004418824409999	0.627347954809	-0.00719367	0.0015293499999999	2.3389114224996964e-06	5.17488880689e-05	-0.00244639	0.0001658599999999	5.9848240321000005e-06	2.7509539599999962e-08	0.00135477	-1.4050000000000043e-05	1.974025000000012e-10	1.8354017529e-06	0.0	0.0
5083.016077012076	-13.072071348234203	25837052.43916323	170.87904933332558	10279.195899691547	-28.83208677604489	105661868.34423552	831.2892278613825	4822.960721517546	1.5099850111882915	23260950.121301044	2.280054734013305	4863.685466924306	8960.445132602686	1.121793	31.692596	0.2553292999999999	0.145397	0.0511147409	-0.0684891523	-0.0305807095	0.1283553359	0.0297602948	-0.0430833582	-0.0870770765	0.1180327417	0.0713793826	0.0516135131	0.0334981701	-0.0067481674	0.0326889269	0.1020648239	-0.021284424	-0.0554717043	0.046780364	0.0525592555	-0.0008380417	0.0173867415	0.10315567	-0.0073527839	0.0918521508	-0.0568997367	-0.0506704798	-0.0681565556	0.1362911347	0.0598301556	0.0040549919	-0.0137471867	-0.0068092192	-0.1354277305	-0.0718832783	-0.0332840442	-0.0790313383	0.0764045981	-0.0395148773	-0.0021344273	0.0916264627	-0.0296009148	-0.0660820271	0.0344135505	0.1198478374	0.069370696	-0.0148823935	-0.0107181928	-0.039984738	0.0544800976	0.0187452527	-0.0664629481	0.0143392198	0.0505226101	-0.0143574792	-0.0343555759	0.0503291175	0.0432720658	0.0290627636	0.0691522721	-0.0036312896	0.0401164943	0.0273644587	0.0063698223	-0.035104192	0.0524606797	-0.0179296673	0.0329470185	0.0293507273	0.0633805279	-0.0669848984	-0.009221391	0.0269049565	-0.031471124	-0.0914324629	0.0188994766	-0.0014347821	-0.0255714755	0.0422699326	-0.0810283833	-0.0406985433	-0.0257227429	-0.0009639781	-0.0302281949	-0.0076568161	0.021742829	0.0504359804	-0.0787876006	-0.0945748801	-0.0363041523	-0.0031567833	0.0260442908	-0.0015528399	-0.0376687551	0.0684566542	-0.0019660394	-0.0490432128	-0.0302624205	-0.0234981399	-0.1050392938	-0.0102413197	-0.0245171118	-0.0600747489	0.0221059763	0.0013812598	0.0503599448	-0.0059720661	-0.0330869214	0.1467662631	-0.0385296109	0.0449378761	-0.1216223264	0.0324755087	-0.0868161292	0.0188864854	0.0097410092	0.0304617084	0.006397318	-0.1555235724	0.0332777862	0.1057461671	-0.0523953129	-0.0047791179	-0.0108599899	-0.0807040638	0.0176439315	0.0552341768	-0.0521958818	-0.1442807918	-0.0339702298	0.0117485469	-0.0081712843	-0.0201516925	-0.0039837205	-0.0460545894	0.0489694404	0.0094483776	-0.0613573111	0.0096098324	0.0217251789	-0.0285730754	0.085275667	0.003078338	0.0572834001	0.007959632	-0.0036651847	-0.0249542999	-0.0105446171	0.0482642338	-0.0277469267	-0.029690947	-0.0184033678	-0.0454626198	-0.0665881148	-0.0589289427	-0.0113224299	-0.062420812	-0.0362906388	-0.0612503809	-0.0269849117	0.0296941206	-0.0775566873	-0.0559151971	-0.068090866	-0.0366540984	-0.0415118488	-7.45393e-05	0.0027414737	0.0241437205	0.0039289332	-0.0544996419	-0.0273975424	0.1175868569	-0.0004346807	0.0273799977	-0.041761884	-0.0210537758	-0.0318449988	-0.0609624803	0.0504536258	0.0193515982	0.0229713076	-0.0802647293	0.0653775782	-0.0425764151	0.0146213402	0.0151036605	0.096553	-0.003683	1.3564489000000044e-05	0.009322481809	-0.0133468	0.0357153	0.00127558265409	0.00017813707024	0.872428	0.0803749999999999	0.0064601406249999	0.7611306151839999	-0.00925753	-0.00206386	4.259518099599999e-06	8.57018617009e-05	-0.00277724	-0.0003308499999999	7.7130620176e-06	1.0946172249999983e-07	0.00103836	-0.0003164099999999	1.001152880999999e-07	1.0781914896000005e-06	0.0	0.0
5089.014098665298	5.998021653222168	25898064.496414173	35.97626375252198	10295.098191630528	15.902291938980852	105989046.77531417	252.8828889125754	4820.928322911715	-2.032398605830167	23241349.894652367	4.130644092980407	4862.328515257411	8939.496445684646	1.162729	32.849129	0.3102876	0.169256	0.0044683461	-0.0388313349	-0.086213431	0.0108792514	-0.0207143567	0.0245054651	0.0339769672	-0.0672849873	0.0436734845	0.1001411122	-0.0146616044	0.0419228876	0.0806748577	0.0585245002	0.0402513975	0.0323736366	-0.0108299314	0.0553407895	0.0092725379	0.0210834422	-0.0509269133	0.0115316346	0.0520578759	-0.0426449851	0.0247292859	-0.0012861238	0.0229194069	0.0558568783	0.071472551	0.0344659943	0.0277179824	0.0810527265	0.1353889886	0.0115373632	0.0490668728	-0.0222521221	-0.115415051	0.1389887143	-0.0509222988	0.0021922497	0.043983665	-0.0367215256	0.0245559765	0.0194144172	-0.0620813536	0.0859025005	-0.0394578287	-0.0269597013	0.0281176017	-0.0300901638	-0.0110386779	0.1171250518	0.0811611533	-0.015206125	-0.0153981614	-0.0020898119	0.0282034669	0.0054953786	-0.0904991648	-0.0014912109	-0.0673378713	0.0192743629	0.0423841833	0.0622707905	-0.0255232007	0.0639427722	0.0012604127	-0.035187476	-0.0945924462	0.0050152998	0.0111805796	-0.0057325028	0.1255837325	-0.0815507346	0.0909580429	0.0071076324	0.0154389417	0.0532124857	0.0311574418	0.0772278872	0.0690260425	-0.0060849009	-0.0703796033	-0.0910219274	-0.0175573312	0.0537542965	-0.0186399121	-0.0297542348	0.0144991325	0.002443345	0.0084782302	0.0132214008	0.0174229516	-0.0672462761	-0.023738509	0.0286102673	-0.0762724039	-0.0704171862	0.0362306503	-0.0082832703	0.0310254176	0.0009884026	0.0045794138	0.0598636434	-0.0582206548	0.0656171394	0.0232333327	-0.0084444505	0.0501037669	0.0207700873	0.0122746396	-0.0772138762	-0.0372496414	0.023248488	-0.0130095613	0.0424153918	0.14305088	-0.0232759935	0.0181758753	0.0229450481	0.1842901947	0.0020728993	0.050052459	0.0259809921	-0.0443793944	0.0548445424	-0.0212324344	-0.030077737	0.0642229517	-0.0125775755	0.0731027984	0.0286731377	-0.0020025764	-0.0065827373	0.0117840383	-0.1379125225	-0.008367299	0.0289509297	0.0567113377	0.0284260599	0.0360879173	0.0191218375	-0.0507933846	0.0421120278	0.0881275155	-0.0133466437	-0.0388394646	-0.0236167717	-0.0459587573	-0.0628847888	-0.0256747573	0.0293140156	-0.1027324575	-0.02689509	-0.0018919651	0.0119572989	0.0152918845	0.1524366992	0.0136662615	0.08598328	0.0400526747	0.0390666771	0.0078522962	0.0303752499	0.0537758369	-0.1104863996	-0.0388824565	-0.0365123457	-0.0217460897	0.0447794073	-0.0226562328	0.0145187395	0.012425911	-0.0226588443	0.03450556	0.0241562854	0.0333523096	0.0711832406	-0.0483177368	0.0480751567	-0.0805950678	0.0666215113	-0.0450985495	0.0184651177	0.0102607412	0.100902	0.004349	1.891380100000005e-05	0.010181213604	-0.0743773999999999	-0.0610305999999999	0.0037247341363599	0.0055319976307599	0.7815349999999999	-0.0908930000000001	0.008261537449	0.6107969562249997	-0.00688346	0.00237407	5.636208364899999e-06	4.73820215716e-05	-0.00236621	0.0004110299999999	5.5989497641e-06	1.6894566089999976e-07	0.00133356	0.0002951999999999	8.714303999999988e-08	1.7783822735999998e-06	0.0	0.0
5083.334777095857	-5.679321569440617	25840292.456032187	32.25469348911344	10293.554632318275	-1.54355931225291	105957266.96852104	2.3825753504426763	4810.793247546835	-10.135075364880322	23143731.670642223	102.719752651804	4852.32551603425	8962.8783288096	1.069366	30.211441	0.2246903000000001	0.121506	0.0306216667	-0.000529266	-0.0808921902	0.1183600194	0.0228190931	-0.0164089094	-0.0058181416	0.1177022176	0.063775929	0.0637790389	0.01204643	-0.0196395382	-0.0220002717	0.0491313194	0.030249467	-0.089233735	0.0270726979	-0.0323455527	-0.0607747863	-0.0925265546	-0.0306196546	0.0013498043	-0.0053573031	-0.0003754648	-0.030914418	0.052935162	-0.0079366673	0.02200719	-0.0143828186	0.0294099365	0.0004649255	-0.0341028505	-0.0277297178	-0.0458105656	-0.0289780624	0.0236428498	-0.0088425111	0.0192656573	0.0663669365	-0.0137756687	-0.1764339444	0.1807112455	-0.0032510448	-0.0160404533	0.0573819452	0.0291538002	-0.0282628161	0.0186917772	0.0429223308	-0.0670821245	0.0590308371	-0.0502435274	0.014097827	-0.053051258	-0.0557928167	-0.0742968362	0.0100751845	-0.068559654	0.0159658783	0.0375763354	0.0366723619	-0.0507632633	-0.028445946	-0.051575745	-0.0777734795	-0.0911377857	0.0732890684	-0.0390537678	-0.0079975194	-0.0540608636	0.0379382837	-0.007758062	0.0574177974	0.0492666679	-0.0046622607	0.0095914317	-0.0356292334	0.0169401519	-0.0205362996	-0.0636616509	-0.0240674151	0.0493267198	-0.0451849399	-0.0316158349	0.0210849121	-0.0049093162	-0.0094947218	0.0119286619	-0.0534354615	-0.0451928224	-0.0567983061	0.0171861162	0.0386425539	0.0211776701	-0.0017356851	-0.1003764833	0.0243886804	-0.0497385176	0.0104842091	-0.0341449102	-0.1089497494	0.0183148373	-0.0297166085	-0.0783975317	-0.0686658094	0.0254693624	-0.0084888157	-0.0037969854	-0.0437971513	0.0349210616	0.0097169487	-0.0193706364	0.0066113799	0.0059185366	0.0251906453	0.0238217882	-0.0372711984	0.0469578263	0.0425916802	-0.0289969151	0.0041576836	-0.0243668068	-0.0151002554	0.0330841596	0.1680145497	-0.1948989411	-0.000697388	0.0437513033	-0.0542044366	-0.0162668037	0.0311724683	0.0377029392	-0.0297279293	0.0941851887	-0.0445096134	0.0161826419	-0.0107971697	0.0718477399	0.0703212663	-0.0489955878	-0.0008599847	-0.0646157911	-0.0329570565	-0.0472395997	-0.0236346379	0.0285545457	0.0495308869	-0.0220293192	0.1150208242	0.0470737366	-0.0894049375	0.0152679845	0.0195948354	0.0480920475	-0.0178912669	0.0457319728	0.0886409339	-0.021975708	0.0371097645	0.0032044071	0.0112889141	-0.0074067169	0.0072115004	-0.0299126363	-0.0690543069	-0.052509701	-0.0636969924	-0.0166467258	-0.0242065355	-0.0145721021	0.0021730961	0.0489603038	-0.0347827466	0.0636155115	-0.0306613197	0.0149386828	-0.0324423465	1.2009e-06	-0.0211338528	0.0638552587	-0.0809148113	0.0678304133	-0.0475673307	0.0222700628	0.0053841089	0.109282	0.0083799999999999	7.022439999999997e-05	0.011942555524	-0.0348631	0.0395142999999999	0.0015613799044899	0.00121543574161	0.856808	0.0752730000000001	0.005666024529	0.734119948864	-0.00837762	-0.00149416	2.2325141056000013e-06	7.018451686440001e-05	-0.00278874	-0.0004225299999999	7.7770707876e-06	1.785316009e-07	0.00144733	0.00011377	1.2943612900000004e-08	2.0947641289e-06	0.0	0.0
5083.269955823197	-0.0648212726600832	25839633.443774767	0.0042017973892728	10281.412779257584	-12.141853060691574	105707448.73748116	147.42459574742534	4811.173137166806	0.3798896199705268	23147386.95579548	0.1443161233613513	4852.892160911034	8933.265196360364	1.086323	30.690521	0.220144	0.133125	-0.0149023913	0.0411153266	-0.0922700914	0.0094495962	-0.0180583295	0.0013500108	0.0949668114	-0.0208483768	0.0131679195	0.086020115	-0.0440617166	0.0181619127	0.0390323676	-0.0120529942	0.0080705884	0.1021124597	-0.0144537167	-0.076942122	0.0147301559	-8.70831e-05	-0.060361933	-0.0147068565	0.0553159525	-0.1246982909	0.0622328681	-0.0401589674	0.0079602964	-0.0485020576	-0.0456637432	-0.0527726961	0.0123147407	0.1555279699	-0.0228043131	-0.0215768919	-0.0703017551	0.0413838131	-0.0485542071	0.0609480816	-0.1039667161	0.0158988992	-0.0455808779	0.0170705658	0.0191574055	-0.0932601962	-0.0116737176	-0.0686700806	-0.0773314384	-0.1031526744	0.0353940951	-0.0269244642	0.0243469575	0.0197001641	0.0595254988	-0.0736528172	0.0431661523	-0.0394218466	0.0231993007	-0.0095905552	-0.0285684423	-0.0753408856	-0.0005720087	0.0218698736	0.0592878551	0.0270830868	-0.0147341551	0.0796750883	0.0017420176	0.133114602	0.0050654851	0.0518266208	0.0460834942	0.0053655955	-0.061128427	-0.0375149505	-0.0153019609	0.0107248313	-0.0483566955	-0.1181307966	0.0522072577	-0.0216097591	0.0318636915	0.0006380468	0.0088509311	0.0348682624	-0.0202068263	0.0765058292	0.0796800706	0.0479902202	0.0710608109	-0.0687979559	0.0789167438	0.0098711915	0.0032073477	-0.1483672254	-0.0161971334	-0.065874791	-0.0437237276	0.0042791638	-0.0205242836	0.025407338	0.0675332911	-0.1049557388	-0.0101118743	-0.0448839484	-0.0652922479	0.0733074578	0.0184296905	-0.0812182736	0.0920034438	0.0340634345	-0.0212535396	0.0442388898	0.0431557112	0.0648021399	-0.0574116494	-0.1396835423	0.0907204034	0.0126681557	0.094658294	-0.0241333186	0.0327469026	-0.0202900725	0.1014126394	0.01617357	0.0274987724	0.0138801684	0.0162550273	0.1110245688	0.0147488169	0.050431446	-0.0426012564	0.1294801109	-0.0102251965	-5.80201e-05	-0.0141967171	-0.0587977319	-0.02439793	0.0722486262	0.0075626457	0.0236574627	-0.0490593256	-0.0188120409	0.0135668459	0.0818559012	0.0214815419	-0.012825238	-0.0646818346	-0.0454765413	-0.0183579146	-0.0665267225	0.0355265418	-0.1351781807	0.007274161	-0.0645454024	-0.019034389	-0.0357006507	0.01149303	-0.0557419728	-0.0534856249	-0.013872917	-0.0066022463	-0.126590218	0.0052318552	-0.0026256733	0.0607493062	0.0082767483	0.0053314078	0.050983516	0.0344360999	0.0319757227	-0.0847709187	-0.0235065147	-0.0416667073	0.0243936365	0.1243147255	0.0098508812	0.0523788061	0.1520607563	-0.0686655141	0.0436775423	-0.0812239177	0.0690036485	-0.049979838	0.0260281736	0.0004897863	0.115827	0.0065449999999999	4.283702499999994e-05	0.013415893929	-0.0638256	-0.0289624999999999	0.0008388264062499	0.0040737072153599	0.761652	-0.095156	0.009054664336	0.580113769104	-0.00686037	0.00151725	2.302047562500001e-06	4.70646765369e-05	-0.00270428	8.446000000000018e-05	7.313130318399999e-06	7.13349160000003e-09	0.00125943	-0.0001878999999999	3.5306409999999984e-08	1.5861639249e-06	0.0	0.0
5084.943820766873	1.6738649436756532	25856653.660355203	2.801823849666297	10293.494103529109	12.081324271524863	105956020.85938852	145.95839615373578	4808.457274152903	-2.71586301390289	23121261.357353963	7.37591191028569	4849.709546480454	8957.688612147167	1.106642	31.26458	0.29577103	0.171301	0.0219548373	0.058836321	-0.0534657935	0.1506571896	0.0198685379	-0.0318967042	0.0297846903	0.1400882645	0.0948852428	0.0047660277	-0.0048548636	-0.0601308183	-0.0367043243	0.0033138815	0.0104092298	-0.0969347526	0.0454495195	-0.0476623365	0.0483151426	0.0286479804	-0.0355509788	0.0429332228	-0.1198367179	0.039531298	0.0405869806	0.0256961125	-0.0523364218	0.030613667	-0.0349068863	-0.0735302736	0.0087615061	0.0814359189	-0.0434000098	0.0798697115	-0.0830574614	0.0674086317	-0.0617015515	0.0720005834	-0.0036022099	-0.0359120843	-0.0008966843	-0.037853888	0.0718953711	0.0364306386	0.0468790151	-0.0097225003	0.0374992715	-0.0220898178	0.0127810142	-0.070407545	0.0551662741	-0.001206407	0.0154668495	-0.0459445674	0.0379626199	-0.0244255996	0.0568936258	0.021905414	0.0457051914	0.0853906099	-0.0163210237	-0.0090152025	-0.0533135944	0.0563216375	0.0873731295	0.090170462	0.0205043042	-0.0910505697	-0.0131251271	0.0791072053	0.0156995855	-0.0828664109	0.0483200311	0.0539499941	0.0125790279	-0.0075906753	-0.0452945233	-0.0139329462	-0.0875272249	-0.0199756583	0.0562584326	0.0658643909	-0.0199398554	0.0536209586	0.0234631672	0.0385712087	-0.0255713894	-0.0676111161	0.0791109373	0.0736439268	-0.030439924	0.0192350354	0.078078146	0.0332485965	-0.0534604359	-0.0031803006	0.038984427	-0.0005710347	-0.0214670474	-0.0509616946	-0.1128420398	-0.0639917496	0.013551893	0.0143282548	0.0163944542	-0.0342391374	-0.1305359567	0.002945085	-0.0542175338	0.0869389857	-0.0205058433	-0.0193811194	0.0494192624	0.0185971323	-0.0583528757	-0.101717131	0.0254218979	-0.067693354	0.0913718695	-0.072146224	0.0470044087	-0.0277043982	-0.0187432247	0.0572223099	0.0016107451	0.0545705709	-0.059044072	-0.0031600188	-0.0665906342	0.0356210099	0.0081676504	-0.0062984078	-0.0391355683	0.0608186788	-0.0207893697	-0.0154299266	0.0108497183	0.0448293885	0.0343802989	0.0444975664	-0.0126577772	0.0111876154	0.0335219538	-0.0622186832	-0.0173624716	-0.0008569946	0.0579178235	-0.0249086226	-0.1392622739	-0.0423688056	-0.0211328784	0.0737847066	0.0225697243	-0.0777271841	-0.0464965842	0.075770321	0.0145135981	-0.0266356697	0.0309731332	-0.0009523198	0.0535000683	0.0313754089	-0.1297462403	-0.0253252211	0.0281514335	0.0016868605	-0.0560939623	0.0841890229	-0.0118450331	0.082356281	0.0333733165	-0.0332542445	0.07961148	-0.0210914659	-0.0259559045	0.0137690385	-0.0937019486	0.0341334131	0.0137803889	0.0452599266	-0.0815223465	0.0701406	-0.0523332172	0.0297315467	-0.0044061455	0.117714	0.0018869999999999	3.5607689999999992e-06	0.013856585796	-0.00227557	0.06155003	0.0037884061930009	5.178218824900001e-06	0.860205	0.098553	0.009712693809	0.739952642025	-0.00919003	-0.00232966	5.427315715599999e-06	8.44566514009e-05	-0.00297035	-0.00026607	8.8229791225e-06	7.07932449000001e-08	0.00117954	-7.989e-05	6.3824120999999995e-09	1.3913146116e-06	0.0	0.0
5087.406738950446	2.462918183573493	25881707.32751841	6.065965978976952	10280.543600245495	-12.950503283613216	105689576.7165486	167.7155352988767	4806.862952325432	-1.594321827470594	23105931.44243877	2.541862089549175	4848.163730444244	8948.747308437834	0.977799	27.624523	0.1727393299999999	0.0908108	0.0009306162	0.0759229237	-0.0425407559	0.0781966321	0.0037610237	-0.0143209599	0.0779382432	0.0533015766	0.0338234046	0.0253619929	-0.0760914546	-0.0598082269	-0.0272458425	-0.0490302206	0.0130263493	0.0668892934	0.0471756623	0.0412148134	0.0971016846	-0.0194431978	0.0126681745	0.0440325678	0.1531322401	-0.0072042642	0.0664991407	0.0836431701	0.0203064818	0.0701886795	0.0103282453	0.0185137788	0.030749055	0.0871579253	-0.0755134058	0.0106355595	0.0538448148	-0.0129195348	0.0070528404	0.0560254423	-0.1033644482	0.0162739926	0.0147134352	-0.1377248449	-0.1226566019	-0.0267349911	-0.0155509986	-0.0565766927	-0.0241244108	-0.0210077317	-0.07967494	-0.0291815702	-0.000424734	0.0109369879	-0.0165412953	-0.0044327398	0.0851913123	-0.1118197944	0.041893108	-0.0374823601	-0.1022129647	-0.023746792	-0.0526743257	0.0121772852	-0.0347351511	0.0564971992	-0.010959161	-0.0119571369	0.0057058158	0.1117302661	0.0651207894	0.0173970006	-0.0364285975	0.1126212842	0.0267006988	0.00305935	-0.1088732271	0.0150981778	0.0443018524	0.0132283029	-0.0685190917	-0.0389910438	0.0274450526	-0.1062211651	-0.0022338479	-0.0341376479	-0.0007679423	-0.0615873035	-0.1194450692	-0.0673570526	0.0272773556	0.0437921734	0.0292706219	-0.128525464	0.0612831773	0.0005706053	-0.0164616517	0.0338651797	0.0225503707	0.0504422264	-0.0255695378	0.0345812496	0.022799912	-0.0620125038	0.062219364	0.091654337	-0.114169295	0.0077707675	0.0936591881	0.0513281577	0.0384703703	0.1126671228	0.043835852	-0.0098493381	0.0196959004	0.1190053464	0.0154587292	-0.0535778807	-0.0157185323	-0.0174353605	-0.0576783059	0.0125453962	0.0384818276	-0.0207132424	0.0926057364	-0.0121030955	-0.0042042089	0.1460311328	0.1253886316	-0.0051471359	0.0329496473	-0.0048761856	-0.0698134462	0.007283917	-0.0760548332	-0.043431146	0.0268800375	0.005831574	0.0386087029	0.017723819	0.0846940498	0.041306219	-0.095087316	-0.0524819436	-0.0600736454	0.0699124082	0.0606151767	-0.0061796936	0.0176702961	-0.0148284444	-0.0350161312	0.0287057831	0.030497334	-0.1042561529	0.0031035739	0.0229523715	0.1285231448	-0.069814122	0.0156053555	-0.0039351154	-0.0476441515	-0.0354587765	-0.077778599	0.0743489823	-0.0762441956	-0.0407681596	0.010493527	-0.0362643953	0.0915381076	-0.0747277773	-0.0244621423	0.024520137	0.1210704707	0.0081422543	0.0653029821	-0.0555187142	-0.0380716474	-0.125418667	-0.0298990631	0.0371205618	-0.00652641	0.0008803012	-0.0818100583	0.0712406699	-0.0546246844	0.0333723939	-0.0092876003	0.101914	-0.0157999999999999	0.0002496399999999	0.010386463396	-0.0440824	-0.04180683	0.0017478110346489	0.00194325798976	0.793664	-0.0665409999999999	0.0044277046809999	0.6299025448960001	-0.00840373	0.0007863	6.182676900000003e-07	7.06226779129e-05	-0.00299747	-2.7119999999999835e-05	8.9848264009e-06	7.354943999999911e-10	0.00133795	0.00015841	2.5093728100000037e-08	1.7901102025e-06	0.0	0.0
5092.312770899086	4.906031948639793	25931649.356661927	24.06914948107437	10303.180205708728	22.636605463232627	106155522.35130817	512.4159068980532	4815.037873668211	8.174921342779271	23184589.72485929	66.82933896062804	4856.338574953928	8971.646621122623	1.035896	29.265873	0.1918304999999999	0.123783	0.0367527301	0.0746016329	-0.0262181487	0.1747351641	0.0304064907	-0.0247162316	0.0175064762	0.1868044624	0.0844684176	-0.0187835006	-0.0150347759	-0.0683885108	-0.0506191977	0.0061520835	-0.0872055692	-0.081240319	0.0245422556	-0.0404886087	0.0159285941	0.0685033135	0.0012879127	0.0441775637	0.0201680466	-0.08859804	0.014183564	-0.0106062184	0.0572206932	0.0060826303	-0.0975081046	0.0046438264	0.0511515068	0.0350566944	-0.0534906068	0.0128844129	-0.0081868273	0.0749159535	0.0001850232	-0.01384478	-0.0003899798	-0.0784048222	0.0776046133	0.0637983171	-0.0457684538	0.0378888058	-0.0007202635	-0.04596459	0.014729509	-0.0322441117	-0.0148759756	-0.0220454457	-0.0314103542	-0.0386655901	0.0367249018	-0.0476807828	-0.0061570839	-0.0459429296	0.0506541939	0.0280300836	-0.0219569645	0.0056735285	0.051928005	0.0166730748	0.0662251722	-0.0175994106	-0.0239460903	0.0067139927	-0.008793507	-0.0090339807	0.0622455268	0.0147802757	-0.082050223	-0.0372937319	-0.0493258587	0.072528601	0.0164632358	0.0568767723	0.0795052645	0.0282691522	-0.0290351255	-0.0545948772	-0.0810295243	-0.0692888382	-0.020646095	0.0249901472	-0.1016238784	-0.069679442	0.0029819451	0.0360424413	-0.1325622681	-0.0454416235	0.0291991242	0.0954690988	-0.0177591526	-0.106495108	-0.0895703776	0.0971652684	0.0513630549	-0.0028476731	-0.1039142807	-0.0708008741	-0.0609352912	-0.0486163749	-0.0305676155	0.0247598987	-0.0029026061	-0.0226364054	-0.0008329584	-0.0590762985	0.071115738	-0.0265193297	0.0524795403	0.0193910139	0.0987462609	0.0743481954	-0.0492138247	-0.0180954048	-0.0193034102	0.0102706923	-0.0008015141	-0.0832981824	-0.0307262674	-0.000969889	-0.0034957815	0.078083351	-0.0805213882	-0.0428961065	0.0380492723	-0.0435923278	-0.022730074	0.0493398811	-0.0213787788	0.0058901754	-0.0118563392	-0.0089583869	0.0213137371	0.0111836956	-0.0466551176	0.0414590755	0.0546385974	-0.003165618	-0.0148142303	0.0280023712	-0.0039386094	0.0406905839	-0.0531021849	-0.0041682534	-0.0544861989	-0.029207031	0.0147201253	-0.0299639385	0.0106582647	0.0006822804	0.0769932711	-0.0002691014	0.0216279116	0.042064936	-0.0778526806	-0.0507879122	0.0793395359	0.0193408617	-0.077164888	0.0286555714	0.0383912288	-0.0486471771	-0.1029259602	-0.0210122129	0.0685396654	-0.0314074488	0.0940925432	-0.0842570418	0.010155074	0.0779354986	-0.0833760684	-0.0645658502	0.0474138116	0.112151464	0.0009658666	0.0544096291	0.0483281318	-0.0497400409	-0.0820870153	0.0723032799	-0.0568515285	0.0369430585	-0.0141385394	0.10746	0.0055459999999999	3.075811599999995e-05	0.0115476516	-0.0170149	0.0270675	0.00073264955625	0.00028950682201	0.8907279999999999	0.0970639999999998	0.0094214200959999	0.7933963699839998	-0.00960921	-0.00120548	1.4531820304000002e-06	9.23369168241e-05	-0.00299747	0.0	8.9848264009e-06	0.0	0.00137553	3.757999999999995e-05	1.412256399999996e-09	1.8920827809e-06	0.0	0.0
5094.586513426549	2.273742527462673	25954811.74278768	5.169905081192344	10310.18559677414	7.005391065411459	106299927.03992891	49.07550397934669	4818.667330240267	3.62945657205546	23219554.83952486	13.172955008436572	4859.933492203429	8927.66294409693	1.038979	29.352961	0.1185147999999999	0.072493	0.02543205	0.082172513	0.0243401468	0.1106988308	0.0416157168	-0.0414961662	0.0171169131	0.1206779054	-0.0300456081	-0.0280669093	-0.1262629399	-0.0791313214	-0.0154471517	0.0149036793	-0.0401434994	-0.0651152693	0.0734882647	0.0414908891	-0.059231849	0.0525996855	-0.0716895141	0.0251884001	-0.0286551921	-0.0060897587	0.0394883711	0.0131011123	0.0164637394	-0.0653474949	0.032752121	0.0329890336	0.047049303	-0.0178385685	-0.038988786	-0.0533418771	-0.0729576125	0.0257057317	0.001256753	-0.0229659876	0.0404065019	0.0162314467	0.0110520506	0.0557467126	-0.0737053507	-0.1596690594	-0.031755587	0.003991763	-0.0739214365	-0.0501217132	0.0648849596	-0.0175939712	-0.0492988942	0.0328713757	0.0458384804	0.0071194556	0.10676246	-0.0623603009	0.0881525417	0.0148035085	0.0353649568	0.0320658191	0.0078221954	0.0008040008	-0.0071951955	0.0173245996	0.0811073655	-0.0305324164	-0.1241112653	0.0703134872	0.0219772013	-0.0404923678	0.0493581367	-0.0488455476	0.0272451917	-0.074144666	0.0219715412	0.0297094665	-0.0218408288	-0.0254690112	0.0194388183	0.0031099287	0.084511396	-0.0179461253	-0.0432205013	-0.0905726148	0.0167051707	-0.0243023581	-0.0505000035	0.0671405439	-0.0456282983	0.0768313143	0.1136115765	-0.0021308405	0.0596163762	-0.0285421792	0.0196020814	0.0050442869	0.0231893904	-0.0129061998	-0.0559745346	0.0064695424	-0.0841535143	0.0344881078	-0.081875283	0.0639494283	0.019865572	0.0290255304	-0.0783515345	0.0055587212	0.0481444212	0.0021585534	0.0178231423	0.0498551574	-0.0532573343	0.058474448	-0.0026278695	0.0213015462	-0.0339892912	0.0522022098	0.0592104364	0.0002262713	-0.0367857921	-0.0112716492	-0.0505881204	-0.0038330189	-0.0151515052	-0.0490470727	0.1026750115	0.1204149135	0.0700923291	-0.0153673724	0.0124218196	0.1057559518	0.0396120651	0.0132953946	0.040881253	-0.0664743449	-0.0356944573	0.0059270251	0.0727142757	0.089203423	-0.0797086965	0.0022485071	0.0481447353	-0.0020111443	-0.0454552211	-0.000632525	0.0020644796	-0.0049684337	-0.0679974113	0.0412633199	0.1471244348	-0.0254952566	0.0003375878	0.0384182	-0.0569703916	0.0059650032	0.0289309193	0.0591709802	-0.0290491868	0.0483047356	0.0002757394	-0.0503020988	0.0007975353	0.0062343504	0.0667963035	-0.0838830012	-0.0138178464	-0.0505721169	-0.0644975076	-0.0075463904	0.0120635944	0.0013215983	-0.0915400091	-0.1239898294	-2.4562e-05	-0.0415583116	-0.0503839155	0.0035250769	-0.0445176035	-0.0852643055	-0.0823531812	0.0733278711	-0.0590111152	0.0404360313	-0.0189430245	0.107978	0.000518	2.683240000000047e-07	0.011659248484	-0.0593547	-0.0423398	0.00179265866404	0.00352298041209	0.833659	-0.0570689999999998	0.0032568707609999	0.6949873282810001	-0.0094369	0.00017231	2.9690736100000057e-08	8.905508161e-05	-0.00295621	4.126e-05	8.7391775641e-06	1.7023875999999994e-09	0.00121734	-0.00015819	2.5024076100000035e-08	1.4819166755999998e-06	0.0	0.0
5108.367434948135	13.780921521586606	26095417.85043859	189.9137979841289	10370.544374182786	60.35877740864635	107548190.61689425	3643.182010266517	4832.605792723681	13.938462483413788	23354078.747866478	194.28073640153363	4873.655814100239	8951.767211513043	1.093701	30.898958	0.16369767	0.0858168	0.0389513069	0.0400346588	0.0609845387	0.0669860535	0.0294725878	0.0387103571	-0.0476979715	0.1016379499	0.0483531428	-0.1270411937	0.0356992146	-0.0618706276	-0.0058577041	0.0504083285	-0.1032732425	-0.0555661526	-0.0691572026	0.0513555374	0.035159164	-0.0100307512	-0.0798892878	-0.0320967603	-0.0031316469	0.0246773029	-0.0334562393	0.055105797	0.1178508796	0.0454131436	0.0205236538	-0.0715611393	0.0382213532	0.0389462358	-0.046497428	-0.0293484171	0.0020150221	-0.0307899545	-0.042728551	-0.0325041246	0.0462949743	-0.0004154434	-0.0541622478	-0.0276754377	-0.0541597561	-0.0636140707	0.0324180275	-0.0379164277	0.0198837525	0.0121876474	-0.0402038528	-0.0681169876	0.006017076	-0.0587459184	-0.0439392482	-0.0205891553	-0.0309398599	-0.0274394009	0.0184107601	-0.0021637571	0.1028505821	-0.0088910412	0.0461837037	0.1020494531	0.066520302	-0.0343113794	0.0602049422	-0.0100660628	-0.1063980075	-0.0178270902	-0.0475608905	0.0523877235	0.0120348636	-0.0385456774	0.0287783631	-0.0366433521	0.000814138	-0.0404758911	0.1176336031	0.0657100948	-0.0453063485	0.0903964412	0.1175769957	0.010334741	0.0471749352	-0.0212304221	-0.0167669402	-0.1274460388	-0.0386939002	0.0364217507	-0.0232485821	0.0514271715	0.0008094719	-0.0355388749	0.0693488003	-0.0545909286	-0.0308645771	0.0299110157	0.012105957	-0.0532121395	-0.0897940256	-0.0576275927	0.0032355681	0.0802271925	0.0631325704	-0.0036374201	0.0085895085	0.0785870034	-0.0455643388	0.0126921412	-0.0124766851	-0.0354704376	0.1041359811	-0.0668627236	-0.0092632043	0.0581112323	-0.0324288894	-0.0718730195	-0.0336672596	0.0246500941	-0.0134167245	0.0246037627	0.0068986442	0.0503147497	-0.0632615103	-0.0102126582	0.0650214312	0.0161705339	0.0564397898	0.0522815295	0.0015996897	-0.0318711498	-0.0465769885	-0.0261088749	-0.0548784731	0.0308722258	0.0199003585	0.0504370665	0.0219654272	0.0339318513	0.0216228414	-0.0578266423	-0.0036707077	-0.0202325245	0.0817366368	-0.0329664994	-0.0941766255	-0.0751236733	-0.0921893069	0.0729970858	-0.0253216968	0.0121633825	0.0975536885	0.0476880466	-0.0249714983	-0.077704456	-0.043973568	-0.0181091128	-0.0464370974	0.1084858779	0.0150444794	-0.0312978645	-0.0320695922	0.1158521064	-0.0202629579	-0.0090962775	0.0792145799	-0.0227197321	-0.0309232619	-0.0163718738	-0.005693115	-0.1470507094	0.0456838533	0.0063646644	-0.0285368079	-0.0488391967	-0.0412405109	-0.0465423411	-0.0576342758	0.0739481549	-0.0236275961	0.0124254546	-0.0826085209	0.0743139049	-0.0611008895	0.0438439664	-0.0236852696	0.0983393	-0.0096387	9.290453769e-05	0.00967061792449	-0.00796873	0.05138597	0.0026405179128409	6.35006578129e-05	0.856541	0.0228819999999999	0.0005235859239999	0.733662484681	-0.00843569	0.00100121	1.0024214641000012e-06	7.116086577609998e-05	-0.00248273	0.00047348	6.163948252899999e-06	2.241833104000001e-07	0.00133847	0.00012113	1.4672476900000029e-08	1.7915019409e-06	0.0	0.0
5114.636844029064	6.269409080929108	26159510.046299588	39.30549022403637	10388.391636737451	17.847262554665576	107918680.79823662	318.52478069516803	4831.533958290013	-1.0718344336673908	23343720.390109565	1.1488290531950964	4871.238158260714	9005.083103134817	1.146614	32.393833	0.20767957	0.123322	0.0150635801	0.0130781798	0.0735779855	-0.0443364534	0.0189536089	0.0674854389	-0.0352331581	-0.0260645665	-0.1289317219	-0.0768521712	-0.0695735173	-0.0054543578	0.0920486891	0.0639509047	-0.0038604813	0.0398295751	0.0033936448	0.0881545221	0.0503576903	0.0075697828	-0.0543318462	0.0638654025	0.0668600074	0.1116720681	-0.0522341804	-0.020539601	-0.0376250427	-0.1174265092	0.0510061654	0.0191509902	-0.0325591689	-0.0946568302	-0.0536278229	0.0086942343	0.0132584417	0.0594360378	-0.1052917631	0.0539344266	-0.0622159512	-0.1346383993	0.024194193	0.0811340444	-0.1054998411	-0.0125106052	-0.0957845436	-0.0021414858	0.0209937548	0.0076778427	0.0518458659	0.1028742357	-0.0068527201	-0.0452973956	-0.0460181272	-0.1515883657	0.011450943	0.043499334	-0.0302253476	-0.044939424	-0.0135829598	0.0208579245	0.0574034976	0.0326634039	-0.0009856921	0.025238185	-0.0119228549	-0.0520242537	0.0265950993	0.0039835319	-0.0122062964	0.1563818274	0.0267702888	-0.0572777992	-0.0622199928	-0.0527994417	-0.0433860583	-0.0261051101	0.0690926401	0.0598748082	0.014228128	-0.0289496536	0.0546070796	-0.0307691072	-0.0891117578	-0.080482167	-0.0427297231	0.0434985726	-0.1422999558	0.152388377	0.0199596919	0.1338657679	-0.0522562615	-0.0422384965	-0.0555567007	0.0703375627	0.0090664562	0.0146793735	-0.0836891105	-0.0703866323	0.0128589409	0.0343362171	0.0393194918	0.0427581584	0.0458692725	0.0853947074	-0.0412397494	0.0162641069	-0.0274535629	0.1223634847	-0.016738272	-0.0733134036	-0.0289543563	0.1125471605	-0.08794375	-0.0259949439	0.0306144873	0.0233525339	-0.0833110799	0.0037652099	0.0368397796	-0.086561144	0.0570334999	0.0523633351	0.0662464406	0.1568258776	-0.0452751758	-0.0550065598	0.0514444111	-0.0293143346	0.1069548636	0.0007637102	-0.0118309086	-0.0007260986	0.1148378719	-0.009874256	-0.0123057123	0.0906075911	-0.0034387337	0.1368628542	-0.0488341107	0.0238139806	-0.0024305186	-0.021994183	-0.0472161095	-0.0215365699	-0.0422278591	-0.0151552597	-0.008769538	0.0006714804	0.021653939	0.0691657691	-0.0279677972	-0.0287676779	0.0296170758	-0.1674264972	-0.0370777676	-0.0397532721	-0.1050075775	0.03532603	-0.0477442126	-0.0385208677	-0.0227985218	0.0720373907	0.0168167231	-0.0271038505	0.0304977449	-0.1384886122	0.007636164	-0.0720595521	0.0244250303	0.1024452032	0.0671890507	-0.0810354108	-0.1355909758	-0.0336463781	-0.1508831912	-0.0424452224	0.0218158644	-0.0568536459	0.0467185079	-0.0308743249	-0.0828530009	0.0752608627	-0.0631183792	0.047159697	-0.0283496934	0.0970971	-0.0012421999999999	1.5430608399999972e-06	0.00942784682841	-0.0310866	-0.02311787	0.0005344359133368	0.0009663766995599	0.769239	-0.0873019999999999	0.0076216392039999	0.591728639121	-0.00700163	0.0014340599999999	2.056528083599997e-06	4.90228226569e-05	-0.0027593	-0.00027657	7.61373649e-06	7.649096490000016e-08	0.00154819	0.00020972	4.3982478400000017e-08	2.3968922761e-06	0.0	0.0
5100.698883257238	-13.93796077182651	26017129.097661637	194.26675047697464	10375.353033210771	-13.038603526680165	107647950.56375594	170.00518192595638	4821.879030486326	-9.654927803687317	23250517.384643752	93.21763089441436	4862.635180235208	9001.934993799037	1.038907	29.350929	0.1337674	0.0723908	0.015709288	0.023831359	0.0697869786	0.0113933227	0.013269587	0.0604039098	-0.006185526	-0.0213821682	0.0278383959	-0.116432264	0.0484381968	-0.0642993363	0.0785873688	0.0640800792	-0.0429222889	-0.0250487368	0.0992052959	0.0814450749	0.0200498793	-0.0083336129	-0.0716116343	-0.0444207122	0.0078920142	0.0222202543	0.0237513822	-0.0405569099	0.0159010815	0.0169340517	-0.0185649248	0.046569156	0.0404102835	0.0296505935	-0.0960487493	-0.084213088	-0.0343493996	0.0426600217	0.0374523735	-0.0136877152	-0.0350661251	0.0070632116	0.1426149689	6.35989e-05	-0.0001626433	-0.0575987333	-0.0804526559	-0.0710023728	0.0481109968	0.0938783072	0.060597441	-0.0221035968	-0.0276457664	-0.116880097	-0.0120906098	-0.00238947	0.0351213891	0.0479850571	-0.0454255108	0.1100528667	-0.008207644	-0.0112785222	-0.1195586673	0.0448823825	0.0031662619	-0.0205229074	0.0038264073	-0.1020475277	-0.1007204938	5.71607e-05	0.0966796531	-0.0500836639	0.0538609057	0.0555639098	0.0134317154	0.0556787626	-0.0092623109	0.0507619972	-0.0154403126	-0.0409443818	-0.0119283781	-0.0092617577	-0.0277501401	-0.0510091751	0.0342586407	-0.0981768747	-0.0237581917	-0.0308694985	0.0704154278	-0.1176082534	-0.0065737385	-0.0152051531	-0.0361411887	0.1047940639	-0.0443344777	-0.0470173723	-0.0218379303	-0.0653241951	-0.069702123	-0.0680521794	-0.0479473652	0.0628888102	-0.0868888404	0.0405929093	0.0339112304	0.067530365	0.0115197864	0.0769989517	-0.0200406234	0.022035988	0.0278895255	-0.0099632657	-0.0380562556	-0.0033553408	0.0298977599	0.1002125262	0.0082136737	-0.0055025792	-0.0413601807	0.0710523362	0.0191210626	-0.0042552908	-0.0570955685	-0.0111042212	0.0250794634	-0.0203209332	-0.1525406658	0.0116713682	0.0160541321	0.0324198371	0.0928136129	0.0163376369	-0.0500789293	-0.0466125457	0.0076707432	0.1106288152	-0.0019421018	0.0936770926	-0.0588646931	-0.0377983086	-0.0576690491	0.0100602241	-0.0372371309	0.1298040769	0.0357847823	-0.0094204938	0.1026205904	-0.0227957559	-0.0384659269	0.0247605908	0.0329890366	0.0893901773	0.0945527002	0.0103311569	0.0527005681	0.0785679737	-0.0033895142	-0.0601345819	0.0688797668	-0.0625566414	0.0623389358	0.0228694884	-0.0430231452	-0.0232146602	-0.025054527	0.0082792894	0.0074483896	-0.0100746761	0.0212540611	-0.1252263217	-0.0035467673	-0.034466562	-0.0586990948	0.0605139136	0.1164756499	0.0175094938	0.0057165503	0.125343829	0.0340864871	0.0198080592	-0.0001197512	0.0430229821	-0.083086589	0.0761682466	-0.0650611976	0.05037625	-0.0329209705	0.0928901	-0.004207	1.7698849000000022e-05	0.00862857067801	0.0290183	0.0601049	0.00361259900401	0.00084206173489	0.804996	0.035757	0.001278563049	0.6480185600160001	-0.00741118	-0.0004095499999999	1.677312024999999e-07	5.49255889924e-05	-0.00287919	-0.0001198899999999	8.289735056099999e-06	1.4373612099999921e-08	0.00169272	0.0001445299999999	2.0888920899999976e-08	2.8653009984e-06	0.0	0.0
5093.471147004864	-7.227736252373688	25943448.32537105	52.24017133387685	10336.815280234729	-38.53775297604261	106849750.13769417	1485.1584044424812	4806.6226378079455	-15.256392678380507	23103621.18228781	232.7575175569424	4847.26625357787	8996.392132432013	1.060862	29.971189	0.1163749999999999	0.0655264	0.022071274	0.0096359177	0.0910785816	-0.0267436637	0.0391691715	-0.0271911505	-0.0124381206	-0.0277736815	-0.0932958542	-0.0369236617	-0.045641423	0.0189439014	0.0094138427	-0.0154989477	0.0522999376	0.0090012464	-0.0417335504	0.0861464614	-0.0458654562	-0.0199834995	0.0083857815	-0.0327566262	-0.0394014679	-0.034395552	-0.02652004	0.0724839418	0.0197314686	-0.1289899252	0.014823129	0.09131153	0.0285242819	0.0452182211	-0.041887319	0.0767882081	-0.0038699982	-0.0099955995	-0.019934347	0.045289798	-0.0071167636	0.0029211484	0.0045404223	0.0333119586	0.0139293824	0.1001197275	0.0094619871	0.0430929647	-0.0269539451	0.0327353952	-0.0099680913	0.100693229	-0.0031327336	0.0875925808	0.0130074852	-0.0620694251	0.0200936608	-0.0346484127	0.0232657172	0.0641200035	0.056077186	0.1073421057	0.0420937138	0.0506027449	-0.092212998	-0.0039666335	-0.0401866406	-0.1392238134	0.0152429337	-0.0454382923	-0.000856387	-0.0417096275	-0.0504253468	-0.0236916245	0.033965682	0.0208929486	0.0111364435	0.0608042717	0.0681093296	-0.0153043256	-0.1156012976	-0.108378814	0.1008293031	-0.0330940865	-0.0529568027	-0.1047987356	0.0605281018	0.040786692	0.0872934663	-0.0082130755	-0.0253920248	-0.0144314168	0.0267057441	0.0469117199	-0.0511698579	0.0140237182	0.0541375167	0.0752262367	-0.005448021	0.0211434316	0.050248647	0.0427208295	0.0118735773	0.1128108904	-0.0184479145	-0.0034711388	0.0321515756	0.0271458617	-0.0100821172	-0.0607352167	-0.0428690868	0.008001587	0.058898753	0.1242932168	-0.0420068116	0.0928695089	0.0345964802	0.0098663023	0.0184031413	-0.0900139506	0.0183476751	-0.0160196258	0.0486734234	-0.0120095817	0.0268727125	0.0039429216	-0.0088988832	-0.0373820741	-0.0476738051	-0.085608444	-0.015248621	-0.0335993604	0.0100678658	-0.0115109274	0.0607779135	-0.0838877156	-0.0003807882	-0.0250617308	0.0241240337	0.0590429292	0.0797731244	0.0817913004	-0.0053893131	0.0738043823	-0.0070662797	-0.0868499898	-0.0639953519	-0.0642286334	0.0782103519	0.0059155454	0.0822196436	0.1128911547	-0.0287178143	0.0287294983	-0.0081831182	0.0591107681	0.0252379365	0.0541707964	-0.023045769	0.0025646717	0.0375451007	0.0301513677	-0.0657271339	0.0372420047	-0.0990256569	-0.145725534	0.0297013418	-0.0829063283	-0.0020523574	-0.0224456609	-0.1020796526	0.0339773873	-0.1107352514	0.0256792329	-0.0091027725	-0.006023118	0.0395905057	0.0512157134	0.0138223864	-0.0631724072	0.020049333	-0.1052373614	-0.0833092546	0.0770355794	-0.0669270461	0.053486861	-0.0373840812	0.087619	-0.0052711	2.7784495210000008e-05	0.007677089161	-0.0315096	-0.0605278999999999	0.0036636266784099	0.00099285489216	0.791074	-0.0139219999999999	0.0001938220839999	0.6257980734760001	-0.00684095	0.0005702299999999	3.251622528999997e-07	4.67985969025e-05	-0.00272949	0.0001496999999999	7.450115660100001e-06	2.2410089999999877e-08	0.00167957	-1.3149999999999967e-05	1.7292249999999915e-10	2.8209553849e-06	0.0	0.0
5092.568089771785	-0.9030572330793802	25934249.748961844	0.8155123662169861	10316.106612951908	-20.708667282820898	106422055.64979008	428.8489006305767	4811.786808453888	5.164170645942249	23153292.29001085	26.66865846041159	4850.9825987773975	8986.91053986518	1.092703	30.870752	0.1144075999999999	0.075578	0.0033026978	-0.0117353694	0.0642298561	-0.0432991744	0.0025427588	0.0049537195	-0.0006351997	-0.0736250337	0.0205278856	-0.0605801214	0.0734033472	-0.0416142121	-0.0429270281	0.0082840362	0.0591028273	0.0380811074	-0.0285274952	-0.0496146265	0.0078976115	-0.0340056352	0.0398454061	-0.0902780148	-0.0271554937	0.0248329854	0.0080820846	-0.0348830435	0.0718743756	0.0304373899	0.0143127052	-0.0082324778	-0.0502998877	0.0046695704	-0.0173067882	-0.0343414883	0.0503070601	0.0104901424	-0.0693395889	0.0720465113	0.0385259129	0.0337787523	0.1722041461	-0.0670104372	0.0663750649	-0.0338398212	-0.0004275559	-0.029900503	0.0972612608	-0.0154962299	-0.0490314679	0.053165526	-0.0607345979	-0.0070279461	0.1607642702	0.0951724137	-0.0461456005	0.0473151396	0.0346109399	-0.0218462515	-0.0349860944	0.0426484722	0.0443289467	-0.0017681973	-0.0254263028	0.0337951178	0.0138226128	-0.0606003679	-0.0353056258	-0.0797860951	-0.0104330202	0.0821981363	0.0084387471	0.0186664684	-0.0390590849	0.0518748797	0.09733756	-0.0491590399	0.0341420103	-0.0160922901	-0.0181816796	0.0376438942	0.0165396492	-0.0024520812	0.0154002296	-0.0068065386	0.0054903521	0.0586274035	0.0381115158	0.0319678194	0.0434850976	-0.0751612151	-0.0576068783	-0.0698002951	0.0791599438	0.0042520749	0.1117021721	-0.0051625161	0.0432161181	0.0024916275	0.0559181611	0.0374586098	0.0233358599	-0.0239975965	0.0398023762	-0.0806657327	0.0748986614	0.0159372155	0.0361484691	-0.0035843335	-0.0258722045	-0.0220116515	-0.0138750933	-0.0548887539	0.0079291308	0.0325074221	0.0648654897	-0.062024391	-0.0206795273	0.0386265588	-0.0064005945	0.0141063202	0.1259644907	-0.0053130286	-0.0541153458	-0.0292455196	-0.1636112578	0.083107562	-0.0130491065	0.0336611186	-0.0136979586	0.0740153582	-0.0026595912	-0.0687100249	0.0377718742	-0.0800756032	-0.0254130187	-0.0591817405	-0.1357861397	-0.1108834888	0.0325145588	-0.0203302126	0.0853294408	-0.0136391983	-0.0421414574	-0.0024168731	-0.0306043829	0.004471793	0.0263581487	-0.0046675859	-0.011867177	0.066890918	-0.0002868573	0.0858393998	0.0007639115	-0.0782252342	-0.0066446505	-0.0609153683	-0.0625912096	0.0079507359	0.1165882935	-0.0176293883	0.0277528872	-0.0035939202	-0.0195974052	0.0157521971	0.0127994345	0.0254601589	0.0025373282	0.0042328856	0.000905308	0.0318353348	-0.0390391147	-0.0088514174	-0.0115473863	0.1318915815	0.0186785207	-0.0822558967	-0.0503349746	-0.0228285463	-0.1005082179	-0.0519811207	-0.0835209683	0.0778624053	-0.0687137175	0.0564849883	-0.0417243613	0.0842392	-0.0033798	1.1423048040000016e-05	0.00709624281664	0.0248192	0.0563288	0.00317293370944	0.0006159926886399	0.796702	0.0056279999999999	3.167438399999962e-05	0.6347340768040001	-0.00607525	0.0007657	5.862964900000004e-07	3.69086625625e-05	-0.00293678	-0.0002072899999999	8.6246767684e-06	4.2969144099999895e-08	0.00167114	-8.430000000000026e-06	7.106490000000044e-11	2.7927088996e-06	0.0	0.0
5100.906293258256	8.338203486470775	26019245.01260168	69.52563738179339	10320.18785750328	4.081244551372947	106506277.41415817	16.65655708811137	4816.153360074313	4.3665516204255255	23195333.187755097	19.066773053840784	4855.75467650295	9001.39059568548	1.386897	39.182266	0.378661	0.201574	-0.0744292542	-0.05434194	0.0447540812	-0.1563357131	-0.0422854886	-0.043529912	-0.0103854675	-0.0143468243	-0.2275158789	0.0078620429	0.1136260124	-0.1651738733	-0.0100165266	-0.0195199836	0.0460136854	0.1802082099	-0.0439812665	0.022679211	-0.1694264518	-0.0796596725	0.0337539635	0.0104960598	0.1587242403	0.0095839533	0.0713530148	-0.0877206453	0.0236313847	0.0715278039	-0.0064359137	-0.0337667842	-0.0452344303	0.0015215299	-0.0138832215	-0.0683546554	0.1069371742	-0.0416722346	0.1061587379	-0.0050259956	0.0279699581	0.0708681817	0.0173480925	0.1195760843	-0.0697759778	0.0752754525	-0.0364470977	-0.1244649537	0.0864609359	0.062642435	0.0093808225	-0.0477377242	-0.0641420193	0.0147242415	-0.0671537404	0.0398790699	-0.035734106	-0.0033208861	0.0469001394	-0.0032044138	0.0585227701	0.0550195857	0.0765657528	-0.0781753068	0.010523034	-0.1131050074	-0.027673586	0.0771034663	0.0188896227	-0.0546149383	0.0138018625	-0.0034859652	0.0158642678	0.0488001242	0.0764763395	0.0427890366	-0.107178039	-0.0763380958	-0.0115790452	-0.0254852475	-0.0317509995	-0.0340827443	0.0552539644	0.0213161531	0.0213657308	0.0064084231	-0.0027018547	0.0826151888	0.0152089983	-0.0226078937	-0.1196967825	0.1752204161	-0.1184885926	0.0209319988	0.0084721309	-0.025289941	-0.0182733312	0.0780990434	0.0075096489	0.0251193145	0.0606802691	0.1095227396	0.1547437439	0.0585855221	-0.1207476481	-0.0628981365	-0.0726526828	0.0187890049	0.1487478251	0.088747208	0.1019469729	0.0006657766	-0.0719956652	-0.0738178768	0.0283606297	-0.0044425777	0.0335856564	-0.038076329	-0.0211313632	0.0739568296	-0.1249008293	0.0476518617	-0.0197065235	-0.0373307908	0.0071140359	-0.061172971	-0.0347767421	-0.1431177519	0.0546918189	-0.0616659238	0.0104764681	0.0772274831	-0.1139332383	-0.1066874102	-0.008277306	0.0609340802	0.0963050958	0.0192619121	0.0343356556	-0.03097743	0.0379129549	0.0039851016	0.0302935697	-0.0103660043	0.0231549691	-0.0493985348	-0.0862110941	0.0618967793	0.0309792109	0.0264742418	0.0518485703	-0.1152158323	-0.0313064483	0.0621980574	0.0406179028	-0.0034896086	0.0356505474	0.020636509	0.1078667878	-0.0109306552	-0.0257547452	-0.1138642711	0.0063453464	0.0222411629	-0.0421971598	-0.0235506567	0.0290537296	0.0098522231	-0.0140586603	0.039632951	0.0017818997	0.0511656587	-0.0613766108	0.1017893658	-0.016031117	-0.0541550808	-0.2102398496	0.0656763994	-0.0294233535	0.0283482398	0.0189916414	-0.0574163443	-0.0837217023	0.0786482892	-0.070419098	0.0593643268	-0.0459275503	0.110375	0.0261358	0.00068308004164	0.012182640625	-0.012302	-0.0371212	0.00137798348944	0.000151339204	0.755726	-0.040976	0.001679032576	0.571121787076	-0.00369878	0.00237647	5.6476096609e-06	1.36809734884e-05	-0.00571808	-0.0027813	3.269643888640001e-05	7.735629690000002e-06	0.00200193	0.0003307899999999	1.0942202409999994e-07	4.0077237249e-06	0.0	0.0
5096.553751157049	-4.352542101206382	25974860.13843299	18.944622742774065	10278.140029291077	-42.04782821220397	105640162.46171558	1768.019857363016	4806.240360467908	-9.91299960640481	23099946.40259069	98.26756119658192	4845.910695534279	8996.564041077543	1.197136	33.821175	0.2525778	0.125884	-0.0182522196	-0.057359109	0.0017942158	-0.0953356798	-0.0119869787	-0.0241433284	-0.0008441535	-0.0326065656	-0.103332153	0.0240798439	0.1757237388	-0.1582681207	-0.0089556167	0.0016716004	0.0243614661	-0.0671813107	-0.1040454919	-0.0106780865	0.0677339332	0.0268903471	0.0627506624	-0.0239981473	0.0370213817	-0.0613030075	-0.0138739454	0.1113828534	-0.0884688679	-0.0358178575	0.0407586158	0.0985295585	-0.0932545833	-0.0284699335	-0.0140487275	0.0306905786	-0.0036606273	0.0234961737	0.0400814428	0.1207673195	-0.0158811653	0.2035815399	0.040287402	-0.0428424241	-0.0011670374	-0.0336417907	0.0172570459	0.1211749502	0.0599335223	0.0126421282	-0.0112737833	-0.0250715436	-0.1473523997	-0.0476819209	-0.0328546693	0.0187111725	-0.0319393967	-0.0817060255	-0.0686506634	-0.0036297318	0.0372741897	-0.0323133939	0.0870546769	0.0247377902	-0.0443537562	-0.0886995938	-0.1026111102	-0.0463126602	0.1263529979	-0.061169105	-0.009495368	-0.0016538402	0.1531486045	0.1240788584	0.0354217004	-0.0203168007	0.0321614678	-0.1864417416	0.1059344252	-0.0668774131	-0.0265538148	0.0346956626	-0.0647677395	0.021890738	-0.1213255609	-0.0160798791	-0.0330330356	0.0032113713	-0.0087803721	-0.0601987384	0.0291697007	0.0081676503	0.1598489459	0.0157545386	-0.0287934777	0.0632797536	-0.051531348	-0.0500804559	0.0073154293	-0.0031842598	0.0297031368	-0.1151450301	0.0232826469	-0.011077662	0.061648737	-0.0090205097	0.0208361859	-0.0003595483	0.0632544549	-0.0613396147	-0.0536677228	0.1003688704	0.024614183	0.1057176935	-0.0321472971	-0.0307875143	0.1261378317	0.0363447452	-0.0155792323	-0.0779545124	0.0276876499	0.0208112252	0.0876646581	-0.1194724288	0.0436355424	-0.1636544556	-0.0514494008	0.0129020059	0.0247266628	0.0154502666	0.020302003	-0.0640308061	0.101155186	-0.0770636802	0.0185818957	0.007542887	0.1212113773	0.0413086035	-0.0620655679	-0.0064919596	-0.0064878017	-0.1128156402	-0.0626241289	-0.0248969007	0.0043596018	0.0146403214	-0.0747014725	-0.0362967428	0.0440056917	0.0406438973	0.1329547265	-0.0042550596	-0.1444230094	0.0460027697	0.0310751746	-0.0071247507	0.0005712564	-0.1709411753	0.0797822408	0.1414519164	0.038099138	-0.1628644225	0.0138213301	-0.0380320232	0.0224287121	0.001787114	-0.0543771657	-0.0501888939	-0.0293633478	0.0334978705	-0.0032987616	0.0501819119	0.0005751781	-0.0251505187	0.0540056716	-0.1446532245	0.1280556336	-0.0013061337	0.0359380542	-0.0567900346	0.0245550063	0.0821408221	-0.0839114303	0.0793928181	-0.0720411702	0.0621188212	-0.049979838	0.0908074	-0.0195676	0.00038289096976	0.0082459838947599	0.0506922	0.0629942	0.00396826923364	0.0025696991408399	0.7764879999999998	0.0207619999999998	0.0004310606439999	0.6029336141439997	-0.004963	-0.00126422	1.598252208400001e-06	2.4631369000000005e-05	-0.00404075	0.00167733	1.63276605625e-05	2.813435928900001e-06	0.0019584	-4.352999999999996e-05	1.8948608999999964e-09	3.835330559999999e-06	0.0	0.0
5099.748021909883	3.1942707528342	26007429.88697377	10.203365642411963	10309.229251363216	31.08922207213982	106280207.757163	966.5397290508256	4808.855022551291	2.6146620833824272	23125086.627916776	6.836457810277735	4848.460557044973	8997.287474062065	1.008578	28.494081	0.1547669999999999	0.0893063	-0.017586584	-0.0816735493	-0.034218762	-0.0938677594	-0.021131218	0.00313668	-0.011157449	-0.0015780658	-0.14325177	0.0849736263	0.0801166118	-0.0722560622	-0.0346885573	-0.0576635921	-0.0183811366	-0.0140638345	-0.0181260517	-0.0957991787	-0.0342080386	-0.0565250132	0.0159800171	0.0538213787	0.0530243514	0.0067751102	0.0010889048	0.02835713	0.0049763495	0.0072655719	-0.0425850452	0.0054803443	0.0160818708	0.0426721541	0.1170175031	-0.0150058152	0.0301223305	0.0309749231	0.0060481229	0.0185835647	-0.0479704439	-0.071595271	-0.0070536794	0.0076035232	-0.0559545783	0.0164289799	-0.0091373979	0.0155858807	0.0456569347	0.0355299145	-0.0393999736	-0.0013758342	0.140060133	0.0170668379	-0.0102794743	0.0917889376	-0.0882000464	-0.056304163	-0.036607758	-0.1111786883	0.0095037448	-0.0161166691	-0.0058136557	-0.0318984477	-0.078203282	0.0623976077	-0.0424810209	0.0463635611	-0.0071504775	-0.066365499	0.0362915246	0.0230194736	-0.0002889968	0.0558953656	-0.0808174214	0.034070129	0.0107163768	-0.0636039102	0.0809606493	-0.0247479366	0.0054919308	-0.0438206598	-0.0072759814	0.0423101421	-0.0948052395	0.0418232675	0.0163931472	-0.0044038396	0.0484453992	0.0785999275	0.029728042	-0.016791837	0.0819682098	0.0103871173	0.0254742636	-0.0251185851	0.0435062652	-0.0811389783	0.0243396827	0.0587041952	-0.0045351304	-0.0363595923	0.0028062246	-0.0295392354	-0.0183934038	-0.0967174648	-0.0714230938	-0.0416306074	0.0291536515	0.0436789373	0.0176835522	0.0003026915	0.0434193997	-0.0049549456	0.033264288	-0.0422150011	-0.0246645999	0.0458437267	0.1080285721	0.0334121471	-0.0220173563	-0.028250234	0.0043623987	-0.0150034595	0.048015686	0.0682672229	0.0021896154	0.0047496388	0.0463765739	-0.0217756928	0.0071052497	-0.0075461693	0.0118095573	-0.0601853346	-0.030179219	-0.0068206305	-0.1127844917	-0.0129600671	0.0922349995	-0.0634648179	0.0268857516	-0.1106461215	0.0119142708	-0.1018002434	-0.0135951751	-0.0319368758	0.0402196336	-0.0083481043	0.0844983032	-0.0745737543	-0.0047454315	-0.0180302165	-0.0047380347	0.0640769405	0.0146919358	-0.021270237	0.0505894215	-0.0815010345	-0.0471423741	-0.0442420657	0.0330832696	-0.0838526097	-0.0203359399	-0.0184899435	0.0430352155	-0.0715897328	-0.0341080885	-0.0484803503	-0.031708748	0.0863295962	-0.0055190856	0.0022276182	-0.0343336066	-0.0722732246	-0.0463546087	-0.0256042496	0.0791840531	-0.0124206599	-0.0187543806	-0.0074591846	-0.0585909691	0.0205191944	-0.0840901273	0.0800956004	-0.0735780149	0.0647426787	-0.05386791	0.0794377	-0.0113696999999999	0.0001292700780899	0.00631034818129	-0.0251191	-0.0758113	0.00574735320769	0.0006309691848099	0.744529	-0.0319589999999998	0.0010213776809999	0.554323431841	-0.00511632	-0.0001533199999999	2.3507022399999792e-08	2.61767303424e-05	-0.00357045	0.0004702999999999	1.2748113202500002e-05	2.211820899999999e-07	0.00186948	-8.891999999999993e-05	7.906766399999988e-09	3.4949554704e-06	0.0	0.0
5092.12097976412	-7.627042145762971	25929696.072553907	58.17177189324463	10323.632065109288	14.402813746071844	106577379.01575267	207.441043804036	4810.980179896675	2.125157345383741	23145530.29135864	4.516293742638469	4851.717211178884	9008.498683493335	1.013542	28.634333	0.1170713	0.0642756	-0.0034154777	-0.0668735579	-0.0253893066	-0.0505258056	-0.013828801	0.0290798843	-0.0074237675	-0.0060979815	-0.046615858	0.0311503093	0.1249258778	-0.1151756981	-0.0202944544	-0.0049664795	-0.0512976961	-0.0550278098	-0.1183212736	-0.1128899837	0.0836681359	-0.0888950173	0.0693544943	-0.0745185012	0.0400166246	-0.0316346075	-0.0241815466	0.0039324431	0.0348504818	-0.0137027017	-0.0938903734	0.0065359551	0.0073162068	0.0058768235	0.0135843307	0.0042834693	-0.0441869206	-0.0057296836	0.0431749175	0.0382372138	0.129618498	0.0268165586	-0.0077050917	-0.0016879782	-0.0110762458	0.0569867399	0.034972512	0.057551666	0.0266109323	0.0567129582	0.0876389373	-0.0675294201	0.0483920293	0.0351760235	-0.0340286128	0.0265740173	0.0193993258	-0.0114182232	-0.0409704599	-0.010983894	0.0065375731	-0.0055933804	-0.0458985214	0.0160674917	-0.1489372759	0.0963581389	0.0573254967	0.010995651	0.0909339859	0.0178969508	-0.0160352533	0.114282024	-0.0516058121	0.0362281744	-0.0873634145	0.0186141874	-0.0555338097	-0.0367473301	-0.0561267955	0.0603009337	0.1346329745	-0.0336669477	-0.0499534013	0.0583065568	0.0821901304	0.0015290498	-0.0524927529	-0.004073364	0.0530350162	0.0234947063	-0.063674006	0.1695609409	0.005988711	-0.0322139217	-0.0589710909	-0.0501005118	-0.0496625692	0.0914786601	0.0146157738	0.0023912982	-0.0257717644	-0.1000725836	0.0220941474	-0.016008433	0.1249653789	-0.1658179571	0.0179880721	-0.0136877639	0.0840439372	-0.0411825097	-0.0062626912	-0.0307955322	0.0352220199	0.0430022333	0.0844029213	0.0042689851	0.0032723661	-0.0033925977	0.0039049957	-0.000955804	0.0169534135	0.0297700613	-0.0033326459	-0.0754040957	-0.1068941982	-0.0211500001	0.0400845358	-0.0176312533	0.0040335429	-0.0761961586	-0.026712076	-0.0396252648	0.0488767656	-0.0256106599	0.0168194729	0.1199995495	-0.0246253422	-0.0412987636	0.0497098232	-0.0226003953	-0.0307917965	-0.0018648334	-0.0379124526	0.0035878536	0.0027949236	-0.0152845605	0.0526588793	-0.0545222027	0.1312006546	-0.0234510388	-0.0949837887	0.0624735845	-0.0547950979	-0.045766801	-0.0096795969	-0.104070094	0.0821346029	0.0063353484	-0.0332013198	-0.1097150545	-0.0623135408	-0.0306279205	0.0693585548	0.0253225093	0.131922015	0.0209550307	0.0113564334	0.0895159055	-0.0418915453	-0.0104828879	0.0595453637	-0.0010932222	-0.0721712277	-0.0165235684	-0.0081323635	-0.1291857764	-0.1294753729	0.0001492889	0.038259162	0.0525074571	0.0596873065	-0.0669723567	-0.0842577698	0.0807562666	-0.0750278142	0.0672303814	-0.0575789916	0.0802244	0.0007867	6.188968900000021e-07	0.00643595435536	0.0295445	0.0546636	0.00298810916496	0.00087287748025	0.772278	0.027749	0.000770007001	0.596413309284	-0.00560709	-0.00049077	2.408551929000006e-07	3.14394582681e-05	-0.00339496	0.00017549	1.1525753401599998e-05	3.079674010000013e-08	0.0018583	-1.1179999999999956e-05	1.2499239999999906e-10	3.45327889e-06	0.0	0.0
5084.803721701567	-7.317258062553265	25855228.888230108	53.54226555400076	10305.681601735025	-17.950463374263563	106207073.27633978	322.2191353507776	4814.384602864583	3.404422967908431	23178299.104299568	11.59009574442245	4855.290418904878	8970.09403430272	1.096776	30.985832	0.0734225	0.060699	0.0064282343	-0.0536850201	-0.0722408702	-0.0363014321	0.0122702605	-0.0175043381	-0.0169930899	0.0304001708	-0.1474184196	0.1004574254	0.0020198768	0.0470534201	0.0157052738	0.0215449632	0.0103989859	0.0098585869	-0.0758482725	-0.0400281223	0.0030136874	-0.0198239536	-0.0026499746	-0.0200810981	-0.0263690778	0.0476260015	-0.0363907933	0.0543872102	-0.0015239237	-0.0174795126	0.0425838423	0.0079533417	-0.0390394697	0.05412857	0.0091929691	-0.0505130201	0.0118243379	0.0604170648	-0.0446078105	-0.0673727104	0.117654983	-0.0169453455	0.0280420957	-0.013003034	0.0877729633	-0.0279637448	-0.0680350839	0.0236409352	0.1032438693	-0.0363327193	0.04958628	0.0143780446	-0.0592550146	0.0106096332	-0.1055897455	0.0293726074	-0.033429476	-0.0847166872	0.0320766576	0.0288233748	-0.1160998085	-0.0691120782	0.0341576236	-0.0460970943	0.0484179509	0.0390830905	-0.1268918454	-0.0509777783	0.0439558309	0.1108069438	0.0298707144	0.0199336532	-0.039749928	0.0938557918	0.0807763927	0.0036996239	-0.1338459909	0.0377849811	-0.0660262746	-0.0941385742	-0.0989007365	0.0421577024	-0.0666020636	0.0199982172	0.0115209856	0.0800993521	0.0465285065	-0.0411446681	-0.0456436285	-0.0498157587	0.0070586792	0.0293473717	0.0271360663	0.0511958231	0.003161737	-0.0414003701	0.0003514123	0.0205958501	-0.0172037629	-0.0214619016	0.0041731398	-0.0417026711	0.041011826	-0.0178983264	0.0119863773	-0.058570059	0.005367148	0.0304931195	-0.0140117518	0.0112906658	-0.0904116066	0.0197733748	0.0172510421	0.0084062212	-0.0424857345	0.0417333323	0.0580488917	-0.0328441876	0.0495775529	0.0754815693	0.0002926416	-0.0553953639	-0.0072048955	0.0512337724	-0.1373890586	-0.0161573579	-0.0278536938	0.0101828179	-0.0746554771	0.0380026031	0.0446495379	0.0864640063	0.0545965343	-0.0475830386	0.071949582	0.0314672501	0.0692347838	0.042443262	0.0695080725	-0.031189962	0.0520892359	-0.022203153	-0.0209912177	0.0117282027	-0.0651837694	0.1390886941	0.0049092667	0.0374470938	-0.0293850376	-0.086370248	0.1048916772	-0.0002489596	-0.0429769027	-0.1025308779	-0.0266899463	0.0128761489	0.149245601	-0.0046909514	0.0792654693	0.0004134855	-0.0667961391	-0.0469606823	-0.0690521341	-0.0464365986	-0.1484685931	0.0825322931	-0.0432510468	0.0506469478	-0.0033414602	0.0380599368	-0.0082297456	-0.0015478097	0.0975671928	-0.0172009036	0.0479392476	-0.0470381773	0.0021822217	0.0590845055	-0.0293117662	0.0208122878	0.0349419589	-0.1451012205	-0.0844143358	0.0813744693	-0.0763888527	0.0695766975	-0.0611008895	0.0775831	-0.0026412999999999	6.976465689999996e-06	0.00601913740561	-0.0312907	-0.0608352	0.00370092155904	0.00097910790649	0.766287	-0.0059909999999999	3.5892080999999623e-05	0.5871957663690001	-0.00553989	6.720000000000077e-05	4.5158400000001026e-09	3.069038121209999e-05	-0.00339496	0.0	1.1525753401599998e-05	0.0	0.0018464	-1.1900000000000018e-05	1.4161000000000043e-10	3.40919296e-06	0.0	0.0
5087.919450494256	3.1157287926889694	25886924.334717773	9.707765909591062	10299.549655733086	-6.131946001938559	106080723.11091152	37.60076177069028	4814.834389419459	0.4497865548755726	23182630.19753625	0.2023079449468365	4856.310490511292	8954.725768885068	1.104988	31.217829	0.1039317	0.0581914	-0.0127300364	0.0151192667	-0.0653567366	-0.0361696175	0.0021549312	-0.0073512814	0.05900153	-0.0553888654	-0.0502041504	0.0788819809	0.0363037771	-0.0798041204	0.0478556972	-0.0021623969	-0.0076308744	-0.0030849536	-0.0143116457	-0.1320824893	0.0365039969	-0.0951375853	0.0435000257	0.035654044	-0.0232085557	-0.0446398889	-0.0069337587	-0.0175818786	-0.1217119371	0.024919668	0.0582380557	0.0319240592	0.043827512	0.0232306872	-0.0864785565	-0.0324961957	0.0034691064	-0.0779135773	-0.0081943251	0.0264919148	-0.0362833116	0.0795795869	-0.0979289928	0.0104868429	0.0510275091	-0.0229202094	-0.0409164172	-0.0423948187	-0.0802854519	-0.0187635624	-0.0151497275	0.0209987462	-0.0939179924	-0.0153357262	-0.0342676954	-0.0034882688	0.1118085679	0.0288632862	-0.0136524008	-0.0813505632	-0.0323616754	0.0866162883	-0.0209812218	-0.0731914556	0.0960113492	0.00175108	0.0494058979	0.0776904959	0.0518581161	0.0323950392	0.1195480144	-0.0233495774	0.0401552508	0.0896895194	0.0793437785	0.0431749478	0.0219393642	0.0155128215	0.0598093034	-0.0406710972	-0.0070168672	0.0134284287	-0.0270040739	0.0386176589	-0.0380017285	-0.0304572974	0.0516580341	-0.05068671	-0.0193665442	0.0419028812	-0.0333465711	0.0123413831	-0.0640175005	0.0311875079	-0.0429662614	0.0586610497	0.0152440107	0.1028200311	-0.047762925	-0.0054210791	-0.0251241781	-0.0208826482	-0.0069358714	-0.0802436837	0.0337397175	-0.114126273	-0.0635483623	-0.0681927424	-0.0045195682	-0.0479564669	-0.0394541709	0.0767764452	-0.1096216574	0.0255967659	-0.039115528	0.0553808286	-0.0217225222	0.0187904405	-0.0371763224	-0.0155585978	-0.015336706	0.0832260293	0.0265676904	0.0115445185	0.0609486911	-0.0633690456	0.0784049869	-0.0371853914	-0.0546881421	0.0475040594	0.0636865801	-0.0064560127	-0.0534098817	0.0612543123	-0.0063685554	-0.035889703	0.1050614484	0.0352635553	-0.0385981666	-0.0203750926	-0.0473138242	0.0902355436	-0.0461076723	-0.0469319681	-0.0753893887	-0.0711999969	0.0142413163	0.0884749633	-0.0615591686	-0.0196666722	-0.0923515235	-0.0777577803	-0.0132416596	-0.0306178337	0.10557991	0.0403452197	0.0742897474	-0.0596014644	0.101864521	0.0490729245	0.0627783794	-0.0084241567	-0.0600764876	-0.0112830788	1.18475e-05	0.0058861538	-0.0278808305	-0.023959969	-0.0383938642	-0.0030706671	-0.0301245354	-0.0332115603	0.0115772891	-0.0456532766	-0.0436461593	0.0242361829	-0.0584345162	0.0517834334	-0.0027773348	-0.0653902499	0.0734354542	-0.0948994328	-0.0845598046	0.0819498834	-0.0776595205	0.0717766928	-0.064422032	0.0847379999999999	0.0071548999999998	5.119259400999849e-05	0.0071805286439999	0.0183271	0.0496178	0.0024619260768399	0.00033588259441	0.7551179999999998	-0.0111690000000002	0.000124746561	0.5702031939239998	-0.0055094	3.0489999999999337e-05	9.296400999999595e-10	3.035348836e-05	-0.00287198	0.0005229799999999	8.248269120400001e-06	2.735080803999997e-07	0.00168007	-0.0001663299999999	2.7665668899999973e-08	2.8226352049e-06	0.0	0.0
5074.852334499064	-13.06711599519167	25754126.216970604	170.749520431794	10284.56198686432	-14.987668868765468	105772215.2616546	224.6302181197616	4815.668367451135	0.8339780316764518	23190661.82526948	0.6955193573189288	4856.481404418179	8965.490609969793	1.077448	30.43977	0.09015599	0.0393119	-0.0325673427	0.055023646	-0.085812072	-0.0263096626	-0.0081526516	-0.0283906163	0.0839995427	0.0649345861	-0.0954329038	0.0591669602	0.0367072654	0.0286521838	0.0170442225	0.0139689224	-0.0493912609	0.1122514067	0.0013764723	-0.0565628537	-0.0252420849	-0.01223104	0.0770473115	-0.0746657745	0.0221465916	0.1579242323	-0.0519365176	0.0553851341	0.0142814875	-0.084228192	-0.0304311597	0.0208466899	-0.0041753005	0.0324315698	0.0746077845	0.0300525588	-0.0153743623	-0.0027382142	0.0463529725	8.70149e-05	-0.0039215488	0.018670679	0.0599760088	0.0284788156	-0.0144149197	-0.0304422765	0.0028610843	-0.0482633098	0.0221312608	-0.092588161	0.0688905391	-0.0808260978	0.0393379328	-0.0349510597	-0.0428559735	0.0259681401	0.1455820747	0.0626791503	0.084777748	0.0007223107	-0.0205533056	-0.0224157257	-0.0475124937	0.0576981209	0.1075665208	0.0397105814	-0.0873786238	-0.1161960441	-0.0507508539	-0.0507054674	-0.0311921095	-0.0382412794	0.0707392417	-0.0663053112	0.0407956727	-0.0014781783	-0.0169393529	0.0308599887	-0.0985412976	0.1615618457	0.1103908854	0.0092327586	0.0288333085	0.1394520227	0.0302136526	-0.0024325094	-0.0255097062	-0.0362363883	0.1035223655	-0.0615504044	0.0113079201	-0.004091584	0.0144314438	0.0256286395	-0.023687273	0.0692360481	0.0541861061	-0.0325394355	-0.0164356129	-0.0169333497	-0.0708705922	0.0755120961	0.0697716471	-0.0502642902	-0.0083336685	-0.056611802	0.054115075	-0.0079333019	0.0734731514	0.1159416472	-0.1283338628	-0.027965875	0.0445380568	0.057578027	-0.0127666722	-0.0059914935	0.0170945482	0.0035637857	0.0808589925	0.0017784555	0.0052047036	-0.0052989832	-0.0291375304	-0.0364418974	-0.0088809829	-0.0016743933	-0.0390182073	0.0127756881	0.075449419	0.0412771332	-0.0640035884	0.14459638	0.0187506168	0.0764306952	-0.0280967532	0.1077303364	-0.0045413694	0.0142743554	0.0291316953	-0.0414906709	-0.0189933364	0.1675564623	-0.0298974692	0.0007129179	0.0030749944	0.0225599427	0.0328456601	-0.0364043604	-0.1313105124	-0.0669699215	0.0881351703	0.0801041647	0.0154795502	0.039703791	-0.0499268941	0.0262203721	-0.0947280906	0.0405336718	0.0640681053	-0.0192535541	-0.0360959411	0.0889324507	0.1079511636	0.1066621484	0.1050763256	0.0409066352	0.0360185455	0.0025261042	-0.1296823984	0.013590157	0.0294580292	-0.0479224643	-0.0679784772	-0.00341774	0.1032710752	0.014572396	0.0004389305	-0.0072951683	0.0049004339	-0.0895894427	-0.0151868591	0.0363729007	-0.0846941572	0.0824822064	-0.0788383141	0.0738257406	-0.0675315071	0.0957805	0.0110425000000001	0.00012193680625	0.00917390418025	0.00182511	-0.0165019899999999	0.00027231567396	3.3310265121e-06	0.7530489999999999	-0.0020689999999999	4.280760999999948e-06	0.5670827964009998	-0.00502198	0.00048742	2.3757825640000055e-07	2.52202831204e-05	-0.00259986	0.00027212	6.759272019599999e-06	7.404929440000015e-08	0.00122876	-0.00045131	2.036807161000001e-07	1.5098511375999998e-06	0.0	0.0
5075.461855017169	0.6095205181045458	25760313.041734323	0.3715152619904339	10281.54728136946	-3.0147054948611185	105710214.49903572	9.08844922074582	4810.756226050084	-4.912141401051485	23143375.466479644	24.12913314392405	4852.045676964888	8949.371833380199	1.038945	29.352009	0.0669646899999999	0.0335648	-0.0343733973	0.0706584847	-0.0194867415	-0.0230592576	-0.0023399351	-0.0389814619	0.0973445265	-0.032361722	-0.0199354868	0.0258273218	0.0191284369	-0.0534796355	0.047378864	-0.0188431981	-0.0727232454	0.0773468337	0.009430048	-0.0961944123	-0.038544198	-0.0400522875	-0.010718241	-0.0234261163	0.0035610905	0.0398629563	-0.0588542975	0.0182873768	-0.12910619	-0.0922134394	-0.0420641027	-0.0302100393	0.052341449	-0.0331798176	0.0180976263	-0.0400789181	-0.0018106191	-0.0015822862	0.0203049209	0.002445802	0.067017937	-0.0420216015	-0.0029254276	0.0994504967	0.0015360806	-0.0300960069	0.0993574909	-0.0236952859	-0.0404972614	0.0291273752	-0.0904720492	0.0340462219	-0.0035649854	0.0216232683	0.0715715208	-0.1333836096	-0.0052425994	-0.0726952612	-0.0084577688	0.0461247037	0.0001386216	-0.1114703195	-0.0438698989	-0.0376840972	-0.093158331	0.0235219383	-0.0045391822	-0.0014448403	-0.0793827623	-0.0516200311	0.0237419832	0.0235079712	-0.0242977343	-0.0037997365	-0.0136983841	-0.0174111787	0.0025741135	0.0003806407	-0.0383814943	0.0692076719	0.0047838052	-0.0244338006	-0.0037967521	0.0295655841	0.0483356497	0.1524033786	0.0765613898	-0.0541624949	-0.0805750579	-0.0337360409	-0.0035473568	-0.1379594804	0.0613326774	0.0315816041	-0.0525856191	0.0596592719	-0.039069217	0.1425509001	-0.0456521112	0.0114496589	-0.079139807	0.0631490216	0.0384604442	-0.0427215692	-0.0242221561	-0.0953045219	-0.0127534104	0.0158183106	-0.00530202	0.0287936003	-0.0749226392	0.0086479043	-0.0446378037	0.1247407129	-0.0139876293	-0.0602104205	-0.0847565499	0.0434700673	-0.0099255832	0.0561464708	-0.0119270348	0.0054173075	-0.0099789325	-0.0154867435	-0.0602475065	0.0467549803	-0.009197156	-0.1042573975	0.006898356	0.0332975005	-0.0758423832	-0.0647073723	-0.0365410692	0.0006046925	-0.0394456477	-0.0905637533	-0.0355453528	-0.0084906926	-0.0527965782	0.1353924121	0.0183629305	-0.0271945698	-0.0393522068	0.0204425536	0.0481862978	0.0919521093	0.0628416606	0.0116573093	0.0740552328	-0.0363167713	0.0122052297	0.021289111	0.0795823046	0.0572170186	-0.0073078284	-0.0062085069	0.0238304676	0.0161875324	-0.0022689037	-0.060695603	-0.0378632381	0.0383848327	0.0713528547	0.0431262114	0.0148417769	-0.0238801428	-0.0044618899	0.0951150892	-0.0188891297	0.0981870833	-0.0296941479	-0.0280002964	0.1616118372	0.026561237	0.0034405879	0.0275519684	0.1351163114	0.0204311606	-0.0113372976	-0.0639413299	0.1203064098	-0.0909178604	-0.0848173759	0.0829711584	-0.0799238391	0.0757195317	-0.070419098	0.0993269	0.0035463999999999	1.2576952959999938e-05	0.0098658330636099	0.0150279	0.01320279	0.0001743136637841	0.00022583777841	0.744321	-0.0087279999999998	7.617798399999733e-05	0.554013751041	-0.00564353	-0.00062155	3.863244025000003e-07	3.18494308609e-05	-0.00245842	0.00014144	6.043828896399999e-06	2.0005273600000017e-08	0.00129552	6.676000000000013e-05	4.456897600000017e-09	1.6783720704000003e-06	0.0	0.0
5072.952377536792	-2.509477480377427	25734845.824756183	6.29747722452144	10280.311873755376	-1.2354076140836696	105684812.22167575	1.526231972935905	4814.110686830392	3.3544607803087274	23175661.705054592	11.252407126629436	4854.607551909749	8952.538511008064	1.008216	28.483868	0.088459	0.0472054	-0.0328788146	0.0759247429	0.0018220482	0.0128220901	-0.0081386263	-0.0853584843	0.05403152	0.0579968377	-0.0454307864	-0.0086628873	-0.013978008	0.0959257555	0.0171027298	-0.0344034605	-0.0287741779	0.0283877094	0.0086457726	0.0871242053	-0.0366683143	-0.006879745	0.051964798	-0.00099863	-0.0358134547	-0.0130993397	-0.0555043444	-0.0323746736	0.0002716052	0.059159597	-0.0385339712	0.0503196529	0.0547854526	0.0047218916	-0.0599306868	-0.0566609959	-0.0023337466	-0.1077135249	0.0300365054	0.0195932163	0.070119666	-0.1022762326	-0.1348630699	0.0418267085	-0.03286698	0.0050658053	-0.0589751746	-0.0089186294	-0.0299783186	-0.0945639237	0.0588648656	-0.0139149428	0.0222674357	-0.0182008599	0.1243382137	-0.0479367116	-0.0941211725	0.0048813595	0.088443962	0.0022188642	0.075112001	-0.0819020442	-0.0340061036	-0.0692290346	0.0236424948	0.0080541567	0.0361868256	0.0438043243	0.0614881539	0.0333684841	-0.0274711489	0.0362632031	-0.0878541059	-0.0678978084	0.0603607118	0.0464942558	-0.0475549114	-0.0266937455	-0.0240058636	0.1151672766	-0.0637619826	0.1703409692	0.0543809652	0.042564773	0.0397350939	0.0775427137	-0.0087759335	0.0182387584	-0.0261662277	-0.0848385774	-0.0592098407	-0.0085953877	-0.0495974854	-0.028431701	-0.0405846785	-0.0107088408	0.0912189913	-0.0447580972	-0.0188159578	0.0358053586	-0.0416498583	0.0407618415	0.0119093574	0.071772482	-0.0380891569	0.0493412465	-0.0109510344	-0.0241445842	0.0225774117	-0.0493058597	-0.0662185924	-0.0211162992	-0.0351228733	-0.031449088	0.0570305404	0.0833411162	-0.020944682	0.0314652648	-0.0408972277	0.0373463881	-0.0331399361	0.1063296608	-0.0205330619	-0.0016494253	-0.0221262074	0.1031267532	0.1436496167	-0.0624825732	-0.0009864243	-0.0268154307	0.0435091941	0.0673255934	0.0098291908	0.087997856	0.0348551553	0.014354581	-0.031849013	-0.0565690636	-0.0673364575	0.0696404543	0.0580536729	-0.0673030929	0.0825726922	-0.0405256641	0.1383040712	0.0322593483	0.0230603152	0.0702109055	-0.0183793928	-0.0135502919	-0.0413899731	-0.0254173958	-0.0299055877	-0.0490376285	0.0030565507	-0.0345502702	0.0135361589	0.1146805929	-0.0285432886	0.0283231957	-0.0001916708	-0.0213839495	0.0406073498	0.1536421674	-0.0708771725	0.1291440089	0.0061873914	0.0429594113	-0.0214555358	0.0787275453	0.0115183743	-0.0555097284	0.0384065627	0.1055003039	0.0432608658	0.0344272442	-0.0487684171	-0.0085916655	0.0945039479	-0.030463841	-0.0902476025	0.0435480294	-0.0849294446	0.0834164822	-0.0809148113	0.0774540834	-0.0730753174	0.117423	0.0180961	0.00032746883521	0.013788160929	0.0110194	-0.0040085	1.606807225e-05	0.00012142717636	0.7347869999999999	-0.0095340000000001	9.089715600000292e-05	0.5399119353689998	-0.00640419	-0.0007606599999999	5.786036355999997e-07	4.10136495561e-05	-0.00247496	-1.6540000000000218e-05	6.1254270016e-06	2.735716000000072e-10	0.000936312	-0.000359208	1.2903038726400006e-07	8.76680161344e-07	0.0	0.0
5075.211024057749	2.2586465209569724	25757766.938717306	5.101484106631035	10270.772191429647	-9.53968232572879	105488761.40824457	91.00553887582228	4810.515616181232	-3.595070649160334	23141060.493523497	12.924532972454106	4850.159316461389	8915.946559229285	1.063474	30.045002	0.1160675	0.0551463	0.0029594815	0.0514381078	0.0599973937	-0.0061853161	0.0286623619	-0.057319153	0.0451262019	-0.0662301375	0.0231374564	-0.0290264565	0.0223807608	-0.0161159291	-0.0595659758	-0.0191798834	-0.014177261	0.0369404592	0.0271084277	-0.0539778979	-0.0490464373	-0.0259132973	0.0830634177	0.0028574137	0.0238685928	0.0137154127	-0.0188286634	-0.0510889294	-0.0477750424	0.0603607917	0.0349227976	-0.0241831705	0.0416212052	-0.0074892334	0.0797429864	0.0322829123	-0.068821264	-0.0962965883	-0.0114042118	0.0140924161	-0.0344517828	-0.0999041877	0.0181117206	-0.0797137606	0.0935607908	-0.1311751973	-0.0093466756	-0.0152238273	-0.1167225516	0.0213654191	0.0532601561	-0.023231688	0.0272096222	0.0118863924	0.0488443977	-0.0589749608	-0.006744938	-0.0545016043	-0.110337165	-0.005806594	-0.0426047618	0.0382978261	0.0465300437	0.0497076959	-0.032425306	-0.0475456773	-0.0306931624	-0.0080194151	-0.0207911684	0.1022280766	-0.0424522285	0.0073739935	-0.0609457167	-0.0143890363	-0.0646103858	-0.1002702198	-0.0336218515	0.01453641	0.0623128951	-0.0393164987	0.0197096427	0.0323090642	-0.0655357335	0.027349229	-0.0752890741	-0.0161272573	0.0890824128	0.037007712	-0.0579895161	-0.0797094279	-0.0200316135	-0.038212913	0.0086408217	0.0042460228	-0.0777094175	0.0936687485	0.0214146533	-0.0636972275	0.0560186066	0.0315787104	-0.0089037578	0.0523132521	0.0020874682	-0.0202636263	-0.0316862241	-0.0520417106	-0.0073863619	-0.0611112266	0.0711220152	0.0208020924	-0.0181003467	-0.0062034331	-0.0511109046	-0.0652342306	-0.0119688346	-0.0466128785	-0.0680088757	0.0566249317	0.0422795545	-0.0588377253	0.0301654138	0.1031654661	-0.0136258957	0.0150142907	-0.0159825035	0.0912300757	-0.0309258797	0.0886540847	-0.0868508163	0.1185226392	0.0549405707	-0.0902857068	-0.0414364723	0.0935236638	-0.0090166849	0.0318450313	-0.0606499187	-0.0565256496	-0.0262823635	0.0665267307	-0.0150537771	-0.0640412781	-0.0584135379	0.0267643436	-0.0928319461	-0.0104810342	-0.0367362661	-0.0427140736	0.0249025883	0.0488623139	0.0474293435	-0.0184364743	0.0416345414	-0.0839703046	-0.032971969	-0.0060023241	0.0059376912	0.0033967771	-0.1057274032	0.0569878929	-0.0708284452	-0.0191820696	-0.0900191296	-0.0596107289	0.0401517223	0.0458353215	-0.0506876211	-0.0051086886	-0.0326545324	0.0001818163	-0.0819978973	0.0740568112	0.0625616875	0.0302364326	0.0465746464	0.026927087	0.0175008301	-0.0016009033	0.0399214745	-0.1258329046	0.047729841	-0.0066999434	-0.0850303483	0.0838179437	-0.0818100583	0.079025748	-0.0754914377	0.12081	0.003387	1.1471769000000008e-05	0.0145950561	0.051117	0.0400976	0.00160781752576	0.002612947689	0.746036	0.0112490000000001	0.000126540001	0.556569713296	-0.00684334	-0.00043915	1.928527225000001e-07	4.68313023556e-05	-0.00184694	0.00062802	3.4111873636e-06	3.944091204e-07	0.00109582	0.0001595079999999	2.544280206399998e-08	1.2008214723999998e-06	0.0	0.0
5081.846518706871	6.635494649122848	25825164.039693147	44.02978923853794	10320.460076212034	49.68788478238639	106511896.1846865	2468.885894147705	4806.863797225275	-3.6518189559565135	23105939.565074995	13.335781687083326	4846.381948205429	8944.731763513893	1.028541	29.058065	0.1034716099999999	0.0511158	0.0119104498	0.0268029812	0.0752894066	-0.0175950869	0.0300256921	-0.0484552819	-0.0232024791	0.0091485552	-0.0670104707	-0.0538971495	0.0203882086	0.0885003883	-0.0436499321	-0.048267135	-0.0144108659	0.0277032028	-0.0791797561	0.0915735302	-0.0325070022	0.0026268062	0.0020769585	0.0202431941	-0.0451965193	-0.0491703315	-0.0092958923	0.0146954928	-0.0299521823	-0.0044181404	-0.0217162328	0.0328722298	0.0187079318	0.0219430467	-0.0215302272	0.0675563537	-0.0233983134	0.0620419237	0.0180137632	0.0014044326	-0.0650535424	-0.1435935036	0.0775550254	-0.0161952688	-0.0479201612	-0.0410683895	0.0742172306	0.0907294629	0.0380172619	0.011103267	0.0652449177	-0.0956904582	-0.0398661931	0.0967118896	-0.0036072189	0.0130348938	0.0286373487	0.0100867696	0.031277974	0.0265856564	0.0041215494	0.0570531458	0.0363073038	-0.0762750919	-0.0280958978	-0.0072804506	-0.0102188566	0.0719933754	0.0622621858	-0.0577199329	0.0051486067	-0.0457052268	-0.0453104701	-0.0368860722	-0.0082648663	-0.0556987004	0.0451260146	0.0960757633	-0.037900963	0.0818968158	0.021719364	-0.0553681407	-0.0364104854	-0.0519826246	-0.0309155081	0.0080334712	0.0109876967	-0.0325025434	-0.0523578316	-0.0209504159	0.0667363769	-0.0848432434	-0.0242275387	-0.1626380243	-0.066191014	-0.0060547218	-0.0726592148	-0.0491710208	0.0415402293	0.0515359363	-0.0043403944	-0.0095867194	0.076164199	0.1000590227	-0.0249901202	0.0324418629	-0.0048358675	-0.0040286477	-0.0271240021	-0.0630075053	-0.0186084001	0.0268762871	-0.0053360866	0.0219599649	0.0220287393	0.035021866	-0.0142402046	0.0130747427	0.0085595459	-0.0493778239	-0.0020224783	-0.07534633	-0.0459730153	-0.017828334	0.0326867456	0.1353475784	-0.0799765159	0.0506590543	0.0415084361	0.0237187346	-0.0557218697	-0.0708679605	0.0867980255	-0.0305904717	0.0248838462	0.0782745527	0.0624670735	-0.1121901225	0.0401171628	0.0083552824	0.0072397371	0.0238735826	-0.0061916779	0.016728791	0.0024142347	-0.0138713311	-0.0417501994	0.06424329	0.0687957714	-0.0153859083	-0.036512299	-0.0658036859	-0.0805008551	0.0372353738	0.0238611446	0.043723947	-0.02769743	0.0402186074	-0.0455893709	0.0041137132	-0.032044512	0.1409092685	0.0084052448	0.0109068646	0.0465591031	-0.0283197155	-0.0650401378	-0.042019492	0.0548516811	-0.0274944109	-0.0079329725	0.0042126137	0.0753573789	-0.0024000992	0.0396571974	0.0888425099	0.0109495359	-0.1391502018	0.0912421629	0.0674489658	0.0742366072	0.0822168377	-0.085120074	0.0841753318	-0.0826085209	0.0804312202	-0.0776595205	0.119599	-0.001211	1.4665210000000091e-06	0.0143039208009999	0.00644674	-0.04467026	0.0019954321284676	4.1560456627600005e-05	0.7686079999999998	0.0225719999999998	0.0005094951839999	0.5907582576639998	-0.00637315	0.0004701899999999	2.210786360999997e-07	4.06170409225e-05	-0.00174418	0.00010276	3.0421638723999995e-06	1.0559617600000029e-08	0.000968403	-0.000127417	1.6235091889e-08	9.37804370409e-07	0.0	0.0
5083.644016679038	1.7974979721666386	25843436.488316584	3.230998959943178	10318.308095365692	-2.1519808463417576	106467481.95088916	4.631021563021787	4805.235718547014	-1.6280786782617724	23090290.310800035	2.6506401826106	4844.975404593397	8947.89336068433	1.052666	29.739658	0.07425356	0.0432122	0.0280459544	-0.0154886672	0.0815741658	-0.0271444429	0.0358165827	-0.0117249638	-0.0121274731	-0.085762927	0.0026018296	-0.0202245635	0.0218655139	-0.0629853119	-0.0559576944	-0.0405477443	-0.0195767313	0.0197449873	0.0172482101	0.1067363214	-0.0389526312	-0.0157880534	-0.0170974991	0.1146164077	-0.0471181696	-0.034951187	0.0368517392	-0.0254433007	0.0245696198	0.0138917387	-0.0180624444	-0.0273174931	0.0136617788	-0.002362015	0.1154307135	-0.0200946297	0.0457051779	-0.0830502521	0.0148838058	0.064354985	0.0306985898	0.0345685802	-0.0953044741	-0.022976921	0.0303321017	-0.0076218765	0.0060042713	0.0244092954	0.0725147503	-0.0874091395	0.0963983317	0.0862147149	-0.0831355397	0.077478786	0.00652536	-0.0395598953	-0.0733803415	0.0985439936	-0.0216541177	0.0174130836	-0.0639194567	0.0649300024	0.0390889197	-0.0587948928	0.0627591536	-0.0978976234	-0.0025757343	-0.029774613	-0.0450123211	-0.0281174239	-0.0178011585	-0.0520251095	0.0873840604	-0.070859016	0.026112229	0.12109403	0.0384189643	0.0531005752	-0.0562939112	-0.0694076195	0.0646658284	0.0029951367	-0.0012012815	-0.1153243287	0.0653357265	0.0302245702	0.008877815	0.0026856709	-0.0100353337	0.0487205755	-0.0820617056	-0.030815908	0.0490037387	0.0303599893	0.1063895057	-0.0418586594	-0.0172119717	0.0418250181	0.0502562489	0.0420211953	-0.0012828333	0.0223387134	0.0313520162	0.0947943318	-0.0316072854	0.074848884	-0.0669309283	-0.0637151837	-0.0585415413	-0.0152387161	0.0657081198	-0.0199557904	0.0094784716	-0.0442808488	0.0225634744	-0.0710855808	-0.0174157909	0.0316748903	0.0761652702	0.0205319562	-0.0301997665	0.0831736342	0.0798581487	-0.0452674133	-0.0126503036	-0.0295691228	0.0942396187	0.0093174339	-0.0283785116	0.0249344769	-0.0186190702	0.0609790988	0.0319090405	-0.0074306766	0.1704911426	-0.0246258218	0.0764592762	-0.0375217784	0.0073626716	0.0313001257	-0.0387666663	-0.0044529357	0.1148670778	0.0562342876	-0.0883790629	-0.0080416977	-0.02012062	0.0727276562	-0.0294639395	0.0364489663	0.0643219247	-0.025475951	0.0259099944	0.0355466268	0.0189329989	0.0367902924	-0.1224088262	0.0584149194	0.0915728058	-0.0549941414	0.1140143373	0.0329154295	-0.0076538662	-0.0609050508	0.0292021957	0.0625825603	0.0398577523	0.0250642022	0.1101283513	-0.0282332001	-0.0005363695	-0.0215283722	0.0168616948	0.0489326537	-0.0937711533	-0.0179830352	0.0341809132	0.008889512	-0.1234433963	0.0603053076	-0.0141652318	-0.0967948988	-0.0851986098	0.0844884586	-0.0833092546	0.0816675444	-0.0795724422	0.124737	0.005138	2.639904400000004e-05	0.015559319169	0.0485752	0.04212846	0.0017748071419716	0.00235955005504	0.7726159999999999	0.004008	1.6064064000000094e-05	0.5969354834559998	-0.00665168	-0.0002785299999999	7.757896089999995e-08	4.42448468224e-05	-0.00157132	0.0001728599999999	2.4690465424e-06	2.988057959999998e-08	0.000976595	8.192000000000073e-06	6.710886400000121e-11	9.53737794025e-07	0.0	0.0
5085.122286681477	1.478270002438876	25858468.67050465	2.1852822001106342	10305.81127194384	-12.49682342185224	106209745.9729247	156.17059563695474	4812.020700123525	6.7849815765112	23155543.218417294	46.035974993596405	4851.161099882616	8962.45453529007	1.053345	29.758823	0.07582305	0.0445253	0.0435348573	-0.0282068281	0.0582787858	0.0153167995	0.0430244587	-0.0414417448	-0.0564563469	0.0839093483	-0.0157147911	-0.0394752759	0.0585259581	0.1186379134	-0.0206225878	-0.0059473994	-0.0172112458	-0.0084650273	-0.022285283	0.0434393187	-0.1006657552	0.0031735424	-0.0826290473	0.0013397841	-0.1016100309	-0.0280345453	-0.0392870411	-0.0330086662	0.0062540493	-0.0714631546	0.0213029097	-0.0384318413	-0.0385872182	-0.0111476417	0.0226562963	-0.0081010904	-0.0318189932	0.0506100874	-0.0515742754	-0.0066858018	-0.0286815208	0.0872827498	-0.0027523586	-0.07051867	0.0264499713	-0.0215215377	-0.0419842866	-0.0187533824	0.0753232017	0.080931954	-0.1068971159	0.039529837	0.0373516011	0.0299381735	0.0445706088	0.032637366	-0.0469814919	0.061318305	-0.1175635054	-0.0031350074	-0.0032509498	-0.0489201243	-0.1184556812	0.0551315213	0.028817976	-0.0317305312	0.1002773112	0.0897556482	0.0232126839	0.0305270522	-0.0327283579	-0.0924113471	-0.0344487736	-0.0163137021	-0.0421868441	0.0972489333	-0.0301987386	0.0030330813	0.0522621906	0.0260416136	0.055087492	0.0071846368	-0.0168335367	-0.0916565614	-0.0321133261	-0.0633717886	-0.0594510836	0.0608787309	0.089438982	0.0071512631	-0.1058999081	0.0575555504	-0.0191825473	0.0973968193	0.0151324879	0.0333273514	0.0700725602	0.019941459	0.0237482529	0.008220744	0.006221809	0.0085042328	0.0103593394	0.0924925156	-0.0703900489	-0.0182374215	0.0223268168	0.0408320718	-0.1069847286	-0.0511959632	-0.002793695	-0.0627069212	-0.0141343014	0.0164380155	-0.0420248171	-0.0742487848	0.0025730664	-0.0299436389	0.0186010717	-0.0013845343	0.0734663152	-0.0379308771	0.0284053174	0.0195990873	0.0235218938	-0.0834660695	-0.0091017792	0.0464341861	-0.0084953851	0.0269321979	0.0598450797	-0.012565566	-0.0271176841	-0.1275026078	-0.0363697806	-0.0760873996	-0.0661591708	-0.0136402631	-0.0078396224	-0.0402380242	-0.1050738466	-0.0844317254	0.0351073136	0.0068078881	0.0033556139	-0.0118565715	0.1174722295	-0.032485452	-0.0572166774	0.0877295931	-0.1025881521	-0.0563942859	-0.0016085029	-0.031302242	-0.0224019366	0.0802171085	-0.0328134677	0.0486444181	-0.0072354681	-0.0684032967	0.0433531569	-0.0495800941	-0.0502184613	0.0490536623	0.0700212138	0.0127530766	-0.0103533351	-0.0169935488	0.0778727545	-0.0309015217	0.020445559	0.0294226151	-0.1404950307	0.060914323	-0.017588297	-0.0505685833	-0.0456333026	0.0949941988	-0.0388225092	-0.0863621588	-0.0557503801	-0.0016720347	-0.0852659454	0.0847571594	-0.0839114303	0.0827321204	-0.0812239177	0.128544	0.0038069999999999	1.4493248999999932e-05	0.0165235599359999	0.0241854	-0.0243898	0.00059486234404	0.00058493357316	0.795641	0.0230250000000001	0.000530150625	0.6330446008810001	-0.0070698	-0.00041812	1.748243344000001e-07	4.998207204e-05	-0.00155602	1.5299999999999992e-05	2.4211982404e-06	2.3408999999999976e-10	0.00091799	-5.860499999999999e-05	3.4345460249999982e-09	8.427056401000001e-07	0.0	0.0
5092.236041921816	7.113755240338833	25930867.90664756	50.6055136194482	10307.791424513429	1.980152569589336	106250564.0512726	3.9210041988512505	4820.056686884852	8.035986761326967	23232946.46478337	64.57708322822228	4859.88605479165	8946.841220168968	1.105177	31.223185	0.1041035	0.0683243	0.0235036539	-0.0591093029	0.0350513393	-0.0569395456	0.0279479878	0.0174503051	-0.012404261	-0.0845951842	-0.0109807001	0.0276743219	0.0103619769	-0.0237129378	0.0153509142	0.0157879889	0.0276976603	0.0683713778	-0.062752937	0.0394823639	0.0071931333	0.0442211763	0.0272944066	0.0148078085	0.0025305743	0.0695730795	-0.0048676767	-0.0892887592	0.0173047984	-0.0729879051	-0.0659719926	-0.0101746888	0.0384282699	0.0201966912	-0.0002309945	0.0805644283	0.0419454264	-0.0807189233	0.0271564336	-0.0163493019	-0.0717929347	0.0552814855	-0.0153783462	-0.0186923768	0.0303921705	-0.0631761661	-0.0353598322	0.0207034549	-0.0652736847	0.0188724143	-0.1088678935	0.1294268777	-0.0161937613	0.0509597551	-0.0534331488	0.104255675	0.0478104165	-0.0308813076	-0.0636249713	-0.0651611126	0.08846298	0.017449448	0.0729599971	0.1901047035	-0.0448795835	0.0745064665	-0.110054746	0.0565171575	-0.0235725338	0.0198812892	0.016952541	0.0246135745	-0.061278284	-0.0262494607	0.091741981	-0.0378967083	0.0062058798	0.0719928563	-0.0365103179	-0.1164097261	0.0685177689	-0.0320103312	-0.0224409168	0.0341885915	0.0109566372	0.0503807715	0.0541581218	-0.13809748	0.0244813424	-0.0503797979	-0.024700152	-0.074289872	-0.0155105729	-0.0642362385	-0.0314966261	0.0428490176	0.0387561233	-0.0262763048	-0.0173759666	-0.0174932495	0.0496558371	0.0291786828	0.1014812829	0.0399122685	0.0047827526	0.0282077824	0.0433437148	-0.0350348854	-0.0016672152	0.064062043	0.0119136204	-0.0947104434	-0.019257787	0.0675242647	0.0581779924	0.0004369002	-0.0579206993	-0.0094701221	0.0227108802	-0.0914077389	-0.0564908349	0.0538720532	0.0066183664	0.0135355162	0.0659165917	-0.052838397	0.0129417354	0.0270414885	-0.0204914847	0.0652693087	0.0483795658	-0.0474012503	0.0101222727	0.0161723235	-0.0133678636	-0.1563808401	-0.0062322035	0.0349086012	0.0446148922	-0.0997305313	-0.053558506	0.0146029899	-0.0721829015	-0.041905963	-0.0022397359	-0.0511242463	-0.0523671693	-0.2395148314	0.024814489	-0.1217876728	0.0526182768	-0.0561110932	0.0075877639	-0.0088391423	-0.0118372554	-0.0234316509	0.0690381871	0.1002595644	0.0486626326	0.0152137411	-0.0174507705	0.0622880431	-0.0524167077	-0.1405373298	0.0243203228	-0.0173835471	0.0174294189	0.0278517029	-0.0283385597	0.0154387155	-0.0254679848	-0.1186704165	0.0560732836	-0.0097037578	0.0671916556	0.066222652	0.003420518	-0.0715932112	0.0119046621	-0.0584823867	0.0061047789	-0.001760974	-0.0853220719	0.0849812929	-0.0844143358	0.0836227095	-0.0826085209	0.11904	-0.0095039999999999	9.032601599999972e-05	0.0141705216	0.0282187	0.0040333	1.626750889e-05	0.00079629502969	0.7451489999999998	-0.0504920000000002	0.002549442064	0.5552470322009998	-0.00636906	0.00070074	4.910365476000001e-07	4.05649252836e-05	-0.00146332	9.270000000000004e-05	2.1413054224e-06	8.593290000000006e-09	0.000909946	-8.04400000000002e-06	6.470593600000032e-11	8.28001722916e-07	0.0	0.0
5084.81142298288	-7.424618938935964	25855307.20729718	55.124966388406605	10294.557636052585	-13.233788460844153	105977916.92200856	175.13315702637186	4810.177659338116	-9.879027546735417	23137809.11439552	97.59518526915716	4851.816350958428	8954.84660987002	1.11077	31.381191	0.11638015	0.0594592	0.0390133404	-0.0114814316	-0.0387545956	-0.0223380409	0.0365834079	-0.0062220356	-0.0137957642	0.0172532787	-0.0158888175	0.0386051821	0.0870228514	0.0846403186	-0.0258430392	-0.0077304305	-0.0278590544	0.0236740989	-0.0470663696	-0.0737194922	-0.0309969044	-0.0523440741	-0.0332870132	-0.0435546313	-0.1206411287	0.029666973	-0.0674558362	-0.0567843654	-0.08228458	0.0842861639	-0.0349230883	-0.01783462	-0.0047674898	-0.087466665	0.0210924929	-0.0049641983	-0.1177132662	0.0357898709	-0.0807893491	-0.101252955	0.0489947589	0.1270243089	-0.0722211592	-0.0803689617	-0.0082029271	-0.0452392143	-0.0701020299	-0.0227668228	-0.0194989488	-0.0229241748	-0.0262837282	0.0098770153	0.0762356796	-0.0459482992	0.0191734111	0.0806664912	0.0574172239	0.0783994145	-0.0349331899	-0.0143294545	-0.0349914668	-0.0005279081	-0.1081607499	-0.0923935951	-0.0123636968	0.038434272	0.0301787421	-0.0632950234	-0.0130187473	0.0394543989	-0.0397395687	0.0108290476	0.0211892908	0.0071997058	0.0328025157	-0.0713090285	0.017512485	-0.0482033574	-0.0305715785	0.0150353301	-0.0120986856	0.0487852474	-0.0739698206	-0.0418483252	-0.023606698	0.0448372053	-0.1051729819	-0.1456749174	0.0674683465	-0.071486792	0.0114937886	-0.0828008292	-0.0184516744	-0.0545010762	-0.0068404961	-0.0141596636	-0.0307887498	0.0247609014	0.0241097296	0.00373069	-0.0300163775	-0.0096881046	0.0305310306	-0.0170532804	0.002758129	-0.1077529562	0.0158547659	0.0277713258	-0.0777321355	-0.0335993297	-0.1033985058	-0.0026137779	-0.1082823056	-0.074994217	0.049458539	-0.0836441422	-0.0167832405	0.0512544764	-0.0465285779	-0.0009232421	0.1336461758	-0.0269013009	-0.0407798292	0.0728717522	-0.0742034078	-0.1233140536	0.0953130013	0.0632156233	0.0382340536	0.0419083564	0.0664189077	0.0491192506	-0.0042844873	0.0320335306	-0.0416316536	-0.0165342346	-0.0746833906	0.0183563347	-0.012059061	-0.0896669673	-0.0652875539	0.0399285769	-0.0038914487	0.0110099921	0.0018197548	-0.0384168419	0.1184789913	0.0926999991	0.0156122967	0.0026196745	-0.0289910247	0.074920697	0.022481225	-0.0222912868	-0.0526843638	-0.020787172	0.0100473894	-0.0075255521	0.0254459152	0.0743214621	-0.0323428876	-0.0116513555	0.0443711903	-0.0407825234	0.0227050901	0.040431868	-0.0829663984	-0.0308870756	0.0401252017	-0.0170248948	0.0900094262	-0.1547397483	0.0121436525	0.0263927773	0.0991631607	0.025631703	0.0694183788	-0.0444561963	0.0070232414	0.0365193148	0.0425160227	-0.0048821774	-0.085366982	0.0851607413	-0.0848173759	0.0843374387	-0.0837217023	0.12942	0.01038	0.0001077444	0.0167495364	0.0548998	0.0266811	0.00071188109721	0.00301398804004	0.785979	0.0408300000000001	0.0016670889	0.617762988441	-0.00573472	0.00063434	4.0238723560000073e-07	3.2887013478399995e-05	-0.00138404	7.927999999999993e-05	1.9155667216e-06	6.285318399999989e-09	0.000966107	5.616099999999999e-05	3.1540579209999993e-09	9.33362735449e-07	0.0	0.0
5103.445362701244	18.633939718364672	26045154.57007684	347.2237094276485	10328.814701442763	34.25706539017847	106684413.13674016	1173.5465291469634	4824.939457611741	14.761798273624663	23280040.769618683	217.9106882711881	4866.115072788827	8920.62512955935	1.319914	37.289871	0.34164355	0.197269	-0.0546125686	0.0913733518	-0.060149652	-0.0508087933	-0.0599835927	0.0652016644	0.107700845	-0.0624151065	0.0463918561	-0.0018206013	-0.1040224405	0.0658657021	0.03237594	-0.0220774974	-0.1107616047	-0.0602303249	0.0280900336	0.0294438673	0.1144912457	0.1472188581	0.0798696989	-0.0567245575	0.0024113012	0.0121725034	-0.0085631667	-0.0409775528	0.0019777404	0.0100105893	0.0747299684	-0.0602036935	-0.0074810504	-0.0083955344	-0.1507398132	0.0158700807	0.1356342665	-0.0262046879	0.1486662299	-0.0811569708	0.0284805566	0.0549013295	-0.0013297075	0.0249932153	0.0052320143	-0.0065999704	0.0013967953	0.0411328166	0.0676350839	0.0325414208	-0.0986667314	0.0208805307	-0.0260288124	-0.059893951	-0.0445586831	-0.0062489675	-0.067939422	-0.0019479495	-0.0658260012	-0.0113570353	-0.0244091378	0.0088343893	-0.0167606194	-0.0375244339	-0.0342110871	-0.0062123109	-0.0442111066	0.0164778097	0.0225816788	-0.0559459711	-0.0147878714	0.050206755	-0.0356096664	-0.0444392617	-0.0337462294	-0.0182832974	0.0026083472	0.0611941706	-0.0517422898	0.066790654	-0.0159283136	0.0060738885	-0.1110831442	-0.0178230408	0.0139095552	0.0070649375	-0.0477357634	0.0632380924	0.0039599667	0.0427013798	0.05001057	-0.0100176829	-0.0369345185	0.1937717353	0.0224437097	-0.0533998951	0.0011948966	-0.0070371559	-0.0335414542	0.0141489449	-0.1238347067	-0.065624918	-0.026610405	-0.0597482197	0.0486517999	0.1362204965	0.1260571282	-0.033698516	0.0464243712	-0.0139073178	-0.0149027452	-0.0325216765	-0.0247121802	0.000470136	-0.0625775531	0.0409164294	-0.0198551717	-0.0837060759	-0.1175243567	-0.0144143273	-0.1946310494	0.0185029307	-0.0801719304	-0.0253526955	-0.0057719239	-0.0885536037	0.0026156591	-0.0436603499	-0.0083678515	0.0043373858	-0.011096863	-0.0069096176	0.0511213271	-0.0910652677	-0.0462152006	-0.0515899792	0.0054293517	0.0966986805	0.0003171781	-0.0001886521	-0.0360495069	-0.0867518879	0.0091811444	0.0198206104	-0.0428726331	-0.0078467575	0.029490176	0.0216091167	0.0404547416	-0.0314727091	0.0354139011	-0.0151040794	-0.0322471649	0.034766081	0.0130184839	-0.0505423009	-0.0149421578	0.0503321009	-0.0462826216	-0.0410618643	-0.046920197	0.0821427043	0.0269748928	0.0289177217	0.0096499726	0.0363932427	-0.0938160939	0.04225391	0.029726589	-0.0209498019	0.062580961	0.0419805793	-0.0336999261	-0.0387819716	-0.0317087015	0.0165615499	0.0361785286	0.1838646846	-0.0009331406	0.013859813	-0.077820728	0.1198008059	-0.0854006697	0.0852954103	-0.085120074	0.084874805	-0.0845598046	0.11557	-0.01385	0.0001918225	0.0133564249	-0.0535106	-0.1084103999999999	0.0117528148281599	0.00286338431236	0.628483	-0.1574959999999999	0.0248049900159999	0.394990881289	-0.00670065	-0.00096593	9.330207649000004e-07	4.48987104225e-05	-0.00161339	-0.0002293499999999	2.6030272921e-06	5.2601422499999967e-08	0.00100857	4.246300000000007e-05	1.803106369000006e-09	1.0172134449e-06	0.0	0.0
5109.950714528278	6.505351827033337	26111596.304908056	42.31960239348598	10453.735649761282	124.92094831851864	109280589.03508992	15605.243328798006	4809.897005455878	-15.04245215586343	23135109.20309342	226.27536686144035	4850.002116089633	8997.946171714191	1.487317	42.019291	0.2722782	0.172465	-0.1936306538	0.0372786996	-0.0362929472	-0.0701275758	-0.2039141605	0.1077253086	-0.020234013	0.0348158446	0.0233728657	-0.1191422679	-0.1435548977	0.2697691569	0.0422653505	-0.1903703578	-0.0429364071	-0.0152925284	-0.0019706758	-0.0182228657	0.0577317804	0.1310816799	-0.082568015	-0.0698531567	-0.0250930043	0.004256169	0.1680468803	0.0723179554	-0.1331037654	0.07520249	0.022477132	-0.0299977277	-0.0808920531	-0.0735242357	0.0330609149	-0.0180898773	0.0396322362	-0.0359474575	-0.0115656855	-0.0558908649	-0.024820659	-0.0260673474	-0.0115313155	-0.0354612223	0.0620632728	0.0699899516	0.0235179229	-0.1097064564	-0.1381000471	-0.047030148	0.0762890904	0.0243790611	0.029641529	0.0754117005	0.0421545379	0.0459016517	-0.0276335007	0.0222571351	0.0803279569	0.0915977272	-0.0482151393	-0.0172346362	-0.0048261854	0.0407064412	-0.0209998573	0.0283272022	0.029568814	-0.1034003638	0.1084910852	-0.0178678553	-0.0017563502	-0.0256321302	-0.0157014656	-0.0245891763	-0.0974151201	-0.031434677	0.0031059109	0.0316931356	-0.0180936223	-0.068574109	-0.068686332	0.0232760385	-0.0075146232	-0.0015004011	0.1329182065	0.1040694082	-0.0664180959	-0.0148130758	-0.0866617938	0.111425213	-0.0009508826	0.0172475715	-0.1159815266	0.0865010206	0.0396431365	0.0663499129	-0.0161606151	-0.0843232349	-0.0605175898	0.1847545355	-0.0411876166	-0.0538083723	0.0200220954	-0.0839168383	0.0168671721	0.0740537496	0.1336742403	0.0701290566	-0.0698944438	0.0279521122	0.0727736222	0.1961283802	-0.0212252878	-0.0323541559	-0.0188557782	-0.1331923878	0.031721824	0.0278036761	-0.0218021886	0.0223632785	-0.042371702	0.0177224938	-0.0327709981	0.0621714912	0.0211130554	0.0081591796	0.0183145475	0.029851648	-0.088704497	-0.0522761227	-0.0358116251	0.0011923951	-0.1254534055	0.135754213	0.028495685	-0.0079366663	-0.0202036093	-0.1013445163	0.0171565575	-0.0452975682	0.057990757	0.0485250571	0.0598147691	0.0738544207	0.0212595796	0.0668109742	0.0025288571	-0.0270425765	0.003995192	0.0262646986	-0.007661345	0.112038172	-0.1023410551	-0.0206551156	0.0192644563	0.0362134729	-0.0313451326	-0.021581409	-0.0948826869	-0.0255842487	-0.0366178539	0.0180802749	-0.0064721015	-0.0297661296	-0.0835110213	0.0157390478	0.0407930032	0.1195112897	0.0402508051	0.0200147386	0.1176294137	-0.0379508169	0.0753164052	-0.0360655082	-0.1077244298	0.0432238073	-0.0806472386	0.0917485432	-0.0665130309	-0.025030323	0.0111914363	0.1002079275	-0.0854231306	0.0853852289	-0.0853220719	0.0852336782	-0.085120074	0.0936651	-0.0219049	0.00047982464401	0.00877315095801	-0.0850799	-0.0315693	0.00099662070249	0.00723858938401	0.459365	-0.169118	0.0286008979239999	0.211016203225	-0.00714049	-0.00043984	1.9345922560000035e-07	5.0986597440100006e-05	-0.00213601	-0.0005226199999999	4.562538720099999e-06	2.731316643999999e-07	0.00103983	3.125999999999997e-05	9.77187599999998e-10	1.0812464289e-06	0.0	0.0
5103.037252210525	-6.913462317752419	26040989.19744835	47.79596121898265	10386.915970809105	-66.81967895217713	107888023.38464925	4464.869495272023	4802.820897632981	-7.076107822897029	23067088.57474007	50.071301921264535	4840.920944692499	8951.290217596348	1.693173	47.835091	0.3677676	0.21783	-0.2744244175	-0.0759559194	-0.0290927632	-0.1681781481	-0.2787294261	0.1575405292	-0.0629621006	-0.3016978337	0.1251096183	-0.0711006851	-0.2017717176	-0.0485328467	0.122037007	-0.2100178163	0.1211764367	0.0157269605	0.056734957	-0.0789550333	0.1249551444	0.191583081	0.0412331365	-0.0239073899	0.0645954159	0.0038969792	-0.0251525105	0.012613521	-0.0120157745	-0.1214399424	-0.050553351	0.0252533156	-0.059801296	-0.0761030911	0.1357892889	0.0386122112	-0.0974149473	0.0024906148	0.0386736329	-0.0214815334	-0.0411955532	-0.017333934	-0.0467692672	0.0234800199	-0.0137923343	0.0692041277	0.034432143	-0.0314858785	-0.0279488653	-0.0253769888	-0.0326671359	0.0548918225	0.0729234645	-0.0740174115	-0.0970239778	0.0834497055	-0.1090755082	0.0449135263	0.0872798992	-0.0119883965	0.031449347	0.0103301081	0.0847760144	-0.0741359182	0.0620698039	-0.0641843642	0.1500743902	-0.0366188667	-0.0028063839	-0.0956835281	0.0098634474	-0.1310501035	0.0996145205	0.0629944533	-0.1637548196	-0.0703260676	0.0021274408	-0.0519741881	0.0207611091	0.0178693662	-0.0720528862	0.0227734688	0.0317434259	-0.1111527732	0.062635087	-0.1165706575	0.0554011708	0.0072946164	0.0745973269	0.0624165708	0.0815864673	0.0044946581	0.003796851	-0.0758468116	-0.0144643858	0.0101437904	0.0581822319	0.0042973992	-0.1442925929	0.1960257712	0.1281143648	-0.0281413801	0.0039328914	-0.2061155022	0.0355346245	0.1025099624	0.1140738438	-0.0098271932	0.0503683675	0.0172077504	0.0339969065	-0.0675381131	0.0581294661	0.1175284869	0.0018744141	-0.1348076055	0.0271165248	0.0679472965	0.0579678541	-0.0406153436	0.0927096388	-0.009919044	-0.0815760829	-0.0255423119	0.03341592	0.027988752	0.0417589949	-0.0292586187	-0.004037174	-0.0454611194	-0.0581662227	0.0160277202	-0.0467592765	0.0398665536	-0.0056781505	-0.0220573455	-0.0355984827	0.1097509193	0.0865648269	-0.0761568188	0.0602150652	-0.0284601138	0.1370037365	-0.0513816826	0.0380257784	-0.0045714689	-0.1238295593	0.1051828226	-0.0399377299	0.124284106	-0.0608909038	0.0579372559	-0.0193080367	0.1087920909	0.0147974512	0.1081794652	-0.0919439083	-0.165809178	-0.0473321133	-0.024448769	-0.0788475383	-0.0407913189	0.0201414704	0.0052117296	-0.0231961324	-0.0291752868	0.0069687998	0.0063021177	0.1003462755	-0.0895322438	-0.0961226255	-0.0431370286	-0.1126917379	-0.0714894297	-0.0235866767	0.0381501602	0.0140766767	-0.0816966582	0.0438417254	-0.0027991642	-0.0487184457	0.0348001755	-0.0854343618	0.0854301501	-0.0854231306	0.0854133037	-0.0854006697	0.0641349	-0.0295302	0.00087203271204	0.0041132853980099	-0.158918	-0.0738381	0.00545206501161	0.025254930724	0.272696	-0.186669	0.034845315561	0.074363108416	-0.00592344	0.00121705	1.4812107024999997e-06	3.5087141433600005e-05	-0.00203576	0.0001002499999999	4.144318777600001e-06	1.0050062499999931e-08	0.000802524	-0.000237306	5.6314137636000027e-08	6.44044770576e-07	0.0	1.0
