global_signal	global_signal_derivative1	global_signal_derivative1_power2	global_signal_power2	csf	csf_derivative1	csf_power2	csf_derivative1_power2	white_matter	white_matter_derivative1	white_matter_power2	white_matter_derivative1_power2	csf_wm	tcompcor	std_dvars	dvars	framewise_displacement	rmsd	t_comp_cor_00	t_comp_cor_01	t_comp_cor_02	c_comp_cor_00	c_comp_cor_01	c_comp_cor_02	c_comp_cor_03	c_comp_cor_04	c_comp_cor_05	c_comp_cor_06	c_comp_cor_07	c_comp_cor_08	c_comp_cor_09	c_comp_cor_10	c_comp_cor_11	c_comp_cor_12	c_comp_cor_13	c_comp_cor_14	c_comp_cor_15	w_comp_cor_00	w_comp_cor_01	w_comp_cor_02	w_comp_cor_03	w_comp_cor_04	w_comp_cor_05	w_comp_cor_06	w_comp_cor_07	w_comp_cor_08	w_comp_cor_09	w_comp_cor_10	w_comp_cor_11	w_comp_cor_12	w_comp_cor_13	w_comp_cor_14	w_comp_cor_15	w_comp_cor_16	w_comp_cor_17	w_comp_cor_18	w_comp_cor_19	w_comp_cor_20	w_comp_cor_21	w_comp_cor_22	w_comp_cor_23	w_comp_cor_24	w_comp_cor_25	w_comp_cor_26	w_comp_cor_27	w_comp_cor_28	w_comp_cor_29	w_comp_cor_30	w_comp_cor_31	w_comp_cor_32	w_comp_cor_33	w_comp_cor_34	w_comp_cor_35	w_comp_cor_36	w_comp_cor_37	w_comp_cor_38	w_comp_cor_39	w_comp_cor_40	w_comp_cor_41	w_comp_cor_42	w_comp_cor_43	w_comp_cor_44	w_comp_cor_45	w_comp_cor_46	a_comp_cor_00	a_comp_cor_01	a_comp_cor_02	a_comp_cor_03	a_comp_cor_04	a_comp_cor_05	a_comp_cor_06	a_comp_cor_07	a_comp_cor_08	a_comp_cor_09	a_comp_cor_10	a_comp_cor_11	a_comp_cor_12	a_comp_cor_13	a_comp_cor_14	a_comp_cor_15	a_comp_cor_16	a_comp_cor_17	a_comp_cor_18	a_comp_cor_19	a_comp_cor_20	a_comp_cor_21	a_comp_cor_22	a_comp_cor_23	a_comp_cor_24	a_comp_cor_25	a_comp_cor_26	a_comp_cor_27	a_comp_cor_28	a_comp_cor_29	a_comp_cor_30	a_comp_cor_31	a_comp_cor_32	a_comp_cor_33	a_comp_cor_34	a_comp_cor_35	a_comp_cor_36	a_comp_cor_37	a_comp_cor_38	a_comp_cor_39	a_comp_cor_40	a_comp_cor_41	a_comp_cor_42	a_comp_cor_43	a_comp_cor_44	a_comp_cor_45	a_comp_cor_46	cosine00	cosine01	cosine02	cosine03	cosine04	non_steady_state_outlier00	trans_x	trans_x_derivative1	trans_x_derivative1_power2	trans_x_power2	trans_y	trans_y_derivative1	trans_y_power2	trans_y_derivative1_power2	trans_z	trans_z_derivative1	trans_z_power2	trans_z_derivative1_power2	rot_x	rot_x_derivative1	rot_x_derivative1_power2	rot_x_power2	rot_y	rot_y_derivative1	rot_y_derivative1_power2	rot_y_power2	rot_z	rot_z_derivative1	rot_z_power2	rot_z_derivative1_power2
5503.948952934104	n/a	n/a	30293454.076504424	12017.951918534793	n/a	144431168.3162141	n/a	5011.971163033693	n/a	25119854.93908131	n/a	5060.308151385815	10031.516116308318	n/a	n/a	n/a	n/a	0.0	0.0	0.0	0.0	0.0	0.0	0.0	0.0	0.0	0.0	0.0	0.0	0.0	0.0	0.0	0.0	0.0	0.0	0.0	0.0	0.0	0.0	0.0	0.0	0.0	0.0	0.0	0.0	0.0	0.0	0.0	0.0	0.0	0.0	0.0	0.0	0.0	0.0	0.0	0.0	0.0	0.0	0.0	0.0	0.0	0.0	0.0	0.0	0.0	0.0	0.0	0.0	0.0	0.0	0.0	0.0	0.0	0.0	0.0	0.0	0.0	0.0	0.0	0.0	0.0	0.0	0.0	0.0	0.0	0.0	0.0	0.0	0.0	0.0	0.0	0.0	0.0	0.0	0.0	0.0	0.0	0.0	0.0	0.0	0.0	0.0	0.0	0.0	0.0	0.0	0.0	0.0	0.0	0.0	0.0	0.0	0.0	0.0	0.0	0.0	0.0	0.0	0.0	0.0	0.0	0.0	0.0	0.0	0.0	0.0	0.0	0.0	0.0	0.0	0.0	0.0	0.0	0.0	1.0	0.0200034	n/a	n/a	0.00040013601156	-0.0320217	n/a	0.00102538927089	n/a	-0.0287426	n/a	0.00082613705476	n/a	0.00158821	n/a	n/a	2.5224110041e-06	0.00110327	n/a	n/a	1.2172046929e-06	0.000489084	n/a	2.39203159056e-07	n/a
5437.430438279425	-66.51851465467917	4424.712791864767	29565649.77112758	11741.6810375378	-276.27088099699176	137867073.58727476	76325.59968685398	4977.128118172112	-34.84304486158089	24771804.304699477	1214.0377752261386	5021.361474700808	9719.344403858278	1.25277	41.438885	0.0520766499999999	0.0303885	-0.1026771613	0.0507232452	-0.1241619764	0.1569868375	-0.1349955779	0.2231988458	-0.1169550775	0.0585231775	-0.2728122001	0.1715819924	-0.2214405916	0.0737578795	-0.0108678041	0.1785857017	-0.0830975551	0.2996798023	-0.2341220047	0.0615135691	-0.0124723156	-0.0788170389	0.0460976605	0.0750011463	-0.0379138742	0.0230658306	-0.0580366626	0.0112902072	-0.0662612971	0.1276799214	-0.1417117175	0.0054982467	-0.022108229	0.018842455	-0.0008571731	0.1334454039	-0.0356026207	0.086878487	-0.1442549633	0.0206238275	0.0580894816	-0.0673579363	0.0600572415	0.0135902337	0.1355348447	-0.1593766635	0.1126495098	-0.1117474003	-0.0364786635	0.0376785168	0.0373860501	-0.01629535	-0.0002111957	-0.0362015346	0.0447323356	0.0064716429	0.047793199	-0.0004822908	-0.0513666155	-0.0703433077	0.1007218011	0.1268051999	-0.050525568	-0.017808931	-0.0352310205	0.0741616921	0.0744496702	-0.066955008	-0.0626543503	0.0117580797	-0.0094407947	-0.0593336911	0.0646403145	-0.0504225981	0.0988024768	-0.0802793876	0.1418671711	-0.0986754087	0.034581676	-0.0534380692	0.0109418805	-0.0214335177	0.1414117977	-0.109632252	0.1147150387	-0.101554177	0.0048189214	0.0960820722	-0.0964298924	0.0364315455	0.0544307649	-0.0860613608	0.1255848776	0.030728941	-0.1215699183	-0.0192872804	0.0362458521	0.0082953013	0.0504790156	-5.88874e-05	-0.0198027687	-0.0146470724	0.0143461606	0.0093458425	0.0305085616	-0.0680104025	-0.036491169	0.1104306555	0.2021268443	-0.0313480011	-0.0540445073	-0.0224902562	0.0548866174	0.167200159	-0.1034163312	0.1240256802	0.1239985182	0.1239532527	0.1238898902	0.1238084399	0.0	0.0150005	-0.0050029	2.502900841000001e-05	0.0002250150002499	-0.0309144	0.0011072999999999	0.00095570012736	1.2261132899999968e-06	-0.0370586	-0.0083159999999999	0.0013733398339599	6.915585599999995e-05	0.00210292	0.0005147099999999	2.649263840999998e-07	4.422272526399999e-06	0.000928317	-0.0001749529999999	3.0608552208999976e-08	8.61772452489e-07	0.00055243	6.334600000000004e-05	3.051789049e-07	4.012715716000005e-09
5435.924654669168	-1.5057836102569129	2.2673842809183418	29549276.85124012	11686.429482605996	-55.251554931805	136572634.05192265	3052.734322382266	4976.763603739823	-0.3645144322890701	24768175.967509396	0.132870771347023	5020.213911665334	9727.505016503985	1.13543	37.557514	0.0608438	0.0280588	-0.130740683	-0.0611735999	0.0329890839	0.1113893544	-0.1468302333	0.0471917819	-0.132397158	0.1174900867	-0.1172368871	-0.0195761655	-0.0859088101	-0.1389627125	0.1304394046	-0.0485805972	-0.0203883121	0.1208820547	-0.0314515855	0.0367828547	-0.0225136741	0.0263074716	0.0076456153	-0.0954407971	0.0763388532	-0.1156003799	-0.0204646868	0.0682965246	-0.0948397364	0.1725968556	-0.003893055	0.1051570515	0.0565246391	-0.1214640314	-0.0023131058	0.0629712022	0.083674898	0.0129497492	0.0109109155	0.0140396152	0.0552479547	0.0627655979	-0.0645065282	0.020595947	-0.0244681457	0.0075454669	0.0034165044	-0.0350504208	0.0801368987	-0.0106615385	-0.0017934686	-0.0575429797	-0.2185573938	-0.0476263854	-0.0620314903	-0.0229311813	-0.0583990797	0.0599236984	0.0532149574	-0.0818348542	-0.2092661906	0.0781997633	0.0876701211	0.0670683758	0.058635762	-0.0943812534	0.1272403085	0.0302135553	0.0141757864	-0.0101743	-0.0913392296	0.1364456551	-0.0124587344	0.0576392246	0.0005490063	-0.1301925436	0.1510572593	-0.045833923	-0.1219757248	0.0549040657	-0.0747014504	0.0492079261	0.0713200266	-0.0014526774	0.0095537552	0.0270176598	-0.0147557501	0.0263022066	0.0464293905	-0.0098758327	-0.0829095807	-0.0036733718	-0.0139327428	0.0235545448	-0.0520821905	0.051384813	-0.0060191841	-0.0027497603	-0.1581822502	-0.1704164989	0.0123247952	0.0085020556	-0.117026265	0.0629977318	-0.0412805404	0.0647002607	-0.1018486714	-0.2054649687	0.059796081	0.1204391729	0.0901377507	-0.0284830673	-0.138273025	0.0492906312	-0.0372705534	0.1239532527	0.1237089139	0.1233020394	0.1227331636	0.1220030341	0.0	0.013187	-0.0018134999999999	3.288782249999997e-06	0.000173896969	-0.0192453	0.0116691	0.0003703815720899	0.00013616789481	-0.0222313	0.0148272999999999	0.00049423069969	0.0002198488252899	0.00185352	-0.0002493999999999	6.220035999999994e-08	3.4355363904e-06	0.00116547	0.000237153	5.6241545409000015e-08	1.3583203209e-06	0.000388305	-0.000164125	1.50780773025e-07	2.6937015625000012e-08
5431.76634798642	-4.158306682747934	17.29151446778613	29504085.659117736	11616.866998098458	-69.5624845075381	134951598.85150906	4838.939250861478	4975.018912958101	-1.7446907817220565	24750813.184290808	3.04394592382592	5020.478584887063	9684.857634251168	1.227353	40.598137	0.0834334999999999	0.0423929	0.0663668207	-0.0752312093	-0.0105825214	-0.0502123348	-0.1924695047	0.1383574301	-0.1359317267	0.0323937227	0.0734641045	0.0636165439	-0.08627939	0.0140680855	0.0676681762	0.0784147119	0.0004012478	-0.1075649081	0.0077540746	-0.0541368069	-0.0008676572	-0.0521671309	0.053874569	0.0225496807	0.0596712592	0.100629387	0.0187554689	0.1318905861	0.0547346653	0.1265765351	0.1225808117	0.1136297816	0.0756650786	0.0468190104	-0.0850093856	-0.0766459341	0.0692566818	0.133651197	-0.0025722438	-0.0006933752	0.0703483611	0.0518605373	0.0688398723	-0.0726438112	-0.0206182699	0.0219290374	-0.1199864686	-0.2258416621	0.0541750774	-0.0083957041	0.0635140996	-0.059811554	-0.0399330728	0.074141832	-0.0621031303	-0.0087766753	0.1334851385	-0.0563546801	0.009112968	-0.0331108416	-0.0569254939	-0.075336796	-0.0020220036	0.0959322793	-0.1351261108	0.0941688553	-0.0553039859	-6.4405e-06	-0.0417394962	-0.0786999155	0.0537806264	-0.0020996958	-0.0522506004	-0.0989802823	-0.1535610726	0.0193069257	0.1555102209	0.0783667501	-0.1582273801	0.0515842986	0.056773615	-0.0425338786	-0.0235285695	0.0936797088	0.1199716116	-0.0079308174	-0.0379923312	0.0299747328	0.0858735571	0.0653565176	-0.0158190964	0.0920090502	-0.0173296266	-0.1185635132	-0.2196128691	0.1024408297	-0.0152579813	-0.0180212142	0.056381726	-0.0507092154	-0.0531353693	0.0233897954	-0.1327134495	-0.1166881368	-0.0180025076	0.0161968657	-0.0180824044	-0.0220520345	-0.1020905325	0.0155166053	0.027650268	-0.0702925115	0.1367307789	-0.0459675338	0.1811029667	0.1238084399	0.1231303817	0.1220030341	0.1204305106	0.1184185493	0.0	0.0222929	0.0091059	8.291741481000001e-05	0.00049697339041	-0.0502383	-0.030993	0.00252388678689	0.000960566049	-0.0108392	0.0113920999999999	0.00011748825664	0.0001297799424099	0.00237481	0.00052129	2.7174326410000024e-07	5.639722536100001e-06	0.00124748	8.200999999999998e-05	6.725640099999997e-09	1.5562063504e-06	0.000352755	-3.554999999999997e-05	1.2443609002500002e-07	1.2638024999999976e-09
5419.9927938456185	-11.773554140801934	138.61657710639437	29376321.885338437	11564.39041236005	-52.476585738408176	133735125.60948505	2753.7920507605045	4976.037532395996	1.018619437894813	24760949.523813635	1.0375855592571448	5022.255745705239	9646.586653487617	1.148505	37.990013	0.11000046	0.0543094	0.1068223309	0.0479552257	-0.0355824268	-0.033975482	0.0438426502	0.0872852394	-0.0350690406	-0.0233493303	0.0943482169	0.0861579677	-0.0427716974	-0.1621936097	0.1385186346	-0.1447184752	-0.0073989091	-0.0595388959	0.0960821869	-0.0647668904	-0.0979049843	0.0312021888	-0.1022707939	0.0591936103	-0.2152789106	-0.0108502655	0.0889569067	-0.0244360594	-0.0870378669	-0.0632513881	-0.0720917193	-0.0759370581	0.0227212602	0.0143427491	0.0159340679	-0.1098598542	-0.0220673454	0.113060211	0.0127298022	0.0018417678	0.0130362288	-0.0223901556	0.0554487937	0.010399138	0.0792349649	-0.1257009709	0.1251527863	0.1162443771	0.0194135113	-0.0110819403	0.1350479538	0.0266920357	0.0500443321	-0.0191186385	-0.1060649418	0.0410691626	-0.1283989315	0.0701289111	0.1501104475	0.0064133484	0.1025361818	-0.1251599665	0.0514773453	0.1179051682	-0.092550604	-0.0102285382	-0.0743228503	-0.0035239656	0.0547953589	0.119418742	0.0430931398	-0.1706692832	0.0958379715	0.0760296267	-0.0163978912	-0.0852729603	-0.0985205866	-0.0364661774	0.0512139074	0.0159860581	0.0156660487	-0.0259870188	-0.1583119327	0.0145180656	0.1153582516	0.0055270112	-0.0242070735	0.0521450632	-0.0359529413	0.0434515295	0.0557782479	-0.0823707215	0.0790352391	0.0539214599	0.097563747	0.0685992905	0.0787957046	0.1286970763	0.0230437909	0.0052373742	0.0345739466	0.1385070087	-0.0195248451	0.1000471635	0.0589863575	0.1527306824	0.1324972495	0.0586659112	-0.0565091975	0.009367272	0.1159607643	-0.101382274	0.1182405395	-0.0448388355	0.0475847849	0.1235913266	0.1222642728	0.1200630614	0.1170034304	0.1131072554	0.0	0.0161048	-0.0061881	3.829258161000002e-05	0.0002593645830399	-0.0316028	0.0186355	0.00099873696784	0.00034728186025	-0.0179043	-0.0070651	0.00032056395849	4.9915638010000014e-05	0.00150512	-0.00086969	7.563606961000004e-07	2.2653862144e-06	0.000868429	-0.000379051	1.4367966060100006e-07	7.54168928041e-07	3.92608e-05	-0.0003134942	1.54141041664e-09	9.827861343364e-08
5424.933439594337	4.9406457487184525	24.40998041432972	29429902.82402884	11580.154953964957	15.764541604907208	134099988.75783911	248.52077201285036	4978.5092803617945	2.471747965798386	24785554.654648516	6.109538006428458	5024.068503013436	9685.729890083585	1.099956	36.384117	0.047099329	0.0245416	0.0470183816	0.1096950161	0.0891930962	0.017820109	0.0657184604	0.0818968482	-0.1462055481	-0.0456422747	0.1090432731	-0.0221643512	-0.0164002744	-0.2078165978	-0.0240078543	0.0046781034	0.0352446635	-0.0681749034	0.1323370458	0.0374167967	0.0972447539	-0.0325861035	-0.1210762259	-0.0577891173	-0.0449510487	0.0363941315	0.1531782631	-0.1886533176	0.0607009547	-0.0639323852	0.0161659765	-0.0272982943	0.0861529146	0.0366274085	0.050830773	-0.0855197793	-0.0670124702	-0.1186737831	-0.0290280503	-0.0596990404	-0.0380817663	-0.0618282011	-0.1310651341	-0.1206799	-0.0274608746	0.0492086554	-0.0739221853	0.0054106717	0.1051193088	-0.0864291923	0.0301016108	0.1238644226	0.0474771473	-0.1266307533	0.0928291733	0.0034149092	0.0322948403	0.0625460968	-0.2211489898	-0.0836316905	-0.0258762456	0.1050319547	0.0358601375	0.0792135552	-0.1233710821	-0.1012855481	-0.0831779124	0.0344317684	0.0049794991	0.1503112902	-0.0012820354	-0.1114246323	-0.0983991446	0.0800464718	0.0246624899	0.1442411287	-0.1090963727	-0.0454372401	-0.0173569754	0.071599256	0.0714345826	0.0450278702	-0.1325409699	-0.0116819146	-0.1084729067	-0.0215152519	0.1011048921	-0.0357923287	0.0353491137	-0.1775939601	0.1098805125	0.0391551384	-0.0827204946	-0.0112183459	0.0013561279	0.1409534749	0.0968641973	0.0326570232	-0.0425362511	0.0660475361	0.0788466345	-0.0934740857	0.0669387834	0.0276666569	-0.0196918963	-0.1591213699	-0.1858745871	0.0053551779	0.0931923437	0.0527360696	0.0127507538	-0.1305202083	-0.0036903985	-0.1317891811	0.0242169236	0.1233020394	0.1211126101	0.1174923133	0.1124839207	0.106146603	0.0	0.0231126	0.0070078	4.910926084000002e-05	0.00053419227876	-0.0441656	-0.0125627999999999	0.00195060022336	0.0001578239438399	0.000468354	0.018372654	2.19355469316e-07	0.0003375544150037	0.0015135	8.380000000000106e-06	7.022440000000178e-11	2.29068225e-06	0.000719528	-0.000148901	2.2171507801000002e-08	5.177205427839999e-07	6.51013e-05	2.5840500000000004e-05	4.238179261690001e-09	6.677314402500003e-10
5416.320350323053	-8.61308927128357	74.18530679510015	29336526.137323644	11548.535317874635	-31.619636090321364	133368667.9881978	999.8013864843532	4973.203734598534	-5.305545763260852	24732755.385824803	28.14881584605518	5018.934859554474	9696.457668993342	1.109346	36.694733	0.063306309	0.0351983	-0.0228496248	0.1439460576	0.1357097216	0.0924678331	0.077965894	-0.0191551619	-0.1368146652	0.0338973106	0.2103444432	0.0173097207	0.0220435632	0.0811318112	0.1022923458	-0.1257388418	0.0191937126	0.0153458298	0.0450248861	0.0490459409	0.0496063207	-0.038925637	0.0070752565	0.0416470171	-0.0656136375	-0.0346583143	-0.1949557961	0.0309841896	-0.0747000545	0.1115781807	-0.001288888	-0.1322569142	0.0336258214	-0.0165977115	0.015679563	0.0997208819	0.0646081929	0.0015216402	-0.0087200014	0.0064633445	-0.2041654372	-0.1468453625	0.0506494103	-0.078849342	0.0439007043	-0.0639572121	-0.0116355985	0.093903038	-0.0965800455	0.0318571209	-0.0412472454	-0.0861311654	-0.1271507728	-0.1252052247	0.2005883456	0.0707258293	0.0145505327	0.0436531612	-0.0231076189	0.0690813007	0.0011987967	-0.0227660371	-0.1081745749	-0.0540942374	0.2357661859	-0.1478713907	-0.2682021212	-0.017114628	-0.0316389342	0.0409736448	-0.0461225365	0.0269909744	0.1634189147	-0.0616898427	0.1232695895	-0.0858031824	0.1355262645	0.065284126	0.0907425507	0.0456500823	-0.0037185454	0.0255493483	0.0644331915	-0.0390337101	0.0106928813	0.0009212388	0.0190680145	-0.1448135544	-0.2057083636	0.0096049671	0.1535233646	-0.0411933978	0.0412846561	-0.0483500684	0.0592324955	-0.0717354219	0.0039510497	0.0398172995	-0.0191537346	-0.116911309	0.1155962881	-0.2080259951	0.0263453113	0.0342720128	-0.0138236477	-0.0874599583	0.0179730276	0.0243193088	-0.0494331574	-0.097117986	0.0963092826	0.1813261509	-0.0669597204	-0.2439304877	-0.1568986102	0.1229407472	0.1196780832	0.1143042958	0.1069141789	0.0976380941	0.0	-0.00150524	-0.02461784	0.0006060380462656	2.2657474576e-06	-0.0394945	0.0046710999999999	0.00155981553025	2.1819175209999977e-05	-0.015043	-0.015511354	0.000226291849	0.0002406021029133	0.00153472	2.1219999999999963e-05	4.5028839999999836e-10	2.3553654784e-06	0.000750311	3.078300000000005e-05	9.475930890000027e-10	5.629665967210001e-07	-0.000253016	-0.0003181173	6.4017096256e-08	1.0119861655929003e-07
5411.625692544669	-4.694657778384681	22.039811656147783	29285692.636209566	11564.113987777451	15.578669902815818	133728732.3223101	242.6949559408994	4978.399605634028	5.195871035494747	24784462.63337705	26.99707581749325	5023.198931614326	9644.433234095526	1.134396	37.523335	0.05930695	0.0476406	-0.123736675	0.0709765385	-0.088957771	0.1055327424	0.0158411607	-0.0683174626	0.0032016036	-0.0158570563	0.0774954907	0.1026084545	0.1548608041	-0.0340318015	-0.0148966231	-0.1012606987	0.020096716	-0.1932947582	-0.0864216182	-0.118064001	0.1408062762	-0.0369701521	0.0332055824	-0.0963283579	0.020515965	-0.0115886098	-0.0967575037	0.0250692073	0.1444308135	0.0521948925	-0.0976885849	0.1916308988	0.0589732004	0.0712862367	-0.0034968892	-0.0416962218	0.1678266825	-0.0173325667	-0.0022200132	0.0942417684	0.0020114596	0.1368274105	-0.1665363549	-0.0568784975	-0.120403472	-0.0274960136	0.110695823	0.132992674	-0.0812007825	0.0760240271	-0.0804568689	-0.0003963678	0.1590166618	-0.0367784433	0.1546675115	-0.0009660416	-0.1697668252	-0.0606102362	0.0035884566	0.1376017739	0.0800971751	0.0148416352	0.0074698552	0.1046208296	-0.1339417132	-0.1052646482	0.0104580558	0.0732976631	-0.0510971131	-0.0093126814	-0.0965847403	0.0980581974	0.0737028483	-0.0525627178	-0.0682494518	0.1077647459	0.0650818863	-0.1823743204	-0.0933516553	0.0485278791	0.0630371265	0.0377632632	0.1003879294	0.1617814569	0.0055153321	-0.0826662934	-0.0473434003	-0.08078646	0.1660543302	-0.1435375691	-0.0369697235	-0.0525658854	0.0760622093	0.0974086247	0.0949428863	-0.1126960779	-0.1015454276	0.0291897836	0.0300745801	0.0562743776	0.0960845726	-0.0502949127	0.2544001044	0.0713844068	0.0307877461	0.0268846494	0.0999192437	0.0183793712	0.013764841	-0.0338929935	0.0327299433	-0.1807918791	-0.0016785611	-0.0808472606	0.082617887	0.1225076612	0.1179640426	0.1105157577	0.1003462082	0.0877058019	0.0	-0.00140971	9.552999999999992e-05	9.125980899999984e-09	1.9872822841e-06	-0.0360113	0.0034831999999999	0.00129681372769	1.2132682239999991e-05	-0.00844853	0.00659447	7.137765916089998e-05	4.348703458090002e-05	0.00152493	-9.789999999999972e-06	9.584409999999946e-11	2.3254115049e-06	-0.000179802	-0.000930113	8.651101927689999e-07	3.2328759204e-08	-0.000295788	-4.2772e-05	8.7490540944e-08	1.8294439839999998e-09
5409.275951830701	-2.349740713967549	5.521281422876726	29260266.323053937	11563.538500392133	-0.5754873853184108	133715422.65005112	0.331185730660621	4975.568272437188	-2.8313331968402053	24756279.633683585	8.016447671529377	5020.3374096919415	9662.113049261832	1.190459	39.377766	0.059392367	0.0276592	-0.020525059	-0.0889741821	0.0815699893	-0.0083515739	-0.016566475	-0.0980345117	0.045991412	0.0755872676	0.0615836127	-0.0689428322	-0.0774560238	0.078228426	-0.0871765549	-0.087084843	0.0308169759	-0.1288513247	0.0505989348	-0.0625216329	-0.0002549552	-0.0163197604	0.0673578738	-0.1042921455	0.0712868547	0.0550885689	-0.0393215488	-0.0391011456	0.1199787054	0.0232091392	-0.1021064423	-0.1197476444	-0.0295701972	0.0160870318	0.0613810659	0.1057835008	-0.0793078908	-0.1594543453	0.0765777786	-0.0717914715	0.0305311713	-0.043954593	-0.0599983703	-0.0483336909	-0.0256811286	0.1003507062	-0.0528138521	0.1275806891	-0.1063575002	-0.1695065339	0.0319841554	-0.083260644	-0.1044954525	0.007007093	-0.0579892357	-0.1550947543	0.0321008074	0.010015933	0.1107723118	0.0333052269	-0.0522136416	0.0197906322	-0.0199394893	-0.1615405906	0.0379533649	0.1673889945	-0.1399425702	0.0211544762	-0.0362354091	-0.0608564174	-0.0911229613	0.0408350546	-0.0531733671	-0.0693564149	0.0073471721	0.1214092503	0.0291138175	-0.0594637453	0.145179952	-0.0524080945	0.0278802269	0.0340249807	0.0157989946	-0.0830337191	-0.1588297292	0.1189875744	0.0929240141	0.0519111177	0.0029853446	-0.0602163123	0.0486671958	0.0365124602	-0.1145877714	-0.0150334185	0.100539059	-0.1091376659	0.1315258613	-0.0199278875	-0.0560286221	-0.1553860087	-0.0387457493	0.0357251592	-0.0310973109	-0.0855017855	-0.1271617561	0.0533617189	0.0747265555	-0.096361609	-0.0269574851	0.0427292787	-0.1426961414	0.1865839579	0.1448066941	-0.047761477	-0.0354471899	0.1220030341	0.1159744915	0.106146603	0.092841332	0.0764945617	0.0	0.0149074	0.01631711	0.000266248078752	0.0002222305747599	-0.0466277	-0.0106163999999999	0.00217414240729	0.0001127079489599	-0.0065332	0.0019153299999999	4.2682702240000005e-05	3.668489008899996e-06	0.00134231	-0.00018262	3.335006440000003e-08	1.8017961361e-06	6.71434e-06	0.00018651634	3.4788345086995605e-08	4.5082361635599987e-11	-5.40538e-05	0.0002417342	2.92181329444e-09	5.843542344964e-08
5414.794273492038	5.518321661336813	30.451873957979085	29319997.024242166	11545.226563280365	-18.3119371117682	133292256.39747454	335.3270407853536	4966.101987900509	-9.466284536679268	24662168.954229385	89.61054292937303	5011.678745108824	9681.899102159392	1.156346	38.249393	0.083629567	0.0390213	0.0980712526	-0.0326316672	-0.015241711	-0.0978360695	0.0163940806	0.0279249172	0.1678757079	0.0147653106	0.0963770053	-0.0051997352	0.058762634	-0.0090088099	0.0086470454	0.1146045243	0.0623903302	-0.072902702	0.007354534	-0.0104682929	0.170396136	0.0836038331	-0.0564793413	0.0457561701	0.1486082375	-0.0028617581	0.1771962137	-0.0172609865	0.0333996311	-0.0900128489	-0.0146306046	0.01424979	-0.1030582876	-0.1410581125	0.0094428711	-0.0123907022	-0.0513889586	-0.0459647	-0.0190924681	-0.162449242	-0.0096031064	0.1137872509	-0.0212608057	0.1590033835	-0.0524733874	0.1539367306	0.0613989907	-0.1008368935	-0.1216980597	-0.028070152	-0.0918941144	-0.0673501606	-0.0260638477	-0.0926712134	-0.0637507122	0.0321888644	-0.179181775	-0.0214820591	-0.0612808739	-0.0484783291	-0.0396731796	0.0602792128	0.0344948496	-0.0986895061	0.0439754465	0.0834207233	0.0083988634	-0.0680727364	0.0711609168	-0.0123838232	0.1185296773	0.0344414085	-0.1830328188	0.0634910474	-0.0743656592	0.0099209485	-0.0733975107	-0.0385234403	0.0355247192	-0.0661501149	-0.1540876127	-0.0052405121	-0.0473945228	-0.0418396441	-0.0553546623	-0.0104135641	0.1350984972	-0.0100266003	-0.000659332	0.0606198369	-0.213694962	0.0200042736	-0.112866078	0.1172464617	-0.094242745	-0.1666241986	-0.0156910817	-0.1061125581	-0.0387220455	-0.0373764078	0.0982314505	0.0628878778	0.0896847733	0.0765729414	0.0399331111	0.0312368628	-0.0995508926	-0.0396526952	4.34535e-05	0.0776174434	-0.0629336166	0.1043927889	-0.0124365003	-0.0216753421	0.069932194	0.1214271607	0.1137140766	0.1012197857	0.0844696213	0.0641678585	0.0	-0.00144541	-0.01635281	0.0002674143948961	2.0892100681e-06	-0.0249382	0.0216895	0.00062191381924	0.00047043441025	-0.00909528	-0.00256208	8.272411827840002e-05	6.564253926400002e-06	0.00087173	-0.0004705799999999	2.2144553639999997e-07	7.599131929000001e-07	-0.000202767	-0.00020948134	4.38824318081956e-08	4.1114456289e-08	-0.000234496	-0.0001804422	5.4988374016e-08	3.2559387540839995e-08
5418.017566850878	3.223293358840237	10.38962007714358	29354914.35470471	11579.029000384982	33.80243710461764	134073912.59175643	1142.6047542116312	4973.220247422714	7.118259522205335	24732919.62937524	50.66961862546693	5018.335773048933	9676.491055509114	1.079556	35.70932	0.03201141	0.0200256	0.0945081756	0.0516098759	-0.1313465349	-0.0938691275	0.0920548138	0.0370126223	0.0652049936	-0.0495753528	-0.0130458504	0.1329663098	0.0728873855	-0.016883629	-0.0462367519	-0.0693577539	-0.0086491521	-0.0445969587	0.0508950417	0.1178622871	-0.16473591	0.0470726067	0.1061529648	-0.0314807328	-0.0526214409	0.1207835136	0.0649901103	0.1048400288	0.100164236	-0.0218790135	0.1400711487	-0.1683838388	0.0624870236	0.0115037147	0.0243008867	-0.1471513436	0.0091954901	-0.0613527081	-0.074078235	-0.0222678386	0.0949631494	-0.0503652761	-0.084814042	0.074916105	-0.1440731052	-0.09353561	-0.1616043102	0.0891610544	-0.2051838405	-0.0257945768	-0.0824753277	0.0165670805	0.1804291151	0.0851634476	-0.0173146616	0.0621039721	0.0287836317	0.0604972305	0.0861785455	-0.1839401188	-0.0346819389	-0.0443430775	0.1355090097	-0.0237328436	0.0445763381	-0.053975891	0.1126630513	-0.1363517817	0.0428322361	-0.0759950396	-0.0522496549	-0.1442093913	-0.032135397	-0.0512716062	-0.0965722834	0.0596416464	0.0674568175	0.1767906934	0.1160539315	0.0751208116	0.0394840677	0.020092539	-0.110868947	0.0636095056	-0.0809026581	-0.1353191731	-0.0142302884	0.0554940907	0.0774738454	-0.1463292957	-0.0699566144	0.1455573693	0.0747750055	-0.1414017001	0.1367802227	-0.1718627199	0.0741083756	-0.0733562427	0.1187979914	0.1444945595	0.0813533728	0.0137214816	-0.1060780193	0.0331229878	0.0360845328	0.1183455759	-0.0129440639	0.0049887716	-0.0147568625	0.1086118292	0.0058696044	0.036885502	-0.1166221989	0.1324919348	-0.1206323837	0.1207803772	0.1111880772	0.09576119	0.0753092405	0.0509054434	0.0	-0.00139186	5.355000000000008e-05	2.867602500000009e-09	1.9372742596e-06	-0.0078280399999999	0.0171101600000001	6.127821024159844e-05	0.0002927575752256	-0.00563048	0.0034648	3.17023050304e-05	1.2004839040000003e-05	0.000829424	-4.2305999999999984e-05	1.7897976359999984e-09	6.879441717760001e-07	-0.000200771	1.9959999999999856e-06	3.984015999999943e-12	4.0308994441e-08	-0.000417852	-0.000183356	1.74600293904e-07	3.361942273600001e-08
5414.86800209785	-3.149564753028244	9.919758133517863	29320795.48014316	11591.14759706426	12.118596679278198	134354702.61692858	146.86038547501258	4967.945755627316	-5.274491795397807	24680485.03085547	27.820263699718787	5013.417161448064	9719.24489894536	1.119146	37.018898	0.045378486	0.0306942	0.0218673823	0.1252684513	0.1145697228	0.0529404525	0.1349196467	0.0906783923	0.0282250802	0.0395930177	0.0439764871	-0.1577708974	-0.025558079	-0.0655092086	-0.0036700699	0.1076739192	0.0316409244	-0.063604888	-0.0881577588	0.1444662002	-0.0540129673	0.1209279169	-0.0252675057	0.0331942617	0.0196127269	-0.1459366046	0.1484908384	-0.0627603046	-0.0186646896	-0.0272165066	0.058687801	-0.0352608606	-0.0187521711	0.1203724005	-0.015677523	0.0658975436	0.0345571262	-0.0884222196	-0.0467061559	0.1105485138	-0.1281119632	0.121319183	0.098205873	-0.1396773789	0.0244178337	0.0585677231	-0.096207919	0.0976878844	0.0491298034	0.0297420197	0.145131151	0.0230241615	0.0134824091	0.076957542	0.0656185814	-0.0140239066	-0.0001862831	-0.0684413287	-0.1085605021	-0.1137527824	-0.1425959881	-0.1601855132	-0.1344585522	-0.1653015711	0.0561698196	0.0586253828	0.1128344992	-0.0844737295	0.1244057807	0.0129326506	0.0139783874	-0.0235596158	-0.0602735591	0.2175101029	0.0491376126	-0.0056949274	-0.042438133	0.0384275003	0.0126674604	-0.0545089743	0.0972119178	0.0013239447	0.0803833387	0.0175756992	-0.0592074895	-0.0188227103	-0.0265099593	-0.1889345703	0.1219447679	0.1088357941	0.1415921192	-0.0659765369	-0.0394473838	-0.0648105947	0.0849152143	0.0769743966	-0.0433808102	0.0701945025	0.1057017519	-0.0556466051	-0.0644965412	-0.0635456416	0.0147013535	-0.0311722924	0.0156120767	0.0120577063	-0.1948438573	-0.0808712257	-0.1575600317	-0.1264713203	-0.1328813145	0.1339997648	-0.0411460699	0.1302094814	-0.0412486462	0.1200630614	0.108402393	0.0897994937	0.0654457176	0.0369007123	0.0	0.000878476	0.002270336	5.154425552896e-06	7.71720082576e-07	-0.00293279	0.0048952499999999	8.601257184099998e-06	2.3963472562499037e-05	-0.00969118	-0.0040607	9.39189697924e-05	1.6489284490000003e-05	0.000750413	-7.901100000000003e-05	6.242738121000005e-09	5.63119670569e-07	-0.000175552	2.5219000000000017e-05	6.359979610000009e-10	3.081850470399999e-08	0.000160962	0.000578814	2.5908765444000002e-08	3.35025646596e-07
5409.213159654925	-5.654842442924746	31.97724305430311	29259587.00658402	11564.97304865699	-26.174548407270777	133748601.61616255	685.1069843245612	4965.4229904286	-2.5227651987161157	24655425.473876905	6.36434424785316	5010.687855060047	9684.747846155757	1.129969	37.376884	0.041238536	0.0192624	-0.0829877	0.1124464113	-0.0656550372	0.1030876187	0.1051184531	-0.0579386468	0.0568913767	-0.0248791111	0.0351359166	-0.0529309751	0.102075825	0.2000545412	-0.0070982209	0.0661305628	-0.0031387299	0.0073136365	0.0731931076	0.0812327354	-0.1273878663	-0.0624154839	0.0010819178	-0.0837322041	-0.1301434606	0.1720899994	0.0094115074	-0.1005560926	-0.0859070398	-0.0768643939	0.0163492007	0.0088631919	-0.0972904538	-0.0473783362	0.0129111464	0.0389832911	0.0618640454	0.117608569	-0.0290984966	-0.0508789816	-0.0372342677	-0.1231535691	0.0631354569	0.0431898646	-0.0758891586	0.0676567247	0.0483756361	-0.1262473642	0.0833913668	0.0373384069	-0.0477257892	-0.0944259003	0.1100557308	0.059772815	-0.0488921366	-0.1594014723	0.1683837339	-0.0650643152	-0.0442614554	0.0824930667	-0.0567460966	-0.0371612947	0.0596336293	-0.0602799136	0.0744712358	0.0358130077	0.007565545	0.0810104624	-0.0611136451	0.0766334492	-0.1213255588	-0.1562173502	-0.013567322	-0.1014893827	0.0568386254	-0.0056362015	-0.1223494469	0.0222199688	-0.030874349	-0.0337185143	-0.1019566579	0.0127253512	0.0268130837	0.0559699316	0.1052243072	0.0052838488	0.0087054261	-0.0060862125	-0.1482684363	0.0716622149	-0.0063512105	0.1279879631	-0.0240359713	0.0867224117	-0.0602376621	0.0472161644	-0.0883612584	-0.0928733469	0.085065608	0.0613901661	-0.0418069781	0.0955145321	-0.0103148604	-0.2146268732	-0.1342229889	-0.0932791355	0.0258662061	-0.0148515537	-0.0946183549	0.0683057566	-0.0588544576	0.0387123597	-0.034388471	0.0193281591	0.0164758003	0.1192756321	0.1053635299	0.0833660178	0.0549711457	0.0223578858	0.0	-0.00141943	-0.0022979059999999	5.280371984835999e-06	2.0147815249e-06	-0.0135327	-0.01059991	0.00018313396929	0.0001123580920081	-0.0122408	-0.0025496199999999	0.0001498371846399	6.500562144399994e-06	0.000922029	0.0001716159999999	2.9452051455999996e-08	8.50137476841e-07	-0.000405035	-0.000229483	5.2662447289e-08	1.64053351225e-07	0.000275685	0.000114723	7.6002219225e-08	1.3161366729000002e-08
5401.621001560784	-7.592158094141268	57.640864526434775	29177509.444502525	11557.955200417786	-7.017848239203886	133586328.41486454	49.25019390849708	4967.946987927628	2.523997499027246	24680497.274859183	6.370563375095792	5012.449275933655	9632.137269855992	1.150367	38.051594	0.05839232	0.0314793	-0.1391242501	-0.031138773	-0.1152222534	0.0780936416	0.0521365191	-0.1833049144	0.1498873254	0.008204022	-0.013441162	0.0723277112	0.1460373022	0.0237988328	-0.080579555	0.0121082667	0.0330404143	0.0419314822	-0.0141626222	-0.0064553309	0.0526123862	-0.0525817506	-0.0303154884	-0.0220603699	0.0990276909	-0.11597017	0.0002496618	0.1292728749	0.0286319054	-0.1263990695	0.0559239019	-0.0856049188	-0.0946465849	0.0194055777	-0.0801864982	0.1031005492	-0.0374140273	0.0724843428	0.0452765953	0.0395927204	0.0412858361	0.0859190127	-0.0659581498	0.0498196736	0.065951155	-0.1387902142	-0.0628218899	-0.0386020486	-0.0303069334	-0.0369286241	-0.0192640963	0.1802907045	0.1085430232	0.0223767746	-0.1564341727	0.0240449934	0.028808299	0.0311785349	0.0706098014	0.1617847432	0.1094223472	-0.0288720648	0.0798768804	-0.1108743353	-0.2369754272	0.0136169611	0.0966441591	0.0514284948	-0.0715347909	0.005021816	0.0203780765	0.134575733	-0.0428369362	0.0856365208	-0.0552998695	-0.0131683009	-0.0634604828	0.1417185405	0.1274500238	-0.0636729914	-0.0140931054	-0.0594190911	0.0990187855	-0.0180777409	0.0838521757	0.0527622876	-0.0226400091	0.0139653752	0.0758446478	-0.0790754443	-0.0814616171	-0.0807074412	0.0922663035	-0.1258461628	-0.0348456408	0.0057536709	0.0833382273	0.0268890816	-0.0503507144	0.1742764457	-0.0276033392	0.1421110155	0.0224166399	0.0561891487	0.0475563108	-0.0270015582	0.158192099	0.0846011203	-0.0202307073	0.0006902576	-0.1952260842	-0.2455641359	0.0113451104	0.0979279727	-0.1034224586	0.1184185493	0.1020785854	0.0764945617	0.043983323	0.0074890309	0.0	-0.0197842	-0.01836477	0.0003372647771528	0.0003914145696399	-0.00666453	0.00686817	4.44159601209e-05	4.71717591489e-05	-0.00294632	0.0092944799999999	8.6808015424e-06	8.638735847039998e-05	0.000997829	7.58e-05	5.74564e-09	9.95662713241e-07	-0.000405035	0.0	0.0	1.64053351225e-07	-0.000125813	-0.000401498	1.5828910969000004e-08	1.6120064400400005e-07
5417.226948296093	15.605946735308862	243.5455735052973	29346347.8093454	11572.939319170964	14.984118753178336	133932924.4852133	224.52381480935068	4980.6384488408585	12.691460913230912	24806759.35807187	161.07318011206803	5024.837096614321	9671.959196496318	1.118036	36.982159	0.04678282	0.0272287	-0.0453375047	-0.1001889532	0.0725831066	0.0073709215	-0.0070299154	-0.0902063447	0.1108179085	-0.0101915657	-0.0372660967	-0.065398426	-0.0111570958	0.0511492465	-0.0938163659	-0.022558591	0.0609980295	-0.0464093168	0.0014327498	0.0024075815	-0.0415020786	-0.0349799572	0.2171255659	-0.0074901034	-0.1571385882	0.0710502644	-0.0425715226	-0.1360790696	0.0338025934	-0.0741020988	0.0375040833	0.0618375297	-0.0538956015	-0.0122224504	-0.1092547903	0.0582470418	-0.0058461412	-0.0024663355	0.0981812197	0.0246349028	-0.0409961533	0.14402398	0.245723005	0.0075708546	0.0299550287	0.1691344905	0.1231889927	0.051247791	0.1311984768	-0.0097220111	0.0141719521	0.2481557484	-0.0140084964	-0.0989464765	0.0373681179	0.0158706595	-0.0141961658	-0.082841482	0.155105946	0.0184893784	0.0164917032	0.0578392766	-0.2046749335	-0.0702096621	0.0437431176	0.0176751244	0.0719660574	0.1144962378	-0.0922911632	-0.1807324787	-0.0756833715	-0.1446809985	0.0902331905	-0.0487948189	0.0491544606	0.0941090804	-0.1417761846	0.0005557081	-0.0779861949	-0.0194951141	-0.0505440714	-0.1140693655	0.0301021112	0.0045641224	-0.018681413	0.1530151699	-0.0131612454	-0.0767503718	0.0636708972	0.2917662609	-0.0115818949	-0.0142016798	-0.0628019139	0.1444457835	-0.0043838007	0.1062147286	0.0440115002	0.1112058821	-0.1398486611	0.1112703983	-0.0438256741	-0.1011137249	0.0891390192	-0.0327265198	0.0750751283	0.0843072311	0.0902839127	-0.0787315696	0.1144459664	-0.1990555655	-0.0621802202	0.0587004207	-0.0431676289	0.1335404054	0.0458745699	0.1174923133	0.0985552316	0.0692212261	0.0325848399	-0.0074890309	0.0	0.00309112	0.0228753199999999	0.0005232802651023	9.5550228544e-06	0.0034812	0.01014573	1.211875344e-05	0.0001029358372329	-0.00326376	-0.00031744	1.06521293376e-05	1.007681536e-07	0.00103375	3.592099999999996e-05	1.2903182409999966e-09	1.0686390624999998e-06	-0.000585712	-0.0001806769999999	3.2644178328999986e-08	3.430585469439999e-07	-7.352439999999998e-05	5.2288600000000027e-05	5.405837395359997e-09	2.7340976899600027e-09
5415.152288756213	-2.074659539879576	4.304212206413335	29323874.310421653	11585.988465845963	13.049146674999063	134235128.7307157	170.28022894563915	4970.339868673458	-10.29858016740036	24704278.41012489	106.060753464372	5014.5763478272165	9681.5872797727	1.003552	33.195293	0.0340714699999999	0.017959	-0.0499609667	-0.1160099303	0.0907693605	0.0043159949	-0.018415171	-0.0799267052	0.1779927197	0.0468059484	-0.0530518694	-0.0728092797	-0.0260995499	-0.0042524139	-0.0414489241	0.1097062478	-0.0038207256	0.0475214993	-0.0574392466	-0.0160328914	-0.1292657369	-0.1018337208	-0.0768305597	0.1097340761	0.0974549336	0.0622307597	-0.1398584225	-0.0126260353	-0.0500690792	-0.0860105234	-0.0270381797	0.0383621976	-0.0468686009	0.0009520852	0.0165502058	-0.064104766	-0.1483765986	0.0273282824	0.0929568731	0.1186078598	0.2204585151	0.0865884444	-0.0326400457	-0.0636553781	-0.0502337964	-0.0156589979	0.0153514672	0.0262044265	0.0360392338	-0.1768748039	0.0563461341	-0.0935530381	-0.013625937	0.0682044903	-0.004080891	-0.0156721872	-0.0557931072	-0.0186835477	0.0413405292	0.1191175968	-0.0269282725	0.0790725636	0.1199339028	0.0784789833	0.0518173121	0.0655798282	-0.0450528228	-0.0465868336	-0.1023260163	0.0413349017	0.1408785865	0.1061561974	0.0059575032	-0.1356324638	0.1045562466	-0.0287280133	-0.1070552851	-0.0145639646	-0.0034024722	-0.0608084824	-0.0136889886	-0.0157082618	-0.0410496072	-0.0559319835	0.0081061684	0.0625241036	-0.1211588352	0.1505276831	0.2312499226	-0.0573346273	0.0219332242	0.0076806652	0.041890776	0.0462102754	0.0473547846	0.0178133546	0.0549431967	-0.1024018453	0.0447303422	-0.1239197891	-0.1136894036	0.0572692928	0.0698100075	-0.0105542849	-8.81515e-05	-0.0350823919	0.1218801078	-0.0707633341	0.0101755129	0.1204801901	0.0841883184	0.0319105638	0.0383084422	-0.0384088322	-0.0525069882	0.1164974652	0.0948016975	0.0615842229	0.0208821209	-0.0223578858	0.0	-0.0114137	-0.01450482	0.0002103898032324	0.00013027254769	0.00346946	-1.1739999999999667e-05	1.2037152691600002e-05	1.3782759999999218e-10	-0.00485889	-0.00159513	2.3608812032100004e-05	2.5444397169000007e-06	0.000955421	-7.832899999999992e-05	6.1354322409999876e-09	9.12829287241e-07	-0.000405035	0.0001806769999999	3.2644178328999986e-08	1.64053351225e-07	2.66652e-05	0.0001001895999999	7.1103289104e-10	1.0037955948159997e-08
5418.810315800447	3.658027044233677	13.38116185634497	29363505.23862534	11578.993255826888	-6.995210019074875	134073084.81848456	48.93296321096552	4966.910376905178	-3.4294917682800587	24670198.69220834	11.761413788700684	5012.463320807269	9689.789025148366	1.034391	34.215382	0.04290692	0.0238726	0.0046761649	-0.1001564538	0.0773678131	-0.0556184356	-0.0592420951	-0.0630478044	0.1069590932	-0.0635282094	-0.0959824764	-0.0806725307	-0.0557547617	0.0922803123	-0.0917842038	0.0162052549	-0.0208001991	0.0054997012	0.0637348272	-0.1103871563	-0.0880588207	-0.0073330388	0.1384226171	-0.0863898386	0.0536912251	0.0397615547	-0.0752611084	0.0588623658	0.0974063898	-0.1510571745	-0.0679512478	-0.165257683	0.0336645495	-0.0211552348	-0.0763911587	-0.2157870033	-0.149569397	0.0404978814	0.012845785	-0.0327383488	-0.0217104375	-0.1276137683	-0.0229232028	0.0135459921	0.0872283494	0.1564207466	0.1144613908	0.0649485019	-0.0800059106	0.1790807788	-0.067350566	-0.0500793167	-0.0738009384	-0.0266485154	-0.0548461963	0.1063484395	0.0400009949	-0.0447559338	0.0169882691	-0.0122955063	0.1083209619	-0.0043840516	-0.0170869403	0.0639952286	0.0264213858	-0.0417438422	0.090393664	-0.0106202995	-0.0615874572	-0.149975541	-0.0786536633	0.073722221	-0.0132402159	-0.091456434	-0.0992350466	0.0612207222	-0.0826779091	0.0276974889	0.1764869393	0.0237995059	-0.0199714261	-0.1552579243	-0.2326551002	-0.0657861039	0.0224853034	-0.0330585452	-0.0448602419	0.0652504035	-0.1274016953	-0.0340053416	0.0591512378	-0.0145703916	-0.135283577	0.1152611583	0.0398535293	-0.130331207	-0.1623515069	0.0599362753	-0.0336960751	-0.002371994	0.0304899215	-0.0439408522	-0.0758435015	-0.0162722632	0.0916063248	0.0293485577	0.0260399177	0.1362575576	0.0215533827	-0.0482234275	0.0618993735	-0.0236044946	-0.0954470433	0.0576714792	0.0533694315	0.1154345858	0.0908267497	0.0536236746	0.0089844312	-0.0369007123	0.0	0.00748868	0.01890238	0.0003572999696644	5.60803281424e-05	-0.00704529	-0.01051475	4.96361111841e-05	0.0001105599675624	-0.00694104	-0.0020821499999999	4.81780362816e-05	4.335348622499999e-06	0.00106593	0.000110509	1.2212239081000014e-08	1.1362067649000002e-06	-0.000405035	0.0	0.0	1.64053351225e-07	0.000144309	0.0001176437999999	2.0825087481e-08	1.3840063678439996e-08
5415.931099355825	-2.879216444622216	8.289887334982994	29332309.67296959	11556.06669626513	-22.92655956175804	133542677.48852807	525.627133338839	4962.726224425832	-4.184152479346267	24628651.57860387	17.50713197041951	5007.940629350522	9681.658052263958	0.994597	32.899094	0.03975101	0.0226472	0.0307126417	-0.1033381423	0.0978694854	-0.0517939586	0.0077512396	-0.0619404476	0.1431586136	0.0516827737	-0.0607208745	-0.1520578763	-0.0511030094	0.0739759348	-0.0396940661	0.0956264255	-0.067853863	-0.0528524824	-0.0680157252	0.0421317138	0.0272724752	-0.0917516432	-0.0570097733	0.1877922992	-0.0799841954	-0.188260537	0.0431753256	0.1097859789	-0.1003470392	-0.019646365	0.0107134396	0.0748924471	0.0852940332	-0.0172847692	-0.0412820928	0.0433534012	0.0830533686	-0.1246616536	0.0913330373	-0.0714892761	-0.0556555621	-0.050054726	0.0813972533	0.2555860163	0.0191680783	0.0894358107	-0.0887120893	-0.025378437	0.1279655697	0.1248218601	-0.054765204	-0.1360300302	0.0331910829	0.0584028269	-0.0553922926	-0.1516218188	0.0851658601	0.1227739548	-0.0195306882	-0.080860529	0.0349942972	-0.0360635704	-0.0379548521	0.1780898832	0.0726576153	0.0749388207	0.0601987664	0.1220499006	-0.0653993293	0.0094610881	0.2147715169	0.0079521245	0.1144936472	0.169594126	-0.0323953475	-0.1400839537	-0.0021017831	-0.0039397044	-0.05685827	0.1105088147	0.0238117431	-0.0283355964	0.0917627954	0.0289840496	-0.123659277	0.0858882598	-0.0225387588	0.0281868108	-0.1610856157	0.1267718426	-0.1902403053	0.029665932	-0.1131838258	-0.0494590269	0.0871512577	0.1067037374	-0.1312942687	-0.0683095109	0.0891716056	0.0255657287	0.0536631632	0.0627202355	-0.134729743	-0.0352431315	-0.2212119438	0.0165155533	-0.0458575218	0.0822212153	0.0409196336	-0.0237484804	0.1875790148	-0.002250697	0.0460445185	0.102351266	0.0899790536	0.1143042958	0.0866396718	0.0453814036	-0.0029971437	-0.0509054434	0.0	-0.0114148	-0.01890348	0.0003573415561104	0.0001302976590399	-0.0153345	-0.0082892099999999	0.0002351468902499	6.871100242409997e-05	-0.00153004	0.005411	2.3410224016000004e-06	2.9278921e-05	0.00102516	-4.0770000000000086e-05	1.662192900000007e-09	1.0509530256e-06	-0.000405035	0.0	0.0	1.64053351225e-07	4.21326e-05	-0.0001021763999999	1.7751559827599996e-09	1.0440016716959998e-08
5420.26515150365	4.3340521478248775	18.784008020065432	29379274.31260488	11577.966195524308	21.8994992591779	134049301.22470362	479.5880678027334	4967.930228643384	5.20400421755221	24680330.756668705	27.081659896301197	5014.502249011252	9692.488965445164	1.020274	33.748405	0.059846347	0.0303829	0.0600290969	-0.0781785555	0.031900639	-0.1241567746	-0.0242592297	-0.0397822121	0.0306813921	0.0367218748	-0.0591068785	-0.1374800283	0.0874686426	0.130872057	-0.0486930886	0.0281568746	0.059761041	-0.0539509323	0.0334531663	-0.1583476942	-0.0750189782	0.0550046903	0.0440538495	0.0142849062	0.0244885683	-0.1021238493	0.023266586	-0.0872870536	-0.0677001846	-0.0400223772	0.146761743	0.125843816	-0.1544489839	-0.0676760627	0.0792191713	-0.0153779999	-0.0822826575	-0.0627875478	-0.0969613303	0.0390876277	0.1548251443	-0.0069043339	0.0188485804	-0.0244604568	0.0594510405	-0.1543148732	-0.0093347693	-0.0466166343	-0.0114743115	0.1310522327	-0.0219467464	0.1238527034	0.0271088859	0.0691203237	0.0914087171	-0.1381392512	0.0504814601	0.0268908707	-0.0173296311	0.0193270341	-0.0410180074	-0.000614815	-0.0015076133	0.0886708905	0.1986379727	0.0298212412	-0.10802035	-0.0166322379	0.053561137	-0.068683513	0.0107675457	0.0198716572	-0.023426526	0.0981578256	0.0606024425	-0.0053570008	-0.1096381681	0.0941548633	-0.1670965878	-0.1207926309	-0.0957395681	0.0732252836	0.0228433576	-0.0646572526	-0.0589027629	-0.1210137054	-0.0106186587	0.1408878491	0.0287326421	-0.0041165189	0.0218436098	-0.0491229733	0.1497159038	-0.0642264054	-0.0743816699	-0.0290280046	-0.0677538428	0.0973269042	0.0363238356	0.1213695582	-0.0981758223	-0.0417584441	0.0029022364	-0.0560700302	-0.1513378312	-0.0625563549	0.0104952502	-0.0447194041	0.0046975014	0.0083731423	0.1538659997	0.1527767674	0.0181818331	-0.0637136365	0.0216879245	0.1131072554	0.0822502429	0.0369007123	-0.0149507351	-0.0641678585	0.0	0.00599926	0.01741406	0.0003032494856835	3.59911205476e-05	-0.034567	-0.0192325	0.001194877489	0.00036988905625	0.0105021	0.01203214	0.00011029410441	0.0001447723929796	0.0008500339999999	-0.0001751260000001	3.066911587603503e-08	7.225578011558299e-07	-0.000405035	0.0	0.0	1.64053351225e-07	-6.09434e-06	-4.822693999999999e-05	3.7140980035599996e-11	2.3258377417635993e-09
5410.65394201527	-9.611209488379243	92.37534782951124	29275176.080245383	11543.614483710307	-34.35171181400074	133255035.3485264	1180.0401045521578	4969.159078514505	1.228849871121383	24692541.947583128	1.5100720057550403	5016.224441099938	9679.556351230862	1.091255	36.096313	0.046445297	0.0253022	0.1221435248	0.0030927987	-0.082099774	-0.1453432684	0.0800776284	0.0052612205	0.0857291596	0.0151355314	-0.0744059184	-0.0213461681	0.0468935152	-0.0479997682	0.0275102296	0.0747874313	-0.0204984834	0.0933009892	0.0188092385	-0.0221834028	0.1170730535	0.0066747374	-0.1548570706	0.0323266207	-0.0236576976	-0.0079398241	-0.0664064929	-0.091887976	0.0323338041	0.023782735	0.0563798559	-0.0743182148	0.030617343	0.0181920526	0.1448005055	0.138379217	-0.0377300943	-0.0582610482	0.0102260898	0.1303921441	-0.0775398626	0.0230932232	0.0792853954	0.071717899	-0.0412655041	0.135101766	0.0078668297	-0.0795057213	0.1530260819	0.0204870885	-0.060735785	-0.0214021371	0.002600754	-0.0201881374	-0.1010090118	0.1393015783	0.1439839952	-0.166202342	-0.0106753795	0.028884132	-0.0780001667	0.020081599	0.178059819	0.0631813091	-0.0644014734	0.0019794221	0.0641203826	-0.087194709	0.0378842781	0.1368080986	0.0562113154	0.0208221468	0.0392223078	-0.0127524373	0.1013904098	0.0805367906	-0.0088248805	0.0667548152	0.0431680448	0.0064532428	0.066478637	0.1422902155	0.0420068466	-0.1181362905	-0.0893082842	0.0492611935	-0.1038482536	-0.1020260887	-0.0402396016	0.1170761621	-0.047961365	0.0363899977	-0.073851688	0.0457053398	-0.0846035812	0.0696234983	-0.0546541669	-0.0819349167	-0.1054269115	0.050853477	0.0008683931	0.0364261029	-0.0580993946	-0.2086971447	0.1836594874	-0.0578897194	-0.0322524948	-0.03573203	-0.054381551	0.1815272643	0.0326255431	-0.1289290366	-0.0255348538	-0.0158213813	0.0619562586	0.1118441635	0.0776687148	0.0282261557	-0.0267647356	-0.0764945617	0.0	-0.00138947	-0.00738873	5.459333101290001e-05	1.9306268809000003e-06	-0.0123398	0.0222272	0.00015227066404	0.00049404841984	0.00755324	-0.00294886	5.70514344976e-05	8.695775299600001e-06	0.000768401	-8.163299999989994e-05	6.663946688983663e-09	5.904400968010001e-07	-0.000574642	-0.000169607	2.8766534449e-08	3.30213428164e-07	2.02758e-05	2.637014e-05	4.1110806564e-10	6.953842836196e-10
5424.323608035464	13.66966602019329	186.85976910362703	29423286.60469087	11583.997493960103	40.38301024979592	134188997.94007397	1630.787516835122	4962.5253594749765	-6.633719039528842	24626657.943432245	44.00622829540746	5008.523491605509	9687.409073294944	1.020716	33.76305	0.061372265	0.0318678	0.1045444229	0.013372803	-0.1176010971	-0.1280365583	0.0306892599	0.0786712146	0.0579726787	-0.0461679692	-0.1429580442	0.0375411956	0.0434279868	0.1392770617	-0.0716188081	-0.0106659169	0.1046378282	0.1974083265	0.064120599	0.1845118165	0.163053113	0.0914129503	-0.0027150951	-0.1098572282	-0.0064555698	0.0871596518	0.0459939441	0.0534179059	0.0212024053	-0.0468728375	-0.0281743555	0.1469917328	-0.1709704207	0.1788514595	0.0509509574	-0.0594762333	-0.019789003	0.0725929582	0.007619669	-0.0359306351	-0.1249151633	0.0133276638	-0.0532503779	-0.0322558368	-0.1271792513	-0.0036654013	0.0232198485	0.0622455902	0.1376504504	0.1144661504	-0.0786813258	-0.0480067822	-0.0546237027	0.1543736079	0.018570713	-0.0200675151	-0.1502706089	0.0790391977	-0.0128117312	0.2497660018	0.1131395395	0.1221886276	-0.0784374376	-0.1156265411	0.0988721925	-0.0354076806	0.1271310957	0.0066920264	0.0606021938	0.0012966787	-0.0608466543	-0.0242747273	-0.0392713028	-0.0627320709	-0.1474335015	0.0083212995	-0.1063390521	-0.0625937035	-0.0695601461	-0.2015587712	0.0713404054	0.0766485065	-0.0051369904	0.0844589791	0.0724626803	-0.011167067	0.0355333432	-0.131447951	-0.0105017506	-0.0445152913	-0.0199099347	0.0558890698	0.0224062337	0.0440635192	0.119962128	0.0513254285	-0.2655847681	-0.0976245367	-0.0133032681	-0.0540285412	-0.1599951953	0.0116066367	0.0754676452	0.1670307265	-0.0556987667	-0.0858131878	0.1867754293	0.0416555857	0.0824096334	-0.0758829468	-0.0682937403	0.0768160225	-0.1349998411	0.009504671	0.0296874435	0.1105157577	0.0729057878	0.0194033074	-0.0383288409	-0.0877058019	0.0	-0.0184396	-0.01705013	0.0002907069330169	0.00034001884816	-0.0273816	-0.0150418	0.0007497520185599	0.00022625574724	0.00719472	-0.00035852	5.17639958784e-05	1.2853659040000014e-07	0.000679667	-8.873400000000004e-05	7.873722756000006e-09	4.6194723088900003e-07	-0.000162228	0.000412414	1.70085307396e-07	2.6317923984e-08	-5.70125e-05	-7.72883e-05	3.2504251562499997e-09	5.97348131689e-09
5409.884911864436	-14.438696171027914	208.47594711925612	29266854.759618472	11517.344616481452	-66.65287747865113	132649227.01479428	4442.60607618408	4961.948642928963	-0.5767165460138131	24620934.33506457	0.3326019744461025	5010.065521867144	9644.81159472186	1.108621	36.670727	0.10781666	0.0528771	0.1311032025	0.0232813453	-0.0746123998	-0.1215363103	0.1101982088	-0.0095015062	0.0358357779	-0.1466461826	0.0776303426	0.1774195961	0.0380269709	-0.137219994	0.0942844922	-0.0123005904	0.0366446864	0.1216854114	0.1353078344	0.0454853539	-0.1127136573	-0.0325080411	-0.0796041311	0.0488236553	0.0718348498	0.0535249323	-0.162722528	-0.0871951003	-0.0400882419	0.0576256668	0.1977741515	0.0044742002	0.0310912049	-0.1507234541	-0.064623867	0.1308885785	0.0563998554	0.0458674548	-0.1013069797	-0.0014803054	-0.0716535639	-0.0665225598	-0.0427017664	0.1089942823	0.1526266243	-0.0366909329	-0.014994899	-0.0090214435	-0.0753408267	0.0042802549	-0.0606150061	0.0139074607	-0.0413801587	-0.0937359415	0.0791088398	0.127648403	0.0138461167	-0.010359323	-0.0656659097	-0.0104719196	0.109363055	-0.0816760366	-0.1006461267	-0.0895267585	0.0416898944	-0.0747633221	0.1017249046	-0.0783764004	0.0307512114	0.0879405104	0.0407833367	0.0607581291	-0.0047765619	-0.1206185899	0.1571454134	0.0291750906	0.0740237533	0.1803979456	-0.1136439928	0.0900403206	-0.1493197196	-0.0604515777	0.1209255068	-0.0622173929	0.0405643503	-0.0736656223	0.0053371646	-0.0200716564	-0.1763480953	0.0123012326	-0.0439816066	-0.1237542274	-0.0335398885	-0.0535482625	-0.0204241661	-0.0572687625	0.0419683165	-0.0138990853	-0.0586402713	0.0047344715	0.0721273841	-0.083209957	0.0009479563	0.0477055445	0.0798218188	-0.0471885383	-0.0431276886	0.0986875935	-0.0552366083	-0.1674416663	-0.0394820513	0.0962563125	-0.1042983729	0.0559800245	-0.0120275	0.1091228139	0.0679725859	0.0104785198	-0.0495350801	-0.0976380941	0.0	0.0156702	0.0341097999999999	0.0011634784560399	0.0002455551680399	-0.0508276	-0.023446	0.00258344492176	0.000549714916	-0.00523168	-0.0124264	2.73704756224e-05	0.00015441541696	0.00121688	0.000537213	2.88597807369e-07	1.4807969344e-06	-6.82654e-05	9.39626e-05	8.82897019876e-09	4.66016483716e-09	6.85011e-05	0.0001255136	4.692400701209999e-09	1.575366378496e-08
5419.440773454264	9.555861589828057	91.31449072395117	29370338.29697855	11604.543465952776	87.19884947132414	134665429.05318728	7603.639349122646	4970.80543173133	8.856788802367191	24708906.640129693	78.44270788973687	5015.358017689742	9618.88678432412	1.280573	42.358528	0.093690245	0.0493876	-0.0910664863	-0.0004840305	-0.0947294932	0.0706576124	-0.0422203794	-0.0807517911	-0.1167568741	-0.0985340184	-0.0270677092	-0.0130650475	0.0641802539	-0.0091830799	-0.162590982	-0.0858285825	0.059261358	0.0079226168	-0.1275203305	-0.044383339	0.0798382812	0.059676373	0.1117971859	8.04361e-05	-0.0254725331	0.0110766163	0.0528648326	0.0492251073	-0.1925623427	-0.0550133529	-0.1223254368	0.0986416302	0.0501790513	-0.1334096349	-0.0607913976	-0.0390697823	0.1761475702	-0.1137710614	0.01287677	0.0150140092	-0.071635283	-0.0851309861	-0.0158378258	-0.1218759785	0.0901671456	-0.0789320604	0.0414342736	-0.1117271799	-0.1289539026	0.0094902235	0.065830962	-0.0446205957	0.0767369075	0.1436843544	-0.1087967541	0.0515561197	0.0410469966	-0.1088992322	-0.1322058828	-0.1258249176	0.0886287314	0.0402763873	-0.07778035	-0.0446008274	-0.0546121868	-0.1315984074	-0.0470542849	-0.0426816056	0.0497537327	-0.1031708548	-0.0457559339	-0.0523885312	-0.0115989197	0.0199025827	-0.0022633026	-0.2155014768	-0.0296836071	-0.1448865729	-0.0394831185	0.1250639742	-0.0917242193	-0.0365550175	0.0556652886	0.1676626122	-0.1016667481	-0.0184851681	-0.0035131033	-0.0309858218	-0.0736888281	-0.0635976732	0.140866062	-0.0567088719	0.0462603662	-0.0337277338	-0.1501033565	-0.0738621303	0.0243381155	-0.0034603717	0.1697225361	0.0424422067	-0.0469536472	0.1252908308	-0.0975778816	-0.0287202361	0.1018266744	0.0415090175	-0.1642185501	0.1222759488	0.0555345105	-0.0525289282	-0.0933020315	-0.0274839308	-0.0256158157	-0.1369028282	0.0325441387	0.1076661454	0.0628806309	0.0014986813	-0.0602788237	-0.106146603	0.0	0.00525864	-0.0104115599999999	0.0001084005816335	2.76532946496e-05	-0.0079892799999999	0.04283832	6.382859491839841e-05	0.0018351216604224	0.00657901	0.0118106899999999	4.32833725801e-05	0.000139492398276	0.00124552	2.863999999999992e-05	8.202495999999952e-10	1.5513200704e-06	-0.000405035	-0.0003367696	1.1341376348416e-07	1.64053351225e-07	0.000275685	0.0002071839	7.6002219225e-08	4.2925168419210015e-08
5418.612564325624	-0.8282091286400828	0.6859303607627651	29361362.12226751	11586.204124679802	-18.339341272974707	134240126.01874724	336.3314383266336	4968.992964432448	-1.812467298881529	24690891.080579173	3.2850377095149064	5013.001869064473	9633.868776319436	1.023248	33.846779	0.0386598086999999	0.0208804	-0.1417657505	-0.0226872314	-0.0848604413	0.0651357601	-0.062409105	-0.1105159661	-0.0427256126	-0.0736665541	-0.0697978721	-0.1808425993	0.2837851724	-0.0823232733	0.0237941842	-0.0951731698	-0.0221174195	0.0699473445	0.1058045069	-0.1148730962	0.013111985	-0.0165847582	-0.1111811719	0.045113592	0.0904145492	-0.1181098442	-0.0526796766	-0.0862566607	0.1674949278	0.0561392997	0.0473223965	-0.0224312724	0.0943353378	0.0827242881	-0.1220225029	-0.1772341969	0.1519424244	-0.0017549606	0.0847143212	-0.1014952698	0.0858436184	-0.0745644122	-0.0759867638	-0.0936904729	0.0460487004	-0.02164077	-0.0488140542	-0.1952516125	0.0532041424	0.0419692958	-0.0783504533	0.0794040476	-0.1421217671	0.0863904422	-0.0284536772	0.1188241339	0.0572281992	-0.0711371988	0.0996255061	0.0484490372	0.0607119643	-0.126288561	0.087202323	-0.1516736267	-0.0350847818	0.0171705152	-0.0351976428	0.0345254688	0.0309140861	0.0416699513	0.0806260957	0.1750929425	0.0300861664	0.0899164694	0.0288443589	0.1899674996	0.1338085105	0.0196267436	-0.0467729309	0.0825223419	0.0886725997	-0.1367832682	-0.1250793964	0.2162774591	-0.0081625285	0.0263244292	0.0366711852	0.1078734263	-0.0590138939	-0.0763943079	0.0389327591	0.0347976965	-0.0012189075	-0.0524890327	-0.2055627602	0.0166471374	-0.084939923	-0.0260982722	-0.1417952529	0.019148303	-0.1289778183	-0.0443773961	-0.0759687004	-0.0091896462	0.0996961866	0.0220308772	0.0855003273	0.0653194372	-0.1496604776	0.0162903417	-0.1258714032	-0.0120897413	0.0417582555	0.0656951025	-0.1287841222	0.106146603	0.0576418153	-0.0074890309	-0.0704597601	-0.1131072554	0.0	7.998629999999998e-05	-0.0051786537	2.6818454144523687e-05	6.397808187689997e-09	-0.0222888	-0.0142995200000001	0.00049679060544	0.0002044762722304	0.00658648	7.469999999999872e-06	4.338171879039999e-05	5.580089999999809e-11	0.00106126	-0.0001842599999999	3.3951747599999964e-08	1.1262727876000002e-06	-0.000405035	0.0	0.0	1.64053351225e-07	7.646169999999998e-05	-0.0001992233	5.846391566889997e-09	3.968992326289002e-08
5420.510534248193	1.8979699225692457	3.6022898269775085	29381934.451895628	11620.429539055202	34.22541437539985	135034382.67214668	1171.3789891678268	4974.075956759363	5.082992326914791	24741431.623611573	25.836810995474643	5019.020823867113	9658.07690013438	1.030964	34.102013	0.0510769913	0.0224258	-0.1121179171	-0.0621606216	-0.0401931922	0.0536984989	-0.0725395734	-0.0522644043	-0.0892490461	-0.0928334832	-0.1127605936	0.0338657666	-0.0242033033	0.002219523	-0.1363917681	-0.042754847	0.1117715544	0.1468731986	-0.0380689948	-0.1021727143	0.0189567156	0.0715671208	0.109722229	-0.0059615302	0.098959098	-0.1777048064	0.0948944015	-0.0452942815	-0.0601584639	0.1499288883	0.0712771136	-0.1768125409	-0.1835529223	0.0342921295	-0.0972676129	-0.0613165577	-0.1209449295	0.0644292018	0.1598063232	-0.1118947151	0.0379971418	0.026410031	0.001538672	-0.1184930885	-0.1165925109	-0.0918646079	0.093103931	0.0167954201	0.0564548671	-0.0877679885	0.0062252797	-0.0510842329	0.062074561	0.0855896764	-0.0328243231	-0.0011411275	-0.0691492033	-0.0602059398	-0.0500873274	-0.0083661756	0.0426803507	0.0660196075	-0.0598886104	0.1273327131	-0.0365891632	0.0354514025	-0.0629564788	0.0960561725	0.0349790515	-0.1169877973	-0.0641269098	0.0465489202	-0.0725908194	0.2080439726	0.083907495	-0.0378264839	0.1481980135	0.1161363262	0.0436771316	-0.2112953665	-0.0275255118	-0.1022875554	-0.1532104643	-0.0083015304	0.0471016404	0.167505056	0.1199385743	0.0066868979	0.1067564567	-0.0635030654	0.0645403242	0.0602448909	0.1362378012	0.0917965907	0.0482282943	0.0473698834	0.0058918542	-0.1056305793	0.0775154592	-0.0179791499	-0.0689475014	0.0900140635	0.0688557036	0.0232666033	0.0227806581	-0.0084067795	-0.0127734436	0.0283348755	0.1025860032	-0.0329363909	0.077853741	-0.0619226622	0.0857149396	-0.0375598324	-0.001315574	0.1045650739	0.0522683746	-0.0164373979	-0.0799828327	-0.1184185493	0.0	-0.0137311	-0.0138110862999999	0.000190746104786	0.00018854310721	-0.00980133	0.01248747	9.60660697689e-05	0.0001559369070009	0.00167451	-0.00491197	2.8039837401e-06	2.41274492809e-05	0.00111763	5.637000000000003e-05	3.1775769000000037e-09	1.2490968169000002e-06	-0.0002633	0.0001417349999999	2.0088810225e-08	6.932689000000002e-08	0.000275686	0.0001992243	7.600277059599998e-08	3.969032171049001e-08
5420.280978158074	-0.2295560901193312	0.0526959985108745	29379445.882182244	11569.050311250292	-51.37922780490953	133842925.10424048	2639.825049828789	4965.270678110038	-8.805278649325373	24653912.906899314	77.53293209226527	5010.266024545635	9681.425773318291	1.080661	35.745872	0.0446511899999999	0.0254083	-0.04554674	-0.1092927897	0.1033512651	0.0322623503	-0.1134459215	-0.0947803578	-0.0521752504	-0.0442271674	-0.0064882865	-0.0583673676	-0.035001026	-0.0049280509	0.1226953359	-0.0997994595	-0.1726833489	-0.0815614769	-0.1489338113	-0.0878635012	-0.0779885999	-0.0365676398	-0.0276093538	0.0646063538	0.1159971032	-0.0031020235	0.041870288	0.1604678811	-0.0327600123	-0.0376107521	-0.1408827701	0.0299775889	0.1111555598	0.0016176026	0.0684907012	0.0137101251	-0.0871778464	0.1018446537	-0.0845080933	0.1911836692	-0.0491181517	-0.0186385334	0.0002851924	-0.0543725082	-0.1023896173	-0.02506347	-0.0662576088	0.0778496912	-0.0236923726	-0.028030274	0.0032275425	0.0519792621	0.0668392486	-0.0987923242	-0.0081235685	-0.0270650419	0.0249262465	-0.0464481917	-0.0494066797	-0.0830252554	0.0182020187	-0.1045488814	0.0340210891	0.0675828199	0.072278234	0.0697942623	-0.040933333	0.0950326945	-0.0614466079	-0.0189366777	0.1216932524	0.0771543314	-0.0642880446	-0.0251034805	-0.0922758321	-0.1115740953	-0.0080428244	-0.1154094826	0.0830100235	0.0441157416	0.0526463106	0.0875483948	0.0093581651	-0.1234501336	0.1104856775	-0.0906443115	-0.1511884679	-0.1144821455	0.0740070073	-0.0677704811	0.0586407223	0.0714747701	0.0352735779	-0.0490445836	0.0458024454	0.0117488391	0.0718871559	0.0535701126	-0.0278403886	0.0405524794	0.0640080695	0.0350290191	0.0582954354	-0.0812846621	-0.0065774269	0.0316187732	-0.0850853191	0.047559706	-0.0713247449	0.008240953	0.1114463854	0.0833783644	0.0553114947	0.0296546242	0.0422229608	0.1029224817	0.0467728586	-0.0252994078	-0.0887591272	-0.1220030341	0.0	-0.0129683	0.0007627999999999	5.818638399999988e-07	0.00016817680489	-0.0206382	-0.0108368699999999	0.00042593529924	0.0001174377513968	0.00656573	0.00489122	4.31088104329e-05	2.39240330884e-05	0.0011757	5.806999999999991e-05	3.3721248999999893e-09	1.38227049e-06	-0.000195301	6.799900000000001e-05	4.623864001000001e-09	3.8142480601e-08	-0.000161451	-0.000437137	2.6066425401000002e-08	1.91088756769e-07
5410.061885937867	-10.21909222020622	104.42984580507932	29268769.609677594	11524.987994487308	-44.06231676298376	132825348.2730766	1941.4877585215197	4961.503536056271	-3.767142053767202	24616517.33829888	14.191359253261371	5005.558328201972	9643.356221952936	1.044234	34.540947	0.03021363	0.0164866	0.0303086932	-0.0951463694	0.1170864288	-0.0773991056	-0.0597138924	-0.0954967456	-0.0659685022	0.0190643211	-0.0211739275	0.0108511974	-0.0846846078	0.1282083394	0.0745492955	0.0372824652	-0.2002193976	-0.0022928236	0.0252659098	-0.0636220143	-0.0517235063	0.0510838601	-0.0341719838	0.1381508836	0.0308974481	-0.0522017965	0.0102961302	0.131433631	-0.0216926164	-0.105845523	-0.1132021166	0.1731091321	-0.0298745062	0.045508808	-0.0287440463	0.0443657986	-0.0348474352	0.0444301548	0.0243198603	0.0061115787	-0.0120542765	0.0943016202	-0.00251442	0.1118449662	0.2280505561	0.0960404851	-0.184159352	-0.0039854626	0.0060947416	0.0183313811	0.1167944767	0.0894904902	-0.0139911615	-0.0756681039	0.0702078021	-0.1607858995	0.0037566494	0.0613970884	0.0556195566	0.001033648	0.1084726663	0.0141334192	-0.0116820144	0.1463864064	-0.1337352465	-0.044169719	-0.1203409884	-0.0172661066	0.046095062	-0.0605945267	0.1794187115	0.0779761286	0.0362965715	0.0102522129	-0.1052696495	-0.0917265001	-0.1058772121	-0.1063297344	-0.0199593246	-0.0454275791	0.0198532288	-0.0330826337	0.0926302562	-0.0064674243	0.0793793235	0.0394723402	-0.0034250079	0.066987809	0.0198570825	0.0534163002	-0.1081638693	-0.1495593291	-0.1858477974	-0.1988125986	-0.0197520553	0.0696869986	0.0569271864	0.1417305917	0.0233474319	0.0158910369	0.0179873683	-0.0973283681	0.0654104978	-0.0203017847	-0.1133507475	0.0653982352	0.0361100113	0.049074488	0.119980082	-0.0342878095	0.0390343001	-0.179826289	0.0970345581	-0.1036003208	-0.0635623086	0.1012197857	0.0411681025	-0.0340285022	-0.0967067016	-0.1238084399	0.0	-0.0136955	-0.0007271999999999	5.288198399999986e-07	0.0001875667202499	-0.0311118	-0.0104736	0.0009679440992399	0.00010969629696	0.00660486	3.913000000000007e-05	4.36241756196e-05	1.5311569000000051e-09	0.00104667	-0.00012903	1.6648740900000007e-08	1.0955180889e-06	-0.000405035	-0.000209734	4.3988350756e-08	1.64053351225e-07	-0.000202161	-4.070999999999998e-05	4.0869069921e-08	1.6573040999999983e-09
5419.158599033909	9.09671309604164	82.75018915169548	29367279.92148316	11558.6295810805	33.64158659319219	133601917.79262918	1131.7563485072485	4961.2247897256975	-0.2787463305730853	24613751.41418879	0.0776995168079597	5007.055318006845	9658.500022849204	1.000376	33.090233	0.03494843	0.021801	0.03576699	-0.107611013	0.1100680573	-0.0395800888	-0.1061595096	-0.0591775237	-0.0113564145	0.0194596984	0.0487570359	-0.1742561422	-0.074201597	-0.0067026657	0.1574727133	0.0762897628	-0.159145908	-0.0476328962	-0.0018988039	0.0469565372	0.0320897541	0.056681793	0.0579918821	0.0681412202	-0.0579372813	-0.0283459025	-0.0890186925	0.1208686742	-0.0822564032	0.1260876867	0.0066436171	0.0862000538	0.0559355865	0.0962189104	0.1497180113	-0.1475282357	-0.0313132437	-0.1041140973	0.0159101454	-0.0857481509	0.0469505447	0.0350767287	0.0676828603	0.1198705262	0.0320769374	0.0415286797	-0.1326926584	0.1343215966	0.0027150295	-0.1176303556	0.0554242653	0.1551216158	0.0354415411	0.0852945417	0.1312186077	0.148825316	0.0628790957	-0.0802533643	0.0348622518	0.1368440201	-0.1143255068	0.0033881327	0.0681293274	-0.0513368297	0.0592362088	-0.1649400055	0.027778615	-0.0850952955	0.0434057256	-0.1006588614	0.0488276072	0.0270202346	0.1418998592	-0.0270473276	-0.0478369648	-0.1270562686	0.0834506569	-0.0153071852	-0.0908373954	0.0017015495	0.1298898421	0.1291133269	-0.1087544848	0.0234476704	-0.11938265	-0.032770153	0.0646155641	0.0944072009	0.0284306769	0.0729502807	-0.0818084493	0.0007213492	-0.0423292622	-0.1215738682	0.1569861272	0.0190421826	0.106780074	0.016466671	0.0232278786	0.1026876362	-0.1332632915	-0.1697588942	0.0515792264	-0.0509058677	0.1859833216	-0.0748204557	0.0937754853	-0.1027100859	-0.0875140577	0.0391448598	0.0023076891	0.0049418624	-0.1532066437	-0.0561558444	-0.1062244059	0.0994579802	0.0354671963	-0.042578821	-0.1037513516	-0.1238084399	0.0	-0.0203689	-0.0066733999999999	4.453426755999999e-05	0.0004148920872099	-0.0343312	-0.0032194	0.00117863129344	1.0364536360000004e-05	0.00655978	-4.507999999999943e-05	4.30307136484e-05	2.0322063999999483e-09	0.00107599	2.932e-05	8.596623999999997e-10	1.1577544801e-06	-1.408e-05	0.000390955	1.5284581202500004e-07	1.9824640000000003e-10	-0.000282097	-7.993599999999999e-05	7.9578717409e-08	6.389764095999998e-09
5412.958968647828	-6.199630386080571	38.43541692401353	29300124.79626496	11534.566344571342	-24.06323650915874	133046220.75731789	579.0393512957102	4962.325480364371	1.1006906386737685	24624674.17307349	1.2115198820640678	5008.453993696418	9651.591236448425	1.135191	37.549625	0.02375393	0.0132326	0.112905806	-0.0112934661	-0.0567836895	-0.1308182942	-0.0164456214	0.0239689249	-0.0571322633	-0.0417186131	0.0180285314	0.1106998306	-0.1079508065	0.0548424654	-0.0121193066	0.049677994	-0.1554956083	0.0532714732	-0.0916055498	-0.1007653021	0.0536537843	0.0833530969	-0.1215594239	-0.0809148013	0.0392977204	0.0713998937	0.0561239124	0.0330992886	0.0558836507	0.0583887652	-0.1848270606	-0.0002269727	0.0082754851	-0.093621494	0.1335753958	-0.0770616778	-0.0280907686	-0.0195709233	0.0785177541	0.0666857188	-0.0195289372	-0.0407027058	0.1440477313	-0.1187000778	0.0514485423	-0.055227429	-0.1162821177	-0.0218342372	0.0992263904	-0.0199587968	-0.0747109862	0.0183931554	-0.1160547804	-0.0101195645	-0.1116928487	0.1033792052	-0.0230138264	0.1772025521	-0.057778118	0.0201255997	0.0793583165	0.0794748371	-0.1332083742	-0.0994326114	-0.0794744814	0.0170538488	0.0489727256	-0.0111762908	0.0841384898	0.0935309021	3.59273e-05	0.0419343365	-0.0598742969	-0.0467807884	-0.1083780558	0.0014155451	0.0114207265	-0.1925147107	0.0705284613	-0.0080211648	-0.0693746143	0.1288149755	-0.1245885565	-0.0302590687	-0.0598420419	0.0609561747	-0.0691831005	9.45605e-05	-0.004885177	0.1139703523	0.1459160533	0.0168938723	0.0459626506	-0.1284046566	-0.0293140207	0.1159441691	-0.0049762245	-0.049757402	-0.1689290448	-0.0356359226	0.0227309114	0.0378981557	-0.1309572709	0.1691243682	0.0163697578	-0.0664783231	0.0265466798	0.0702080533	0.0593236465	-0.1026947552	-0.1448046987	0.0417064978	-0.0137751887	-0.0536079771	0.1480691811	0.0976380941	0.0296834549	-0.0509054434	-0.1098273031	-0.1220030341	0.0	-0.0237526	-0.0033837	1.144942569e-05	0.0005641860067599	-0.0353933	-0.0010621	0.00125268568489	1.128056410000007e-06	0.00664306	8.327999999999981e-05	4.41302461636e-05	6.9355583999999685e-09	0.00125544	0.00017945	3.2202302500000025e-08	1.5761295936000002e-06	-0.000189498	-0.000175418	3.0771474724e-08	3.5909492004e-08	-0.000252468	2.9628999999999983e-05	6.3740091024e-08	8.77877640999999e-10
5409.010584530552	-3.9483841172768734	15.589737137564276	29257395.50356354	11511.02378712509	-23.54255744625152	132503668.62775964	554.252011110053	4964.519467839846	2.193987475474387	24646453.546560824	4.813581042538473	5010.395092091089	9639.904097101626	1.011359	33.453514	0.02105704	0.00940604	0.130713198	0.0024550572	-0.0776493796	-0.1274728585	0.0518308611	0.0105537939	-0.0623967803	0.0524083458	-0.0103239931	0.0996541132	-0.0233479973	-0.0162654896	0.0995746014	-0.1318945115	-0.0098193711	0.1042761518	0.0297566905	-0.0060842471	0.1705754972	-0.0820734973	-0.1376417021	0.0623475813	-0.0198812865	0.1351732131	-0.1067287653	-0.1260923955	0.2074995137	-0.0572550956	-0.0399684045	0.0381457299	0.0796556803	-0.0088874158	-0.0198543232	-0.1000205249	-0.0260440346	-0.0319280596	0.0488325279	-0.0485280414	-0.0514801489	0.0478333602	-0.0052279859	0.1069635781	-0.0287679234	-0.0113927757	0.0865671189	-0.0619228489	-0.097381115	-0.1810332652	0.0139951753	-0.0227756131	-0.0484991899	0.014941647	0.0215870303	-0.0742873066	0.0041300288	0.1940604804	0.0178333112	0.0554300343	-0.0373275492	-0.1500547575	-0.0827645785	0.0352032195	-0.0345067508	-0.0287268455	0.0256771597	-0.0664260951	-0.0523579046	0.1184268945	0.1227411167	0.0094381465	0.056067553	-0.1668294975	0.0102630766	0.2285126305	-0.0570304693	-0.0974693625	-0.0144845159	0.077591148	0.0055625647	-0.0321100521	-0.1197716095	0.0175486121	-0.0410145615	0.0372604115	0.0220089755	-0.051068323	-0.0100911547	-0.0008433808	-0.1075261268	-0.0295758833	0.0095381324	0.085579503	-0.0175999798	-0.0495101751	0.1911866113	-0.0564236305	0.0451403906	-0.0496130663	0.0130116729	-0.0311704315	-0.0665046069	0.1282952797	-0.1549519397	-0.000957818	0.0615059856	-0.0311873797	-0.1264062954	-0.0884649393	0.0271465688	-0.0531678793	-0.0043299411	-0.0564232851	0.0431865138	0.09576119	0.0238303864	-0.0589646239	-0.1148778268	-0.1184185493	0.0	-0.0197749	0.0039776999999999	1.582209728999998e-05	0.00039104667001	-0.0297519	0.0056414	0.00088517555361	3.182539396000001e-05	0.0100847	0.00344164	0.00010170117409	1.1844885889600002e-05	0.00117564	-7.98000000000001e-05	6.3680400000000156e-09	1.3821294095999995e-06	-0.000178066	1.1431999999999997e-05	1.3069062399999989e-10	3.1707500356e-08	-0.000321162	-6.8694e-05	1.03145030244e-07	4.7188656360000005e-09
5418.444487071314	9.433902540762574	88.99851714860655	29359540.65947352	11534.38404732506	23.36026019997007	133042015.35118684	545.7017566103058	4970.099570112619	5.580102272773729	24701889.736833643	31.137541374614536	5017.63595089816	9636.89263686468	1.020769	33.764805	0.03861016	0.019006	0.1208429275	0.0234320797	-0.074485528	-0.1228243172	-0.0098779476	0.0382950612	-0.1232151657	-0.0106327506	-0.0601943713	0.1193404446	0.0201277444	0.0160895209	-0.1313397787	-0.0311416865	-0.0391190185	-0.0481513014	0.0545372552	0.010847405	0.0525025807	0.2345436321	0.0643392341	-0.0740392436	0.0860915737	0.0240862563	-0.031810494	-0.0240607661	-0.0014341384	-0.024620102	0.0684087519	0.0539356024	-0.0397330246	0.1498187247	0.10045354	0.1406162767	0.0918007088	0.1767665162	-0.09492984	-0.1857765653	-0.0352200351	-0.0997575639	0.0543677273	0.2280898084	-0.062001055	-0.1015382388	0.1109942913	-0.03079911	-0.0274074852	-0.0564989317	-0.0325014603	0.0034447798	0.0272913543	-0.0412357055	0.0078040594	0.0964077014	-0.0867291189	0.0792117565	-0.0827996796	-0.0454238057	-0.0312712763	-0.1008547266	0.0532473851	-0.113099646	-0.1006724845	0.1439528565	-0.1289015953	-0.000832583	0.2219179432	-0.1006568855	-0.0887923558	0.0516751105	-0.0607305514	-0.0614709963	0.0159804946	0.0287651265	-0.0421582787	0.0634484204	-0.0373312206	-0.0696582767	0.1057145057	0.1150258223	0.1155848351	0.013871315	0.2063298753	-0.0693839696	0.1399989571	0.0088578306	-0.2326590025	0.0560863597	-0.1644925634	0.0536250992	0.1019764161	0.087186485	0.0477577164	-0.0392868548	0.1040087799	-0.0733057849	-0.0237472884	0.0438237792	0.0864606794	0.0192040833	-0.0039998842	0.1342801051	0.0517090349	-0.0214688666	-0.0728655827	0.0039773768	-0.1462195007	0.0683332319	-0.1154733074	0.0095858111	0.1805685821	-0.0370694989	0.0207710552	0.0938283642	0.0179216609	-0.0667140218	-0.1188557671	-0.1131072554	0.0	-0.0249209	-0.0051459999999999	2.6481315999999977e-05	0.00062105125681	-0.039958	-0.0102061	0.001596641764	0.0001041644772099	0.00656389	-0.00352081	4.30846519321e-05	1.23961030561e-05	0.0008933689999999	-0.000282271	7.96769174410564e-08	7.981081701608213e-07	-0.000229266	-5.12e-05	2.6214399999999996e-09	5.2562898756e-08	-0.000382436	-6.1274e-05	1.46257294096e-07	3.754503076e-09
5415.365080091933	-3.0794069793810195	9.482747344660536	29326178.95067911	11556.190610733192	21.80656340813221	133545541.431598	475.5262076728905	4974.309107978393	4.2095378657732	24743751.10171679	17.720209043378386	5020.320701135401	9670.715536308076	1.031802	34.12973	0.04797129	0.0248504	0.1097636784	0.0613085097	-0.0588130067	-0.0768500356	0.0307845522	0.0454540612	-0.1184290665	0.0106412215	0.0820590133	0.0414626007	0.0438319803	-0.1277013747	-0.0648917115	-0.1260052555	-0.0008677495	0.0422814808	-0.0080911188	0.0398056578	-0.037914347	0.0729463244	-0.0096685037	0.0503236642	0.0088011838	0.0865325812	0.052787431	-0.0166375472	-0.0209076673	0.0336195682	0.0789619321	0.069713199	0.010028169	0.0145084288	0.2845746158	0.0743926574	-0.0423771865	0.0232102536	-0.0886289365	-0.0929198883	0.1283687507	-0.1913350819	-0.0927913963	-0.0387967172	-0.0053466182	-0.0011842704	0.0361424495	0.0702199116	0.0035235826	0.0515366484	0.0301776601	-0.0280928036	0.0541469338	0.173370626	0.0931017687	0.0455945361	-0.0454915255	0.1379804039	-0.0939460986	-0.1269828256	-0.0098746658	0.0751585143	0.0016244706	0.1168913818	0.01717923	0.1188442987	0.0614160968	0.162406502	0.0974612596	0.0153006469	0.0398648888	-0.0920216143	-0.0542577352	-0.0600107751	0.0409063568	0.006161972	-0.000773662	0.0300846501	-0.0548514849	0.0079828106	0.010980136	0.2906774452	0.0522132247	-0.0680305447	0.053414026	-0.0699181992	0.0825009866	0.1815266002	-0.0384235856	-0.1294928145	0.101051218	0.0633376885	-0.0546540721	0.0507887466	0.1222876517	0.008405682	-0.022986586	-0.0231359228	0.1318712143	0.0263392953	-0.0456245694	-0.0392272184	-0.0806386706	0.1679116804	-0.0230527638	-0.0336750013	-0.0826397811	0.0414584997	0.0852862846	0.0620523425	0.1079381169	0.0210153055	0.0913800119	0.0921025365	0.1745340708	0.0918407451	0.0119710786	-0.0741129243	-0.1217239831	-0.106146603	0.0	-0.0197617	0.0051591999999999	2.6617344639999996e-05	0.00039052478689	-0.0489467	-0.0089887	0.00239577944089	8.079672769000004e-05	0.00657023	6.3399999999996445e-06	4.31679222529e-05	4.019559999999549e-11	0.00128239	0.0003890210000001	1.513373384410778e-07	1.6445241121e-06	-0.000405035	-0.000175769	3.0894741361e-08	1.64053351225e-07	-0.000270885	0.0001115509999999	7.337868322500002e-08	1.2443625600999995e-08
5401.338687938498	-14.026392153435154	196.73967684194724	29174459.621821176	11528.188323922028	-28.002286811164595	132899126.03181218	784.1280666547226	4967.348829356185	-6.960278622207625	24674554.39250626	48.44547849876047	5012.492137013477	9656.50750501843	1.072051	35.461086	0.05291847	0.0274832	0.0686122088	0.121946988	0.0918180519	-0.0299520375	0.1108985373	0.0294497641	-0.090766514	4.1275e-06	0.0212382939	0.067700179	-0.1006928374	-0.100669424	-0.0740192904	-0.007834406	-0.0885751285	-0.0361711026	0.1461685463	0.1617806158	-0.0145284753	0.1165716317	-0.1278886445	-0.0163751069	-0.0648138597	-0.0450064332	0.0364329754	0.0234975612	-0.0142913721	-0.0293928265	0.069021212	-0.1686860624	-0.0112691959	-0.0669204303	0.0453021665	0.167288659	-0.023538326	-0.1117242216	0.1347251879	0.1768053949	-0.0179582498	-0.0113107422	-0.179195484	-0.0071602843	-0.0813092139	0.0540429593	0.1244707417	-0.0243436887	0.1679651609	-0.0742485758	0.1489599495	-0.1022262973	-0.130383264	-0.0564603611	0.0468090156	0.0704252436	-0.1240238228	0.0096859554	-0.0470237349	0.1176656272	-0.050738799	0.0316634235	-0.1031610239	0.0946418631	-0.0393618928	-0.0539855883	0.0594789893	0.1042734448	0.1366398063	0.132653386	-0.0276154666	-0.0257304283	0.0117496453	0.0678291543	0.0224857895	-0.0277468037	-0.0039990427	0.1185303464	0.1494346759	0.0328459591	-0.0521433612	0.0630380211	0.0869779429	-0.0781164249	-0.1218310866	0.1716802848	-0.1361510177	-0.0544927917	0.0108687327	-0.1315572547	-0.0285440095	-0.0214264774	-0.0446409492	0.1863446616	-0.0016194455	0.1365823668	-0.0181747649	-0.0153419668	-0.0364355076	-0.2636780027	-0.0597307282	0.0110575883	0.1115052298	0.0737751768	0.0831362861	-0.0772437198	-0.006160432	-0.0941825152	0.054826925	-0.0951034517	0.0647861812	-0.0918942512	-0.0372916851	0.0060921662	0.0490483415	0.0897994937	0.0059925372	-0.0811224597	-0.1234556951	-0.0976380941	0.0	-0.0358901	-0.0161284	0.00026012528656	0.00128809927801	-0.0300696	0.0188771	0.0009041808441599	0.00035634490441	0.0154357	0.00886547	0.00023826083449	7.85965583209e-05	0.00115671	-0.0001256799999999	1.5795462399999995e-08	1.3379780241e-06	-0.000351649	5.338599999999999e-05	2.8500649959999993e-09	1.23657019201e-07	-0.000269001	1.884000000000011e-06	7.2361538001e-08	3.549456000000042e-12
5401.664347831907	0.3256598934094654	0.1060543661754643	29177977.726638302	11529.151044020038	0.9627200980103224	132921323.79582834	0.926829987113005	4962.009025644251	-5.33980371193411	24621533.570575006	28.5135036819853	5008.301679463602	9634.974218437146	1.025231	33.912384	0.02263655	0.00998645	0.0250003946	0.157956707	0.1567255845	-0.0075296685	0.1701979129	-0.0270078669	-0.0930404378	-0.0521558043	0.0261247856	-0.0685656878	-0.0815965958	-0.0509815973	0.08335933	-0.0637496064	-0.0034198945	-0.0027164535	-0.0619454268	0.0355945911	-0.1236794659	-0.0125720183	-0.101080638	-0.0461067511	-0.0330667269	0.0407157812	-0.1078648193	-0.0471498039	-0.1477707258	-0.0611276634	-0.0750071217	-0.1644255382	0.086269591	-0.0271278779	-0.0999222476	0.0370221235	0.0733711632	-0.1053645611	0.0154208149	0.0267338048	0.1156251838	-0.0427124736	0.0975608598	0.0636699971	-0.0959011814	-0.0865196866	-0.0008042697	0.1499724923	0.045027882	0.1602508976	-0.1429200319	0.0953582018	0.072980339	0.0499778383	0.186877648	-0.0063287646	-0.1144416606	0.0400500268	0.2377816907	-0.143605181	-0.1527807306	-0.0443339661	-0.1528554443	0.0560413702	0.0435411346	0.1041723802	-0.1130426546	-0.133475022	0.034807628	0.1496315909	-0.0650641887	0.0042943849	0.0121898104	-0.0514622374	0.1563567096	-0.1103061512	-0.0468094798	0.0027831625	0.116325224	0.1178301705	0.0331181256	-0.132524357	0.0554525751	0.0191318735	-0.1103942306	-0.0056172351	-0.0433706643	0.0772070771	-0.0139129154	0.0425084587	0.0072320001	0.0850330079	0.1931677317	0.0095348599	0.1617526655	0.00364358	-0.1135724096	0.0449520186	-0.0289618677	0.2015797304	0.0914618122	-0.1670854518	-0.0470523863	0.0505370591	-0.0334702196	0.2366593107	0.0199032372	-0.2303010597	0.0142914914	-0.088734261	0.0924775976	0.1579374704	0.1540593883	-0.0491549717	-0.0684783109	0.0877058019	0.0	-0.0877058019	-0.1240347346	-0.0877058019	0.0	-0.0297386	0.0061515	3.784095225000001e-05	0.00088438432996	-0.0360571	-0.0059875	0.00130011446041	3.585015625000004e-05	0.0194245	0.0039888	0.00037731120025	1.5910525440000004e-05	0.00118355	2.683999999999998e-05	7.203855999999988e-10	1.4007906025e-06	-0.000405035	-5.338599999999999e-05	2.8500649959999993e-09	1.64053351225e-07	-0.00031895	-4.994899999999998e-05	1.0172910250000001e-07	2.4949026009999982e-09
5415.819217316172	14.154869484264964	200.36033011657548	29331097.79465116	11545.799667695146	16.648623675107956	133305489.96654937	277.17667027536515	4974.772945815827	12.7639201715765	24748365.862421084	162.9176581463775	5020.021400035624	9654.24853178254	1.047848	34.660511	0.05456848	0.0283742	-0.0083047422	0.1428641215	0.1410626273	0.0501865727	0.0699193881	0.0640861692	-0.0958877253	-0.0826276604	0.0528035313	-0.115044331	-0.0236741277	-0.018877615	-0.0687086158	0.1211669191	0.0418789286	-0.2069441863	-0.0585177067	-0.0879682931	0.0001746038	0.1032931014	0.032204471	-0.0507337307	0.0030775424	-0.0345972811	-0.0466274564	-0.005107016	0.0559156145	-0.0093337515	-0.0111047822	0.028460057	0.1809792047	0.0324202767	0.0075652703	0.1642195332	-0.0885051064	0.0940464745	-0.0765784022	0.025274618	-0.0543866783	0.0780533748	0.0223388336	-0.1109284599	0.0403325499	0.0535879372	-0.0072306652	-0.0263678346	-0.1578699171	0.0948385061	0.0523025635	0.0199304378	0.092459644	-0.0347484609	-0.0425877142	-0.0546186089	-0.0693535469	-0.0164081955	-0.0422840594	0.0339470117	0.029259246	-0.1095747476	0.1549556945	-0.0348323872	-0.0606326331	-0.0639196273	0.0752938695	0.1936361498	0.0986682473	-0.0329389438	-0.0834626164	0.0425728894	0.0254161331	0.0040802143	-0.002353646	0.052935881	-0.012205488	-0.0220245534	0.0065621784	0.1193096356	0.0858067949	0.0115321316	0.0879069548	-0.1607328427	0.1321150077	-0.0291879348	0.0397488159	-0.08442154	0.0917145459	0.0398282234	0.0790034948	-0.0254733253	-0.0788155335	-0.0570019932	-0.0743361062	-0.1051384935	-0.029143364	0.1127689304	0.0801274372	0.0261363121	0.0333421961	0.0950415786	0.1121220462	0.0389249914	-0.0289499815	0.0499290734	-0.0084892584	0.086191878	-0.1185335068	0.0651183393	-0.0215787954	-0.1326305346	-0.0737983186	0.0997895125	-0.0151140237	0.0855608924	-0.0059925372	-0.0938283642	-0.1234556951	-0.0764945617	0.0	-0.0301103	-0.0003716999999999	1.3816088999999938e-07	0.00090663016609	-0.0149276	0.0211295	0.0002228332417599	0.00044645577025	0.00663007	-0.01279443	4.39578282049e-05	0.0001636974390249	0.00113654	-4.701000000000011e-05	2.2099401000000103e-09	1.2917231715999995e-06	-0.000656018	-0.000250983	6.2992466289e-08	4.30359616324e-07	-0.000426414	-0.000107464	1.81828899396e-07	1.1548511296000009e-08
5414.134141617707	-1.6850756984649706	2.8394801095572086	29312848.503430508	11537.024378682969	-8.775289012177382	133102931.51432514	77.00569724724109	4970.666181796075	-4.106764019752518	24707522.29085117	16.86551071393386	5016.788657574438	9654.224336059036	1.043388	34.512993	0.04090636	0.0209189	-0.0491929917	0.142722226	0.0348162935	0.1211125149	0.1129451551	0.0803947452	0.0023786482	0.0103678937	0.120168578	-0.1136433685	0.0044963248	0.0435270281	0.1461570333	-0.0145698321	0.0353394459	0.0489422139	0.0034856336	0.0866495764	0.1312230094	0.006410473	-0.1080124152	-0.0444540089	-0.2143745693	-0.0851905342	0.1181220944	-0.013861651	0.0288547163	0.0080622279	-0.0511968174	-0.1968937332	-0.0381235691	-0.0925099223	-0.0354087777	0.0989682705	0.15678626	0.0069661658	-0.0449913586	0.0552110498	-0.007871643	-0.0084718578	-0.145802534	0.0830131903	-0.0535991816	0.0638929669	0.1035461583	0.0297399223	-0.1086690155	0.011261756	0.0374769283	0.1173680467	-0.0609261545	0.0691645241	0.0543390041	-0.1263298802	0.2051564967	-0.2453990537	-0.0460731061	-0.04489811	0.0669230206	0.1885695324	0.0548739619	-0.1993161072	-0.0228794031	0.1194625231	-0.0166502535	-0.0250100392	0.0337464848	0.1792127779	-0.1069310223	-0.1516735598	0.0745812365	0.1930980161	-0.0023508947	0.0111761548	0.0657485883	0.0239253384	0.1961839011	0.0348704658	-0.0928814386	-0.0293234253	0.075700863	0.0849548944	0.0032637372	-0.0030374898	-0.0490868178	-0.056585077	-0.0381991861	-0.0774179536	-0.1076630605	-0.0002093937	-0.0472513613	0.1062152482	-0.0191106817	-0.1378046073	0.0659274259	0.1281428703	-0.0315844735	0.0601466889	-0.1847249843	-0.0632759816	0.0191620019	-0.2709047673	-0.0154262918	-0.0359005755	-0.0688161923	0.0652031368	0.1264579073	0.1001609816	-0.2120885085	0.0646627673	0.0499292354	0.0199684658	0.0356522153	0.0833660178	-0.0119710786	-0.0994579802	-0.1217239831	-0.0641678585	0.0	-0.0297096	0.0004007	1.605604900000003e-07	0.00088266033216	-0.0130597	0.0018678999999999	0.00017055576409	3.4890504099999954e-06	-0.00372269	-0.0103527599999999	1.38584208361e-05	0.0001071796396175	0.00105604	-8.049999999999984e-05	6.4802499999999754e-09	1.1152204816e-06	-0.000849901	-0.000193883	3.759061768900002e-08	7.223317098010001e-07	-0.000135097	0.000291317	1.8251199409000003e-08	8.486559448900003e-08
5406.580851123839	-7.553290493868189	57.05219728475956	29231116.499738976	11549.151315759133	12.126937076163811	133382896.1143009	147.06260284923653	4964.141151644064	-6.525030152010913	24642697.37344605	42.57601848465156	5011.09757792479	9641.397578135073	1.106463	36.599361	0.03386536	0.0200904	-0.1089221258	0.0406873831	-0.1048186644	0.0942728251	0.0251511365	-0.0064639277	0.004982074	0.0447289267	0.046257456	0.0912382845	0.0972723493	0.0822278942	-0.0302478261	0.0080304471	0.0613117089	-0.0229664185	-0.0431184941	-0.0750237032	-0.0059952941	-0.0586601688	-0.0344177507	-0.1708868444	-0.0391883052	-0.0298900725	0.0179741012	-0.11093214	0.000987979	0.158852162	0.0680772732	0.1053945232	0.0051541248	0.0055575055	-0.2407709672	-0.1022355247	-0.0353948017	-0.064557418	0.0023591911	-0.0651599104	0.1034342217	0.0099564846	-0.0007370998	-0.0085446243	0.0065100416	-0.1998276967	-0.0268484458	0.1439983839	0.0179637804	-0.0110160485	0.0781012688	-0.2121493168	-0.0814251213	-0.1728730603	0.0533179514	-0.1721181723	0.0371608775	0.0059774811	-0.0444312314	-0.0807557236	-0.0324274769	-0.0167443975	0.0416031049	-0.086676146	0.0659525997	-0.0358047472	-0.0191152868	-0.0419930364	-0.0422968423	0.0874145316	-0.1469352354	-0.0040941122	-0.0064791074	0.0448863057	-0.0135101985	0.0564613257	0.0784236737	-0.0149761082	-0.2513115951	-0.0419361869	-0.0138343328	-0.2315179155	-0.0708955423	-0.0052878386	-0.0605908526	-0.0189535808	0.063019611	0.0826164046	0.0292839735	-0.0461824402	0.0021422712	-0.0270882964	0.1714054374	-0.0502936263	0.1286873941	0.0304893564	0.0402209252	0.0366706055	-0.0271195858	-0.242721209	0.1461690781	-0.0097154999	0.0197131596	-0.0918730879	-0.1697601501	-0.0107190854	-0.0983286142	0.0107273742	-0.0020633306	0.0403590114	-0.0527549842	0.0703042428	-0.0010124222	0.0660187783	-0.1319225023	0.0811224597	-0.0179216609	-0.1045650739	-0.1188557671	-0.0509054434	0.0	-0.0293472	0.0003623999999999	1.3133375999999916e-07	0.00086125814784	-0.00987153	0.00318817	9.74471045409e-05	1.0164427948900004e-05	0.0016374	0.00536009	2.68107876e-06	2.87305648081e-05	0.00141603	0.0003599899999999	1.2959280009999997e-07	2.0051409609e-06	-0.000849901	0.0	0.0	7.223317098010001e-07	-0.000274201	-0.000139104	7.518618840100001e-08	1.9349922816e-08
5399.674643836256	-6.906207287583129	47.69569909906632	29156486.2592882	11544.545033706032	-4.6062820531005855	133276520.0352666	21.217834352716544	4963.300722831284	-0.8404288127803738	24634354.06525754	0.7063205893514287	5007.9483782463085	9634.099240585836	1.159745	38.36182	0.042566482	0.0224726	-0.0668337587	-0.098791458	0.0237548667	0.0547309274	-0.0332378623	-0.1102289453	0.0767315308	0.0181377215	0.0135325546	-0.0205249032	-0.0203541613	-0.0779885079	0.0366084715	-0.116469511	0.0914616973	0.0956317888	0.0340782582	0.1217199072	-0.135374536	-0.0105639029	0.0287879036	-0.0629737338	-0.0685581809	-0.0374285911	-0.1026041093	-0.0649907616	-0.2117189433	-0.1382985968	0.0867100381	0.0147707568	-0.0167884279	-0.1447492559	0.0597111032	-0.1869886851	0.0066898617	-0.066561235	-0.0382833282	0.0028459519	-0.1587129953	0.1236199954	-0.0751940686	-0.0837150346	-0.0031532172	-0.0306908834	0.0282832632	-0.0588297466	-0.0271592342	0.0793143646	-0.0609633854	0.0272320813	-0.0199188456	-0.1495963095	-0.2520278113	0.0180710502	0.0470236513	0.0564046297	0.0500041773	-0.1117506897	-0.0838894374	0.0291955131	0.0626735648	0.1025711287	-0.0267998626	-0.0106360689	0.00726837	-0.0248093769	-0.060614644	-0.0287204874	-0.0668772364	0.0318403526	0.0717604057	-0.0016346745	0.0888993318	-0.1494748563	-0.2021294294	0.0762129106	-0.0641681609	0.0472979779	-0.1022618774	0.0474757308	-0.1962173276	0.0597276197	-0.0988174074	-0.0845466666	0.0484224225	-0.1613442686	0.0374315433	-0.0443252046	-0.0193605072	-0.0897345092	0.0140626175	0.0032345356	-0.1468532185	-0.0332345523	-0.0444926645	0.067959658	-0.1214343605	0.0267664912	0.1212407028	0.1695741974	-0.1174013789	-0.0159813549	0.0250058137	0.0148534714	-0.0563841474	-0.0630791341	0.0996942904	0.0893643646	0.1007146191	-0.0501543393	0.0018460627	0.0615964241	-0.121374924	0.0788315284	-0.0238303864	-0.1091228139	-0.1148778268	-0.0369007123	0.0	-0.019719	0.0096282	9.270223524e-05	0.000388838961	-0.000422428	0.009449102	1.7844541518399997e-07	8.928552860640398e-05	0.00655963	0.00492223	4.30287457369e-05	2.4228348172900005e-05	0.00108592	-0.00033011	1.089726121e-07	1.1792222464e-06	-0.0008499	1.000000000015745e-09	1.0000000000314906e-18	7.2233001e-07	-0.000315429	-4.122799999999998e-05	9.9495454041e-08	1.6997479839999983e-09
5408.88916413244	9.214520296183764	84.90738428878252	29256081.989869323	11534.077835610718	-10.467198095313506	133034951.51792644	109.56223596653469	4962.374772376851	-0.9259504544324956	24625163.381522205	0.8573842440637448	5008.887931860496	9665.31081656978	1.159888	38.366554	0.022436642	0.0132517	0.0652784337	-0.0914637122	0.0935838063	-0.0633179409	-0.0669263838	-0.0020199458	0.1217936769	0.0137017753	0.0189824845	-0.0279355655	-0.1675725965	0.122499804	-0.0166703312	0.1244159799	0.0561792622	-0.0201083873	-0.103104508	-0.0323011567	0.1858941034	-0.0632496153	0.0520437012	-0.0906882835	0.0230022687	-0.0092600863	0.0215166375	0.0866481251	0.0576074075	-0.0013034712	0.051330668	0.091990816	0.0084688742	0.0091567888	-0.0259989162	-0.0471668609	-0.1256335528	-0.0305513894	0.1650176763	0.1083107476	0.0148902866	0.0281384715	-0.0564884157	0.1859382851	0.0943315201	0.0839736553	-0.0208614677	-0.082926852	-0.1420163328	-0.0321161327	0.2118629177	-0.0585681185	0.0032868971	-0.0915565578	0.0274433685	0.0488693977	0.0290448439	0.0757873558	0.0663331873	0.0936894469	-0.0283421196	0.0679252326	0.0032520615	0.0655737008	0.0745800831	-0.1406861042	-0.0604138717	-0.0891868333	-0.0777505792	-0.0488016229	-0.0324890921	0.0393594514	-0.0161671862	-0.0255867912	-0.1544474527	0.0250068592	-0.0157504665	0.0261046377	-0.0926050512	-0.0183187494	0.0227190227	-0.0168111038	-0.0373260062	-0.1006008905	-0.0512064628	0.1315941754	-0.1581336678	0.0625570092	-0.034002143	-0.0270620571	-0.1673141722	-0.1023077966	-0.097184441	-0.0171118507	-0.0332179625	-0.0635471619	0.0878837311	0.1022501077	0.1601479554	-0.1328454043	0.0686615999	-0.0352358248	0.0044738704	0.0207980578	0.0526489181	-0.0628039311	0.1084951479	-0.0390750169	0.0480566989	-0.018804351	0.0433798426	-0.0130501513	-0.1352927381	-0.0839621969	-0.137768217	0.0764945617	-0.0296834549	-0.1131072554	-0.1098273031	-0.0223578858	0.0	-0.0296849	-0.0099659	9.931916281e-05	0.00088119328801	-0.00415432	-0.003731892	1.7258374662400005e-05	1.3927017899664004e-05	0.00660988	5.024999999999995e-05	4.36905136144e-05	2.525062499999994e-09	0.000930527	-0.0001553929999999	2.4146984448999995e-08	8.65880497729e-07	-0.0008499	0.0	0.0	7.2233001e-07	-0.00029705	1.8379000000000008e-05	8.823870249999999e-08	3.3778764100000026e-10
5414.386720496901	5.497556364461161	30.22312598042742	29315583.55909319	11551.456839756222	17.37900414550313	133436155.1207508	302.02978508941504	4967.605640741205	5.230868364354137	24677105.80192384	27.361983845200925	5014.037315264026	9644.991852861986	1.150489	38.055641	0.05389104	0.0252308	0.1171102963	0.0005077332	-0.1331147907	-0.0817195643	-0.0241948851	0.1492078782	0.0724547626	0.0294608146	0.0494740911	0.0485408597	0.0437518764	0.0302237545	0.1573980747	0.0325666403	-0.0443278604	-0.0072158347	0.0507105808	0.1208704874	0.0058425385	-0.0870783028	0.0629835099	0.1082197547	-0.0590970116	0.1782307523	0.0958475986	0.0274471596	-0.0959643055	0.0070168163	-0.0057587161	-0.0573009673	-0.1461154961	-0.0110020714	-0.0780107326	0.0258110266	-0.1006005351	0.0278798201	-0.0148837215	0.0574410505	0.0235765351	0.0721048401	0.0284843288	-0.1012048288	-0.0225977233	-0.020042056	0.0982717576	0.0078175093	-0.0461646563	0.0842430989	0.0666155547	-0.0888764799	0.1288817481	0.0106824191	-0.1433637261	-0.0056636214	0.1261114877	-0.0462489117	-0.1000969944	0.0411964006	-0.0888786848	0.0219656934	-0.0283682575	-0.1058758045	-0.0292384695	-0.0133139663	0.0061223869	-0.0665237289	-0.0776995975	-0.0275735716	0.0889226074	-0.2034521796	-0.0472927409	-0.0945794315	0.0061400167	-0.1063522105	-0.0074678857	0.033109527	0.0247883867	-0.1289305657	-0.061168673	-0.0749323491	0.0097670076	-0.0548326055	0.018324424	0.0231706633	-0.0337583119	-0.0229010365	0.1092413354	0.0310403086	0.0800652864	-0.0010984244	0.0662253609	0.06685743	-0.019075924	-0.0581227844	-0.0883689195	0.0357697793	0.1129606204	0.0055960506	0.0333149601	0.1658694674	-0.0893537737	-0.1149690801	0.0306579118	-0.1478825929	-0.0358856428	-0.0556330015	-0.0384394854	-0.0225402525	-0.1603753223	0.0002916802	-0.01559487	0.0147063632	0.0464489941	0.0741129243	-0.0354671963	-0.1164974652	-0.1037513516	-0.0074890309	0.0	-0.0267964	0.0028884999999999	8.343432249999992e-06	0.00071804705296	0.0101145	0.01426882	0.00010230311025	0.0002035992241924	-0.00274829	-0.00935817	7.5530979241e-06	8.757534574890001e-05	0.00108802	0.000157493	2.4804045049000028e-08	1.1837875204e-06	-0.000546875	0.0003030249999999	9.182415062499997e-08	2.9907226562500004e-07	-0.000210057	8.699299999999997e-05	4.4123943249e-08	7.567782048999994e-09
5401.900458517339	-12.486261979562189	155.90673822226023	29180528.56372984	11532.547968524275	-18.90887123194625	132999662.64631338	357.5454112663245	4965.608328395524	-1.9973123456811663	24657266.07103099	3.989256606210403	5011.114770787318	9671.991255829964	1.165667	38.557682	0.067275	0.0298257	0.0539504806	0.1305907054	0.0894338598	0.0031387011	0.0991754725	0.0972032652	-0.0272206588	-0.0235325605	-0.051895493	-0.0191192604	-0.0416942418	-0.094271225	0.0224264967	0.0843158773	-0.1157359468	-0.0861537716	-0.0366293677	0.1054658412	-0.0667359229	0.0365521405	-0.0493255521	0.0254449178	0.1374640972	0.0361497664	0.1781437083	-0.0551600874	0.3012767731	0.0480122341	-0.0529603028	-0.0969721576	0.0460479466	0.0055610743	-0.0803795262	0.1043522246	0.0379961159	0.0357239206	-0.1785494246	-0.0946427251	-0.1138477502	0.0435197545	0.066019556	-0.1548009977	0.0671490326	0.0818684909	-0.0640544753	-0.0139438989	0.0345332114	0.044778321	-0.0919880241	-0.0039947542	0.0414966118	-0.0044104746	-0.0401935085	-0.1626446321	-0.0731806886	-0.123677163	0.0550404119	-0.0352310603	-0.0277284724	0.1192882709	0.0021713482	0.1397228434	-0.0433905932	-0.1163242607	-0.1802494051	-0.0824778683	0.0654000935	0.039389603	0.0524286716	-0.0193385589	-0.1838700966	0.0651677303	-0.076850731	0.2678013787	0.1354672326	-0.0649664095	0.1379612699	0.020061797	0.0046226869	-0.0864189947	0.083741522	-0.0296644482	0.0614999394	-0.1127721729	0.1384637045	-0.1313184389	0.0391060907	0.1094226396	0.134469975	0.0033103556	-0.1266465404	-0.0606809807	-0.0624248631	0.0012434853	-0.09261081	-0.0404183737	-0.0220071207	0.0528375532	0.0160866988	0.04792136	0.0724557827	-0.0855688687	-0.0949915538	0.0941152248	-0.0319335901	-0.0886288178	0.1407768787	0.0237368208	0.0886770591	-0.0434055709	0.048857912	-0.1791078878	-0.0514546792	0.0716880071	-0.0411681025	-0.1192756321	-0.0967067016	0.0074890309	0.0	-0.0355865	-0.0087900999999999	7.726585800999998e-05	0.00126639898225	-0.00813511	-0.01824961	6.61800147121e-05	0.0003330482651521	0.00657455	0.00932284	4.32247077025e-05	8.691534566560002e-05	0.000927894	-0.000160126	2.5640335876000042e-08	8.609872752359999e-07	-0.0008499	-0.0003030249999999	9.182415062499997e-08	7.2233001e-07	-0.000365155	-0.0001550979999999	1.33338174025e-07	2.4055389603999992e-08
5404.453337215667	2.5528786983277314	6.517189648375492	29208115.874141555	11526.707307731647	-5.840660792628114	132864981.35811415	34.11331849454327	4976.055770440614	10.4474420450897	24761131.03053533	109.14904528550808	5019.5199011864015	9632.035950263808	1.16328	38.478741	0.02290824	0.011106	-0.0933632747	0.0956070829	-0.0433981569	0.104705888	0.0420080943	0.0323187441	-0.0226087653	-0.0020918427	-0.0049285589	0.0278034969	0.1251771054	0.1986678945	0.1500996285	-0.0393237495	0.0881363282	-0.0994355139	-0.0263628016	0.0173066908	0.0066952451	-0.0594614186	0.1107354027	0.0339203273	0.0092682878	-0.0238874938	0.0284498259	-0.0054882087	-0.0359245511	0.1195351925	-0.0748393024	-0.030942247	-0.0309489385	0.0414083629	-0.0296484213	0.0212932825	-0.0114527771	0.1598739529	-0.0601528512	-0.0748344375	0.1180290816	0.131721649	-0.0474913267	-0.0184234616	-0.0923063717	-0.0706690805	-0.0343716133	-0.0798945235	0.1268344894	-0.0982091497	-0.1086493675	-0.1021763113	-0.0020388351	0.0048666505	-0.0104486442	-0.0139226229	-0.220813457	-0.0675277416	0.0597774655	-0.0256083366	0.0883053016	-0.1262805474	-0.1152460867	0.0213581714	0.0722004364	-0.158524131	0.0777832297	-0.0349281314	-0.0719871598	-0.0641053579	-0.0383147764	-0.0593759773	-0.0043636833	0.027479483	0.0614613317	-0.0333964851	0.1431646445	-0.0540287536	0.025601186	-0.0639015351	0.0258898468	-0.0248896543	0.0061424161	-0.0059313227	0.1779127239	-0.0444920722	0.086892298	0.0719639651	0.1212556347	-0.0272680539	-0.0844966625	0.0375876974	0.077397675	0.0100348148	-0.077469105	0.1157984967	-0.0539080282	-0.1884088193	-0.0625968063	-0.0900859975	0.015033366	0.0681546849	0.1496571092	0.0489886281	-0.0077903304	0.1974038628	0.0053791551	0.0379621251	-0.0679068069	-0.1603994877	0.0971675848	0.0410300038	-0.1335619596	-0.0566232157	0.0445580651	0.0692212261	-0.0467728586	-0.1214271607	-0.0887591272	0.0223578858	0.0	-0.0287678	0.0068187	4.649466969000001e-05	0.0008275863168399	-0.0101525	-0.00201739	0.00010307325625	4.069862412100004e-06	0.0112335	0.00465895	0.00012619152225	2.17058151025e-05	0.00106238	0.0001344859999999	1.8086484195999992e-08	1.1286512643999998e-06	-0.0008499	0.0	0.0	7.2233001e-07	-0.000311377	5.377799999999999e-05	9.6955636129e-08	2.892073283999998e-09
5405.697814590828	1.2444773751612956	1.548723937288348	29221568.862672053	11554.4653400625	27.758032330852075	133505669.2947056	770.5083588806291	4962.351851591047	-13.703918849566437	24624935.898989096	187.79739183550225	5007.026501800636	9584.59811720322	1.092812	36.147827	0.021299	0.0104152	-0.1182722377	-0.0275337206	-0.1361834946	0.1194895531	-0.0781064062	0.0546412326	0.0867425319	0.0060837064	-0.0551876161	0.1075810164	0.0441114964	-0.0618648064	0.0852807656	0.0590651045	0.1320943835	-0.1170524145	-0.116382676	-0.0236697656	0.0180299341	-0.0948344729	0.1152360234	0.003077526	0.0366888785	0.0555964423	-0.0224419667	-0.0640009438	-0.1039785985	0.046330911	-0.1619589934	-0.0031124258	0.0331002896	0.1645661043	-0.0219402639	-0.0222239013	-0.041370951	-0.020828335	-0.2068686713	0.2217247272	0.0640052503	-0.0308262465	0.0302346252	-0.0102410649	-0.0086619278	0.0306009843	0.0220328356	-0.0632081653	-0.0905937727	-0.2267052186	-0.0426730041	-0.0545333085	0.114367949	0.0220429748	0.1304882068	-0.0202828992	0.1222662623	-0.0384319299	0.1245468329	-0.0127552283	-0.1170069888	-0.0240286315	0.0461934751	-0.0032535647	-0.0059925323	-0.0229672338	0.0448818917	0.086978231	-0.1092608667	-0.0620649897	-0.0472381041	-0.0622104316	-0.0441017548	-0.0760840843	0.1122223872	-0.0738300158	0.0268275578	-0.1462765917	0.0065911824	-0.0614528061	0.1806576074	-0.0523193485	0.0329217676	-0.0431234128	-0.0042106054	-0.1935345339	-0.18041437	0.0107129889	0.052226559	-0.0297400685	0.0794165057	0.0115011629	-0.0127170163	0.0348255387	-0.0547295107	-0.0286391196	0.2276394794	-0.1386542086	0.1153370772	0.0317630153	0.0181107093	-0.0919715867	-0.0132718979	-0.1338892271	-0.0367502501	0.0418151663	0.0852236371	-0.1193535004	-0.0733712343	0.0188225706	0.0032895782	-0.0260217178	-0.0605542994	0.0589218364	0.1307768749	0.0667140218	-0.0522683746	-0.1229407472	-0.0799828327	0.0369007123	0.0	-0.0296505	-0.0008827	7.791592900000002e-07	0.00087915215025	-0.00623136	0.00392114	3.88298474496e-05	1.53753388996e-05	0.00340074	-0.00783276	1.1565032547600002e-05	6.135212921760002e-05	0.000959345	-0.0001030349999999	1.0616211224999982e-08	9.20342829025e-07	-0.0008499	0.0	0.0	7.2233001e-07	-0.00038159	-7.021300000000001e-05	1.4561092810000004e-07	4.929865369000002e-09
5422.346014607882	16.648200017054478	277.16256380785273	29401836.302133985	11628.735382871071	74.27004280857182	135227486.6048376	5516.03925878709	4979.5064577742605	17.154606183213218	24795484.563015565	294.2805133011372	5024.586468266206	9649.178317921722	1.048568	34.68433	0.04092884	0.0184484	-0.1086284707	-0.0574786171	-0.0383825333	0.1126543428	-0.1342754426	0.1293264269	0.1085450168	-0.0143833577	-0.0765528103	0.0058958612	0.0657134066	-0.0503646024	-0.0729511944	-0.1284027705	0.0954487436	0.05745753	0.1148038964	-0.0049143076	-0.0105251636	-0.0672524336	0.188038803	-0.0197587021	-0.0780235589	0.0999365231	-0.127619813	0.0634835461	0.0678236933	-0.0083227436	-0.079946146	0.1503268514	0.1214235705	0.038541034	-0.0506822537	-0.0194327744	-0.0327267818	-0.0516493799	-0.0193623857	-0.0104714423	0.0788622422	-0.1720883784	-0.0209108587	-5.79816e-05	0.0149127638	0.1091380606	-0.0557250967	0.0465894608	-0.0067157645	0.1165989657	0.05316794	-0.1259090787	-0.028494409	0.120775822	-0.0723001386	-0.0224147631	-0.0379257988	0.0203400787	-0.0235235188	0.0103834365	0.0452679045	0.0481656806	-0.0151660434	-0.1660499438	-0.0809511776	0.1585485893	-0.1094973848	-0.0524774907	-0.1016620618	-0.149607061	-0.058817239	-0.031378172	0.1247295117	-0.1589747029	-0.0648347238	0.0362571998	-0.0052487522	-0.1150361732	-0.08169608	0.0979640712	0.0544604161	-0.0652950238	0.0648062286	-0.0356518677	-0.0368684645	-0.0464292375	-0.037279365	0.1219767676	-0.0616728686	-0.0488254807	0.0602651872	0.1063114816	-0.1085829844	-0.032354947	0.0870751269	-0.0323553589	-0.1439842825	0.0006089208	0.0772197859	-0.07409003	-0.0480126204	0.0410858443	-0.0590724476	0.035915351	0.0082848214	0.0125982675	-0.0017577726	0.0567323001	0.0507046671	0.0436922674	-0.2019842839	0.0233069176	0.1526594431	-0.0305683758	-0.103280638	0.0641678585	-0.0576418153	-0.1238084399	-0.0704597601	0.0509054434	0.0	-0.0340076	-0.0043570999999999	1.898432040999999e-05	0.00115651685776	-0.015433	-0.00920164	0.000238177489	8.467017868960001e-05	0.00207064	-0.0013301	4.2875500096e-06	1.7691660100000007e-06	0.00108768	0.0001283349999999	1.6469872224999982e-08	1.1830477824e-06	-0.000642727	0.000207173	4.292065192900002e-08	4.130979965289999e-07	-0.000196298	0.000185292	3.8532904804e-08	3.4333125264000004e-08
5413.217454530738	-9.128560077144355	83.33060908203379	29302923.210036244	11572.528256752876	-56.20712611819545	133923410.25334376	3159.2410264667287	4972.087024055804	-7.4194337184562755	24721649.374784105	55.04799670256592	5017.663314186408	9685.831814568854	1.026459	33.953003	0.04798	0.0252685	-0.084458089	-0.0974244907	-0.0182073765	0.0981439066	-0.1293402567	0.0857622751	0.1210974085	-0.05304915	0.0757420999	0.1328879903	-0.0715988295	-0.135060187	0.005382584	-0.0030601269	-0.0383323685	-0.053871766	-0.0363862163	-0.0227486328	-0.1732947605	-0.1520978863	0.0251171572	0.0078327122	0.0871401119	0.1088553043	0.0789404823	-0.0138397667	0.013466996	0.0226359274	0.1220548933	-0.007069043	-0.0529404988	-0.0146791054	-0.1407337248	0.0826932909	-0.0662333526	0.1135022612	0.111112163	-0.0692031815	-0.0344075026	-0.1360022887	0.0760551329	-0.1437080924	-0.0126191847	0.0373065696	0.082947232	0.1306868616	-0.0726414452	-0.0596057245	0.041071674	0.0783260622	-0.2409495798	0.0593372232	-0.0040727667	0.0169023379	0.0532937735	-0.0485415923	-0.0770713058	-0.031233139	0.0113855351	-0.0967718749	0.1953502989	0.1406392231	0.1366509559	-0.0261841508	0.1236330852	-0.0303986073	-0.1570718896	-0.0055053658	0.0282277065	-0.0344488447	-0.143006333	-0.0460163999	-0.0239253306	0.0449615571	0.0323407048	0.1257853196	-0.0619516659	-0.0462044723	-0.063319297	-0.1119617845	0.0131975409	-0.03738164	0.1216673895	0.1750108255	0.0667637529	-0.0449832901	-0.0416576655	0.0085991972	0.1992554893	0.0856492662	-0.0118837712	0.0560847391	0.0641270492	-0.1033008837	0.0800777514	0.0856926446	-0.0955141926	-0.0704398448	-0.1788606134	-0.0700271197	-0.0620548158	-0.0185540588	0.0089327068	-0.0063155783	-0.0982364106	0.0921728768	-0.1331231743	0.1509051906	0.2047200384	-0.0073947466	-0.1024832147	0.0310416745	0.0337825997	0.0615842229	-0.0628806309	-0.1240256802	-0.0602788237	0.0641678585	0.0	-0.0332367	0.0007708999999999	5.942868099999969e-07	0.00110467822689	-0.0075578399999999	0.0078751600000001	5.712094546559849e-05	6.201814502560157e-05	-0.0108857	-0.01295634	0.00011849846449	0.0001678667461956	0.00139595	0.00030827	9.503039290000001e-08	1.9486764025e-06	-0.000433672	0.0002090549999999	4.370399302499997e-08	1.8807140358400002e-07	-0.000186071	1.0226999999999995e-05	3.4622417041e-08	1.0459152899999989e-10
5412.817376074116	-0.4000784566223956	0.1600627714533581	29298591.946729872	11559.98668280282	-12.541573950054952	133633292.10657856	157.291077144697	4976.65023211112	4.563208055315954	24767047.532771666	20.82286775610041	5021.863457856016	9636.360028500989	1.079	35.690956	0.0503070999999999	0.02664	-0.1189793355	-0.0100396945	-0.1017419658	0.1310180781	-0.0801906038	0.0844485329	0.0640040928	0.0193764419	0.040992009	0.0691854602	0.0746022043	0.0270549339	-0.0810866276	-0.0257957523	-0.0258274516	-0.0968885729	-0.0013493821	-0.0800497689	0.0007357456	-0.133981486	0.0699815347	-0.0150430646	-0.0874903415	0.0137787169	0.0593989229	0.1535155139	-0.0358988659	0.1857692272	0.043406633	-0.0937422381	-0.0227822168	0.1373705402	-0.0083768891	-0.0222207982	0.0902252384	0.0232981687	0.0940950136	-0.0129337555	-0.015390669	-0.0551904026	0.0499842799	-0.052228794	0.0427933459	-0.1396474748	-0.1543682862	0.0568549947	0.1466963403	0.0704598436	-0.0458882264	0.0168383017	-0.0262231597	-0.0599513201	-0.0832548657	-0.0925108602	-0.0210412883	0.050783022	-0.0099585284	-0.0557816166	-0.0123695534	0.027929033	0.0252243706	0.0931042496	-0.1031843815	0.0773792809	0.2029289228	-0.0918381975	-0.1376941629	-0.0087750477	-0.0431948935	-0.109527524	0.0395617614	0.0220695444	-0.0925639375	-0.0925258143	0.2085919482	0.088862131	0.0179716727	-0.0501824881	0.1072043836	0.0127702065	-0.0132978428	0.0967929943	0.0215257994	0.0740876238	0.001134489	0.024004278	-0.0515907043	0.0307724954	0.0922485861	0.0006256449	0.0928898965	-0.1848629848	0.0832919785	0.1265575657	-0.0845637088	0.0109439346	-0.110816539	-0.0083146632	0.0339682945	0.0573123678	0.009538173	0.022471565	-0.1002961051	-0.0062398742	-0.0426440559	-0.0078648921	0.0735268061	0.0524445469	0.0261137685	-0.1282966854	-0.0103801766	0.1646012056	0.0998765424	0.0589646239	-0.0679725859	-0.1235913266	-0.0495350801	0.0764945617	0.0	-0.0287535	0.0044832	2.009908224e-05	0.00082676376225	-0.00414678	0.0034110599999999	1.71957843684e-05	1.1635330323599318e-05	0.00870804	0.01959374	7.582996064160001e-05	0.0003839146471875	0.00119246	-0.0002034899999999	4.140818009999998e-08	1.4219608516e-06	-0.000668074	-0.0002344019999999	5.4944297603999975e-08	4.463228694759999e-07	-0.000167581	1.8489999999999997e-05	2.8083391561e-08	3.418800999999998e-10
5414.633713142048	1.8163370679321813	3.2990803443444743	29318258.24749444	11583.184901006092	23.198218203271608	134170172.45089552	538.1573278066022	4966.412774039194	-10.237458071926085	24665255.842139684	104.80554777444456	5011.477758124345	9681.942654461704	1.036479	34.284447	0.01776869	0.00819222	-0.0991167332	-0.0679539475	-0.0762781954	0.1357505653	-0.0889973838	0.0450335428	0.1310387886	0.048329727	0.0670759672	0.0718725549	0.0366793754	-0.1297296988	-0.1091608791	0.1279639053	0.1129136262	-0.0037041182	-0.0623835925	0.1072893815	0.0435624126	-0.2138426125	-0.0166099915	0.1866328253	-0.0569836155	-0.1315304801	-0.0887274493	-0.012183342	0.1172582484	0.00598211	-0.044741874	0.0135062728	-0.0887953035	-0.0427285137	-0.0552353363	-0.0140749412	0.0818479523	0.1277035521	-0.0390277864	-0.0837655162	-0.0949253895	0.07900281	-0.0547315797	0.0483536007	-0.1527470955	0.0542606873	-0.1059989757	-0.0041684627	0.0331095648	-0.0850587144	-0.1266475268	-0.0635948411	0.0467505621	-0.1486549041	0.0466286009	0.2137810919	-0.1214387876	-0.0105177681	-0.1374977381	-0.0175231371	-0.0053138214	0.219391752	-0.0677693545	-0.0962599241	0.00171607	0.1126360556	0.0897876847	-0.0273811266	-0.2154780009	0.0176311534	0.1626825477	0.0264404984	0.1682145773	0.0801351507	0.067715604	0.0886175869	0.0612369786	-0.0391394067	0.0390369652	-0.044562357	-0.0871683509	-0.032165521	0.0299752981	0.0896743828	0.1186045496	-0.0459537254	0.0617480504	-0.1275757483	0.03740172	-0.0376332909	-0.138866828	0.0936518819	-0.0227773873	-0.025251938	0.0088202061	0.0134505185	-0.0108879993	-0.185382208	-0.0768609867	0.0026831075	0.1763001159	-0.0659163363	0.1092250299	0.0864619668	0.1872666343	-0.1119309742	-0.0801415778	-0.0182557662	0.1364161059	0.0442606202	-0.1097825204	0.1124338073	-0.0194518314	0.0048676674	0.140285448	0.0563105911	-0.0729057878	-0.1225076612	-0.0383288409	0.0877058019	0.0	-0.0276364	0.0011171	1.2479124100000062e-06	0.0007637706049599	-0.00764535	-0.00349857	5.8451376622500005e-05	1.2239992044900005e-05	0.00657542	-0.00213262	4.32361481764e-05	4.5480680644e-06	0.00106715	-0.00012531	1.57025961e-08	1.1388091225e-06	-0.000714403	-4.632900000000001e-05	2.146376241000001e-09	5.103716464089999e-07	-0.00021635	-4.876899999999999e-05	4.68073225e-08	2.3784153609999995e-09
5411.056810562788	-3.576902579259695	12.794232061514656	29279535.807137933	11571.482132685982	-11.702768320110408	133899198.74707092	136.9547863541798	4972.04340062476	5.630626585565551	24721215.577696223	31.703955746077572	5016.092467718564	9661.056603484223	1.036334	34.27964	0.0304829499999999	0.0133556	-0.1013595972	-0.079908351	-0.0050313196	0.1196273025	-0.1029770862	0.0801512813	0.1499409177	0.0763066171	0.0003018834	0.0470381429	-0.0643719407	-0.0304889871	-0.0793421235	-0.0865893713	0.1577851052	-0.0478518415	0.0748763556	0.0300864989	0.0199330027	-0.1802608324	0.1518377101	-0.1422101358	-0.0597027713	0.012399524	-0.0888800696	-0.0129199609	-0.011001518	-0.0921982908	0.1358594427	-0.1090254368	-0.0809841555	0.0918506107	0.0265234681	0.0595395839	-0.0554362764	-0.1688034427	-0.1262183268	0.0226729648	-0.1405629033	0.0772065155	-0.0180045768	-0.0357615348	0.1045924204	0.0163948033	-0.1494420369	-0.1186063716	0.0223743994	-0.0776256222	-0.1286917203	0.1357589558	-0.0266975013	-0.0331037136	-0.0611198984	-0.1106156429	-0.1262387799	0.125032995	-0.0208258019	-0.0544850373	0.0077877917	0.0347743665	-0.0488128931	0.0318648492	0.0534443469	-0.0353163021	0.0145225828	0.2200425487	-0.2320251218	-0.0787731127	-0.1461852937	-0.0455943197	0.018704806	-0.0321807708	0.0294084678	0.050027326	-0.1213578439	0.1908915464	0.0568229452	-0.0673416396	0.0784548642	0.0267188906	0.0435226446	-0.0438465917	-0.1707000027	-0.0875748001	0.0524342368	-0.1195087807	0.0023426865	-0.0039986763	0.0092620675	-0.0794252399	-0.0937534879	-0.1603783915	-0.1247485498	0.0914500946	0.0736162151	-0.0499750382	-0.0973651495	0.0976308731	0.0053046534	0.0371767354	0.0336624446	0.1591761537	-0.1699891995	0.0707346839	-0.0532955392	-0.0294687909	0.0615939945	-0.0539248859	0.0407737347	0.0155480837	-0.0667004832	-0.0137765436	0.0737638771	0.0536236746	-0.0776687148	-0.1207803772	-0.0267647356	0.0976380941	0.0	-0.0345425	-0.0069060999999999	4.769421720999997e-05	0.0011931843062499	-0.00542503	0.00222032	2.94309505009e-05	4.929820902400002e-06	0.0109265	0.00435108	0.00011938840225	1.89318971664e-05	0.00118289	0.00011574	1.3395747600000009e-08	1.3992287521e-06	-0.000576101	0.0001383019999999	1.9127443203999996e-08	3.31892362201e-07	-0.000302417	-8.606699999999997e-05	9.145604188900001e-08	7.407528488999995e-09
5412.25920053647	1.2023899736823296	1.4457416488117931	29292549.653791677	11553.935129117432	-17.54700356855028	133493416.96785384	307.8973342347163	4964.031723376359	-8.011677248400702	24641610.950686865	64.18697233254143	5008.754505561162	9706.56361780898	1.170128	38.705246	0.10201047	0.0579961	-0.0155979651	-0.1391875	0.0690435226	0.0552630458	-0.131907534	0.0203103759	0.1813362738	0.0009705849	0.1746782845	-0.0020733009	-0.101018391	-0.0811975225	0.0356212952	0.2262011886	0.1127734297	-0.0007667579	0.094030101	0.0077782487	-0.0232868726	-0.2985317389	0.1109379724	-0.0883996371	0.1427609939	0.1050554696	0.1548721888	0.0464995081	-0.0754670841	-0.049064112	0.029899256	-0.0084287013	0.1101793741	-0.0440286539	0.2428971845	-0.0254886334	0.2055690721	-0.0473129934	0.1306110548	-0.0074680556	-0.0806206867	0.1040060851	-0.0483190218	0.0030889331	0.0758662639	-0.0619872051	0.0470362855	-0.0860798351	0.0497695292	0.1143447667	0.036305789	-0.0216265998	-0.0315515636	-0.1238140043	0.0100455	0.0269467528	0.0223187534	-0.0106960054	0.0439533845	0.0502115733	0.0702192704	-0.1690967926	0.0557936538	-0.0449847399	-0.0251652946	0.1421883788	-0.1775546259	0.0050073488	-0.303334853	-0.0438542103	-0.0259194507	-0.0497780369	-0.2519642623	-0.027815252	-0.0499019169	-0.0529500604	0.01299878	0.0065885691	0.0127152998	0.1880638083	0.0159150672	0.2473218157	-0.0123703879	0.1464842393	-0.0635781097	0.071824378	-0.0006193186	-0.0224849297	-0.067085342	0.0173717637	-0.0534789203	-0.1933930878	0.0408998099	0.0283042403	-0.0996262064	0.0486902152	-0.1034132561	0.0912154123	-0.0566821293	-0.0456294496	0.114369427	0.0155416959	0.0158505802	-0.0261138421	0.0184980573	-0.0154698337	0.0731838759	0.0687344034	-0.174017142	0.0314884325	0.0100984153	0.0475169579	0.2156652986	-0.0428079231	-0.0615896334	0.0509054434	-0.0822502429	-0.1184185493	-0.0149507351	0.106146603	0.0	-0.0275874	0.0069550999999999	4.837341600999993e-05	0.00076106463876	0.0312141	0.03663913	0.00097432003881	0.0013424258471569	0.00324606	-0.00768044	1.05369055236e-05	5.89891585936e-05	0.000301093	-0.000881797	7.775659492090001e-07	9.0656994649e-08	-0.000618653	-4.255200000000006e-05	1.810672704000005e-09	3.827315344090001e-07	-0.000392784	-9.036700000000004e-05	1.5427927065600002e-07	8.166194689000011e-09
5426.762056693561	14.50285615709072	210.33283671326416	29449746.41996893	11601.532582675954	47.59745355852283	134595558.2668918	2265.5175852557377	4979.89980803385	15.868084657490726	24799402.09805557	251.7961106972926	5023.6028428072295	9625.655537975104	1.338152	44.263111	0.12709099	0.062316	-0.1149638489	0.0160862104	-0.0698059919	0.0938946583	-0.052865826	0.037306552	-0.0953980756	0.1258868286	-0.1101677806	-0.0759972939	0.0018020167	0.1993061315	0.0841778288	-0.1957835818	0.1281306637	-0.0444629918	-0.1585401426	0.1463706154	-0.1716743485	0.0156522406	0.1470401379	-0.1028969319	-0.0573295019	-0.2370556162	0.0979226761	0.0597904736	0.1041255063	-0.0589498623	0.0658842418	-0.0468851307	0.0413037561	-0.1022754557	0.0546849178	-0.0133762051	0.0571195458	-0.0492317105	-0.0924357955	0.0040330069	0.1508989059	-0.0280396122	0.0789036719	0.097958426	-0.0265988236	0.0167466351	0.1449980509	-0.0161670864	0.0149001298	-0.123996906	-0.0057367475	0.0139818668	-0.0094789349	0.0695082044	0.0298141054	0.2497943022	-0.026985295	-0.0731605151	-0.006856129	0.1025162733	0.0789312866	-0.0166678123	0.1353521876	0.0086699902	0.093733916	0.072142053	-0.1290306899	-0.0163243264	-0.0206659573	-0.1292361353	-0.1271887405	0.0285053283	0.0403206955	0.2584541219	-0.1057309922	0.0595639407	-0.0012956459	0.0629598519	0.0561629241	0.0970550978	-0.0751000014	0.0338140919	0.0376663099	0.0004317511	-0.0672769627	-0.1195043323	-0.0463890152	0.1397884057	-0.00759206	0.0923210641	-0.0564413613	0.0410257016	0.0218056055	0.1558619788	0.0094719172	-0.0292311856	0.0872073746	-0.102203637	-0.0127209869	0.010128292	-0.0962795143	-0.0093100906	0.0334392245	0.0363595192	0.2434557391	-0.072639162	0.0961055644	0.0743197581	-0.0881917346	0.100780993	0.0870298257	0.0723742682	0.0757804755	-0.0612497371	-0.0468828327	0.0481574848	-0.0866396718	-0.1154345858	-0.0029971437	0.1131072554	0.0	-0.0254066	0.0021808	4.755888640000001e-06	0.00064549532356	0.0608426	0.0296284999999999	0.0037018219747599	0.0008778480122499	0.0500816	0.0468355399999999	0.0025081666585599	0.0021935678070915	0.000887042	0.000585949	3.43336230601e-07	7.86843509764e-07	-0.000912459	-0.0002938059999999	8.632196563599998e-08	8.32581426681e-07	-0.000303616	8.916800000000004e-05	9.218267545600001e-08	7.950932224000006e-09
5424.718723640604	-2.0433330529567684	4.175209965305627	29427573.23061695	11611.506505869564	9.973923193609153	134827083.3358512	99.4791438720146	4967.041000738249	-12.858807295600856	24671496.303014822	165.34892506539776	5011.223013175344	9725.272961010496	1.394802	46.13699	0.2416078	0.17154	0.0526398936	0.0505695145	-0.0885530149	-0.049815988	-0.1223916469	0.1261555316	-0.0952984676	-0.0035304768	-0.0116264653	-0.1266272578	0.1654589347	-0.1269629045	-0.2468553823	0.0885433829	-0.1444985872	-0.0020677454	-0.0720041672	-0.172252003	-0.0442814777	0.0248163305	-0.0840940816	0.1050785182	-0.1121920294	0.0182785352	-0.0333450907	0.000874113	0.0482212229	0.1451642868	0.0253134487	0.0252430168	0.0008817124	0.0530108579	0.1773851858	-0.0761910038	0.0595303074	-0.106466111	0.0010852332	0.0224526306	0.0130335443	0.1261504199	0.0888208434	-0.0792300929	-0.0705972954	0.1283159873	0.2773545557	-0.0613887264	-0.0268541132	0.0383501525	-0.0801085759	0.0645110596	0.0549906738	-0.0314251595	-0.1376762518	0.0514651241	0.1275179119	0.0484105441	0.2167435812	0.0779578992	-0.0085949365	-0.019140859	-0.055097507	0.0880955816	0.1142482499	-0.0294928371	-0.0361877982	-0.0970386519	0.0470919632	0.067912065	0.0686626155	-0.0494209871	0.1352157365	-0.0163608126	0.0113148578	0.0335961481	0.1094015838	-0.0082108657	-0.0457518985	-0.035952994	0.0811824585	0.1658860478	-0.0601283257	0.0681692234	-0.1116612089	-0.0084691397	-0.0018730732	-0.0391929561	0.1218042344	0.1507813698	0.049890849	-0.0115879648	-0.0136986166	0.3030406615	-0.1095595324	-0.0769164078	-0.0218144536	0.0455997173	-0.0495997691	0.1291652669	0.0301711969	0.08097446	-0.1366293011	-0.0708818177	0.0350400977	0.0357747793	0.209129908	-0.0599313689	0.0322425168	-0.0628099083	0.1052419429	0.050924362	-0.0530768949	0.0001968919	-0.1265527939	0.0453814036	-0.0908267497	-0.1118441635	0.0089844312	0.1184185493	0.0	-0.019817	0.0055896	3.124362816e-05	0.000392713489	-0.104792	-0.1656346	0.010981363264	0.0274348207171599	0.0639333	0.0138517	0.00408746684889	0.00019186959289	0.00111649	0.0002294479999999	5.2646384703999976e-08	1.2465499201e-06	-0.000105402	0.000807057	6.51341001249e-07	1.1109581604e-08	-0.000209483	9.4133e-05	4.3883127289e-08	8.861021688999998e-09
5389.324211567229	-35.394512073375154	1252.7714849122997	29044815.45738473	11468.620017857687	-142.88648801187628	131529245.11400606	20416.548456368066	4960.60247806814	-6.438522670108796	24607576.94541577	41.454574173504895	5007.318054004626	9658.4461873644	1.328168	43.93288	0.1228023449999999	0.0634421	0.05455492	0.1033459834	0.1649850875	0.0337414142	0.1653340521	-0.1291918004	-0.1476901114	0.0870832534	0.0988462563	0.0756099965	-0.1478274958	0.0710182078	-0.0435449006	0.0605049692	0.1141899406	0.13289929	0.2035100736	-0.0688707621	0.0546283867	0.237841205	-0.0241232378	0.0515791292	-0.1069280634	-0.1234266461	0.0760475615	-0.0437554477	0.021897194	0.0049493876	-0.135575236	-0.1550476978	-0.0330464659	-0.1840896021	-0.0676873031	-0.1662855849	0.0104207889	0.0870911228	-0.0283629627	-0.1525028786	-0.0075357387	0.0961501007	-0.0489948275	0.1253717437	0.1297511496	0.0299434811	-0.0655043198	0.017427429	-0.0155989291	0.0129067226	0.1552634471	-0.054363618	-0.0181683966	-0.1353381757	0.0672059123	-0.1378848714	-0.0434482986	0.029547629	-0.0067223953	0.0804000557	-0.0835481753	-0.0836558689	-0.0187188168	-0.088071961	0.0060691254	0.0178273839	-0.0017114763	-0.0438715812	0.2215097462	-0.0168086039	-0.0057963542	-0.0435422032	0.0781235681	0.1479282705	-0.0081851989	-0.0270724244	0.0190937541	-0.0901002596	0.1513443479	-0.0136600224	-0.1896392219	-0.1181828525	-0.2133029946	0.0094084289	0.0718718909	-0.0512235245	0.0911920498	0.053401952	-0.0345542948	0.0367419614	-0.1596003581	-0.1127449652	-0.1039689892	-0.0540908874	0.0133784848	0.0317715809	0.0424344071	0.1144225175	0.0513879015	-0.1155240744	0.1156702011	-0.0348447067	0.0871274725	-0.0075625096	-0.1138008147	-0.0253393647	-0.003208483	-0.1026437664	-0.0861450547	-0.0124075353	-0.062471898	0.0231794468	0.0136671855	0.0013182979	-0.063941776	0.042578821	-0.0948016975	-0.1076661454	0.0208821209	0.1220030341	0.0	-0.019864	-4.699999999999843e-05	2.208999999999852e-09	0.000394578496	-0.0722531	0.0325388999999999	0.00522051045961	0.0010587800132099	0.0982107	0.0342774	0.0096453415944899	0.00117494015076	0.00198972	0.00087323	7.625306329e-07	3.9589856784e-06	-0.000105402	0.0	0.0	1.1109581604e-08	3.60679e-05	0.0002455509	1.30089341041e-09	6.029524449081001e-08
5390.352562812565	1.0283512453361254	1.05750628378436	29055900.75141999	11436.321235163576	-32.29878269411165	130789443.39385334	1043.2113635214462	4959.256066747255	-1.3464113208847266	24594220.73556946	1.812823445006554	5005.344507108845	9597.925424157223	1.196318	39.571556	0.09466759	0.0643355	0.0916571094	0.0656761055	0.0100239377	-0.0757056171	0.1518117343	-0.1129198089	-0.1067276861	0.3401670156	-0.0656424768	0.0535957334	-0.0530674131	-0.0970250996	0.0294923928	-0.0021281583	-0.0611404291	-0.0453096377	0.0102837169	-0.1969738088	0.0922326585	0.2358661752	-0.2368241804	0.106119458	0.0610489406	0.0690484358	-0.0558239175	-0.1399947196	-0.0203422667	0.0713068182	0.0982046065	0.1477841432	-0.1067474517	0.0450616884	-0.0488818162	0.0648997066	0.0728266878	-0.0225626639	0.1186105061	0.1482349537	-0.0017971082	0.0039729023	0.1140822967	-0.1645808361	0.0221796071	0.0484471451	-0.0744757316	0.0663044625	-0.1137602097	-0.1045423933	0.0006961253	0.0247890114	0.1498160694	-0.0384928704	-0.0106927326	0.0147828373	0.0954998167	0.1007917923	0.1176710508	-0.1473938533	0.2664687885	0.1042073238	0.025478644	-0.040100602	-0.0401027937	-0.0001230482	-0.0560334053	0.0921204146	0.2835221972	0.1470315561	0.1106008713	0.0571938335	-0.0137796011	-0.0792617106	0.1280742443	0.0444918114	-0.0161074302	0.0189475492	-0.1733482533	-0.1263283252	-0.0050567179	0.0111371782	0.0764178283	0.1093205502	-0.0196456107	0.1489995583	-0.0979567792	-0.0815188448	0.1256367739	0.0462250243	0.1758691703	0.0288230724	-0.0411483539	-0.0756110396	-0.0108665805	-0.0421264352	0.1857907516	0.0224043689	0.0461555059	0.076261308	0.1395347609	-0.0256742998	-0.0390374916	-0.0319695705	0.0099779457	0.1198178425	0.1064752095	0.236055477	0.1771155987	0.0555347567	-0.0602756027	0.0132324618	0.0336712344	-0.0123115385	-0.0331623998	0.0397513735	-0.0985552316	-0.1029224817	0.0325848399	0.1238084399	0.0	-0.0263555	-0.0064915	4.213957225000001e-05	0.00069461238025	-0.0100711	0.062182	0.0001014270552099	0.003866601124	0.105303	0.0070922999999999	0.0110887218089999	5.030071928999994e-05	0.00176881	-0.0002209099999999	4.8801228099999976e-08	3.1286888161e-06	-4.7801e-05	5.7601000000000006e-05	3.3178752010000012e-09	2.2849356009999998e-09	-6.34569e-05	-9.95248e-05	4.026778157610001e-09	9.90518581504e-09
5389.577183843187	-0.7753789693779254	0.6012125461535738	29047542.220603064	11488.080546769555	51.75931160597975	131975994.64906508	2679.026337924909	4965.6078354754	6.351768728144634	24657261.175734688	40.3449659758361	5010.86026799131	9627.15990708413	1.168528	38.65234	0.1078276399999999	0.0643743	0.0957378668	0.0912593082	0.0041894365	-0.0925395026	0.1996749136	0.0153694024	0.0339262242	0.106801288	-0.1646523385	0.0318460288	-0.0548981711	-0.0091699117	-0.0501477097	0.0715690847	-0.1495078084	0.0817180035	0.2145621895	-0.1259571131	-0.104673901	0.1630832097	-0.025985805	0.0303045189	0.0728347771	-0.0005191851	0.0801628117	0.0354901797	-0.1680960232	-0.2693661375	-0.0197019527	0.0659885206	0.0986117775	-0.0289178595	-0.0902510474	0.0625180177	-0.0891557129	0.0877681694	-0.0409062513	-0.0537439679	-0.0533662529	-0.0623985877	-0.0797974015	-0.0440989426	-0.2184515727	-0.0055260721	-0.1430769407	-0.0018749811	0.0481551766	0.1073848188	-0.0009133248	-0.0317900653	-0.0655404262	0.0406796046	0.0843000918	0.0932672845	0.113190129	-0.0517155928	0.1017199281	0.0804478451	0.0619090759	0.0827632891	0.1329420307	0.0563875938	0.0098062877	-0.070552028	-0.1110621351	0.0215270274	0.1633861114	-0.0223204782	0.0481142004	0.0258010144	-0.1159574612	0.0290374456	0.0020759175	-0.1643679485	-0.2405388396	-0.0167097121	0.0277591933	0.1290724092	-0.0034166369	-0.0653795457	0.0658525041	-0.0554373211	0.1115144209	-0.0131547675	0.0588962022	-0.0905395607	0.0220956169	-0.163597011	-0.0404437784	0.200956437	0.0142156006	-0.0743124016	0.0074696401	0.0327527917	-0.1260413525	-0.0187088688	0.0303681165	-0.0447634642	-0.0439897225	-0.1520441295	-0.0549507094	-0.094782598	0.0810188876	-0.0376513184	0.1157273568	0.0733912695	0.0612230728	0.1076099831	0.0790275084	-0.0606803853	-0.0197329849	-0.0545325633	-0.1896400279	0.0369007123	-0.1020785854	-0.0976380941	0.043983323	0.1238084399	0.0	-0.0275597	-0.0012041999999999	1.4500976399999977e-06	0.0007595370640899	0.0161997	0.0262708	0.00026243028009	0.00069015493264	0.105249	-5.3999999999998494e-05	0.0110773520009999	2.915999999999837e-09	0.000699162	-0.0010696479999999	1.1441468439039997e-06	4.88827502244e-07	-0.000489594	-0.000441793	1.95181054849e-07	2.39702284836e-07	3.10749e-05	9.45318e-05	9.6564941001e-10	8.936261211240002e-09
5386.002339031616	-3.5748448115709834	12.77951542681598	29009021.19605404	11475.64739797905	-12.433148790505584	131690483.20274334	154.58318884685045	4959.368698995771	-6.239136479628542	24595337.89257901	38.926824011431634	5005.266775997981	9625.12897854229	1.127615	37.29903	0.066425455	0.0360143	-0.0049499553	0.126784035	0.1128097148	-0.0142206729	0.2207223582	-0.0888274575	0.0251882205	0.0368398996	-0.0541676858	-0.0899121342	-0.0090161529	0.030290518	0.026751942	0.1759730718	0.0630910697	0.0990505302	-0.0422611628	0.047043731	0.090824251	-0.023881192	-0.0480588207	0.0450939117	0.0836185092	-0.1507544456	-0.085589957	-0.1765665837	0.0389327881	0.0496241862	0.0350597015	0.1058369956	-0.1060639773	-0.0116875402	0.085438937	-0.089407486	-0.0193942242	0.0434504203	-0.0883873224	0.0789732351	0.0080033842	-0.0355331552	-0.0276069554	0.0069978909	0.0706913631	0.0112219072	-0.0348018726	-0.023727706	0.0516514163	0.1151477883	-0.1090890218	0.0227542931	0.0847466251	0.192296086	-0.0060598689	0.0234333527	-0.0350437931	-0.1519093368	-0.0526486255	0.0261139441	-0.0902407302	-0.0148935696	-0.039507123	-0.0541577047	0.044868892	-0.1598164039	-0.1102489542	0.0716770982	0.0090790691	0.0292633011	0.0430128196	0.1209043608	0.0177351502	0.0921254449	0.175119701	0.1094127578	-0.0036422938	-0.0224981155	-0.132632892	-0.1201404215	-0.0540569168	0.0749822297	-0.0267121905	-0.001764073	0.0365067461	-0.1509461418	-0.0849466205	0.0397299302	-0.0178627106	-0.0132723989	0.0413004895	-0.0510156362	-0.0131048979	-0.0557236167	0.0078692863	-0.0261637783	-0.1775421594	-0.0698016464	0.0643171366	0.1495518182	-0.1388717927	0.0063372733	0.0405115644	-0.0443167639	0.0473220106	0.0126166984	-0.0602498089	-0.0684458237	-0.0484107213	-0.0368295679	-0.0277705152	-0.0097842577	-0.1116904567	-0.1339282566	-0.0602197011	0.0340285022	-0.1053635299	-0.0918407451	0.0549711457	0.1220030341	0.0	-0.033914	-0.0063543	4.037712849e-05	0.001150159396	-0.0106812	-0.0268809	0.00011408803344	0.0007225827848099	0.105278	2.9000000000001247e-05	0.0110834572839999	8.410000000000724e-10	0.00113036	0.0004311979999999	1.8593171520399997e-07	1.2777137295999998e-06	-0.000584681	-9.5087e-05	9.041537569e-09	3.41851871761e-07	0.000168015	0.0001369401	2.8229040225000006e-08	1.8752590988010002e-08
5394.896470951026	8.89413191940912	79.10558259985214	29104907.93227983	11487.908972890704	12.261574911653952	131972052.56942277	150.34621931410163	4968.520007572705	9.151308576933843	24686191.06565028	83.74644867026292	5014.624051966906	9600.344089168257	1.068076	35.329586	0.055410075	0.0255764	-0.0212528632	0.1144125024	0.0938919809	0.0306532337	0.1403449246	-0.0274234828	-0.0983299244	-0.1283924487	0.0096942323	-0.054717598	-0.041988035	0.1259257119	0.0955568277	0.0605331787	-0.0144974498	0.0270969406	0.0492297711	-0.0425940944	-0.0429552731	0.0495692936	-0.0700120986	-0.0666425818	-0.0652615188	-0.0478333404	-0.025583595	0.0266413984	0.0494381278	-0.1006688034	-0.1632605423	0.0355285275	-0.1981926146	-0.0125851276	0.091228839	-0.0155537332	0.1991824783	-0.021220113	-0.0329367109	-0.0831315051	0.2530562484	0.1282341404	0.1058388326	0.0411959867	0.0134510052	-0.0203939402	0.0668286539	0.1291374541	-0.0693108568	0.1026502617	0.1771354612	-0.0301130815	0.0190390331	0.0264441853	0.0579217047	-0.0460029643	0.1516136656	0.0591491898	-0.0686729272	-0.0727353302	-0.0672025164	-0.157123707	-0.0509614334	-0.0414932423	-0.1210954512	-0.1391131571	0.1393708964	-0.0115792152	0.0435569617	0.0895832877	-0.0626865387	0.0197434583	0.0726335081	0.0385718895	-0.0248301795	0.0226453	-0.1138225722	-0.1237138805	0.1171069434	-0.1282231274	-0.0855706025	0.0866403417	0.1030162099	0.2018574102	0.0187415754	-0.0590157003	0.0562044296	0.2296700778	0.1191268815	0.1441287298	-0.0681234556	-0.047400207	0.0890864462	0.0620169471	0.1220563921	-0.0139012253	0.0098616377	0.2055320474	0.1440545728	-0.0650271805	0.0562105715	-0.0603532756	-0.1408441991	-0.034112636	-0.0905834289	0.0006647774	-0.0958955059	0.0217304846	-0.1665962519	-0.1047553163	-0.0790192682	-0.1362876219	-0.1402390763	0.041794872	0.1001702765	0.0311364203	-0.108402393	-0.0855608924	0.0654457176	0.1184185493	0.0	-0.0273584	0.0065555999999999	4.297589135999998e-05	0.00074848205056	0.00802063	0.01870183	6.433050559690002e-05	0.0003497584453489	0.107996	0.0027179999999999	0.011663136016	7.3875239999999905e-06	0.00128049	0.00015013	2.2539016900000018e-08	1.6396546401e-06	-0.0007545629999999	-0.0001698819999999	2.8859893923966042e-08	5.693653209688491e-07	-6.06659e-05	-0.0002286809	3.6803514228099997e-09	5.2294954024810017e-08
5395.715886148928	0.8194151979023445	0.6714412665533385	29113749.92403991	11522.018813194933	34.10984030422878	132756917.53161795	1163.4812055799905	4965.726136305351	-2.7938712673540067	24658436.060786072	7.805716658546284	5010.379836452509	9588.68870670856	1.162622	38.456982	0.0585614079999999	0.0311621	-0.1331673837	0.0289646502	-0.0908020123	0.0729498079	0.0138937282	-0.1585768747	-0.0925392069	-0.0701274144	-0.0137876505	-0.01950053	0.1062539458	-0.0247448617	0.0459508333	0.0130587855	-0.0634963026	0.126496594	-0.0190968037	0.0400209741	-0.0219152631	0.0597615805	-0.1255417381	-0.0539968919	0.063966654	0.0933075826	-0.1625587567	0.0300842961	-0.092437182	-0.1187406296	-0.0767807311	0.0194536933	0.2161322885	0.0436271256	-0.0937341121	0.0425663585	-0.0038461824	-0.1111587619	0.0133878302	-0.0575844627	0.0939257596	0.0656774489	0.0027431696	-0.0187123496	0.04471407	0.0138470657	0.1045576854	-0.1178618731	-0.0085858028	-0.0079729927	-0.0876563878	0.0062977725	-0.091694567	-0.0408627052	0.0415935953	0.0181329729	0.0577938464	-0.0659899798	-0.0660378507	0.0078647587	0.0029664193	-0.0449902223	-0.0560060437	-0.0361733649	0.0644819233	0.1504176849	0.1957864493	0.1335171361	0.07172162	0.1002481023	-0.0182868439	0.136777943	0.0079832429	-0.1698434279	0.0221247461	-0.0987723733	-0.0878714132	-0.0660325188	0.0187395552	0.1956304798	0.1153361997	-0.1345203836	0.0449407445	0.0031344641	-0.0907011504	0.0208879327	0.0573460585	0.0735608506	0.0481166004	0.013389434	-0.0050352439	-0.0412914607	-0.0052616327	0.0845816829	-0.1219160624	-0.0630445423	-0.0122174432	-0.0806673761	-0.0899313731	-0.0169512574	-0.0506465561	-0.0381628804	0.0080477109	-0.0117310113	-0.006572035	-0.0709384434	-0.0435383412	0.041920439	-0.0256215658	-0.0856402017	-0.012311411	0.0186793366	-0.0097688587	0.2962939958	0.0086878887	0.0282261557	-0.1111880772	-0.0788315284	0.0753092405	0.1131072554	0.0	-0.0298419	-0.0024834999999999	6.167772249999998e-06	0.00089053899561	0.000980817	-0.007039813	9.62001987489e-07	4.955896707496901e-05	0.105309	-0.0026869999999999	0.011089985481	7.219968999999973e-06	0.00178566	0.0005051699999999	2.551967288999999e-07	3.1885816355999994e-06	-0.000584681	0.0001698819999999	2.8859893923966042e-08	3.41851871761e-07	0.000191304	0.0002519699	3.6597220416e-08	6.348883050600999e-08
5393.387292024084	-2.3285941248441304	5.4223505982586016	29088626.48176688	11502.07454126352	-19.944271931412004	132297718.75278243	397.7739828741087	4960.591633825395	-5.134502479956609	24607469.357578497	26.363115716680568	5004.7885238361205	9590.305888378438	1.148359	37.985172	0.040876163	0.020687	-0.0761312052	-0.1154893656	0.0427654922	0.0082155155	-0.0242489931	-0.2078142512	-0.0298033766	-0.0499879394	-0.0163854719	0.1053620868	-0.1060299503	-0.0162333615	-0.0782132386	-0.0543300465	-0.0764987534	0.0555873962	-0.0043238566	-0.0918074284	-0.1223969648	0.1075861992	0.0499361871	-0.016707442	-0.0092092556	-0.0661614607	-0.1232039354	0.0622183213	0.0287007711	0.0557993556	0.1151980825	0.156104153	0.0205898779	-0.1618154302	-0.0875546432	0.0599320104	-0.0709902183	0.0194157244	0.1680999567	0.0084897504	-0.1414862244	-0.0346475765	0.0817706692	-0.0210592345	-0.1383251908	0.0177265679	-0.062752891	-0.0725526792	-0.0346137454	0.0203005609	0.0316668489	0.1370441556	-0.116054011	0.1495005207	0.0828019669	-0.0273568493	-0.0311228515	0.0249732114	-0.096609099	-0.0294596232	-0.0874088498	-0.0814140466	0.0884039766	0.0555225199	-0.1654167283	-0.0633403934	0.0740725353	-0.0461110631	0.0680770006	-0.1005280236	-0.0189285955	0.1337900457	0.122108657	-0.0146937616	-0.0530214912	-0.0074019115	0.0144060134	0.0407393472	-0.1521794558	0.0603688355	-0.151845788	0.005336805	0.0224091907	-0.065761695	-0.014357334	0.1883084071	-0.0032849656	-0.17844641	0.0066193222	0.0227316966	-0.0051635382	0.1639917885	0.0280108827	-0.0770248391	-0.0397460379	-0.0074861206	-0.0105369491	0.026261796	0.0285423537	0.0248817005	-0.1659272915	-0.1154581274	-0.0220979097	0.1355007223	-0.0336660335	0.017062557	-0.103271648	-0.025862071	-0.0796419277	0.0350212708	0.0097943918	-0.213274136	-0.0187199249	0.0332598432	0.0300170192	0.0252994078	-0.1137140766	-0.0716880071	0.0844696213	0.106146603	0.0	-0.0391486	-0.0093066999999999	8.661466488999996e-05	0.0015326128819599	0.0024052	0.001424383	5.784987040000001e-06	2.0288669306890006e-06	0.10528	-2.9000000000001247e-05	0.0110838784	8.410000000000724e-10	0.0015702	-0.00021546	4.64230116e-08	2.46552804e-06	-0.000829734	-0.000245053	6.005097280900003e-08	6.884585107560001e-07	4.94954e-05	-0.0001418085999999	2.44979462116e-09	2.010967903396e-08
5402.687724121245	9.30043209716132	86.4980371939085	29189034.6443704	11508.900560374284	6.826019110763809	132454792.10858352	46.59453690051274	4954.018297501154	-6.5733363242407	24542297.291976232	43.20875043158223	4998.127137142131	9602.964486024028	1.026045	33.93932	0.0674288699999999	0.0337752	-0.0476610413	-0.1257002388	0.134909803	-0.028606447	-0.0748234611	-0.178050431	-0.1190786371	0.0078906277	-0.0426315026	-0.0795824772	-0.1037013925	-0.0057067531	0.0543901367	-0.0269712354	0.0688529856	0.0070820156	0.0027929319	0.0939672591	0.035981125	-0.1509029043	-0.2071268311	-0.150679794	0.1418600168	-0.0051856726	-0.0045796206	0.0642312332	0.0978003518	-0.0765509534	0.0387848626	0.0379148809	-0.1199088873	0.0332230655	-0.1046548196	-0.0623217516	-0.0090068217	0.0328796763	0.1032825981	-0.0304907196	0.0133991561	-0.0664362674	0.0095302949	0.1546130074	0.0434935146	-0.0357052645	0.1339421963	-0.0152218962	-0.0226790525	-0.0088316062	-0.0072567239	0.0664218043	0.0695777735	0.059644017	0.0724922889	-0.0994774833	0.0327940189	-0.0173645462	-0.185935963	-0.0265566967	-0.2210374833	-0.0040944924	0.0448053284	0.0030553271	0.0375325209	-0.0710434501	-0.0060738298	0.0095108401	-0.1118023635	0.1824204162	0.01076354	0.2023011921	-0.1014784752	-0.0323351131	-0.1385167712	0.0977365795	-0.0532881521	0.0498346448	-0.0347636239	-0.1002913633	-0.0054492447	-0.0962259241	-0.019585955	0.0572456712	0.0128888315	0.0852406817	-0.0384838681	0.083655241	-0.1164958169	-0.0133936422	-0.0898427573	-0.0356611527	0.0754950141	0.0913999426	0.0288168315	-0.0378386467	0.0229638972	-0.017369706	0.1174764762	0.1296115814	-0.0603471606	-0.0200949264	0.0214480002	-0.0063871862	-0.081432432	-0.1050608696	-0.223619677	-0.1615291948	-0.0435075324	0.0292100529	0.025763812	-0.0272525208	-0.0383764569	-0.0001728087	-0.1157227525	0.0223578858	-0.1159744915	-0.0641678585	0.092841332	0.0976380941	0.0	-0.0351787	0.0039698999999999	1.5760106009999988e-05	0.00123754093369	-0.010208	-0.0126132	0.000104203264	0.00015909281424	0.126185	0.0209049999999999	0.015922654225	0.0004370190249999	0.00124389	-0.0003263099999999	1.0647821609999987e-07	1.5472623321000002e-06	-0.000584681	0.000245053	6.005097280900003e-08	3.41851871761e-07	7.694779999999998e-05	2.745239999999998e-05	5.920963924839997e-09	7.536342657599991e-10
5412.429952888774	9.742228767529014	94.91102135886987	29294397.994927578	11536.354763961332	27.454203587047232	133087481.2399733	753.7332945990371	4966.679936746835	12.661639245680815	24667909.594083544	160.3171083877647	5012.049239188645	9606.602615499794	1.057573	34.982201	0.0479113949999999	0.0227327	0.0258832794	-0.1141193834	0.1119088491	-0.0788016946	-0.115199696	-0.095087834	-0.1636519065	-0.0428945066	-0.0219628038	-0.0342724887	-0.0911607589	0.0694235062	0.0111012053	-0.1288037834	-0.0669441044	-0.0739229869	0.0265017239	-0.0272620343	-0.0810826954	0.1136420999	0.0590183045	0.1098504232	0.073397844	-0.0163415835	-0.0723086525	0.053662457	-0.0084172205	-0.0188365852	-0.0336585946	-0.0621210975	-0.0302162729	-0.1075660628	0.0117338918	0.0379973054	-0.009645808	0.0553036454	0.0425875672	-0.161890543	-0.1548259703	-0.0878800858	-0.0226419007	-0.1206180046	0.1261743819	-0.1777668622	0.1827749164	0.0656019329	-0.0022608425	-0.0834053204	0.0669235315	0.0043100368	0.0450401729	0.0512648262	0.0629361063	-0.1536113302	0.0107715902	-0.0385344773	0.1436082711	0.1462814772	-0.1134977828	0.1594927553	-0.0879515514	0.0286801127	-0.170286008	0.0768148537	0.0852493094	0.0086073337	0.0873616227	-0.1217838774	0.0701745788	0.0980305305	0.0360206725	-0.0353723815	0.0050317806	-0.0567926998	0.0392982666	0.0106861651	0.0880230535	0.0160867725	-0.1324002098	-0.0190807672	-0.0315934225	-0.0246548793	0.0976855445	0.0564649529	0.2001163166	-0.0589998374	-0.1562290635	-0.0457504694	0.1645049647	-0.1678237439	0.1192719484	0.0695212741	0.0462314824	-0.0208654295	0.0622677165	0.0272429952	0.0611947476	-0.0190945916	-0.1013688144	0.0309566535	0.0597462421	-0.0823802747	-0.0824336859	-0.019683137	0.1695078309	-0.2238357614	0.1189666808	-0.020104685	-0.0951005191	-0.1007004521	0.096747344	0.0175279399	0.2022561208	0.0194033074	-0.1179640426	-0.0563105911	0.1003462082	0.0877058019	0.0	-0.0298047	0.005374	2.8879876e-05	0.00088832014209	-0.0238302	-0.0136222	0.00056787843204	0.00018556433284	0.121054	-0.0051309999999999	0.0146540709159999	2.6327160999999967e-05	0.00152857	0.0002846799999999	8.10427023999999e-08	2.3365262449e-06	-0.000442252	0.0001424289999999	2.0286020040999988e-08	1.9558683150400002e-07	2.83729e-05	-4.857489999999998e-05	8.0502145441e-10	2.359520910009998e-09
5416.21283801361	3.782885124835957	14.310219867705154	29335361.506663445	11527.884495178225	-8.470268783106803	132892120.93417051	71.74545325807361	4969.739491961454	3.0595552146196496	24698310.61796129	9.36087811130629	5013.8932342329845	9629.682916152786	0.99025	32.75528	0.04117437	0.0240787	0.0468122149	-0.1182760818	0.134261892	-0.1079986892	-0.107429139	-0.0790765697	-0.092437625	0.0271041454	0.0284137974	-0.1800566007	0.0173331697	-0.0376259733	0.049998316	-0.0418978327	-0.1414312565	-0.1307541451	0.0729206362	0.0871264316	0.1803305574	0.0116824743	0.0573193499	0.0368331213	-0.004062301	0.1428662012	-0.0402872057	0.0109519586	0.0124514176	0.067098188	0.0180490762	-0.0223759188	0.0342889711	-0.0018255508	-0.01675564	0.0555145253	0.0082097679	-0.0520097898	0.0930469716	-0.1548616412	0.1041106051	-0.1349792913	-0.0534137883	0.0408046993	-0.1545304642	0.0494870277	-0.2031561021	0.0277757518	-0.0307311179	0.0327358565	0.1753270606	0.1123909475	0.1099120012	-0.1277686636	-0.0775913634	0.1938772652	-0.095601419	-0.0667347234	0.05705844	-0.0042027219	0.051918801	0.0509675337	-0.1981125244	-0.0010934766	0.011716534	-0.0875420227	-0.0021036278	-0.0264891965	0.0134560266	-0.0618891104	0.0207883632	-0.0504889144	-0.0050124468	-0.1334222987	0.0112227324	0.0279268541	0.0771938557	0.0172438647	0.011539549	0.0495193423	0.0147334505	0.0109884727	0.0143452716	0.0130361644	-0.0564767413	0.1116380578	0.1236512282	0.0927287778	-0.038958105	-0.0845417635	-0.0877859557	0.2733470227	-0.0542328458	-0.1279397873	0.0426997327	0.0540452242	0.0353412009	0.1773014311	0.0209843215	0.0080671823	0.1035768507	0.0763178866	0.0823771729	0.0124089477	0.2504354672	0.031931883	0.0332356889	-0.0198112962	0.0736008011	-0.1741827973	-0.0053952991	0.1071048733	-0.0649496557	-0.1048162581	0.1441839408	0.0164373979	-0.1196780832	-0.0481574848	0.1069141789	0.0764945617	0.0	-0.0363582	-0.0065535	4.2948362250000005e-05	0.00132191870724	-0.0455309	-0.0217007	0.0020730628548099	0.00047092038049	0.127385	0.006331	0.016226938225	4.008156100000004e-05	0.00152811	-4.599999999998703e-07	2.1159999999988065e-13	2.3351201721e-06	-0.000499532	-5.728e-05	3.280998399999999e-09	2.495322190240001e-07	-4.56705e-05	-7.404340000000001e-05	2.08579457025e-09	5.482425083560002e-09
5418.556350954193	2.3435129405825137	5.492052902677701	29360752.92846601	11544.62843767492	16.743942496696036	133278445.76397248	280.35961033266346	4970.304378424473	0.5648864630184107	24703925.61418549	0.3190967161014503	5018.483486374875	9640.312702382344	1.086116	35.926334	0.044743025	0.0218085	0.1016837149	-0.0630516679	-0.0308835852	-0.1272933328	-0.0694276875	0.0397454298	-0.1153402049	0.033304081	-0.0237771958	0.0170538451	0.0241962836	-0.0077003602	-0.0504986823	-0.1180916817	0.0391123683	-0.0285445414	-0.0236419622	-0.0718503923	0.1008950568	0.1459155841	0.1517801775	0.0513118723	0.0445193569	0.0834274871	-0.0510198721	0.0625233316	0.0934442796	0.0368940291	-0.0812119864	-0.0116657375	0.050532569	-0.2428752175	-0.1462188576	0.0713319598	0.0912442328	-0.0888799162	0.0549714763	0.1387269489	0.0875610726	0.0091411087	-0.0975228455	-0.1132495112	0.0786366614	-0.036606749	-0.0273978773	0.0655702586	0.0765624815	0.0053886734	-0.1565730218	0.0202719113	0.0582200687	-0.0304132625	0.0400888961	-0.0018173816	0.015127256	0.1514840202	0.0407446293	0.1162467772	0.0361787092	-0.0160111357	0.1368409742	0.0099304453	0.0377946812	0.1085481776	-0.0053819038	0.177171397	0.1363583292	-0.177733087	-0.0162226119	0.0015046852	0.0133066725	-0.0988952944	-0.0247195174	0.0260817382	0.1036578258	-0.0760172628	0.0656224817	0.1232290482	-0.2246111474	-0.1174052336	0.1261706014	0.0164877959	-0.0924781255	0.0479965955	-0.1284057724	0.0232815773	0.1000150528	-0.1092283164	0.10881853	-0.0900764768	0.0009424865	-0.0460445011	0.0349905317	0.0341755998	-0.0143675503	-0.0230937097	-0.1366837857	0.0972947001	0.0884783355	0.0049816842	-0.0273497521	0.0530076727	-0.1028731362	-0.0919655499	0.1626618994	0.0280657374	-0.0882555275	0.1276823513	0.0544239848	0.0441416089	0.0678324198	0.0118200522	0.1217432791	0.0134618896	-0.1211126101	-0.0397513735	0.1124839207	0.0641678585	0.0	-0.026842	0.0095161999999999	9.055806243999998e-05	0.000720492964	-0.0319388	0.0135920999999999	0.00102008694544	0.0001847451824099	0.129411	0.002026	0.016747206921	4.104676e-06	0.00128025	-0.00024786	6.143457960000008e-08	1.6390400625e-06	-0.000584681	-8.514899999999997e-05	7.250352200999993e-09	3.41851871761e-07	1.3495e-05	5.91655e-05	1.82115025e-10	3.50055639025e-09
5409.355799269256	-9.200551684936729	84.65015130719205	29261130.16308793	11520.400776198525	-24.22766147639595	132719634.04423556	586.9795806148404	4950.828611373588	-19.475767050885224	24510703.939195324	379.30550222034657	4997.633871494682	9648.959044177444	1.068901	35.35688	0.04132871	0.0212063	0.1136010157	-0.0005588748	-0.1066879541	-0.1245502204	0.016855954	0.0431052932	0.0435018927	0.0443909093	-0.1162469175	0.0164056562	0.1885909837	-0.0426863995	0.0500910712	-0.029353573	-0.1223950533	0.1428642817	-0.0785496136	-0.0288436483	0.053607941	0.0104247311	-0.0974003383	0.0489618653	0.1039665935	0.0187077412	0.0627612754	0.0193688214	-0.0193035216	0.005539352	0.1621678143	-0.0892751901	-0.0251600569	-0.0851067562	0.1495621996	-0.0051610548	-0.0069110252	0.1404021878	-0.0123912989	0.1015329774	-0.0239519172	-0.0829526769	-0.0229019409	0.0511297291	-0.1382214704	0.1113312227	-0.0164430133	0.0766377692	0.0247831071	-0.0630689183	-0.0471026445	0.1447378905	0.019236408	-0.08427096	-0.1482231891	-0.151831397	0.0220008365	0.0559295774	0.0552114987	-0.0597485598	0.1561510608	0.0176881926	-0.1061937689	0.0310714234	0.0984768739	-0.0190175584	0.0210894291	-0.2470694395	0.0368233558	0.0545372609	0.1062753093	0.0245509527	-0.1236790294	0.0128384803	0.008774223	-0.0065892819	0.0154270983	0.1661056088	0.0276697221	0.009457134	-0.0879546307	0.1754116185	-0.0763356813	-0.0133922035	0.0917232982	-0.0031673169	-0.1152524921	-0.0734620023	-0.0007792908	-0.0091598948	-0.0360394782	0.1417890846	-0.0854357093	0.0540102996	0.0855968716	0.0426045041	0.0957265885	0.042225182	-0.1363859175	0.1052790787	0.0033179253	0.1004884975	0.0089402372	-0.0205183693	-0.1315189642	0.056416229	0.0418739747	0.106808426	0.1297461612	-0.1035646056	0.0241492505	0.1197780873	-0.0339919304	0.0317522181	-0.1006329254	0.0104785198	-0.1222642728	-0.0311364203	0.1170034304	0.0509054434	0.0	-0.0374914	-0.0106494	0.00011340972036	0.00140560507396	-0.0216813	0.0102575	0.00047007876969	0.00010521630625	0.13121	0.0017989999999999	0.0172160640999999	3.236400999999982e-06	0.00101966	-0.00026059	6.79071481e-08	1.0397065155999998e-06	-0.000584681	0.0	0.0	3.41851871761e-07	-9.83712e-05	-0.0001118662	9.67689298944e-09	1.251404670244e-08
5411.78474588244	2.4289466131840527	5.89978164969828	29287414.135765865	11532.511032480912	12.110256282387128	132998810.71429396	146.65830722509688	4953.312189422381	2.483578048793788	24535301.645880345	6.16815992445036	5000.13821775188	9645.053551956928	0.991978	32.812458	0.0603701599999999	0.0289013	0.1066597532	-0.0274974092	-0.1135936523	-0.1432992192	0.0021462069	0.0399185572	0.0041228862	-0.0120472116	-0.0591754463	0.0404206312	0.1431741231	0.0093256116	-0.0957357654	0.0202711637	-0.0339198961	0.0712630621	-0.0712026138	0.0391794668	0.0840804936	0.0610400106	-0.0367319548	-0.1239007851	0.0377415839	-0.1735053382	0.117675707	0.0337277	-0.024248976	-0.1029243555	0.041257204	-0.0580615794	0.0200991059	0.216761597	0.1617670629	-0.1778926887	0.0319565481	-0.0357261121	0.13101266	0.0649079866	-0.057147693	-0.0692381885	0.1422337309	-0.0489994941	0.1033867495	0.0181936948	0.0342725579	-0.1815185394	-0.0865851811	-0.1415643393	-0.0352593278	-0.147127505	0.1054863955	-0.0448536926	0.1453357743	-0.0413114691	-0.0264143334	0.0738695019	-0.0845309931	0.019339838	0.0756396198	-0.0530936795	-0.0702487072	0.0798750022	0.0402033864	0.1623321955	0.0679998521	-0.0692632242	0.0551520802	-0.0020298645	-0.0380939946	0.086825559	-0.0597489489	0.1843111351	-0.1037481803	-0.0231985608	-0.1092295031	0.052994427	0.0250693853	-0.0291887338	0.2350087048	0.1181960494	-0.1769397846	0.1037132867	-0.0580494755	0.0620649597	-0.1103271028	0.0348095857	-0.1122969945	0.0963649263	0.1058061288	-0.0716321921	0.002678481	0.0246665507	-0.1305902256	-0.0216699718	0.0913463469	-0.1818120058	0.165629324	-0.0397981806	0.1033394196	-0.0515754679	0.1015114016	0.0663646821	-0.084257908	-0.0890989298	0.0261647237	0.0758391001	-0.0206931062	-0.0635805269	0.0472615421	0.0825521586	0.123855027	0.0788252296	0.0919903058	0.0074890309	-0.1231303817	-0.0223578858	0.1204305106	0.0369007123	0.0	-0.0324946	0.0049968	2.4968010240000022e-05	0.0010558990291599	-0.0189495	0.0027317999999999	0.00035908355025	7.462731239999997e-06	0.117909	-0.0133009999999999	0.013902532281	0.0001769166009999	0.000881337	-0.0001383229999999	1.913325232899997e-08	7.767549075690001e-07	-0.000837714	-0.000253033	6.402569908900004e-08	7.017647457960001e-07	0.000297084	0.0003954552	8.825890305599998e-08	1.5638481520703997e-07
5414.999868693108	3.215122810667708	10.337014687675824	29322223.57794637	11535.15255532409	2.641522843177881	133059744.47459988	6.977642931030559	4960.000622595762	6.688433173380872	24601606.176150348	44.73513831478172	5006.948286383785	9671.877535929483	0.996858	32.973869	0.0502274699999999	0.0285157	0.1054519055	-0.0488932309	-0.096510938	-0.1048002913	-0.0656935924	0.0442096693	0.043821664	-0.022824495	0.0830364071	-0.054975207	0.1743705393	-0.0574634126	0.0470518686	0.0153243792	-0.0149764285	0.0539640937	-0.0277587154	0.0883027268	0.1144805506	-0.0155207146	0.0030487099	0.0354079498	-0.0046407773	-0.0405727437	0.0894977455	0.076245549	-0.0631768633	-0.0451123196	-0.0713720008	0.0986705816	0.0670545219	0.097149119	0.0851503505	-0.0911241323	-0.0699812892	-0.0340650697	-0.1306783857	0.096320237	-0.0728941003	-0.1000235983	-0.0695234711	0.0702219483	-0.0237283151	-0.019698375	-0.0663510354	-0.0194739597	0.0931462029	0.1130504281	0.0994963432	0.0101060121	0.0245237015	-0.0865277666	0.0496774953	0.0387834412	-0.0440416857	-0.241328809	0.0367437269	0.0458024407	-0.0260917329	-0.0181610045	-0.0371723293	0.0527124175	0.0131830194	0.1606812499	0.1156705342	-0.1033760691	-0.0112275493	-0.0222074816	0.0730586582	-0.0220641442	-0.0152996049	0.0508949727	-0.098119916	-0.0901465513	-0.0501483317	-0.0831460078	-0.0413539759	0.0097340383	0.1180966636	0.0732604157	-0.0316918524	-0.071136961	-0.0175077159	-0.1657780614	-0.0916437025	-0.0278714405	-0.1325451288	-0.0925311391	-0.0325867387	0.0063047492	0.0006239035	-0.0442546215	-0.0093776655	0.0915519336	-0.1077731595	0.0875026433	0.0280504047	-0.0380871159	-0.027410146	-0.0388568572	0.1583550562	-0.1712545949	0.1392977678	0.0052724009	-0.0093348121	-0.0410007422	-0.0160076459	-0.0246430511	0.0503880397	0.0277841676	0.0515744465	0.1280492085	0.0466185067	0.0044951686	-0.1237089139	-0.0134618896	0.1227331636	0.0223578858	0.0	-0.0292717	0.0032228999999999	1.0387084409999985e-05	0.00085683242089	0.00594552	0.02489502	3.5349208070400004e-05	0.0006197620208004	0.113501	-0.0044079999999999	0.012882477001	1.943046399999996e-05	0.0008959719999999	1.4634999999899968e-05	2.1418322499707204e-10	8.027658247838209e-07	-0.000610628	0.000227086	5.156805139600002e-08	3.72866554384e-07	0.000184774	-0.0001123099999999	3.4141431075999994e-08	1.2613536099999996e-08
5415.925204456624	0.9253357635161592	0.8562462752420333	29332245.820268523	11528.614875648622	-6.537679675468098	132908960.9510267	42.74125553902866	4968.142923677235	8.142301081472397	24682444.11008418	66.29706690134655	5014.724545459146	9652.233028014436	0.998249	33.019882	0.02214228	0.0135676	0.0916766607	-0.0698811269	-0.064329532	-0.1110677613	-0.0824339002	0.031628541	0.0588837871	-0.1074030276	0.0515224988	-0.0439900082	0.0632810334	0.0964470103	0.0314493085	-0.0192938518	-0.01308795	-0.0346141805	0.0706944114	0.007084055	0.0667051111	0.0307377091	0.0493612429	0.0451034702	-0.0024917155	0.0392459786	0.0014129797	-0.0306086358	0.1591408657	0.0704517763	-0.0088103225	0.0451431135	-0.1517775537	0.0022420393	0.0085272623	-0.120363398	-0.1577617483	-0.0431266762	-0.0490639515	0.1240184397	-0.0941013338	-0.1915387332	-0.1190341175	0.0498680964	0.1039172251	0.0030860453	-0.0546070494	0.0935731273	0.0974336694	0.0346722987	0.0586649438	-0.082940294	-0.1927429248	0.0697758612	-0.0981327494	0.0588912422	0.1050027102	0.0796220281	-0.0054140025	-0.0161728691	-0.0247976344	-0.0288095981	-0.0597065597	-0.0599869372	0.0227709282	0.0159549582	0.0633848135	0.0472819519	0.0251964952	-0.0725184855	0.052841907	-0.0301604388	0.0298849491	-0.0447017931	-0.0484967917	0.1492182695	0.0374242516	-0.0306644031	-0.042694744	-0.189212918	-0.0664750395	-0.0018003517	-0.1038811031	-0.097333106	-0.060602015	-0.0646226461	-0.131459024	-0.0184661474	-0.1411925925	-0.1295328713	0.0606382485	-0.0461512522	-0.0895743902	-0.0557196194	0.119835476	0.0673968337	-0.0673133899	-0.0086684699	-0.0569138025	-0.1364690385	-0.1143661271	0.0236458505	-0.2058473666	0.0032397922	0.0360906928	-0.0402671797	-0.044894779	0.0189636664	0.0213464336	-0.0799969212	-0.0395254047	-0.0031447646	-0.0155489856	0.1063671003	-0.0797014602	0.0014986813	-0.1239985182	-0.0044951686	0.1238898902	0.0074890309	0.0	-0.0308542	-0.0015824999999999	2.504306249999991e-06	0.0009519816576399	0.0102425	0.00429698	0.00010490880625	1.84640371204e-05	0.112738	-0.0007629999999999	0.012709856644	5.821689999999997e-07	0.000912708	1.6736000000100015e-05	2.800936960033477e-10	8.33035893264e-07	-0.000856559	-0.000245931	6.048205676100001e-08	7.33693320481e-07	0.000137445	-4.732899999999998e-05	1.8891128025000003e-08	2.240034240999998e-09
5420.648755714252	4.72355125762806	22.311936483439627	29383432.932826467	11562.01697370258	33.40209805395898	133680236.5001866	1115.7001544062905	4966.477593035605	-1.6653306416292253	24665899.68212474	2.773326145949208	5012.83308842811	9693.315249402916	0.995625	32.933071	0.0331787999999999	0.0181918	0.094015686	-0.0385652812	-0.0714188971	-0.0870267528	-0.0700754137	0.0575693181	0.0929810002	0.0157662645	0.0680405763	-0.1251653817	0.0785343233	0.0751485846	0.0556700218	-0.0989524024	0.0127598126	0.0503965081	-0.0624912893	0.0237596095	-0.1159654389	-0.0730256611	-0.0949925879	0.084023805	-0.1009717458	0.0535347687	-0.0767490135	-0.0623979589	-0.0515935214	-0.0527253438	-0.0007603994	-0.0130355253	0.0567290134	0.042960765	-0.0049254688	-0.1049065018	-0.0740137985	-0.0719989755	-0.0944885658	0.0403108204	0.0101848417	0.1815509498	-0.0295958361	0.0228826726	-0.0276146742	-0.1352464142	-0.0597873785	0.0057169624	-0.0153702011	-0.0303608916	0.1095268724	0.1024838991	-0.1267415385	0.1082911265	-0.0870183582	-0.0174280281	-0.1472566833	0.097001249	-0.0814832701	-0.1549725622	0.0044419456	0.143442348	0.1434083024	-0.0816509843	0.0638732046	0.0880398901	-0.0565066286	0.0847746683	-0.0617545514	0.0921481073	0.1072351297	-0.0640258834	0.0981195473	-0.0584707995	0.0711627365	-0.0107184735	-0.0922087201	0.0047912379	-0.0076154558	0.0213476533	0.0708204751	-0.0416344262	-0.1067553036	-0.030097555	-0.0827507703	-0.1188640807	0.0087171761	-0.0373046947	0.1332684454	-0.0066789188	-0.1072653352	-0.0586762965	0.0932719449	-0.1032765527	-0.0195975199	0.0269557592	0.0610969263	0.0810009937	-0.0546653615	-0.069000004	-0.1587144792	0.079229786	-0.031048583	0.1767329244	-0.0029619242	0.057015768	-0.1185068102	0.0258455772	0.093284627	0.2066340404	-0.0688475741	0.1176567309	0.0501739277	-0.0181641633	0.0610371439	-0.0014986813	-0.1239985182	0.0044951686	0.1238898902	-0.0074890309	0.0	-0.0332282	-0.002374	5.635876000000005e-06	0.00110411327524	0.0261171	0.0158746	0.00068210291241	0.00025200292516	0.120194	0.0074559999999999	0.014446597636	5.5591935999999855e-05	0.000963767	5.1059e-05	2.607021481e-09	9.28846830289e-07	-0.000840992	1.5566999999999968e-05	2.42331488999999e-10	7.072675440640001e-07	0.000220303	8.2858e-05	4.8533411809e-08	6.865448164e-09
5417.3370933377255	-3.3116623765263284	10.96710769610001	29347541.182852834	11543.260612585173	-18.756361117408236	133246865.5700602	351.8010823666234	4957.662209523722	-8.815383511883738	24578414.58373963	77.71098646159166	5004.690209720821	9674.172802750632	0.977666	32.339039	0.0426563399999999	0.0184433	0.090854804	-0.0550441565	-0.1020632944	-0.1011413432	-0.0613073955	0.0404818672	0.0345381797	-0.0767398402	0.0441125883	0.1005199236	0.060692706	0.1141952552	-0.088822871	0.0842332296	-0.0232514783	0.0592369423	0.0218309571	0.0506110238	-0.0013533481	0.0578868414	-0.036102435	0.1172041777	-0.1183246733	-0.0209799962	-0.0027047303	-0.0726844449	-0.085324872	0.2005314836	-0.0841433144	0.080342671	-0.0024476232	0.1007097346	0.132294287	0.0172682729	-0.0864782786	0.0522450321	0.0243835297	0.0019445118	-0.0267095011	-0.0188798168	0.0331210068	0.1080851526	-0.0517176605	0.0297599485	0.027155935	0.0067155382	-0.0915629318	0.0431456551	-0.03208894	-0.0472055809	-0.0231875977	-0.079171496	-0.0589471792	0.0537646707	-0.0040670268	0.0223111203	-0.1225612803	0.135025069	-0.0537991281	0.0280975557	0.0682122021	-0.018932611	-0.0226447316	-0.04564866	0.0625452451	0.1122826191	0.0479335467	0.0230538412	0.0810014741	-0.0867594939	0.116175386	0.0052828287	0.0821538056	-0.0737537272	0.0780604469	-0.1290263258	-0.1042307363	-0.1104272691	0.1021388088	0.1270647364	-0.0607081031	-0.127117979	0.0438671139	0.0312176406	-0.0128719797	-0.0169515129	-0.0654855994	0.0775602534	-0.0855647651	0.0587080856	-0.015829633	0.0223316474	0.0263331478	-0.1094031378	-0.0145552939	0.0076309044	-0.0348863162	-0.0476007919	0.0521704826	0.0721682431	0.0435578705	0.051703262	0.0310800145	-0.1721804484	-0.01624716	-0.0257625686	-0.0252262713	0.0383527116	-0.0208678306	-0.0831893439	-0.0714910318	0.0426052789	-0.0165361234	-0.0044951686	-0.1237089139	0.0134618896	0.1227331636	-0.0223578858	0.0	-0.0293168	0.0039113999999999	1.529904995999999e-05	0.00085947476224	0.0135923	-0.0125248	0.00018475061929	0.00015687061504	0.112472	-0.0077219999999999	0.012649950784	5.962928399999989e-05	0.000847609	-0.000116158	1.3492680964e-08	7.18441016881e-07	-0.000760017	8.097500000000006e-05	6.556950625000009e-09	5.776258402889999e-07	4.74732e-05	-0.0001728298	2.2537047182399997e-09	2.987013976804e-08
5420.232118279998	2.8950249422723573	8.381169416379066	29378916.216034077	11552.960494166726	9.6998815815532	133470896.17977709	94.087702696155	4965.33155374545	7.669344221728352	24654517.43862021	58.818840791358056	5012.332316037868	9700.070090512883	1.014732	33.565094	0.0250974399999999	0.0135944	0.094294103	-0.0157753625	-0.0973474779	-0.0743618042	-0.0149587935	0.0358602577	0.0910476847	-0.0537772153	0.1425226718	-0.0046841723	0.1063545924	0.0068067707	-0.0535837707	-0.0388679842	-0.0363886023	-0.0105428878	-0.0947613204	0.0932145562	-0.0868897647	0.0185812458	-2.10091e-05	0.1966542448	-0.0458119272	0.0558053565	0.0419644321	-0.1044495066	-0.1391100727	-0.1716926514	0.0582194589	-0.0255121853	0.0990628512	0.1838102385	-0.058876537	-0.0775716609	-0.1048753223	-0.1103195179	0.0750352616	-0.1186283163	-0.09407703	-0.0172968099	0.0055242586	0.024998114	-0.060007977	-0.0988326547	0.0656437599	0.1574673628	-0.0901778081	-0.0632292561	-0.1558407956	-0.1006670893	-0.1020763836	0.0961139309	0.0444722605	-0.0205177689	-0.0157122744	-0.0785148184	-0.0048523411	-0.0056120106	0.1519609402	-0.1023629967	0.0393174055	-0.0676346445	0.0169469547	-0.1274321256	-0.0053141934	0.0727798868	0.0245456019	-0.0364834132	0.180258186	-0.1342866274	0.0064693442	-0.0022756743	0.0867497382	-0.0799943228	-0.1610955596	0.0482370009	-0.0332142212	0.0498721982	0.1843527465	-0.1160011665	-0.1273165473	0.0060693768	-0.0719437528	0.0422821742	0.1507335162	-0.0812238856	-0.0643576748	-0.0624174209	0.0377039208	-0.0306822701	0.1142822615	0.0484096765	0.1596945862	-0.1764951692	-0.0141262119	-0.1522146146	-0.0552030321	-0.0655864152	-0.0779105678	-0.0598211415	0.0409120724	-0.0448890524	-0.0294989645	0.1339370623	0.0113371149	0.183682431	-0.1126909413	-0.0170220515	-0.0106536694	-0.009292028	-0.1051782025	-0.0770798323	0.0357921882	-0.0074890309	-0.1231303817	0.0223578858	0.1204305106	-0.0369007123	0.0	-0.0341594	-0.0048425999999999	2.345077475999999e-05	0.00116686460836	0.0249108	0.0113185	0.00062054795664	0.00012810844225	0.112659	0.0001869999999999	0.012692050281	3.496899999999728e-08	0.000848173	5.639999999999899e-07	3.1809599999998863e-13	7.193974379290001e-07	-0.0008273249999999	-6.730799999990001e-05	4.530366863986541e-09	6.844666556248345e-07	0.000154588	0.0001071147999999	2.3897449744e-08	1.147358037904e-08
5410.270428588537	-9.961689691461288	99.23526150896608	29271026.11045959	11546.53719707716	-6.423297089566404	133322521.24348646	41.25874550083224	4966.429286863375	1.0977331179246903	24665419.86141425	1.205017998188662	5011.134627332773	9693.842111282274	1.056517	34.947254	0.0664162384999999	0.0347058	0.0636873911	0.0498853804	-0.0704985918	-0.0273696155	0.0873924431	0.0082754743	0.0688055239	-0.0015358969	0.0556977835	0.1374965124	-0.0765173297	0.0277056419	-0.1932069512	-0.0232243534	-0.040952038	-0.0434378764	0.0432967218	0.0514121549	-0.1084002788	0.0434554182	0.0989469856	0.0841076779	-0.0773695693	0.1138589229	0.0737866111	0.0665745513	0.0396475066	0.0281802734	0.0106822714	-0.0441139263	0.0259928591	0.0923714731	-0.0173057315	0.1494537029	0.0394380423	-0.0186927434	0.0351699936	0.1619769255	0.0165614705	-0.0303252507	-0.0970778562	0.0748178699	0.1906902327	0.0120897808	0.0148308433	-0.030999099	-0.0369719418	-0.0046446193	-0.0612173375	-0.0935806406	-0.0804639495	0.0473045908	-0.0137317281	-0.0176139141	-0.1035157506	-0.0470804766	-0.0001458091	-0.0019585659	-0.0758181627	0.1311521364	-0.0224874161	0.031084038	-0.0611236691	-0.1331203885	-0.24928576	-0.1715137389	0.0503804607	-0.0763871768	0.0208707735	-0.1793244004	-0.0012941385	-0.0621904164	-0.0368637828	-0.0002531601	0.0721490294	0.0423510978	0.0523313425	-0.000493275	0.0878560902	-0.0311619687	0.165570275	-0.0339475126	0.0051112144	0.0482166712	-0.1599393073	0.046292888	-0.0578158855	-0.0334085506	0.0134198463	-0.1626798344	-0.077787944	-0.0081421556	-0.0219465024	-0.1009413139	-0.0303052044	-0.0829739596	-0.0357865276	-0.065309906	-0.0193835474	0.0291678384	0.0167034919	0.0328931499	0.0211074063	0.0479638409	-0.0673874421	-0.1264876938	0.1437211905	-0.0091885453	-0.0265470392	-0.0523200632	0.0473978686	-0.2601831952	-0.2146769524	-0.0104785198	-0.1222642728	0.0311364203	0.1170034304	-0.0509054434	0.0	-0.0485676	-0.0144082	0.00020759622724	0.00235881176976	0.00837386	-0.01653694	7.01215312996e-05	0.0002734703845636	0.112377	-0.0002819999999999	0.012628590129	7.95239999999947e-08	0.000791886	-5.6287000000000025e-05	3.1682263690000033e-09	6.27083436996e-07	-0.00132958	-0.000502255	2.522600850251004e-07	1.7677829763999998e-06	9.34803e-06	-0.00014523997	8.73856648809e-11	2.10946488856009e-08
5405.835388465291	-4.435040123245926	19.66958089480124	29223056.24718368	11541.191002671509	-5.346194405650749	133199089.76014578	28.58179462301137	4963.312552914279	-3.11673394909576	24634471.497916456	9.714030509446053	5009.802785869362	9702.38955305754	1.090283	36.064152	0.0350369164999999	0.0182278	0.0020465849	0.106472523	0.1123354974	0.0391109099	0.1445680976	-0.0087669094	0.0712882524	-0.0919907187	0.0302482773	-0.0519303008	-0.1315627353	-0.0010312305	0.0409860298	-0.0476606329	0.077686506	0.0346314282	0.0293372345	0.1370124865	-0.014211574	-0.061544818	-0.0300358782	-0.0923441719	-0.0692269826	-0.0131877442	0.0069243205	-0.1396805635	-0.0228280876	-0.0159230311	0.158226938	0.112265629	-0.0268017561	0.0929705451	-0.035921675	0.0617259676	0.0291861468	0.1304006984	-0.0169245972	-0.0229061817	0.0569869672	-0.0391523466	-0.1138431562	-0.0628338811	0.1168093593	0.0740767153	0.0404865359	-0.0996084154	-0.0299921375	0.0312143071	-0.009903087	-0.0547159102	0.0709085467	0.1351070492	0.0177486212	-0.0205189365	-0.1343777221	-0.039008246	0.1323050746	-0.1050278465	0.0299112479	-0.0086440602	-0.0158730825	-0.025828146	0.0074013066	-0.0546129204	0.0345087437	-0.0398442847	-0.0222832682	0.0852216807	-0.09736713	-0.065744619	-0.0153675048	0.0340313695	0.0613204121	0.0887272113	-0.0633688151	0.1116520847	-0.189548122	-0.0259236399	0.0542101444	-0.0186812985	0.0712815694	0.0304396518	0.1481805942	0.0111428261	0.0095774174	0.0777810531	-0.0452216203	-0.0903744208	0.0388348125	-0.0592012053	-0.0998138384	0.0353984567	-0.1316429062	-0.0140347091	-0.0673014211	-0.0265433119	0.0984359839	0.0298664304	-0.0207665513	0.0105032558	0.0117790694	0.0413623973	-0.0087054596	0.2351841135	0.0233249323	-0.0213823497	-0.0135654369	0.006694577	-0.0190337573	0.0802403728	-0.0474775872	-0.0952966619	0.1580056479	-0.0134618896	-0.1211126101	0.0397513735	0.1124839207	-0.0641678585	0.0	-0.0526694	-0.0041017999999999	1.6824763239999966e-05	0.0027740656963599	0.0180387	0.00966484	0.00032539469769	9.340913222560002e-05	0.115277	0.0029	0.013288786729	8.409999999999999e-06	0.00107376	0.000281874	7.9452951876e-08	1.1529605376e-06	-0.00129981	2.9769999999999927e-05	8.862528999999957e-10	1.6895060361e-06	-4.64135e-05	-5.576153e-05	2.1542129822499997e-09	3.1093482279409e-09
5406.883451914627	1.0480634493360412	1.0984369938341607	29234388.662588228	11549.760164732006	8.569162060497547	133396959.8628303	73.43053841907056	4966.266130302067	2.953577387787845	24663799.276985463	8.723619385651673	5010.862931674236	9664.484230165484	1.024472	33.887264	0.046342915	0.0223504	-0.049685393	0.1177626623	0.1011493894	0.0644774351	0.1341462569	-0.0070136062	-0.0056512715	-0.1193622312	0.0549780047	-0.045659295	-0.0643167662	0.0740059422	-0.1000554909	0.0763150054	0.0426850086	-0.1227503184	-0.0282570543	-0.0428453	0.0107522394	0.021853021	0.0095028355	-0.0776599827	-0.0126909787	0.0613843035	0.1304747114	0.0102301994	-0.0091073283	0.0184588425	-0.0184346676	-0.1180576497	0.1508279523	-0.0892289517	-0.0313570196	0.0584388731	-0.0570494724	0.1577850281	0.0036576043	0.0468863391	0.0604483033	0.0403481258	0.1855209129	0.0936859632	-0.0434692652	-0.0318122353	-0.0060827098	0.0664503389	0.1234294513	-0.0177764734	-0.1873050265	0.0283835754	0.0298762898	-0.0662849961	0.0757842427	-0.018966356	-0.0498396252	0.0282884933	-0.06449224	0.0241225725	-0.0851413742	-0.1135198771	0.0547467691	0.025763128	-0.0124630336	-0.0644169569	-0.0308561107	0.1003334047	0.0333668797	0.0414469391	-0.0876507616	-0.0934305623	-0.1089289082	0.0240695764	-0.038321746	-0.0281194428	0.041685585	-0.0043702298	0.0775631562	0.1422858572	-0.0305497952	-0.0538917239	-0.0203740658	-0.1305971773	0.1259410298	0.0159711943	-0.0705090887	0.024916621	0.050738221	0.179340313	-0.029177433	0.0593175367	0.0948146377	0.0006825894	0.1032957455	0.0483796226	-0.0170144874	-0.1366861025	-0.1100731219	0.1067149154	0.0639459215	-0.0624567806	0.08765961	0.0215175232	-0.0512552331	-0.0317141874	-0.0535792036	-0.0568128798	-0.1022410701	-0.0082415836	0.067454941	-0.0790650305	-0.0153296389	0.0251228259	-0.1144097192	-0.0164373979	-0.1196780832	0.0481574848	0.1069141789	-0.0764945617	0.0	-0.0568466	-0.0041771999999999	1.744899983999999e-05	0.0032315359315599	0.00635918	-0.01167952	4.04391702724e-05	0.0001364111874304	0.124006	0.008729	0.015377488036	7.619544100000001e-05	0.0007923659999999	-0.0002813940000001	7.918258323605627e-08	6.278438779558415e-07	-0.00124054	5.926999999999994e-05	3.5129328999999933e-09	1.5389394916e-06	4.80664e-05	9.44799e-05	2.3103788089599998e-09	8.92645150401e-09
5413.367072398434	6.483620483807499	42.03733457804819	29304543.060527597	11556.949586850063	7.189422118057337	133563083.75299384	51.68779039161204	4966.580120421563	0.3139901194963386	24666918.09256667	0.0985897951413249	5012.510782793965	9663.33432840583	0.987499	32.66428	0.052834645	0.0318594	-0.0361195423	0.122480475	0.1414182585	0.0807709967	0.1257228338	0.0841050179	0.0365107556	-0.0979183899	-0.051982358	-0.1049298918	-0.1441345899	0.0228373497	0.0897838227	-0.0296536268	0.1243970678	0.0870777638	-0.0498794348	-0.0991281461	-0.0124703623	-0.0037899604	-0.0447349679	-0.0754721872	0.0236097133	-0.017416319	-0.1588143322	-0.0208827721	-0.0146317706	-0.1583987168	0.0205611184	-0.0278638873	0.1131314512	0.0098988934	0.0371735702	0.0382478598	0.0636978206	0.0222766074	-0.1250104403	-0.069926546	0.1046802325	0.0451568073	-0.0350042589	0.0210972027	0.0590971058	-0.0097474669	-0.0097528184	-0.1013605954	0.251367114	-0.0360600468	0.0654029847	0.093195716	0.0042393507	0.2096173552	-0.1199709598	0.0203772967	-0.0247038355	0.0008031512	-0.0228350454	-0.0076642448	-0.072642134	0.0926694637	-0.1014918821	-0.069898916	-0.1255951703	-0.016734368	-0.1894640359	-0.1367392277	0.0145079163	0.0565011013	-0.0651749089	0.1061709224	0.0369195569	-0.04605726	0.0694148011	0.0293379962	-0.1200444661	0.0520623714	0.0540169569	0.1504157814	0.0517363102	-0.0044567519	0.0704717743	0.0346111173	0.0390265814	-0.1294820367	0.0725744241	0.1214811018	0.0203998156	0.0135675005	-0.0674647996	-0.0413609271	-0.0144022067	-0.009149259	-0.0459853172	0.2302979612	-0.0499510994	-0.0407192121	-0.0189098654	0.0659724736	-0.2218967415	0.1027119665	-0.0730207108	0.0320298192	0.0544086154	-0.0040756676	-0.0166886579	-0.0979452692	0.054290581	-0.0143784976	-0.1569762434	-0.0050596016	0.0798128945	-0.1851326169	-0.003366552	-0.0194033074	-0.1179640426	0.0563105911	0.1003462082	-0.0877058019	0.0	-0.0486208	0.0082257999999999	6.766378563999998e-05	0.00236398219264	0.0105612	0.00420202	0.00011153894544	1.76569720804e-05	0.120859	-0.003147	0.014606897881	9.903609000000069e-06	0.000701906	-9.045999999990003e-05	8.183011599981914e-09	4.92672032836e-07	-0.000645565	0.000594975	3.539952506250001e-07	4.16754169225e-07	-1.16951e-05	-5.97615e-05	1.3677536400999995e-10	3.571436882249999e-09
5412.395406600646	-0.971665797787864	0.9441344225907262	29294024.03739177	11545.953369294952	-10.996217555111798	133309039.20593344	120.91680051934888	4970.498096033519	3.917975611955626	24705851.32267284	15.35053289587906	5016.136539563354	9653.884386143764	1.014415	33.5546	0.0578875449999999	0.0317601	-0.0390166651	0.1296298139	0.0762097364	0.0851126135	0.0993542842	0.1122912344	0.0178079625	-0.0945314058	0.0497167174	0.0602320935	-0.113025807	-0.0040470779	-0.0100496159	0.0042676586	-0.1260787723	-0.0706408927	-0.152140979	-0.149298779	0.0250781685	0.025452536	-0.0523612372	-0.1823440908	0.0154757325	0.0402117707	-0.0564708189	0.065873758	0.0281737039	0.0562036935	0.0383289043	-0.0765265386	0.0386943098	0.1278815102	-0.0333840464	0.1169672714	-0.093385344	-0.0731362125	-0.2792273979	-0.0848374461	-0.0328838583	0.2382547034	0.0100449441	-0.0445127533	0.0450370881	0.0160478193	0.0386168984	0.0600942175	0.0704554777	0.0358615131	0.1549150189	-0.1756915946	-0.0291526061	-0.0282142595	0.0208562966	0.0896489429	0.0696558284	0.2087119051	-0.0035144998	-0.0949715821	0.2348224078	0.0067942049	-0.0345015808	-0.0212365945	0.023863101	-0.0051706576	0.0921752053	-0.1484742951	0.0101818134	0.1036797148	-0.1734533177	0.0359601357	-0.0182869602	-0.0731701457	-0.0556667371	0.0157053129	0.0242090899	0.0808332086	0.0491537327	-0.0537676621	0.154701549	-0.0555399511	0.1083632161	-0.1549343362	-0.03339288	-0.1965516083	0.1782695502	-0.0722637229	0.1802841157	0.0831727324	-0.0187669137	-0.1282293862	-0.0555928395	0.0644601251	0.0415795628	0.1244820919	-0.0108592892	0.0290422368	0.0658266202	-0.1699683443	0.1202526733	-0.0303827592	-0.1661952795	0.086530476	0.025640655	-0.0104045902	0.0361949595	0.2328208951	0.0786621036	-2.5198e-05	-0.0283923621	0.0506047115	-0.0059966026	0.0650376946	-0.0283290016	-0.0223578858	-0.1159744915	0.0641678585	0.092841332	-0.0976380941	0.0	-0.0338538	0.0147669999999999	0.0002180642889999	0.00114607977444	0.00695066	-0.0036105399999999	4.83116744356e-05	1.30359990916e-05	0.0966804	-0.0241785999999999	0.00934709974416	0.0005846046979599	0.0007680989999999	6.619299999990002e-05	4.3815132489867644e-09	5.899760738008463e-07	-0.000621434	2.4130999999999932e-05	5.823051609999968e-10	3.8618021635600003e-07	0.000204609	0.0002163041	4.1864842881e-08	4.678746367681e-08
5403.862037670501	-8.533368930145116	72.818385297966	29201724.92217638	11512.395186670648	-33.5581826243033	132535242.93407752	1126.1516210460918	4970.576470333362	0.0783742998428351	24706630.44743166	0.0061425308758546	5017.043644676432	9640.429749194807	1.03342	34.183243	0.0449075699999999	0.0220765	-0.0591456884	0.1266488701	0.1123523058	0.0767482432	0.1408512004	0.0324227563	0.0005765322	-0.0796310485	0.0153996524	-0.0576833367	0.0349983008	-0.0006759095	0.1652142958	-0.0933826856	0.0202574427	-0.0217975879	-0.0038799091	-0.1282874287	-0.0145082075	-0.0703483298	0.0186131627	-0.1066641711	-0.1017357166	-0.1372398547	0.1515256581	-0.0424974264	-0.128735754	0.1108629006	-0.0801300831	0.0457760242	0.0393712025	-0.1499543355	-0.058710557	0.1597612657	-0.1905628792	0.05389487	0.0500391431	-0.0011466597	-0.0096270361	0.0328362407	-0.1560083162	0.0183090611	0.0738423583	0.0106638141	-0.0106956353	0.1503941832	0.0906175267	-0.0395540979	-0.0294385059	-0.0579986915	0.170110729	0.0452912711	-0.0196535521	0.0877166959	0.0882699433	0.0243553217	0.1147329175	-0.1007434695	-0.0478816293	-0.029757894	0.0870329809	-0.0805581789	-0.0363407308	0.0748578322	-0.0317812455	0.1258232265	-0.0567356003	0.0591335	-0.1263173684	-0.0914377108	-0.0089779101	0.203413244	0.0190607735	-0.1133016429	0.0406933377	-0.1006323721	-0.0903169613	0.0151271739	-0.1104267277	-0.0404879141	0.0551308645	-0.2448817421	0.0466480404	0.1232899972	0.0150283669	0.0211899587	0.0523761281	-0.1411686048	-0.0215326981	-0.1024026482	-0.0664287541	-0.0164095876	0.138455132	0.0880443705	0.0052265452	-0.0605440172	0.0285522842	0.1052112836	0.0868206438	0.0343766191	-0.1179561483	-0.0852737352	0.0813068657	0.0789069271	0.045357447	-0.0373227734	-0.0794472126	0.1121208254	-0.0679582059	0.0720553336	0.0694814455	0.0113951438	0.1233671007	-0.0252994078	-0.1137140766	0.0716880071	0.0844696213	-0.106146603	0.0	-0.042648	-0.0087941999999999	7.733795363999992e-05	0.0018188519039999	0.0166317	0.0096810399999999	0.00027661344489	9.372253548159996e-05	0.0985086	0.0018282	0.00970394427396	3.342315240000008e-06	0.0010477	0.000279601	7.81767192010559e-08	1.0976752899999998e-06	-0.000648719	-2.728499999999994e-05	7.444712249999967e-10	4.20836340961e-07	1.94124e-05	-0.0001851965999999	3.7684127376e-10	3.4297780651559994e-08
5405.2378006241615	1.3757629536603415	1.892723704664228	29216595.68129632	11516.396194206682	4.001007536033285	132627381.30193816	16.008061303395138	4968.600600013109	-1.9758703202523973	24686991.922450628	3.904063522454312	5012.270082718577	9600.100619700472	1.087634	35.976528	0.11763837	0.0583552	-0.1137297798	0.0831808756	-0.0809127038	0.119654471	0.0369931161	0.001152541	-0.008120084	-0.1981219529	-0.0358383076	0.1319555569	0.0302630165	0.0265978469	0.0468882465	0.0940024847	-0.021501015	-0.1551579786	0.084218302	0.0094684675	0.1159429651	-0.0345982102	-0.0193001657	-0.1806514469	-0.0173601113	-0.0858137934	0.0226145667	-0.0359279664	0.0130961612	0.1304953789	-0.0183420205	0.1294358574	-0.0251419587	-0.0092942804	0.0209780659	0.1555531223	-0.1570540438	0.0307705484	0.1308493721	-0.0842350217	0.0241351458	0.0605423464	-0.1475541332	-0.0323848543	-0.0558106626	-0.0491604305	0.0653670555	-0.0155092737	-0.0036019008	0.0285534974	-0.1161720273	0.0832875948	0.0892370253	-0.1351830622	-0.0334694701	0.1198586669	0.1155254984	-0.0096692712	-0.0366733326	0.0239601731	0.0897477834	-0.2494032381	-0.1803559043	0.0540549302	-0.0034637406	0.0562059005	-0.1088169921	-0.0744726942	-0.0388784254	0.0684565498	-0.1589433266	0.0546080302	0.0042034566	0.0818399152	-0.0293601628	0.0267292174	0.04632346	-0.0714645249	-0.1314317762	-0.0555969422	0.0072954831	0.0781662452	0.0548774643	-0.1507846053	0.0334985087	0.1880477755	0.1121374145	-0.0117067405	0.0888376091	-0.1527149895	-0.0552361066	0.0008637286	0.0544345407	0.051858467	-0.0496023012	-0.0182058494	-0.011754449	0.0081475246	-0.102341888	0.1556275706	0.1328546685	0.0298286096	-0.048261827	-0.0353875041	0.077604298	-0.0790955135	0.0260008475	0.1119970782	-0.1251974821	-0.2804920499	0.0582837677	-0.0214224174	0.1294502228	0.0315434398	-0.1061458374	-0.0282261557	-0.1111880772	0.0788315284	0.0753092405	-0.1131072554	0.0	-0.0565513	-0.0139033	0.00019330175089	0.00319804953169	-0.00214644	-0.01877814	4.607204673599999e-06	0.0003526185418595	0.122734	0.0242253999999999	0.015063634756	0.0005868700051599	0.000709527	-0.0003381729999999	1.1436097792899993e-07	5.03428563729e-07	-0.0015126	-0.000863881	7.462903821610001e-07	2.28795876e-06	3.1989e-05	1.25766e-05	1.023296121e-09	1.5817086756000003e-10
5408.823333723196	3.585533099034365	12.856047604270977	29255369.855428506	11525.283482834222	8.887288627540329	132832159.35969134	78.98389914920766	4962.022088027558	-6.578511985550904	24621663.20207337	43.276819944036895	5005.192919335011	9581.007774281376	1.083343	35.834587	0.10281652	0.0528348	-0.1597496849	-0.0198843782	-0.1177520544	0.1361965825	0.0014128174	-0.0737280724	0.0414234328	-0.1319681095	-0.1404224157	0.0837887626	0.0170789811	-0.0998532485	0.1229420365	-0.093020959	0.061105803	-0.0059954584	-0.0767103546	-0.0888003063	0.1205025696	-0.0617708922	0.0307402542	-0.0638986761	0.06793366	-0.0256361344	-0.1633383658	0.0391096726	0.020503164	0.0342667996	-0.0959204556	-0.0221459425	-0.1054254807	-0.0923747496	0.0396975288	0.1042690448	0.139986243	-0.0430576821	-0.1180467205	-0.1052246602	-0.1747334049	-0.022497625	0.0955493696	0.0757937755	0.0204815617	-0.0087063616	-0.0209557869	0.0905658836	0.0254541381	-0.1251745441	-0.0540694008	-0.0006580874	0.0628512837	0.1437721047	-0.0753868532	-0.0343753703	0.0677593595	-0.0646908711	-0.0366051338	-0.0022897818	0.0736114144	-0.0776711704	0.0981870483	0.1801576221	0.0874937177	-0.0550180849	0.0536628957	-0.0186181987	-0.0820744693	-0.0048181977	-0.0961688712	0.1393228982	0.053152073	-0.0651340845	0.0494372989	-0.0020643024	0.0652327361	-0.0574833425	0.0856469221	-0.0439355448	-0.1082404778	0.0522354966	0.13520645	0.0835586124	-0.0250833873	-0.069164913	0.1199215382	-0.1118569706	-0.1045838042	0.1072164685	0.0013908136	-0.0403477387	-0.0280748791	-0.0323126341	0.1189511088	0.036349049	0.1092281026	-0.126682408	0.0709987312	0.1067399126	-0.0915942626	0.0550320933	-0.0738505298	-0.091115965	-0.021772265	0.0371866574	-0.0322522168	0.1066158518	-0.0332938836	0.0377945432	0.2064446235	-0.0594464577	-0.0646685772	-0.0151110688	-0.0673647585	-0.0311364203	-0.108402393	0.0855608924	0.0654457176	-0.1184185493	0.0	-0.0406006	0.0159506999999999	0.0002544248304899	0.00164840872036	0.0107764	0.01292284	0.00011613079696	0.0001669997936656	0.128591	0.005857	0.016535645281	3.430444900000017e-05	0.00131282	0.0006032929999999	3.639624438489998e-07	1.7234963524e-06	-0.0007632029999999	0.0007493970000001	5.6159586360915e-07	5.824788192088474e-07	2.29594e-05	-9.029600000000002e-06	5.271340483599998e-10	8.153367616000004e-11
5415.495197584655	6.671863861459315	44.5137673858468	29327588.235062465	11545.39575418868	20.11227135445733	133296163.120838	404.5034590353251	4966.611913769612	4.589825742054018	24667233.90199825	21.066500342421712	5009.045331306172	9593.040307581232	0.989535	32.731644	0.0691249049999999	0.0398915	-0.1452209772	-0.0160065174	-0.0951687437	0.1014208872	-0.0451235852	-0.0659812335	0.0449045026	-0.1468169058	-0.1638815838	0.1001352055	-0.0022586519	-0.1021636878	0.011001498	0.0029717568	-0.0455923599	-0.0404228084	-0.0263417882	0.0892701018	0.1319789164	-0.097085559	-0.0646366261	-0.1402079823	-0.0163145082	0.128772529	0.0937140795	0.0299845609	-0.0332116353	0.0624511391	0.0083268627	-0.0338292083	-0.0628201088	-0.1113148389	-0.0481545193	-0.085390306	0.0596092941	-0.072582096	0.0599782362	-0.0177767909	0.0501170236	0.0191153961	0.2119962113	0.1053885075	-0.0836920905	0.1923642036	-0.1464443659	-0.0146170182	-0.0533090102	0.1061333872	0.111634119	-0.0306086511	-0.1340309718	0.1194798416	0.1689720889	0.0422122286	-0.041637632	-0.0391425906	-0.0537604216	0.0149016507	0.1730861352	0.0962152646	-0.0942261697	0.1004200442	-0.1404376263	0.1184912062	-0.1297007356	0.1932689455	-0.0863000499	0.1108880647	-0.090286706	-0.0549654694	-0.1169344753	-0.0447975407	-0.0682298938	-0.0443951304	0.0394073429	-0.0019766309	-0.0089673073	-0.0081560867	-0.1162713339	-0.0378586471	-0.0687078511	0.090603325	-0.1342818551	0.0486246967	-0.0461548987	0.0481781691	0.0324716178	0.229475174	-0.1035933378	0.1948096919	-0.0902350509	-0.0817192176	0.0168502061	-0.0537961708	-0.0702556354	0.0476007057	0.1047979074	-0.0850600581	-0.1168081596	-0.1986876573	0.0276396924	0.049018163	0.0572178772	-0.0159162487	-0.0520919229	0.1298065491	0.1539242419	-0.0700072212	-0.0152983697	-0.0749770678	0.2569981019	-0.0472408018	0.0046863219	-0.0340285022	-0.1053635299	0.0918407451	0.0549711457	-0.1220030341	0.0	-0.0668161	-0.0262155	0.00068725244025	0.00446439121921	0.0177116	0.0069352	0.00031370077456	4.809699904000001e-05	0.13193	0.0033389999999999	0.0174055248999999	1.1148920999999871e-05	0.00128017	-3.264999999999995e-05	1.0660224999999967e-09	1.6388352288999998e-06	-0.00133602	-0.0005728170000001	3.281193154891147e-07	1.7849494404e-06	-2.42777e-05	-4.72371e-05	5.8940671729e-10	2.23134361641e-09
5423.158705747252	7.663508162596372	58.729357358181225	29410650.347722206	11597.756765855916	52.36101166723711	134507961.9999567	2741.6755428165407	4969.812690599987	3.200776830374707	24699038.17964868	10.244972317863557	5011.914117818357	9660.223363255964	1.033543	34.187325	0.0362400299999999	0.0177495	-0.134524406	-0.0781566693	-0.0040453572	0.1182072158	-0.0876694863	-0.0547797188	0.0039023801	-0.0491033234	-0.1606446355	0.0315618948	-0.005678916	-0.0751022563	0.1191982356	-0.0264213815	0.0813129728	-0.030738235	0.0911934616	0.0507525302	-0.1138230676	0.0108936544	0.1530528331	0.0450739872	0.0591682727	0.00774441	0.0380480511	0.1247649836	-0.0507140043	0.0152532605	0.0123599567	-0.0937886483	0.0427810563	-0.045344276	0.0708266867	-0.0858786959	0.0337533605	0.0640875054	-0.0429605533	0.02078075	0.1156429022	0.1603448837	0.1154998941	-0.0738270705	-0.1388387459	0.1699321803	-0.0012089624	-0.0598322392	-0.0356317168	-0.0050218921	-0.1207322658	0.0334840368	-0.0654142873	-0.0195983004	0.0717860386	-0.1998588573	-0.0080876193	-0.0139533194	-0.0298183049	-0.0708842563	0.0559016383	0.072544974	0.002855412	-0.103548239	0.0282483429	-0.1482324707	-0.0359974102	-0.0071867077	-0.0411950697	-0.1617256378	-0.004708557	0.0025362359	-0.0500450975	-0.0063085508	-0.0254354478	-0.1189850679	0.0727801145	0.0407976602	0.1079297829	0.0627664115	-0.0103570292	0.0808680646	-0.0771183489	0.048721261	0.0402626182	-0.0593883867	-0.031643817	0.0038757543	0.2260541283	0.1312620892	-0.0264833713	0.1351978867	-0.0395175376	0.0775157725	-0.1091684523	-0.067220358	-0.0135589306	-0.0361254913	-0.0629990154	0.0235436777	0.0018299134	-0.129149346	0.0713026656	-0.0454030395	-0.1927657125	0.0554451637	-0.0693623015	0.0388457281	0.0804462873	0.0214632368	-0.0924363613	0.008915304	-0.0825867585	-0.0927311536	-0.0747750581	-0.0369007123	-0.1020785854	0.0976380941	0.043983323	-0.1238084399	0.0	-0.0751146	-0.0082985	6.886510225000001e-05	0.00564220313316	0.0114219	-0.0062897	0.00013045979961	3.956032609000001e-05	0.133009	0.0010789999999999	0.0176913940809999	1.1642409999999929e-06	0.00139939	0.0001192199999999	1.4213408399999992e-08	1.9582923721e-06	-0.00108632	0.0002497	6.235009000000002e-08	1.1800911424e-06	-6.68143e-05	-4.25366e-05	4.464150684489999e-09	1.8093623395599998e-09
5412.3637169782505	-10.794988769001066	116.53178252285916	29293681.004862625	11544.821458288628	-52.93530756728797	133282902.50376156	2802.1467872433745	4958.977566876744	-10.83512372324276	24591458.508786798	117.39990609797805	5002.390967048989	9662.03169114154	1.085643	35.91069	0.008828625	0.00465227	-0.0269488761	-0.1041889377	0.0900773921	0.0074580083	-0.0650736949	-0.0616751004	0.0417435888	0.0452552273	-0.0948541464	-0.0092248796	-0.1384417417	-0.0501493967	0.0137708466	0.0426388804	-0.1586992716	-0.0473241322	-0.0375357452	0.0707769677	-0.0077938959	0.0174674889	-0.0283453862	-0.0343414097	0.1269048639	0.0209906539	0.0491714442	0.0512320651	-0.0216884669	0.0109066154	-0.019474234	-0.0504866135	-0.0783107316	0.0467771263	0.0098343014	-0.0482277427	0.0161396829	-0.0775211699	-0.0615927113	0.0399069036	0.0529575542	-0.0324209522	0.1704624554	-0.0067276824	0.0710796168	-0.1411667952	-0.1138984319	0.0306383241	-0.1181632873	0.0337449555	0.0105253066	-0.0529322793	-0.0301375268	-0.2155976388	-0.288398045	0.1230172782	-0.0398407389	-0.235078451	-0.0937996406	0.0885900628	-0.1502471892	0.0285724425	-0.0413488301	-0.0597477708	0.0264456305	-0.1146230222	-0.0061988526	0.1521363105	-0.00902855	-0.0052830541	0.0128659381	0.0664340705	-0.1273757009	-0.0155757739	-0.0480202456	-0.0437870618	0.0031704428	0.0114597869	0.0507473266	-0.1116698555	0.0219201251	-0.0117990448	-0.0303470011	0.0232880851	-0.0779712413	-0.0911953441	-0.0242591956	0.0548922247	-0.0320738592	0.1413555233	0.0771843894	0.024243009	0.0901496639	-0.1776629132	-0.0115092064	-0.1082628639	0.0380531823	0.0612040317	-0.1033885978	-0.1067553361	0.1315993351	0.2544703651	0.0626328628	-0.1036040768	0.1991672926	-0.0469614903	-0.1126710703	-0.0956727145	-0.0208839432	-0.0617658214	-0.0048649718	-0.076172119	-0.1624473487	-0.0383652996	-0.0395437087	-0.0397513735	-0.0985552316	0.1029224817	0.0325848399	-0.1238084399	0.0	-0.0788885	-0.0037738999999999	1.4242321209999976e-05	0.00622339543225	0.0123719	0.0009499999999999	0.00015306390961	9.02499999999999e-07	0.134321	0.001312	0.0180421310409999	1.72134400000002e-06	0.00143242	3.303000000000008e-05	1.0909809000000051e-09	2.0518270564e-06	-0.00108632	0.0	0.0	1.1800911424e-06	-8.96388e-05	-2.2824500000000005e-05	8.03511446544e-09	5.209578002500002e-10
5421.973074475711	9.609357497460223	92.339751513995	29397792.02033959	11576.703221138308	31.881762849679944	134020057.47031409	1016.4468024032324	4959.839930635078	0.8623637583341406	24600012.13752218	0.743671251688184	5002.781075521271	9701.555707936192	1.012384	33.487438	0.04429771	0.0215967	-0.0389028934	-0.1206303869	0.1406921484	0.0001043829	-0.1039266448	-0.0530933725	0.059157179	0.0196129893	-0.0693233903	-0.1154300953	-0.0687134392	0.0584938891	-0.0648760467	-0.0907711632	-0.0463664357	0.0131875071	0.1182694319	0.1048319462	0.0547397208	-0.0076522752	0.0047802907	0.123067412	0.0036385365	0.0586195119	-0.2324863968	-0.0102107972	0.0338922153	-0.0343132547	-0.1319921935	-0.2516141099	-0.1988311496	0.1563224389	-0.0211364066	0.0821278634	-0.0055045366	0.1065347566	0.2219782669	-0.06224261	0.0133343087	0.0109803477	-0.0405312176	-0.0824142565	-0.0695700643	0.0108493563	-0.0547660853	-0.1689423637	-0.0455712286	0.1595516327	0.1128294154	-0.0698069969	0.0355187572	-0.0168307387	-0.0467161627	0.0165046972	0.0257089222	-0.0237987056	0.1154600866	-0.0795218996	-0.0651262434	-0.0302430508	0.1391111343	0.0810399883	0.0364767308	0.1027237727	0.0438572634	-0.0801251459	-0.0444416978	-0.0272981199	0.0557359165	0.0448253932	0.1201545694	-0.1524830977	0.1604584239	0.0366919716	0.0057502275	0.0358020975	0.3080608694	-0.2058899694	0.0925193398	-0.0383851995	-0.0033294795	0.071037057	0.0916130707	0.2483777259	0.037024436	0.0078030164	-0.0023238734	-0.0374622771	-0.0179477681	0.0862620908	0.0087346224	-0.0552971951	-0.1596087328	-0.0061706429	-0.1483413461	0.0997330683	0.1086955373	-0.0524133445	0.060422305	0.0552799141	-0.0476806042	-0.0415168564	0.0349669962	0.0615883489	0.049020206	-0.0434834041	-0.0242372823	0.1473494226	0.0937042213	0.0116263788	0.053212443	0.1205131403	-0.0509879923	-0.042578821	-0.0948016975	0.1076661454	0.0208821209	-0.1220030341	0.0	-0.0662909	0.0125976	0.00015869952576	0.00439448342281	0.00119382	-0.01117808	1.4252061923999998e-06	0.0001249494724864	0.142929	0.008608	0.020428699041	7.409766400000008e-05	0.0013203	-0.00011212	1.2570894400000012e-08	1.7431920899999998e-06	-0.00108632	0.0	0.0	1.1800911424e-06	3.65218e-05	0.0001261605999999	1.33384187524e-09	1.5916496992359996e-08
5412.73371571308	-9.239358762631127	85.3657503446086	29297686.27721712	11540.417728731396	-36.28549240691245	133181241.3536179	1316.6369592121014	4961.580924515864	1.7409938807859362	24617285.2705197	3.0310596929340745	5006.811469942543	9670.160849346688	1.16317	38.475098	0.037167275	0.0198724	0.0762098664	-0.0427177039	-0.0469432378	-0.0560956715	-0.0182067601	-0.0012251792	0.0398639108	0.0086997101	0.0536776634	-0.0294708417	-0.0004295044	-0.0201207175	-0.0361087625	0.0583693124	-0.0814272887	-0.0507835318	-0.1423904963	0.0259666402	-0.0690510852	-0.0935147833	-0.0023539663	0.0657580893	0.0533187791	-0.0638461197	-0.0922979146	-0.1432500905	-0.0036762608	-0.0493046813	-0.1162328969	-0.1333154027	-0.0221582885	-0.036701129	-0.0411753357	-0.0910108575	-0.0124339163	-0.0420085126	-0.0251733747	0.045480904	-0.141448438	-0.0016440838	-0.0689982822	-0.02369667	-0.0300209012	-0.0174393493	0.0430193402	-0.138234946	-0.0175058304	0.0863552597	0.1256718225	0.1534265762	0.0598831216	0.0306655288	0.0807719549	0.0936873579	0.0522586469	0.1412570948	-0.0479863044	0.0996450588	-0.0627942272	-0.0633340119	-0.0079628919	-0.0826857244	0.0374505797	-0.0333676795	0.010304389	0.1126797665	-0.0937706793	0.0034296448	0.0590955861	0.0530926917	0.0167453207	0.0209447889	0.1775329692	0.0439352061	-0.0294455208	-0.066972993	0.1337863092	-0.0090533918	-0.0264983395	-0.0560090822	-0.1035791508	0.0009747506	-0.0634995275	-0.0310569799	-0.0349755852	-0.137306917	-0.0698377477	-0.0936632482	-0.0157716716	-0.0359323574	0.022741813	0.0307939449	-0.1248736208	0.0818722661	0.0102186471	0.1525498661	0.108833915	0.090875888	-0.0107298364	-0.0827214883	-0.0724309142	0.137355994	0.0209587759	-0.1466334683	0.0626064899	-0.029431686	-0.1339721888	-0.0158016279	-0.0482102208	0.0307915455	-0.0614641215	0.0083267605	0.073237423	-0.0453814036	-0.0908267497	0.1118441635	0.0089844312	-0.1184185493	0.0	-0.0684039	-0.002113	4.464769000000016e-06	0.00467909353521	0.0165124	0.01531858	0.00027265935376	0.0002346588932164	0.152071	0.009142	0.023125589041	8.35761640000002e-05	0.00132116	8.600000000000968e-07	7.396000000001665e-13	1.7454637456000002e-06	-0.000936237	0.0001500829999999	2.2524906888999993e-08	8.765397201690001e-07	-2.44091e-05	-6.09309e-05	5.9580416281e-10	3.71257457481e-09
5410.006798286406	-2.726917426673936	7.436078651897999	29268173.557505127	11526.407053443656	-14.010675287740014	132858059.56167568	196.29902201848876	4964.916515000371	3.3355904845066107	24650396.00092343	11.126163880331044	5010.499217878229	9658.322184281427	1.046718	34.623112	0.033876505	0.0205261	0.1159666658	0.0185413971	-0.1031941271	-0.0965282515	0.0652416246	0.0217398622	0.068289047	0.1033316588	-0.0472127462	0.1100680386	0.0088036191	-0.0129296496	0.0475412614	-0.0396375834	0.1180690978	0.0290286381	-0.0812608725	-0.0691214152	-0.1530710847	0.0851947431	-0.0057859237	0.0139040665	-0.0838034287	-0.0422974509	0.0514684839	0.025950546	-0.0659660915	0.0072953444	0.1907278591	-0.0213820007	0.0855414428	-0.0389622198	-0.1427048664	0.0039545987	0.1186600326	-0.0974352047	0.0150430218	0.0668042941	0.1331064697	-0.132166212	0.1348531533	-0.0182959326	-0.1507474148	-0.0647918271	-0.0119482866	-0.165081948	-0.0222816431	-0.0175152627	0.1178053666	0.0122441158	0.0900340002	-0.1152452342	-0.0161700969	-0.1356316275	-0.1220978159	0.0201622529	0.050534305	0.2835236281	0.0298192882	0.0815952729	0.028530035	-0.0965076475	0.1267799476	-0.0067758905	0.0802000316	-0.0134581769	0.109008949	-0.0054252052	0.000563629	-0.055338295	0.0165935095	0.0862836123	-0.0286366029	-0.0505402904	0.015568801	0.1676152126	-0.0829503729	0.1366585099	-0.0272230571	-0.10784206	0.0495815168	0.0689314195	-0.1052043293	-0.003615754	-0.0847937006	0.0551644105	-0.0650081372	0.0742006691	0.023498727	0.2246453889	0.1279512158	0.0094337656	-0.1168958212	0.0584678229	0.0609717843	0.1061434638	0.0486648734	-0.0842248038	0.0323556527	0.121604175	0.2399183465	0.0280809428	-0.111014115	-0.0931532933	0.2307403802	-0.0344381402	-0.0187334229	0.0389759118	-0.0670821859	0.1028463256	-0.1505579251	-0.0214590013	0.1200095506	-0.0481574848	-0.0866396718	0.1154345858	-0.0029971437	-0.1131072554	0.0	-0.0708691	-0.0024652	6.077211040000004e-06	0.00502242933481	-0.00164665	-0.01815905	2.7114562225e-06	0.0003297510969025	0.151784	-0.000287	0.023038382656	8.236900000000544e-08	0.00120872	-0.00011244	1.2642753600000023e-08	1.4610040383999998e-06	-0.0007963249999999	0.0001399120000001	1.9575367744027993e-08	6.341335056248407e-07	-1.7456e-05	6.9531e-06	3.04711936e-10	4.8345599609999986e-11
5408.311451906274	-1.695346380131923	2.874199348626415	29249832.760820545	11528.123983717458	1.716930273802063	132897642.58396168	2.947849565098028	4965.044427772756	0.1279127723846613	24651666.16975729	0.0163616773391301	5010.771397842751	9674.594110786193	1.025881	33.933887	0.0757871	0.0349231	0.0877563011	0.0419313838	-0.0926496149	-0.0989957593	0.0689080117	0.0620878434	0.0439132139	0.1532536763	0.0264404814	-0.0065351639	0.0910081762	-0.0879508109	-0.0590560875	-0.0138419448	-0.0131047064	-0.0281459924	0.0944376152	0.0186400926	0.0343591329	-0.0561342475	0.0570221831	0.1453050066	0.086779895	0.0806762396	0.1065862961	-0.0639188915	0.047308959	0.1483548903	-0.1759967924	0.0124211677	-0.0754520107	-0.1025725638	-0.0065085983	-0.0719889807	0.0564449032	-0.0013402494	-0.0133197806	0.1432816249	0.0587991168	-0.0315425434	0.0198165911	0.1695168972	0.0170112921	0.032950698	0.1373020055	0.0286878547	-0.1226031244	-0.04942215	-0.1750054011	0.1610268441	-0.1501456919	0.1419171906	-0.0027015567	-0.0223255485	-0.0404695341	0.0730945281	-0.04770761	-0.0446463843	0.0351307264	-0.0798850025	-0.0759580335	0.0663803341	-0.1391449815	0.0250271025	0.0818934139	-0.0475142005	-0.0370098061	-0.050574593	0.1138871502	-0.1028270238	-0.1173913265	-0.0269103705	0.0585750451	0.023614044	0.1753296396	-0.1944676129	0.0180332351	-0.0801445294	-0.1259448162	-0.0205177914	-0.0215835094	0.0219477493	-0.023202966	-0.0559283891	-0.1852598227	0.0492882003	-0.0594109162	0.048070334	-0.0867869507	-0.029351518	0.0104279209	0.1009389731	0.0296429548	-0.1835593689	0.0628080839	-0.0297553017	-0.1285177359	0.1146674892	-0.1734716257	-0.0485069705	-0.0437545378	0.1482839499	-0.0736414705	0.0645500004	-0.057566308	0.0479474822	-0.0410235945	-0.0803932476	0.0332351428	-0.1051963678	0.0253846978	0.0135810436	0.104064255	-0.0509054434	-0.0822502429	0.1184185493	-0.0149507351	-0.106146603	0.0	-0.0609192	0.0099499	9.900051001000007e-05	0.00371114892864	0.0103117	0.01195835	0.00010633115689	0.0001430021347224	0.157692	0.0059079999999999	0.024866766864	3.490446399999996e-05	0.000911054	-0.0002976659999999	8.860504755599997e-08	8.30019390916e-07	-0.000294081	0.0005022439999999	2.522490355358996e-07	8.648363456100002e-08	-0.000176963	-0.000159507	3.1315903369e-08	2.5442483049e-08
5418.918729896318	10.607277990044167	112.51434635807544	29364680.201221123	11554.834700496143	26.71071677868531	133514204.9557898	713.462390831141	4968.484024403595	3.4395966308393326	24685833.50075374	11.830824982881287	5014.539540572228	9670.448778456415	1.081467	35.77256	0.0267565499999999	0.0143899	0.106880913	-0.0166750408	-0.0173286111	-0.0891524469	-0.0318436239	0.0811680115	-0.0173417917	0.1975288173	-0.0274733569	0.0065439761	0.0593453696	0.091301919	0.037100447	0.0401756482	0.1454274987	0.0221931134	0.1195835133	-0.1199169039	-0.0919501444	0.0428369438	0.1474966421	0.1364795298	-0.0568201876	-0.0400803725	-0.0290220632	-0.0724831603	0.0580288069	-0.0321340922	0.0273489069	0.0654231547	-0.077042869	0.0793422926	0.1049084501	0.1047950987	0.0001069867	-0.1500109188	-0.1484170823	-0.0700012277	0.12332944	0.0192654317	-0.0935450543	-0.0337799198	-0.0978540108	-0.1143076252	-0.0551693085	-0.0007167703	-0.0537740104	-0.0634984655	0.031270158	0.0569058882	-0.2100459344	-0.1007387335	-0.0025048716	-0.12204182	-0.0063536163	-0.0193540151	-0.040455027	0.0346027189	-0.0771417772	0.0022734824	0.0612370495	0.1413799491	-0.0244105982	0.0751524661	0.0010478409	-0.0515896253	0.041486068	-0.1616261471	0.076593787	-0.0932030631	0.082046573	0.0428852368	0.0954447668	0.0932013946	-0.0452903093	0.0118244574	-0.0030842309	-0.0708089111	0.0529984663	0.1149301789	0.1519767273	-0.0158227717	-0.1069093836	-0.1293448748	0.1292093027	0.071903949	0.0463798018	-0.0951645886	-0.0435452285	0.0579669041	0.0733793593	-0.054808352	-0.040256255	-0.0552467878	0.0789963632	0.0800597019	-0.1537237821	-0.160546856	-0.0869382762	-0.0103415494	0.0369245741	-0.0266876132	-0.1206095636	-0.0700638854	-0.0280196956	-0.0683013212	-0.0171581063	0.0456023042	0.1183942726	-0.0365365997	0.0664309924	0.054763576	0.0529803734	-0.0536236746	-0.0776687148	0.1207803772	-0.0267647356	-0.0976380941	0.0	-0.0562548	0.0046643999999999	2.1756627359999992e-05	0.00316460252304	-0.00176555	-0.01207725	3.1171668025e-06	0.0001458599675624	0.15629	-0.0014019999999999	0.0244265641	1.9656039999999623e-06	0.000932338	2.1283999999999995e-05	4.5300865599999976e-10	8.69254146244e-07	-0.000410748	-0.0001166669999999	1.3611188888999996e-08	1.68713919504e-07	-0.00021127	-3.4306999999999995e-05	4.46350129e-08	1.1769702489999994e-09
5427.147107393803	8.228377497484871	67.70619624111539	29453925.72529292	11607.479285657597	52.64458516145351	134733575.36697018	2771.4523468215307	4968.591727450863	0.1077030472679325	24686903.75409315	0.0115999463907985	5012.019696523456	9725.057316624743	1.19995	39.691708	0.04611347	0.0264018	-0.0300439058	-0.1233816816	0.0674834112	0.0340531446	-0.1531617316	0.005743954	-0.0129017404	0.1912849359	-0.0095567716	-0.1848703045	-0.0396544158	-0.0673098102	-0.1342703696	0.0569417422	0.1395632459	0.0340429896	-0.0226857869	0.0399413023	0.0023754545	-0.1753011933	-0.0025662011	-0.0489931018	0.086881333	-0.1740881565	0.035379596	-0.1116660502	0.015826897	0.0079318766	-0.0534559176	0.0617934461	0.0084524542	0.074700561	-0.0725131525	0.0271269754	0.1107780761	0.0032670136	0.0362633397	-0.0019213911	-0.1365108335	0.0103837564	0.0785101765	-0.0257894339	-0.122327348	-0.0080105377	0.0001219281	0.083957652	-0.1411143361	0.0178992432	0.0734805895	-0.236251131	0.0814922251	0.0621747282	-0.0562477173	-0.0124836948	0.0527869035	0.0980896337	0.135398887	0.1222236587	-0.0126501582	0.0402650988	0.0524700577	0.0322884464	-0.0341300872	-0.0336852352	-0.1344171565	-0.0666600993	-0.174904605	0.0259256693	-0.0184632965	0.1069084973	-0.0498699915	0.1608750793	0.0678211115	0.0578708157	0.0080726472	-0.0954120557	-0.0624124213	-0.0089868721	0.0722647864	-0.0509607482	0.0644661542	0.0767194702	0.0094877315	0.0327133512	-0.0039072433	-0.1564112795	-0.0404900497	0.053105896	0.0129853943	0.0543373821	0.0317204595	0.008752018	0.0827343419	-0.1191563894	-0.0187855887	-0.0148088055	0.1894866516	-0.1400261966	0.1091367097	0.0759488769	-0.1041140193	-0.0365011817	-0.0251361611	0.0076027367	0.206167339	-0.0294006742	-0.006497893	0.0862188177	0.0246370909	-0.0114714875	0.0445128832	-0.1950645824	0.0087555806	-0.0563105911	-0.0729057878	0.1225076612	-0.0383288409	-0.0877058019	0.0	-0.0690194	-0.0127645999999999	0.0001629350131599	0.00476367757636	-0.00175444	1.1110000000000156e-05	3.0780597136e-06	1.2343210000000347e-10	0.150698	-0.005592	0.022709887204	3.127046400000016e-05	0.00100695	7.461199999999994e-05	5.566950543999991e-09	1.0139483025e-06	2.31382e-05	0.0004338862	1.8825723455044e-07	5.3537629924e-10	-0.000164853	4.641700000000001e-05	2.7176511608999995e-08	2.154537889000001e-09
5421.187255361445	-5.959852032357958	35.51983624760128	29389271.257693358	11608.170347114088	0.6910614564912976	134749618.8076188	0.4775659366478735	4972.955549315698	4.36382186483479	24730286.895469792	19.042941268010185	5017.748552040066	9696.53176839658	1.240318	41.026978	0.07012091	0.0372613	-0.0590341789	0.0984546295	0.0763674715	0.1058895457	-0.0066171204	0.0930207928	-0.1042557368	0.1445896086	0.0698381374	-0.1123633883	0.0885961863	0.0273009779	-0.1676041781	-0.0552707635	0.0445743419	0.0457096382	-0.0542240299	-0.1039179172	-0.1425966615	0.0265007971	-0.0013339589	0.0172667737	-0.1329545364	0.0042930134	0.0993453425	0.0061527021	0.1567556047	-0.1715510415	-0.0356126499	-0.0230440641	0.073844823	-0.1023447066	0.0014380486	0.0314837338	0.1576963795	0.2151664824	0.0713090617	0.1037170105	0.0770887123	-0.0987858313	-0.0470435682	-0.1714021215	0.0635204099	-0.113918313	0.0077281741	-0.1398197697	-0.1291650491	-0.0022605536	0.111153479	0.0317830287	-0.0392312663	-0.0265152503	0.0416605113	0.1461266893	-0.0288080647	0.0620625442	-0.0740356131	-0.2152935766	-0.0079291877	-0.0071743351	-0.0427809411	0.1326431056	0.2250142994	-0.0692343814	0.0548044848	0.0340561441	0.0472899919	0.0119999229	0.006060219	-0.1090026437	0.0479029375	0.0627699344	-0.0964559989	0.1337886933	-0.080572172	-0.0271972822	0.1044725707	0.168888714	-0.087240816	0.0146848234	0.0377848727	0.1291974464	0.2371013854	0.0642498092	-0.110318239	0.0823776706	-0.0110942592	-0.0952229882	0.1603292551	-0.0276273606	0.0923614379	-0.0434185995	-0.1990462465	-0.0370708629	0.0944192874	0.084636231	0.0818512731	-0.0489914197	0.0438200024	-0.0321590156	-0.0692884229	0.1285956962	0.0973074831	0.0141819446	-0.1900529096	0.0283778994	0.045074172	-0.0177966378	0.2020904276	0.1493936481	-0.1136099638	0.0517379674	-0.0170576977	-0.0589646239	-0.0679725859	0.1235913266	-0.0495350801	-0.0764945617	0.0	-0.0496643	0.0193550999999999	0.0003746198960099	0.00246654269449	-0.0293992	-0.02764476	0.00086431296064	0.0007642327554576	0.153865	0.003167	0.023674438225	1.002988900000002e-05	0.000875787	-0.0001311629999999	1.720373256899997e-08	7.670028693690001e-07	-3.12942e-05	-5.44324e-05	2.9628861697600006e-09	9.7932695364e-10	4.86326e-05	0.0002134855999999	2.36512978276e-09	4.557610140736e-08
5414.010475831913	-7.176779529531814	51.50616441550688	29311509.4324177	11555.413762337274	-52.75658477681464	133527587.21881366	2783.25723731323	4966.50889346353	-6.446655852168078	24666210.58885233	41.559371676292926	5013.565359079992	9701.371215544454	1.18288	39.127056	0.0551553	0.0272437	0.1071819947	0.0510084102	-0.0243041386	-0.0711253356	-0.0446565327	0.07032846	-0.0625223135	0.0677531401	0.1685887905	0.0348740162	0.0383962418	-0.0795198618	0.0954311834	0.0937401133	-0.0159754925	0.1129319735	-0.1551707962	-0.0089384964	0.0387785034	0.0186054185	-0.0673155654	0.2654656053	0.075623512	0.050164297	0.1661467083	-0.0253346458	0.0430798148	0.0955554268	0.0472286363	0.1172253152	0.064347792	0.0114185648	-0.0933684224	-0.1468288016	0.0142537392	-0.0151384452	-0.0135236841	-0.0711651606	-0.0556384231	-0.0053663016	-0.1106288341	0.1058605478	0.1507332504	0.0346957732	0.0642982336	0.0290244967	0.1087880582	0.0777008252	-0.0714516298	0.0626616661	0.0365792736	-0.1417394916	0.0155745805	-0.002386511	0.0428621103	0.030431785	0.2287587641	-0.088293524	-0.0259137333	0.0223979809	0.0955731293	-0.1196003407	0.0935462751	0.0797709103	0.0112274355	0.0548675375	0.082106791	0.0009926115	0.283058711	-0.1007805975	-0.0946654173	0.0250277483	-0.0358848396	0.0362544926	0.1240196527	-0.033965571	-0.1607208489	0.0238693785	-0.0006382193	-0.1020868687	-0.0838869129	0.0458721179	0.0102040665	-0.054664469	0.0370552444	0.0128016988	-0.0713802142	-0.0674010367	-0.0618312173	-0.1543944376	-0.1075331092	0.0543957139	0.0418584427	0.0842199982	-0.0481004202	0.0570568749	-0.1060085332	0.1168294837	0.1415862703	-0.0527120429	-0.0349773578	-0.0470187536	-0.0115988509	0.1341834894	0.1090578284	-0.0278449183	0.0103202769	0.1180070795	-0.0403107252	0.0490496072	-0.0440825856	0.1214534617	-0.0424448941	-0.0615842229	-0.0628806309	0.1240256802	-0.0602788237	-0.0641678585	0.0	-0.055218	-0.0055537	3.0843583690000016e-05	0.003049027524	-0.0141299	0.0152693	0.00019965407401	0.00023315152249	0.158538	0.004673	0.025134297444	2.18369290000001e-05	0.00126165	0.0003858629999999	1.4889025476899998e-07	1.5917607225e-06	-7.96226e-05	-4.83284e-05	2.33563424656e-09	6.3397584307600014e-09	-0.000110362	-0.0001589946	1.2179771044e-08	2.527928282916e-08
5405.73136830866	-8.279107523252605	68.54362138157789	29221931.626316223	11532.099970062827	-23.313792274446318	132989329.71952306	543.5329102160326	4959.5929776525545	-6.915915810975093	24597562.50398053	47.829891504495286	5005.832203237447	9613.785116022744	1.117404	36.961273	0.0318882699999999	0.0191136	0.0980403509	-0.0853816473	-0.0059041686	-0.0957635686	-0.0762803989	0.0051371379	-0.0243721851	0.1269050524	0.1246374543	0.0079584683	-0.0151515819	0.0823051378	0.011260512	-0.0105980859	0.0388443157	0.0359191273	-0.0071259007	-0.0323934961	-0.1405560347	0.0520104863	-0.0182556317	0.00379542	-0.0032761202	-0.1033956308	-0.0665899523	0.2444550631	0.1122721034	0.0063013873	-0.0583893947	0.0923370824	0.0186735917	0.034869469	0.0031243037	0.0867093209	-0.1056606391	-0.1062128378	0.0812780178	-0.0415781184	-0.02960863	-0.0928461717	0.087912363	0.01578145	-0.0271924558	-0.0822320452	0.0085293216	-0.180442865	0.1305512683	-0.073904439	-0.1103140716	-0.0470116314	0.1193088267	-0.1324348233	0.0877403208	-0.0449061252	0.1033436532	0.0108436368	0.0496948549	-0.1651818096	-0.0765008765	0.1022882097	0.0182876551	-0.1236338068	-0.0280300755	-0.0894512514	0.0216382363	-0.0382629064	0.0493543528	-0.0470889371	0.0601587964	0.1381982447	0.131285062	-0.0043279752	-0.2192176755	-0.0103140325	0.0325654132	-0.0348338525	0.0119477556	-0.0207681993	0.0676889535	0.0263661687	0.1129238764	-0.1254641681	-0.0897818732	0.0916308856	0.010614163	0.037944207	-0.1022023793	-0.0116879016	0.0244934609	0.0352530062	0.1158580415	0.0198754101	-0.1187515791	0.1418300332	0.0392970773	-0.1779191886	0.0340484829	0.0889593645	0.1746453196	-0.0960918851	-0.0271345827	-0.0989138123	-0.0719287983	0.0473503663	-0.0527080972	-0.069297412	0.0829581144	0.0685375635	-0.1060993501	0.0241533621	-0.1088269661	0.0435945729	-0.0159686258	-0.0641678585	-0.0576418153	0.1238084399	-0.0704597601	-0.0509054434	0.0	-0.0603634	-0.0051453999999999	2.6475141159999945e-05	0.0036437400595599	-0.0141278	2.1000000000014063e-06	0.00019959473284	4.4100000000059066e-12	0.158856	0.0003179999999999	0.025235228736	1.0112399999999044e-07	0.0013932	0.00013155	1.7305402500000006e-08	1.94100624e-06	-0.000410748	-0.0003311254	1.0964403052516e-07	1.68713919504e-07	-0.000176142	-6.578000000000001e-05	3.1026004164e-08	4.3270084000000015e-09
5403.7988642024775	-1.9325041061829324	3.734572120413895	29201042.164755985	11512.357059142012	-19.74291092081512	132534365.05717692	389.7825316272409	4961.38227770557	1.7893000530157224	24615314.10553091	3.2015946797220667	5005.379619292881	9660.796197009982	1.094102	36.190479	0.07655795	0.0402995	0.0013600572	-0.105287262	0.1515353521	-0.0005023411	-0.0598686674	-0.1037444124	-0.0002623737	0.1308903357	0.1374953678	-0.0174914073	-0.1403434621	-0.072589956	0.0291436925	0.2135085682	-0.0911999837	-0.0098347856	0.1184438016	0.0289118986	-0.0528506615	0.0380148566	-0.0097129638	0.0199738606	0.1086045988	0.0367384803	-0.0706360019	-0.0169883755	0.0196635198	-0.0972291375	0.0646685644	0.0483248511	0.0007681992	0.0482348263	-0.1353594456	-0.0900658901	-0.042639648	-0.0415008838	0.0104982275	0.0246970245	-0.0674937374	-0.0624005824	-0.0566861312	-0.0905781464	0.0908694702	0.0871087304	0.025380188	0.1339467628	0.1076763226	-0.0495472843	-0.0122240052	0.007670942	0.0987928216	-0.0536288283	-0.0039222903	-0.1241376374	-0.0303231581	-0.1685060152	-0.1190017893	0.0122014066	-0.1028904243	-0.1567849298	-0.1796708874	0.1174302861	-0.0488397301	0.0930886233	-0.0481643159	-0.0678759078	0.0158138341	-0.0488010852	0.0601252477	0.1143651663	-0.0242269029	-0.0824751894	-0.0167067209	0.0410759898	-0.0995219624	0.0372160472	-0.0619846095	-0.0167409281	0.0244601934	-0.140854694	-0.054548136	0.0299708501	-0.0336923871	-0.0134506413	-0.0052230291	-0.0659712202	0.0090471061	-0.073365991	0.1381947709	-0.043715157	-0.1090157088	0.0364761812	0.1087795662	0.063186788	-0.021130821	-0.0088850374	-0.0057100412	0.0504721111	0.0065990132	0.0774312299	0.1591268407	-0.1399421984	-0.0381291008	-0.0253859139	-0.1589484645	-0.1021586148	-0.0677303076	-0.2270989781	0.065796578	-0.0401791889	0.1779342927	-0.0023085091	-0.0421982943	-0.0667140218	-0.0522683746	0.1229407472	-0.0799828327	-0.0369007123	0.0	-0.0828098	-0.0224464	0.00050384087296	0.00685746297604	-0.0141003	2.7499999999999747e-05	0.00019881846009	7.56249999999986e-10	0.173664	0.014808	0.030159184896	0.000219276864	0.00132977	-6.342999999999995e-05	4.023364899999994e-09	1.7682882529000005e-06	-0.000963696	-0.0005529479999999	3.05751490704e-07	9.28709980416e-07	-0.000345285	-0.000169143	1.1922173122500002e-07	2.8609354449000004e-08
5412.939716415429	9.14085221295136	83.55517917901774	29299916.373547543	11541.715256190224	29.35819704821188	133211191.05497415	861.9037339216366	4970.895143194043	9.512865488472926	24709798.52463013	90.49460980177923	5014.0271448383055	9588.430114913584	1.104127	36.522099	0.07277593	0.038221	-0.1025653733	-0.0739906194	-0.0234830282	0.0603326781	-0.0636946431	-0.1171128025	-0.1099145191	0.0721430964	-0.0318265668	0.0706625738	0.0058627518	-0.0163902992	-0.0647698753	-0.0440864532	0.0812774525	0.0385603556	0.1253440879	0.0982685462	-0.0272973529	-0.0058136962	0.1272403954	-0.1140696838	0.0691928758	0.0689529266	0.0201941085	0.040722623	-0.1558975775	-0.1794597342	0.0464367657	0.0911081892	0.0136570667	-0.0549613257	-0.028183727	-0.0318027533	-0.0135747153	0.0162783009	0.0480793677	0.045955344	-0.1481454003	0.101212649	0.0043852136	-0.0265698972	-0.0905967845	-0.019938522	0.0414555091	0.0588319329	-0.0382389487	-0.1051050253	0.0460486121	0.0906620212	-0.0831678239	0.0130515434	0.0408633262	0.0353170473	0.0306887607	0.0718301273	0.0467016728	0.0323213781	-0.1053122018	0.0600831068	-0.013250872	-0.0185047363	-0.0454846799	0.0177412454	0.0232036726	-0.1000220526	-0.0650256436	-0.1111829907	-0.0969275774	0.018005415	-0.1225488876	-0.0622925662	-0.0353112637	-0.1400116457	-0.1985128062	0.0189362893	-0.0612013427	0.0671201131	-0.0535673853	-0.0001515705	-0.0152867239	0.0343688569	0.0224975871	0.0428655725	0.0021479071	-0.1814581809	0.0806436977	-0.0270149911	-0.0208789784	-0.0264761772	0.0571000063	0.0411371952	0.048525674	-0.004011515	0.1081767652	0.0162291415	-0.0016310141	-0.034912967	-0.0710956227	-0.0969444395	-0.0368564481	0.0722654917	0.020877309	-0.0233831759	0.0336091383	-0.1135060504	0.0426219191	0.0068657497	-0.0321067349	-0.0515999461	-0.0436099573	0.0325185093	-0.0468329566	-0.0692212261	-0.0467728586	0.1214271607	-0.0887591272	-0.0223578858	0.0	-0.0689995	0.0138102999999999	0.0001907243860899	0.00476093100025	0.00172073	0.01582103	2.9609117329e-06	0.0002503049902609	0.168109	-0.005555	0.028260635881	3.085802500000005e-05	0.00143097	0.0001011999999999	1.0241439999999972e-08	2.0476751409e-06	-0.000348248	0.000615448	3.78776240704e-07	1.21276669504e-07	-0.000380429	-3.5143999999999974e-05	1.44726224041e-07	1.2351007359999982e-09
5424.493767266493	11.554050851063948	133.49609106897154	29425132.631113023	11574.56093062318	32.845674432956	133970460.73670854	1078.8383289557396	4974.635174640946	3.740031446903231	24746995.12077496	13.987835223825076	5019.609013487953	9636.961897123216	1.134056	37.512081	0.0617736699999999	0.0346171	-0.1016701398	0.0755411857	-0.063264058	0.1074439021	-0.0519704381	0.0623617083	-0.1429735866	0.0337620651	0.0408448302	-0.0174096107	0.0992074393	-0.0405178827	0.0987282238	0.0771876935	-0.0006305186	0.0308484138	0.0260220129	0.1093105177	0.0216476328	-0.1257373041	-0.043174954	-0.0573929855	-0.0851454715	-0.0116461437	0.0756663349	0.0842893285	0.0325774829	0.0661540577	0.0936202692	-0.0428122238	0.0177702432	0.089154122	0.1095593544	0.0139020699	0.1539670586	-0.026268625	0.0570627208	-0.0542388306	0.0228932982	-0.0057870972	-0.1663558932	-0.1319766265	-0.0671440675	0.1204052638	0.0051550807	0.1604267799	-0.002828768	0.090310363	-0.0369326042	0.1183324983	0.0569024385	0.0140793488	-0.0466396898	-0.0602473936	0.0880230996	0.2038400477	-0.0227441848	0.0367352906	-0.1992173054	0.0351888995	-0.003306957	-0.1487663318	-0.0453843531	-0.0974614709	-0.0033737916	0.1327540642	-0.1017402705	0.0944460085	-0.0402164427	-0.0647020233	0.0244582531	0.0708242364	-0.0717362213	0.0112076912	0.0903091321	0.086813285	0.0025064535	0.0433833285	0.0811943674	0.1533284275	0.0304992047	0.1691330977	-0.0130909666	0.0622154767	0.0572616813	-0.0064578552	0.1091949688	-0.1345290805	0.0727622555	0.0412633115	-0.109575043	0.0523313009	0.1519048896	-0.0035969635	-0.0486762736	0.1241158571	-0.0480021612	0.1317044722	0.0521785082	0.0062615032	-0.1381684645	0.0845798552	-0.1344147469	-0.1033347949	-0.0021563367	-0.1536343412	-0.0296578892	0.0272503041	-0.1728970458	-0.0418244254	-0.1149054808	-0.0137128776	-0.0255898984	-0.0716880071	-0.0411681025	0.1192756321	-0.0967067016	-0.0074890309	0.0	-0.0899222999999999	-0.0209227999999998	0.0004377635598399	0.0080860200372899	0.00266225	0.00094152	7.0875750625e-06	8.864599104000004e-07	0.169662	0.0015529999999999	0.028785194244	2.411808999999996e-06	0.00112648	-0.0003044899999999	9.271416009999997e-08	1.2689571904e-06	-0.0007988579999999	-0.0004506099999999	2.030493720999099e-07	6.381741041638402e-07	-0.000392456	-1.2027000000000012e-05	1.54021711936e-07	1.4464872900000028e-10
5419.811952379385	-4.681814887107976	21.919390637145867	29374361.59915444	11538.331438023954	-36.22949259922643	133133092.37369192	1312.5761339974028	4978.960548736047	4.325374095100415	24790048.145869955	18.70886106256573	5022.824320933618	9645.479396690644	1.008852	33.370602	0.04230981	0.0183271	-0.0940861656	0.102956362	-0.045777408	0.1052259423	-0.033703802	0.0734591596	-0.2141124512	0.0331621809	0.0164640993	0.0831885206	0.1443945003	0.2047102425	-0.0575854475	0.1045087648	0.0056583321	-0.1034865745	0.0616032223	0.0550072114	-0.0643969293	0.1278454033	-0.0304021329	-0.1613392961	-0.1419396579	0.0108564066	-0.1958494811	0.0575270605	-0.068896777	0.1046178124	-0.0058306017	0.0505300678	0.0593020037	0.0077322733	0.0998188218	-0.1865184952	0.1277352751	0.2680469421	0.0813099408	-0.0315786046	0.0426904292	0.0921456718	-0.1011220923	-0.0820938716	0.1287356213	0.0549690336	-0.047086318	0.099260934	0.1341195761	-0.1368199064	0.0103572637	0.0137437199	-0.1099596657	-0.0003190274	0.0012531644	-0.0982805928	0.1293460854	-0.1769353773	-0.0442264025	0.0202740981	0.0816174089	0.0347172265	-0.0225066935	0.029599923	0.2136392121	0.0799931446	-0.0388228876	0.0282382067	0.0902995304	0.044650213	-0.2149052014	0.0891897143	0.21997895	-0.1126553144	-0.0378998583	-0.085236637	0.0535876351	-0.0163466554	-0.0836517065	0.0392860737	0.0201486159	0.0994210086	-0.1970128445	0.1702224635	0.2386420416	0.0486219365	-0.0238693736	0.0544705477	0.0794618207	0.0038414525	0.0107062066	-0.127006956	-0.122554632	-0.0309619343	0.0367742921	0.0802579427	0.032840962	-0.0081926525	-0.1375629187	-0.0703154051	-0.1360532928	-0.0031521036	0.0323748887	-0.2277590558	-0.0464966697	-0.0711954505	-0.0272176089	0.0430439977	0.0147351079	-0.0004173513	0.1056352007	0.2124572386	0.0132641081	-0.0662986631	0.0689371684	-0.0741129243	-0.0354671963	0.1164974652	-0.1037513516	0.0074890309	0.0	-0.0973879	-0.0074656000000001	5.573518336000149e-05	0.00948440306641	-0.00413026	-0.00679251	1.70590476676e-05	4.61381921001e-05	0.158674	-0.0109879999999999	0.025177438276	0.0001207361439999	0.00107955	-4.692999999999993e-05	2.2024248999999932e-09	1.1654282025000005e-06	-0.0008876	-8.874200000010002e-05	7.875142564017751e-09	7.8783376e-07	-0.000186854	0.000205602	3.4914417316e-08	4.2272182404000015e-08
5408.243273220962	-11.568679158423038	133.83433747053155	29249095.30233978	11535.048896105616	-3.282541918337301	133057353.0355474	10.775081445641533	4959.65311390778	-19.307434828267105	24598159.01029513	372.7770396477816	5002.862438927036	9638.839787713876	1.003298	33.186901	0.0533297899999999	0.0243886	-0.081640419	0.1041875516	-0.0567304205	0.1109131098	0.0346648229	0.0478539303	-0.1025800445	0.0116040024	0.0766114314	0.0020243902	0.0428467683	0.0792785347	0.0669856131	0.1313452759	-0.124956261	0.1762600747	-0.0576114006	0.0090900009	0.062588935	-0.0684586764	-0.0482097046	0.0252813888	0.1556017376	0.0044294956	-0.011952885	-0.1491755435	-0.0036272443	0.0215360099	0.0506796318	0.0384466571	0.0550603128	-0.161677425	0.024657371	-0.0502049416	0.1379192422	0.0299349992	-0.1899180853	0.0427966459	0.0212521008	0.0645544489	-0.0960362548	-0.0142305881	-0.0691552984	0.0114569178	-0.0137165313	-0.0148262564	-0.066891686	0.0658658036	0.1206717266	-0.1578763339	0.0348031282	0.005101386	-0.0003779366	-0.0808788709	-0.1638916494	-0.0699508034	0.0971058267	0.0498264842	0.0484675759	0.0123223146	-0.0705624216	0.0472921979	-0.019680543	0.0781889953	0.2169310934	0.0970102562	-0.0295691923	0.0729170572	0.0196897333	0.0781917791	-0.1190510436	0.0087752338	0.1699749337	0.063359779	0.0744447066	-0.0241609766	-0.0569036743	0.1277491912	-0.1577898754	0.0468931035	0.0245609409	0.0915798545	0.0264506586	-0.2167375902	-0.0185881589	-0.0478276429	0.0735104971	-0.0493220005	-0.0574950391	0.0301063068	-0.0429305779	0.0156846557	-0.0123652867	-0.0539836926	-0.0971728974	0.0155531764	0.1474286152	-0.1795303052	-0.0179399635	0.0975848722	0.1353086226	0.0166500687	-0.0034173865	0.0743271497	0.0831831498	-0.0297474749	0.1001897855	-0.0981045773	0.0330101384	-0.0308304124	0.031213044	0.2938928598	-0.0977972565	-0.0764945617	-0.0296834549	0.1131072554	-0.1098273031	0.0223578858	0.0	-0.0967577	0.0006301999999999	3.9715203999999684e-07	0.00936205250929	-0.0191134	-0.0149831399999999	0.0003653220595599	0.0002244944842595	0.163784	0.00511	0.026825198656	2.6112100000000038e-05	0.0012825	0.0002029499999999	4.1188702499999965e-08	1.64480625e-06	-0.00110174	-0.0002141399999999	4.585593959999997e-08	1.2138310275999995e-06	-0.000421893	-0.000235039	1.77993703449e-07	5.5243331521000003e-08
5410.400842641897	2.157569420935033	4.655105806153935	29272437.278060146	11547.983660194714	12.93476408909737	133355926.6161241	167.30812204060294	4970.687130901379	11.034016993598923	24707730.55330858	121.74953101502986	5014.137566603272	9612.30705976303	1.052907	34.827847	0.03043369	0.0158732	-0.1162539378	0.0372271237	-0.1010156812	0.1036469292	-0.0078049431	0.0122304741	-0.1321008131	0.0202634276	0.0087861206	0.0952795343	0.0842105194	0.0668149642	-0.0962464624	0.1180381375	-0.0411363332	-0.0176183596	0.1932392879	0.08228713	-0.0052906032	0.1096234287	0.0357433383	-0.0369132258	-0.0820854744	-0.0302646466	-0.0773718232	0.0496985946	-0.0233593339	0.0405026968	0.1265613721	0.0341181138	-0.1256325822	-0.107169725	0.0510476481	-0.1622184331	0.0124715986	-0.0490623613	0.024434692	-0.0516752657	-0.0109639207	0.0092498782	-0.0203332122	-0.1410976388	0.0120793936	0.0312080339	-0.0624103266	0.0489131637	-0.1329848569	0.0830981081	-0.2388733325	-0.1311466604	0.0361390741	-0.0303657639	0.0994522573	0.1445424884	-0.0460344977	0.0321473235	-0.0297000188	-0.0362616161	-0.0745145049	-0.0141274538	0.052970099	0.0113707797	-0.1748080415	0.2175695715	-0.0447406783	-0.0586624657	0.0830493651	-0.0466639679	-0.0789501421	0.0309503799	0.1318985529	-0.0027714795	-0.0169513368	-0.0589085492	0.0165533898	0.094537916	-0.0779833152	-0.0732282615	-0.1508793373	0.0644701444	-0.1150146589	0.0929272633	-0.0884005447	-0.0377400227	0.0351122346	-0.0030853069	0.0800252613	-0.0412737358	0.1206284973	0.0180972679	-0.0238008242	-0.061106081	0.0135450884	-0.2150399583	-0.1645242957	-0.180086857	-0.0096724499	0.0304693587	0.1639350596	-0.1012139006	-0.011728229	0.0840863167	0.0844727422	-0.0362084024	-0.0316160029	-0.0590267617	-0.0293047718	0.0428050089	-0.0359735469	-0.0602357669	0.2323163672	0.1003992128	-0.0044313513	-0.0788315284	-0.0238303864	0.1091228139	-0.1148778268	0.0369007123	0.0	-0.0875675	0.0091901999999999	8.445977603999992e-05	0.00766806705625	-0.00732671	0.0117866899999999	5.36806794241e-05	0.000138926061156	0.16023	-0.003554	0.0256736529	1.2630916000000012e-05	0.00125287	-2.9630000000000108e-05	8.779369000000063e-10	1.5696832368999998e-06	-0.0011655	-6.376000000000016e-05	4.06533760000002e-09	1.3583902500000002e-06	-0.000397227	2.466600000000001e-05	1.57789289529e-07	6.084115560000004e-10
5404.900617231699	-5.500225410198254	30.252479562990555	29212950.6821516	11541.225555744331	-6.758104450382234	133199887.32856604	45.67197576227616	4973.340766393228	2.653635491848945	24734118.378668778	7.041781323600393	5018.251503807249	9635.87974338938	1.09732	36.296932	0.02689804	0.0163761	-0.081305865	-0.0606211839	0.0135935411	0.086059957	-0.0442283174	-0.0654351384	0.0216787902	-0.066118084	0.0427482963	0.0107768375	-0.0153365935	-0.1800954069	-0.0024823793	0.0347980696	0.1036812454	0.021560308	0.0879914759	-0.061678141	0.1104041336	-0.0964977075	0.018576402	0.0173749209	-0.0643700498	0.0053519088	-0.0148999022	0.0716342577	0.0678052203	-0.0804999134	0.1653225628	-0.0515623793	-0.0099088653	-0.034762053	0.0665208272	-0.0683222329	-0.0267151227	0.2020734381	-0.178017574	0.1086497109	-0.1260183576	-0.0548262035	0.0455317058	0.0591364981	-0.0192783107	0.0463638867	0.0056068109	0.1792290455	0.0233975823	-0.115331769	0.1199180241	-0.0145742196	0.0453750186	-0.0630643834	0.170807066	0.0317010701	0.1091768699	-0.0388161237	0.0476198745	0.0370299841	0.0542598005	0.0405923719	0.0298667566	0.0409618304	-0.2074203588	-0.0300451328	0.0817455131	-0.0053663869	-0.1131562992	0.0068206977	0.017403637	-0.0429886996	0.0531145203	-0.0057416723	-0.0632909868	0.045974827	-0.0506417991	0.1891670569	0.0287704783	0.0234060849	-0.0646606712	0.0662221385	-0.0567622612	-0.0308159264	0.1918975548	-0.1692365341	-0.1008028215	-0.1216106417	-0.0201674526	0.0194864197	0.0299376318	-0.0033960026	-0.0558455876	0.0288464143	0.1860387762	0.0658357098	0.15875242	0.0154576198	0.0666506314	-0.0316279668	0.0499295169	-0.1811595373	0.0107736914	-0.1130964132	0.0787366793	-0.0197669498	0.0758824328	0.0262474851	0.0506101748	-0.0024357083	-0.0483787669	-0.1961585348	0.0423148743	0.0233588318	0.0826359531	-0.0811224597	-0.0179216609	0.1045650739	-0.1188557671	0.0509054434	0.0	-0.0975424	-0.0099748999999999	9.94986300099999e-05	0.00951451979776	-0.019733	-0.01240629	0.000389391289	0.0001539160315641	0.159692	-0.000538	0.025501534864	2.894440000000115e-07	0.00125425	1.3800000000000444e-06	1.9044000000001226e-12	1.5731430625e-06	-0.00124247	-7.696999999999999e-05	5.924380899999999e-09	1.5437317009000002e-06	-0.000398454	-1.2270000000000206e-06	1.5876559011600005e-07	1.5055290000000509e-12
5405.313835140235	0.4132179085363532	0.1707490399351579	29217417.65635844	11517.447084214657	-23.77847152967479	132651587.33768468	565.4157082875545	4973.268800055007	-0.0719663382205908	24733402.55760057	0.0051791538368804	5017.93113539705	9627.017454761984	1.035548	34.253654	0.03826595	0.0188192	-0.0399678411	-0.1176566806	0.1331617779	0.0379505028	-0.0396260583	-0.1012724214	0.0205991836	-0.072028425	0.0960027723	0.0490264017	-0.1265549223	-0.0584805745	-0.158201588	-0.02815938	0.0183261239	-0.0026578728	0.112405572	-0.1380042129	0.0397350841	-0.000558671	0.1407512912	-0.0585220714	-0.0395195043	-0.0177865413	0.0308597222	-0.0358308582	0.1097052811	-0.0437949996	-0.0275136735	0.103888618	0.0157313345	0.0957015438	0.045910433	0.0448951021	-0.0730175032	-0.0996760582	0.101584537	-0.0833918835	0.0005380166	-0.0710010381	-0.0026338224	0.0016109723	0.0673049147	-0.1195497766	0.1000241407	-0.07664569	-0.1191815323	0.0028718408	-0.0481020696	0.1659136883	0.0175573209	-0.1438987106	0.1072512373	-0.0237883297	0.0450761324	-0.1277046702	-0.0081602567	-0.0816494243	0.0512990897	0.2294122421	-0.0305423549	-0.0126498876	-0.0512622391	0.0284207763	0.092258442	-0.0148928881	-0.0249908883	-0.1411663637	-0.056043657	-0.0271411247	0.0172231994	0.0261813127	-0.0745430004	0.1125802499	-0.0616444197	-0.0616211087	-0.0605704993	-0.017262853	0.1074831782	0.033158015	0.0179170337	-0.0572053651	-0.0650758768	0.093315918	0.095269862	0.0549418112	-0.1122060106	-0.0548238595	0.0324694982	-0.0719255217	0.1386744431	0.0318658043	-0.1105805032	-0.1501641249	0.0881261404	0.0795137986	-0.0427013512	0.1316585088	0.0158217027	-0.1122687739	0.1151511176	-0.0969042787	0.0242310849	-0.0248000705	-0.0681527132	-0.0138933151	0.2344332031	0.0253489085	-0.0633431033	0.0227293203	-0.020278062	0.0418698686	0.0616061339	-0.0833660178	-0.0119710786	0.0994579802	-0.1217239831	0.0641678585	0.0	-0.0902744	0.0072679999999999	5.282382399999995e-05	0.00814946729536	-0.0212372	-0.0015042	0.00045101866384	2.262617640000002e-06	0.156842	-0.0028499999999999	0.024599412964	8.122499999999951e-06	0.00136827	0.00011402	1.3000560400000012e-08	1.8721627929e-06	-0.00106826	0.00017421	3.0349124100000064e-08	1.1411794275999998e-06	-0.000153809	0.000244645	2.3657208481e-08	5.985117602500002e-08
5396.970289227056	-8.343545913178787	69.61475840532243	29127288.30279957	11476.21573645275	-41.23134776190636	131703527.62960574	1700.0240382632608	4959.325075564727	-13.943724490280148	24594905.20512508	194.42745266083836	5005.938508401527	9625.875114165929	1.152346	38.117073	0.022880495	0.010236	0.1037523621	-0.0575562756	0.0080339986	-0.0766431535	-0.016683036	-0.063693513	0.0370599109	-0.0982701116	0.1264953809	0.0655289176	-0.1210570107	-0.0225992056	0.1120780659	0.0180145818	0.1751069617	0.0713909782	-0.0783752342	-0.2063731584	0.035581218	-0.0162687159	-0.0073954066	0.0040256851	0.0828691057	-0.0448804071	0.0253760069	0.0927947748	0.0555917153	-0.0036036398	0.1037829752	0.0711021375	0.1139181076	-0.100106751	0.0293605127	0.0099206908	-0.1552792373	-0.111339582	0.0593237662	-0.0738443256	0.0685149096	0.16031761	-0.011190814	0.0632344615	-0.002632268	-0.0749738138	0.2446778366	0.0398861503	0.0633160623	-0.0525746203	0.0494427824	-0.0609551887	-0.0735657638	0.093938988	-0.1304716205	-0.0075187188	0.0582259169	-0.0922406595	0.0041527637	-0.126560412	0.2015232641	0.062697217	0.0386689306	-0.0785517407	0.0315630084	-0.1122783184	-0.0190307829	-0.0168974906	-0.0022405355	-0.0276373648	0.0502808326	0.0927049922	-0.0370722117	0.0133998845	-0.1098303709	0.0222936415	0.0183195073	0.0694246134	-0.0812536015	0.1082890079	-0.0416449858	0.017734126	-0.0236294311	-0.1652990014	-0.0787601601	0.0476488942	0.0963211682	0.0752918891	0.1014794502	8.1056e-05	-0.0870414661	-0.1564461488	0.1202765855	0.2250302946	0.0265742905	0.014959577	0.0220817058	-0.0118491964	-0.0161484335	-0.0685459509	-0.1023512494	0.0929696091	-0.0687485427	-0.0885058641	0.0286878791	0.1510504091	-0.0507279791	0.2280975264	0.0536903298	0.0710595708	-0.0608743765	0.0170762282	-0.1168602492	-0.1147313041	0.0583066758	-0.0855608924	-0.0059925372	0.0938283642	-0.1234556951	0.0764945617	0.0	-0.087581	0.0026933999999999	7.254403559999992e-06	0.007670431561	-0.0171189	0.0041183	0.00029305673721	1.6960394890000016e-05	0.164338	0.007496	0.027006978244	5.619001600000004e-05	0.00145556	8.729000000000007e-05	7.619544100000012e-09	2.1186549136e-06	-0.00109309	-2.482999999999999e-05	6.165288999999996e-10	1.1948457480999998e-06	-9.44731e-05	5.933590000000001e-05	8.925166623609999e-09	3.520749028810001e-09
5402.39719758498	5.426908357923821	29.451334325303428	29185895.480474044	11488.610757714623	12.395021261872898	131988177.14227615	153.6365520822812	4973.941636025356	14.616560460629444	24740095.3985866	213.64383969923605	5020.9512675300775	9597.499881870051	1.048279	34.674759	0.066926895	0.0414924	0.1002022807	-0.0708323023	0.0648347352	-0.1131395223	-0.0257453074	-0.0364049116	-0.0163595575	-0.0439742244	0.0289665468	0.1015652665	-0.1893384055	0.1350346962	0.0232697616	-0.2033084064	0.0480069829	-0.0882915757	-0.0861679478	0.1073566041	0.1840075323	-0.015465438	-0.0059288813	0.0245103837	-0.0822527302	0.0721089641	-0.037206673	-0.0021110928	0.0432355918	-0.0036559816	-0.0672547757	-0.0006194122	-0.0067794762	-0.1053554298	0.0502860593	-0.0836230607	-0.1770496129	0.0985552652	-0.0965641979	-0.0234467637	0.0013607324	-0.1443113159	0.2703768536	-0.0666148547	-0.0088337491	0.0532934278	0.0726774319	-0.1460479133	0.1648814616	-0.0068075469	0.0052882957	-0.1283949544	0.0061722924	-0.0407621274	0.0758690283	-0.0558980757	-0.0794358107	0.0616912228	0.0394266362	-0.0394993525	-0.0279001624	-0.0414156758	0.1265621468	-0.1762331386	-0.0277945009	-0.102701187	-0.0550168398	0.0738019976	-0.0238634721	0.0139899393	0.0305081962	-0.0499843674	0.0727635304	-0.0943431404	-0.0463427028	0.024346386	-0.0498288054	-0.0604785553	0.0104402604	-0.0185643944	-0.1051892782	0.0016139121	-0.1341674281	-0.1800550263	0.0764586199	-0.0880353864	-0.0030142356	0.0674203918	-0.0988799587	0.1912219173	0.1548453622	0.1173092719	0.039316692	0.1013491016	-0.0993413777	0.1852029289	-0.0342649792	-0.1166925746	0.0582319645	-0.0457536418	0.0808380477	-0.0779384656	0.0353028627	0.0490919777	-0.0704733782	0.0674337146	-0.0069920611	0.0021276619	-0.0614094551	0.1281708357	-0.1502341887	-0.0357385382	-0.0337474757	-0.0090500894	-0.1817960933	-0.0877058019	-0.0	0.0877058019	-0.1240347346	0.0877058019	0.0	-0.086886	0.000695	4.830250000000016e-07	0.007549176996	0.0113627	0.0284816	0.00012911095129	0.00081120153856	0.156196	-0.008142	0.024397190416	6.629216400000017e-05	0.0019994	0.00054384	2.957619456000001e-07	3.997600360000001e-06	-0.00112285	-2.9760000000000203e-05	8.85657600000012e-10	1.2607921225000002e-06	-7.59072e-05	1.856589999999999e-05	5.7619030118400005e-09	3.4469264280999965e-10
5404.3696950114045	1.9724974264245247	3.890746097251373	29207211.800357662	11507.083545337817	18.472787623193653	132412971.71938434	341.2438825716166	4973.435899977313	-0.505736048043218	24735064.651183147	0.2557689502903721	5019.279685417001	9645.77821387595	1.145084	37.876869	0.07054884	0.0379399	0.1266284706	0.0057930832	-0.026110317	-0.1095363488	0.0359558034	0.1106486623	0.0270360656	0.1759957363	-0.0197978126	-0.0103594385	0.0393125261	-0.1488791989	0.0588930587	-0.1516173986	0.0645662749	-0.0530108435	-0.048999293	-0.0631536285	0.1757923972	0.0377366913	-0.0584226628	0.0517421993	0.0236897434	0.0014930575	0.0074648695	0.1252487566	0.0053163604	-0.0701391064	-0.0187872865	0.0099953886	-0.1626329563	0.1114463808	-0.0995638164	0.1702588357	0.1322488167	-0.0706252557	-0.026465482	-0.0261067389	0.0239287512	-0.0041208303	-0.062222823	-0.0305764577	0.0302538163	0.2279432352	0.0336884567	0.0672201445	0.112859851	0.0280186243	0.0373203485	-0.0153281196	-0.1034918865	0.0177600415	0.0737669576	0.1488219726	-0.1113273419	-0.0153092172	0.0465037846	-0.0276749431	-0.0741846856	-0.0781211586	0.1947183581	0.0351392399	0.0953022097	0.0543447501	0.0170324353	-0.0671677338	0.0434647844	0.0166577939	0.0815229848	0.0258987233	0.0025889329	-0.0032327692	-0.0827804974	-0.0453226749	-0.0328110286	0.0293130064	0.0734453597	-0.1310435004	0.019220142	-0.0679636999	0.2474736708	0.1314431836	-0.0390699037	0.029590168	0.0472198891	0.0011270129	0.0008054991	-0.0093973565	0.020401852	0.012313932	-0.1943162588	0.0986931244	0.0510442829	0.0634279509	-0.0815180195	0.0256185174	-0.0851532055	-0.0689618745	-0.046694345	-0.0989019366	0.0402809104	0.0723603049	0.1320815896	0.0375539208	-0.017256332	-0.0531410674	-0.1418486724	0.1773817811	0.0905785965	0.0907558406	0.0200431843	0.0566712213	0.0302265693	-0.0897994937	0.0059925372	0.0811224597	-0.1234556951	0.0976380941	0.0	-0.0892286999999999	-0.0023426999999998	5.488243289999495e-06	0.0079617609036899	-0.0176191	-0.0289818	0.0003104326848099	0.0008399447312399	0.156922	0.000726	0.024624514084	5.270760000000064e-07	0.00162154	-0.00037786	1.4277817960000005e-07	2.6293919716000004e-06	-0.0012733	-0.0001504499999999	2.2635202499999967e-08	1.62129289e-06	-0.000317564	-0.0002416567999999	1.00846894096e-07	5.8398008986239994e-08
5400.492092050339	-3.8776029610653495	15.035804723662766	29165314.83629825	11495.940775094516	-11.142770243301127	132156654.30448069	124.16132869499712	4963.846878329559	-9.589021647753723	24639775.83150211	91.94933616108956	5009.484596836104	9644.02553615444	1.097429	36.300529	0.10538579	0.0554567	0.118113895	0.0892723557	-0.0702343056	-0.1106094409	0.1301513952	0.1135731509	0.1113496162	0.0025605423	-0.2026585069	0.0986789254	-0.0638373	-0.0728102382	-0.079766303	-0.0935719579	-0.0964420147	-0.1068778729	0.0567215788	-0.0789285402	-0.0151690319	0.0261929338	0.019812585	-0.0169047199	-0.1000431937	0.134046173	0.1114428896	-0.2254799271	0.0360601925	0.0981340123	-0.093916826	0.0530131722	-0.0524786303	-0.0129267907	0.037398354	0.0127760861	-0.0193155936	-0.2071587803	0.0018270778	-0.1555352413	0.0070075597	0.0065548455	0.0609734117	-0.0314431279	0.0507391623	0.0471643725	-0.1019868281	-0.0342285064	0.0520718645	-0.054114041	0.1396040473	0.1092488682	0.1003325807	-0.0472333803	-0.0221863317	0.0367479199	-0.0932118939	-0.1302433241	-0.065943061	0.0413606184	0.0777164561	-0.1570231092	0.181285952	0.1481374844	0.0424249283	-0.0056244312	-0.0585891469	0.0015520401	0.0459136694	0.0203358563	-0.0549356014	-0.2033873165	-0.0493109453	-0.0152465548	0.0797659577	0.1254265429	-0.0014595099	-0.1636944544	-0.0693325629	-0.066045085	-0.0264340363	0.0208223547	-0.0327374223	0.0042428571	-0.1960897029	0.0438739065	0.193437565	0.0602996891	0.0003467112	0.0753441998	0.0296656728	0.0240126133	-0.0937348662	-0.0847095463	-0.0407777932	0.1188571178	0.087034518	0.0942822715	0.0466553724	0.0461085372	-0.0321772755	0.0647419698	0.1887243076	-0.0365152591	0.1054744598	0.0120127633	-0.0301050245	0.1020491438	-0.1343223137	0.08417767	0.1654266277	-0.0729868397	0.0326729699	-0.0102854484	-0.1064996595	-0.0918407451	0.0119710786	0.0741129243	-0.1217239831	0.106146603	0.0	-0.0897991	-0.0005704000000001	3.253561600001252e-07	0.00806387836081	0.0181761	0.0357952	0.00033037061121	0.00128129634304	0.169804	0.012882	0.028833398416	0.000165945924	0.000904179	-0.000717361	5.146068043210002e-07	8.175396640409999e-07	-0.00143043	-0.0001571299999999	2.4689836899999968e-08	2.0461299849e-06	-6.92912e-05	0.0002482728	4.80127039744e-09	6.163938321984e-08
5401.998971119277	1.506879068937451	2.270684528401799	29181592.88397372	11530.73571942889	34.79494433437503	132957866.2313133	1210.688151232257	4969.9926064455385	6.145728115979182	24700826.50812332	37.76997407553702	5016.0183689026	9666.46283545524	1.071781	35.452141	0.05204251	0.0271827	0.0534707186	0.1174301323	0.0760351102	-0.0257165628	0.1566718389	0.1043607608	0.0856499836	-0.0104146401	-0.1508563986	-0.1483491225	-0.0662594521	-0.1399628618	0.0207948444	-0.0640858035	0.0872740674	-0.0821235336	-0.0324552936	0.018319179	-0.0751579106	0.1056254633	-0.0346107129	-0.0308130141	-0.0205339131	-0.0032156497	0.0176901624	-0.1039613309	0.065072061	-0.1493729102	0.0243988519	-0.071324439	-0.0416589086	-0.0214988007	0.057886939	0.0110114982	-0.0827549317	0.0018079298	0.0859600678	0.1729807874	0.2363895436	0.0482815308	0.0122138107	0.0297336907	0.0771240231	-0.0582058564	-0.1844452009	0.0616992996	0.0147211736	0.1330304786	-0.2000038243	-0.118522679	0.0167800587	0.0683355675	-0.0852763061	-0.0087515555	0.1256713816	0.0217966105	-0.0187122177	0.1519391966	0.0078254907	0.0218642665	-0.0611175985	0.0054121132	-0.0391535166	-0.1215810094	0.0629970603	-0.0599550724	0.1143867901	0.0331921717	-0.0268087674	-0.036016739	-0.0323817837	0.0345451913	0.0597739442	0.1112089159	-0.1606550616	0.0506735388	0.0837218275	-0.0202010616	-0.0230304989	0.0137947282	-0.005293727	-0.0614136817	-0.0222161173	0.0387288165	-0.1936975421	0.2004644432	0.114891405	0.0080467982	-0.0007761006	-0.0367130508	0.054319283	-0.1951451974	0.0526726122	-0.0859689273	-0.1884394594	-0.1186685774	-0.0743621398	0.0204317936	0.0553209348	0.0489571874	-0.0962566339	-0.0840811758	-0.0500690387	-0.0940211697	0.0880948923	0.0304323537	0.000348003	-0.0715632802	-0.0003739347	-0.0902145066	-0.135145344	-0.1214963794	0.0391788395	-0.0938283642	0.0179216609	0.0667140218	-0.1188557671	0.1131072554	0.0	-0.0840483	0.0057508	3.3071700640000006e-05	0.00706411673289	0.00395238	-0.01422372	1.56213076644e-05	0.0002023142106384	0.175434	0.0056299999999999	0.030777088356	3.169689999999996e-05	0.00134427	0.000440091	1.936800882810001e-07	1.8070618329e-06	-0.00147228	-4.185000000000018e-05	1.7514225000000146e-09	2.1676083984000003e-06	-0.00011611	-4.68188e-05	1.34815321e-08	2.19200003344e-09
5399.368090921056	-2.6308801982204386	6.921530617388415	29153175.78125649	11508.97562394628	-21.760095482610268	132456519.91258968	473.5017554123158	4967.701267245416	-2.2913392001228203	24678055.88059171	5.250235330019486	5014.05063367866	9650.217221799789	1.063668	35.183804	0.03064547	0.0138615	0.0085347711	0.1508914431	0.0752337327	0.0300314163	0.1565528235	0.0952548272	0.049615859	-0.0480323614	-0.1116489659	-0.0822635957	-0.0351543203	0.1084245196	-0.0677010122	-0.0534840493	-0.0318336171	0.0251512461	-0.0054191291	-0.0798046978	0.0959156609	0.1010563817	-0.1460149732	-0.1451550091	-0.0785974312	0.069326947	0.0220749443	0.1081003203	-0.0156081528	0.0998099164	-0.1269809776	-0.0025339396	0.0902103197	0.0378300187	-0.111074117	-0.026282742	0.0202098459	-0.0517805739	-0.0542547375	0.0996160889	-0.1730907908	-0.0165490526	-0.0059290671	-7.63906e-05	0.0197615315	-0.0273724652	0.0244065451	-0.0744511082	-0.0286337158	-0.1432646485	0.0346958525	0.0496898939	0.0343482858	0.163952696	-0.1062986429	0.0778133754	-0.2331235496	0.0484052399	0.1113222221	-0.0181717577	-0.1410350161	-0.0865725591	0.0430015745	-0.0453031171	0.0039176365	-0.0226396658	0.038897008	-0.069488969	0.1085986962	0.1656048735	-0.1171866383	-0.0106298416	0.0219436424	-0.0489154511	-0.1428850004	-0.0713478263	0.0709187124	-0.1061822353	0.0264662291	0.0180543159	0.0625638527	-0.093495458	0.0001035597	-0.0208282907	-0.0591596303	-0.0443241075	-0.076775678	-0.1637926086	-0.0500216588	-0.0165610165	0.0192466267	-0.0130703655	-0.0302219658	-0.039014271	-0.03739088	0.0400368732	0.1091207277	-0.0467258362	0.0598038926	0.0206810511	-0.1309744544	0.1445474426	0.0077915938	0.2072185095	0.088200733	0.1709712613	0.0545324443	-0.1697748798	-0.1313284784	0.0671994768	-0.0142928981	-0.0033690419	-0.0399391177	0.0033267331	0.0131210374	-0.09576119	0.0238303864	0.0589646239	-0.1148778268	0.1184185493	0.0	-0.0870285999999999	-0.0029802999999998	8.88218808999937e-06	0.0075739772179599	0.011615	0.00766262	0.000134908225	5.87157452644e-05	0.165931	-0.009503	0.027533096761	9.030700900000022e-05	0.00125131	-9.296e-05	8.641561600000001e-09	1.5657767161000002e-06	-0.00145909	1.3190000000000163e-05	1.7397610000000432e-10	2.1289436281e-06	-1.2269e-05	0.000103841	1.5052836100000003e-10	1.0782953281e-08
5394.808235083013	-4.559855838043404	20.79228526373852	29103955.89331949	11489.286329862609	-19.689294083671484	132003700.3695678	387.6683015133009	4964.171466231739	-3.5298010136766607	24642998.346149374	12.459495196152782	5010.1108044769	9617.686071545102	1.043393	34.513157	0.028819605	0.0156826	-0.0644430451	0.1322975084	0.0055376549	0.0760720511	0.1563795483	0.019212561	0.1057868563	0.1257825286	-0.0492587639	-0.0628416237	0.0679327811	0.0987585726	0.1900709925	0.0362355758	-0.0544856624	0.0452494699	-0.0396163021	-0.0364040966	-0.0776349066	-0.0702926955	-0.1035662872	0.092594377	-0.0324826929	0.0209640286	-0.146470976	0.0657348131	-0.0429005634	0.1555411559	0.1561063181	-0.1419527224	0.0579828138	-0.0958556766	0.0204182155	0.0971125031	-0.1342930243	-0.0451863967	-0.027588356	-0.0473884335	0.0465261251	0.0768567522	-0.0218691508	0.0419316579	0.0785234522	-0.1005732119	-0.1572226472	-0.0704869738	-0.1308021789	0.0083133162	0.0129530407	0.0916076198	0.0306811652	0.1212179314	0.1022226969	-0.0890389381	0.0034155847	-0.0837903876	-0.0737948437	0.1791783686	0.1123005053	-0.1040222675	-0.0317543532	-0.0196993117	-0.01925569	0.0600102483	0.0233150008	-0.0567898094	-0.0407676588	0.1290556362	0.0484705054	0.0153246066	0.1006671753	-0.0806792101	0.0882618912	-0.0552364101	0.174861974	0.2061264957	0.0416119313	0.0575459504	-0.0507270275	0.0047973548	0.0144045041	-0.1886771829	-0.061470864	-0.0088684502	0.0697159112	0.0473547242	0.0535605518	0.0117832849	-0.0733641299	-0.0606181529	0.0245764491	-0.2072604801	-0.0564546638	-0.087073788	0.0150564843	0.0255423894	0.0842632936	0.0560382221	-0.1555304356	-0.0332157385	0.144130321	-0.0162348378	-0.0739478697	-0.0905583962	0.0830750312	0.1221918167	-0.1133864457	-0.0930894054	-0.0247881537	-0.0130055395	0.0297153826	-0.011947168	0.04316894	-0.0976380941	0.0296834549	0.0509054434	-0.1098273031	0.1220030341	0.0	-0.0858759	0.0011526999999998	1.328717289999759e-06	0.00737467020081	0.0122379	0.0006228999999999	0.00014976619641	3.8800440999999893e-07	0.169597	0.003666	0.028763142409	1.343955600000002e-05	0.00141959	0.00016828	2.8318158400000013e-08	2.0152357681e-06	-0.00170716	-0.00024807	6.15387249000001e-08	2.9143952656000005e-06	3.89411e-05	5.12101e-05	1.51640926921e-09	2.62247434201e-09
5394.123851811252	-0.6843832717604528	0.4683804626655417	29096572.12867906	11483.632732257342	-5.6535976052673504	131873820.72937222	31.96316588228472	4961.222325125073	-2.949141106665593	24613726.95931944	8.697433267024758	5006.031737303965	9591.292771450964	1.025614	33.925053	0.0127419799999999	0.00638898	-0.0832869762	0.0837806234	-0.1344772897	0.066629617	0.0708034854	-0.0369823811	0.047105885	0.0601436906	-0.083921487	0.1225171468	0.0953777834	0.1408139657	-0.0198528346	0.0138422649	-0.1471853113	-0.1980286006	-0.1258625086	0.0346663078	0.0205393815	0.0413642275	-0.0869089054	-0.0802585725	-0.0394377055	0.0681352461	-0.0509067795	-0.010833804	-0.0957277437	-0.0480894385	-0.0565393006	0.0183638363	-0.1609223489	0.0717158896	0.0225345035	0.0246650374	0.156938894	-0.0013705467	-0.0101998849	0.1251637024	-0.0592755231	-0.0964663209	-0.0122470514	0.1423981381	0.0702500027	-0.1056959079	0.0377812222	0.0282059746	0.0258689393	-0.1002190327	-0.1198951469	-0.0166190801	-0.0087746141	-0.0533352757	-0.152341072	-0.0551460483	-0.0770388574	-0.0042542737	-0.0620092951	0.0533874242	0.1330290975	0.1071491538	0.0927586244	0.0557689622	0.0698307407	0.0970882282	-0.1054373557	0.0320202117	0.0334111117	0.1000390382	-0.069873297	-0.005952223	0.0186837846	-0.0737906176	0.0104477728	-0.0776049499	-0.0830272506	-0.0289848125	0.0107526266	-0.1390863604	-0.0064083682	0.0153503651	0.0793505055	0.1498526624	-0.0159038316	-0.0337862254	-0.1293175914	-0.0338236296	-0.1857415763	0.0150065213	-0.0372338027	-0.0768563919	0.0415389118	-0.0056150565	0.0651491668	-0.0340378835	0.0669267821	-0.1152031449	-0.1541342526	0.0009757456	-0.0310556776	0.2013986001	0.1087924089	0.0296559686	-0.027838222	-0.0710084472	0.0416506583	0.1051815901	0.1365116339	0.0706410679	0.0555138093	0.0417724614	0.1072637881	0.0309558918	-0.1000293276	-0.0994579802	0.0354671963	0.042578821	-0.1037513516	0.1238084399	0.0	-0.0861916999999999	-0.0003157999999998	9.972963999993303e-08	0.0074290091488899	0.014149	0.0019111	0.000200194201	3.6523032100000014e-06	0.172767	0.00317	0.029848436289	1.004890000000004e-05	0.00144159	2.1999999999999884e-05	4.839999999999948e-10	2.0781817281e-06	-0.00167752	2.9640000000000048e-05	8.785296000000027e-10	2.8140733504000003e-06	-5.63205e-05	-9.52616e-05	3.1719987202499995e-09	9.07477243456e-09
5392.791005418405	-1.3328463928473866	1.77647950692629	29082194.82812165	11489.037309441215	5.404577183873698	131997978.29773223	29.20945453644816	4967.730103072717	6.507777947643263	24678342.376974866	42.35117381583196	5010.116858301733	9588.813012238075	1.082144	35.794949	0.01922023	0.00940853	-0.127387627	-0.0107690717	-0.1084340175	0.0939019599	0.0234456679	-0.1237364845	0.0712450164	0.0322932011	-0.0260384394	0.0244971633	0.1296615627	-0.0200002118	0.0988291605	-0.078299315	-0.200511308	-0.0094327096	0.0305286556	0.0669347734	-0.0641445612	-0.0198243904	0.0362974282	0.0945177465	0.1172785367	-0.0122678055	0.0113062779	-0.0867197137	-0.2217549517	-0.0497691645	-0.1475241072	-0.0545689766	0.1983289658	0.0151700436	0.1647763564	0.1036883858	0.0825565595	0.006130495	0.0999083069	-0.1817053454	0.0012276038	-0.0218491614	-0.0325787886	-0.0571199488	0.0914472445	0.0810476257	0.0100019361	0.0699746344	-0.024517878	0.1378275105	-0.0733687356	-0.047377729	-0.0842053158	-0.0306421697	-0.0266879144	-0.0531744138	-0.0187697505	0.048965469	-0.1201004736	0.0896383012	0.0198791928	0.004551531	0.0411844734	-0.0115144351	-0.0942995934	-0.2124441269	0.0909469051	-0.1169349073	-0.024944095	-0.0344326447	0.0547325795	0.0212540877	-0.1071536464	0.0170984932	0.1910317167	-0.1891506948	-0.0102785921	-0.1293843535	0.0802875824	0.1911534678	0.0870769339	0.1022593821	0.0087150176	0.0194591711	0.0528081949	0.0886638265	0.1762483092	0.0712396909	-0.0882461466	0.0470603616	0.0697521255	-0.0675107631	-0.1013881025	0.0117251476	0.0427846611	-0.1151213626	-0.1712624028	0.0168114446	-0.1036870189	-0.0562279645	0.0283194537	0.0232594126	0.0062750703	0.0297517051	-0.0732398202	-0.0627098601	-0.0282443761	0.0363173578	-0.0228749955	-0.0264340938	-0.0688571983	-0.1227804555	-0.1865555897	-0.0950960501	0.0634878827	-0.1012197857	0.0411681025	0.0340285022	-0.0967067016	0.1238084399	0.0	-0.0893186	-0.0031269	9.77750361000062e-06	0.00797781230596	0.013634	-0.0005149999999999	0.000185885956	2.652249999999998e-07	0.177241	0.004474	0.031414372081	2.0016676000000053e-05	0.0015916	0.00015001	2.2503000100000038e-08	2.53319056e-06	-0.00164178	3.5740000000000034e-05	1.2773476000000023e-09	2.6954415684e-06	-9.26571e-05	-3.63366e-05	8.58533818041e-09	1.32034849956e-09
5399.798085688508	7.007080270102961	49.09917391166618	29157819.366205275	11490.820962890128	1.783653448912446	132038966.4011952	3.181419625817264	4966.852212330452	-0.8778907422647535	24669620.899131905	0.7706921553541598	5010.785684869359	9607.885593738734	1.128089	37.314697	0.0538287949999999	0.0253577	-0.0300478868	-0.108476182	0.057924172	-0.0362531761	-0.0102594303	-0.0938440445	0.0757344428	-0.1127100485	-0.0768699125	0.0321288785	-0.0727311392	0.1012306504	0.0005096834	-0.0355579106	-0.0329322975	-0.1451063455	-0.1068288787	0.0921839295	0.0860981762	0.027837915	0.0823811178	-0.0494939804	0.0223745218	-0.1313500409	-0.0077617338	-0.1243401227	0.0366710215	0.012644513	0.0875796415	-0.100338636	0.170791653	0.1038018682	-0.0918885473	0.0768097347	-0.0601201635	0.0491815012	0.0910532354	-0.0517826641	-0.0529439225	0.036981263	0.1495111188	0.1829164817	0.135562415	0.1006658069	-0.0451300787	0.0513742631	-0.1039286875	0.1138149933	-0.0057826701	-0.0073624762	0.1623950009	0.1510971751	-0.1053829299	-0.0193386265	-0.0407451996	0.1408207861	-0.0654008168	0.0271937118	-0.0046064081	0.1597096774	0.0133448133	0.066467671	0.1501545274	0.0994516294	0.0724002813	0.0243391459	0.0129524356	-0.0763579398	-0.0667245919	0.0491789366	-0.011385851	0.1244818025	0.0917030774	0.0894477125	-0.0002739502	0.0688436612	-0.011840703	0.1116631362	0.1544370103	-0.1238996216	-0.0234357413	-0.1107998442	0.0247819883	0.1171268346	-0.0079927552	-0.0204543416	-0.0598583298	0.2231984646	-0.0909232611	-0.0387759263	-0.1284618888	-0.0932676698	0.1361172682	-0.1103473156	-0.0774486788	-0.009212919	0.1672435451	0.1401045941	-0.0196429687	0.1485689286	-0.0393495456	0.145915485	-0.0506521489	-0.1045931052	0.0231928286	0.0073951093	0.1247931836	0.0842039751	0.0653393934	0.1122578133	-0.0114573736	0.093274615	0.079215765	-0.1029224817	0.0467728586	0.0252994078	-0.0887591272	0.1220030341	0.0	-0.100348	-0.0110294	0.00012164766436	0.010069721104	0.0146873	0.0010533	0.00021571678129	1.1094408900000002e-06	0.184216	0.0069749999999999	0.0339355346559999	4.8650624999999735e-05	0.00135351	-0.00023809	5.668684810000002e-08	1.8319893201e-06	-0.00184425	-0.0002024699999999	4.0994100899999984e-08	3.4012580625e-06	-0.000347519	-0.0002548619	1.20769455361e-07	6.495458807161002e-08
5411.752196839421	11.954111150913375	142.90077340839156	29287061.8399963	11512.260548835158	21.43958594503056	132532142.94426638	459.6558454943519	4968.690311475822	1.8380991453705064	24687883.411353707	3.378608468211786	5011.867866596628	9627.835270216508	1.000808	33.104507	0.059185577	0.0315445	-0.048524971	-0.1154203218	0.091216582	0.0213620169	-0.0518157522	-0.0663034248	0.1337167678	-0.0541629191	-0.0861622769	-0.1236378598	-0.0424791743	-0.0632779455	0.0099231329	-0.0675186603	-0.0863817637	0.0653918336	0.081910563	0.1789053864	0.0410109947	-0.15330659	-0.0098027032	0.0758948559	0.0363689596	-0.0995275895	0.0104606308	0.0056318755	-0.0429255078	-0.1240670463	-0.0413285967	0.0364808732	-0.0165554312	0.0362304138	-0.064220443	-0.0048928668	-0.1014266209	0.0998905793	-0.061759792	-0.0331952898	0.1688050685	-0.1621623911	-0.0438096363	-0.1228484809	-0.016610743	0.1226942432	-0.0192774615	-0.0043187075	0.1350439446	-0.0032040763	0.029048372	0.081030624	0.0736688489	-0.0544424522	-0.0090980221	0.0158259065	-0.0101576444	0.1192870912	-0.0695659844	0.0364785375	0.1121784681	-0.1058432488	-0.0704131589	-0.1662960501	0.0506097773	0.0090047376	-0.0260011357	-0.0570988149	-0.1534017819	-0.0187067176	0.1172513682	0.056814272	-0.0067228282	0.0761485371	0.0252156488	-0.027695554	-0.1180112962	-0.017931338	-0.0065855485	-0.0312291318	0.021177762	-0.0795280892	0.0177966945	-0.050835204	0.1104950944	-0.038525679	-0.0092730082	0.1684022905	0.0201903497	-0.0985397797	0.1114743098	0.163522174	-0.112635283	0.0624833851	-0.0139843714	0.158745633	-0.0099774387	0.0397870027	-0.0440278623	0.0774588377	0.039014975	0.0147573022	0.022376406	0.0608570072	-0.0102279328	-0.0614920095	0.0253011401	0.1013867345	-0.0660963816	-0.0963310763	-0.1201912507	0.1262310985	0.0130441618	-0.0312172388	-0.0607356406	-0.1045650739	0.0522683746	0.0164373979	-0.0799828327	0.1184185493	0.0	-0.0843292	0.0160188	0.00025660195344	0.00711141397264	0.000602878	-0.014084422	3.634618828840001e-07	0.000198370943074	0.184223	7.000000000007001e-06	0.033938113729	4.900000000009801e-11	0.00151363	0.0001601199999999	2.563841439999997e-08	2.2910757769e-06	-0.0018792	-3.4949999999999955e-05	1.2215024999999966e-09	3.53139264e-06	3.89181e-05	0.0003864371	1.51461850761e-09	1.4933363225641002e-07
5408.793877383967	-2.9583194554543297	8.751654000519602	29255051.208026286	11528.582705546336	16.32215671117774	132908219.19862208	266.4127997042445	4974.167886362639	5.47757488681691	24742346.161721367	30.003826640687286	5020.562611975754	9625.01223417637	1.111761	36.774609	0.038171182	0.0165366	0.058366377	-0.1044134694	0.0605066056	-0.0848783016	-0.1109348547	0.0001402849	-0.008705924	-0.097279636	0.0087124238	-0.0699333539	-0.0349009118	0.0361631975	-0.0579022504	-0.0213798669	-0.0519533625	-0.0298320088	0.0748860478	0.0828492891	-0.0465670366	-0.0376104053	-0.0378623794	0.1430439324	-0.0752825443	-0.0857706742	0.0764752013	0.1098412024	-0.0393116921	-0.0462206883	-0.038702848	-0.0542481837	-0.0407045903	0.0761872343	-0.2352222023	-0.0361872014	-0.0229146932	0.0370098466	-0.1421485403	-0.0107072223	0.0389690761	0.2171358717	0.0161688838	-0.0260832378	0.0412549033	-0.054460144	-0.0375433754	0.0093369016	-0.0544270786	-0.0780407974	-0.1199722362	-0.026501064	-0.0725794788	0.0227902676	0.0013317729	0.2402138566	0.1640295194	0.0637257775	-0.1242086282	0.0667041599	-0.0658065194	0.0404409226	-0.1524665789	0.1500463106	0.0068991387	0.0725007823	-0.1460450538	0.0749658277	-0.030731119	0.0064298422	0.1459991581	-0.0614372822	0.0768125753	0.1059786746	-0.0716071782	-0.1002287489	-0.0052296005	0.0246194725	0.0572165185	-0.0803867372	0.0665072768	-0.2628910315	0.0246017106	0.0139696538	0.0504927431	-0.1057271907	0.0330752982	-0.0230209229	0.1821068655	0.0418170373	-0.0523652851	-0.0897447412	0.0309409107	-0.0396590144	-0.0508873737	-0.0577567325	0.0675109627	-0.1131253641	-0.0783605711	-0.0042156419	0.0246553995	-0.0543976689	-0.1961819837	0.0186566414	0.1371022939	-0.2192616645	-0.0310561928	-0.0294272935	0.0002322417	-0.1255335681	0.1262691598	0.0679603636	0.1223607945	-0.1324486745	0.1215370652	-0.106146603	0.0576418153	0.0074890309	-0.0704597601	0.1131072554	0.0	-0.0875708999999999	-0.0032416999999998	1.0508618889999282e-05	0.0076686625268099	0.00611587	0.0055129919999999	3.74038658569e-05	3.0393080792064e-05	0.190533	0.00631	0.036302824089	3.981610000000013e-05	0.00164333	0.0001296999999999	1.6822089999999992e-08	2.7005334889e-06	-0.00167338	0.00020582	4.236187240000001e-08	2.8002006244e-06	-8.76917e-05	-0.0001266098	7.68983424889e-09	1.6030041456040006e-08
5402.520566810137	-6.273310573829804	39.354425555724816	29187228.474806525	11474.703741645357	-53.878963900979215	131668825.95852996	2902.9427510430214	4963.147424672471	-11.020461690168304	24632832.35903298	121.45057586446724	5010.45006082058	9602.975071653062	1.086097	35.925686	0.04148242	0.0199879	0.1351510206	-0.0339234237	-0.0553338625	-0.1336513019	-0.0208574747	0.0152304022	0.06002513	-0.045635766	0.0589968314	0.0205975461	0.0553640185	0.0536759519	0.0935805533	-0.096894989	0.0100958738	0.065823699	-0.1077492303	-0.0717194766	-0.016207806	0.0005550323	-0.0578585082	0.0346610054	0.0090756685	0.1272553021	0.0937678544	0.0388307315	-0.0975837565	-0.029647465	-0.0428863789	0.1460386449	-0.0875015613	0.0764956453	-0.0556839717	0.0713911246	0.06026699	0.1433271092	0.0891182653	-0.0386082665	-0.0584239408	0.0529682781	0.0850307933	0.0563107219	-0.1668601668	-0.1407537769	-0.0566455175	0.033668785	-0.0455351952	-0.0521682962	0.0191987195	0.1514004167	-0.0736131984	0.0169444175	-0.0784144262	-0.0216929421	-0.0238729052	0.0437008046	-0.0450569768	-0.0416913336	-0.036948332	-0.0794918906	-0.0628619551	-0.1456211951	0.0142069334	0.0404482953	-0.1054033542	-0.0207911392	0.0131512166	0.0444355438	0.0821661442	-0.0840681789	-0.0880215176	-0.0663683431	-0.0660443852	-0.098447184	-0.0690494254	-0.0642095523	-0.0873696793	-0.0868685655	0.0323408061	0.0003233606	0.0715251029	0.0835692224	0.1462404936	0.110236859	0.0418016867	-0.1230392784	0.0038980342	0.0457531606	-0.1128587574	0.1051337508	0.1923760336	-0.0784912449	0.0227144542	-0.0173788401	0.0937062805	0.0608116763	-0.0922672324	0.0418402876	-0.0702693309	0.0314354463	-0.0355179955	0.0576053469	-0.0151543165	0.016710326	-0.0684853037	0.0002370349	-0.0809279016	-0.0386567505	-0.1119426171	0.0955651119	0.0740049461	-0.0417520275	-0.1294710111	-0.1076661454	0.0628806309	-0.0014986813	-0.0602788237	0.106146603	0.0	-0.0861827	0.0013881999999998	1.927099239999709e-06	0.00742745777929	-0.0052984	-0.01141427	2.807304256e-05	0.0001302855596329	0.182829	-0.007704	0.033426443241	5.935161600000025e-05	0.00160732	-3.600999999999995e-05	1.2967200999999964e-09	2.5834775824e-06	-0.00142338	0.00025	6.25e-08	2.0260106244e-06	4.58173e-05	0.000133509	2.09922497929e-09	1.7824653080999998e-08
5413.536456940452	11.0158901303148	121.34983536316705	29306376.97062338	11494.346567803508	19.642826158151365	132120003.02077629	385.8406194793555	4957.500531722788	-5.646892949683206	24576811.522031724	31.8873999851819	5003.005067040118	9626.115559168276	1.065127	35.232067	0.0360422445	0.0170041	0.1306617034	0.0265242034	-0.1175285496	-0.1586770422	-0.0319186906	0.0439946025	-0.0795135383	-0.1117223456	-0.0092708393	-0.0099491801	0.1124192361	-0.0485217165	-0.0324798188	0.0772263359	-0.018270099	0.0027296516	-0.0730595498	0.2055480415	0.037680951	-0.0179888316	-0.008225902	-0.0083528096	-0.0863942352	0.1263410156	0.1692966951	-0.1372751701	0.0484395491	0.0891313265	-0.0392598329	-0.0304321718	0.117266548	-0.0954915242	0.0802924467	0.0170866414	-0.106520388	-0.016222546	0.0624583385	0.0461025079	-0.1667304627	0.0339731796	-0.1416385921	0.0791179371	-0.1514200081	-0.2065075198	-0.0755055877	-0.1884796861	0.0665285763	0.020777008	-0.010569067	-0.0972181474	-0.0111519944	0.1544161026	0.1052450222	-0.0343134442	0.1011077361	-0.035389443	0.049147722	0.0679298288	-0.0168216319	-0.0120674309	-0.1350232516	0.020687113	0.0159825306	0.0481033213	0.0229447605	-0.0891579923	0.0253282954	0.0675156679	-0.01144944	-0.2132922759	-0.0853933775	0.010687951	0.0171030746	0.0847154301	0.0888315522	-0.0986440822	-0.0067630473	0.1258639236	-0.0322138398	0.0923497479	-0.1042140277	-0.124336374	-0.0466266119	0.0782732418	-0.0053077112	-0.166332807	-0.0486775165	-0.1567974205	-0.1547561401	0.0047354646	0.1755673569	-0.0891164889	-0.1134773952	0.0681244798	-0.0801108123	-0.1334430418	0.1175794311	-0.0501638673	-0.1156341746	-0.0544012883	-0.0793458084	-0.0897768368	-0.042625962	-0.0358750674	0.0770192239	-0.0598491463	0.0244175044	-0.130314232	0.0057087872	0.0112168175	0.0594236248	0.0230636717	-0.0413266295	-0.1091228139	0.0679725859	-0.0104785198	-0.0495350801	0.0976380941	0.0	-0.0836361999999999	0.0025465000000001	6.484662250000531e-06	0.0069950139504399	-0.015498	-0.0101996	0.000240188004	0.00010403184016	0.193116	0.010287	0.037293789456	0.000105822369	0.00151398	-9.333999999999992e-05	8.712355599999985e-09	2.2921354404e-06	-0.00153859	-0.00011521	1.3273344100000033e-08	2.3672591881e-06	-5.81559e-06	-5.163289e-05	3.38210870481e-11	2.6659553297520996e-09
5406.468938822898	-7.0675181175538455	49.949812341951855	29229906.386456795	11549.645782146104	55.29921434259632	133394317.6930453	3058.00310690841	4966.878583557128	9.378051834340113	24669882.86379846	87.94785620756996	5012.099364858268	9676.16259856251	1.124423	37.193447	0.0486849995	0.030149	0.0527459968	0.0880405113	0.0903474182	-0.0088470259	0.0265126468	0.0767117832	-0.0589570929	-0.2231413446	0.1224369628	-0.1051371008	-0.0362218219	-0.0856822946	-0.1057659136	-0.1374112625	-0.1084263487	0.1568284814	-0.1145935406	0.017661426	-0.1626325908	0.0441098356	0.0083327891	-0.0657055231	-0.0023537175	0.1684253376	-0.082426159	0.0392027041	-0.0707685301	0.0080011819	0.1175246422	-0.076560798	-0.0983303918	0.0122630315	0.0420086431	-0.0347356697	-0.0157703918	0.0689312491	0.0283472057	-0.0979198845	0.0279556035	-0.0189764615	-0.0979021356	0.227207087	0.0279855847	0.0187311255	0.0179383059	-0.0461402831	-0.0074744514	0.0005154586	0.0802857885	-0.0729563219	0.0515469428	-0.0305094745	-0.0533773766	0.0718195932	-0.0058747499	-0.102038176	0.1849993089	-0.161158104	-0.0781527414	-0.0054798627	-0.1638253384	0.0854215432	-0.0813269996	-0.1668628836	-0.0509806795	0.3252967633	0.0446443837	0.0095007832	-0.0717597522	-0.04273222	-0.0221638308	-0.1895648922	0.0108687615	-0.03849084	0.0025802152	0.168188929	0.0143396893	-0.0759002332	-0.0058329973	0.0465080803	-0.0747110236	0.0278537942	0.0476497207	0.0315807237	0.0430927113	0.0888474147	-0.0965569627	-0.0635961076	-0.2122863148	-0.0116928774	-0.0437953509	0.018134537	-0.0012881626	0.027037045	0.0324599254	0.002285262	0.0891834528	-0.0037726321	0.103319554	0.0434345649	-0.1033057633	-0.0813481547	0.1215149304	0.2296527229	-0.0556257509	-0.1248630921	0.0599280824	-0.1573849856	0.0426864152	-0.1009467608	-0.0164141779	-0.0366593983	0.0729513714	-0.1105157577	0.0729057878	-0.0194033074	-0.0383288409	0.0877058019	0.0	-0.0827793	0.0008568999999998	7.342776099998229e-07	0.00685241250849	-0.0192617	-0.0037637	0.00037101308689	1.416543769e-05	0.166881	-0.026235	0.027849268161	0.000688275225	0.00170071	0.0001867299999999	3.486809289999999e-08	2.8924145041e-06	-0.00167338	-0.0001347899999999	1.8168344099999963e-08	2.8002006244e-06	2.92524e-05	3.506799e-05	8.557029057600001e-10	1.2297639226401e-09
5395.73472682779	-10.734211995108126	115.22330715592317	29113953.24229537	11485.19000350499	-64.4557786411151	131909589.41661094	4154.54740023243	4962.021102187308	-4.857481369819652	24621653.41855215	23.595125258145003	5007.277614454737	9638.497115779714	1.072755	35.484375	0.04600811	0.0255315	-0.0140922349	0.1343436125	0.0755288751	0.0275030507	0.1139396787	-0.0181474737	-0.0688363735	-0.1454106393	0.1377010654	-0.1411690183	0.0186719377	0.0392204011	-0.1307890614	0.047453532	-0.0084043707	0.1272656861	-0.1034657871	-0.0777978456	-0.0044466239	-0.064033979	-0.097097297	-0.1459987341	0.0186854821	-0.0569318608	-0.0581909931	-0.1049754584	-0.0928912504	0.0233738914	-0.0703214405	0.0032257042	-0.1118306704	-0.0661232118	-0.060785817	0.0342378467	-0.1059359761	-0.0912104908	-0.088492426	0.0254118788	0.1572438432	-0.1443680394	0.0595747923	-0.0217060571	-0.0786413194	0.029569895	0.0924191026	-0.0780263799	0.0336248458	0.0810513245	-0.0393509223	0.0273312655	-0.0871610818	-0.1132923603	0.0912982408	0.021697439	0.0048940496	0.1180600781	0.0364597821	-0.0264992398	0.0063264491	0.080718435	0.0270909533	0.1582259418	-0.148132445	-0.0848918038	-0.0148815419	-0.1216951872	-0.0330579769	0.1335611723	-0.1078522775	0.0719227552	-0.0332247272	0.0119432651	0.0991976232	-0.0316730254	-0.0532623564	-0.0490886369	-0.0307260106	-0.1043493901	-0.0675524912	-0.0529398962	0.0366603796	-0.1142493122	-0.1043898452	-0.0486984789	-0.0329020239	0.1538440498	-0.0653569628	-0.0279670879	0.0451155432	0.1602174496	0.0420217955	0.1124126868	-0.1103432493	0.0455245258	-0.0032226487	0.0678670763	-0.0661507062	-0.0093772254	0.0988118016	-0.1557847001	-0.059611137	0.0706474177	-0.0398487162	-0.000514185	0.026105191	-0.0075082747	0.1001192757	0.0415647043	0.1266120592	-0.1796286246	-0.0073071716	-0.0845044518	0.0887851794	-0.1118441635	0.0776687148	-0.0282261557	-0.0267647356	0.0764945617	0.0	-0.0953157	-0.0125364	0.00015716132496	0.00908508266649	-0.0195696	-0.0003078999999999	0.00038296924416	9.48024099999999e-08	0.18612	0.019239	0.0346406544	0.000370139121	0.00154569	-0.00015502	2.4031200400000023e-08	2.3891575761e-06	-0.00174797	-7.459000000000003e-05	5.5636681000000044e-09	3.0553991209e-06	-1.96338e-05	-4.8886200000000006e-05	3.854861024400001e-10	2.3898605504400006e-09
5396.362406495228	0.6276796674383149	0.3939817649154736	29120727.22223497	11491.727683180456	6.537679675466279	132059805.14437604	42.74125553900488	4956.153134561653	-5.867967625655183	24563453.8932253	34.43304405573733	5000.651824250769	9617.589893544164	1.134567	37.52898	0.047336227	0.024554	-0.092402296	-0.011657858	-0.0560183224	0.0713097662	-0.0012970644	-0.1099603166	0.0340074816	-0.0271261749	0.0430957336	-0.0206117123	0.1297310208	0.0082136215	-0.1335495267	-0.0505894145	-0.0764544911	0.1379034148	0.0499292074	-0.0309973717	0.0342979825	-0.0208186153	0.0725306314	-0.0761679009	0.0988923268	-0.1765120256	-0.0658525171	-0.0445555052	-0.0302131625	0.0655957632	-0.171510188	0.0007343991	-0.1500424331	0.0243700521	-0.0149109897	-0.0415305215	-0.0197683656	-0.0883270728	0.0896555238	0.2291367363	-0.1040523208	0.026372079	0.0083722843	0.0771708784	-0.1325126186	-0.0393920681	-0.0587862101	0.0145994642	0.0374773125	0.1851398635	0.0613790561	0.0583521067	-0.0267906647	0.0328754942	0.0639059226	-0.0105072395	-0.0467005086	-0.1336888525	0.0447133549	-0.2106620657	0.1919381939	-0.0282802936	0.0818237474	-0.1144496044	0.0421269635	-0.0471490864	0.0268217281	-0.0233655076	-0.063171495	-0.070551177	-0.0931232607	0.137397142	-0.002382606	0.098997083	0.0826764966	-0.0347868182	0.0260720815	-0.142153919	0.0393406434	-0.1870694903	0.0021580987	0.0116133346	-0.0051826344	-0.0069912322	-0.1174757408	0.0381978637	-0.2071076941	-0.1360662006	-0.0352651364	-0.0266200344	-0.0768690011	0.0133495624	0.1260777267	-0.0455961346	0.0122669989	0.0557008911	-0.1402648354	0.1349972122	0.0020462139	0.0098492923	-0.0121337648	-0.1164822635	0.0397663043	-0.0592617559	0.0490431503	0.2452336492	-0.0782412834	0.1947503583	-0.0110875135	0.0781510674	-0.0779468497	0.1009773627	-0.0751511127	-0.0202614528	0.0986451102	-0.1131072554	0.0822502429	-0.0369007123	-0.0149507351	0.0641678585	0.0	-0.0906942	0.0046215	2.1358262250000007e-05	0.00822543791364	-0.000832268	0.018737332	6.926700238240001e-07	0.0003510876104782	0.183421	-0.002699	0.033643263241	7.284601000000037e-06	0.00180487	0.00025918	6.717427240000007e-08	3.2575557169000003e-06	-0.00184246	-9.449000000000004e-05	8.928360100000005e-09	3.3946588516e-06	-9.15317e-05	-7.18979e-05	8.37805210489e-09	5.16930802441e-09
5394.780346278581	-1.5820602166468234	2.5029145290965937	29103654.98459365	11490.80666506689	-0.9210181135658786	132038637.81394564	0.8482743655164496	4955.163597411121	-0.9895371505317598	24553646.277108327	0.9791837722825149	4998.0765271665205	9578.6771212146	1.066149	35.265846	0.031159672	0.0173941	-0.09031832	-0.0983883461	-0.0337788184	0.0228146517	-0.012593818	-0.1693590998	0.0542741768	-0.046196608	-0.0283750315	0.0377989086	0.0120265934	-0.0650683225	-0.1240362001	0.0635180217	0.0369527184	0.1621834168	-0.0399321995	-0.0770778275	0.0114514852	0.0725814895	0.0818782081	-0.0223091268	0.219223705	-0.1505747523	0.1371154793	0.000452649	-0.1672594094	0.094344833	0.0803946174	-0.0334886628	-0.077696649	0.0086380443	0.0124516894	0.0128160833	0.0680382569	-0.0372578661	-0.1116512658	0.0182337435	-0.0095180349	-0.1581786786	-0.0298436136	-0.0468243325	0.0825644248	0.1260394294	-0.0616386546	-0.0926606452	-0.0914535189	-0.1620563683	0.0313179784	0.0077260578	-0.1454186835	0.0809137999	-0.0121121513	0.0395065878	0.089279755	0.0896740572	0.1877968385	0.0194589633	-0.0299326084	-0.0660343871	-0.1534577028	-0.0687157802	-0.0178188618	-0.0346328546	0.030220476	0.0608612184	0.0425151978	-0.119423173	-0.0215626612	0.0903497782	-0.2166439044	0.1724571926	0.0694201469	-0.1489566517	0.0889261259	0.0856324189	-0.0425793688	-0.0982728244	-0.0053564541	0.0342947419	0.0322958439	0.0452314813	-0.0324110136	-0.0787224685	-0.0244473848	0.0174294334	-0.0924905945	-0.0321821452	0.0926499675	0.0483268701	-0.1990915031	-0.0378118621	-0.0906697617	-0.0076357295	0.1883295844	-0.0312477089	-0.0091113818	-0.0827944437	-0.0701996177	-0.0558383903	-0.1936333511	0.04180563	-0.0129460538	0.0789566748	0.1222177402	-0.0614853639	-0.03349976	-0.166433223	-0.0671136112	0.002129329	-0.0469118706	0.0147414365	-0.0188633252	-0.1143042958	0.0866396718	-0.0453814036	-0.0029971437	0.0509054434	0.0	-0.0940272	-0.003333	1.1108889000000018e-05	0.00884111433984	-0.00612899	-0.005296722	3.75645184201e-05	2.8055263945284003e-05	0.185111	0.0016899999999999	0.034266082321	2.85609999999999e-06	0.00151212	-0.00029275	8.570256250000002e-08	2.2865068944e-06	-0.00183275	9.710000000000014e-06	9.428410000000027e-11	3.3589725625e-06	2.28073e-05	0.000114339	5.2017293329e-10	1.3073406921e-08
5412.981543569817	18.201197291235985	331.28358283449614	29300369.191027485	11515.657473339395	24.850808272505677	132610367.04327749	617.5626717968364	4967.494980173188	12.331382762066823	24676006.378045823	152.0630008245988	5011.465650474678	9629.159683631957	1.141349	37.753296	0.071829205	0.0333955	0.007378871	-0.1328935971	0.1268605375	-0.008822933	-0.1199857669	-0.0540272199	0.0467860562	-0.0424322427	0.0432950307	-0.1514936059	-0.0523717587	0.0221561249	0.0078935632	-0.0028914736	-0.0237367096	-0.0999377301	0.0404636567	0.0174475193	-0.0126667428	0.1899799248	0.0705647287	-0.0304857726	0.0197930605	-0.1032687313	-0.1025340603	0.0126447575	0.0404245694	0.0876988714	-0.1118818116	-0.0270441106	0.1410028832	0.0735540682	0.0016177392	-0.0288323077	-0.1345218841	0.0215259159	-0.1409596754	-0.0422031111	0.0007219874	-0.030050813	0.0076383311	-0.0253459785	-0.2234565782	0.1123496975	0.0860619683	-0.0276493447	-0.1090827595	0.0726258082	0.0493609356	0.1083249397	-0.0625386483	-0.0157830861	-0.1948089743	-0.1025754808	0.1048683141	0.0046424169	-0.0106903305	-0.0138602195	-0.0363474889	-0.0698614535	-0.1221061952	0.1041119907	-0.0029694375	0.159550883	-0.0725885758	0.0687589549	0.1291079393	-0.124284224	-0.0614480766	0.1287226911	0.0886442259	0.0145713925	0.0088191913	0.00445291	0.0362982782	-0.1005915135	0.0607230913	0.0135126764	0.1491018728	0.0067743208	-0.0855846145	-0.1809116873	0.0169183785	-0.114714458	0.0385090083	-0.1051082516	0.0466967719	0.0028133291	-0.0362144981	0.2431328653	-0.0387362216	0.1257955402	-0.0595340353	-0.0873289526	0.0284886723	0.1902771005	-0.0525823401	0.0389669512	-0.0363157108	0.1355962888	-0.1401854238	-0.0534705368	-0.1021963106	-0.0220147524	-0.053126765	-0.0247741455	-0.0164074603	-0.09958074	0.0455995786	0.0171935974	0.1748406219	0.0084420608	-0.0069806634	-0.1154345858	0.0908267497	-0.0536236746	0.0089844312	0.0369007123	0.0	-0.101274	-0.0072467999999999	5.2516110239999966e-05	0.010256423076	-0.00932643	-0.00319744	8.69822965449e-05	1.02236225536e-05	0.199736	0.0146249999999999	0.0398944696959999	0.0002138906249999	0.00174013	0.00022801	5.1988560100000037e-08	3.0280524169000005e-06	-0.0013618	0.0004709499999999	2.2179390249999997e-07	1.85449924e-06	-0.000213432	-0.0002362393	4.5553218624e-08	5.580900686449e-08
5399.9115292107	-13.070014359117522	170.8252753475382	29159044.52330264	11458.636562781918	-57.02091055747769	131300351.8779226	3251.384240803871	4965.492738626259	-2.0022415469293264	24656118.137350105	4.008971212249942	5011.668574683103	9598.78195276936	1.131657	37.432735	0.0501745349999999	0.0248957	0.1089738591	-0.1011644133	-0.0334132073	-0.1078410514	-0.053274234	-0.0213212543	0.0339386426	-0.0438206899	0.1016293298	0.0528690651	-0.0192523462	0.0857288026	0.0677014564	0.0938559927	0.1260531039	0.0162382883	-0.1003878125	-0.1634460486	-0.0666427184	-0.0200965245	0.0079679773	0.1412228617	0.04463593	0.0073242369	-0.0350420708	0.2686616641	0.0812789116	0.0435325138	0.0706916555	0.0309362592	0.0109153491	-0.0434996048	-0.0672965865	-0.0263170868	0.0048787719	-0.1033485017	-0.0292098804	0.0887575274	0.003099895	-0.0745541235	-0.0764291261	0.0157038201	-0.0695295556	-0.0294934755	0.2300012121	0.0564730189	0.0449458417	0.1444323358	0.1200193494	0.0288989731	0.1750986516	0.0260616503	-0.0836626053	-0.0771541278	-0.108493747	0.0678834821	-0.1970956097	0.0136092589	0.0016271203	-0.0142753072	-0.0871204605	0.0409050432	0.1482141859	-0.028890382	-0.0962105966	0.0379205129	-0.0039229487	-0.0706914401	0.1717096124	0.0694972044	0.0673828091	-0.0650970583	-0.1819296103	-0.0278090444	0.1180483218	0.082626351	0.0007115483	0.0269169468	-0.0371370664	-0.0287025321	0.0840566302	-0.0130865198	-0.0838374527	-0.0639332863	-0.0860012502	-0.0167562168	0.0012624159	-0.0927493203	0.017238351	0.0029449164	0.0802124042	0.2227530499	0.0954483654	0.0673976326	-0.0823329033	0.1671770019	0.1597818221	0.0931473843	-0.0039642675	0.1857014508	0.0747874882	0.0906002628	-0.0659076381	-0.0841292313	-0.1264696354	0.0333375348	0.0279826253	-0.0564545302	0.0747011825	0.0820070878	-0.0192076258	-0.0967729709	-0.0685640931	-0.1164974652	0.0948016975	-0.0615842229	0.0208821209	0.0223578858	0.0	-0.0851447	0.0161293	0.0002601543184899	0.00724961993809	-0.00319609	0.00613034	1.02149912881e-05	3.75810685156e-05	0.185036	-0.0146999999999999	0.034238321296	0.0002160899999999	0.001822	8.186999999999995e-05	6.7026968999999924e-09	3.319684e-06	-0.00142338	-6.157999999999988e-05	3.792096399999985e-09	2.0260106244e-06	-9.25841e-05	0.0001208479	8.57181557281e-09	1.460421493441e-08
5409.675225337022	9.76369612632243	95.3297620471636	29264586.043625165	11485.798852477865	27.16228969594704	131923575.27958184	737.7899815265506	4958.112492057724	-7.380246568534858	24582879.483898856	54.468039412370544	5003.51019818424	9592.269371341	0.99524	32.920361	0.0323677999999999	0.0148376	0.1078603567	-0.0914821716	-0.0068136394	-0.1134041212	-0.0990873823	0.0098127539	-0.003918787	-0.0799105031	-0.0278589782	-0.0208959412	-0.0394231014	0.1135321544	0.1525183706	0.021168641	0.1555487353	0.1694108915	0.1903369396	0.0018671103	-0.0499644043	-0.0036073521	0.0149036418	0.1074471824	0.0719563799	-0.0021519368	0.0006648889	0.1006130291	0.1772010917	-0.1816561225	-0.0079541218	-0.0936185008	-0.0673949315	-0.0399476043	0.192772148	0.0572114472	0.0335297266	-0.1764342571	0.0896846907	-0.0537178447	-0.0051731395	0.0424817409	0.082065717	-0.0453733438	0.0098916012	-0.1672828003	-0.0298976474	0.0727301877	0.1493614234	-0.0738252723	-0.0193794895	-0.106232441	-0.0077301727	0.0734566454	0.0876116481	-0.0013014793	-0.0174182998	-0.1104725806	0.1102664992	-0.1023400353	0.0418956388	-0.1213886165	-0.0613905915	-0.0380130126	0.0209593979	-0.0135103754	0.0603517418	0.1417366283	0.0110276645	-0.0738518782	0.1494350039	0.047903063	-0.0126596439	0.0050150117	-0.0724216435	0.1265917295	-0.0730101132	0.0397780839	0.2147814855	0.0290053841	-0.0467650414	0.1666661654	0.0721621816	0.0694479408	-0.1520753956	0.0601607104	0.0948755757	0.0535778803	0.0328933617	0.0336547357	0.0639127704	-0.0876688817	0.1710843782	-0.0405693731	0.0955910055	0.1249103087	-0.0148161216	-0.1588681376	0.025897422	-0.0610348527	-0.0488520578	-0.066913717	0.0208805967	-0.0890577301	0.0371319893	0.1858762726	0.0038480642	0.0349493787	-0.0345468645	-0.0978597391	-0.0072266256	-0.0043691351	0.0168301256	0.1323494776	-0.0177664716	-0.1174923133	0.0985552316	-0.0692212261	0.0325848399	0.0074890309	0.0	-0.095644	-0.0104993	0.00011023530049	0.009147774736	0.00366871	0.0068648	1.34594330641e-05	4.712547904e-05	0.189013	0.0039769999999999	0.0357259141689999	1.5816528999999847e-05	0.00190026	7.825999999999992e-05	6.124627599999987e-09	3.6109880676e-06	-0.00130759	0.0001157899999999	1.3407324099999988e-08	1.7097916080999998e-06	-6.61001e-05	2.6484e-05	4.36922322001e-09	7.014022559999998e-10
5413.4656636797245	3.7904383427021457	14.36742282982659	29305610.49183936	11481.005507237402	-4.793345240463168	131813487.45721556	22.976158594270903	4970.9873192573805	12.874827199656464	24710714.92821768	165.76117542101397	5015.26454663431	9601.993632618323	1.008366	33.354515	0.0391171049999999	0.0190207	0.1159374157	-0.0876642016	-0.0666119825	-0.1289965193	-0.1424793914	0.0498030975	-0.0929266731	-0.1567679857	0.0058909581	0.0292784064	-0.0292432203	0.0567688982	0.0878826362	0.0599395077	0.1457394817	-0.0012470509	0.0101738555	-0.0603912218	0.0610075709	0.0548528438	0.001071464	0.0360626577	0.0837807503	0.035095902	-0.0284440258	-0.0810035208	0.1829954165	0.1046021418	0.1513610548	-0.0566652051	0.1736719295	0.0767554546	0.0115860402	-0.0278323973	0.1094186	0.0349799213	-0.007490084	0.093924278	-0.0646249701	0.0407018132	0.1852229198	-0.0125220626	-0.0390947867	-0.1711217568	0.0853720609	0.1128706137	0.1072139422	0.1347862707	0.1135827448	-0.0230207312	-0.0616694259	-0.0109175101	-0.0137783194	0.1075892879	0.0941358188	0.0089020964	-0.0651949342	0.0051955174	-0.020089328	0.0647626038	0.043572404	-0.0014502862	-0.0875987381	0.0201382731	-0.0772668093	0.0433954929	0.0923049041	-0.0171552254	0.0362976565	0.0359333234	-0.0427696407	-0.0380686142	0.028143656	0.2030701475	0.1517411565	0.0928100536	-0.0475844297	0.1432715017	0.1186212602	0.0007074106	-0.0309006497	0.0308632242	0.0350917107	-0.0430321955	-0.0706648304	-0.1031266919	-0.0162077733	0.1895680172	0.0623560713	-0.0436888938	0.2196054867	0.0359867538	0.1059604793	0.0694451627	-0.0784698627	0.1124263117	-0.0137380782	-0.0972968276	0.0132322529	-0.0220720166	-0.1018764906	-0.0351868187	0.1099661982	-0.0826639132	-0.0442086885	-0.0055747969	0.0376392416	0.0477669023	-0.0274786716	-0.0601620723	0.0374539396	-0.0799781163	0.075157273	-0.1184185493	0.1020785854	-0.0764945617	0.043983323	-0.0074890309	0.0	-0.100378	-0.0047339999999999	2.2410755999999887e-05	0.0100757428839999	-0.00933914	-0.01300785	8.721953593959998e-05	0.0001692041616225	0.192848	0.003835	0.037190351104	1.470722500000004e-05	0.00169831	-0.00020195	4.07838025e-08	2.8842568561e-06	-0.00142338	-0.0001157899999999	1.3407324099999988e-08	2.0260106244e-06	-9.91652e-05	-3.30651e-05	9.83373689104e-09	1.0933008380100003e-09
5413.016235112135	-0.449428567589166	0.2019860373652496	29300744.76158756	11483.45758392268	2.452076685278371	131869798.08175132	6.012680070485763	4970.23117978594	-0.7561394714402923	24703197.98051634	0.5717469002700045	5015.617121392624	9594.938159643783	1.125541	37.230412	0.07214548	0.0346815	0.1132236036	0.0248592359	-0.0801365585	-0.1123471248	-0.0319160963	0.0890745768	-0.0923993461	-0.1253176232	-0.120710378	0.122314889	0.0569199574	-0.0542576696	0.0463198619	0.0295084066	0.0691176238	-0.1440173284	0.0486847335	0.0314805115	-0.2466034262	0.0877984812	0.0685106607	0.1208448564	-0.1176051428	-0.0024917544	-0.0966398986	-0.0235653116	0.0086063437	-0.0320551463	0.1443542507	0.043158365	-0.0245104591	0.0216692468	0.0516750278	-0.0021527288	-0.0367910517	0.0840761346	0.1032061818	0.1148871539	-0.0736375759	0.2000010193	-0.0638026389	-0.0060367379	-0.0453114581	0.1169625934	0.0145795122	-0.1156115178	-0.0938073166	0.0361378837	-0.0568019375	-0.1663793699	-0.0274726959	-0.0245458999	0.0998744296	-0.065211337	-0.0605642067	-0.0253981546	-0.0920056586	-0.1657839724	-0.0720058908	-0.0551875127	-0.0098544288	-0.0598491814	-0.0673421302	-0.0196327014	-0.0895637531	-0.0145510516	0.0833423573	-0.0895092061	0.0494879808	-0.0586515264	0.1616308757	-0.030112172	0.0737908546	0.0306918998	-0.0531699325	0.1160958832	-0.0595133814	-0.0057727715	0.0052800824	0.0825480169	-0.0176729898	0.004624097	0.0610451893	0.1003980422	-0.1028256766	-0.1250458596	0.1529841134	-0.018056724	-0.0973934159	-0.0674037521	-0.0657355148	0.0428584632	-0.1171890439	-0.08094798	-0.0916762669	-0.0906682443	0.0963766371	-0.0846481634	0.095009237	-0.0946864555	0.0314882574	0.0177937801	-0.0919002308	0.0841866849	-0.1780247471	-0.0110061163	-0.0779258822	0.0210535982	-0.0614628634	-0.0019491426	0.0474525442	-0.0653421053	0.0234926339	-0.1192756321	0.1053635299	-0.0833660178	0.0549711457	-0.0223578858	0.0	-0.106532	-0.006154	3.787171600000008e-05	0.011349067024	0.0077695999999999	0.0171087399999999	6.036668415999845e-05	0.0002927089843875	0.209808	0.01696	0.044019396864	0.0002876416	0.0012912	-0.00040711	1.657385521e-07	1.66719744e-06	-0.00155313	-0.00012975	1.6835062500000023e-08	2.4122127969e-06	-0.00020076	-0.0001015947999999	4.03045776e-08	1.032150338704e-08
5407.542058619965	-5.474176492170045	29.96660826742714	29241511.115743853	11489.447180374033	5.989596451352554	132007396.5106048	35.87526565005511	4964.83222565903	-5.398954126910212	24649559.0289424	29.148705664480808	5010.718124184215	9633.740236538306	1.120242	37.055138	0.0604137149999999	0.0296199	-0.0007625803	0.1021418547	0.0529462005	0.0051281824	0.0746502373	0.060339401	-0.1251773125	-0.1010664404	-0.0573595059	-0.1087852403	-0.0234919722	-0.1386671079	0.0250982297	0.1448470284	0.0320590843	-0.1075309508	0.0505298953	-0.0507628494	-0.0607192013	0.0039677976	-0.1118077555	-0.1124751541	0.189851955	0.1609838688	0.1021889578	0.0464589248	0.0120722086	0.0402255869	-0.0905049933	-0.0431804741	0.0181531094	0.1436258921	0.0780107778	0.0791184289	-0.0659477843	0.1234618359	0.0442827323	0.0609970451	0.0874569812	0.123057287	-0.0982931923	0.0404598798	0.096556768	0.0202624534	-0.0186652165	-0.0293423005	-0.1172293749	0.0768081962	-0.0070612171	0.0605979879	-0.0330079921	-0.0340430166	0.1639366393	-0.010441601	0.0312143888	-0.012021801	0.0154324404	0.046511385	-0.0652877357	0.0637086772	0.0353640594	-0.0433270611	0.1594214498	0.0453582429	0.0133603601	0.0597166103	0.0354003994	0.1167550003	-0.0320766127	0.0291927365	-0.2626223883	-0.1135343518	-0.0684837396	0.0025017979	0.0510776912	-0.0519863273	0.080438316	-0.0570101433	0.1506315054	0.0532872259	0.0280036163	-0.0634686431	0.1153227	0.0712654113	-0.063002233	0.0779150242	0.0896569701	-0.0361182209	-0.0856520142	-0.1287504122	-0.0422729512	-0.0557961882	-0.0544030316	-0.1217827065	-0.0269528278	0.0747783261	0.0002363644	0.0300905371	-0.0416878473	-0.1490081694	0.0678151273	-0.0133133947	-0.0226669399	-0.1047501454	0.0513719335	-0.0572379899	0.0011256278	0.0828751776	0.0215591778	0.1488829658	-0.0259033277	0.0939828518	0.0293566556	-0.1200630614	0.108402393	-0.0897994937	0.0654457176	-0.0369007123	0.0	-0.109719	-0.0031869999999999	1.0156968999999973e-05	0.012038258961	-0.00933137	-0.0171009699999999	8.70744660769e-05	0.0002924431749408	0.207381	-0.0024269999999999	0.043006879161	5.890328999999926e-06	0.001682	0.0003907999999999	1.5272464e-07	2.8291239999999995e-06	-0.0013638	0.0001893299999999	3.5845848899999975e-08	1.85995044e-06	-2.69151e-05	0.0001738449	7.244226080099998e-10	3.022204925601e-08
5401.939550051155	-5.602508568810663	31.388102263596902	29180950.90240687	11461.331702462236	-28.11547791179692	131362124.39386588	790.4800982087403	4959.077136741954	-5.755088917076137	24592446.048156776	33.12104844345258	5004.181446281799	9559.554938480753	1.128757	37.3368	0.0408069149999999	0.0180071	-0.1129512925	0.0421065012	-0.1187221403	0.0682955581	0.0164851248	-0.0346647985	-0.0640300848	-0.011410627	-0.1703501063	0.0613459748	0.1758134704	0.1022104372	0.0968397551	0.128955563	0.0504944624	-0.0431564451	0.1143910849	-0.0879809513	0.0137448585	0.0366024147	0.0691613054	-0.0782200329	-0.080058862	-0.1419014016	-0.1202393725	-0.0732394195	0.1046686483	-0.0508297507	-0.0931777624	-0.0801490232	0.0774755666	0.0340128272	-0.0288847893	-0.0709177572	0.0777190077	0.0641512988	0.0558141276	0.0739717771	-0.0006751166	-0.1270217109	-0.1508154667	0.1452667671	-0.0911996652	0.0215901556	-0.1111066868	0.0233230754	0.0320514306	-0.1607544235	-0.0272558684	0.022098661	-0.0221200401	-0.0992576203	-0.1028976972	-0.149763582	0.0012162613	0.0280652073	-0.0646094837	-0.0431800338	0.1130465596	-0.0892724535	0.0793264062	5.58059e-05	-0.0503168621	-0.0790789213	-0.0392858516	0.0188466721	-0.0001218602	-0.0522765578	-0.1332089045	0.0624439696	0.1520573708	0.0779579726	0.0655212153	0.1134036324	-0.0230643164	-0.0624429996	0.1051319677	0.0640811865	0.0468916262	-0.0287151964	-0.0773588593	0.0723017371	0.0495309919	0.0113340845	-0.143130575	-0.008451474	-0.1013281069	-0.1566212154	-0.1250030629	0.0876346064	-0.0650346285	-0.0589409237	0.0796174406	0.0493887419	0.1378279903	-0.0449244908	-0.1186295578	-0.0236962445	0.0317253356	0.1010339081	0.0605281504	-0.0332271086	-0.152269602	0.0423397079	-0.0606464443	0.1439802404	-0.0649223101	0.025675004	-0.0123432799	-0.0695701397	-0.0435756191	-0.043046994	0.0007115239	-0.1207803772	0.1111880772	-0.09576119	0.0753092405	-0.0509054434	0.0	-0.117733	-0.008014	6.422419600000011e-05	0.013861059289	-0.0018273	0.00750407	3.33902529e-06	5.63110665649e-05	0.209528	0.0021469999999999	0.0439019827839999	4.609608999999924e-06	0.00181449	0.00013249	1.7553600100000026e-08	3.2923739601e-06	-0.00153875	-0.0001749499999999	3.060750249999996e-08	2.3677515625e-06	-0.000182312	-0.0001553969	3.3237665344000004e-08	2.414819652961e-08
5403.21390137134	1.274351320185815	1.6239712872593297	29194720.4639725	11475.150548621536	13.818846159299936	131679080.11352912	190.96050917439865	4964.038131337981	4.960994596027376	24641674.56937748	24.61146738181283	5006.552608392655	9565.541565369384	1.113125	36.819733	0.0350492599999999	0.0170734	-0.1264557122	-0.0819744904	-0.1049611703	0.0662382016	-0.0585156139	-0.1248305762	-0.0398922776	0.0284775431	-0.1007885539	0.0626270179	0.0932256415	-0.1676216782	0.1258786875	0.1783885192	-0.0610969304	-0.0154824287	-0.0220234964	-0.0400233888	0.0672543292	-0.1170051225	-0.0180055284	0.062307316	0.0328440649	-0.0939726099	0.0011562393	-0.1290579778	-0.0532575369	0.0089978967	-0.1256047571	0.0315476182	0.1893208674	0.0265510315	0.0051555858	-0.0273301239	0.0647904111	0.0477539828	0.1426950764	-0.0966817698	0.0862539465	-0.0260107665	0.0436743054	-0.0557339395	-0.0098157576	0.0470388315	-0.0173033188	0.0706308435	0.0159053036	-0.212083745	0.0370422667	0.0006568825	0.0860571795	0.1012463404	-0.0190647939	0.083684969	0.0178031418	-0.0437758302	-0.0287105341	-0.0862423277	-0.0831231068	0.241159184	-0.0829696907	0.0747746096	0.03140216	-0.012857637	0.1115027176	-0.002435156	-0.0981936397	0.0327962441	0.0471958682	0.0584933001	0.0117892523	0.0896710469	0.1578391189	-0.0105145805	0.0284588867	-0.1741631027	-0.0344803028	0.1728641421	0.0862749857	-0.0186724614	-0.0534529989	0.0869633606	0.07215493	0.1378064517	0.0587695264	0.1095474138	0.0760455218	0.0180955967	0.0727709571	0.0508656242	-0.0424156824	0.0167163618	0.1080329338	0.0229768549	0.1501099589	-0.1388058792	0.1079516544	0.0194975312	-0.076017135	0.0282904214	-0.0228864537	0.0011832137	0.1117040513	-0.0356591689	-0.0808082666	-0.1021604016	0.2464133991	-0.0272427838	0.0115279131	-0.0173894867	-0.0847212651	0.1322840417	-0.100237603	-0.1214271607	0.1137140766	-0.1012197857	0.0844696213	-0.0641678585	0.0	-0.119632	-0.0018989999999999	3.606200999999992e-06	0.014311815424	-0.00632276	-0.00449546	3.99772940176e-05	2.02091606116e-05	0.204352	-0.0051759999999999	0.041759739904	2.6790975999999857e-05	0.00201091	0.0001964199999999	3.858081639999996e-08	4.043759028099999e-06	-0.00175319	-0.00021444	4.59845136e-08	3.0736751761e-06	-0.000241028	-5.8716e-05	5.8094496784000014e-08	3.447568656e-09
5401.849389565128	-1.3645118062122492	1.8618924692926144	29179976.827545147	11465.223093353448	-9.927455268087217	131451340.5803652	98.5543680998726	4974.6378857016325	10.5997543636513	24747022.093858007	112.35479256974476	5020.234978975755	9619.411831524214	1.161423	38.41732	0.05778439	0.0267468	-0.0189853711	-0.1508371741	0.1030368271	0.0117824641	-0.0877792196	-0.0766509873	0.0639374138	0.1410882958	-0.0725056228	-0.0157279788	-0.06429429	0.0112453381	0.0944088163	0.0280383884	-0.0682606525	-0.1426050201	0.1188832745	-0.0917485939	-0.0085544824	-0.0499769186	0.1322088618	-0.0273008316	-0.110631709	-0.0225190535	0.0155843495	-0.1185169818	0.1968063429	-0.1800224704	-0.0232065222	0.2363616125	-0.0175383214	-0.1984235096	0.096201434	0.1460845517	-0.0126758234	0.0943462407	0.0085486058	0.0170732544	-0.0091977732	0.0435938208	0.1278383308	-0.0208619253	0.064727519	-0.0495975614	-0.1287710545	0.087727586	-0.0620725064	0.0035805597	0.0133531596	-0.050678006	-0.0235559514	-0.0017962585	-0.1156194584	0.0568677347	-0.0188495906	0.0346965944	0.1074515017	0.0679829457	-0.1249709315	-0.0239524814	-0.0496192069	-0.0009164779	0.1523959076	0.0833562308	0.0547629581	-0.0928322985	-0.0862463457	-0.1206914037	-0.0141717121	-0.0532018011	0.0738136608	0.0516953112	-0.0521672462	0.2217916716	-0.2251618894	-0.1230225542	-0.0965855131	0.0759067607	-0.2166615647	0.1157539795	0.1272801638	-0.0708333279	0.1007697326	0.0338961297	0.0063118179	-0.0190365589	0.0273600544	0.1349603353	0.0300428167	-0.0258056786	0.0230161954	-0.1633806889	0.0469024819	-0.0793649187	0.0106875076	0.0025932772	-0.0381884161	-0.0586857711	0.0127683014	0.0912008936	-0.0698482197	0.00277714	0.0603787833	-0.0038841136	0.0965302946	-0.1160344676	-0.0252312455	-0.017878314	0.0509480511	0.1425830731	-0.0161619569	0.0743079899	-0.0379555778	-0.1220030341	0.1159744915	-0.106146603	0.092841332	-0.0764945617	0.0	-0.1094	0.010232	0.000104693824	0.0119683599999999	-0.0160501	-0.00972734	0.00025760571001	9.46211434756e-05	0.214619	0.0102669999999999	0.046061315161	0.0001054112889999	0.00181634	-0.0001945699999999	3.785748489999992e-08	3.2990909956000004e-06	-0.00142338	0.00032981	1.0877463610000004e-07	2.0260106244e-06	-0.000214247	2.6781e-05	4.5901777009e-08	7.17221961e-10
5388.471793406965	-13.377596158163216	178.9600789709032	29035628.268342476	11445.692266810662	-19.5308265427866	131003871.46652938	381.4531854444176	4965.492245706135	-9.145639995497731	24656113.242167752	83.64273092724774	5011.516502603281	9606.070612029192	1.229824	40.679867	0.03637317	0.0186769	0.1130857478	-0.0596307013	-0.1131105234	-0.1236303782	0.0270230972	-0.1012607141	0.0368215136	0.1528432699	0.0599421917	0.1336390487	0.1019106057	-0.041111459	0.0143175969	0.0662156832	0.1332127046	-0.0909126791	-0.1276679167	0.0949333683	-0.113449673	-0.058708698	0.1015370783	0.1528895571	0.029487118	0.0363268578	-0.0223582783	0.0001007529	-0.0427000143	0.0257483616	0.0187219914	-0.0099990045	-0.116469641	-0.0697497313	0.0537450145	0.0301387084	0.1199599288	-0.0643834283	-0.0153813454	-0.0624553134	0.0155951202	0.0178299868	-0.0418975844	-0.0354798415	-0.045330621	0.0367043295	-0.0031256027	-0.084851023	0.0543361227	-0.143834076	0.1060559002	-0.0702622067	0.0967566646	-0.0602855157	0.05292427	-0.003067411	0.1149549735	0.1446615079	-0.0642454458	0.0476802213	0.0641405236	-0.048788815	0.089792128	-0.0580996886	-0.0196708201	-0.0258444897	-0.0716761407	0.0334504099	-0.0519787921	-0.0992282565	0.1023528041	-0.061322932	0.0051878136	-0.0369719032	0.0932879741	-0.0386604785	0.0599266962	0.027572523	0.0215300421	-0.0416463461	-0.0992590572	0.0781378114	0.0737084986	0.1180106728	-0.0504257636	-0.0009196437	0.0773504613	0.0089576757	0.0302597674	-0.0419219321	-0.0080010852	-0.0013788652	-0.0241331451	0.0619508295	-0.0482254861	0.128387332	0.1331455219	-0.0389677588	0.1093249998	-0.0318745273	0.1041863675	-0.023037739	-0.0370596484	-0.0035951075	-0.0595265927	-0.1368565036	0.0434884156	0.0923985155	-0.0641568933	0.0667804744	-0.0567275699	-0.0144582656	0.0145649154	-0.0496048059	-0.1671883386	-0.1225076612	0.1179640426	-0.1105157577	0.1003462082	-0.0877058019	0.0	-0.10928	0.0001199999999999	1.4399999999998829e-08	0.0119421184	-0.00320133	0.01284877	1.02485137689e-05	0.0001650908905129	0.223281	0.008662	0.049854404961	7.503024400000005e-05	0.00183001	1.3669999999999917e-05	1.8686889999999768e-10	3.3489366001e-06	-0.00153067	-0.00010729	1.1511144100000026e-08	2.3429506489e-06	-0.000388135	-0.000173888	1.50648778225e-07	3.0237036544e-08
5395.870279248112	7.398485841146794	54.73759274164959	29115416.070473094	11465.184965824816	19.492699014153917	131450466.30057538	379.96531485639696	4964.214843202721	-1.2774025034141232	24643429.00947421	1.631757155728669	5009.983189849406	9596.788527598956	1.159185	38.343281	0.0299671399999999	0.012929	0.0369305265	0.097479818	0.0409706911	-0.0416066129	0.145565935	-0.0564501716	-0.0578591672	0.0566697492	-0.0614465287	0.0573132948	-0.0896987553	-0.0733439611	-0.1589704557	0.0692217737	0.1152104417	-0.052539234	-0.1492108104	0.1898791476	-0.0303716316	0.1284033046	0.1731995568	-0.0216512008	-0.0831786932	0.1065789705	0.1129813033	-0.1066704813	-0.0065509532	-0.0511911267	0.0604463653	0.0270879436	-0.0269386654	0.1903332629	-0.2366864062	-0.0061477172	0.169499894	-0.0502753648	-0.0870641665	0.0147612233	0.0268794621	0.0063716198	-0.0763975225	0.0924439354	-0.0184901425	-0.0355159849	0.0639270454	-0.0663434931	0.1501312087	0.0469335378	-0.0836487367	0.0053144915	-0.0649300731	-0.0517059644	0.0390723645	0.0168649035	0.1514956775	0.0456306435	0.0065679581	0.0806719461	0.0402971991	-0.0130208461	0.0217476891	0.0839225563	-0.0496028286	-0.0692369277	0.1315488236	-0.0394047779	0.1249736718	-0.1280507158	-0.1083105403	-0.2131389433	-0.0618384391	-0.0089662641	0.0210850088	0.056614036	-0.0456578801	0.0304309922	-0.0712270562	-0.0265732613	0.1331801963	-0.2214990339	0.1192230261	0.1730311699	-0.022760079	-0.078243796	-0.0259050219	-0.0221183858	-0.0535608245	-0.0420304551	-0.1048934518	-0.003242924	0.0222670237	0.0918702813	-0.0362756333	0.0904767087	-0.063884701	-0.0261570067	-0.106155155	-0.0003968139	0.0167531334	-0.0589761395	-0.0645644611	-0.0449827972	-0.0361610153	-0.1367937422	0.0694265122	0.0328064151	0.0181699641	-0.0164681039	0.0850978317	-0.155593214	-0.0667151166	0.0661825278	-0.0230471687	-0.1229407472	0.1196780832	-0.1143042958	0.1069141789	-0.0976380941	0.0	-0.111097	-0.0018169999999999	3.301488999999997e-06	0.012342543409	0.00115356	0.00435489	1.3307006736000005e-06	1.89650669121e-05	0.230735	0.0074539999999999	0.0532386402249999	5.556211599999983e-05	0.00195672	0.0001267099999999	1.6055424099999982e-08	3.8287531584e-06	-0.00147497	5.570000000000011e-05	3.102490000000012e-09	2.1755365009e-06	-0.00024372	0.000144415	5.93994384e-08	2.0855692225e-08
5398.591428873002	2.7211496248901312	7.404655281039702	29144789.41590104	11458.915370335057	-6.269595489759013	131306741.464501	39.30782760520656	4963.526726708504	-0.6881164942169562	24636597.566749632	0.4735043096134343	5008.4755453128255	9606.32285244675	1.085515	35.906452	0.0833031599999999	0.0471935	-0.0340698898	0.1017251685	0.1348214617	0.0299017409	0.1191387277	-0.0585676464	-0.0897309676	0.1218005612	0.0765960132	-0.1605788627	0.0069643048	-0.129119434	-0.0217301757	-0.0123915817	0.0603652907	0.0065394993	-0.0902233362	0.0597327099	0.0563423825	-0.0430433338	0.032612004	0.0147298939	0.0584177601	0.0358651705	-0.05604365	-0.095987707	-0.154304165	0.0376734932	0.1334234101	-0.0413492155	0.0830426974	-0.0282131253	-0.0080677005	0.0135145156	-0.0127301272	-0.0353682697	0.0718961693	0.1603700099	0.133105819	-0.0458832475	0.0436210215	-0.0079193865	0.1206822737	0.095429195	0.0807120971	0.1349312174	0.023749383	-0.0541893106	0.012871329	-0.0403994951	0.0335860875	-0.1088443459	-0.0445917776	0.0190613573	-0.1756000125	-0.0833725184	-0.0896917372	-0.0423724503	-0.0607140041	-0.0634731071	0.066608457	-0.119514292	-0.1842383277	0.1390161358	0.020935493	-0.1110024628	-0.0280645505	-0.0176518056	-0.0189841647	0.0090075636	-0.0625398452	-0.0520571528	0.1838926237	-0.0707765054	-0.0001106412	0.1201048545	-0.0924308523	0.0788034238	-0.0019402878	-0.0163771386	-0.0075061508	-0.05351499	-0.055785686	0.0512472936	-0.1743006304	0.1212583096	0.029003222	0.0438494968	0.1039443283	-0.0447517988	-0.0760474524	0.0709870542	0.0989785705	-0.0072841399	0.0404699268	0.0197004831	-0.0745435772	-0.02870711	0.0892167701	0.0821501648	0.1731258348	0.025615373	0.0863459004	0.048299719	-0.1275312092	-0.0397820525	-0.1170165668	0.0859899794	-0.1540958776	-0.0627891241	0.1491959052	0.0225761943	0.075350127	-0.1233020394	0.1211126101	-0.1174923133	0.1124839207	-0.106146603	0.0	-0.102219	0.0088779999999999	7.881888399999994e-05	0.010448723961	-0.0272866	-0.02844016	0.00074455853956	0.0008088427008256	0.195726	-0.0350089999999999	0.038308667076	0.0012256300809999	0.00209225	0.00013553	1.8368380900000007e-08	4.3775100625e-06	-0.00142338	5.159000000000001e-05	2.661528100000001e-09	2.0260106244e-06	-0.00021132	3.24e-05	4.46561424e-08	1.04976e-09
5419.526261597187	20.93483272418507	438.26722118961015	29371264.900141586	11534.148133241635	75.2327629065785	133036573.1595615	5659.968614557454	4964.511827577911	0.9851008694076882	24646377.68616097	0.9704237229077832	5010.16504674741	9609.24630073944	1.059871	35.058205	0.0866778	0.0582266	-0.0181765869	0.1169009646	0.0873460987	0.0468210247	0.0117129819	0.154663336	-0.1376072107	0.1074753341	-0.1418199943	-0.1128721206	-0.0955900389	0.0550904695	-0.1375189785	-0.1473937034	0.1390998049	-0.063579579	0.0152281591	0.017946184	0.1232544513	0.024053458	0.1132516167	-0.0326671047	0.0377450341	0.0106461398	0.0093925518	0.0001505417	-0.0724571286	0.1114614286	-0.0281948724	-0.1133000744	-0.0902001558	-0.0292428156	0.0519703368	-0.1619494732	-0.0845384799	0.0897092675	0.0118977423	-0.082765185	-0.0845271422	0.0909408282	0.0030100405	-0.0659270885	0.1760499049	-0.0481920467	0.0411924951	-0.0534872897	0.0810544578	0.1018198624	0.0524281455	0.1772177322	0.0492801182	0.0515343081	0.112104164	0.03175201	-0.1039593777	0.0819934102	0.0126759642	0.0458657933	0.0167659744	0.0980875701	0.1767415003	0.0176595509	0.0439699237	-0.0072590911	-0.0333525782	-0.089249882	0.0051282479	-0.086459124	-0.0862143054	-0.0275188468	-0.0441380452	-0.0128389525	0.0381937838	-0.0699855712	0.0924204427	0.0111956406	0.0388883851	-0.1092364959	-0.0475079897	0.007791905	-0.2103415366	-0.0238950084	0.0660563559	-0.0136572942	0.0878631817	0.0127509678	0.0021422808	0.0374529079	0.0458258734	-0.1944251219	0.0186798483	-0.0111195321	-0.0591868624	0.1321349267	-0.0963033431	0.0945810461	0.0519193009	0.1433570002	-0.0592792661	-0.0884473091	0.083661326	0.1762041446	0.0320048647	-0.0169369235	0.0491321082	-0.0109026874	0.057072489	0.1600316845	0.0398021824	0.0247009102	-0.0171607139	-0.0306077926	-0.1105889142	-0.1235913266	0.1222642728	-0.1200630614	0.1170034304	-0.1131072554	0.0	-0.107848	-0.0056289999999999	3.1685640999999945e-05	0.011631191104	0.0274224	0.054709	0.0007519880217599	0.002993074681	0.191872	-0.003854	0.0368148643839999	1.4853316000000186e-05	0.00170459	-0.0003876599999999	1.5028027559999998e-07	2.9056270681e-06	-0.00142338	0.0	0.0	2.0260106244e-06	-0.000149264	6.2056e-05	2.2279741696e-08	3.850947136e-09
5423.650258029867	4.123996432679633	17.007346576754337	29415982.12142744	11558.603368404563	24.455235162928147	133601311.82809332	598.0585268741173	4967.737743334651	3.225915756739596	24678418.28655165	10.4065324695808	5012.610549827224	9691.165156922809	1.21904	40.32317	0.22061619	0.117206	-0.0341629852	0.0976355138	0.0756883442	0.1633051197	-0.0518119956	0.3565009457	0.194778845	0.0023378124	0.0225047731	-0.0870643958	-0.0447264731	0.006281883	0.029989937	-0.0852166898	-0.1914530402	0.1082160099	0.1853242923	-0.1643289099	0.0662176605	-0.1885755098	-0.2250480769	0.0108181021	-0.3258893329	-0.1590580654	0.0957530052	0.1794947567	0.0339701812	-0.0296961419	0.0518425058	0.0564603166	-0.0036161206	0.0586301273	0.040400238	0.0461894311	-0.0804852394	0.0050534086	-0.0658887718	-0.0699010715	0.0113345675	-0.0956253076	0.0394906883	-0.1498222133	0.0510744454	0.0158829597	0.0457662167	-0.0056607975	-0.1872747149	0.0599429721	-0.0861496815	0.0339937302	-0.1967867612	0.0240042987	-0.0383843513	-0.0711553283	-0.140036745	-0.1065485677	0.1696102727	0.0638923031	0.0339650227	-0.0690545737	-0.0061473959	-0.0083079294	-0.1076831873	-0.0163185107	0.0065966016	0.0826169823	-0.1563221264	0.2567286019	0.0750053524	-0.1019461889	0.2448354976	0.192568067	-0.2355971132	-0.0588714711	-0.0351947484	0.0762556221	-0.0254534071	-0.020282842	0.0354452912	0.0381858234	0.0454410942	-0.0830160731	0.0312448607	-0.0451698994	0.0750516793	0.0546952552	-0.0706082613	0.0016162963	0.1671798208	0.0503857914	-0.0379027235	-0.0026422047	-0.0966680806	-0.2448870515	-0.057305159	0.0422688734	-0.120430441	-0.0852975877	-0.0915983838	-0.0196408795	0.0495325419	0.0522207893	-0.0283309824	0.1918208855	0.0994862048	-0.049435739	-0.0258910604	-0.0698229597	-0.0178128456	-0.1075899231	0.0532450847	0.0275274282	-0.084253392	-0.1238084399	0.1231303817	-0.1220030341	0.1204305106	-0.1184185493	0.0	-0.0865516	0.0212963999999999	0.0004535366529599	0.00749117946256	-0.00657894	-0.03400134	4.32824515236e-05	0.0011560911217955	0.0878464999999999	-0.1040255	0.0077170075622499	0.01082130465025	0.00103394	-0.00067065	4.497714225000001e-07	1.0690319235999995e-06	-0.00142338	0.0	0.0	2.0260106244e-06	0.000405945	0.000555209	1.64791343025e-07	3.08257033681e-07
5400.080714028206	-23.569544001660688	555.5234044462193	29160871.718019377	11497.542131297148	-61.06123710741485	132193475.06095298	3728.474677087937	4962.03662917124	-5.701114163411148	24621807.50923708	32.5027027042472	5006.747299399306	9643.117289183308	1.14409	37.843971	0.09143751	0.0477713	-0.0715719915	0.0825106615	-0.065460976	0.132773454	0.0229021456	0.1209479857	0.037799883	0.0664642453	0.2276936377	0.1236171295	-0.0761163177	0.189366299	-0.0835068486	-0.0802196078	-0.1650305857	0.001776912	0.1105013012	0.0925412419	0.1034905327	0.0509587304	-0.1087355556	-0.083957986	-0.0942866586	0.1844794714	0.0313528373	0.1649853281	-0.0322653855	0.0280374352	-0.0645912311	0.0349726628	-0.0640916874	-0.1422166931	-0.1063287985	-0.0302326066	-0.01766148	-0.1296919924	-0.0339668095	-0.0958051731	-0.0775152725	0.0163117683	-0.0434264746	-0.0909796462	0.0254664642	0.1472871161	-0.0442317753	-0.0386487666	-0.023914565	-0.0920136627	-0.1055033432	-0.0525419834	0.2026724516	0.0724842051	-0.0065831747	0.0166340412	0.0358620145	-0.0713530221	-0.1064949867	0.0569704021	0.0537176498	-0.0157196538	0.0140964421	0.0222723689	0.0737379654	-0.0308164062	0.0934372054	-0.0931208239	0.0342044273	0.1340652675	-0.0692587392	-0.0645217805	0.0364364489	-0.1471026813	-0.1997097581	-0.1147566221	0.0231515133	-0.0647082948	0.0148722476	-0.0291800549	-0.1531704295	-0.0831306333	0.000484098	0.0277937051	-0.1316306853	-0.009131467	0.1169372817	-0.0731020573	0.0659450635	-0.0338293419	0.0722320715	0.0210768916	-0.1609864099	-0.0076098677	-0.028744797	-0.0340986138	-0.0156611083	-0.166480634	0.1290069316	0.1197980287	-0.0079839446	0.076717782	0.0851625914	-0.0842884905	0.0106442923	-0.0864108187	-0.0129089247	0.0719417633	-0.0550810597	-0.0236898357	0.0428735006	0.0525870733	-0.1254432672	-0.0042655385	0.0861560333	-0.1239532527	0.1237089139	-0.1233020394	0.1227331636	-0.1220030341	0.0	-0.0864183	0.0001333	1.7768890000000764e-08	0.00746812257489	-0.0195579	-0.01297896	0.0003825114524099	0.0001684534026815	0.121063	0.0332165000000001	0.014656249969	0.00110333587225	0.0017011	0.00066716	4.4510246560000027e-07	2.89374121e-06	-0.00142338	0.0	0.0	2.0260106244e-06	0.00017093	-0.000235015	2.92170649e-08	5.5232050225000006e-08
5382.358401643787	-17.72231238441873	314.08035625092145	28969781.963745464	11463.644375370946	-33.89775592620208	131415142.36497392	1149.0578568323683	4951.004337398078	-11.032291773161887	24512443.94893458	121.71146176817544	4995.579929805111	9556.259178492604	1.25292	41.443832	0.07152499	0.0402045	-0.1169438968	-0.0891931385	-0.0304091968	0.1136004347	-0.0095085254	-0.1462178089	0.0990048324	0.1978952988	0.173400327	0.1740851011	-0.038709902	-0.0196643118	0.0023582807	-0.1962102994	-0.1252835068	0.1390721662	-0.125867554	0.0165949132	0.0029248518	-0.0268418336	-0.2016155378	-0.080925203	0.1541629246	0.0100458722	-0.0681356688	0.0355631901	0.0005187971	-0.0440008277	0.0302911934	0.0598444693	-0.0168217436	-0.0903327848	-0.0038107198	-0.0828645168	0.0090315793	0.0051783101	-0.1188020905	-0.1336458203	-0.0417522856	-0.0360060619	0.0419912312	-0.0065907882	-0.0623821655	-0.1007589636	-0.0635441917	0.0561225685	-0.0484231048	0.0620324633	-0.0358108036	0.0110112544	-0.0071526746	-0.1148331421	0.0273537269	-0.0314191222	0.0578992922	-0.0436632491	0.1155262828	0.0240657093	-0.0538349518	0.1324090386	0.0391427948	0.0224554357	0.0312861086	0.0291354803	-0.0154986862	0.0097962019	-0.0326685501	0.1549548422	0.0301471358	0.1982142147	-0.0860029128	-0.0607970332	-0.0729583571	-0.0154758345	-0.0450064741	0.023169526	-0.0399593054	-0.0023015069	-0.0973657927	-0.016546433	-0.0657994941	0.0241683479	0.0061617218	-0.1462673057	0.1471990487	-0.0364564159	-0.0587250901	0.0083958346	-0.0015415137	0.059645194	0.0799295273	-0.09191175	0.0229530626	-0.0695745083	-0.0003974144	0.0597818226	-0.0870534837	-0.0085441541	0.0861478119	-0.0456280679	-0.001421929	-0.1162245309	-0.0100874367	0.0053356725	0.1121165758	-0.0728923297	0.0821101332	0.1006311958	0.0150159781	0.0421006994	-0.0197913181	-0.0328562549	0.1943202803	-0.1240256802	0.1239985182	-0.1239532527	0.1238898902	-0.1238084399	0.0	-0.082249	0.0041693	1.7383062490000007e-05	0.006764898001	0.00351029	0.02306819	1.23221358841e-05	0.000532141389876	0.152929	0.031866	0.023387279041	0.001015441956	0.00174173	4.062999999999983e-05	1.6507968999999863e-09	3.0336233929e-06	-0.00132911	9.42699999999998e-05	8.886832899999965e-09	1.7665333921000002e-06	0.00028446	0.00011353	8.09174916e-08	1.2889060900000002e-08
